C00001,36094419,28.23,6.67,M3d
C00002,36040665,12.29,6.56,M1
C00003,36007922,2.33,18.40,M1
C00004,36028181,8.58,10.16,M2
C00005,36022441,6.82,16.33,M3s
C00006,36056465,17.04,1.91,M2
C00007,36092394,27.75,7.83,M3d
C00008,36080442,24.11,24.67,M3s
C00009,36045121,13.64,0.52,M3h
C00010,36053154,16.09,22.55,M2
C00011,36078490,23.48,15.11,M1
C00012,36078054,23.51,4.70,M3d
C00013,36002466,0.86,6.89,M3d
C00014,36016418,4.84,9.88,M2
C00015,36006089,1.92,6.84,M3d
C00016,36059842,17.71,5.50,M2
C00017,36054487,16.29,21.57,M3s
C00018,36063415,19.05,21.62,M3d
C00019,36047771,14.16,16.93,M1
C00020,36080323,24.29,2.94,M3d
C00021,36082949,24.73,10.93,M2
C00022,36047690,14.16,0.24,M3d
C00023,36021050,6.51,28.47,M3d
C00024,36047197,14.23,0.61,M1
C00025,36079360,23.70,27.29,M1
C00026,36071027,21.56,0.94,M1
C00027,36061738,18.59,22.60,M1
C00028,36085766,25.56,13.68,M3d
C00029,36015378,4.55,2.65,M3d
C00030,36086697,25.90,18.80,M2
C00031,36020058,6.03,7.16,M1
C00032,36050067,15.05,23.78,M2
C00033,36061825,18.59,10.72,M3d
C00034,36044119,13.34,15.92,M3h
C00035,36007479,2.39,0.89,M3d
C00036,36016886,5.03,20.06,M3s
C00037,36022666,6.89,22.99,M3d
C00038,36006265,1.95,9.47,M2
C00039,36093791,28.11,28.15,M2
C00040,36084266,25.34,27.31,M3d
C00041,36032138,9.85,18.29,M2
C00042,36040060,12.19,7.13,M3s
C00043,36003606,1.20,8.22,M2
C00044,36040563,12.26,24.79,M3h
C00045,36066965,20.01,7.25,M3s
C00046,36095763,28.51,3.56,M1
C00047,36048738,14.48,23.51,M1
C00048,36044771,13.46,10.03,M3h
C00049,36055627,16.53,23.57,M2
C00050,36041735,12.38,2.16,M3s
C00051,36090358,27.10,13.42,M3s
C00052,36000945,0.24,0.88,M3s
C00053,36086515,25.94,15.10,M2
C00054,36066243,19.92,24.22,M3h
C00055,36086276,26.01,1.34,M3d
C00056,36062790,18.73,13.51,M3d
C00057,36022224,6.62,9.88,M3s
C00058,36072017,21.79,4.13,M2
C00059,36084981,25.29,7.99,M3h
C00060,36050313,15.24,22.73,M3s
C00061,36008911,2.50,9.33,M3e
C00062,36073593,22.02,21.12,M3s
C00063,36068416,20.45,28.22,M3h
C00064,36098331,29.67,4.09,M3d
C00065,36089968,26.98,16.42,M3h
C00066,36028576,8.58,21.71,M3d
C00067,36015017,4.55,19.44,M1
C00068,36099649,29.99,2.24,M3d
C00069,36082081,24.85,22.98,M2
C00070,36015909,4.63,25.33,M3d
C00071,36026266,7.93,13.86,M3e
C00072,36090445,27.13,16.15,M1
C00073,36021612,6.42,23.09,M3s
C00074,36061651,18.34,26.68,M2
C00075,36039397,11.77,25.88,M2
C00076,36096686,28.92,23.81,M3d
C00077,36033044,10.02,13.59,M3s
C00078,36089671,26.88,0.95,M3s
C00079,36037672,11.38,3.33,M3s
C00080,36077809,23.18,17.61,M3d
C00081,36045778,13.66,12.29,M2
C00082,36035228,10.64,16.49,M3d
C00083,36060097,18.07,15.59,M3d
C00084,36055280,16.51,5.93,M1
C00085,36016910,5.04,13.06,M3h
C00086,36096803,28.89,20.55,M3d
C00087,36008493,2.55,11.44,M3s
C00088,36070407,21.03,7.99,M2
C00089,36075802,22.73,5.08,M3e
C00090,36053372,16.09,9.13,M3d
C00091,36035069,10.76,17.24,M2
C00092,36084631,25.31,11.49,M2
C00093,36030420,9.12,18.63,M3e
C00094,36028388,8.60,24.40,M3s
C00095,36015480,4.77,11.61,M1
C00096,36005920,1.74,27.20,M1
C00097,36036068,10.87,9.51,M3h
C00098,36018335,5.65,7.82,M3e
C00099,36069975,20.79,4.01,M2
C00100,36097514,29.34,9.15,M3s
C00101,36056107,16.81,14.59,M3d
C00102,36009301,2.74,0.01,M3h
C00103,36006859,2.03,14.39,M3h
C00104,36027797,8.19,10.87,M1
C00105,36049468,14.78,25.63,M3d
C00106,36013911,4.13,28.94,M3h
C00107,36004005,1.39,12.46,M3d
C00108,36042747,12.68,29.75,M2
C00109,36019657,5.93,23.38,M2
C00110,36052798,15.67,5.90,M3e
C00111,36082934,24.63,15.19,M2
C00112,36099602,29.95,17.72,M3e
C00113,36030873,9.01,24.19,M3h
C00114,36054896,16.42,14.67,M3d
C00115,36054883,16.29,2.30,M2
C00116,36009810,2.98,8.07,M3s
C00117,36095089,28.58,1.08,M1
C00118,36077368,23.15,28.93,M3d
C00119,36080351,24.18,2.84,M2
C00120,36021030,6.42,29.63,M3h
C00121,36004142,1.25,29.99,M3s
C00122,36090383,27.29,8.50,M1
C00123,36018401,5.60,25.43,M3d
C00124,36087735,26.26,3.20,M3d
C00125,36088753,26.56,15.77,M3d
C00126,36037824,11.10,5.34,M3d
C00127,36049102,14.82,1.87,M3e
C00128,36045902,13.62,7.78,M2
C00129,36024206,7.30,14.46,M3s
C00130,36061541,18.57,27.22,M3d
C00131,36076892,22.89,12.36,M2
C00132,36078563,23.41,22.55,M3h
C00133,36035640,10.76,17.34,M2
C00134,36035109,10.75,13.58,M3d
C00135,36053661,16.03,19.27,M3s
C00136,36059532,17.79,19.44,M3h
C00137,36089467,26.72,18.83,M3d
C00138,36059948,17.73,22.06,M3s
C00139,36049052,14.86,22.03,M3h
C00140,36080001,24.16,9.98,M2
C00141,36043567,13.07,9.28,M3s
C00142,36095241,28.55,18.13,M1
C00143,36015613,4.71,22.10,M3h
C00144,36008984,2.67,19.81,M2
C00145,36010712,3.11,18.21,M3d
C00146,36088566,26.62,27.42,M1
C00147,36035545,10.61,16.42,M2
C00148,36053992,16.10,6.12,M2
C00149,36024076,7.44,0.19,M3s
C00150,36089285,26.96,13.93,M3e
C00151,36078705,23.62,11.23,M3e
C00152,36039009,11.89,23.07,M3d
C00153,36009692,2.74,27.69,M3s
C00154,36041551,12.54,0.70,M3h
C00155,36061402,18.48,7.49,M3h
C00156,36081232,24.53,8.36,M3d
C00157,36065203,19.50,24.47,M2
C00158,36033799,9.99,22.25,M3h
C00159,36000450,0.16,23.21,M3d
C00160,36061471,18.33,22.51,M2
C00161,36089995,26.99,5.73,M3s
C00162,36081369,24.56,14.77,M2
C00163,36070558,21.28,20.06,M3s
C00164,36083446,25.18,12.78,M1
C00165,36083262,25.13,9.01,M2
C00166,36016833,4.85,1.27,M1
C00167,36064355,19.32,21.22,M2
C00168,36076432,23.10,29.62,M2
C00169,36001308,0.44,15.09,M1
C00170,36041090,12.41,22.90,M2
C00171,36095825,28.63,25.08,M3s
C00172,36004429,1.26,7.65,M3d
C00173,36045483,13.64,27.20,M1
C00174,36021439,6.53,6.92,M3s
C00175,36045042,13.77,24.55,M3d
C00176,36011669,3.45,5.25,M3d
C00177,36067688,20.13,21.96,M1
C00178,36044123,13.46,4.32,M3e
C00179,36029081,8.84,8.70,M1
C00180,36095627,28.56,10.81,M1
C00181,36006138,1.99,20.24,M1
C00182,36006135,1.99,7.90,M3d
C00183,36041930,12.34,14.33,M3s
C00184,36082926,24.67,21.67,M2
C00185,36078501,23.40,11.90,M2
C00186,36050448,15.12,4.71,M3s
C00187,36010751,3.12,21.75,M2
C00188,36016453,5.05,28.92,M3h
C00189,36091049,27.43,16.74,M3s
C00190,36086617,25.90,4.37,M2
C00191,36008064,2.43,14.84,M3h
C00192,36088289,26.54,23.13,M3h
C00193,36078817,23.45,10.90,M2
C00194,36023532,7.20,25.12,M1
C00195,36022453,6.66,15.21,M2
C00196,36046002,13.96,1.55,M3e
C00197,36051029,15.59,17.86,M3h
C00198,36002833,0.75,16.50,M2
C00199,36019441,5.74,14.30,M3d
C00200,36019328,5.87,20.39,M2
C00201,36081392,24.31,19.31,M3s
C00202,36075681,22.58,2.21,M3h
C00203,36028099,8.64,20.17,M2
C00204,36075341,22.75,19.56,M2
C00205,36013466,4.11,3.50,M3d
C00206,36037090,11.16,18.52,M3d
C00207,36004176,1.37,3.57,M1
C00208,36090707,27.02,10.52,M1
C00209,36084650,25.49,20.43,M3s
C00210,36087494,26.34,19.29,M3e
C00211,36086562,25.85,29.52,M3d
C00212,36046810,13.85,27.56,M2
C00213,36008514,2.56,19.17,M3e
C00214,36088571,26.47,15.59,M1
C00215,36068992,20.63,15.71,M3s
C00216,36012506,3.68,27.41,M2
C00217,36075453,22.75,3.12,M3d
C00218,36059462,17.96,14.60,M3d
C00219,36025595,7.54,26.36,M2
C00220,36067209,20.18,1.99,M3e
C00221,36035034,10.70,5.63,M1
C00222,36003079,1.13,3.37,M3d
C00223,36097745,29.25,4.31,M2
C00224,36089864,26.93,27.77,M3d
C00225,36045560,13.59,1.19,M3d
C00226,36046854,13.87,10.84,M2
C00227,36039964,11.73,17.05,M2
C00228,36008218,2.61,15.75,M2
C00229,36042661,12.85,16.76,M3d
C00230,36067131,20.32,20.74,M3h
C00231,36080269,24.25,27.23,M2
C00232,36072478,21.63,29.54,M3d
C00233,36046571,13.85,19.56,M3e
C00234,36035418,10.52,17.53,M3s
C00235,36098224,29.43,16.73,M3s
C00236,36077472,23.21,22.96,M3d
C00237,36066597,19.94,17.74,M3h
C00238,36041660,12.36,16.06,M3e
C00239,36039093,11.99,16.26,M2
C00240,36029295,8.74,8.81,M2
C00241,36024227,7.23,29.65,M3h
C00242,36067848,20.20,3.85,M2
C00243,36049861,14.71,29.17,M3s
C00244,36026388,7.81,7.86,M3d
C00245,36086244,25.89,13.86,M3s
C00246,36082663,24.86,17.62,M3d
C00247,36028387,8.69,5.58,M3s
C00248,36095333,28.72,5.27,M1
C00249,36075711,22.72,13.64,M3d
C00250,36007260,2.10,18.70,M3d
C00251,36044508,13.44,11.78,M2
C00252,36012334,3.71,28.69,M2
C00253,36094073,28.46,1.88,M1
C00254,36001801,0.32,2.31,M3e
C00255,36003047,1.15,22.76,M1
C00256,36024169,7.45,18.92,M3d
C00257,36015226,4.70,24.20,M3d
C00258,36039396,11.96,15.54,M3d
C00259,36084402,25.36,26.97,M3d
C00260,36024837,7.45,12.97,M2
C00261,36006579,1.84,20.84,M2
C00262,36072239,21.66,22.21,M3d
C00263,36013039,4.15,12.57,M1
C00264,36077400,23.12,14.00,M1
C00265,36057682,17.20,22.72,M3h
C00266,36006683,1.95,12.67,M3e
C00267,36013160,4.16,17.32,M3d
C00268,36057249,17.12,24.08,M2
C00269,36046853,14.04,3.65,M2
C00270,36064820,19.43,26.95,M1
C00271,36046716,14.02,13.98,M2
C00272,36005198,1.50,13.91,M2
C00273,36054297,16.24,16.47,M3s
C00274,36038244,11.41,28.95,M1
C00275,36024967,7.40,14.80,M3h
C00276,36000664,0.12,28.54,M3e
C00277,36090266,27.19,20.43,M3s
C00278,36010806,3.27,2.74,M2
C00279,36060295,18.11,10.72,M3h
C00280,36053349,16.14,0.34,M2
C00281,36008099,2.49,24.62,M3h
C00282,36027883,8.29,26.68,M3e
C00283,36003816,1.18,15.64,M3s
C00284,36038077,11.61,15.61,M3s
C00285,36038002,11.47,4.46,M3s
C00286,36068046,20.66,28.79,M3d
C00287,36050947,15.24,8.62,M3e
C00288,36091632,27.57,12.08,M3s
C00289,36095021,28.70,7.10,M3e
C00290,36028712,8.64,24.14,M3s
C00291,36060004,18.08,15.69,M3h
C00292,36020671,6.29,10.25,M3s
C00293,36008178,2.70,10.57,M1
C00294,36014687,4.35,21.61,M1
C00295,36053975,15.98,14.33,M2
C00296,36059352,17.94,13.08,M3s
C00297,36083830,25.16,24.11,M1
C00298,36086435,25.86,29.37,M3e
C00299,36018475,5.66,9.77,M3h
C00300,36027508,8.37,11.57,M1
C00301,36059918,17.81,21.94,M3d
C00302,36078052,23.65,12.16,M3d
C00303,36068390,20.49,9.68,M3s
C00304,36072140,21.87,19.16,M3d
C00305,36063648,19.15,12.87,M3d
C00306,36009708,2.96,3.99,M3s
C00307,36076421,22.81,0.11,M3h
C00308,36073940,22.18,16.15,M3e
C00309,36024132,7.23,23.63,M1
C00310,36098695,29.50,21.03,M2
C00311,36013260,4.05,29.26,M3s
C00312,36045821,13.65,22.34,M3h
C00313,36010521,3.14,12.36,M3d
C00314,36027812,8.24,2.31,M3d
C00315,36059558,17.93,15.70,M3s
C00316,36073182,21.94,13.04,M2
C00317,36012974,3.81,20.58,M3h
C00318,36015013,4.76,2.33,M3e
C00319,36026233,7.99,20.19,M1
C00320,36068969,20.46,11.62,M3d
C00321,36091616,27.54,20.01,M3h
C00322,36089122,26.95,25.58,M2
C00323,36025318,7.61,20.12,M3d
C00324,36082470,24.63,18.28,M2
C00325,36017670,5.20,25.76,M3d
C00326,36020283,6.10,27.83,M3e
C00327,36052956,15.73,7.78,M2
C00328,36076901,23.07,20.74,M3d
C00329,36037273,11.28,1.12,M3e
C00330,36006959,2.05,22.72,M3d
C00331,36003067,1.19,29.90,M3s
C00332,36080500,24.03,9.55,M3s
C00333,36048185,14.57,7.74,M3d
C00334,36003824,1.06,23.80,M3s
C00335,36055162,16.52,4.36,M1
C00336,36020140,6.17,18.02,M1
C00337,36026532,7.88,15.36,M2
C00338,36034541,10.28,18.42,M1
C00339,36027605,8.38,11.13,M3s
C00340,36040170,12.18,28.68,M3d
C00341,36019778,5.70,3.54,M3e
C00342,36050306,15.22,3.55,M1
C00343,36096757,29.10,26.49,M3e
C00344,36054942,16.28,12.68,M2
C00345,36047224,14.22,1.63,M2
C00346,36030267,9.19,27.74,M2
C00347,36083300,25.15,20.83,M1
C00348,36038864,11.68,21.40,M1
C00349,36032452,9.78,5.81,M2
C00350,36050019,15.22,25.41,M1
C00351,36062598,18.88,11.49,M3d
C00352,36016510,4.91,9.21,M1
C00353,36015369,4.57,0.58,M3s
C00354,36062428,18.88,10.88,M3d
C00355,36063438,19.16,12.34,M3h
C00356,36073320,22.09,13.04,M3d
C00357,36000714,0.16,8.20,M3d
C00358,36032893,9.81,16.00,M2
C00359,36090657,27.04,6.57,M2
C00360,36033043,10.01,15.84,M3s
C00361,36027065,8.15,19.12,M3h
C00362,36085246,25.57,15.04,M3s
C00363,36081622,24.34,14.63,M2
C00364,36001328,0.32,13.26,M3h
C00365,36092956,27.79,25.71,M1
C00366,36091823,27.49,6.69,M3d
C00367,36028974,8.63,20.36,M3d
C00368,36051793,15.53,5.79,M2
C00369,36075702,22.59,10.75,M3d
C00370,36036207,11.01,17.84,M2
C00371,36083213,24.98,7.48,M2
C00372,36030972,9.21,6.01,M2
C00373,36005088,1.55,10.01,M3d
C00374,36057061,17.40,26.31,M3d
C00375,36010176,3.11,5.21,M3h
C00376,36097378,29.32,9.70,M1
C00377,36090049,27.28,28.37,M3e
C00378,36071069,21.54,0.45,M3d
C00379,36083322,25.01,1.84,M3d
C00380,36065236,19.76,0.78,M3s
C00381,36098178,29.56,3.18,M1
C00382,36058766,17.48,10.40,M3s
C00383,36024459,7.42,16.95,M3h
C00384,36013833,3.91,5.24,M2
C00385,36035696,10.78,16.79,M2
C00386,36081384,24.41,19.79,M1
C00387,36037423,11.34,15.99,M3h
C00388,36023173,7.13,3.76,M1
C00389,36044290,13.41,15.62,M3d
C00390,36005435,1.52,10.53,M2
C00391,36024697,7.50,21.14,M3e
C00392,36040242,12.16,21.45,M3h
C00393,36038591,11.70,4.18,M1
C00394,36036943,10.87,7.12,M3d
C00395,36043853,12.95,9.35,M3d
C00396,36027913,8.19,19.99,M2
C00397,36012465,3.83,21.99,M3e
C00398,36002816,0.63,18.54,M2
C00399,36084386,25.43,24.11,M2
C00400,36082520,24.73,8.20,M3h
C00401,36047708,14.11,6.08,M3d
C00402,36000193,0.17,1.68,M1
C00403,36082052,24.62,6.21,M3d
C00404,36086996,26.06,23.08,M1
C00405,36033557,10.06,5.31,M3d
C00406,36000281,0.06,12.15,M3h
C00407,36059560,17.70,27.33,M3s
C00408,36068349,20.41,19.96,M3d
C00409,36078889,23.63,5.46,M3e
C00410,36081703,24.44,10.93,M2
C00411,36079005,23.92,2.96,M3s
C00412,36006848,1.99,15.67,M3s
C00413,36077813,23.15,0.97,M2
C00414,36072909,21.66,8.25,M1
C00415,36081133,24.46,3.43,M1
C00416,36071817,21.46,3.67,M2
C00417,36029990,8.81,11.10,M2
C00418,36064619,19.24,3.09,M1
C00419,36097689,29.12,2.21,M3d
C00420,36039709,11.91,20.70,M3s
C00421,36088615,26.59,12.86,M1
C00422,36096038,29.06,25.10,M2
C00423,36036893,11.10,1.75,M3s
C00424,36038833,11.51,4.22,M3e
C00425,36017413,5.23,28.03,M1
C00426,36033067,9.95,18.72,M3d
C00427,36006097,1.91,6.41,M1
C00428,36095272,28.77,15.51,M2
C00429,36026934,7.96,8.39,M2
C00430,36078214,23.69,2.47,M3s
C00431,36099924,29.73,15.88,M3d
C00432,36040823,12.28,26.28,M3d
C00433,36062438,18.61,12.69,M2
C00434,36059860,17.84,19.74,M3d
C00435,36082205,24.74,0.61,M1
C00436,36066931,20.03,23.76,M3d
C00437,36037331,11.32,12.01,M2
C00438,36059548,17.86,25.73,M3h
C00439,36073178,22.19,27.79,M3h
C00440,36082841,24.64,27.84,M1
C00441,36097740,29.29,7.94,M3d
C00442,36082721,24.89,26.76,M1
C00443,36082545,24.89,27.91,M3d
C00444,36027152,8.33,6.60,M3e
C00445,36075852,22.53,23.69,M2
C00446,36023179,7.08,24.87,M2
C00447,36085840,25.50,5.76,M3s
C00448,36003834,1.07,16.64,M3s
C00449,36081039,24.46,26.95,M3d
C00450,36081350,24.59,26.42,M1
C00451,36043412,13.01,18.66,M3h
C00452,36017748,5.35,15.05,M3h
C00453,36078829,23.50,8.78,M1
C00454,36012025,3.74,28.84,M3d
C00455,36046641,13.94,0.98,M3d
C00456,36002691,0.67,16.58,M3d
C00457,36099167,29.84,28.74,M3e
C00458,36052960,15.87,7.31,M2
C00459,36097130,29.23,12.93,M3s
C00460,36085908,25.75,4.84,M3d
C00461,36052844,15.71,26.07,M3s
C00462,36037037,11.14,3.91,M3s
C00463,36008869,2.65,20.53,M3d
C00464,36094336,28.25,0.00,M2
C00465,36046787,13.96,8.19,M2
C00466,36082199,24.85,1.49,M2
C00467,36014227,4.45,26.68,M3d
C00468,36063009,19.01,15.42,M3d
C00469,36049529,14.73,28.39,M3e
C00470,36081140,24.38,12.08,M3d
C00471,36006563,2.04,1.28,M3s
C00472,36023860,7.11,3.92,M3h
C00473,36038734,11.46,8.54,M2
C00474,36023421,7.16,15.47,M3d
C00475,36039882,11.91,12.08,M1
C00476,36078995,23.60,8.42,M2
C00477,36039976,11.72,1.42,M3e
C00478,36016638,4.91,20.48,M3s
C00479,36077722,23.15,13.41,M1
C00480,36046664,13.95,25.41,M3d
C00481,36082815,24.86,27.18,M3h
C00482,36020968,6.14,0.09,M2
C00483,36062770,18.66,13.65,M3e
C00484,36094697,28.25,20.64,M2
C00485,36080286,24.02,18.04,M3s
C00486,36040563,12.18,0.61,M2
C00487,36009176,2.76,26.30,M3d
C00488,36076254,23.00,21.23,M3d
C00489,36013460,4.04,4.31,M3h
C00490,36071220,21.34,26.76,M3h
C00491,36004585,1.42,8.73,M3h
C00492,36003617,1.16,12.64,M2
C00493,36085369,25.65,12.20,M3s
C00494,36081780,24.38,22.24,M3s
C00495,36015217,4.56,18.41,M3h
C00496,36030124,9.11,6.85,M3s
C00497,36025300,7.77,22.19,M3s
C00498,36050591,15.19,2.28,M2
C00499,36050090,15.19,9.80,M2
C00500,36097050,29.20,21.65,M3d
C00501,36037166,11.35,6.54,M3d
C00502,36005439,1.79,7.17,M2
C00503,36035972,10.66,8.66,M3s
C00504,36052922,15.64,3.56,M3e
C00505,36077990,23.26,0.33,M2
C00506,36005113,1.78,1.11,M1
C00507,36085943,25.76,28.75,M3s
C00508,36011594,3.53,3.30,M3e
C00509,36009105,2.74,16.48,M3e
C00510,36070505,21.07,18.96,M2
C00511,36093014,28.20,29.13,M3e
C00512,36077841,23.18,7.73,M3d
C00513,36004772,1.33,20.36,M3d
C00514,36001393,0.56,20.47,M3d
C00515,36018262,5.59,20.96,M3s
C00516,36004626,1.46,17.08,M1
C00517,36050174,15.03,4.09,M3s
C00518,36030893,9.06,20.51,M1
C00519,36065929,19.56,19.99,M2
C00520,36096996,29.00,10.35,M2
C00521,36067664,20.21,23.24,M1
C00522,36064692,19.48,21.14,M3s
C00523,36096742,29.08,22.88,M3s
C00524,36096937,28.92,27.76,M1
C00525,36051329,15.42,14.73,M3h
C00526,36063649,19.14,29.77,M3s
C00527,36011647,3.42,10.09,M2
C00528,36080765,24.09,10.80,M2
C00529,36015555,4.71,24.47,M1
C00530,36069719,21.00,24.38,M3e
C00531,36051662,15.35,7.29,M3d
C00532,36078058,23.49,29.13,M2
C00533,36071356,21.40,5.27,M3s
C00534,36003857,0.96,13.89,M3d
C00535,36013733,4.16,12.58,M1
C00536,36059745,17.91,12.13,M3e
C00537,36019600,5.90,8.58,M1
C00538,36026948,7.91,16.47,M1
C00539,36032383,9.81,0.79,M3h
C00540,36066988,20.04,22.88,M3d
C00541,36094040,28.29,24.72,M3s
C00542,36028002,8.45,26.54,M3h
C00543,36021440,6.35,18.71,M2
C00544,36009287,2.85,29.33,M3s
C00545,36077119,23.16,1.54,M2
C00546,36004846,1.49,27.12,M2
C00547,36047439,14.17,22.30,M3s
C00548,36021329,6.34,3.33,M1
C00549,36066965,20.00,15.56,M3d
C00550,36030593,9.13,20.85,M3d
C00551,36029262,8.74,20.34,M1
C00552,36021413,6.38,22.85,M2
C00553,36030000,9.25,5.13,M1
C00554,36079111,23.98,5.94,M2
C00555,36027391,8.23,15.82,M3e
C00556,36098930,29.44,12.78,M3d
C00557,36062479,18.72,21.35,M2
C00558,36026153,7.99,3.14,M1
C00559,36071496,21.58,19.86,M3h
C00560,36053871,16.06,29.89,M3h
C00561,36003717,1.01,17.44,M3d
C00562,36060492,18.07,2.11,M3s
C00563,36021029,6.49,21.00,M3h
C00564,36057386,17.24,5.77,M3d
C00565,36002843,0.87,13.75,M3h
C00566,36037095,11.37,25.83,M3e
C00567,36080902,24.13,29.68,M3d
C00568,36020909,6.26,9.25,M3s
C00569,36045112,13.63,4.15,M2
C00570,36043473,13.04,4.99,M1
C00571,36054388,16.36,3.34,M1
C00572,36010889,3.15,17.68,M3d
C00573,36014075,4.36,28.69,M3s
C00574,36081750,24.46,27.19,M3h
C00575,36025280,7.72,1.35,M3s
C00576,36025049,7.75,18.65,M1
C00577,36069666,20.79,1.11,M1
C00578,36073452,22.01,13.10,M3d
C00579,36005420,1.78,16.69,M1
C00580,36007813,2.25,27.70,M1
C00581,36062929,18.65,18.22,M3s
C00582,36098625,29.51,28.10,M3e
C00583,36073033,21.94,21.37,M3h
C00584,36034963,10.31,1.35,M3h
C00585,36046238,14.04,11.66,M3e
C00586,36067992,20.26,9.94,M2
C00587,36031663,9.55,13.11,M3d
C00588,36059276,17.84,20.37,M3d
C00589,36066020,20.00,23.74,M1
C00590,36094750,28.43,22.41,M3d
C00591,36066765,20.00,17.17,M2
C00592,36010383,3.02,20.04,M3d
C00593,36074038,22.24,0.02,M3d
C00594,36063471,19.13,7.54,M3s
C00595,36037680,11.33,15.05,M2
C00596,36082552,24.80,21.65,M3d
C00597,36045731,13.52,7.69,M1
C00598,36060685,18.06,29.77,M3h
C00599,36008220,2.51,7.02,M3d
C00600,36046446,13.93,4.91,M3h
C00601,36060853,18.05,22.41,M1
C00602,36041694,12.33,9.84,M2
C00603,36089834,26.99,22.44,M2
C00604,36045654,13.80,12.09,M3h
C00605,36030334,9.12,27.78,M1
C00606,36094492,28.43,0.51,M3d
C00607,36080951,24.04,10.07,M2
C00608,36059286,17.78,1.68,M3e
C00609,36028416,8.47,4.49,M2
C00610,36016098,4.82,18.12,M3s
C00611,36018159,5.65,22.20,M2
C00612,36001851,0.45,6.55,M2
C00613,36093381,28.11,14.96,M1
C00614,36089726,26.71,13.21,M2
C00615,36017675,5.25,11.88,M1
C00616,36024187,7.46,23.26,M2
C00617,36050535,15.21,25.08,M2
C00618,36048325,14.62,8.01,M2
C00619,36011903,3.36,25.69,M2
C00620,36068315,20.43,14.19,M2
C00621,36094581,28.48,6.63,M2
C00622,36036379,10.97,27.72,M3s
C00623,36080301,24.06,5.49,M2
C00624,36064702,19.28,17.65,M3s
C00625,36046901,14.03,11.39,M2
C00626,36039909,11.81,5.63,M2
C00627,36052120,15.73,2.30,M3h
C00628,36052057,15.89,2.79,M1
C00629,36092452,27.62,2.01,M3e
C00630,36021022,6.56,17.79,M3d
C00631,36027973,8.21,10.83,M3d
C00632,36046439,14.05,23.37,M3h
C00633,36087023,26.40,16.48,M3d
C00634,36001252,0.45,16.78,M1
C00635,36089137,26.88,6.92,M3d
C00636,36072429,21.82,27.12,M3h
C00637,36000913,0.12,24.23,M3h
C00638,36094895,28.31,3.04,M3d
C00639,36002855,0.73,28.80,M1
C00640,36053813,15.98,29.49,M3s
C00641,36046627,14.09,17.31,M2
C00642,36013269,4.11,5.15,M3d
C00643,36034535,10.38,20.59,M3h
C00644,36074692,22.40,4.92,M3d
C00645,36064005,19.49,14.74,M3h
C00646,36001534,0.49,19.30,M3s
C00647,36004200,1.41,14.65,M3d
C00648,36048249,14.55,18.79,M2
C00649,36017510,5.29,15.75,M3h
C00650,36080144,24.23,16.16,M3d
C00651,36018471,5.43,3.89,M3d
C00652,36068774,20.41,19.59,M3d
C00653,36071960,21.47,22.60,M2
C00654,36021561,6.51,22.93,M2
C00655,36091708,27.39,23.11,M1
C00656,36017830,5.29,17.19,M2
C00657,36025736,7.79,25.71,M1
C00658,36017807,5.22,11.96,M3s
C00659,36049814,14.90,16.15,M3s
C00660,36019236,5.93,11.33,M3d
C00661,36073133,21.92,16.86,M2
C00662,36005096,1.69,25.50,M1
C00663,36062512,18.63,2.23,M2
C00664,36021978,6.54,2.69,M3s
C00665,36067119,20.39,7.53,M2
C00666,36023474,7.17,28.92,M3d
C00667,36093754,27.91,5.88,M3d
C00668,36011259,3.31,29.85,M2
C00669,36003610,0.95,6.16,M2
C00670,36066140,19.84,20.10,M2
C00671,36052348,15.85,11.72,M3d
C00672,36003843,1.18,5.53,M1
C00673,36095934,28.65,17.73,M3d
C00674,36018752,5.50,24.45,M2
C00675,36093164,28.10,15.63,M3d
C00676,36016181,4.91,21.59,M3s
C00677,36066016,20.04,14.96,M1
C00678,36004210,1.21,5.68,M3d
C00679,36011870,3.51,20.22,M3e
C00680,36096918,28.89,3.50,M2
C00681,36098001,29.56,6.04,M3h
C00682,36047385,14.11,18.00,M1
C00683,36010041,3.06,19.70,M2
C00684,36038733,11.57,21.23,M3s
C00685,36087160,26.39,5.50,M3h
C00686,36060302,18.08,22.01,M3d
C00687,36094454,28.35,18.32,M3d
C00688,36005254,1.74,17.30,M3e
C00689,36056625,16.88,28.61,M1
C00690,36004934,1.41,10.77,M3d
C00691,36045851,13.68,2.14,M3s
C00692,36082990,24.61,9.75,M3d
C00693,36029652,8.88,8.55,M3d
C00694,36010864,3.06,18.16,M1
C00695,36014677,4.23,8.02,M1
C00696,36074186,22.49,2.72,M3s
C00697,36048973,14.51,4.98,M3e
C00698,36069410,20.98,9.69,M3s
C00699,36073681,22.15,27.31,M3s
C00700,36026010,8.02,13.70,M3d
C00701,36012733,3.80,16.79,M2
C00702,36040776,12.07,16.10,M3h
C00703,36015591,4.75,10.36,M1
C00704,36026842,7.94,6.49,M3e
C00705,36086571,26.10,16.29,M1
C00706,36022347,6.88,7.28,M2
C00707,36069538,20.92,5.04,M3e
C00708,36087245,26.20,23.10,M3d
C00709,36062513,18.77,25.30,M1
C00710,36092767,27.81,26.47,M3d
C00711,36090232,27.06,13.72,M3d
C00712,36032662,9.81,22.45,M2
C00713,36028948,8.64,9.89,M1
C00714,36016548,4.88,25.89,M2
C00715,36030733,9.29,19.76,M2
C00716,36033515,10.12,12.37,M2
C00717,36082610,24.80,14.59,M2
C00718,36046111,13.86,29.98,M1
C00719,36087452,26.31,5.03,M1
C00720,36007823,2.27,10.81,M1
C00721,36090304,27.03,24.75,M2
C00722,36049125,14.78,15.08,M3s
C00723,36003226,0.98,21.37,M3h
C00724,36064446,19.47,3.78,M2
C00725,36010045,3.15,14.29,M1
C00726,36049996,14.96,1.89,M3d
C00727,36048795,14.68,0.59,M3d
C00728,36014847,4.34,4.73,M2
C00729,36071684,21.55,18.38,M3s
C00730,36056223,16.92,26.95,M3d
C00731,36094110,28.45,11.77,M2
C00732,36007242,2.26,26.27,M3h
C00733,36052409,15.74,9.18,M3s
C00734,36070197,21.20,11.68,M3d
C00735,36071500,21.59,24.71,M3e
C00736,36002689,0.75,19.81,M1
C00737,36045043,13.76,18.93,M2
C00738,36046106,13.95,2.30,M2
C00739,36030003,9.22,20.97,M1
C00740,36080565,24.05,7.75,M3d
C00741,36088218,26.49,21.74,M3e
C00742,36053911,16.05,20.13,M3d
C00743,36005781,1.65,18.32,M3e
C00744,36032559,9.88,11.32,M3e
C00745,36073040,22.11,17.66,M3s
C00746,36043209,13.19,25.76,M1
C00747,36004361,1.34,18.53,M2
C00748,36040555,12.29,10.96,M3s
C00749,36088393,26.42,27.36,M2
C00750,36001264,0.44,26.55,M3e
C00751,36084472,25.22,4.17,M3s
C00752,36079377,23.79,17.98,M2
C00753,36009384,2.77,29.89,M3s
C00754,36095396,28.60,10.19,M1
C00755,36030340,9.28,1.71,M3h
C00756,36052981,15.79,7.57,M3h
C00757,36088579,26.57,2.40,M3h
C00758,36016846,5.07,5.48,M3s
C00759,36069500,20.83,7.11,M3d
C00760,36081742,24.30,20.10,M2
C00761,36020483,6.27,11.47,M2
C00762,36038678,11.65,21.41,M3e
C00763,36095852,28.64,22.01,M2
C00764,36080914,24.26,2.41,M1
C00765,36078385,23.62,24.07,M3s
C00766,36071857,21.33,1.90,M3e
C00767,36065110,19.53,5.89,M2
C00768,36008166,2.70,13.95,M2
C00769,36078080,23.51,29.85,M3h
C00770,36038748,11.47,20.75,M3h
C00771,36017682,5.31,10.46,M2
C00772,36042159,12.88,11.49,M3e
C00773,36045772,13.54,22.20,M3d
C00774,36058037,17.57,0.53,M3s
C00775,36038471,11.65,13.10,M3d
C00776,36045405,13.79,27.40,M3s
C00777,36002450,0.85,25.59,M2
C00778,36088256,26.65,25.50,M2
C00779,36039164,11.83,2.70,M3h
C00780,36051527,15.33,6.97,M3h
C00781,36077105,23.13,15.72,M2
C00782,36061897,18.35,15.33,M3e
C00783,36065393,19.55,19.46,M2
C00784,36067400,20.31,28.89,M3d
C00785,36065111,19.58,28.34,M3s
C00786,36036522,10.95,23.43,M3d
C00787,36038286,11.45,8.20,M3d
C00788,36080005,24.00,0.48,M3s
C00789,36040417,12.28,10.01,M3e
C00790,36094301,28.37,13.20,M3s
C00791,36027559,8.30,3.92,M1
C00792,36050807,15.19,14.50,M1
C00793,36069731,20.78,4.88,M1
C00794,36060163,18.05,15.07,M3s
C00795,36093129,28.16,2.24,M2
C00796,36068593,20.40,25.08,M3s
C00797,36063769,19.03,16.06,M3h
C00798,36043336,13.06,4.97,M1
C00799,36065645,19.79,27.31,M3d
C00800,36076884,22.94,27.74,M3h
C00801,36044845,13.38,8.99,M2
C00802,36006517,2.08,5.83,M2
C00803,36034635,10.29,25.97,M2
C00804,36003808,0.99,27.64,M1
C00805,36090999,27.05,13.84,M3d
C00806,36063045,19.03,15.89,M1
C00807,36039599,11.90,2.67,M3h
C00808,36086378,26.08,3.25,M3e
C00809,36001840,0.54,0.34,M1
C00810,36036515,10.96,19.29,M3h
C00811,36078539,23.65,20.53,M1
C00812,36068002,20.45,27.54,M3h
C00813,36092460,27.72,16.95,M2
C00814,36007681,2.18,13.80,M2
C00815,36095634,28.75,29.54,M3h
C00816,36047678,14.30,10.94,M3d
C00817,36082988,24.90,19.27,M3d
C00818,36074420,22.42,1.53,M3d
C00819,36017104,5.30,13.90,M3e
C00820,36047793,14.13,9.16,M3e
C00821,36062804,18.68,5.00,M3h
C00822,36034677,10.42,5.78,M3d
C00823,36035685,10.53,14.12,M2
C00824,36027025,8.37,23.86,M3e
C00825,36022568,6.63,19.62,M2
C00826,36057181,17.24,17.89,M1
C00827,36072581,21.79,5.77,M1
C00828,36020050,6.28,27.46,M2
C00829,36055194,16.77,23.84,M2
C00830,36081021,24.41,29.75,M3d
C00831,36035576,10.55,12.83,M3s
C00832,36039786,11.89,21.75,M3e
C00833,36006514,1.97,14.60,M3e
C00834,36044056,13.30,13.52,M3h
C00835,36093433,27.93,26.04,M2
C00836,36069461,20.92,27.62,M3e
C00837,36096030,29.08,2.81,M2
C00838,36013607,4.06,27.29,M3h
C00839,36065627,19.59,3.66,M3s
C00840,36016218,5.10,22.04,M3h
C00841,36067201,20.14,14.74,M3d
C00842,36011828,3.31,26.91,M3h
C00843,36075135,22.74,11.39,M3d
C00844,36056281,17.07,17.79,M2
C00845,36068983,20.45,6.64,M3h
C00846,36049435,14.86,14.06,M3h
C00847,36017398,5.34,0.81,M3s
C00848,36076728,22.82,6.67,M2
C00849,36025921,7.79,7.08,M3d
C00850,36018104,5.42,0.25,M2
C00851,36005324,1.58,19.47,M1
C00852,36040522,12.15,19.70,M2
C00853,36066937,20.08,15.52,M3s
C00854,36038550,11.44,20.09,M1
C00855,36041817,12.51,10.71,M1
C00856,36022703,6.75,13.08,M3s
C00857,36012218,3.84,17.62,M3d
C00858,36050403,15.20,21.73,M1
C00859,36027787,8.26,21.85,M3s
C00860,36027082,8.36,26.69,M3h
C00861,36060865,18.09,6.02,M3s
C00862,36056051,16.91,29.99,M1
C00863,36071663,21.58,9.96,M3e
C00864,36059869,17.76,17.64,M2
C00865,36091681,27.33,24.77,M1
C00866,36011325,3.54,26.78,M3s
C00867,36033118,9.94,27.89,M2
C00868,36004756,1.50,10.71,M3e
C00869,36051534,15.45,22.85,M3h
C00870,36057955,17.38,28.09,M3h
C00871,36027844,8.30,2.77,M3e
C00872,36082492,24.67,5.57,M3h
C00873,36002979,0.81,20.13,M3d
C00874,36019785,5.85,3.95,M3s
C00875,36044128,13.41,17.10,M3s
C00876,36035279,10.78,20.51,M3s
C00877,36046198,13.99,9.58,M3s
C00878,36050396,15.22,13.82,M3d
C00879,36012632,3.69,14.87,M1
C00880,36049393,14.90,3.69,M2
C00881,36008476,2.57,9.50,M3d
C00882,36050318,15.27,0.02,M3h
C00883,36037881,11.36,9.88,M2
C00884,36097594,29.20,18.92,M3s
C00885,36067226,20.13,28.10,M3e
C00886,36042874,12.63,13.43,M2
C00887,36038677,11.41,22.76,M3s
C00888,36048842,14.44,8.32,M3d
C00889,36054891,16.30,3.63,M3e
C00890,36076401,22.94,3.99,M3s
C00891,36057101,17.37,18.75,M2
C00892,36084200,25.30,23.08,M2
C00893,36090576,27.29,13.67,M3s
C00894,36024029,7.33,26.28,M2
C00895,36077354,23.37,26.48,M2
C00896,36071192,21.57,0.10,M2
C00897,36054001,16.29,28.53,M2
C00898,36050530,15.08,2.63,M2
C00899,36023117,6.95,18.59,M3d
C00900,36082102,24.64,15.59,M3d
C00901,36080174,24.02,28.87,M2
C00902,36031975,9.33,17.41,M3h
C00903,36034795,10.49,7.04,M3d
C00904,36081967,24.30,27.16,M3d
C00905,36005869,1.64,8.59,M2
C00906,36016025,4.84,5.22,M2
C00907,36099835,29.85,8.92,M1
C00908,36097347,29.15,11.07,M3d
C00909,36044648,13.42,24.89,M3e
C00910,36064765,19.33,11.22,M1
C00911,36063146,18.94,15.26,M1
C00912,36085636,25.67,3.22,M3e
C00913,36019888,5.98,10.17,M2
C00914,36039081,11.87,27.01,M3s
C00915,36067749,20.21,5.20,M2
C00916,36022676,6.83,18.14,M3d
C00917,36058008,17.69,6.76,M3d
C00918,36040373,12.24,15.01,M2
C00919,36066179,20.00,24.32,M3d
C00920,36031764,9.33,11.29,M3h
C00921,36005899,1.80,26.23,M3s
C00922,36008798,2.43,6.13,M3e
C00923,36063054,19.17,29.50,M3h
C00924,36069712,20.97,26.37,M1
C00925,36034477,10.26,12.37,M2
C00926,36044679,13.38,5.21,M3s
C00927,36001440,0.44,23.26,M1
C00928,36080303,24.29,25.12,M3s
C00929,36080090,24.25,22.42,M3d
C00930,36067614,20.16,13.04,M3s
C00931,36047132,14.20,23.87,M3d
C00932,36056118,17.04,29.28,M1
C00933,36042693,12.78,19.07,M3d
C00934,36081539,24.55,10.38,M1
C00935,36027626,8.17,16.69,M3h
C00936,36088332,26.46,2.45,M3s
C00937,36060293,18.02,0.93,M3d
C00938,36045795,13.66,24.13,M3h
C00939,36033070,10.13,11.79,M1
C00940,36029451,8.87,22.39,M2
C00941,36013181,3.98,26.57,M3h
C00942,36061109,18.45,21.51,M3d
C00943,36053409,15.90,27.51,M1
C00944,36099723,29.81,20.27,M3s
C00945,36053823,15.93,21.64,M3s
C00946,36077535,23.12,0.15,M3d
C00947,36047628,14.17,13.45,M2
C00948,36086718,26.07,5.27,M3d
C00949,36039688,11.95,28.47,M2
C00950,36023659,7.00,20.81,M3d
C00951,36093281,27.98,18.22,M3d
C00952,36057143,17.35,23.31,M1
C00953,36021478,6.58,20.14,M2
C00954,36081857,24.58,24.65,M3d
C00955,36011044,3.57,15.69,M1
C00956,36075964,22.57,0.22,M2
C00957,36035854,10.79,19.11,M3d
C00958,36053473,16.10,17.57,M2
C00959,36042754,12.73,6.28,M3d
C00960,36032722,9.60,7.84,M1
C00961,36082802,24.79,19.54,M3h
C00962,36013422,4.09,13.93,M1
C00963,36050718,15.18,3.71,M1
C00964,36008010,2.43,18.60,M3e
C00965,36032615,9.89,26.49,M3h
C00966,36009610,2.84,19.27,M3s
C00967,36000496,0.18,6.53,M3h
C00968,36020164,6.23,7.29,M3s
C00969,36062796,18.88,4.43,M2
C00970,36084132,25.34,26.58,M3d
C00971,36060381,18.06,8.66,M2
C00972,36048454,14.48,6.68,M3h
C00973,36056401,16.96,3.12,M1
C00974,36055432,16.57,14.90,M3h
C00975,36038834,11.51,10.17,M3s
C00976,36037406,11.12,0.64,M3s
C00977,36039920,11.89,19.72,M3h
C00978,36080941,24.14,17.46,M3d
C00979,36073368,22.15,20.85,M3s
C00980,36078329,23.42,16.75,M1
C00981,36043582,12.91,9.22,M3e
C00982,36087353,26.10,10.46,M3e
C00983,36013807,3.96,25.38,M3s
C00984,36046550,13.99,14.39,M1
C00985,36006728,1.94,28.72,M2
C00986,36055043,16.75,19.58,M3d
C00987,36048838,14.56,16.98,M3h
C00988,36000903,0.24,12.91,M3d
C00989,36003243,1.02,25.72,M1
C00990,36067621,20.29,19.81,M3d
C00991,36080161,24.07,16.20,M2
C00992,36078765,23.43,17.38,M3d
C00993,36051657,15.46,24.36,M3d
C00994,36083851,25.18,22.28,M1
C00995,36005422,1.71,7.06,M3s
C00996,36033816,10.16,4.67,M1
C00997,36022207,6.77,19.43,M3e
C00998,36089690,26.90,17.16,M3e
C00999,36028634,8.63,19.45,M2
C01000,36081473,24.36,23.63,M3h
C01001,36088380,26.40,4.17,M3s
C01002,36061524,18.52,5.35,M3e
C01003,36056049,16.80,22.46,M2
C01004,36018408,5.60,16.78,M3d
C01005,36078039,23.61,24.73,M2
C01006,36083509,25.14,12.69,M2
C01007,36003370,1.03,26.34,M1
C01008,36032457,9.89,0.68,M3e
C01009,36076221,22.87,7.82,M2
C01010,36002042,0.82,24.37,M3d
C01011,36079420,23.70,16.56,M2
C01012,36048442,14.69,11.49,M2
C01013,36009324,2.85,3.78,M3h
C01014,36072824,21.76,14.56,M3d
C01015,36093618,28.14,26.10,M2
C01016,36050944,15.16,8.04,M3e
C01017,36020233,6.15,3.30,M3h
C01018,36059798,17.76,1.23,M3d
C01019,36054519,16.39,2.29,M2
C01020,36046968,14.04,4.72,M2
C01021,36047760,14.11,3.03,M3h
C01022,36067375,20.25,8.99,M3d
C01023,36029771,8.90,14.20,M3s
C01024,36088758,26.65,0.60,M2
C01025,36003603,1.06,25.35,M3s
C01026,36080707,24.29,18.28,M3d
C01027,36005262,1.50,5.73,M1
C01028,36039983,11.90,24.89,M2
C01029,36046007,13.90,9.38,M2
C01030,36048441,14.68,11.67,M3e
C01031,36016902,5.05,26.99,M1
C01032,36094437,28.41,28.96,M1
C01033,36043954,13.15,14.02,M3h
C01034,36024809,7.35,13.36,M3s
C01035,36013119,3.98,22.92,M3s
C01036,36025225,7.58,28.31,M3s
C01037,36054097,16.30,8.54,M3e
C01038,36099135,29.81,21.58,M1
C01039,36050278,15.12,22.80,M3e
C01040,36080468,24.08,12.13,M3d
C01041,36054993,16.46,1.15,M2
C01042,36051087,15.37,25.77,M3s
C01043,36079233,23.90,9.80,M3d
C01044,36046082,13.90,26.70,M2
C01045,36007179,2.25,27.07,M2
C01046,36020533,6.26,26.31,M3s
C01047,36012117,3.71,16.99,M3h
C01048,36016300,4.95,25.87,M2
C01049,36046462,13.99,16.15,M3h
C01050,36093398,28.12,1.42,M1
C01051,36038972,11.42,25.17,M2
C01052,36024363,7.36,20.98,M3d
C01053,36035072,10.76,6.83,M3s
C01054,36028717,8.66,18.77,M2
C01055,36063718,19.11,28.14,M3d
C01056,36005825,1.60,8.84,M3d
C01057,36031107,9.37,22.68,M3s
C01058,36067558,20.10,1.71,M2
C01059,36098495,29.68,6.62,M1
C01060,36075712,22.67,25.16,M3s
C01061,36015556,4.75,25.14,M1
C01062,36033061,10.04,17.69,M3d
C01063,36020065,6.24,28.72,M3s
C01064,36079632,23.81,17.17,M3s
C01065,36072215,21.73,27.94,M1
C01066,36006691,1.94,11.55,M2
C01067,36067179,20.17,18.36,M3d
C01068,36019848,5.82,27.04,M3s
C01069,36090764,27.20,3.39,M3h
C01070,36065561,19.79,8.46,M1
C01071,36041108,12.46,29.63,M2
C01072,36071739,21.45,22.34,M3s
C01073,36077030,23.39,23.50,M1
C01074,36038250,11.56,25.97,M2
C01075,36025646,7.50,25.44,M3d
C01076,36006961,2.07,15.05,M2
C01077,36073152,22.00,17.15,M3d
C01078,36073768,21.92,28.58,M1
C01079,36098858,29.49,28.21,M1
C01080,36089127,26.79,11.56,M3s
C01081,36085854,25.73,9.46,M3h
C01082,36070803,21.14,9.39,M1
C01083,36079399,23.93,25.35,M3h
C01084,36063967,18.93,0.34,M3d
C01085,36001813,0.31,22.13,M3s
C01086,36045434,13.67,3.42,M2
C01087,36098753,29.52,26.89,M1
C01088,36087193,26.12,6.98,M1
C01089,36031108,9.59,2.41,M2
C01090,36012701,3.82,27.48,M3d
C01091,36039213,11.90,13.72,M3e
C01092,36081026,24.42,0.57,M1
C01093,36004330,1.33,23.28,M3s
C01094,36042213,12.63,25.62,M1
C01095,36006198,1.93,0.36,M1
C01096,36079218,23.96,21.68,M3d
C01097,36016749,4.89,25.20,M3s
C01098,36026178,7.93,22.92,M2
C01099,36026410,8.08,13.01,M3s
C01100,36060754,18.01,13.38,M3e
C01101,36078688,23.43,12.49,M2
C01102,36011452,3.49,7.98,M3d
C01103,36084514,25.21,14.63,M2
C01104,36066151,19.83,18.69,M2
C01105,36081181,24.48,6.53,M3s
C01106,36040306,12.20,24.53,M3s
C01107,36099455,29.90,22.65,M3h
C01108,36064578,19.36,23.80,M3d
C01109,36081189,24.34,3.82,M3h
C01110,36043107,13.09,8.43,M2
C01111,36018174,5.41,1.22,M3d
C01112,36089760,26.76,1.27,M2
C01113,36030214,9.23,3.19,M3d
C01114,36053584,16.00,5.64,M2
C01115,36036433,10.85,19.51,M3d
C01116,36056456,16.91,4.84,M3d
C01117,36051849,15.38,21.23,M3h
C01118,36038011,11.48,3.96,M3d
C01119,36010977,3.24,22.23,M3d
C01120,36006617,2.08,18.29,M3d
C01121,36099023,29.97,21.31,M1
C01122,36015827,4.73,25.59,M1
C01123,36018381,5.69,16.98,M2
C01124,36065873,19.72,25.47,M3d
C01125,36080990,24.27,3.35,M1
C01126,36084695,25.36,24.07,M3d
C01127,36008486,2.47,15.54,M3e
C01128,36048977,14.63,27.77,M3d
C01129,36034228,10.34,3.66,M3d
C01130,36049919,14.99,8.72,M1
C01131,36035507,10.54,17.55,M1
C01132,36065649,19.65,22.39,M2
C01133,36086510,25.89,20.12,M3s
C01134,36061182,18.59,7.02,M3e
C01135,36034609,10.45,15.65,M3s
C01136,36046833,13.90,5.00,M3d
C01137,36075635,22.60,0.81,M2
C01138,36054270,16.28,1.67,M3h
C01139,36030478,9.02,25.90,M3s
C01140,36012235,3.78,24.51,M3d
C01141,36029020,8.76,18.20,M3h
C01142,36074273,22.43,2.06,M2
C01143,36062464,18.90,12.62,M3s
C01144,36082164,24.89,9.82,M3d
C01145,36012828,3.62,25.03,M3s
C01146,36013956,4.05,1.09,M2
C01147,36054565,16.24,1.41,M3d
C01148,36064608,19.45,12.80,M3d
C01149,36079107,23.74,28.34,M3h
C01150,36006670,2.00,28.56,M3s
C01151,36021038,6.35,2.73,M3d
C01152,36072771,21.76,1.79,M2
C01153,36076300,22.90,4.72,M3h
C01154,36007942,2.12,0.65,M3h
C01155,36025004,7.72,17.03,M3d
C01156,36046115,14.00,12.85,M3h
C01157,36050362,15.18,0.42,M1
C01158,36063410,19.16,13.87,M1
C01159,36061059,18.57,8.08,M3h
C01160,36008113,2.59,22.93,M3h
C01161,36029132,8.80,6.90,M1
C01162,36096174,29.02,21.12,M2
C01163,36077760,23.37,6.05,M1
C01164,36056739,16.99,4.97,M3d
C01165,36061137,18.47,16.23,M3d
C01166,36027780,8.20,5.61,M3s
C01167,36005521,1.63,0.68,M3d
C01168,36080004,24.17,18.54,M3d
C01169,36096446,28.84,17.51,M1
C01170,36078413,23.65,17.62,M3d
C01171,36001353,0.50,29.33,M3e
C01172,36008390,2.48,26.54,M3e
C01173,36004867,1.34,25.10,M2
C01174,36052085,15.76,10.88,M2
C01175,36057614,17.10,11.34,M3d
C01176,36061864,18.47,10.08,M2
C01177,36056902,17.04,19.59,M1
C01178,36041832,12.47,7.18,M2
C01179,36013461,3.96,2.47,M2
C01180,36038260,11.43,28.99,M1
C01181,36005732,1.59,8.66,M3h
C01182,36036029,10.94,0.00,M3s
C01183,36091663,27.58,13.34,M3d
C01184,36008046,2.43,2.12,M1
C01185,36035830,10.68,20.33,M3d
C01186,36002173,0.68,5.66,M3s
C01187,36029067,8.84,1.79,M3s
C01188,36047269,14.12,16.14,M3e
C01189,36098638,29.66,23.80,M2
C01190,36093046,28.15,1.37,M3e
C01191,36009793,2.74,9.33,M3d
C01192,36050698,15.29,10.08,M3e
C01193,36013180,4.10,1.42,M2
C01194,36088217,26.55,8.64,M3d
C01195,36036525,10.96,14.24,M3s
C01196,36070099,21.22,5.53,M3d
C01197,36058238,17.59,19.81,M3d
C01198,36053824,16.18,25.83,M3d
C01199,36003627,1.00,6.33,M1
C01200,36091950,27.56,17.82,M3s
C01201,36027057,8.37,5.13,M2
C01202,36070263,21.19,3.92,M2
C01203,36021268,6.43,4.77,M2
C01204,36032174,9.63,16.84,M3d
C01205,36079351,23.73,22.91,M2
C01206,36012815,3.71,19.27,M1
C01207,36040527,12.19,5.32,M3e
C01208,36007031,2.35,1.37,M3d
C01209,36041272,12.56,4.63,M3d
C01210,36075043,22.77,25.82,M3e
C01211,36047797,14.16,5.85,M2
C01212,36007779,2.27,24.15,M2
C01213,36004168,1.43,24.82,M3s
C01214,36099885,29.89,13.55,M1
C01215,36096597,28.91,0.69,M3d
C01216,36036139,10.99,7.57,M2
C01217,36050743,15.06,21.59,M3s
C01218,36074847,22.40,1.25,M3h
C01219,36066027,19.99,2.36,M1
C01220,36034292,10.20,7.04,M2
C01221,36068876,20.63,28.80,M1
C01222,36060867,18.17,13.92,M3h
C01223,36075850,22.63,2.01,M1
C01224,36022833,6.76,5.95,M2
C01225,36067824,20.40,13.18,M3d
C01226,36017660,5.37,4.56,M3s
C01227,36014900,4.45,10.74,M3e
C01228,36099210,29.85,1.87,M3s
C01229,36006778,2.07,6.73,M3d
C01230,36001429,0.42,16.05,M3h
C01231,36041166,12.38,28.60,M3d
C01232,36098042,29.57,28.72,M3d
C01233,36096189,29.08,11.94,M3d
C01234,36069683,20.91,24.54,M3h
C01235,36029535,8.97,18.16,M3e
C01236,36085940,25.76,22.27,M3s
C01237,36011547,3.55,21.55,M2
C01238,36004546,1.20,14.65,M3h
C01239,36069841,20.86,11.36,M3s
C01240,36000917,0.23,26.09,M3e
C01241,36049012,14.93,25.99,M2
C01242,36024884,7.22,22.18,M2
C01243,36047573,14.11,22.70,M3d
C01244,36069168,20.84,10.83,M3h
C01245,36000739,0.08,23.87,M1
C01246,36088333,26.48,14.76,M3s
C01247,36089986,26.93,19.19,M3d
C01248,36046724,14.10,11.93,M3s
C01249,36016826,5.07,7.87,M3s
C01250,36080328,24.27,9.31,M3d
C01251,36070872,21.24,28.76,M3d
C01252,36018981,5.40,13.96,M3e
C01253,36018209,5.59,10.92,M1
C01254,36003698,0.96,10.21,M1
C01255,36074221,22.41,7.29,M3s
C01256,36095791,28.61,28.02,M3s
C01257,36090836,27.28,18.15,M2
C01258,36089421,26.86,14.26,M3e
C01259,36047390,14.14,3.92,M3d
C01260,36054341,16.31,13.96,M3h
C01261,36099920,29.98,21.37,M3d
C01262,36088268,26.44,24.95,M3d
C01263,36029110,8.76,29.00,M3d
C01264,36024231,7.38,18.58,M1
C01265,36009449,2.83,29.93,M3d
C01266,36026212,7.89,12.89,M3e
C01267,36093709,28.03,23.98,M3s
C01268,36012824,3.68,14.00,M2
C01269,36035289,10.50,2.95,M1
C01270,36030528,9.15,1.34,M1
C01271,36062094,18.69,15.27,M3h
C01272,36079517,23.84,18.90,M2
C01273,36091794,27.31,9.40,M3e
C01274,36080195,24.28,5.41,M3h
C01275,36010708,3.15,25.70,M2
C01276,36037774,11.17,20.50,M1
C01277,36001855,0.34,7.27,M1
C01278,36096531,28.88,7.16,M1
C01279,36036512,10.94,4.44,M3d
C01280,36074031,22.35,27.87,M3d
C01281,36014895,4.45,18.20,M3d
C01282,36099050,29.91,27.80,M2
C01283,36005718,1.73,25.04,M3d
C01284,36073801,22.14,20.14,M2
C01285,36039043,11.75,23.66,M1
C01286,36050833,15.28,26.86,M1
C01287,36054278,16.41,17.37,M3d
C01288,36037355,11.38,20.43,M3d
C01289,36054957,16.32,2.95,M3s
C01290,36038588,11.47,18.18,M3h
C01291,36069670,20.91,3.00,M2
C01292,36022255,6.86,16.49,M3d
C01293,36005763,1.70,14.95,M3e
C01294,36045090,13.61,8.56,M3d
C01295,36059993,17.78,12.31,M3d
C01296,36081703,24.47,27.61,M3d
C01297,36080292,24.14,16.82,M3d
C01298,36071457,21.42,6.29,M1
C01299,36044371,13.45,25.73,M2
C01300,36038475,11.66,11.57,M3s
C01301,36084708,25.39,20.83,M3s
C01302,36081106,24.37,5.17,M3h
C01303,36013164,4.09,20.52,M2
C01304,36018181,5.40,25.34,M2
C01305,36033475,10.05,9.44,M3s
C01306,36001165,0.39,28.70,M3h
C01307,36001041,0.58,17.93,M2
C01308,36038855,11.49,19.25,M3e
C01309,36024110,7.33,3.27,M3s
C01310,36073953,22.19,11.50,M3h
C01311,36045768,13.71,14.62,M3d
C01312,36050635,15.11,9.48,M3s
C01313,36073160,22.11,4.17,M1
C01314,36091965,27.35,12.46,M2
C01315,36003233,1.16,21.46,M3h
C01316,36048066,14.51,6.80,M3s
C01317,36027670,8.17,21.34,M2
C01318,36046846,14.03,0.94,M1
C01319,36045743,13.75,6.07,M2
C01320,36044069,13.39,28.46,M3d
C01321,36072929,21.66,6.58,M3s
C01322,36085596,25.76,10.97,M3h
C01323,36014042,4.45,18.47,M2
C01324,36027989,8.18,15.08,M3e
C01325,36054581,16.33,18.32,M2
C01326,36089854,26.87,23.42,M3d
C01327,36096098,28.90,23.18,M3d
C01328,36013189,4.20,21.52,M2
C01329,36035370,10.74,16.01,M1
C01330,36078585,23.41,3.70,M3d
C01331,36079508,23.78,18.95,M3d
C01332,36000596,0.04,9.29,M3h
C01333,36043566,13.06,24.46,M2
C01334,36000398,0.24,18.55,M2
C01335,36030680,9.19,27.32,M3d
C01336,36095703,28.74,29.90,M2
C01337,36020249,6.27,9.89,M2
C01338,36029218,8.98,0.85,M3s
C01339,36009917,2.74,9.02,M3s
C01340,36048797,14.55,10.51,M1
C01341,36027130,8.39,23.95,M3h
C01342,36046364,13.92,5.52,M2
C01343,36050485,15.13,19.59,M3h
C01344,36087386,26.20,20.63,M2
C01345,36096807,28.90,18.11,M3s
C01346,36044018,13.25,12.35,M2
C01347,36086776,26.01,9.24,M3e
C01348,36099293,29.71,9.52,M2
C01349,36062362,18.77,12.97,M3d
C01350,36034908,10.30,8.10,M3d
C01351,36038051,11.40,0.07,M3s
C01352,36041956,12.35,18.00,M3d
C01353,36062211,18.79,13.34,M1
C01354,36028197,8.60,14.37,M1
C01355,36029170,8.84,27.68,M3h
C01356,36070191,21.26,25.48,M1
C01357,36073296,21.94,14.73,M2
C01358,36006451,1.85,0.00,M1
C01359,36088796,26.48,10.39,M3d
C01360,36003210,0.99,11.91,M3s
C01361,36089112,26.95,12.79,M1
C01362,36032234,9.89,15.50,M3s
C01363,36090929,27.27,1.34,M3s
C01364,36024032,7.48,3.76,M3s
C01365,36062295,18.62,11.91,M3d
C01366,36087027,26.38,6.80,M3e
C01367,36018535,5.58,24.23,M3s
C01368,36037410,11.26,3.75,M3h
C01369,36002951,0.66,19.34,M3d
C01370,36049914,14.84,16.45,M3d
C01371,36091314,27.35,8.20,M3d
C01372,36034215,10.22,11.48,M3e
C01373,36045148,13.68,24.00,M3d
C01374,36013030,4.09,7.67,M2
C01375,36029548,8.82,13.45,M3e
C01376,36047780,14.22,2.13,M1
C01377,36008691,2.68,5.83,M2
C01378,36011546,3.36,18.79,M2
C01379,36031765,9.54,7.14,M3d
C01380,36051264,15.32,29.98,M1
C01381,36069215,20.71,9.93,M1
C01382,36099926,29.83,29.83,M3d
C01383,36097396,29.38,1.70,M1
C01384,36075206,22.68,21.04,M3d
C01385,36047697,14.19,22.43,M2
C01386,36031720,9.40,13.59,M2
C01387,36035969,10.53,10.95,M3h
C01388,36076701,23.06,19.16,M3h
C01389,36035779,10.56,1.30,M2
C01390,36079755,23.99,20.70,M3d
C01391,36031225,9.32,28.14,M2
C01392,36026300,7.91,0.71,M3s
C01393,36072346,21.85,8.18,M2
C01394,36076540,22.94,19.92,M2
C01395,36069539,20.79,22.88,M2
C01396,36097717,29.31,20.71,M3d
C01397,36067340,20.26,8.36,M2
C01398,36023306,7.00,7.89,M3s
C01399,36037908,11.38,1.73,M2
C01400,36003010,0.96,16.86,M3e
C01401,36084860,25.31,7.12,M2
C01402,36052117,15.81,17.84,M3d
C01403,36054257,16.46,23.12,M3d
C01404,36015129,4.57,10.41,M2
C01405,36055164,16.63,21.49,M3h
C01406,36005844,1.51,2.67,M2
C01407,36066957,19.91,20.03,M3h
C01408,36064820,19.40,16.34,M1
C01409,36043877,13.16,21.84,M3s
C01410,36096697,28.92,9.36,M3d
C01411,36019553,5.85,18.14,M2
C01412,36074129,22.31,16.03,M3s
C01413,36014913,4.41,26.07,M2
C01414,36011301,3.36,11.26,M3h
C01415,36049187,14.86,7.87,M1
C01416,36073093,22.08,1.03,M3s
C01417,36001609,0.52,1.03,M3e
C01418,36005601,1.57,28.36,M2
C01419,36065776,19.67,13.57,M1
C01420,36083724,25.02,16.99,M3s
C01421,36044705,13.22,16.23,M2
C01422,36039652,11.99,28.72,M1
C01423,36026101,8.06,23.53,M1
C01424,36083953,25.04,9.03,M3h
C01425,36088318,26.53,27.58,M1
C01426,36084300,25.26,13.70,M1
C01427,36005339,1.61,11.56,M2
C01428,36060264,18.09,3.15,M3d
C01429,36061305,18.34,14.68,M3s
C01430,36014578,4.44,26.55,M3s
C01431,36031741,9.32,1.35,M3d
C01432,36092580,27.66,17.30,M3e
C01433,36072919,21.71,5.08,M2
C01434,36052618,15.86,6.90,M3h
C01435,36090297,27.22,10.31,M3d
C01436,36011698,3.47,0.30,M1
C01437,36040353,12.12,28.48,M2
C01438,36021889,6.48,19.88,M1
C01439,36099828,29.73,3.14,M1
C01440,36086336,25.82,28.44,M3s
C01441,36079793,23.75,8.58,M3d
C01442,36068946,20.47,10.54,M2
C01443,36080188,24.16,17.86,M3s
C01444,36002952,0.80,18.94,M3h
C01445,36062957,18.76,13.76,M3h
C01446,36038484,11.62,11.96,M3d
C01447,36093018,28.18,23.97,M3s
C01448,36028153,8.46,2.76,M3h
C01449,36011925,3.48,27.80,M3e
C01450,36035199,10.71,19.21,M3e
C01451,36096028,28.95,27.32,M3d
C01452,36003876,1.10,12.10,M1
C01453,36044946,13.31,13.40,M2
C01454,36069560,20.93,3.96,M3e
C01455,36065385,19.74,1.65,M3h
C01456,36069735,20.96,11.00,M2
C01457,36087706,26.26,22.53,M2
C01458,36060402,18.29,7.63,M3d
C01459,36052881,15.76,3.12,M1
C01460,36040135,12.15,16.38,M1
C01461,36034993,10.23,16.62,M1
C01462,36060551,18.18,11.50,M3s
C01463,36073937,21.97,27.49,M3d
C01464,36004554,1.40,16.34,M3d
C01465,36050621,15.05,20.88,M3h
C01466,36089247,26.93,26.38,M2
C01467,36036325,10.99,17.06,M2
C01468,36026220,8.07,27.43,M3e
C01469,36098578,29.64,25.34,M3e
C01470,36004975,1.38,16.29,M2
C01471,36026583,7.83,16.70,M3h
C01472,36046542,13.83,20.58,M2
C01473,36068052,20.47,3.29,M3s
C01474,36022073,6.72,7.22,M2
C01475,36058365,17.46,11.79,M3s
C01476,36017775,5.13,16.11,M3h
C01477,36029371,8.97,15.97,M1
C01478,36066219,19.96,2.07,M2
C01479,36077511,23.24,22.11,M2
C01480,36083173,25.12,25.26,M2
C01481,36016175,4.94,0.94,M3d
C01482,36088337,26.53,29.22,M3d
C01483,36057419,17.10,28.53,M2
C01484,36043034,13.00,1.77,M3d
C01485,36046841,14.06,17.92,M3d
C01486,36051631,15.45,11.66,M3e
C01487,36034499,10.49,9.50,M1
C01488,36012416,3.88,1.04,M3h
C01489,36024386,7.23,11.47,M3d
C01490,36021166,6.38,18.57,M3s
C01491,36082326,24.79,8.95,M2
C01492,36087178,26.13,14.25,M3d
C01493,36049889,14.75,29.70,M2
C01494,36066043,20.09,2.91,M3d
C01495,36035317,10.68,19.67,M3h
C01496,36096504,29.06,3.59,M3d
C01497,36009463,2.86,17.09,M3h
C01498,36082317,24.65,7.01,M2
C01499,36004964,1.29,2.06,M3h
C01500,36099360,29.85,29.19,M3d
C01501,36066413,19.91,29.00,M2
C01502,36050229,15.18,7.96,M3d
C01503,36063035,18.91,19.95,M2
C01504,36024873,7.49,25.22,M3h
C01505,36069421,20.82,3.31,M3h
C01506,36059885,17.80,24.95,M3h
C01507,36011763,3.33,29.33,M1
C01508,36021268,6.52,19.25,M3h
C01509,36008080,2.40,21.33,M3d
C01510,36068528,20.55,21.19,M2
C01511,36090393,27.05,7.70,M1
C01512,36015746,4.70,9.89,M3s
C01513,36060132,18.15,8.92,M3d
C01514,36032568,9.65,2.42,M1
C01515,36067659,20.16,19.65,M3d
C01516,36067943,20.39,12.47,M3h
C01517,36068167,20.58,2.97,M3e
C01518,36067643,20.26,14.71,M2
C01519,36074328,22.24,8.16,M1
C01520,36022819,6.76,14.04,M2
C01521,36062734,18.73,6.49,M1
C01522,36005870,1.73,8.62,M3s
C01523,36030593,9.30,19.87,M2
C01524,36003547,0.97,20.76,M3d
C01525,36083967,24.92,25.46,M1
C01526,36054276,16.38,19.32,M2
C01527,36060032,18.14,24.62,M3s
C01528,36093447,27.92,19.82,M3e
C01529,36001083,0.59,15.50,M2
C01530,36088784,26.42,13.78,M3s
C01531,36024527,7.29,9.72,M2
C01532,36039093,11.99,13.62,M3s
C01533,36036159,11.05,3.63,M3s
C01534,36049514,14.81,0.37,M2
C01535,36083552,24.93,29.79,M2
C01536,36090364,27.18,20.36,M3e
C01537,36060939,18.28,3.40,M2
C01538,36022256,6.76,4.38,M3s
C01539,36063855,19.16,20.52,M3d
C01540,36097593,29.15,7.79,M2
C01541,36023846,6.94,18.80,M2
C01542,36087031,26.26,2.32,M3s
C01543,36040154,12.12,26.43,M3d
C01544,36089811,26.73,21.94,M2
C01545,36089105,26.99,6.76,M3h
C01546,36081191,24.39,22.69,M3d
C01547,36076814,22.88,26.92,M2
C01548,36026557,7.81,3.55,M3s
C01549,36016805,4.93,10.53,M2
C01550,36068739,20.65,6.68,M3s
C01551,36091238,27.37,20.77,M3d
C01552,36099250,29.78,21.59,M2
C01553,36059240,17.80,15.65,M2
C01554,36069908,20.99,24.89,M1
C01555,36008914,2.48,1.82,M1
C01556,36040848,12.27,24.31,M3h
C01557,36015644,4.56,14.43,M3d
C01558,36026716,8.03,8.68,M1
C01559,36027656,8.14,1.02,M1
C01560,36060609,18.14,17.93,M3h
C01561,36004442,1.29,26.93,M2
C01562,36045579,13.57,22.19,M3d
C01563,36018522,5.69,2.57,M3s
C01564,36094291,28.28,15.27,M3d
C01565,36026109,7.91,17.75,M3d
C01566,36028946,8.60,26.70,M2
C01567,36074088,22.39,8.62,M3d
C01568,36002426,0.77,13.18,M3s
C01569,36061537,18.49,8.22,M3e
C01570,36088165,26.54,17.13,M3s
C01571,36022421,6.61,14.49,M3s
C01572,36088477,26.53,21.17,M3d
C01573,36070579,21.22,5.65,M3s
C01574,36038551,11.57,17.94,M3d
C01575,36042154,12.80,25.79,M3s
C01576,36007429,2.36,7.41,M2
C01577,36035160,10.65,11.96,M3s
C01578,36012117,3.71,21.39,M3d
C01579,36002518,0.77,5.16,M1
C01580,36031759,9.37,12.14,M3s
C01581,36001203,0.57,8.74,M1
C01582,36036188,10.93,20.58,M3s
C01583,36083230,25.09,27.55,M3s
C01584,36033018,10.10,1.44,M3s
C01585,36062266,18.69,4.22,M2
C01586,36072513,21.61,5.09,M3d
C01587,36095775,28.52,18.03,M3d
C01588,36065065,19.65,23.81,M3d
C01589,36021847,6.50,15.05,M2
C01590,36092109,27.77,3.53,M1
C01591,36026467,7.95,11.70,M3d
C01592,36092455,27.65,3.73,M3d
C01593,36045347,13.66,28.73,M2
C01594,36013061,4.17,9.07,M1
C01595,36026559,7.85,7.91,M3e
C01596,36009901,2.97,12.69,M3e
C01597,36053592,16.07,5.46,M3d
C01598,36075158,22.66,28.50,M3d
C01599,36065799,19.68,24.79,M2
C01600,36080665,24.20,12.95,M3d
C01601,36077697,23.26,6.46,M2
C01602,36023748,7.09,23.98,M3d
C01603,36045699,13.58,24.97,M2
C01604,36017542,5.38,22.69,M3d
C01605,36013995,4.05,24.51,M1
C01606,36044570,13.48,17.86,M2
C01607,36083130,25.11,4.42,M2
C01608,36055969,16.70,23.78,M2
C01609,36027891,8.39,24.47,M2
C01610,36093598,28.13,25.77,M2
C01611,36078206,23.62,8.28,M3s
C01612,36066732,19.81,4.87,M1
C01613,36027433,8.33,22.55,M3d
C01614,36060458,18.22,28.77,M3d
C01615,36037419,11.10,4.18,M3h
C01616,36035122,10.66,29.43,M2
C01617,36062040,18.68,3.68,M2
C01618,36075417,22.78,22.51,M3s
C01619,36029347,9.00,0.29,M2
C01620,36019529,5.86,15.86,M1
C01621,36012250,3.60,29.42,M3e
C01622,36008161,2.68,23.68,M3d
C01623,36023022,6.99,4.28,M2
C01624,36086332,25.81,17.32,M3s
C01625,36013795,4.00,26.06,M3d
C01626,36075181,22.79,16.57,M2
C01627,36050765,15.22,15.14,M3e
C01628,36044827,13.41,28.31,M2
C01629,36003171,0.95,25.49,M1
C01630,36075317,22.60,5.40,M1
C01631,36032290,9.68,1.41,M3s
C01632,36051839,15.49,16.23,M3d
C01633,36036248,10.95,26.19,M3s
C01634,36023560,7.12,27.59,M3d
C01635,36069469,20.93,13.22,M2
C01636,36089050,26.94,20.59,M3d
C01637,36033108,10.00,29.16,M3s
C01638,36064797,19.29,26.69,M3h
C01639,36079094,23.99,27.97,M3d
C01640,36037643,11.16,4.17,M3e
C01641,36062136,18.68,6.24,M3h
C01642,36063995,19.07,23.41,M3d
C01643,36016996,5.08,16.43,M2
C01644,36080558,24.09,16.30,M1
C01645,36045987,13.68,14.39,M3d
C01646,36058312,17.69,4.18,M3h
C01647,36002372,0.90,7.20,M3s
C01648,36022346,6.76,21.53,M2
C01649,36054827,16.43,4.52,M2
C01650,36054938,16.34,1.19,M3h
C01651,36087825,26.16,20.48,M1
C01652,36094253,28.35,13.54,M3d
C01653,36022061,6.74,5.10,M3d
C01654,36059591,17.70,11.38,M3h
C01655,36003055,1.16,29.13,M2
C01656,36093304,27.94,18.79,M1
C01657,36063890,19.12,27.34,M3d
C01658,36011756,3.57,20.01,M2
C01659,36018852,5.52,13.92,M3d
C01660,36083935,25.18,23.15,M3d
C01661,36044452,13.24,11.65,M3e
C01662,36024511,7.23,24.01,M3h
C01663,36057259,17.28,9.41,M1
C01664,36009654,2.78,0.89,M2
C01665,36008608,2.67,19.07,M2
C01666,36089211,26.80,5.55,M2
C01667,36099959,29.97,25.13,M3e
C01668,36015723,4.65,24.22,M3s
C01669,36038619,11.63,21.15,M3d
C01670,36088363,26.55,1.83,M1
C01671,36002531,0.82,16.29,M3h
C01672,36077773,23.31,3.31,M3s
C01673,36011377,3.49,10.57,M3h
C01674,36086777,25.97,0.08,M2
C01675,36037400,11.24,18.95,M3s
C01676,36031097,9.48,24.86,M2
C01677,36001926,0.40,4.62,M3e
C01678,36079304,23.72,24.03,M3h
C01679,36063189,18.98,20.60,M3h
C01680,36054157,16.36,27.03,M3d
C01681,36069904,20.73,1.45,M3s
C01682,36037461,11.38,15.24,M3e
C01683,36054549,16.41,18.28,M2
C01684,36061584,18.38,3.97,M3e
C01685,36043181,13.10,20.03,M3s
C01686,36003645,0.99,17.35,M3s
C01687,36037209,11.34,21.71,M3d
C01688,36053746,15.94,17.83,M1
C01689,36021173,6.40,15.39,M3d
C01690,36049342,14.81,19.77,M3h
C01691,36060394,18.07,26.23,M3h
C01692,36042698,12.83,9.34,M3e
C01693,36055653,16.63,12.47,M2
C01694,36013440,3.91,15.65,M1
C01695,36032894,9.86,1.70,M1
C01696,36044099,13.27,11.48,M3d
C01697,36051373,15.43,28.88,M1
C01698,36020316,6.28,8.70,M3h
C01699,36099972,29.73,3.44,M3d
C01700,36097588,29.28,10.21,M1
C01701,36086972,25.99,22.03,M3e
C01702,36082322,24.72,2.68,M3e
C01703,36041949,12.47,4.67,M2
C01704,36002342,0.76,27.42,M1
C01705,36035748,10.78,25.96,M3d
C01706,36019148,5.72,6.45,M2
C01707,36066651,19.91,5.35,M1
C01708,36034593,10.41,3.01,M3s
C01709,36068112,20.56,16.18,M1
C01710,36072840,21.78,2.54,M3s
C01711,36048714,14.68,7.22,M2
C01712,36064326,19.47,13.80,M2
C01713,36078478,23.48,1.95,M3s
C01714,36038463,11.67,17.33,M3d
C01715,36054809,16.26,10.86,M2
C01716,36021603,6.31,21.57,M3s
C01717,36089943,26.72,25.44,M3d
C01718,36012172,3.79,16.11,M2
C01719,36029847,8.92,8.33,M3d
C01720,36052239,15.70,20.15,M3d
C01721,36010773,3.20,4.14,M1
C01722,36087537,26.21,12.66,M3e
C01723,36071972,21.58,15.16,M3d
C01724,36001215,0.49,0.74,M1
C01725,36064645,19.45,25.63,M3d
C01726,36036579,10.83,23.15,M3s
C01727,36003632,1.14,4.23,M1
C01728,36043762,12.95,29.88,M2
C01729,36036549,10.95,12.36,M3d
C01730,36064461,19.23,0.33,M3e
C01731,36063047,19.09,29.43,M1
C01732,36027077,8.23,20.38,M3d
C01733,36014196,4.47,4.15,M3s
C01734,36081831,24.42,14.89,M3s
C01735,36085089,25.61,17.99,M3s
C01736,36084572,25.47,26.87,M3e
C01737,36051459,15.30,29.04,M1
C01738,36065940,19.61,17.34,M3h
C01739,36029223,8.72,27.75,M3s
C01740,36087565,26.30,13.89,M3s
C01741,36035804,10.63,19.79,M3d
C01742,36061031,18.60,14.88,M2
C01743,36008606,2.47,3.30,M3d
C01744,36010544,3.07,25.41,M2
C01745,36018702,5.67,22.32,M3s
C01746,36020776,6.07,4.45,M1
C01747,36091412,27.34,8.43,M1
C01748,36049594,14.75,25.62,M2
C01749,36046657,14.04,4.49,M3d
C01750,36058851,17.44,22.96,M3e
C01751,36042869,12.76,29.90,M3h
C01752,36002708,0.87,19.36,M3s
C01753,36024307,7.40,3.30,M3s
C01754,36018175,5.69,10.58,M3h
C01755,36087208,26.26,0.53,M3d
C01756,36065434,19.63,6.09,M3s
C01757,36022158,6.76,26.18,M3h
C01758,36058171,17.66,7.01,M2
C01759,36053417,16.07,14.68,M3e
C01760,36087765,26.15,20.52,M3h
C01761,36092019,27.79,12.52,M3d
C01762,36029997,8.97,8.54,M3h
C01763,36089180,26.83,2.96,M1
C01764,36025489,7.72,26.30,M2
C01765,36020802,6.07,4.02,M1
C01766,36001620,0.60,4.70,M3h
C01767,36036313,10.90,12.43,M2
C01768,36041441,12.46,27.11,M3s
C01769,36018959,5.64,16.62,M1
C01770,36070173,21.28,9.94,M3s
C01771,36006120,2.02,15.19,M1
C01772,36048707,14.48,16.36,M3s
C01773,36045849,13.66,10.25,M3h
C01774,36094449,28.24,16.43,M3d
C01775,36011391,3.43,2.58,M1
C01776,36053867,15.95,29.31,M3h
C01777,36042917,12.89,16.94,M3e
C01778,36050580,15.03,28.33,M3e
C01779,36045482,13.74,18.23,M2
C01780,36061470,18.38,2.17,M1
C01781,36086059,25.99,24.67,M3d
C01782,36088249,26.46,25.68,M3e
C01783,36038765,11.67,14.75,M3s
C01784,36019728,5.99,15.30,M3e
C01785,36093823,27.93,18.73,M2
C01786,36074226,22.26,29.78,M3s
C01787,36048861,14.62,4.34,M3h
C01788,36020772,6.24,4.83,M3s
C01789,36057626,17.18,26.27,M3d
C01790,36069591,20.85,11.29,M3d
C01791,36070884,21.19,3.06,M3d
C01792,36041112,12.38,16.16,M3d
C01793,36005168,1.54,19.22,M3h
C01794,36053545,16.13,25.39,M2
C01795,36068128,20.59,27.65,M1
C01796,36060220,18.10,4.50,M3d
C01797,36072542,21.77,27.06,M3d
C01798,36084690,25.36,22.78,M2
C01799,36018539,5.50,2.74,M3s
C01800,36096418,28.93,24.35,M3h
C01801,36097468,29.13,24.38,M3s
C01802,36091941,27.57,15.76,M2
C01803,36024379,7.25,6.32,M3h
C01804,36095512,28.67,21.53,M2
C01805,36006572,1.89,6.16,M3d
C01806,36043496,13.00,10.03,M3e
C01807,36051256,15.60,14.89,M3d
C01808,36082413,24.79,21.92,M3d
C01809,36051350,15.44,16.66,M1
C01810,36006429,1.90,27.18,M3d
C01811,36088847,26.63,19.34,M1
C01812,36014980,4.23,22.64,M3s
C01813,36060669,18.26,16.03,M2
C01814,36051901,15.53,1.28,M3e
C01815,36039831,11.71,4.89,M3s
C01816,36098268,29.63,29.12,M3e
C01817,36031311,9.59,28.49,M3h
C01818,36083172,24.96,19.54,M3d
C01819,36021794,6.50,0.89,M2
C01820,36045292,13.55,4.10,M2
C01821,36052140,15.68,10.37,M3e
C01822,36023650,7.19,26.71,M1
C01823,36091468,27.44,15.12,M3d
C01824,36041091,12.59,20.45,M3h
C01825,36034103,10.23,19.67,M1
C01826,36055725,16.70,24.97,M1
C01827,36079703,23.80,23.52,M1
C01828,36005368,1.74,4.89,M3e
C01829,36036513,10.96,4.57,M3s
C01830,36007840,2.23,1.38,M3s
C01831,36029648,8.79,9.72,M3e
C01832,36047430,14.20,7.19,M1
C01833,36011361,3.32,13.10,M3d
C01834,36036001,11.06,17.14,M3s
C01835,36049028,14.82,19.13,M3h
C01836,36081111,24.49,23.41,M1
C01837,36078417,23.58,15.07,M3d
C01838,36027839,8.37,15.03,M3d
C01839,36011914,3.36,25.12,M3e
C01840,36017839,5.12,0.48,M3d
C01841,36049872,14.85,23.61,M3h
C01842,36053896,16.08,10.66,M1
C01843,36019108,5.97,4.62,M3h
C01844,36091935,27.35,9.60,M3h
C01845,36011571,3.48,10.93,M1
C01846,36090372,27.14,28.76,M3h
C01847,36008783,2.46,20.21,M1
C01848,36051795,15.38,16.92,M3h
C01849,36064567,19.50,5.95,M3h
C01850,36040851,12.19,4.06,M2
C01851,36067561,20.39,21.02,M1
C01852,36013644,4.10,9.95,M3e
C01853,36054812,16.44,6.11,M3d
C01854,36025575,7.76,27.58,M3d
C01855,36091018,27.43,11.89,M3d
C01856,36009858,2.84,27.32,M2
C01857,36038573,11.46,5.78,M2
C01858,36068523,20.60,3.81,M3e
C01859,36016542,5.09,10.47,M2
C01860,36073841,22.19,10.57,M1
C01861,36091463,27.60,17.42,M2
C01862,36097026,29.24,21.07,M2
C01863,36049907,14.81,5.30,M1
C01864,36005891,1.55,23.55,M3h
C01865,36024035,7.39,4.96,M3e
C01866,36005922,1.57,7.57,M1
C01867,36080360,24.29,22.06,M3s
C01868,36083240,24.96,25.75,M3e
C01869,36043121,13.09,2.37,M3s
C01870,36071711,21.40,21.32,M3s
C01871,36026496,7.85,29.91,M2
C01872,36075340,22.60,15.10,M2
C01873,36003633,0.99,24.92,M3d
C01874,36070949,21.07,13.06,M2
C01875,36071580,21.53,7.12,M3h
C01876,36059294,17.94,16.65,M3d
C01877,36000773,0.19,12.69,M3s
C01878,36008642,2.48,18.08,M3d
C01879,36029187,8.90,9.10,M3s
C01880,36044820,13.36,2.28,M2
C01881,36049920,14.94,14.02,M3d
C01882,36056663,16.99,2.44,M3d
C01883,36093272,28.02,15.50,M1
C01884,36086565,26.03,8.09,M2
C01885,36073876,22.00,19.35,M1
C01886,36038728,11.45,11.75,M1
C01887,36021008,6.50,8.92,M1
C01888,36017940,5.14,4.69,M3h
C01889,36099031,30.00,0.10,M1
C01890,36078044,23.49,25.68,M3s
C01891,36079916,23.71,12.64,M3d
C01892,36027783,8.12,10.02,M3d
C01893,36082737,24.83,11.18,M1
C01894,36078540,23.55,14.73,M2
C01895,36028324,8.45,15.65,M3s
C01896,36057244,17.21,20.49,M2
C01897,36082188,24.89,4.92,M3d
C01898,36091228,27.34,4.97,M1
C01899,36090123,27.24,8.26,M3d
C01900,36059098,17.97,16.99,M3d
C01901,36050211,15.14,17.73,M2
C01902,36018048,5.52,16.27,M3d
C01903,36001970,0.33,28.65,M3d
C01904,36060493,18.29,10.54,M3h
C01905,36026604,8.08,14.20,M3h
C01906,36060530,18.23,17.76,M3d
C01907,36054384,16.25,10.46,M2
C01908,36068366,20.51,16.55,M2
C01909,36063104,19.19,28.26,M2
C01910,36033088,10.17,19.70,M3h
C01911,36014209,4.28,18.36,M3d
C01912,36001696,0.36,22.46,M3e
C01913,36005038,1.58,27.23,M3e
C01914,36045530,13.68,20.88,M3d
C01915,36045031,13.70,0.20,M3h
C01916,36016036,5.07,10.46,M3d
C01917,36087342,26.14,27.93,M2
C01918,36068826,20.42,15.18,M3e
C01919,36007427,2.12,7.95,M3d
C01920,36077548,23.27,16.01,M2
C01921,36075037,22.80,4.51,M1
C01922,36065430,19.65,13.02,M3s
C01923,36017781,5.19,26.68,M3s
C01924,36028766,8.70,9.59,M3d
C01925,36017225,5.33,27.85,M3d
C01926,36008320,2.58,9.88,M2
C01927,36086213,25.97,29.37,M3e
C01928,36038413,11.52,7.04,M3h
C01929,36049694,14.93,2.26,M3s
C01930,36048662,14.66,18.31,M3e
C01931,36096430,28.89,24.37,M3s
C01932,36045974,13.52,6.46,M3d
C01933,36009249,2.72,6.16,M2
C01934,36021060,6.60,5.08,M3e
C01935,36083676,25.04,5.65,M3d
C01936,36094048,28.29,8.89,M1
C01937,36043721,13.17,24.20,M3h
C01938,36031467,9.40,9.26,M2
C01939,36039637,11.91,27.84,M3h
C01940,36048954,14.48,27.48,M3d
C01941,36093964,27.99,6.27,M3h
C01942,36051301,15.49,6.26,M3h
C01943,36036705,10.85,5.11,M3s
C01944,36055554,16.79,17.87,M2
C01945,36038701,11.55,4.98,M3d
C01946,36008562,2.70,1.44,M3s
C01947,36018013,5.40,17.85,M2
C01948,36026147,8.05,4.12,M3e
C01949,36057392,17.15,17.60,M2
C01950,36084957,25.29,29.16,M3h
C01951,36089901,26.93,17.83,M1
C01952,36069892,20.79,3.88,M1
C01953,36005150,1.68,5.72,M2
C01954,36098972,29.41,5.42,M1
C01955,36062395,18.61,7.83,M3d
C01956,36088848,26.51,15.03,M2
C01957,36098261,29.68,26.71,M3h
C01958,36079862,23.79,12.11,M3d
C01959,36099761,29.95,21.89,M3d
C01960,36068765,20.44,9.03,M3e
C01961,36042562,12.71,2.72,M3s
C01962,36008309,2.64,14.80,M3h
C01963,36049487,14.70,10.49,M3d
C01964,36026143,8.04,23.64,M3s
C01965,36068569,20.58,8.78,M3h
C01966,36032002,9.83,14.92,M1
C01967,36079089,23.74,10.21,M3d
C01968,36055139,16.74,11.89,M2
C01969,36004387,1.25,6.22,M3d
C01970,36072236,21.68,4.63,M3d
C01971,36008500,2.45,4.32,M3e
C01972,36081369,24.32,25.34,M1
C01973,36050312,15.26,17.73,M3s
C01974,36075474,22.51,29.45,M3d
C01975,36077775,23.31,7.86,M3e
C01976,36004665,1.37,19.92,M1
C01977,36081987,24.30,2.87,M3s
C01978,36079852,23.91,3.61,M1
C01979,36090585,27.11,5.71,M3e
C01980,36012859,3.65,15.76,M2
C01981,36069403,20.73,8.10,M1
C01982,36038118,11.66,15.08,M1
C01983,36083276,24.96,21.50,M2
C01984,36023688,7.05,19.79,M3e
C01985,36049922,14.81,22.14,M2
C01986,36068204,20.56,22.37,M3h
C01987,36009789,2.73,22.32,M3s
C01988,36074915,22.37,13.24,M3s
C01989,36012532,3.87,23.55,M2
C01990,36043337,13.12,22.22,M3e
C01991,36015209,4.60,5.33,M2
C01992,36082614,24.84,12.87,M1
C01993,36093004,28.02,26.00,M3h
C01994,36044598,13.21,0.68,M1
C01995,36082047,24.61,2.09,M3h
C01996,36065544,19.59,14.49,M2
C01997,36074415,22.36,24.47,M3e
C01998,36008074,2.61,5.89,M3e
C01999,36021895,6.31,19.35,M2
C02000,36031845,9.31,15.84,M3e
C02001,36040798,12.12,1.96,M3h
C02002,36001101,0.59,4.53,M3e
C02003,36077481,23.13,9.10,M1
C02004,36073405,21.93,24.35,M2
C02005,36066714,19.91,16.46,M1
C02006,36040263,12.11,21.59,M2
C02007,36045390,13.63,23.14,M2
C02008,36023297,7.14,4.37,M1
C02009,36020624,6.19,21.38,M3h
C02010,36038588,11.44,8.02,M2
C02011,36043492,13.10,1.25,M2
C02012,36063078,18.93,3.71,M1
C02013,36050837,15.09,6.20,M3d
C02014,36013830,4.20,0.24,M3s
C02015,36095803,28.59,12.31,M3d
C02016,36073235,21.96,21.71,M2
C02017,36038037,11.42,29.95,M3d
C02018,36011257,3.45,7.50,M3s
C02019,36043738,13.11,16.26,M1
C02020,36019096,5.91,13.40,M3d
C02021,36069422,20.86,16.26,M3e
C02022,36006831,1.89,28.60,M1
C02023,36021699,6.38,13.18,M3e
C02024,36017958,5.31,7.77,M3h
C02025,36032780,9.80,15.87,M3s
C02026,36063974,18.90,18.10,M3h
C02027,36000191,0.06,10.00,M3s
C02028,36063336,19.13,21.38,M3d
C02029,36013979,3.99,10.42,M3h
C02030,36022773,6.72,12.40,M1
C02031,36094188,28.23,17.29,M3d
C02032,36076187,23.06,16.13,M3h
C02033,36016188,4.98,6.97,M3d
C02034,36072930,21.61,26.63,M1
C02035,36080469,24.28,15.69,M3d
C02036,36013911,4.00,20.26,M3s
C02037,36068337,20.61,9.31,M1
C02038,36016858,5.01,6.66,M3d
C02039,36097011,29.16,15.79,M2
C02040,36014830,4.28,10.31,M3h
C02041,36048456,14.52,19.34,M3d
C02042,36077865,23.39,18.00,M3e
C02043,36059895,17.84,12.48,M3s
C02044,36003991,1.15,22.54,M1
C02045,36084820,25.39,21.58,M3d
C02046,36029631,8.93,12.87,M2
C02047,36007431,2.23,18.53,M3s
C02048,36067205,20.26,5.95,M3s
C02049,36090709,27.22,21.92,M3d
C02050,36067207,20.30,8.89,M3e
C02051,36072276,21.67,9.33,M3e
C02052,36035345,10.58,27.28,M1
C02053,36035073,10.76,2.76,M3s
C02054,36023769,7.00,16.67,M3d
C02055,36008269,2.60,13.62,M3d
C02056,36077441,23.38,29.89,M3s
C02057,36080594,24.26,14.27,M2
C02058,36071326,21.41,29.87,M1
C02059,36047464,14.19,26.66,M3e
C02060,36048623,14.68,21.95,M3h
C02061,36006347,1.85,4.98,M1
C02062,36023931,7.20,0.81,M2
C02063,36067043,20.12,3.91,M3h
C02064,36093809,28.01,14.41,M1
C02065,36016602,4.86,23.13,M3s
C02066,36062782,18.89,18.16,M3d
C02067,36041300,12.35,5.94,M3s
C02068,36049893,14.81,6.81,M3e
C02069,36073650,22.15,22.73,M3d
C02070,36091702,27.34,27.36,M2
C02071,36057437,17.23,27.11,M3h
C02072,36051005,15.40,14.20,M3h
C02073,36084072,25.22,3.03,M2
C02074,36013790,3.96,10.67,M3s
C02075,36052080,15.88,16.26,M3s
C02076,36074070,22.30,15.03,M3s
C02077,36039005,11.71,20.27,M3s
C02078,36071270,21.53,11.92,M1
C02079,36087837,26.16,4.01,M2
C02080,36024059,7.20,11.39,M1
C02081,36077134,23.19,5.75,M3d
C02082,36094528,28.27,18.55,M3e
C02083,36062165,18.79,6.86,M1
C02084,36002233,0.72,20.17,M3d
C02085,36096212,29.06,15.27,M3d
C02086,36020748,6.04,4.32,M3e
C02087,36073194,22.16,2.75,M3d
C02088,36091609,27.49,25.84,M3e
C02089,36008890,2.44,17.01,M3e
C02090,36044511,13.30,1.68,M2
C02091,36035024,10.69,16.97,M1
C02092,36089143,26.86,14.04,M3s
C02093,36097030,29.35,2.55,M3e
C02094,36070873,21.16,8.90,M2
C02095,36012946,3.77,5.81,M3h
C02096,36012986,3.83,17.82,M3h
C02097,36026603,7.91,1.46,M2
C02098,36009157,3.00,17.95,M2
C02099,36095463,28.79,6.74,M1
C02100,36045413,13.57,3.85,M1
C02101,36081112,24.43,11.68,M1
C02102,36097105,29.21,25.85,M2
C02103,36046894,13.99,24.36,M1
C02104,36032573,9.63,17.81,M3d
C02105,36003594,0.95,25.81,M3s
C02106,36054400,16.38,13.76,M3s
C02107,36037036,11.16,28.48,M3e
C02108,36048786,14.55,12.40,M3h
C02109,36062211,18.72,8.50,M1
C02110,36067920,20.24,16.80,M2
C02111,36058849,17.66,24.61,M3d
C02112,36060149,18.16,5.91,M3e
C02113,36038505,11.65,5.95,M3s
C02114,36070324,21.11,3.26,M2
C02115,36056905,17.04,10.52,M3s
C02116,36064463,19.31,6.64,M3s
C02117,36051863,15.34,4.45,M1
C02118,36021098,6.44,14.39,M3d
C02119,36074778,22.41,23.04,M3d
C02120,36050703,15.01,27.51,M3s
C02121,36000537,0.13,2.89,M2
C02122,36073143,22.00,16.96,M2
C02123,36042358,12.89,3.16,M1
C02124,36064399,19.35,5.96,M2
C02125,36073821,22.16,0.75,M2
C02126,36091553,27.43,1.44,M3e
C02127,36059753,17.98,6.07,M3e
C02128,36085153,25.75,27.27,M3s
C02129,36093464,28.11,23.52,M3s
C02130,36006708,1.99,5.06,M3e
C02131,36096886,29.02,23.53,M3e
C02132,36074673,22.46,7.11,M3s
C02133,36084119,25.24,27.63,M2
C02134,36023980,6.90,5.82,M3e
C02135,36049746,14.92,5.53,M2
C02136,36032912,9.68,13.57,M1
C02137,36055019,16.68,2.87,M1
C02138,36091533,27.47,13.42,M3h
C02139,36019008,5.78,6.79,M3s
C02140,36045157,13.67,3.03,M1
C02141,36088553,26.44,24.29,M2
C02142,36047808,14.19,17.53,M3h
C02143,36011703,3.57,23.79,M3d
C02144,36032644,9.65,22.10,M3d
C02145,36050406,15.13,10.90,M3e
C02146,36030590,9.09,10.34,M1
C02147,36040312,12.25,18.58,M3d
C02148,36000215,0.13,18.82,M3d
C02149,36033985,10.13,7.50,M1
C02150,36002158,0.86,24.61,M2
C02151,36041427,12.56,6.02,M3s
C02152,36034693,10.40,3.84,M3h
C02153,36033307,10.14,28.91,M3d
C02154,36003842,1.17,14.03,M3d
C02155,36066502,19.82,13.69,M1
C02156,36084985,25.37,20.73,M3h
C02157,36026839,8.07,15.97,M2
C02158,36085735,25.78,12.39,M3s
C02159,36035456,10.52,12.73,M2
C02160,36022050,6.86,10.48,M3d
C02161,36034392,10.30,3.66,M3d
C02162,36056379,16.94,12.35,M2
C02163,36018134,5.54,8.78,M3s
C02164,36045285,13.55,5.51,M2
C02165,36008671,2.42,7.30,M3d
C02166,36027291,8.13,1.45,M2
C02167,36041021,12.48,9.34,M2
C02168,36047562,14.21,18.19,M3e
C02169,36022473,6.89,6.59,M3d
C02170,36077135,23.36,28.48,M3d
C02171,36063978,18.96,7.09,M2
C02172,36038671,11.43,3.04,M3h
C02173,36038550,11.50,11.27,M2
C02174,36033902,9.93,12.72,M3e
C02175,36094213,28.43,9.60,M1
C02176,36079421,23.80,17.97,M1
C02177,36046408,14.04,29.88,M3h
C02178,36078373,23.62,20.94,M3h
C02179,36016032,4.82,14.06,M3s
C02180,36087192,26.30,9.38,M1
C02181,36082837,24.86,3.14,M3d
C02182,36028829,8.61,14.01,M3h
C02183,36055948,16.59,2.46,M2
C02184,36078849,23.49,5.86,M2
C02185,36049712,14.75,3.61,M1
C02186,36029211,9.00,0.88,M2
C02187,36049952,14.89,28.11,M3d
C02188,36097810,29.11,14.40,M3e
C02189,36006867,1.84,20.23,M2
C02190,36028073,8.55,7.19,M2
C02191,36037496,11.17,20.99,M3h
C02192,36091889,27.56,28.24,M1
C02193,36028797,8.63,19.33,M3h
C02194,36078629,23.56,10.46,M2
C02195,36034187,10.36,10.57,M3e
C02196,36064603,19.33,17.70,M3s
C02197,36087539,26.17,29.14,M3d
C02198,36092959,27.67,8.11,M3d
C02199,36032167,9.68,26.29,M3e
C02200,36050490,15.08,2.82,M1
C02201,36073294,21.91,13.04,M3e
C02202,36061099,18.38,24.36,M3h
C02203,36084680,25.21,9.11,M2
C02204,36050150,15.16,10.62,M3s
C02205,36083709,25.13,1.02,M1
C02206,36003126,1.08,15.88,M3d
C02207,36087616,26.29,28.99,M2
C02208,36059575,17.76,14.02,M3d
C02209,36067946,20.24,3.38,M1
C02210,36031864,9.32,29.30,M3h
C02211,36091828,27.52,18.76,M1
C02212,36021212,6.45,13.08,M3h
C02213,36033059,10.01,4.08,M1
C02214,36072031,21.77,7.77,M3e
C02215,36062245,18.83,18.32,M3s
C02216,36061008,18.51,17.55,M3e
C02217,36023384,7.16,6.54,M3d
C02218,36005699,1.54,17.37,M3d
C02219,36059864,17.93,1.68,M3d
C02220,36099912,29.72,9.28,M2
C02221,36044811,13.24,17.88,M3s
C02222,36079461,23.96,14.49,M3s
C02223,36019836,5.83,5.19,M3s
C02224,36089614,26.89,28.60,M3e
C02225,36035748,10.66,25.04,M2
C02226,36090061,27.25,13.91,M2
C02227,36017814,5.40,22.62,M3s
C02228,36046381,13.94,14.02,M1
C02229,36031264,9.58,15.50,M3h
C02230,36081561,24.55,19.68,M3h
C02231,36076760,22.95,13.49,M1
C02232,36090704,27.05,24.70,M2
C02233,36068939,20.53,7.63,M3h
C02234,36071056,21.51,3.95,M3s
C02235,36050048,15.13,18.46,M3d
C02236,36092402,27.61,28.10,M3d
C02237,36066604,19.91,23.85,M1
C02238,36062391,18.71,5.59,M3h
C02239,36097971,29.13,22.20,M3s
C02240,36004562,1.38,0.03,M3s
C02241,36089709,26.82,11.11,M2
C02242,36044467,13.45,24.25,M3h
C02243,36037138,11.37,18.39,M3e
C02244,36022654,6.82,9.49,M3d
C02245,36091906,27.56,24.52,M3s
C02246,36001034,0.37,20.32,M3h
C02247,36059360,17.99,21.71,M3e
C02248,36007873,2.36,8.72,M3e
C02249,36081910,24.53,0.94,M3s
C02250,36006100,1.95,15.40,M3e
C02251,36097211,29.36,27.74,M2
C02252,36071507,21.44,22.06,M3d
C02253,36029259,8.90,23.74,M2
C02254,36054665,16.40,19.45,M3d
C02255,36070053,21.28,0.34,M1
C02256,36094119,28.50,29.89,M3d
C02257,36012782,3.83,23.84,M3h
C02258,36074403,22.49,8.07,M3s
C02259,36048991,14.48,9.51,M3h
C02260,36011395,3.42,7.77,M1
C02261,36002888,0.85,13.57,M3d
C02262,36061916,18.35,2.48,M2
C02263,36022520,6.80,5.97,M3s
C02264,36075324,22.54,19.47,M2
C02265,36052952,15.69,7.04,M3d
C02266,36038642,11.65,13.25,M3e
C02267,36050573,15.24,29.57,M3d
C02268,36016605,4.87,19.74,M3d
C02269,36096653,29.07,1.42,M2
C02270,36063110,19.04,23.29,M3e
C02271,36062221,18.63,20.08,M2
C02272,36057928,17.25,7.82,M3h
C02273,36026580,7.95,28.04,M1
C02274,36068163,20.50,24.12,M3h
C02275,36074067,22.42,19.08,M3e
C02276,36031983,9.38,0.88,M2
C02277,36045198,13.70,1.38,M2
C02278,36062618,18.81,15.71,M1
C02279,36084346,25.44,18.23,M3e
C02280,36028865,8.54,24.31,M3d
C02281,36046710,14.03,13.89,M3e
C02282,36059170,17.94,3.76,M3s
C02283,36004904,1.22,18.11,M3s
C02284,36006954,1.84,2.27,M3h
C02285,36099561,29.83,18.01,M2
C02286,36055827,16.53,12.23,M2
C02287,36023530,6.92,23.42,M3h
C02288,36047875,14.28,28.44,M2
C02289,36046757,14.06,7.07,M2
C02290,36046770,13.83,10.99,M3e
C02291,36031443,9.53,29.82,M1
C02292,36052671,15.64,23.62,M1
C02293,36086727,26.04,17.44,M2
C02294,36040294,12.10,23.43,M2
C02295,36039164,11.79,21.37,M3h
C02296,36057107,17.12,26.73,M3d
C02297,36054964,16.46,10.38,M3s
C02298,36032022,9.61,13.02,M2
C02299,36092835,27.71,8.16,M3s
C02300,36007385,2.24,14.61,M3d
C02301,36068011,20.68,2.05,M3d
C02302,36046231,14.06,13.44,M3d
C02303,36075162,22.71,4.73,M3d
C02304,36018596,5.68,26.01,M3h
C02305,36054818,16.35,3.31,M3d
C02306,36059512,17.91,12.62,M3s
C02307,36096858,29.01,22.14,M2
C02308,36097184,29.25,15.38,M3d
C02309,36061346,18.41,15.60,M1
C02310,36098636,29.53,19.03,M1
C02311,36071442,21.57,23.46,M2
C02312,36072619,21.77,27.27,M3d
C02313,36097841,29.36,9.09,M2
C02314,36088801,26.45,13.71,M3s
C02315,36061683,18.38,19.08,M2
C02316,36099039,29.85,5.19,M2
C02317,36027933,8.20,2.06,M3s
C02318,36049454,14.98,12.87,M3e
C02319,36023695,7.07,15.62,M2
C02320,36018217,5.55,7.65,M1
C02321,36031448,9.52,22.79,M3d
C02322,36088263,26.49,5.61,M3s
C02323,36038037,11.53,9.25,M3e
C02324,36061483,18.59,20.24,M3s
C02325,36079720,23.84,18.37,M3s
C02326,36041169,12.53,20.71,M3d
C02327,36014851,4.42,6.26,M3d
C02328,36056893,17.05,16.60,M2
C02329,36078061,23.47,4.29,M3e
C02330,36025529,7.76,26.27,M3h
C02331,36092339,27.66,1.47,M3d
C02332,36001176,0.37,12.45,M2
C02333,36038000,11.55,22.00,M3s
C02334,36018480,5.70,6.66,M2
C02335,36069907,20.92,26.99,M3s
C02336,36033764,10.08,8.76,M2
C02337,36018996,5.69,12.10,M2
C02338,36073918,22.05,24.54,M2
C02339,36006867,1.93,2.13,M2
C02340,36041088,12.36,25.53,M1
C02341,36043812,13.17,2.32,M3d
C02342,36036516,11.10,5.74,M2
C02343,36019388,5.76,4.96,M3h
C02344,36070168,21.20,7.19,M3s
C02345,36078348,23.42,4.03,M2
C02346,36013469,4.15,16.64,M3d
C02347,36076097,23.01,9.40,M2
C02348,36092412,27.89,2.32,M2
C02349,36059719,17.72,2.82,M2
C02350,36023982,7.11,4.05,M3h
C02351,36067438,20.20,24.77,M3s
C02352,36085351,25.58,18.54,M3h
C02353,36022539,6.69,5.12,M3s
C02354,36020322,6.29,4.57,M1
C02355,36083739,24.99,28.82,M2
C02356,36070157,21.22,5.34,M3e
C02357,36093771,28.05,4.67,M3s
C02358,36019521,5.81,28.56,M2
C02359,36062460,18.70,21.70,M2
C02360,36020719,6.26,13.64,M3e
C02361,36044055,13.41,25.06,M3h
C02362,36060484,18.22,3.99,M2
C02363,36096883,29.08,7.30,M3d
C02364,36085015,25.71,18.72,M2
C02365,36007270,2.15,14.83,M1
C02366,36029057,8.87,15.31,M1
C02367,36026426,7.87,2.39,M2
C02368,36053217,15.92,26.89,M3e
C02369,36001093,0.52,2.09,M3d
C02370,36026619,8.06,28.32,M3d
C02371,36041826,12.36,2.99,M3d
C02372,36056005,16.82,15.18,M3s
C02373,36065263,19.70,5.25,M3s
C02374,36087342,26.20,9.56,M3h
C02375,36005146,1.80,10.42,M3s
C02376,36028983,8.42,3.08,M3d
C02377,36082649,24.65,11.23,M1
C02378,36068543,20.69,9.21,M1
C02379,36024732,7.44,14.59,M3e
C02380,36032143,9.85,17.95,M3d
C02381,36034383,10.42,16.77,M1
C02382,36072300,21.62,10.57,M2
C02383,36040106,12.16,29.43,M3d
C02384,36010925,3.16,5.97,M3s
C02385,36092456,27.88,14.85,M1
C02386,36088782,26.53,3.67,M3d
C02387,36043066,13.15,9.31,M2
C02388,36095265,28.64,9.45,M3s
C02389,36025178,7.69,7.17,M3h
C02390,36069004,20.76,4.36,M3d
C02391,36022560,6.80,3.02,M3s
C02392,36075084,22.57,6.00,M1
C02393,36095147,28.61,8.02,M3s
C02394,36061789,18.50,3.04,M3d
C02395,36007900,2.26,8.04,M2
C02396,36004103,1.43,0.10,M3s
C02397,36098759,29.69,1.98,M3e
C02398,36009205,2.89,12.05,M3s
C02399,36097586,29.28,10.78,M3e
C02400,36063548,19.08,16.42,M3s
C02401,36046598,13.82,15.70,M3s
C02402,36062219,18.69,2.98,M3d
C02403,36078807,23.64,6.66,M2
C02404,36060717,18.19,20.55,M1
C02405,36063547,19.13,11.63,M3d
C02406,36017869,5.30,24.92,M1
C02407,36077047,23.18,25.83,M3s
C02408,36021051,6.43,7.96,M2
C02409,36040400,12.06,22.44,M3d
C02410,36014406,4.49,9.02,M3d
C02411,36002293,0.72,11.69,M3d
C02412,36036291,10.83,3.60,M1
C02413,36002865,0.68,1.09,M3d
C02414,36036189,10.99,1.26,M3s
C02415,36032683,9.71,22.51,M3d
C02416,36081942,24.42,12.61,M3d
C02417,36044248,13.31,14.62,M3s
C02418,36052098,15.82,13.97,M2
C02419,36082131,24.79,20.06,M2
C02420,36043874,13.18,3.65,M2
C02421,36034433,10.33,6.65,M3s
C02422,36003367,1.12,28.32,M2
C02423,36026633,7.84,23.51,M3h
C02424,36037866,11.34,7.13,M3s
C02425,36062899,18.66,10.97,M3h
C02426,36062616,18.83,9.23,M3s
C02427,36017975,5.22,6.38,M2
C02428,36049963,14.87,3.08,M2
C02429,36061585,18.40,16.99,M2
C02430,36037941,11.12,11.33,M3s
C02431,36032973,9.61,4.98,M3s
C02432,36004214,1.35,28.11,M3h
C02433,36068063,20.47,21.88,M1
C02434,36069446,20.87,9.58,M3s
C02435,36034891,10.40,1.64,M3e
C02436,36021907,6.35,8.94,M3h
C02437,36064662,19.33,6.60,M1
C02438,36002056,0.72,3.37,M3d
C02439,36060232,18.15,24.81,M3s
C02440,36037369,11.40,12.23,M3h
C02441,36065542,19.75,6.06,M2
C02442,36043029,13.04,2.57,M3d
C02443,36056148,17.04,4.68,M1
C02444,36091683,27.46,2.48,M3h
C02445,36071505,21.38,22.13,M3e
C02446,36047024,14.23,4.71,M3d
C02447,36008237,2.48,3.69,M3e
C02448,36034743,10.43,0.35,M3h
C02449,36046469,13.98,28.53,M1
C02450,36043814,13.03,27.96,M2
C02451,36022806,6.70,20.43,M3d
C02452,36005734,1.51,1.09,M3e
C02453,36090795,27.10,1.05,M3e
C02454,36004959,1.31,28.01,M3d
C02455,36040987,12.13,19.63,M3d
C02456,36060266,18.12,13.26,M3e
C02457,36033821,10.11,12.96,M3e
C02458,36016920,4.92,7.96,M3d
C02459,36000674,0.26,20.30,M3h
C02460,36045268,13.60,17.38,M1
C02461,36071235,21.39,19.47,M3s
C02462,36005346,1.79,3.63,M3d
C02463,36098825,29.54,18.49,M2
C02464,36016572,4.81,17.43,M3d
C02465,36024797,7.46,29.81,M1
C02466,36039328,11.82,12.30,M3h
C02467,36065095,19.79,26.07,M2
C02468,36013619,4.08,13.99,M3e
C02469,36037908,11.19,0.36,M2
C02470,36098205,29.41,25.29,M3e
C02471,36081388,24.48,21.74,M3d
C02472,36078223,23.60,10.02,M3d
C02473,36002851,0.81,14.26,M3d
C02474,36055772,16.77,23.93,M3d
C02475,36014335,4.43,25.04,M1
C02476,36091859,27.43,21.41,M2
C02477,36038192,11.58,15.52,M1
C02478,36096530,29.05,0.19,M3d
C02479,36094857,28.34,2.96,M3e
C02480,36000996,0.22,1.22,M3s
C02481,36091108,27.52,8.20,M3h
C02482,36082070,24.82,25.96,M3e
C02483,36085334,25.62,12.78,M3h
C02484,36035592,10.79,19.47,M3e
C02485,36017326,5.17,15.47,M2
C02486,36000773,0.00,17.02,M3d
C02487,36040843,12.26,18.78,M3d
C02488,36086633,26.02,4.04,M3h
C02489,36086963,25.86,29.36,M3e
C02490,36086584,25.92,14.93,M2
C02491,36076554,22.92,4.33,M2
C02492,36010977,3.23,12.71,M3s
C02493,36036860,10.94,18.10,M1
C02494,36011318,3.58,12.31,M3d
C02495,36098499,29.41,12.45,M1
C02496,36092010,27.78,22.09,M1
C02497,36086458,25.81,29.14,M3d
C02498,36021077,6.38,25.41,M3h
C02499,36020967,6.07,17.45,M3d
C02500,36001885,0.57,18.05,M2
C02501,36061829,18.41,13.90,M3d
C02502,36017722,5.37,20.20,M3d
C02503,36083904,25.18,12.85,M3d
C02504,36005596,1.75,15.98,M1
C02505,36069487,20.78,24.91,M3d
C02506,36056570,17.00,9.07,M2
C02507,36020678,6.16,1.97,M1
C02508,36091433,27.39,25.54,M3h
C02509,36025469,7.55,24.08,M3h
C02510,36095674,28.57,28.46,M2
C02511,36059432,17.91,9.33,M3s
C02512,36059314,17.76,15.18,M3s
C02513,36035432,10.55,5.18,M1
C02514,36079144,23.86,13.49,M3d
C02515,36043860,13.04,5.20,M3d
C02516,36019092,5.72,9.79,M3e
C02517,36098342,29.58,14.38,M3s
C02518,36058867,17.60,5.40,M3d
C02519,36043854,13.05,3.91,M3h
C02520,36082844,24.67,7.77,M1
C02521,36005547,1.52,19.63,M3h
C02522,36016566,4.93,0.62,M3d
C02523,36016508,4.81,8.48,M3h
C02524,36065366,19.64,20.72,M3d
C02525,36001219,0.53,4.30,M2
C02526,36058555,17.49,17.33,M2
C02527,36091204,27.33,8.76,M1
C02528,36071367,21.45,2.31,M2
C02529,36032176,9.74,10.89,M1
C02530,36094850,28.34,25.02,M2
C02531,36073661,22.07,15.74,M2
C02532,36096403,29.02,12.62,M3s
C02533,36030231,9.13,6.17,M3s
C02534,36062776,18.65,8.98,M3e
C02535,36086690,26.02,8.46,M2
C02536,36049593,14.96,9.61,M3d
C02537,36052133,15.82,3.74,M1
C02538,36067399,20.28,6.41,M3h
C02539,36006063,1.81,24.48,M3e
C02540,36042031,12.73,23.44,M1
C02541,36000545,0.28,16.38,M3d
C02542,36071806,21.45,25.69,M1
C02543,36046233,14.01,22.55,M1
C02544,36044601,13.34,14.61,M3s
C02545,36079147,23.84,15.88,M1
C02546,36034448,10.45,18.82,M1
C02547,36034248,10.37,8.39,M3h
C02548,36032209,9.68,7.80,M3h
C02549,36051465,15.56,15.53,M2
C02550,36086125,26.05,15.72,M3d
C02551,36046420,13.81,13.87,M2
C02552,36038674,11.68,26.10,M2
C02553,36076958,22.87,13.99,M2
C02554,36025887,7.77,15.05,M3d
C02555,36031543,9.34,0.43,M3h
C02556,36006537,2.09,23.74,M3e
C02557,36099017,30.00,8.84,M1
C02558,36064250,19.25,19.81,M3d
C02559,36075636,22.55,26.41,M3s
C02560,36092500,27.82,16.29,M1
C02561,36093985,27.94,14.13,M3h
C02562,36080259,24.19,11.75,M3d
C02563,36084835,25.25,7.40,M2
C02564,36039043,11.73,11.58,M2
C02565,36075446,22.72,15.14,M3h
C02566,36098135,29.63,13.86,M3d
C02567,36063315,19.16,18.45,M3d
C02568,36009637,2.98,29.26,M2
C02569,36049797,14.94,4.55,M3d
C02570,36003632,1.08,28.33,M1
C02571,36025616,7.65,16.14,M3h
C02572,36081083,24.52,12.15,M1
C02573,36009475,2.92,2.48,M3d
C02574,36009748,2.95,10.93,M3d
C02575,36035722,10.66,10.68,M3d
C02576,36080497,24.12,17.24,M1
C02577,36073615,22.14,13.97,M3s
C02578,36013821,4.08,14.40,M3d
C02579,36002213,0.72,2.27,M1
C02580,36041803,12.42,22.03,M2
C02581,36039910,11.97,3.63,M3h
C02582,36062309,18.88,4.83,M1
C02583,36042205,12.89,29.40,M2
C02584,36093680,28.05,17.77,M3s
C02585,36051847,15.34,0.23,M2
C02586,36053296,15.99,5.22,M3d
C02587,36062677,18.75,21.72,M3h
C02588,36063634,19.09,0.65,M3s
C02589,36055952,16.53,9.18,M3e
C02590,36045776,13.63,5.45,M3h
C02591,36035500,10.73,8.11,M3h
C02592,36085441,25.52,26.18,M2
C02593,36053355,16.05,5.99,M3e
C02594,36004008,1.43,29.93,M3d
C02595,36010550,3.28,4.36,M3h
C02596,36070768,21.30,15.13,M2
C02597,36077363,23.16,13.86,M3d
C02598,36057171,17.40,27.97,M2
C02599,36070713,21.01,17.13,M1
C02600,36018720,5.48,19.39,M3d
C02601,36084470,25.39,18.62,M1
C02602,36039795,11.74,9.84,M3d
C02603,36033384,10.15,29.46,M3e
C02604,36029946,8.92,3.53,M3h
C02605,36075850,22.66,10.58,M3h
C02606,36080310,24.04,19.96,M3h
C02607,36012627,3.66,10.64,M3h
C02608,36001761,0.31,19.03,M2
C02609,36006985,1.89,15.45,M1
C02610,36061718,18.53,16.10,M3h
C02611,36090217,27.17,3.86,M3s
C02612,36075771,22.55,4.56,M2
C02613,36011929,3.56,15.94,M3s
C02614,36096556,28.91,3.30,M3d
C02615,36074222,22.37,14.72,M3s
C02616,36078237,23.50,19.34,M3s
C02617,36096535,28.84,1.56,M3s
C02618,36017726,5.11,9.71,M3s
C02619,36006823,1.84,14.00,M1
C02620,36079523,23.93,9.38,M2
C02621,36061413,18.51,12.92,M3s
C02622,36096539,29.04,6.84,M1
C02623,36052836,15.75,18.77,M3d
C02624,36075618,22.54,0.35,M2
C02625,36077340,23.30,8.50,M3d
C02626,36059749,17.99,17.12,M2
C02627,36068564,20.56,29.57,M3h
C02628,36053135,16.05,7.65,M3e
C02629,36045437,13.54,15.37,M2
C02630,36007200,2.39,9.19,M2
C02631,36027947,8.11,29.83,M3d
C02632,36027229,8.25,8.25,M2
C02633,36063873,19.02,10.41,M3d
C02634,36049894,14.88,12.69,M3d
C02635,36017058,5.31,27.99,M3d
C02636,36065857,19.72,11.60,M3e
C02637,36067767,20.37,0.34,M3s
C02638,36000062,0.23,29.02,M3s
C02639,36014823,4.46,15.92,M3s
C02640,36014091,4.22,14.17,M3s
C02641,36059677,17.70,21.71,M3s
C02642,36052184,15.64,22.61,M3h
C02643,36044634,13.26,24.88,M3d
C02644,36047888,14.28,26.06,M3d
C02645,36050032,15.09,25.45,M2
C02646,36058529,17.53,14.49,M1
C02647,36084188,25.35,12.85,M2
C02648,36009585,2.86,6.57,M3d
C02649,36014851,4.24,27.00,M2
C02650,36076984,22.83,14.76,M3s
C02651,36054659,16.44,16.41,M3d
C02652,36089694,26.99,2.64,M2
C02653,36047222,14.18,2.17,M3d
C02654,36002314,0.60,5.61,M1
C02655,36096211,29.05,9.28,M3e
C02656,36097394,29.18,29.77,M3d
C02657,36075167,22.66,2.27,M2
C02658,36041562,12.40,17.94,M3s
C02659,36064800,19.32,28.43,M3d
C02660,36051082,15.46,23.59,M3d
C02661,36060404,18.13,28.92,M3h
C02662,36082925,24.75,14.52,M3d
C02663,36008818,2.47,6.77,M3h
C02664,36087310,26.23,5.02,M3h
C02665,36032780,9.90,1.35,M3s
C02666,36073873,22.16,5.90,M3h
C02667,36030311,9.22,26.99,M3h
C02668,36061955,18.40,7.21,M3d
C02669,36075262,22.71,21.73,M3s
C02670,36016640,4.87,7.00,M3h
C02671,36069369,20.86,25.95,M3e
C02672,36089373,26.95,8.76,M3d
C02673,36097011,29.38,10.04,M2
C02674,36048414,14.42,29.11,M3s
C02675,36075440,22.65,25.35,M2
C02676,36025352,7.60,15.91,M2
C02677,36014804,4.49,27.41,M3h
C02678,36053367,16.01,2.10,M3d
C02679,36075581,22.73,1.52,M3e
C02680,36068026,20.54,1.33,M2
C02681,36074475,22.46,28.97,M2
C02682,36019603,5.71,21.57,M2
C02683,36027707,8.22,13.55,M3d
C02684,36088064,26.48,16.57,M1
C02685,36053680,15.98,10.07,M3h
C02686,36071685,21.45,0.30,M3s
C02687,36091942,27.35,28.56,M3s
C02688,36033470,10.08,19.53,M1
C02689,36073522,22.01,18.22,M3h
C02690,36072777,21.89,22.43,M3s
C02691,36045425,13.58,22.29,M3d
C02692,36041058,12.43,15.62,M1
C02693,36022850,6.82,27.17,M1
C02694,36008817,2.46,3.11,M1
C02695,36068947,20.42,9.07,M3s
C02696,36054916,16.30,29.82,M3s
C02697,36095722,28.53,16.79,M1
C02698,36012240,3.71,9.47,M1
C02699,36060863,18.21,18.29,M2
C02700,36089650,26.95,3.84,M3h
C02701,36027092,8.31,18.64,M1
C02702,36085760,25.53,25.40,M3d
C02703,36040823,12.29,11.97,M2
C02704,36060154,18.06,5.66,M2
C02705,36032411,9.61,19.42,M3d
C02706,36089858,26.80,11.18,M1
C02707,36046035,14.03,21.73,M3h
C02708,36034351,10.40,24.25,M1
C02709,36099067,29.92,0.55,M2
C02710,36019702,5.81,22.52,M3d
C02711,36014295,4.24,6.90,M1
C02712,36013522,4.07,12.29,M2
C02713,36049841,14.74,3.56,M3h
C02714,36054475,16.41,29.66,M3e
C02715,36090571,27.19,15.72,M3d
C02716,36038600,11.57,8.77,M2
C02717,36048081,14.55,24.16,M1
C02718,36006382,1.93,6.94,M2
C02719,36018363,5.62,20.96,M3h
C02720,36066534,20.04,27.52,M3e
C02721,36050417,15.23,2.40,M2
C02722,36082792,24.84,20.34,M2
C02723,36040757,12.03,16.59,M3s
C02724,36081836,24.57,15.67,M1
C02725,36008599,2.62,10.41,M1
C02726,36066318,19.81,12.92,M3s
C02727,36040546,12.15,28.51,M3s
C02728,36050787,15.22,10.45,M3d
C02729,36037752,11.12,5.56,M2
C02730,36087602,26.32,25.45,M2
C02731,36042054,12.71,18.17,M2
C02732,36064359,19.44,18.40,M3s
C02733,36099407,29.86,15.90,M3d
C02734,36066226,19.98,22.19,M3d
C02735,36047262,14.22,29.21,M2
C02736,36007803,2.30,23.91,M3d
C02737,36053871,15.94,4.10,M3d
C02738,36031255,9.59,24.72,M1
C02739,36009611,2.90,4.44,M3e
C02740,36029698,8.81,12.68,M3d
C02741,36087284,26.21,28.92,M2
C02742,36098269,29.49,28.47,M1
C02743,36070521,21.10,20.61,M3d
C02744,36079812,23.85,7.07,M3e
C02745,36068834,20.56,29.86,M3d
C02746,36068937,20.55,27.96,M3s
C02747,36031436,9.48,5.12,M2
C02748,36094944,28.31,29.39,M3s
C02749,36030244,9.16,15.36,M3h
C02750,36094174,28.50,20.37,M2
C02751,36045711,13.57,20.95,M2
C02752,36034690,10.34,19.97,M2
C02753,36040829,12.14,21.30,M3h
C02754,36045361,13.60,3.99,M3d
C02755,36069475,20.92,17.81,M3d
C02756,36023612,7.07,8.19,M2
C02757,36066480,19.99,12.50,M1
C02758,36073887,22.09,26.98,M2
C02759,36099693,29.86,5.64,M3d
C02760,36017915,5.32,14.07,M2
C02761,36067284,20.34,7.64,M3e
C02762,36084965,25.26,25.39,M2
C02763,36041574,12.52,18.41,M1
C02764,36072272,21.76,6.19,M3s
C02765,36025739,7.50,15.11,M3s
C02766,36093581,28.20,0.02,M1
C02767,36098678,29.50,27.35,M3d
C02768,36002797,0.71,19.83,M2
C02769,36037326,11.15,21.14,M3s
C02770,36017333,5.26,25.65,M3d
C02771,36071439,21.46,15.33,M3h
C02772,36082842,24.89,18.15,M3e
C02773,36032990,9.64,15.61,M3d
C02774,36088041,26.59,0.42,M2
C02775,36086025,26.05,13.83,M3d
C02776,36089851,26.83,16.05,M3d
C02777,36046212,14.10,23.56,M3d
C02778,36033417,10.07,15.96,M2
C02779,36018472,5.65,20.84,M3s
C02780,36013835,3.92,2.28,M3e
C02781,36013893,4.12,27.08,M2
C02782,36051181,15.53,20.30,M2
C02783,36073852,22.12,24.78,M3e
C02784,36068067,20.40,8.16,M2
C02785,36023112,7.10,9.42,M3e
C02786,36078552,23.69,2.23,M3s
C02787,36003383,0.94,20.94,M3e
C02788,36062947,18.79,4.84,M2
C02789,36007265,2.36,20.54,M3e
C02790,36026537,7.92,12.18,M3h
C02791,36008870,2.66,18.22,M3h
C02792,36001571,0.39,7.54,M3h
C02793,36000251,0.25,14.80,M2
C02794,36094077,28.40,10.48,M1
C02795,36002057,0.71,23.69,M2
C02796,36021400,6.39,21.49,M3d
C02797,36006040,2.07,0.06,M3d
C02798,36057213,17.33,7.43,M1
C02799,36059852,17.71,22.47,M2
C02800,36094309,28.20,3.62,M3h
C02801,36022792,6.61,0.45,M2
C02802,36075503,22.74,20.92,M3d
C02803,36071940,21.30,5.07,M3s
C02804,36079796,23.99,9.09,M3d
C02805,36030558,9.22,23.76,M1
C02806,36022438,6.84,18.44,M3s
C02807,36028569,8.53,28.76,M1
C02808,36041046,12.30,0.45,M3d
C02809,36046965,14.06,11.11,M3d
C02810,36017369,5.15,7.54,M1
C02811,36008034,2.41,0.91,M2
C02812,36062593,18.67,5.33,M3h
C02813,36031833,9.39,25.28,M3e
C02814,36080556,24.20,13.79,M3e
C02815,36045517,13.61,3.55,M1
C02816,36034548,10.21,23.19,M3d
C02817,36028073,8.42,3.42,M2
C02818,36007426,2.18,8.35,M3e
C02819,36092340,27.84,16.49,M2
C02820,36070889,21.24,4.50,M2
C02821,36055023,16.62,8.56,M3d
C02822,36077228,23.35,11.19,M3s
C02823,36096686,28.85,23.24,M3d
C02824,36043956,13.03,9.49,M3e
C02825,36086227,25.89,22.15,M3s
C02826,36095411,28.75,1.25,M1
C02827,36026423,7.85,24.24,M3d
C02828,36084423,25.23,24.93,M3e
C02829,36033533,9.93,29.67,M3h
C02830,36002076,0.75,20.22,M2
C02831,36004091,1.29,2.03,M1
C02832,36059608,17.92,28.01,M3d
C02833,36056525,16.88,11.46,M3h
C02834,36068483,20.62,11.71,M1
C02835,36009890,2.95,21.90,M3s
C02836,36077869,23.24,5.62,M1
C02837,36056948,16.88,24.71,M3s
C02838,36007869,2.15,27.53,M3s
C02839,36002510,0.69,0.97,M1
C02840,36052454,15.79,3.56,M2
C02841,36055948,16.54,6.25,M3d
C02842,36075578,22.75,18.76,M2
C02843,36090583,27.19,3.84,M3s
C02844,36023276,6.94,3.97,M3s
C02845,36099248,29.72,28.34,M2
C02846,36059502,17.86,16.33,M3s
C02847,36034164,10.23,12.86,M3s
C02848,36026629,7.83,19.53,M1
C02849,36080845,24.01,12.19,M1
C02850,36066053,20.05,18.02,M2
C02851,36076423,22.95,3.86,M3d
C02852,36097453,29.18,25.67,M3h
C02853,36074345,22.48,18.37,M3s
C02854,36022289,6.81,23.61,M2
C02855,36088938,26.48,2.01,M1
C02856,36087508,26.39,27.88,M2
C02857,36053310,16.03,0.34,M2
C02858,36037232,11.17,2.35,M1
C02859,36055161,16.54,11.96,M3d
C02860,36090293,27.08,27.85,M3s
C02861,36035345,10.79,6.31,M2
C02862,36042522,12.70,19.31,M3e
C02863,36017377,5.30,5.92,M2
C02864,36081831,24.46,10.38,M3d
C02865,36044432,13.26,16.67,M3e
C02866,36011723,3.55,8.22,M3s
C02867,36060994,18.06,16.70,M3s
C02868,36068107,20.66,7.10,M3d
C02869,36025844,7.55,1.99,M1
C02870,36069174,20.75,23.05,M1
C02871,36007256,2.24,28.99,M3d
C02872,36058308,17.68,22.78,M3e
C02873,36029466,8.98,22.43,M3s
C02874,36077902,23.28,22.93,M3d
C02875,36052694,15.85,0.89,M3d
C02876,36062387,18.87,7.29,M1
C02877,36082368,24.78,17.82,M3h
C02878,36092202,27.60,9.10,M3d
C02879,36073912,21.96,14.21,M3h
C02880,36045973,13.78,20.58,M1
C02881,36018659,5.47,13.40,M3h
C02882,36043032,12.92,3.40,M3d
C02883,36085502,25.78,29.93,M1
C02884,36066502,19.86,7.05,M1
C02885,36064645,19.23,28.97,M3s
C02886,36093516,28.18,22.09,M3d
C02887,36082516,24.90,8.36,M3d
C02888,36049721,14.73,1.62,M3h
C02889,36006201,1.85,25.49,M3d
C02890,36044577,13.27,23.70,M1
C02891,36042017,12.75,4.29,M3d
C02892,36051842,15.40,1.41,M3h
C02893,36095279,28.73,10.13,M3d
C02894,36085916,25.59,18.88,M3d
C02895,36053783,16.13,20.92,M3d
C02896,36063678,19.10,29.66,M3s
C02897,36081316,24.57,26.58,M3d
C02898,36022372,6.86,23.00,M3d
C02899,36043591,12.95,15.71,M3d
C02900,36080347,24.28,27.13,M3s
C02901,36066716,19.84,22.04,M3s
C02902,36091012,27.53,10.62,M2
C02903,36055453,16.67,21.05,M3e
C02904,36021009,6.55,25.73,M3d
C02905,36029496,8.85,9.39,M3d
C02906,36038754,11.62,10.70,M2
C02907,36057356,17.25,13.50,M1
C02908,36050896,15.08,18.84,M1
C02909,36058340,17.54,20.05,M3d
C02910,36059789,17.86,12.90,M3d
C02911,36007048,2.13,21.71,M2
C02912,36030275,9.11,25.94,M2
C02913,36097724,29.14,23.20,M3d
C02914,36010065,3.02,18.96,M3s
C02915,36042672,12.66,19.68,M3h
C02916,36080571,24.18,25.01,M3d
C02917,36008280,2.69,29.35,M2
C02918,36034353,10.21,5.87,M1
C02919,36056206,16.92,6.22,M3h
C02920,36062869,18.67,28.47,M2
C02921,36000921,0.03,11.62,M2
C02922,36097501,29.35,19.45,M3s
C02923,36033492,9.92,9.01,M3s
C02924,36021091,6.38,11.15,M3s
C02925,36050247,15.11,6.77,M1
C02926,36099761,29.93,18.38,M2
C02927,36082849,24.84,12.95,M3h
C02928,36027691,8.28,6.48,M1
C02929,36031674,9.59,10.61,M1
C02930,36083792,24.98,12.04,M3d
C02931,36050337,15.13,17.64,M1
C02932,36014686,4.35,2.58,M3d
C02933,36029010,8.76,2.41,M3d
C02934,36065396,19.76,9.38,M3s
C02935,36042637,12.65,4.91,M3s
C02936,36058663,17.43,12.94,M3s
C02937,36035652,10.77,16.25,M3h
C02938,36071722,21.56,16.53,M2
C02939,36027297,8.37,27.43,M3h
C02940,36051631,15.40,13.18,M3d
C02941,36078553,23.46,23.51,M3s
C02942,36028420,8.47,4.64,M1
C02943,36055833,16.75,19.62,M3d
C02944,36053463,16.18,15.97,M2
C02945,36038416,11.68,29.32,M3d
C02946,36029887,8.76,15.94,M2
C02947,36016376,5.09,28.23,M2
C02948,36001278,0.50,10.81,M3s
C02949,36023897,6.91,24.65,M3s
C02950,36025665,7.74,1.85,M1
C02951,36017756,5.13,0.92,M2
C02952,36023324,7.02,12.45,M3s
C02953,36016329,5.02,19.45,M3e
C02954,36035755,10.62,13.97,M1
C02955,36072003,21.76,24.85,M3s
C02956,36045524,13.54,21.06,M3s
C02957,36017293,5.30,21.42,M2
C02958,36082822,24.61,10.88,M2
C02959,36097191,29.28,22.48,M3d
C02960,36068028,20.46,1.36,M3s
C02961,36025133,7.62,9.64,M3d
C02962,36005566,1.70,4.92,M3d
C02963,36045458,13.63,2.56,M3e
C02964,36021167,6.52,22.09,M3d
C02965,36053569,16.14,1.51,M3h
C02966,36009233,2.89,29.30,M2
C02967,36011400,3.56,10.46,M3d
C02968,36006840,1.83,19.74,M3s
C02969,36067553,20.39,12.54,M2
C02970,36089330,26.99,15.69,M1
C02971,36098560,29.48,2.33,M3d
C02972,36056614,16.86,17.61,M2
C02973,36001067,0.30,18.52,M3d
C02974,36095303,28.72,23.92,M3d
C02975,36050577,15.11,11.52,M1
C02976,36054402,16.21,12.68,M3d
C02977,36076131,22.83,16.21,M3d
C02978,36050929,15.02,8.86,M2
C02979,36046762,14.07,5.47,M1
C02980,36053603,15.99,19.57,M3e
C02981,36071632,21.39,25.91,M3s
C02982,36078489,23.47,27.57,M3d
C02983,36088832,26.51,20.05,M2
C02984,36041862,12.47,29.75,M1
C02985,36006957,1.86,29.68,M3s
C02986,36018422,5.64,23.28,M3e
C02987,36017856,5.32,18.23,M3e
C02988,36087578,26.23,12.23,M3s
C02989,36027787,8.24,24.69,M2
C02990,36017387,5.35,24.46,M1
C02991,36057336,17.38,15.08,M1
C02992,36095729,28.60,2.99,M1
C02993,36005846,1.61,13.68,M1
C02994,36005467,1.56,22.94,M1
C02995,36090793,27.08,8.43,M3d
C02996,36089247,26.95,5.58,M3h
C02997,36040141,12.20,9.84,M1
C02998,36094620,28.27,21.17,M3d
C02999,36079696,23.78,8.54,M3h
C03000,36000858,0.29,9.11,M2
C03001,36088385,26.42,2.01,M3s
C03002,36071264,21.60,24.06,M3h
C03003,36087644,26.33,11.02,M1
C03004,36034495,10.23,29.34,M3h
C03005,36067748,20.33,23.87,M3h
C03006,36008713,2.46,24.17,M3d
C03007,36010548,3.18,4.87,M2
C03008,36067165,20.28,14.19,M3e
C03009,36016529,5.09,19.04,M3e
C03010,36045649,13.57,12.96,M1
C03011,36062204,18.62,25.71,M3s
C03012,36008887,2.54,7.68,M3s
C03013,36072358,21.90,26.99,M3h
C03014,36041751,12.46,3.64,M2
C03015,36004503,1.27,18.75,M2
C03016,36073829,22.11,2.22,M2
C03017,36078508,23.56,17.53,M1
C03018,36072238,21.82,5.31,M3s
C03019,36048525,14.46,6.75,M3h
C03020,36012816,3.80,28.29,M3h
C03021,36065858,19.78,5.82,M1
C03022,36061858,18.37,21.20,M3s
C03023,36033638,9.92,6.16,M1
C03024,36070047,21.29,12.32,M3d
C03025,36005868,1.69,11.88,M3d
C03026,36053401,16.17,5.63,M1
C03027,36010758,3.22,20.99,M3d
C03028,36020542,6.24,24.74,M2
C03029,36040969,12.05,13.37,M3d
C03030,36085399,25.55,14.02,M3d
C03031,36003279,1.15,23.56,M3d
C03032,36030757,9.03,23.76,M3e
C03033,36014729,4.40,23.49,M1
C03034,36015787,4.68,6.07,M2
C03035,36039707,11.86,17.62,M3s
C03036,36093483,27.96,0.29,M2
C03037,36002988,0.69,19.91,M3s
C03038,36038114,11.55,6.78,M3s
C03039,36059867,17.71,21.39,M3h
C03040,36047399,14.26,29.13,M3s
C03041,36004004,1.39,21.32,M2
C03042,36041619,12.53,17.73,M3h
C03043,36007420,2.18,21.87,M2
C03044,36036301,10.98,0.34,M3s
C03045,36072959,21.60,3.84,M2
C03046,36004537,1.32,5.93,M1
C03047,36048684,14.50,14.01,M3h
C03048,36074538,22.36,2.79,M2
C03049,36068824,20.50,9.97,M3h
C03050,36006478,2.01,29.52,M3d
C03051,36041712,12.44,25.80,M1
C03052,36029139,8.74,0.67,M1
C03053,36070798,21.17,27.37,M3d
C03054,36030239,9.07,25.84,M2
C03055,36022813,6.76,20.87,M3s
C03056,36067470,20.28,28.48,M2
C03057,36055796,16.59,19.63,M2
C03058,36055614,16.77,10.94,M2
C03059,36066826,19.98,9.80,M1
C03060,36034629,10.49,23.34,M2
C03061,36035712,10.72,7.96,M3s
C03062,36032605,9.73,23.58,M3s
C03063,36068791,20.56,29.32,M2
C03064,36097307,29.18,28.89,M3d
C03065,36004049,1.47,2.15,M3s
C03066,36063684,19.12,12.12,M3h
C03067,36090766,27.02,15.44,M3d
C03068,36001102,0.38,10.05,M3h
C03069,36024879,7.39,18.99,M3d
C03070,36022439,6.64,13.74,M3d
C03071,36086553,26.08,18.97,M3e
C03072,36028121,8.53,2.53,M3d
C03073,36065918,19.64,13.02,M3h
C03074,36081796,24.57,19.24,M2
C03075,36072189,21.73,15.65,M1
C03076,36054612,16.36,13.76,M3e
C03077,36068034,20.68,5.43,M3d
C03078,36086038,26.06,29.50,M3e
C03079,36023270,6.91,9.17,M2
C03080,36033121,9.92,10.40,M3s
C03081,36019662,5.80,16.06,M3h
C03082,36094417,28.42,28.51,M3d
C03083,36037779,11.11,27.73,M3h
C03084,36040378,12.21,3.26,M3s
C03085,36019488,5.87,28.03,M3h
C03086,36001850,0.35,20.52,M2
C03087,36006971,1.83,11.27,M1
C03088,36002862,0.73,13.78,M3d
C03089,36050515,15.17,2.06,M3s
C03090,36086669,25.81,28.56,M3d
C03091,36010844,3.02,23.58,M3e
C03092,36007143,2.30,28.25,M3d
C03093,36053152,16.18,3.79,M2
C03094,36055048,16.52,29.48,M3d
C03095,36043968,13.18,7.09,M3s
C03096,36034599,10.23,7.52,M1
C03097,36021352,6.32,3.29,M2
C03098,36097911,29.29,9.16,M1
C03099,36007012,2.35,19.24,M2
C03100,36087663,26.20,6.75,M1
C03101,36064088,19.26,13.48,M3e
C03102,36062879,18.83,25.26,M2
C03103,36042258,12.67,16.33,M1
C03104,36051132,15.41,19.63,M2
C03105,36040510,12.08,25.14,M2
C03106,36008438,2.49,4.07,M3d
C03107,36082868,24.67,11.58,M3h
C03108,36060225,18.30,11.25,M2
C03109,36058888,17.62,26.40,M1
C03110,36076772,22.98,5.29,M1
C03111,36065092,19.54,12.94,M2
C03112,36086061,25.92,6.96,M3h
C03113,36011391,3.35,27.34,M2
C03114,36014470,4.23,16.51,M1
C03115,36014700,4.44,5.13,M3h
C03116,36032853,9.70,5.36,M1
C03117,36022742,6.73,21.82,M1
C03118,36028772,8.53,16.07,M2
C03119,36072377,21.88,12.19,M3h
C03120,36037028,11.14,19.11,M2
C03121,36033773,10.03,6.64,M1
C03122,36033083,10.13,22.30,M3h
C03123,36019215,5.81,15.63,M3d
C03124,36090036,27.22,25.58,M3s
C03125,36086523,25.87,19.04,M2
C03126,36009118,2.97,1.55,M1
C03127,36002071,0.77,4.91,M1
C03128,36026915,7.88,15.85,M3s
C03129,36077230,23.37,16.34,M3h
C03130,36099815,29.77,15.25,M3h
C03131,36085096,25.75,15.30,M2
C03132,36046225,13.96,1.11,M3d
C03133,36052022,15.67,23.87,M3d
C03134,36084347,25.37,14.43,M2
C03135,36044698,13.39,18.94,M1
C03136,36051620,15.58,10.08,M3d
C03137,36027350,8.40,29.46,M1
C03138,36089108,26.86,20.33,M2
C03139,36098047,29.56,27.38,M3e
C03140,36032466,9.71,14.03,M3d
C03141,36038227,11.45,28.53,M2
C03142,36006320,1.80,3.02,M3h
C03143,36019515,5.97,9.40,M3d
C03144,36023019,7.18,14.18,M1
C03145,36063188,19.15,11.13,M3d
C03146,36064920,19.40,20.71,M3h
C03147,36060462,18.17,2.01,M3e
C03148,36092456,27.75,29.79,M1
C03149,36073907,22.08,11.64,M3d
C03150,36073073,22.05,16.38,M3s
C03151,36097182,29.26,9.51,M3s
C03152,36015741,4.78,6.59,M3e
C03153,36014039,4.44,22.48,M3s
C03154,36059025,17.92,29.72,M1
C03155,36092233,27.88,6.70,M3s
C03156,36093125,28.09,15.39,M2
C03157,36089933,26.81,16.37,M3h
C03158,36096438,28.94,3.65,M1
C03159,36078556,23.51,3.40,M3d
C03160,36021852,6.48,27.84,M2
C03161,36077620,23.31,18.38,M3s
C03162,36089381,26.98,13.35,M2
C03163,36068908,20.62,12.27,M3d
C03164,36024052,7.37,10.85,M2
C03165,36087549,26.31,9.43,M3d
C03166,36047353,14.34,13.27,M1
C03167,36080785,24.10,10.14,M3e
C03168,36024870,7.41,29.09,M2
C03169,36034039,10.38,0.09,M2
C03170,36026262,8.05,16.77,M1
C03171,36084756,25.46,18.87,M1
C03172,36065031,19.75,1.10,M2
C03173,36092923,27.73,14.10,M3h
C03174,36010584,3.19,29.57,M3h
C03175,36015275,4.56,5.67,M2
C03176,36082003,24.82,26.77,M2
C03177,36073707,22.20,13.00,M3d
C03178,36066589,20.04,18.46,M3d
C03179,36015394,4.78,18.42,M3e
C03180,36017666,5.16,3.52,M1
C03181,36055899,16.59,4.88,M3s
C03182,36083718,24.92,15.63,M3d
C03183,36076545,23.03,14.95,M3d
C03184,36032147,9.62,21.27,M2
C03185,36022302,6.68,1.22,M3d
C03186,36058240,17.42,16.84,M3d
C03187,36062561,18.66,24.92,M2
C03188,36052515,15.79,17.84,M1
C03189,36014479,4.40,17.62,M3e
C03190,36000763,0.02,19.35,M3d
C03191,36062790,18.90,2.58,M3h
C03192,36011402,3.42,27.02,M2
C03193,36059210,17.73,8.29,M2
C03194,36086420,26.07,11.50,M3h
C03195,36065596,19.53,25.92,M3d
C03196,36022326,6.87,16.94,M2
C03197,36017672,5.12,15.10,M2
C03198,36059887,17.88,14.61,M3h
C03199,36030690,9.12,6.46,M3d
C03200,36063023,19.05,29.09,M3e
C03201,36024215,7.32,25.67,M1
C03202,36003952,0.93,11.40,M3d
C03203,36007130,2.31,1.31,M2
C03204,36031593,9.50,22.99,M3h
C03205,36005916,1.51,17.62,M3d
C03206,36073421,22.01,26.17,M3d
C03207,36012584,3.83,21.76,M2
C03208,36087152,26.21,4.46,M3h
C03209,36003403,1.01,20.07,M2
C03210,36043985,13.05,21.55,M3e
C03211,36030041,9.23,26.53,M3s
C03212,36082747,24.76,27.12,M3d
C03213,36071455,21.36,10.22,M3e
C03214,36025431,7.77,26.19,M3h
C03215,36024677,7.48,4.99,M3h
C03216,36059412,17.89,3.94,M3s
C03217,36012881,3.83,3.23,M3s
C03218,36090126,27.11,20.63,M3e
C03219,36063330,19.17,16.42,M3h
C03220,36007411,2.23,10.71,M3e
C03221,36043261,13.13,8.14,M1
C03222,36052779,15.80,22.01,M3s
C03223,36086248,25.94,10.99,M2
C03224,36002530,0.85,13.64,M1
C03225,36034463,10.29,5.16,M3d
C03226,36061179,18.47,10.88,M3s
C03227,36046625,14.07,12.67,M3d
C03228,36062891,18.76,26.11,M1
C03229,36046655,14.08,26.65,M3h
C03230,36029028,8.80,18.78,M3e
C03231,36092961,27.74,27.46,M2
C03232,36016314,5.08,19.98,M3h
C03233,36043535,13.09,17.84,M3s
C03234,36055153,16.67,13.46,M2
C03235,36014404,4.33,12.21,M2
C03236,36000147,0.03,27.44,M3s
C03237,36091475,27.30,12.92,M3d
C03238,36010143,3.22,18.82,M1
C03239,36018806,5.48,26.32,M2
C03240,36088847,26.52,12.08,M3d
C03241,36096141,29.09,10.85,M3h
C03242,36016533,4.87,18.12,M2
C03243,36013894,4.11,13.65,M3h
C03244,36064803,19.45,12.32,M3d
C03245,36011205,3.45,1.67,M1
C03246,36016866,5.05,7.62,M3s
C03247,36014953,4.21,27.76,M1
C03248,36033467,10.08,16.72,M3d
C03249,36092338,27.82,26.95,M3h
C03250,36010602,3.10,4.97,M3s
C03251,36020154,6.04,21.62,M3s
C03252,36001285,0.54,14.87,M2
C03253,36040077,12.11,19.11,M3d
C03254,36084429,25.35,22.92,M1
C03255,36069667,20.73,20.03,M3h
C03256,36048446,14.60,6.87,M3d
C03257,36037337,11.23,15.23,M3s
C03258,36043786,13.14,23.71,M3s
C03259,36010311,3.04,2.43,M3d
C03260,36053209,16.08,2.77,M3h
C03261,36091453,27.50,9.96,M3e
C03262,36095307,28.55,2.57,M3h
C03263,36070349,21.17,23.82,M3s
C03264,36071853,21.30,15.46,M2
C03265,36012253,3.86,24.71,M1
C03266,36090403,27.01,10.54,M3d
C03267,36072164,21.64,17.87,M2
C03268,36085741,25.60,18.91,M3d
C03269,36048101,14.42,27.56,M3e
C03270,36078820,23.43,21.82,M1
C03271,36007692,2.36,4.70,M1
C03272,36030319,9.08,15.42,M1
C03273,36034599,10.48,1.92,M3d
C03274,36057089,17.29,4.04,M1
C03275,36075622,22.67,13.06,M3d
C03276,36021212,6.39,26.08,M2
C03277,36036633,10.92,19.24,M2
C03278,36058839,17.57,6.67,M3d
C03279,36090714,27.06,1.91,M2
C03280,36009294,2.90,28.22,M3d
C03281,36073468,22.20,19.82,M3d
C03282,36071289,21.48,5.66,M3d
C03283,36083239,25.02,0.38,M2
C03284,36082349,24.86,16.53,M2
C03285,36024105,7.32,2.06,M3d
C03286,36034631,10.28,27.16,M1
C03287,36089010,26.74,28.66,M3d
C03288,36027859,8.29,15.49,M3d
C03289,36042440,12.61,25.23,M1
C03290,36016183,5.08,12.65,M3h
C03291,36048701,14.42,10.20,M2
C03292,36091210,27.56,25.23,M2
C03293,36027632,8.28,29.54,M3e
C03294,36042028,12.76,16.19,M3s
C03295,36015375,4.78,22.75,M1
C03296,36043264,12.96,16.17,M3s
C03297,36027383,8.29,15.22,M3s
C03298,36004773,1.46,1.40,M3d
C03299,36095237,28.57,8.51,M3d
C03300,36006806,2.07,11.76,M3h
C03301,36023957,7.06,21.88,M3d
C03302,36070212,21.06,23.94,M3h
C03303,36031221,9.51,8.54,M1
C03304,36023738,6.92,23.80,M2
C03305,36022741,6.75,11.27,M1
C03306,36004987,1.46,24.84,M3h
C03307,36017763,5.23,7.68,M3d
C03308,36087243,26.20,10.14,M3s
C03309,36085423,25.53,19.13,M1
C03310,36022345,6.80,20.81,M2
C03311,36046185,14.00,15.33,M1
C03312,36003400,1.14,7.32,M3s
C03313,36090688,27.05,28.86,M3d
C03314,36086519,25.97,17.40,M3d
C03315,36013546,4.00,10.88,M3d
C03316,36077852,23.12,2.41,M3h
C03317,36076935,22.82,23.89,M2
C03318,36067358,20.16,21.21,M1
C03319,36013308,4.10,29.09,M3s
C03320,36039604,11.90,15.59,M2
C03321,36024201,7.21,9.62,M2
C03322,36051912,15.37,10.28,M3h
C03323,36044744,13.48,7.52,M3d
C03324,36093049,28.06,12.02,M3s
C03325,36054686,16.21,8.82,M3e
C03326,36094234,28.28,27.13,M3s
C03327,36007819,2.26,26.46,M3h
C03328,36003643,1.11,9.47,M3s
C03329,36039045,11.76,19.41,M2
C03330,36075645,22.73,17.48,M1
C03331,36048093,14.46,12.02,M3s
C03332,36001045,0.46,9.29,M3d
C03333,36061777,18.34,26.74,M2
C03334,36020912,6.21,25.51,M3s
C03335,36047283,14.15,0.82,M3e
C03336,36092446,27.67,18.88,M2
C03337,36055008,16.79,6.95,M2
C03338,36065382,19.57,21.14,M3h
C03339,36065290,19.79,4.12,M3d
C03340,36025698,7.79,19.70,M3h
C03341,36058013,17.42,2.17,M3d
C03342,36044138,13.22,24.21,M2
C03343,36096483,28.96,13.00,M2
C03344,36008523,2.43,15.49,M3e
C03345,36012232,3.62,10.68,M3s
C03346,36052400,15.84,4.27,M3e
C03347,36046260,13.85,16.63,M3e
C03348,36088458,26.60,22.82,M2
C03349,36063162,19.05,17.73,M3s
C03350,36019123,5.89,13.19,M2
C03351,36071598,21.31,13.61,M3h
C03352,36068047,20.50,29.36,M3d
C03353,36025251,7.65,11.62,M3h
C03354,36082369,24.61,18.77,M2
C03355,36032643,9.88,3.81,M1
C03356,36077505,23.19,24.15,M3h
C03357,36068508,20.61,22.19,M2
C03358,36006246,2.08,11.38,M2
C03359,36051464,15.32,4.45,M3d
C03360,36059588,17.88,16.43,M3e
C03361,36089058,26.95,19.91,M1
C03362,36013351,4.01,18.49,M1
C03363,36070745,21.23,2.63,M3h
C03364,36049875,14.91,10.06,M3h
C03365,36080988,24.26,21.24,M2
C03366,36086852,25.82,16.32,M3d
C03367,36085232,25.50,3.65,M3e
C03368,36034131,10.27,6.69,M3s
C03369,36038998,11.62,16.50,M3s
C03370,36044781,13.44,14.05,M2
C03371,36099346,29.92,25.39,M3e
C03372,36061741,18.41,8.53,M3h
C03373,36001061,0.40,26.59,M1
C03374,36028705,8.60,28.29,M3d
C03375,36017168,5.32,29.88,M3d
C03376,36066239,20.02,3.67,M2
C03377,36014244,4.31,20.96,M3s
C03378,36059551,17.95,26.79,M3h
C03379,36011007,3.45,4.38,M2
C03380,36040442,12.23,2.91,M1
C03381,36053889,16.17,23.67,M3s
C03382,36052573,15.77,11.43,M3d
C03383,36037340,11.27,23.77,M3d
C03384,36019542,6.00,13.19,M2
C03385,36097858,29.22,8.54,M3d
C03386,36078768,23.56,2.86,M3d
C03387,36042176,12.82,5.09,M2
C03388,36057668,17.14,20.71,M3e
C03389,36050313,15.07,14.24,M2
C03390,36001437,0.48,26.25,M3d
C03391,36024752,7.37,9.26,M3s
C03392,36012910,3.90,9.68,M1
C03393,36049061,14.81,23.80,M3d
C03394,36029924,8.85,3.29,M3h
C03395,36011541,3.43,24.00,M3d
C03396,36020955,6.18,10.47,M2
C03397,36001478,0.42,5.66,M3d
C03398,36006139,1.99,26.88,M1
C03399,36008629,2.52,29.10,M2
C03400,36089347,26.92,22.56,M3d
C03401,36015933,4.51,16.91,M3s
C03402,36014830,4.49,10.40,M2
C03403,36001831,0.59,24.07,M3e
C03404,36095126,28.77,1.33,M3s
C03405,36076075,22.91,24.97,M1
C03406,36015243,4.79,6.72,M3e
C03407,36017507,5.38,22.11,M1
C03408,36055552,16.51,20.50,M1
C03409,36032374,9.85,5.03,M2
C03410,36004369,1.43,17.96,M3s
C03411,36018184,5.46,5.70,M3h
C03412,36095038,28.64,6.05,M3d
C03413,36004398,1.30,9.09,M3d
C03414,36008337,2.40,29.17,M3e
C03415,36068700,20.57,25.81,M3s
C03416,36091139,27.47,7.81,M3d
C03417,36007439,2.26,3.51,M3d
C03418,36063178,19.03,16.77,M2
C03419,36086809,26.01,28.46,M3d
C03420,36012013,3.89,22.48,M3s
C03421,36018719,5.51,27.28,M3d
C03422,36008762,2.54,9.45,M2
C03423,36084501,25.30,13.44,M2
C03424,36095761,28.79,0.53,M2
C03425,36005593,1.59,20.90,M3d
C03426,36066541,19.92,23.18,M1
C03427,36024778,7.49,15.16,M3d
C03428,36056062,16.93,26.34,M3d
C03429,36024407,7.30,19.00,M3d
C03430,36090502,27.04,29.30,M3s
C03431,36095839,28.71,11.42,M3s
C03432,36093993,28.15,18.57,M3d
C03433,36073458,22.18,13.16,M1
C03434,36087291,26.16,0.84,M3e
C03435,36060872,18.27,3.75,M3d
C03436,36068902,20.48,8.31,M3h
C03437,36013354,4.15,10.67,M3d
C03438,36000835,0.10,20.07,M1
C03439,36007591,2.29,24.57,M3s
C03440,36054678,16.47,28.03,M2
C03441,36006428,2.07,19.21,M3d
C03442,36030460,9.05,24.93,M2
C03443,36049521,14.95,5.06,M2
C03444,36039771,11.77,7.53,M1
C03445,36035217,10.73,2.93,M3s
C03446,36037567,11.19,18.42,M3s
C03447,36021573,6.58,13.74,M1
C03448,36049432,14.94,24.78,M2
C03449,36073696,22.14,20.27,M2
C03450,36080491,24.07,9.58,M3d
C03451,36040024,12.02,27.00,M2
C03452,36068417,20.70,0.99,M3d
C03453,36051290,15.31,21.43,M3h
C03454,36029518,8.94,19.21,M3s
C03455,36096869,28.97,24.57,M3d
C03456,36050586,15.12,27.91,M3d
C03457,36090350,27.21,25.62,M1
C03458,36065062,19.77,7.32,M3h
C03459,36067851,20.19,15.19,M3h
C03460,36043723,13.00,15.93,M3s
C03461,36004355,1.28,11.60,M3e
C03462,36029968,8.85,16.80,M3s
C03463,36034997,10.30,12.41,M3h
C03464,36086468,25.81,16.67,M3s
C03465,36044260,13.26,26.66,M3h
C03466,36075887,22.62,22.52,M3d
C03467,36027556,8.21,0.14,M2
C03468,36030132,9.17,24.47,M1
C03469,36007885,2.25,15.83,M3e
C03470,36047580,14.32,0.36,M3s
C03471,36045274,13.62,26.80,M3h
C03472,36082784,24.87,14.58,M3h
C03473,36068184,20.46,6.34,M2
C03474,36003176,1.02,9.10,M2
C03475,36028338,8.53,25.11,M3d
C03476,36034284,10.28,5.45,M3d
C03477,36009509,2.74,27.47,M2
C03478,36064297,19.25,18.44,M1
C03479,36091470,27.35,0.83,M3e
C03480,36066702,19.94,15.90,M3d
C03481,36049223,14.98,15.78,M2
C03482,36067321,20.22,13.43,M3s
C03483,36064275,19.41,15.45,M3s
C03484,36041413,12.55,23.43,M3e
C03485,36093081,28.20,15.95,M3e
C03486,36085620,25.57,28.93,M3d
C03487,36001820,0.56,28.45,M2
C03488,36030083,9.27,17.23,M2
C03489,36018866,5.61,16.72,M3e
C03490,36047063,14.33,17.10,M3h
C03491,36091942,27.36,19.15,M3d
C03492,36029493,8.85,9.46,M3d
C03493,36040353,12.24,3.71,M3h
C03494,36066392,20.07,21.39,M3h
C03495,36042187,12.83,26.74,M3d
C03496,36015836,4.65,9.29,M3h
C03497,36041447,12.40,13.15,M1
C03498,36096860,29.00,18.14,M2
C03499,36042935,12.70,16.91,M2
C03500,36076889,23.02,4.03,M3s
C03501,36029359,8.85,23.72,M1
C03502,36003578,1.17,23.82,M3d
C03503,36060464,18.23,17.17,M3d
C03504,36036528,11.05,10.99,M3h
C03505,36051764,15.32,1.99,M2
C03506,36069806,20.77,16.21,M2
C03507,36093408,28.17,17.04,M1
C03508,36052683,15.72,20.51,M2
C03509,36062675,18.75,15.00,M3s
C03510,36007828,2.39,28.00,M3d
C03511,36094012,28.37,11.25,M1
C03512,36025638,7.51,23.31,M3d
C03513,36024745,7.21,0.94,M3s
C03514,36096303,29.03,29.55,M3e
C03515,36068246,20.52,10.28,M3h
C03516,36026588,8.05,4.71,M3h
C03517,36071108,21.45,10.59,M2
C03518,36072831,21.61,3.85,M3d
C03519,36079233,23.92,2.90,M3s
C03520,36069812,20.76,4.68,M3d
C03521,36047391,14.17,10.32,M3s
C03522,36068760,20.48,18.10,M3s
C03523,36017155,5.20,17.14,M2
C03524,36085786,25.66,24.46,M2
C03525,36038179,11.65,27.39,M3e
C03526,36045237,13.54,14.98,M3e
C03527,36078190,23.59,13.66,M3d
C03528,36042727,12.72,22.22,M2
C03529,36016562,4.99,20.54,M3e
C03530,36069747,20.76,6.15,M3h
C03531,36078639,23.51,17.65,M3e
C03532,36070815,21.28,20.95,M3e
C03533,36051779,15.35,12.15,M3s
C03534,36052824,15.76,17.08,M3e
C03535,36005463,1.66,11.59,M1
C03536,36079832,23.81,8.57,M2
C03537,36022955,6.87,27.51,M2
C03538,36046217,14.08,28.07,M3d
C03539,36020450,6.02,22.92,M3e
C03540,36020598,6.01,17.64,M2
C03541,36030251,9.28,16.03,M3h
C03542,36084321,25.40,8.46,M3s
C03543,36037770,11.35,8.19,M3s
C03544,36097577,29.25,4.75,M3h
C03545,36074438,22.30,10.50,M3s
C03546,36044475,13.21,13.75,M3s
C03547,36004701,1.23,17.43,M3h
C03548,36037725,11.20,6.14,M3e
C03549,36056440,16.83,21.39,M1
C03550,36057476,17.40,23.30,M3h
C03551,36015899,4.55,3.33,M1
C03552,36044634,13.45,10.45,M3d
C03553,36064926,19.46,9.66,M3h
C03554,36024181,7.50,24.37,M3e
C03555,36098450,29.42,6.54,M3d
