C00001,36062339,18.90,26.18,M3d
C00002,36077267,23.15,21.51,M2
C00003,36054435,16.43,6.13,M3e
C00004,36056349,17.08,6.26,M2
C00005,36031093,9.45,16.61,M3s
C00006,36087995,26.16,22.64,M3h
C00007,36067248,20.37,8.18,M2
C00008,36007918,2.36,7.36,M3d
C00009,36069117,20.84,22.27,M3e
C00010,36071981,21.52,6.48,M2
C00011,36046211,14.02,10.46,M1
C00012,36059333,17.96,10.45,M3s
C00013,36072105,21.86,8.14,M2
C00014,36067209,20.21,22.59,M1
C00015,36068964,20.62,4.00,M2
C00016,36076598,22.94,3.29,M3h
C00017,36015675,4.73,14.31,M3d
C00018,36066777,19.93,6.87,M2
C00019,36068338,20.47,26.26,M3s
C00020,36065887,19.66,22.31,M3e
C00021,36064611,19.33,22.52,M1
C00022,36061767,18.35,18.75,M3s
C00023,36080499,24.05,20.08,M2
C00024,36065343,19.78,24.68,M3s
C00025,36052796,15.65,10.63,M2
C00026,36021321,6.47,4.86,M3e
C00027,36062523,18.74,8.85,M2
C00028,36056067,17.01,5.46,M2
C00029,36076371,22.91,25.83,M3d
C00030,36053469,15.93,22.62,M3d
C00031,36088235,26.41,22.07,M1
C00032,36078691,23.59,25.24,M3s
C00033,36073405,22.13,9.85,M2
C00034,36024004,7.35,9.22,M3d
C00035,36052215,15.64,20.59,M2
C00036,36074762,22.29,23.93,M1
C00037,36077850,23.21,24.28,M3e
C00038,36091248,27.55,23.78,M3e
C00039,36086424,25.89,24.44,M2
C00040,36074138,22.44,7.92,M3h
C00041,36089003,26.88,21.83,M3s
C00042,36071261,21.54,23.24,M3s
C00043,36085451,25.75,22.21,M1
C00044,36069318,20.97,10.13,M3e
C00045,36083805,25.12,19.99,M1
C00046,36069020,20.84,7.82,M3h
C00047,36068695,20.61,24.03,M2
C00048,36070357,21.27,7.80,M2
C00049,36064235,19.45,20.98,M3d
C00050,36051646,15.41,19.38,M3d
C00051,36065177,19.55,2.07,M2
C00052,36056597,16.86,9.02,M3h
C00053,36066390,19.94,23.02,M3h
C00054,36067299,20.39,26.12,M2
C00055,36045410,13.52,8.95,M3e
C00056,36070370,21.29,10.73,M2
C00057,36060584,18.29,5.82,M3e
C00058,36086643,25.92,22.11,M3e
C00059,36050087,15.14,21.11,M3d
C00060,36014835,4.48,6.13,M3e
C00061,36085679,25.71,21.93,M1
C00062,36054850,16.48,21.70,M3s
C00063,36074451,22.22,23.42,M1
C00064,36050255,15.26,22.34,M3e
C00065,36074730,22.24,21.56,M2
C00066,36088174,26.52,21.96,M1
C00067,36076130,22.94,20.25,M3e
C00068,36022470,6.79,14.91,M1
C00069,36064819,19.28,9.64,M2
C00070,36088812,26.53,25.67,M1
C00071,36081993,24.40,21.27,M3h
C00072,36070764,21.18,25.92,M3s
C00073,36046235,13.80,4.25,M3e
C00074,36067422,20.14,7.75,M2
C00075,36081781,24.33,21.79,M3e
C00076,36058736,17.56,28.40,M3e
C00077,36050344,15.21,7.93,M2
C00078,36080595,24.02,22.40,M1
C00079,36022635,6.70,5.45,M3h
C00080,36059554,17.89,12.01,M1
C00081,36065721,19.71,10.16,M2
C00082,36054067,16.39,21.68,M1
C00083,36074036,22.47,24.52,M1
C00084,36072990,21.68,10.81,M3e
C00085,36067736,20.20,12.39,M3s
C00086,36070218,21.28,23.51,M3h
C00087,36018564,5.42,12.91,M3d
C00088,36017315,5.32,6.18,M3e
C00089,36069650,20.80,6.11,M3e
C00090,36030996,9.18,10.71,M3d
C00091,36065228,19.79,20.90,M1
C00092,36067672,20.15,10.75,M2
C00093,36058896,17.42,9.90,M3e
C00094,36059724,17.96,5.86,M2
C00095,36043203,13.04,21.59,M3s
C00096,36053948,16.15,9.17,M3d
C00097,36046466,13.82,21.48,M1
C00098,36040195,12.03,8.52,M1
C00099,36060051,18.15,12.73,M1
C00100,36065140,19.51,22.76,M1
C00101,36084054,25.48,22.64,M3s
C00102,36053989,15.95,5.81,M2
C00103,36072081,21.74,22.57,M3s
C00104,36075106,22.60,23.40,M1
C00105,36049869,14.93,5.50,M1
C00106,36076154,23.02,25.45,M1
C00107,36070148,21.14,8.28,M2
C00108,36019867,5.88,6.44,M3h
C00109,36022876,6.87,5.54,M1
C00110,36080993,24.06,22.70,M1
C00111,36088794,26.41,24.16,M3s
C00112,36032280,9.72,9.78,M1
C00113,36030686,9.02,10.01,M3e
C00114,36071205,21.31,7.49,M3h
C00115,36080925,24.27,23.48,M2
C00116,36044297,13.41,10.88,M2
C00117,36079662,23.88,21.01,M2
C00118,36058537,17.52,13.86,M3e
C00119,36087300,26.39,23.07,M2
C00120,36020211,6.17,12.81,M3d
C00121,36067628,20.28,22.73,M2
C00122,36087711,26.19,24.57,M3s
C00123,36066505,19.86,13.82,M2
C00124,36080416,24.28,19.72,M1
C00125,36079900,23.77,21.11,M1
C00126,36073478,22.18,22.77,M3d
C00127,36058553,17.62,21.23,M3e
C00128,36072104,21.67,21.97,M3e
C00129,36067751,20.19,9.40,M3e
C00130,36088563,26.42,22.85,M2
C00131,36088436,26.55,25.60,M1
C00132,36075972,22.51,24.16,M3s
C00133,36044120,13.39,8.67,M2
C00134,36020083,6.29,3.60,M1
C00135,36061974,18.48,7.08,M1
C00136,36025574,7.70,6.41,M1
C00137,36079864,23.99,21.48,M3h
C00138,36068927,20.42,22.30,M3s
C00139,36062078,18.74,26.29,M3s
C00140,36088446,26.68,24.99,M1
C00141,36060530,18.30,11.05,M3d
C00142,36067461,20.36,8.05,M3h
C00143,36091389,27.58,20.89,M3h
C00144,36053889,16.00,18.47,M3d
C00145,36065450,19.71,5.50,M3h
C00146,36056587,16.81,22.95,M3s
C00147,36076083,22.86,20.77,M1
C00148,36078185,23.54,21.62,M1
C00149,36068764,20.41,11.27,M2
C00150,36090779,27.15,26.48,M1
C00151,36059215,17.79,21.19,M3e
C00152,36088331,26.42,24.54,M2
C00153,36022942,6.77,2.90,M3d
C00154,36029923,8.93,8.05,M3d
C00155,36011502,3.46,3.28,M3s
C00156,36070706,21.15,25.80,M2
C00157,36054075,16.48,25.30,M2
C00158,36076275,22.83,25.68,M3e
C00159,36054427,16.32,7.38,M3h
C00160,36061440,18.46,27.02,M3s
C00161,36082012,24.75,19.03,M3s
C00162,36059545,17.86,20.67,M3s
C00163,36084385,25.43,24.22,M3s
C00164,36065185,19.72,11.28,M3h
C00165,36062769,18.85,22.84,M1
C00166,36063641,19.04,7.06,M3s
C00167,36064988,19.23,6.67,M2
C00168,36079663,23.91,24.20,M1
C00169,36068554,20.48,7.98,M3h
C00170,36076019,23.03,6.89,M3h
C00171,36025156,7.66,6.92,M3d
C00172,36076898,22.83,21.50,M3e
C00173,36082764,24.85,19.72,M3h
C00174,36069933,20.83,20.31,M1
C00175,36064226,19.37,17.86,M1
C00176,36057525,17.33,23.67,M3s
C00177,36061257,18.55,24.88,M2
C00178,36060011,18.04,9.59,M1
C00179,36058412,17.55,7.92,M3s
C00180,36058973,17.59,6.78,M3h
C00181,36066048,20.09,7.60,M2
C00182,36061568,18.49,19.77,M3e
C00183,36067729,20.23,20.10,M1
C00184,36077916,23.33,6.42,M3h
C00185,36017070,5.40,14.86,M3d
C00186,36085832,25.53,23.31,M3h
C00187,36086153,26.00,24.91,M3s
C00188,36047049,14.36,9.77,M1
C00189,36063379,19.13,11.62,M3s
C00190,36046694,14.08,19.84,M2
C00191,36071172,21.60,22.31,M1
C00192,36074962,22.40,20.52,M2
C00193,36061681,18.49,18.81,M3e
C00194,36063057,19.13,18.42,M3e
C00195,36080564,24.23,23.23,M2
C00196,36021493,6.32,2.64,M1
C00197,36091745,27.43,20.46,M2
C00198,36054384,16.48,11.65,M2
C00199,36045948,13.71,10.26,M2
C00200,36078957,23.68,24.57,M3s
C00201,36050358,15.01,21.06,M3d
C00202,36075961,22.78,7.01,M3h
C00203,36045316,13.61,11.08,M3d
C00204,36015547,4.74,7.85,M3d
C00205,36025514,7.64,5.42,M3e
C00206,36067426,20.14,9.20,M3h
C00207,36072545,21.82,7.76,M3s
C00208,36089810,26.87,18.91,M2
C00209,36059445,17.98,21.78,M1
C00210,36080710,24.05,9.44,M2
C00211,36073407,22.18,25.85,M2
C00212,36056621,16.80,24.44,M3s
C00213,36051541,15.54,20.50,M2
C00214,36073797,21.93,25.22,M1
C00215,36068677,20.41,6.55,M3h
C00216,36061899,18.36,6.23,M2
C00217,36086521,25.95,20.75,M3d
C00218,36083364,24.94,23.77,M1
C00219,36023990,7.20,8.39,M3d
C00220,36077153,23.20,9.70,M2
C00221,36067079,20.19,7.58,M2
C00222,36022579,6.67,11.09,M3d
C00223,36016768,5.05,12.65,M3d
C00224,36073001,22.06,23.11,M3s
C00225,36080968,24.29,21.01,M3s
C00226,36028751,8.45,8.71,M2
C00227,36056410,16.86,9.63,M3s
C00228,36078856,23.68,21.92,M3s
C00229,36072456,21.88,21.82,M1
C00230,36036741,11.09,9.74,M3d
C00231,36079957,23.78,10.28,M2
C00232,36070329,21.28,8.24,M3s
C00233,36053677,16.13,18.67,M3h
C00234,36049572,14.89,8.17,M3h
C00235,36075886,22.67,21.54,M1
C00236,36027347,8.37,6.52,M2
C00237,36093173,27.99,21.26,M1
C00238,36067087,20.15,9.90,M3h
C00239,36025902,7.53,3.21,M3d
C00240,36058265,17.64,8.09,M2
C00241,36082088,24.70,21.55,M1
C00242,36079587,23.93,11.39,M3s
C00243,36014851,4.40,5.80,M3e
C00244,36055145,16.58,22.06,M2
C00245,36082348,24.61,25.07,M1
C00246,36071818,21.39,24.88,M1
C00247,36027501,8.39,4.96,M3h
C00248,36073796,22.16,22.41,M1
C00249,36060193,18.14,22.62,M3s
C00250,36067383,20.39,22.28,M1
C00251,36054746,16.33,23.64,M1
C00252,36079633,23.80,24.12,M3h
C00253,36068330,20.66,9.74,M3h
C00254,36073070,22.11,19.28,M2
C00255,36063018,18.93,24.93,M3e
C00256,36054325,16.50,21.38,M3h
C00257,36074555,22.21,23.74,M2
C00258,36064284,19.48,21.76,M1
C00259,36058737,17.48,8.17,M2
C00260,36064153,19.49,5.69,M3h
C00261,36025046,7.71,12.66,M3d
C00262,36074371,22.36,20.74,M2
C00263,36065140,19.73,24.05,M2
C00264,36071287,21.40,8.76,M2
C00265,36069924,20.78,5.42,M2
C00266,36057527,17.35,24.71,M3h
C00267,36080848,24.08,22.48,M1
C00268,36056917,16.96,24.25,M3d
C00269,36084344,25.35,25.19,M3d
C00270,36069309,20.82,27.42,M3e
C00271,36067322,20.34,23.14,M2
C00272,36031909,9.56,3.96,M3h
C00273,36047048,14.38,12.28,M2
C00274,36064687,19.42,21.67,M3e
C00275,36042148,12.62,21.75,M3s
C00276,36020072,6.01,13.75,M3d
C00277,36065183,19.75,23.36,M3s
C00278,36065140,19.59,21.41,M3e
C00279,36026610,8.02,11.59,M3e
C00280,36080650,24.15,25.23,M3s
C00281,36079030,23.90,22.22,M3h
C00282,36063057,18.90,20.88,M1
C00283,36078185,23.66,24.07,M1
C00284,36079109,23.77,8.23,M2
C00285,36059324,17.96,22.97,M3s
C00286,36052774,15.86,7.16,M2
C00287,36086562,25.98,22.98,M2
C00288,36059923,17.71,22.03,M2
C00289,36052962,15.63,24.29,M3e
C00290,36065628,19.64,8.07,M1
C00291,36073735,22.01,25.34,M1
C00292,36048014,14.42,10.79,M3d
C00293,36069250,20.85,20.93,M1
C00294,36088680,26.47,20.16,M2
C00295,36056853,17.09,7.30,M3s
C00296,36051851,15.44,8.23,M2
C00297,36063419,19.14,21.29,M3s
C00298,36076490,23.09,6.23,M3h
C00299,36068571,20.42,7.71,M3e
C00300,36066236,19.85,9.50,M3s
C00301,36069204,20.94,9.69,M3h
C00302,36013306,3.99,6.92,M2
C00303,36055703,16.58,10.38,M3e
C00304,36036476,10.83,4.82,M1
C00305,36034847,10.28,1.57,M1
C00306,36066088,19.80,7.55,M3h
C00307,36043815,13.02,6.97,M1
C00308,36068206,20.67,10.85,M3s
C00309,36075311,22.73,23.11,M3s
C00310,36075112,22.66,22.70,M1
C00311,36066300,20.06,22.60,M2
C00312,36079211,23.72,11.68,M2
C00313,36082862,24.64,6.55,M2
C00314,36055441,16.69,22.58,M3s
C00315,36022717,6.75,9.85,M3e
C00316,36078650,23.59,7.83,M2
C00317,36074068,22.27,7.27,M3h
C00318,36083269,25.14,22.66,M3h
C00319,36082823,24.68,24.16,M1
C00320,36017132,5.40,4.54,M3s
C00321,36072920,21.64,24.88,M2
C00322,36078145,23.63,24.14,M1
C00323,36056156,17.10,8.64,M2
C00324,36061347,18.42,10.81,M3e
C00325,36058689,17.54,8.12,M3e
C00326,36052566,15.89,11.49,M2
C00327,36047636,14.21,8.90,M1
C00328,36023260,7.06,4.14,M1
C00329,36061811,18.42,22.93,M2
C00330,36092762,27.61,20.32,M3e
C00331,36076738,22.85,22.90,M3d
C00332,36077849,23.18,20.86,M3h
C00333,36054268,16.31,9.43,M1
C00334,36088290,26.56,21.90,M3e
C00335,36078829,23.46,19.56,M3e
C00336,36062101,18.72,7.47,M3s
C00337,36013567,3.97,2.44,M3h
C00338,36038541,11.59,8.84,M2
C00339,36091647,27.35,21.48,M3e
C00340,36057977,17.19,16.12,M2
C00341,36041083,12.39,17.82,M3d
C00342,36086545,25.84,20.92,M3h
C00343,36062928,18.68,24.07,M1
C00344,36069869,20.81,23.11,M3h
C00345,36014799,4.37,7.07,M3e
C00346,36081204,24.56,20.04,M3s
C00347,36065160,19.55,6.39,M2
C00348,36027512,8.22,5.92,M1
C00349,36026483,8.07,13.21,M3h
C00350,36045746,13.56,10.32,M3h
C00351,36072285,21.86,5.39,M3h
C00352,36047182,14.37,4.03,M2
C00353,36082849,24.80,21.98,M3h
C00354,36049295,14.90,21.06,M3d
C00355,36067287,20.30,5.96,M3h
C00356,36075984,22.66,22.62,M3s
C00357,36090953,27.16,22.35,M3s
C00358,36047819,14.35,8.26,M3e
C00359,36080796,24.03,24.08,M3s
C00360,36087468,26.26,23.48,M3h
C00361,36079834,23.87,21.10,M2
C00362,36042726,12.72,9.75,M1
C00363,36076788,23.01,21.00,M3e
C00364,36069224,20.84,21.77,M1
C00365,36059208,17.76,8.63,M3s
C00366,36086383,25.83,22.29,M1
C00367,36080473,24.04,21.92,M2
C00368,36065396,19.51,22.68,M3s
C00369,36057072,17.12,6.99,M2
C00370,36077612,23.38,21.91,M1
C00371,36060589,18.28,25.14,M1
C00372,36074763,22.38,10.40,M3e
C00373,36060921,18.25,7.51,M3s
C00374,36082608,24.87,23.02,M3s
C00375,36086395,26.05,25.54,M3s
C00376,36066936,20.06,9.94,M2
C00377,36077979,23.14,22.05,M3s
C00378,36070181,21.05,18.53,M2
C00379,36072970,21.76,6.69,M2
C00380,36072225,21.65,8.34,M2
C00381,36050232,15.11,9.24,M3e
C00382,36080815,24.14,22.17,M3e
C00383,36081851,24.56,1.93,M1
C00384,36076812,23.03,22.53,M1
C00385,36073399,21.95,4.55,M2
C00386,36068906,20.41,21.51,M3s
C00387,36072954,21.74,10.09,M2
C00388,36063198,18.91,7.01,M2
C00389,36070403,21.02,21.01,M2
C00390,36062885,18.73,6.09,M2
C00391,36083415,24.95,9.79,M3s
C00392,36053699,15.92,9.37,M2
C00393,36078366,23.58,23.22,M1
C00394,36055198,16.60,21.54,M3s
C00395,36094856,28.32,23.94,M3e
C00396,36081527,24.38,23.67,M2
C00397,36090483,27.10,22.28,M3s
C00398,36084786,25.34,24.15,M3s
C00399,36020276,6.13,4.25,M1
C00400,36072049,21.84,9.43,M2
C00401,36080391,24.19,16.97,M3h
C00402,36062574,18.81,7.85,M3h
C00403,36088549,26.59,24.54,M2
C00404,36073823,22.15,21.90,M3s
C00405,36071877,21.55,22.60,M1
C00406,36048734,14.42,19.34,M1
C00407,36056998,16.98,8.24,M2
C00408,36090590,27.02,23.17,M1
C00409,36062799,18.61,7.02,M1
C00410,36023072,7.02,7.48,M3h
C00411,36060951,18.05,9.77,M3h
C00412,36024584,7.20,4.17,M1
C00413,36054925,16.32,9.39,M3h
C00414,36077221,23.25,23.65,M3s
C00415,36066276,19.99,8.34,M3e
C00416,36080105,24.30,24.79,M2
C00417,36095053,28.55,24.68,M3s
C00418,36081383,24.38,24.27,M1
C00419,36019996,5.96,7.06,M3h
C00420,36041544,12.46,21.44,M3d
C00421,36065614,19.77,9.56,M3h
C00422,36055252,16.63,22.69,M3s
C00423,36060698,18.18,19.98,M3s
C00424,36072199,21.67,23.73,M1
C00425,36043072,13.16,10.16,M2
C00426,36058817,17.70,7.02,M3s
C00427,36039426,11.80,6.93,M3e
C00428,36085892,25.54,22.91,M1
C00429,36067578,20.16,16.55,M3s
C00430,36075888,22.75,21.48,M1
C00431,36076759,23.02,23.47,M3e
C00432,36029858,8.77,1.65,M1
C00433,36037526,11.31,21.42,M3s
C00434,36057689,17.11,18.60,M1
C00435,36058630,17.44,8.12,M2
C00436,36024661,7.41,9.34,M1
C00437,36058809,17.66,23.62,M2
C00438,36052526,15.80,20.83,M3d
C00439,36085797,25.52,21.58,M1
C00440,36074208,22.31,9.99,M2
C00441,36063316,19.19,9.55,M2
C00442,36071656,21.33,25.74,M1
C00443,36075929,22.64,22.41,M3s
C00444,36067443,20.14,21.11,M1
C00445,36060449,18.13,6.97,M1
C00446,36024690,7.26,5.26,M3e
C00447,36088884,26.45,21.42,M3e
C00448,36056013,16.93,21.67,M1
C00449,36054732,16.32,4.55,M2
C00450,36056183,16.88,8.19,M3s
C00451,36088637,26.41,21.96,M3e
C00452,36085773,25.55,22.54,M1
C00453,36065201,19.68,22.23,M3s
C00454,36076163,23.09,22.29,M1
C00455,36055585,16.74,9.61,M3s
C00456,36060817,18.11,20.50,M1
C00457,36064401,19.39,7.81,M2
C00458,36079387,23.89,21.48,M1
C00459,36017086,5.30,2.41,M3h
C00460,36046389,14.03,7.79,M1
C00461,36070842,21.23,9.97,M3s
C00462,36081298,24.52,22.52,M1
C00463,36068977,20.47,21.93,M2
C00464,36023636,6.94,5.55,M1
C00465,36056292,16.88,20.70,M3s
C00466,36068168,20.57,23.10,M3s
C00467,36063404,18.96,21.38,M3e
C00468,36080855,24.14,21.49,M3e
C00469,36075444,22.65,25.17,M3e
C00470,36068010,20.49,23.40,M3e
C00471,36086099,26.01,23.40,M1
C00472,36037469,11.38,4.90,M3s
C00473,36069853,20.84,8.88,M2
C00474,36056626,17.04,12.49,M2
C00475,36077120,23.16,22.42,M2
C00476,36058786,17.43,24.82,M2
C00477,36059183,18.00,22.70,M1
C00478,36083537,24.95,24.04,M3s
C00479,36010988,3.17,2.56,M1
C00480,36089600,26.77,25.19,M1
C00481,36076296,23.01,23.94,M3e
C00482,36059900,17.77,6.12,M3s
C00483,36053689,16.03,25.05,M3s
C00484,36052041,15.88,9.29,M1
C00485,36055689,16.74,19.94,M2
C00486,36020966,6.08,6.06,M2
C00487,36080741,24.04,24.14,M3d
C00488,36085030,25.78,25.90,M2
C00489,36076806,23.09,21.81,M3e
C00490,36057192,17.16,23.39,M3s
C00491,36059008,17.91,10.77,M3e
C00492,36055827,16.55,5.62,M3h
C00493,36043095,13.00,21.46,M2
C00494,36088083,26.64,22.16,M3s
C00495,36088648,26.50,24.09,M1
C00496,36056955,16.95,10.20,M2
C00497,36064728,19.47,9.11,M2
C00498,36057655,17.25,23.61,M3s
C00499,36070622,21.13,22.51,M1
C00500,36077767,23.13,23.14,M1
C00501,36033310,10.00,7.42,M1
C00502,36052248,15.84,20.33,M1
C00503,36018409,5.42,5.14,M3e
C00504,36054950,16.39,19.71,M3s
C00505,36080223,24.30,19.15,M1
C00506,36066863,19.91,22.67,M1
C00507,36046309,13.85,6.88,M1
C00508,36064504,19.31,22.81,M3s
C00509,36072252,21.83,6.41,M2
C00510,36067423,20.11,7.83,M2
C00511,36070859,21.21,21.89,M1
C00512,36070094,21.20,23.95,M2
C00513,36056869,16.82,19.71,M3s
C00514,36054346,16.25,21.88,M3s
C00515,36070029,21.26,19.58,M1
C00516,36025787,7.74,14.79,M1
C00517,36084774,25.26,20.89,M3e
C00518,36062332,18.60,22.16,M1
C00519,36046923,14.02,22.66,M3d
C00520,36066117,19.91,10.49,M3h
C00521,36018570,5.55,5.30,M3h
C00522,36062051,18.62,10.32,M2
C00523,36075456,22.65,22.31,M3e
C00524,36043355,13.02,10.94,M1
C00525,36066839,20.04,22.73,M3s
C00526,36073823,22.01,24.37,M3e
C00527,36071741,21.54,22.87,M3h
C00528,36058694,17.52,23.22,M1
C00529,36091816,27.49,23.59,M3h
C00530,36070700,21.00,6.81,M2
C00531,36086710,26.03,20.51,M1
C00532,36053403,16.01,21.92,M3d
C00533,36074469,22.49,20.48,M1
C00534,36046479,14.00,6.27,M1
C00535,36056646,16.82,20.50,M3d
C00536,36060633,18.05,20.96,M3e
C00537,36068126,20.56,6.90,M3s
C00538,36062345,18.82,0.89,M1
C00539,36073004,21.94,8.88,M3s
C00540,36065856,19.61,17.87,M1
C00541,36058210,17.51,19.05,M3h
C00542,36083114,25.14,22.00,M1
C00543,36080114,24.03,24.58,M2
C00544,36022215,6.67,6.72,M3d
C00545,36068862,20.70,26.92,M3s
C00546,36064100,19.22,9.63,M2
C00547,36090400,27.27,24.25,M1
C00548,36080268,24.04,23.84,M3e
C00549,36082294,24.90,22.73,M1
C00550,36064562,19.40,7.47,M3h
C00551,36075718,22.51,21.45,M2
C00552,36059646,17.79,20.88,M3e
C00553,36057288,17.22,25.41,M1
C00554,36075146,22.53,23.87,M3e
C00555,36064182,19.35,4.41,M2
C00556,36061233,18.49,23.14,M1
C00557,36017304,5.12,7.96,M3h
C00558,36079480,23.71,21.38,M1
C00559,36080922,24.00,25.24,M2
C00560,36054623,16.33,17.36,M1
C00561,36026157,8.05,9.69,M1
C00562,36083766,25.14,24.19,M3s
C00563,36016457,4.83,5.01,M2
C00564,36073359,22.19,9.20,M2
C00565,36047176,14.27,21.22,M1
C00566,36073245,22.05,21.15,M1
C00567,36091653,27.47,18.78,M2
C00568,36085733,25.72,24.11,M1
C00569,36031014,9.40,13.56,M1
C00570,36062950,18.87,6.79,M3s
C00571,36051829,15.35,21.03,M3s
C00572,36021028,6.49,5.42,M2
C00573,36061735,18.34,21.12,M3e
C00574,36017010,5.16,6.41,M1
C00575,36081999,24.41,22.32,M3e
C00576,36080843,24.06,21.88,M3s
C00577,36079741,23.93,21.22,M2
C00578,36079945,23.96,27.88,M1
C00579,36076536,22.96,20.74,M1
C00580,36059138,17.83,6.13,M2
C00581,36073767,22.13,5.71,M2
C00582,36076067,22.93,21.24,M1
C00583,36018223,5.51,11.10,M3d
C00584,36079895,23.96,19.56,M1
C00585,36066841,19.95,22.28,M3s
C00586,36058020,17.60,22.05,M3e
C00587,36043701,13.07,12.72,M3s
C00588,36022284,6.63,5.58,M3h
C00589,36080249,24.02,22.13,M2
C00590,36062053,18.62,7.58,M2
C00591,36012761,3.71,4.30,M3e
C00592,36013208,4.15,6.98,M3h
C00593,36022699,6.88,1.85,M2
C00594,36069705,20.90,8.94,M2
C00595,36042454,12.76,10.84,M2
C00596,36079318,23.88,23.78,M3e
C00597,36026455,7.87,6.96,M1
C00598,36065605,19.57,23.17,M3h
C00599,36061095,18.31,3.56,M1
C00600,36071363,21.41,9.68,M3h
C00601,36048845,14.65,10.32,M3e
C00602,36015854,4.79,13.74,M3d
C00603,36072036,21.65,20.02,M2
C00604,36024274,7.26,15.65,M3d
C00605,36072766,21.77,10.78,M2
C00606,36053767,16.10,20.50,M3d
C00607,36064588,19.48,8.50,M2
C00608,36080511,24.02,24.70,M3s
C00609,36059216,17.96,23.97,M1
C00610,36055786,16.57,7.61,M3s
C00611,36076111,23.00,20.71,M1
C00612,36060781,18.20,8.15,M1
C00613,36056325,17.05,20.81,M2
C00614,36059256,17.83,23.28,M3h
C00615,36072857,21.61,23.00,M3s
C00616,36031297,9.46,11.38,M3d
C00617,36065629,19.70,8.24,M2
C00618,36065454,19.66,7.42,M2
C00619,36069444,20.84,8.82,M3h
C00620,36023702,7.08,6.67,M3h
C00621,36070533,21.23,7.73,M2
C00622,36064119,19.43,8.59,M3s
C00623,36080324,24.17,25.94,M2
C00624,36057774,17.26,13.12,M2
C00625,36018823,5.45,6.67,M1
C00626,36070756,21.19,20.83,M2
C00627,36075456,22.58,9.73,M3s
C00628,36063568,19.11,21.48,M3s
C00629,36079934,23.96,22.92,M3s
C00630,36058290,17.44,5.19,M1
C00631,36057394,17.30,25.49,M3e
C00632,36076943,22.93,20.90,M1
C00633,36066444,19.82,20.79,M2
C00634,36056207,16.95,23.17,M3e
C00635,36073403,22.17,24.94,M1
C00636,36068144,20.51,22.96,M3s
C00637,36068726,20.42,21.89,M2
C00638,36060825,18.22,25.85,M2
C00639,36082181,24.79,23.63,M1
C00640,36066110,19.85,20.47,M2
C00641,36075909,22.64,22.90,M2
C00642,36081930,24.33,21.76,M1
C00643,36082005,24.85,20.37,M1
C00644,36020922,6.03,6.42,M3s
C00645,36033742,9.91,5.85,M3e
C00646,36071622,21.39,7.85,M3e
C00647,36064182,19.45,8.69,M3h
C00648,36058507,17.44,20.17,M3s
C00649,36054066,16.34,8.46,M3h
C00650,36054981,16.48,6.33,M2
C00651,36081396,24.48,23.53,M1
C00652,36049800,14.81,13.19,M3e
C00653,36078866,23.47,25.46,M3s
C00654,36067977,20.35,23.28,M3s
C00655,36072395,21.61,20.49,M3s
C00656,36068633,20.70,7.82,M2
C00657,36050809,15.14,19.01,M1
C00658,36053495,16.14,20.89,M2
C00659,36073550,22.03,23.14,M3s
C00660,36054393,16.24,11.98,M3s
C00661,36073866,21.99,20.15,M2
C00662,36083309,25.13,21.99,M3d
C00663,36079460,23.80,25.77,M2
C00664,36040325,12.26,22.38,M3h
C00665,36060610,18.21,9.19,M3s
C00666,36087941,26.21,20.30,M2
C00667,36016648,4.93,2.60,M1
C00668,36044538,13.34,7.26,M2
C00669,36071063,21.34,24.73,M1
C00670,36081018,24.41,24.67,M3s
C00671,36087261,26.39,21.39,M1
C00672,36090940,27.30,20.95,M2
C00673,36050714,15.22,25.57,M3s
C00674,36056723,16.95,9.38,M2
C00675,36075296,22.53,21.80,M1
C00676,36060774,18.29,15.49,M3s
C00677,36072263,21.69,10.21,M3e
C00678,36072114,21.68,23.74,M3s
C00679,36083881,25.07,22.30,M1
C00680,36075503,22.76,21.81,M3h
C00681,36079602,23.91,9.70,M2
C00682,36075933,22.79,22.77,M3h
C00683,36065074,19.53,22.26,M3s
C00684,36062546,18.67,7.30,M1
C00685,36069087,20.97,4.61,M2
C00686,36051847,15.56,21.07,M3s
C00687,36019025,5.78,3.84,M3s
C00688,36027257,8.23,6.50,M3e
C00689,36069203,20.91,6.29,M3h
C00690,36066458,19.91,6.00,M2
C00691,36071619,21.51,25.86,M3h
C00692,36075710,22.63,12.03,M3s
C00693,36067686,20.26,6.47,M3h
C00694,36068635,20.46,8.87,M2
C00695,36080847,24.09,11.79,M3e
C00696,36017448,5.36,13.78,M3d
C00697,36048579,14.42,23.35,M3d
C00698,36076657,22.84,21.56,M2
C00699,36081258,24.47,19.84,M3e
C00700,36035857,10.52,12.38,M3e
C00701,36068071,20.69,20.30,M2
C00702,36066312,19.88,24.91,M3s
C00703,36024830,7.46,4.91,M3e
C00704,36014230,4.34,4.27,M3e
C00705,36049562,14.72,9.45,M1
C00706,36055753,16.80,11.26,M3e
C00707,36086353,25.98,22.04,M1
C00708,36089190,26.82,23.16,M3e
C00709,36029656,8.77,6.70,M3e
C00710,36071417,21.45,8.65,M2
C00711,36085325,25.61,23.72,M3h
C00712,36083172,25.06,22.41,M2
C00713,36061632,18.38,18.09,M1
C00714,36087975,26.28,21.76,M3e
C00715,36061353,18.52,8.39,M2
C00716,36077976,23.31,26.79,M1
C00717,36059822,17.78,24.72,M1
C00718,36059459,17.94,19.52,M3h
C00719,36049571,14.74,22.52,M1
C00720,36044729,13.23,23.68,M2
C00721,36069856,20.99,8.92,M3h
C00722,36072741,21.67,20.44,M3h
C00723,36067083,20.12,27.11,M1
C00724,36024546,7.28,5.16,M3d
C00725,36077347,23.12,10.15,M3h
C00726,36075155,22.78,6.73,M2
C00727,36053682,16.16,9.25,M1
C00728,36082875,24.85,22.05,M2
C00729,36087915,26.18,23.56,M1
C00730,36055620,16.66,24.24,M1
C00731,36079036,23.84,22.54,M3s
C00732,36025613,7.77,2.77,M2
C00733,36075551,22.60,4.63,M3h
C00734,36060786,18.30,17.24,M2
C00735,36073901,21.99,8.52,M2
C00736,36078575,23.53,4.85,M3s
C00737,36069618,20.97,23.43,M1
C00738,36062948,18.66,9.98,M1
C00739,36057817,17.29,8.20,M3h
C00740,36046248,13.94,9.59,M1
C00741,36061507,18.46,11.13,M2
C00742,36057755,17.11,11.20,M3h
C00743,36066280,19.91,10.99,M3s
C00744,36069157,20.85,14.28,M2
C00745,36066303,19.96,5.98,M2
C00746,36067615,20.38,10.69,M2
C00747,36034488,10.26,7.05,M3h
C00748,36060793,18.09,8.24,M3d
C00749,36083707,25.01,21.86,M3s
C00750,36055876,16.65,7.64,M3h
C00751,36025974,7.71,5.25,M1
C00752,36090898,27.09,24.99,M3s
C00753,36092805,27.81,23.62,M3s
C00754,36060461,18.02,24.50,M1
C00755,36085069,25.65,23.19,M3s
C00756,36047177,14.38,8.48,M2
C00757,36055139,16.79,22.71,M3d
C00758,36022981,6.62,4.01,M3h
C00759,36069249,20.84,21.19,M2
C00760,36079334,23.89,22.20,M2
C00761,36072590,21.61,22.20,M3s
C00762,36064295,19.22,21.73,M3s
C00763,36075616,22.68,5.88,M3e
C00764,36054198,16.39,7.44,M3h
C00765,36070423,21.28,9.97,M3h
C00766,36074020,22.47,23.80,M3s
C00767,36035129,10.70,7.50,M3d
C00768,36035939,10.59,6.27,M3s
C00769,36024942,7.40,7.40,M3e
C00770,36073064,21.94,20.92,M2
C00771,36076226,23.07,20.49,M3s
C00772,36075131,22.75,20.92,M3h
C00773,36077786,23.16,21.45,M3h
C00774,36059096,17.77,8.19,M3s
C00775,36062550,18.87,24.64,M1
C00776,36023418,6.92,8.82,M3d
C00777,36076061,23.09,20.99,M3e
C00778,36075182,22.75,24.65,M3s
C00779,36050975,15.04,11.34,M2
C00780,36069460,20.71,24.52,M1
C00781,36072610,21.81,19.86,M3s
C00782,36070918,21.25,6.03,M2
C00783,36058747,17.67,7.44,M3h
C00784,36057279,17.38,23.85,M3s
C00785,36019056,5.78,5.52,M2
C00786,36050341,15.11,25.36,M3s
C00787,36027567,8.15,12.35,M3d
C00788,36023022,7.12,11.13,M3h
C00789,36072383,21.69,20.61,M1
C00790,36062306,18.67,19.23,M1
C00791,36075427,22.70,23.29,M2
C00792,36075860,22.73,9.29,M2
C00793,36020798,6.10,7.64,M3e
C00794,36053829,16.09,22.15,M2
C00795,36030550,9.03,12.84,M1
C00796,36079219,23.98,21.02,M3s
C00797,36067759,20.15,25.25,M3s
C00798,36050877,15.25,6.56,M2
C00799,36059587,17.79,8.11,M2
C00800,36081519,24.41,24.60,M1
C00801,36060358,18.12,25.52,M2
C00802,36047418,14.19,9.96,M1
C00803,36059585,17.98,7.85,M3s
C00804,36064742,19.43,25.15,M2
C00805,36082809,24.72,20.30,M3s
C00806,36045803,13.72,17.03,M1
C00807,36081511,24.38,23.72,M2
C00808,36068872,20.45,21.86,M1
C00809,36086583,25.90,23.59,M1
C00810,36082706,24.81,8.36,M2
C00811,36022188,6.88,0.50,M3h
C00812,36010348,3.15,7.08,M1
C00813,36056099,16.95,4.22,M3h
C00814,36055043,16.74,20.84,M1
C00815,36083459,25.07,22.97,M1
C00816,36077236,23.38,21.07,M3d
C00817,36051882,15.53,6.45,M3h
C00818,36081888,24.38,25.24,M2
C00819,36024341,7.32,5.70,M1
C00820,36033418,9.99,11.68,M3d
C00821,36079542,23.72,24.09,M3e
C00822,36054065,16.28,22.34,M2
C00823,36066839,19.97,25.10,M1
C00824,36031272,9.36,3.83,M3d
C00825,36093443,28.15,20.48,M1
C00826,36021610,6.43,13.20,M3d
C00827,36069542,20.92,21.93,M1
C00828,36061489,18.52,23.19,M3s
C00829,36022273,6.64,6.46,M3d
C00830,36033421,10.14,7.80,M1
C00831,36073171,22.03,24.32,M3s
C00832,36014130,4.45,7.45,M3d
C00833,36066876,20.05,7.76,M2
C00834,36065083,19.59,10.12,M2
C00835,36052149,15.79,10.95,M3e
C00836,36033007,10.17,11.42,M1
C00837,36080137,24.09,24.88,M3s
C00838,36062138,18.73,24.34,M1
C00839,36079316,23.76,24.46,M3s
C00840,36078549,23.65,19.57,M3s
C00841,36069402,20.81,9.69,M3s
C00842,36055095,16.62,11.17,M3s
C00843,36062813,18.72,20.88,M2
C00844,36027138,8.24,6.38,M3d
C00845,36074018,22.32,26.90,M3s
C00846,36052043,15.77,6.82,M2
C00847,36064707,19.49,20.14,M1
C00848,36061960,18.43,20.15,M2
C00849,36076174,23.08,23.19,M3e
C00850,36086033,26.00,19.17,M3s
C00851,36066860,19.96,20.66,M3s
C00852,36068492,20.52,2.66,M1
C00853,36058989,17.59,6.19,M2
C00854,36017230,5.25,2.05,M3s
C00855,36067968,20.32,19.48,M3s
C00856,36069840,20.98,6.74,M3h
C00857,36081602,24.53,23.19,M3s
C00858,36081477,24.44,23.63,M2
C00859,36062057,18.84,4.47,M2
C00860,36049143,14.84,19.02,M2
C00861,36056301,16.91,8.66,M2
C00862,36046964,13.99,6.29,M1
C00863,36073900,21.95,25.35,M1
C00864,36068234,20.68,4.05,M3h
C00865,36065169,19.55,23.41,M2
C00866,36037084,11.21,19.46,M3d
C00867,36055473,16.54,13.32,M3h
C00868,36031224,9.57,7.40,M3h
C00869,36055620,16.76,7.87,M3h
C00870,36031192,9.30,9.62,M3e
C00871,36009837,2.80,5.75,M3e
C00872,36067435,20.25,24.41,M1
C00873,36049754,14.86,25.10,M1
C00874,36071691,21.51,10.32,M2
C00875,36024749,7.32,4.93,M3d
C00876,36055146,16.50,24.35,M3d
C00877,36077343,23.18,22.66,M1
C00878,36079927,23.84,18.69,M1
C00879,36060567,18.09,20.27,M3s
C00880,36089551,26.79,21.20,M3e
C00881,36075237,22.55,22.38,M1
C00882,36054573,16.30,23.73,M1
C00883,36094957,28.41,25.48,M3s
C00884,36016455,4.90,13.53,M3d
C00885,36093397,28.07,21.46,M3s
C00886,36084733,25.33,26.19,M1
C00887,36052051,15.60,24.76,M3s
C00888,36075311,22.68,23.86,M2
C00889,36078673,23.65,23.01,M3s
C00890,36078973,23.58,22.16,M1
C00891,36088473,26.42,20.76,M3s
C00892,36054473,16.31,8.54,M3e
C00893,36016448,5.00,4.45,M2
C00894,36078918,23.67,20.50,M3h
C00895,36078665,23.46,23.33,M3s
C00896,36077040,23.10,21.47,M3e
C00897,36082495,24.81,26.35,M1
C00898,36022249,6.64,4.83,M3e
C00899,36084187,25.25,20.58,M1
C00900,36052167,15.72,7.80,M3s
C00901,36088529,26.62,21.30,M2
C00902,36080761,24.19,21.22,M1
C00903,36080168,24.13,21.91,M3s
C00904,36051192,15.40,21.72,M3s
C00905,36058361,17.47,19.94,M1
C00906,36059373,17.74,20.37,M3s
C00907,36056714,16.99,21.67,M3s
C00908,36069153,20.76,8.48,M3h
C00909,36065432,19.63,19.89,M3e
C00910,36082412,24.79,21.41,M2
C00911,36053105,16.00,9.42,M1
C00912,36064106,19.46,8.47,M3h
C00913,36008448,2.48,16.22,M3d
C00914,36029719,8.90,7.71,M2
C00915,36000595,0.20,6.27,M3h
C00916,36062472,18.76,7.24,M2
C00917,36066608,19.86,23.16,M2
C00918,36072066,21.67,10.49,M2
C00919,36045894,13.65,7.11,M1
C00920,36061134,18.34,9.05,M3h
C00921,36066549,19.83,6.46,M3h
C00922,36066395,20.09,19.47,M1
C00923,36064260,19.35,23.63,M1
C00924,36066636,20.10,9.88,M3s
C00925,36083998,25.15,22.36,M1
C00926,36049675,14.90,7.28,M1
C00927,36068496,20.52,6.30,M2
C00928,36056437,16.96,20.13,M2
C00929,36086081,25.93,21.57,M1
C00930,36085345,25.64,24.15,M3h
C00931,36063913,19.01,22.37,M1
C00932,36057842,17.26,24.04,M3s
C00933,36082505,24.67,26.44,M1
C00934,36082807,24.71,11.34,M1
C00935,36084578,25.42,24.40,M1
C00936,36071837,21.57,23.37,M1
C00937,36057145,17.40,19.59,M1
C00938,36040123,12.23,23.34,M3s
C00939,36063155,19.09,24.26,M3e
C00940,36065093,19.76,23.59,M3e
C00941,36070100,21.12,10.19,M2
C00942,36060503,18.27,8.00,M1
C00943,36032157,9.62,3.23,M3e
C00944,36066500,20.00,6.29,M2
C00945,36058131,17.60,8.81,M1
C00946,36073942,21.98,20.45,M1
C00947,36078101,23.49,19.92,M3e
C00948,36058288,17.54,10.36,M2
C00949,36066044,19.98,18.70,M3s
C00950,36078079,23.52,22.81,M2
C00951,36067382,20.14,2.78,M2
C00952,36089524,26.73,21.08,M1
C00953,36021466,6.56,5.48,M3d
C00954,36050716,15.29,10.26,M2
C00955,36015696,4.62,13.36,M3d
C00956,36020590,6.11,5.34,M1
C00957,36052053,15.62,7.78,M1
C00958,36071158,21.40,22.69,M2
C00959,36064677,19.30,23.95,M2
C00960,36058713,17.61,20.86,M3s
C00961,36018716,5.54,0.67,M3h
C00962,36051589,15.55,8.73,M3d
C00963,36060203,18.11,22.05,M2
C00964,36074942,22.24,23.10,M1
C00965,36047228,14.19,7.39,M1
C00966,36071490,21.51,25.20,M1
C00967,36072841,21.82,23.52,M1
C00968,36054535,16.40,10.33,M3h
C00969,36050736,15.28,10.70,M3e
C00970,36070111,21.01,25.28,M1
C00971,36087730,26.28,22.97,M3s
C00972,36058183,17.62,21.54,M1
C00973,36061267,18.38,24.08,M1
C00974,36033949,9.92,10.97,M3e
C00975,36063870,19.04,11.95,M3s
C00976,36044093,13.33,24.10,M3s
C00977,36071548,21.46,24.29,M3e
C00978,36083674,25.15,26.25,M3s
C00979,36051315,15.59,21.63,M3d
C00980,36056593,16.83,24.09,M3h
C00981,36026874,7.89,6.10,M3h
C00982,36063386,19.02,22.98,M1
C00983,36070471,21.17,25.63,M3s
C00984,36077706,23.12,23.88,M1
C00985,36087635,26.19,21.35,M3e
C00986,36085064,25.76,21.89,M1
C00987,36065494,19.65,7.08,M3h
C00988,36070002,21.25,9.54,M2
C00989,36067376,20.25,10.42,M2
C00990,36063736,19.04,10.40,M3d
C00991,36081288,24.45,24.26,M3e
C00992,36080318,24.20,21.33,M1
C00993,36070236,21.22,21.48,M2
C00994,36077489,23.34,22.83,M1
C00995,36073958,22.09,23.97,M3s
C00996,36063626,18.92,23.40,M2
C00997,36083861,25.08,19.11,M3s
C00998,36060504,18.19,23.94,M1
C00999,36065544,19.71,20.16,M3s
C01000,36020272,6.07,5.85,M2
C01001,36058391,17.53,23.92,M3s
C01002,36060729,18.16,24.73,M2
C01003,36073582,22.11,23.08,M3d
C01004,36033573,9.90,2.58,M3e
C01005,36060709,18.14,22.27,M2
C01006,36072558,21.76,7.81,M2
C01007,36069007,20.93,22.70,M1
C01008,36045898,13.78,22.60,M2
C01009,36052393,15.81,7.49,M1
C01010,36067335,20.14,21.94,M3e
C01011,36053549,16.13,22.74,M1
C01012,36079180,23.82,17.88,M3e
C01013,36076920,23.09,25.41,M3h
C01014,36018114,5.42,12.30,M3h
C01015,36070321,21.19,25.46,M3d
C01016,36078792,23.69,21.72,M1
C01017,36077184,23.15,25.43,M2
C01018,36048478,14.64,4.27,M3d
C01019,36062574,18.81,6.89,M3h
C01020,36061155,18.39,20.76,M3s
C01021,36072691,21.75,6.31,M3s
C01022,36069766,20.99,8.44,M3e
C01023,36083862,25.08,17.39,M1
C01024,36075521,22.65,22.99,M3d
C01025,36087325,26.13,21.52,M1
C01026,36022945,6.62,11.90,M3d
C01027,36074595,22.38,23.84,M3s
C01028,36099567,29.96,23.88,M2
C01029,36072513,21.71,21.71,M2
C01030,36055281,16.66,10.39,M3h
C01031,36074277,22.32,23.63,M1
C01032,36059327,17.84,25.29,M2
C01033,36066767,20.08,24.44,M1
C01034,36016226,4.97,5.36,M3h
C01035,36057391,17.36,23.11,M3s
C01036,36077146,23.19,22.15,M3s
C01037,36073131,22.02,21.18,M1
C01038,36020489,6.09,5.70,M3e
C01039,36078548,23.54,19.24,M3h
C01040,36071685,21.46,22.02,M1
C01041,36062186,18.62,5.45,M2
C01042,36070084,21.19,5.25,M2
C01043,36077528,23.39,20.72,M1
C01044,36068038,20.70,5.70,M2
C01045,36073000,21.92,23.99,M1
C01046,36066763,19.80,5.25,M2
C01047,36051598,15.55,9.47,M3e
C01048,36077176,23.15,19.24,M1
C01049,36080173,24.26,28.54,M3s
C01050,36050998,15.26,20.47,M3h
C01051,36078199,23.63,25.09,M3e
C01052,36024049,7.22,5.53,M2
C01053,36026829,7.87,3.59,M1
C01054,36021496,6.44,7.98,M3d
C01055,36023222,7.12,14.11,M1
C01056,36074127,22.27,21.85,M3e
C01057,36077521,23.36,20.96,M1
C01058,36080256,24.14,21.44,M2
C01059,36069639,20.70,8.61,M2
C01060,36057809,17.16,22.55,M3e
C01061,36047360,14.32,8.43,M1
C01062,36081485,24.50,22.79,M1
C01063,36030452,9.05,5.95,M3e
C01064,36076509,22.89,20.56,M3s
C01065,36077626,23.29,22.11,M3h
C01066,36064358,19.42,19.39,M1
C01067,36039831,11.79,11.22,M1
C01068,36069838,20.80,5.00,M3h
C01069,36073628,22.08,21.38,M2
C01070,36047079,14.24,23.61,M3e
C01071,36077428,23.16,22.90,M1
C01072,36087789,26.21,18.27,M3e
C01073,36064671,19.34,8.04,M2
C01074,36052493,15.64,21.28,M3s
C01075,36075219,22.62,20.93,M1
C01076,36065331,19.68,7.20,M1
C01077,36076601,22.84,24.28,M3s
C01078,36025127,7.59,10.65,M3d
C01079,36022356,6.86,2.26,M3d
C01080,36071991,21.52,6.93,M2
C01081,36019156,5.89,4.09,M1
C01082,36065731,19.55,24.74,M3h
C01083,36082628,24.87,22.36,M1
C01084,36067157,20.28,5.04,M2
C01085,36052720,15.84,9.66,M1
C01086,36052331,15.73,12.10,M1
C01087,36057207,17.22,20.09,M1
C01088,36070245,21.13,9.14,M2
C01089,36080013,24.27,22.34,M1
C01090,36055448,16.76,6.29,M3s
C01091,36061843,18.33,10.09,M3h
C01092,36020166,6.10,7.00,M1
C01093,36073412,21.91,21.27,M1
C01094,36054294,16.28,10.55,M3e
C01095,36047604,14.10,21.14,M3s
C01096,36087711,26.26,23.56,M3h
C01097,36056542,16.87,9.29,M3s
C01098,36058811,17.66,21.74,M2
C01099,36064503,19.38,23.02,M2
C01100,36079052,23.79,24.67,M2
C01101,36068565,20.57,22.93,M2
C01102,36051064,15.40,8.96,M1
C01103,36085304,25.50,22.70,M2
C01104,36086321,26.09,22.74,M2
C01105,36026743,7.85,9.96,M3d
C01106,36086842,25.95,20.20,M1
C01107,36018166,5.40,3.00,M1
C01108,36070212,21.28,23.19,M2
C01109,36079108,23.78,21.95,M3h
C01110,36079029,23.73,23.47,M3h
C01111,36045119,13.65,21.92,M3s
C01112,36060264,18.02,10.07,M2
C01113,36078036,23.69,24.32,M3e
C01114,36087613,26.38,20.14,M2
C01115,36058505,17.44,8.11,M1
C01116,36070872,21.26,8.18,M2
C01117,36081005,24.31,23.77,M3h
C01118,36029244,8.91,5.69,M3e
C01119,36062059,18.87,15.03,M2
C01120,36073991,22.14,18.82,M2
C01121,36056403,16.97,25.12,M3s
C01122,36084654,25.50,20.50,M3s
C01123,36084648,25.43,25.01,M3s
C01124,36073170,22.03,7.38,M3h
C01125,36054551,16.24,20.51,M3s
C01126,36070974,21.22,5.79,M2
C01127,36076905,23.05,25.49,M2
C01128,36058690,17.67,21.58,M1
C01129,36021390,6.35,7.30,M3d
C01130,36077908,23.18,29.32,M3s
C01131,36050040,15.14,21.69,M3d
C01132,36064894,19.47,19.88,M1
C01133,36061347,18.51,21.51,M2
C01134,36015565,4.60,4.81,M3s
C01135,36021403,6.51,5.68,M3e
C01136,36057812,17.20,24.15,M1
C01137,36085897,25.61,19.10,M3e
C01138,36075257,22.59,24.59,M1
C01139,36014049,4.33,18.13,M1
C01140,36014909,4.45,7.98,M3h
C01141,36051936,15.57,9.87,M1
C01142,36086389,26.07,23.92,M3s
C01143,36081426,24.48,21.53,M2
C01144,36058761,17.49,24.97,M3e
C01145,36020912,6.14,3.89,M3h
C01146,36068017,20.70,10.82,M2
C01147,36057170,17.15,7.61,M2
C01148,36073415,22.19,22.24,M1
C01149,36072848,21.88,9.49,M1
C01150,36075941,22.71,24.40,M3s
C01151,36076135,23.04,22.35,M3s
C01152,36084676,25.22,21.35,M2
C01153,36067273,20.15,7.86,M3h
C01154,36061091,18.44,20.64,M2
C01155,36029679,8.94,10.30,M3e
C01156,36061639,18.33,20.14,M3s
C01157,36058837,17.44,7.43,M3h
C01158,36076492,22.93,21.44,M3d
C01159,36069254,20.85,6.51,M2
C01160,36081440,24.35,8.94,M3h
C01161,36056944,16.98,20.65,M2
C01162,36022474,6.70,4.39,M3d
C01163,36050797,15.14,21.66,M3s
C01164,36081343,24.38,20.23,M1
C01165,36067509,20.13,21.49,M3s
C01166,36048423,14.50,11.92,M1
C01167,36076179,23.08,23.14,M3s
C01168,36023628,7.04,3.82,M2
C01169,36073903,22.06,22.61,M3s
C01170,36075306,22.72,23.42,M3s
C01171,36071474,21.49,23.27,M2
C01172,36080431,24.26,22.06,M3s
C01173,36058300,17.50,9.78,M3h
C01174,36065248,19.54,19.59,M3s
C01175,36078054,23.40,21.89,M3s
C01176,36057268,17.32,11.06,M2
C01177,36074160,22.22,6.05,M2
C01178,36055787,16.58,8.17,M3h
C01179,36069973,20.87,8.32,M2
C01180,36079275,23.74,27.14,M3e
C01181,36084162,25.23,26.67,M1
C01182,36070772,21.14,7.94,M3h
C01183,36083472,25.03,23.85,M1
C01184,36024367,7.24,6.69,M3e
C01185,36076774,22.90,24.31,M2
C01186,36081707,24.51,21.66,M2
C01187,36030636,9.18,13.96,M1
C01188,36079756,23.98,24.27,M1
C01189,36057206,17.32,7.04,M3s
C01190,36013487,3.97,3.37,M3e
C01191,36091022,27.43,22.69,M3s
C01192,36085617,25.53,23.91,M3d
C01193,36077850,23.25,6.92,M2
C01194,36079693,23.95,21.95,M3e
C01195,36068642,20.53,8.92,M2
C01196,36074862,22.34,23.94,M3s
C01197,36063390,19.06,10.22,M3e
C01198,36018080,5.43,6.77,M3d
C01199,36086210,25.89,25.22,M3h
C01200,36041926,12.53,9.02,M1
C01201,36023756,6.96,6.34,M3e
C01202,36028157,8.70,3.62,M1
C01203,36067404,20.36,4.24,M3h
C01204,36079645,23.77,22.70,M3h
C01205,36075950,22.58,11.65,M2
C01206,36054153,16.38,9.60,M2
C01207,36075639,22.55,21.90,M2
C01208,36057696,17.35,23.93,M3s
C01209,36065164,19.70,21.84,M3s
C01210,36071137,21.60,22.47,M3s
C01211,36065115,19.68,24.30,M3d
C01212,36059580,17.91,24.12,M2
C01213,36027489,8.36,4.33,M3e
C01214,36064822,19.48,7.82,M3h
C01215,36081995,24.49,21.46,M3e
C01216,36074398,22.39,22.15,M3e
C01217,36090267,27.23,21.67,M1
C01218,36088387,26.68,26.03,M3e
C01219,36008653,2.68,5.74,M3h
C01220,36096934,29.08,23.28,M1
C01221,36061030,18.38,25.87,M3s
C01222,36084793,25.34,22.61,M1
C01223,36067911,20.17,21.54,M1
C01224,36067216,20.11,7.12,M3h
C01225,36050254,15.16,21.03,M1
C01226,36059450,17.78,8.83,M3h
C01227,36063938,19.11,7.09,M1
C01228,36044168,13.45,9.48,M1
C01229,36038799,11.48,6.04,M1
C01230,36039011,11.77,11.42,M1
C01231,36079726,23.84,22.27,M1
C01232,36078633,23.63,23.39,M2
C01233,36067380,20.27,21.66,M2
C01234,36053012,15.93,18.91,M3s
C01235,36060949,18.18,7.67,M3h
C01236,36071533,21.43,25.41,M1
C01237,36065619,19.55,7.44,M3h
C01238,36084551,25.36,23.75,M2
C01239,36058569,17.59,10.11,M2
C01240,36086275,25.91,22.44,M3h
C01241,36032548,9.69,11.74,M3h
C01242,36069425,20.86,21.41,M1
C01243,36083038,25.09,21.96,M3s
C01244,36081537,24.30,24.27,M3h
C01245,36017452,5.11,4.65,M1
C01246,36047247,14.28,20.85,M3h
C01247,36069433,20.75,4.86,M3h
C01248,36083776,25.18,8.04,M3h
C01249,36057522,17.13,20.80,M3s
C01250,36069831,20.88,22.06,M2
C01251,36084761,25.44,24.36,M3e
C01252,36052091,15.78,21.94,M3e
C01253,36064704,19.28,19.97,M1
C01254,36028339,8.53,13.44,M3s
C01255,36069434,20.76,20.24,M2
C01256,36069961,20.71,5.15,M3e
C01257,36084627,25.41,25.50,M1
C01258,36058618,17.43,5.05,M2
C01259,36071747,21.57,22.01,M3d
C01260,36046095,13.91,9.57,M3d
C01261,36026354,7.85,8.64,M3d
C01262,36030434,9.14,3.85,M1
C01263,36080905,24.22,25.24,M1
C01264,36060586,18.28,20.97,M1
C01265,36060401,18.20,4.83,M1
C01266,36051632,15.48,19.04,M1
C01267,36077756,23.40,7.68,M3h
C01268,36042758,12.75,4.29,M2
C01269,36054386,16.28,20.66,M3s
C01270,36079194,23.73,22.41,M2
C01271,36077156,23.37,12.92,M3e
C01272,36054468,16.35,10.15,M3e
C01273,36069120,20.88,21.23,M1
C01274,36079872,23.84,23.59,M1
C01275,36047290,14.17,18.57,M2
C01276,36073933,21.96,17.96,M3s
C01277,36079476,24.00,22.61,M2
C01278,36086749,26.00,21.74,M3s
C01279,36020602,6.21,6.34,M3e
C01280,36026064,8.03,2.61,M3h
C01281,36068354,20.45,3.47,M3h
C01282,36069835,20.82,8.11,M3h
C01283,36053722,15.91,12.07,M1
C01284,36020546,6.04,4.70,M3h
C01285,36084698,25.26,25.33,M1
C01286,36055871,16.70,2.71,M2
C01287,36096983,28.88,25.14,M1
C01288,36056778,16.93,22.45,M3s
C01289,36020442,6.21,4.00,M3d
C01290,36017631,5.25,6.33,M3s
C01291,36071346,21.40,19.18,M1
C01292,36067497,20.29,21.57,M3e
C01293,36026407,7.96,11.72,M3d
C01294,36059011,17.92,28.51,M1
C01295,36067478,20.35,22.75,M3d
C01296,36074153,22.40,23.65,M3s
C01297,36056505,16.86,9.10,M1
C01298,36077936,23.23,8.93,M1
C01299,36028045,8.58,5.54,M2
C01300,36067520,20.14,7.42,M2
C01301,36052399,15.67,20.78,M3d
C01302,36060726,18.04,22.23,M3d
C01303,36056238,16.92,23.87,M3e
C01304,36065693,19.78,5.08,M2
C01305,36055501,16.68,18.86,M1
C01306,36049853,14.81,12.47,M3h
C01307,36088322,26.60,24.22,M3s
C01308,36059101,17.86,26.47,M3d
C01309,36093747,27.94,22.98,M2
C01310,36054149,16.36,21.37,M3s
C01311,36099605,29.73,23.24,M3d
C01312,36052278,15.80,10.46,M1
C01313,36030788,9.23,9.93,M1
C01314,36065403,19.63,8.32,M3h
C01315,36090717,27.27,21.71,M3h
C01316,36019452,5.85,5.43,M3h
C01317,36066541,19.86,20.47,M3s
C01318,36079893,23.72,20.14,M2
C01319,36076520,22.83,22.24,M1
C01320,36080624,24.13,7.23,M2
C01321,36070018,21.11,20.86,M3e
C01322,36066324,20.02,24.18,M1
C01323,36068578,20.64,24.30,M1
C01324,36071898,21.38,3.02,M2
C01325,36055518,16.70,10.63,M3e
C01326,36080408,24.04,25.03,M1
C01327,36080324,24.01,25.97,M1
C01328,36061366,18.49,8.46,M3e
C01329,36051530,15.49,5.51,M3e
C01330,36053609,16.00,7.13,M3h
C01331,36082849,24.67,22.51,M3s
C01332,36057685,17.16,21.20,M3h
C01333,36083417,24.94,24.68,M1
C01334,36068440,20.50,21.31,M2
C01335,36076927,23.07,20.46,M2
C01336,36017483,5.14,4.01,M1
C01337,36059719,17.81,12.72,M3h
C01338,36078131,23.69,20.68,M3s
C01339,36044295,13.30,8.51,M3h
C01340,36020287,6.15,11.94,M3h
C01341,36058981,17.52,23.05,M2
C01342,36078202,23.51,21.70,M3s
C01343,36064000,19.45,10.78,M1
C01344,36075872,22.71,4.87,M3e
C01345,36018645,5.65,3.10,M2
C01346,36065001,19.55,7.42,M3s
C01347,36083406,24.94,25.76,M2
C01348,36077579,23.25,22.41,M2
C01349,36061907,18.48,12.24,M3e
C01350,36066712,20.09,9.01,M3s
C01351,36062718,18.70,19.00,M3d
C01352,36017962,5.39,11.80,M3d
C01353,36069870,20.70,22.15,M1
C01354,36065735,19.73,10.48,M1
C01355,36071708,21.51,20.86,M1
C01356,36063112,19.18,21.03,M1
C01357,36027130,8.13,9.69,M3e
C01358,36070446,21.07,22.95,M3h
C01359,36094992,28.22,22.21,M1
C01360,36064023,19.28,22.46,M2
C01361,36080778,24.09,23.56,M1
C01362,36047570,14.34,8.51,M3e
C01363,36030655,9.18,15.02,M1
C01364,36066663,19.81,8.98,M2
C01365,36080810,24.22,22.72,M3s
C01366,36063925,19.09,23.08,M1
C01367,36064426,19.47,20.22,M1
C01368,36048596,14.43,23.41,M3d
C01369,36020749,6.03,15.82,M1
C01370,36061300,18.54,9.65,M3h
C01371,36023535,7.17,7.39,M3e
C01372,36066951,19.89,22.45,M1
C01373,36075566,22.63,22.73,M3e
C01374,36064457,19.41,10.69,M1
C01375,36061389,18.30,20.31,M3d
C01376,36081062,24.51,21.00,M2
C01377,36016608,5.03,11.19,M3e
C01378,36088356,26.45,22.65,M2
C01379,36064662,19.34,5.22,M2
C01380,36021962,6.43,10.61,M3h
C01381,36052105,15.87,20.35,M3s
C01382,36066774,19.81,6.18,M3s
C01383,36017849,5.11,5.36,M3e
C01384,36075690,22.61,11.21,M2
C01385,36049142,14.85,11.20,M1
C01386,36010264,3.04,5.52,M2
C01387,36050569,15.08,8.69,M2
C01388,36082123,24.89,24.69,M3s
C01389,36074905,22.21,21.26,M3s
C01390,36050888,15.13,24.96,M1
C01391,36052175,15.64,10.83,M1
C01392,36057506,17.20,10.91,M1
C01393,36075622,22.78,24.50,M3d
C01394,36048581,14.58,9.28,M3e
C01395,36059962,17.74,21.00,M3e
C01396,36056409,16.84,3.79,M2
C01397,36066794,20.06,5.74,M1
C01398,36044567,13.22,16.65,M2
C01399,36051123,15.39,17.28,M3d
C01400,36065150,19.67,17.97,M1
C01401,36058430,17.61,24.75,M2
C01402,36012686,3.72,4.56,M1
C01403,36079492,23.92,19.39,M3d
C01404,36061140,18.56,9.64,M3e
C01405,36071807,21.59,20.81,M3s
C01406,36072400,21.80,23.85,M2
C01407,36088840,26.42,20.72,M3s
C01408,36012417,3.85,6.00,M3d
C01409,36078486,23.53,23.52,M3e
C01410,36075592,22.52,20.86,M1
C01411,36078583,23.56,22.93,M1
C01412,36063257,19.04,4.51,M2
C01413,36086354,26.01,20.92,M1
C01414,36073504,22.04,11.32,M2
C01415,36081144,24.46,20.20,M2
C01416,36049143,14.72,22.38,M3s
C01417,36055527,16.74,10.31,M3h
C01418,36073529,22.14,22.80,M3s
C01419,36022869,6.76,12.88,M3d
C01420,36043429,13.02,10.30,M3h
C01421,36069491,20.83,9.67,M1
C01422,36061858,18.41,24.85,M1
C01423,36089667,26.83,22.58,M1
C01424,36053846,16.15,11.64,M3h
C01425,36065053,19.61,22.88,M1
C01426,36046848,14.00,9.56,M3e
C01427,36070724,21.18,19.73,M3s
C01428,36055700,16.64,6.86,M3h
C01429,36026629,7.99,4.92,M3e
C01430,36021882,6.48,11.57,M3e
C01431,36052173,15.89,18.59,M3e
C01432,36050029,15.22,20.10,M3s
C01433,36026466,7.85,8.77,M3h
C01434,36067949,20.21,7.68,M3s
C01435,36081479,24.38,24.92,M1
C01436,36058661,17.51,8.84,M2
C01437,36053276,15.94,9.05,M1
C01438,36027068,8.34,8.20,M3e
C01439,36015926,4.54,11.61,M3h
C01440,36093348,28.19,23.51,M3e
C01441,36083807,25.03,21.09,M1
C01442,36073836,22.11,11.86,M3e
C01443,36035899,10.72,13.91,M3d
C01444,36080336,24.08,21.04,M1
C01445,36073474,21.94,4.76,M2
C01446,36078764,23.41,21.08,M2
C01447,36029473,8.78,15.92,M3d
C01448,36041291,12.48,10.63,M3h
C01449,36081149,24.45,23.08,M3s
C01450,36037365,11.34,7.90,M2
C01451,36070208,21.22,7.45,M2
C01452,36064768,19.36,6.58,M3s
C01453,36063922,19.10,8.54,M3s
C01454,36062585,18.74,21.90,M1
C01455,36076208,22.81,24.08,M1
C01456,36015754,4.78,7.31,M2
C01457,36010009,3.26,13.22,M3h
C01458,36061969,18.55,13.37,M2
C01459,36088761,26.49,24.04,M1
C01460,36064870,19.34,12.03,M1
C01461,36075504,22.61,24.32,M3h
C01462,36062384,18.73,24.61,M3s
C01463,36013602,4.20,5.53,M3d
C01464,36051195,15.43,7.94,M3h
C01465,36074681,22.31,21.46,M3h
C01466,36018059,5.69,5.54,M2
C01467,36063471,19.05,9.03,M2
C01468,36058361,17.42,6.43,M3h
C01469,36058626,17.52,7.54,M2
C01470,36063330,19.12,21.84,M2
C01471,36023734,6.91,13.92,M3s
C01472,36080298,24.17,20.09,M3s
C01473,36076536,23.06,23.39,M1
C01474,36068437,20.66,5.68,M2
C01475,36076350,22.87,8.73,M3h
C01476,36078529,23.49,7.01,M2
C01477,36078661,23.49,19.29,M3s
C01478,36063915,19.04,4.28,M2
C01479,36074351,22.32,7.36,M2
C01480,36053569,16.06,22.80,M3s
C01481,36064705,19.39,11.42,M2
C01482,36044711,13.28,13.00,M1
C01483,36055382,16.54,25.04,M3e
C01484,36075507,22.66,19.60,M1
C01485,36072630,21.78,21.96,M3s
C01486,36065616,19.59,18.87,M2
C01487,36072037,21.84,23.03,M2
C01488,36038878,11.55,8.59,M2
C01489,36061100,18.32,20.78,M3e
C01490,36045777,13.70,7.45,M3e
C01491,36060206,18.28,8.65,M3h
C01492,36079811,23.96,23.69,M2
C01493,36075150,22.60,22.51,M3s
C01494,36010131,3.20,3.81,M1
C01495,36076384,23.00,24.29,M3s
C01496,36088727,26.40,18.64,M3s
C01497,36075863,22.60,22.53,M3s
C01498,36021555,6.58,8.45,M3e
C01499,36045297,13.71,7.99,M2
C01500,36066909,19.94,23.17,M1
C01501,36060267,18.21,23.55,M3s
C01502,36080670,24.06,22.28,M3e
C01503,36046972,13.87,23.30,M3e
C01504,36069597,20.92,23.20,M1
C01505,36068600,20.66,23.01,M3s
C01506,36068160,20.48,18.71,M2
C01507,36057562,17.26,9.91,M3h
C01508,36023771,7.04,8.36,M3e
C01509,36097020,29.28,19.46,M2
C01510,36055146,16.69,24.54,M3s
C01511,36055551,16.68,24.18,M2
C01512,36080154,24.02,24.65,M2
C01513,36069341,20.93,22.45,M2
C01514,36083135,25.05,20.01,M3s
C01515,36066493,20.06,5.52,M3h
C01516,36051438,15.33,20.03,M2
C01517,36049688,14.77,22.36,M3s
C01518,36063297,19.10,9.62,M2
C01519,36084008,25.25,23.61,M2
C01520,36086035,25.89,22.20,M3e
C01521,36060258,18.16,6.60,M3h
C01522,36041304,12.33,19.73,M2
C01523,36073977,22.18,18.59,M1
C01524,36028944,8.66,7.70,M3d
C01525,36060773,18.06,8.94,M3h
C01526,36023847,7.00,15.41,M3d
C01527,36094195,28.24,23.36,M1
C01528,36055639,16.76,20.37,M3e
C01529,36063561,19.04,23.76,M3s
C01530,36073730,21.92,8.32,M2
C01531,36011852,3.38,9.80,M3d
C01532,36068232,20.64,20.53,M1
C01533,36084643,25.21,22.62,M3s
C01534,36060385,18.28,18.64,M2
C01535,36047682,14.18,22.73,M3s
C01536,36077989,23.37,24.05,M3s
C01537,36049219,15.00,8.16,M1
C01538,36087312,26.39,23.80,M3e
C01539,36078893,23.60,25.17,M1
C01540,36062659,18.73,22.31,M3s
C01541,36064939,19.45,24.46,M3d
C01542,36030421,9.15,2.18,M1
C01543,36056955,16.85,8.03,M3e
C01544,36085219,25.74,20.21,M3e
C01545,36085463,25.74,8.31,M3h
C01546,36076390,23.01,5.50,M2
C01547,36059500,17.71,24.91,M1
C01548,36060734,18.05,23.03,M3s
C01549,36025290,7.62,13.40,M3d
C01550,36025229,7.79,5.04,M3h
C01551,36071364,21.47,24.22,M3h
C01552,36080552,24.09,22.97,M2
C01553,36080895,24.24,22.34,M3e
C01554,36066637,19.80,8.11,M2
C01555,36054942,16.27,24.50,M1
C01556,36068158,20.42,8.75,M3s
C01557,36019451,5.85,12.73,M3e
C01558,36024908,7.26,0.80,M3e
C01559,36054150,16.25,10.73,M1
C01560,36087923,26.34,24.80,M1
C01561,36057396,17.33,11.42,M2
C01562,36059485,17.99,3.32,M2
C01563,36032198,9.73,4.99,M2
C01564,36065962,19.76,20.85,M3s
C01565,36084902,25.41,22.55,M3s
C01566,36057832,17.28,8.92,M3s
C01567,36058527,17.59,6.06,M3d
C01568,36075087,22.73,6.98,M2
C01569,36060249,18.04,7.23,M1
C01570,36058372,17.67,21.25,M2
C01571,36061840,18.39,7.30,M2
C01572,36075181,22.65,6.87,M2
C01573,36074491,22.32,23.19,M3d
C01574,36065357,19.70,10.24,M3s
C01575,36083167,25.18,23.81,M2
C01576,36086623,25.92,23.07,M3e
C01577,36074986,22.40,27.83,M3h
C01578,36081069,24.44,23.76,M1
C01579,36066154,20.04,21.24,M2
C01580,36054724,16.21,12.39,M2
C01581,36056095,17.05,22.68,M3e
C01582,36098332,29.56,24.01,M1
C01583,36088454,26.67,23.98,M1
C01584,36079986,23.96,24.16,M1
C01585,36070667,21.00,20.56,M3e
C01586,36034760,10.36,2.78,M3h
C01587,36033611,9.93,12.75,M1
C01588,36082678,24.69,22.89,M1
C01589,36064901,19.23,8.33,M3s
C01590,36086404,26.02,26.38,M1
C01591,36027211,8.36,6.04,M3h
C01592,36067110,20.30,6.18,M2
C01593,36060649,18.16,7.41,M1
C01594,36056000,16.98,25.63,M3s
C01595,36064737,19.26,22.13,M2
C01596,36028482,8.70,3.94,M3d
C01597,36053548,16.19,6.43,M2
C01598,36064606,19.37,6.80,M2
C01599,36070115,21.11,27.05,M2
C01600,36088130,26.54,21.20,M2
C01601,36089607,26.81,22.31,M1
C01602,36082957,24.85,21.54,M1
C01603,36062892,18.70,8.80,M3s
C01604,36047428,14.35,10.96,M2
C01605,36089296,26.73,22.14,M1
C01606,36087910,26.13,20.91,M1
C01607,36041172,12.41,9.32,M3h
C01608,36065709,19.52,10.15,M3s
C01609,36079359,23.88,24.99,M2
C01610,36018088,5.54,3.96,M2
C01611,36059685,17.89,9.34,M2
C01612,36082904,24.74,21.66,M1
C01613,36048544,14.59,19.49,M2
C01614,36082729,24.88,20.20,M1
C01615,36064388,19.42,23.16,M3h
C01616,36062110,18.90,23.51,M1
C01617,36072093,21.63,22.73,M1
C01618,36054006,16.39,7.42,M3h
C01619,36062563,18.73,6.97,M2
C01620,36017982,5.24,7.81,M3d
C01621,36072839,21.74,24.07,M1
C01622,36073187,21.97,12.50,M2
C01623,36065543,19.51,22.98,M1
C01624,36070832,21.18,25.33,M2
C01625,36059172,17.96,24.49,M2
C01626,36079193,23.99,24.69,M3d
C01627,36034311,10.42,3.52,M3d
C01628,36020538,6.19,12.23,M3d
C01629,36081794,24.59,25.96,M3s
C01630,36085745,25.53,22.48,M2
C01631,36023890,6.97,12.03,M3e
C01632,36070777,21.26,7.60,M2
C01633,36074893,22.40,8.17,M3h
C01634,36073516,22.19,21.24,M2
C01635,36068871,20.47,21.25,M1
C01636,36083159,25.14,22.39,M3d
C01637,36082592,24.89,27.00,M3e
C01638,36046108,13.94,8.83,M3d
C01639,36060494,18.25,22.78,M1
C01640,36069478,20.71,25.00,M3s
C01641,36069288,20.97,23.21,M3e
C01642,36068254,20.50,21.84,M3s
C01643,36080867,24.16,27.96,M3e
C01644,36067931,20.16,24.97,M2
C01645,36072011,21.82,21.23,M1
C01646,36047592,14.32,7.80,M3h
C01647,36076066,22.91,7.94,M3s
C01648,36064787,19.31,24.53,M3e
C01649,36046427,13.97,7.42,M1
C01650,36086569,26.06,21.08,M3s
C01651,36071628,21.44,21.56,M3s
C01652,36021305,6.41,5.76,M1
C01653,36060286,18.24,5.06,M2
C01654,36062561,18.80,2.06,M1
C01655,36081025,24.43,22.59,M3s
C01656,36090030,27.20,21.50,M3s
C01657,36018970,5.68,1.82,M3h
C01658,36017387,5.38,8.84,M3d
C01659,36061283,18.44,21.19,M2
C01660,36072463,21.86,24.41,M3s
C01661,36060768,18.20,7.30,M1
C01662,36052239,15.66,5.46,M1
C01663,36066983,19.89,21.66,M1
C01664,36008760,2.69,5.44,M3e
C01665,36063596,19.03,6.76,M2
C01666,36071790,21.59,22.89,M1
C01667,36083179,25.12,9.19,M2
C01668,36060090,18.10,10.81,M1
C01669,36067651,20.35,22.61,M3d
C01670,36068912,20.42,23.73,M1
C01671,36074147,22.38,24.82,M1
C01672,36074981,22.36,25.64,M2
C01673,36072456,21.81,18.21,M3d
C01674,36072883,21.62,19.39,M3s
C01675,36049908,14.91,21.21,M1
C01676,36023692,7.16,11.33,M3d
C01677,36086766,25.84,22.14,M1
C01678,36059986,17.87,26.58,M3d
C01679,36061120,18.56,20.07,M3e
C01680,36083744,25.11,24.86,M3h
C01681,36085681,25.65,23.16,M1
C01682,36067006,20.19,24.68,M3s
C01683,36085614,25.58,23.51,M1
C01684,36078201,23.48,9.79,M2
C01685,36055807,16.61,23.42,M3d
C01686,36076545,23.09,22.04,M3e
C01687,36052064,15.82,5.46,M3s
C01688,36078310,23.64,24.73,M1
C01689,36070614,21.13,23.23,M1
C01690,36079360,23.81,11.85,M2
C01691,36079311,23.85,25.12,M3s
C01692,36064339,19.22,8.59,M1
C01693,36071962,21.47,23.88,M1
C01694,36067389,20.13,10.50,M2
C01695,36067383,20.21,4.97,M2
C01696,36075714,22.72,24.29,M3s
C01697,36062820,18.79,21.98,M3d
C01698,36058749,17.64,22.03,M1
C01699,36031428,9.53,6.90,M2
C01700,36074093,22.30,23.46,M2
C01701,36075622,22.69,6.37,M2
C01702,36072743,21.73,10.72,M3h
C01703,36065430,19.73,11.65,M3e
C01704,36050548,15.13,23.23,M1
C01705,36089327,26.87,25.45,M3d
C01706,36057010,17.14,8.77,M2
C01707,36086806,25.94,23.58,M3s
C01708,36049802,14.78,6.67,M3s
C01709,36068683,20.61,24.63,M3e
C01710,36051874,15.49,19.25,M3e
C01711,36048775,14.48,21.43,M1
C01712,36046905,13.85,8.02,M2
C01713,36060487,18.28,19.05,M2
C01714,36078282,23.56,24.34,M3e
C01715,36063611,19.00,22.08,M1
C01716,36069310,20.75,17.22,M2
C01717,36024399,7.23,1.40,M3d
C01718,36091598,27.50,23.27,M1
C01719,36063273,18.96,6.44,M2
C01720,36080971,24.06,23.50,M1
C01721,36075687,22.77,20.87,M3s
C01722,36062743,18.77,19.77,M2
C01723,36054689,16.34,23.74,M3s
C01724,36061854,18.32,25.60,M3d
C01725,36071476,21.38,6.80,M3h
C01726,36087202,26.24,23.17,M3e
C01727,36084570,25.24,24.32,M1
C01728,36018216,5.57,5.99,M3e
C01729,36082962,24.84,21.83,M2
C01730,36054994,16.25,9.66,M3e
C01731,36052883,15.61,11.98,M3h
C01732,36077935,23.25,23.43,M1
C01733,36057943,17.16,22.57,M3s
C01734,36067694,20.16,7.05,M3e
C01735,36065461,19.55,22.44,M2
C01736,36035142,10.55,7.39,M3s
C01737,36091024,27.33,23.57,M3e
C01738,36052620,15.69,8.32,M3h
C01739,36067430,20.28,8.49,M2
C01740,36046195,14.04,6.09,M3e
C01741,36078195,23.41,24.39,M3e
C01742,36050261,15.01,22.13,M3s
C01743,36080405,24.09,22.60,M3e
C01744,36088221,26.53,25.09,M2
C01745,36087349,26.21,23.93,M3s
C01746,36055936,16.79,9.15,M3h
C01747,36043385,12.93,7.73,M2
C01748,36083333,25.03,22.37,M1
C01749,36049425,14.73,12.06,M1
C01750,36066988,19.98,11.18,M2
C01751,36054508,16.41,19.25,M2
C01752,36030240,9.20,0.48,M3d
C01753,36066970,19.91,10.48,M2
C01754,36062076,18.82,7.06,M2
C01755,36089000,26.93,25.13,M3s
C01756,36085439,25.71,20.24,M3e
C01757,36079470,23.71,23.78,M2
C01758,36084714,25.35,23.68,M3s
C01759,36074524,22.39,23.86,M2
C01760,36024281,7.28,6.91,M3d
C01761,36026180,8.05,9.00,M3d
C01762,36071283,21.58,7.40,M2
C01763,36065232,19.73,22.41,M1
C01764,36027875,8.17,6.20,M3d
C01765,36079730,23.89,22.96,M3s
C01766,36077948,23.16,23.75,M3s
C01767,36064629,19.27,21.77,M3s
C01768,36023148,6.91,4.55,M2
C01769,36025579,7.65,11.53,M3d
C01770,36078449,23.63,20.79,M1
C01771,36038863,11.44,6.98,M2
C01772,36038096,11.64,7.57,M1
C01773,36067868,20.34,21.22,M3e
C01774,36061555,18.51,22.03,M3e
C01775,36087277,26.17,25.51,M3s
C01776,36066396,19.95,7.95,M3h
C01777,36062619,18.62,3.84,M1
C01778,36083717,25.17,23.18,M1
C01779,36065428,19.53,21.94,M1
C01780,36077047,23.32,26.86,M3s
C01781,36071047,21.46,25.64,M3e
C01782,36064938,19.29,20.94,M3s
C01783,36070059,21.09,8.06,M3h
C01784,36076944,22.82,24.84,M3d
C01785,36064331,19.21,7.32,M3h
C01786,36065948,19.67,20.55,M3s
C01787,36042089,12.66,13.20,M2
C01788,36072211,21.79,23.78,M3s
C01789,36051926,15.32,19.49,M3d
C01790,36062301,18.78,26.00,M2
C01791,36070345,21.19,8.32,M2
C01792,36056564,17.00,13.01,M3e
C01793,36048717,14.70,22.02,M2
C01794,36067062,20.36,13.68,M2
C01795,36060418,18.14,9.45,M3h
C01796,36018165,5.67,2.27,M1
C01797,36080365,24.17,26.31,M1
C01798,36082319,24.86,21.25,M3e
C01799,36063667,19.01,9.38,M3s
C01800,36086551,26.08,22.31,M3h
C01801,36062656,18.70,10.38,M3s
C01802,36040114,12.04,10.57,M3h
C01803,36089294,26.95,22.45,M3d
C01804,36048904,14.57,9.93,M1
C01805,36065806,19.59,22.63,M3s
C01806,36023161,7.07,10.32,M3d
C01807,36069501,20.80,23.22,M3s
C01808,36090509,27.09,20.77,M1
C01809,36016447,4.92,6.46,M3d
C01810,36066896,20.02,7.57,M3s
C01811,36078022,23.49,23.91,M3e
C01812,36057204,17.25,11.97,M3d
C01813,36080264,24.27,22.28,M1
C01814,36067619,20.21,23.18,M1
C01815,36069979,20.70,23.77,M1
C01816,36065423,19.55,20.92,M3e
C01817,36072593,21.85,25.06,M3s
C01818,36064948,19.36,8.49,M3h
C01819,36077428,23.14,23.72,M3s
C01820,36082028,24.61,25.23,M1
C01821,36065898,19.55,7.37,M1
C01822,36065221,19.74,8.57,M3s
C01823,36074511,22.27,23.43,M3s
C01824,36079647,23.84,24.94,M3d
C01825,36080260,24.18,22.25,M3e
C01826,36049938,14.74,24.93,M1
C01827,36018240,5.49,4.77,M1
C01828,36044065,13.49,20.34,M3s
C01829,36072670,21.73,26.85,M3s
C01830,36061214,18.44,21.22,M3s
C01831,36082815,24.69,4.27,M2
C01832,36044950,13.32,7.31,M3h
C01833,36069484,20.79,25.20,M1
C01834,36067396,20.33,21.41,M3s
C01835,36057082,17.26,22.74,M3s
C01836,36077822,23.35,19.97,M2
C01837,36070672,21.20,20.83,M3e
C01838,36032903,9.84,3.40,M3s
C01839,36022483,6.83,11.05,M3d
C01840,36037832,11.28,10.88,M3s
C01841,36064024,19.37,17.17,M3e
C01842,36073189,22.17,4.63,M2
C01843,36085420,25.71,22.85,M2
C01844,36082346,24.66,22.36,M2
C01845,36060720,18.02,7.41,M2
C01846,36018918,5.59,3.25,M3e
C01847,36048699,14.64,7.84,M2
C01848,36088589,26.58,20.22,M1
C01849,36082238,24.79,20.46,M3e
C01850,36087183,26.20,22.74,M2
C01851,36057909,17.28,23.21,M3s
C01852,36039276,11.84,6.27,M3h
C01853,36068417,20.51,20.05,M3e
C01854,36057093,17.12,8.36,M3e
C01855,36064558,19.27,9.85,M2
C01856,36067416,20.16,22.11,M1
C01857,36056240,16.84,23.63,M3s
C01858,36060800,18.16,22.21,M1
C01859,36079156,23.75,25.68,M3e
C01860,36052296,15.68,18.41,M3s
C01861,36073158,22.01,23.23,M1
C01862,36052877,15.74,25.90,M1
C01863,36075438,22.76,19.27,M1
C01864,36087808,26.30,21.62,M3h
C01865,36057685,17.24,9.76,M2
C01866,36079255,23.83,6.08,M3h
C01867,36055970,16.55,6.72,M3s
C01868,36046523,13.88,6.13,M1
C01869,36081034,24.48,22.48,M1
C01870,36008374,2.58,7.53,M3d
C01871,36053235,16.19,24.38,M3e
C01872,36086244,25.96,18.05,M3e
C01873,36079737,23.96,23.51,M3s
C01874,36068653,20.47,20.64,M2
C01875,36084323,25.30,21.38,M2
C01876,36030129,9.16,13.77,M3d
C01877,36030066,9.26,13.38,M3e
C01878,36061127,18.55,9.10,M1
C01879,36088442,26.41,19.14,M2
C01880,36069046,20.79,7.27,M2
C01881,36046716,14.00,8.55,M1
C01882,36086972,25.92,23.37,M3s
C01883,36051496,15.34,5.98,M3h
C01884,36052069,15.80,21.91,M3s
C01885,36068318,20.65,8.25,M3e
C01886,36051346,15.59,23.98,M2
C01887,36093269,27.91,19.32,M1
C01888,36074435,22.42,22.63,M3s
C01889,36069863,20.75,21.73,M3e
C01890,36056484,16.96,9.68,M2
C01891,36057261,17.20,9.40,M2
C01892,36069658,20.82,21.77,M3e
C01893,36072626,21.76,6.35,M3s
C01894,36062099,18.85,19.90,M3s
C01895,36024631,7.21,8.45,M2
C01896,36054622,16.41,8.56,M3d
C01897,36059742,17.74,10.66,M3e
C01898,36054342,16.50,9.93,M3h
C01899,36059441,17.81,5.49,M3h
C01900,36048728,14.46,8.99,M3h
C01901,36061021,18.40,21.25,M1
C01902,36021829,6.55,4.14,M3s
C01903,36070769,21.24,24.24,M1
C01904,36082271,24.73,23.16,M3h
C01905,36084363,25.27,17.48,M3s
C01906,36054370,16.36,21.73,M3h
C01907,36078690,23.53,24.99,M3s
C01908,36071577,21.38,5.48,M3h
C01909,36055601,16.57,11.46,M3d
C01910,36065397,19.76,25.32,M3d
C01911,36087557,26.33,23.93,M1
C01912,36084258,25.20,21.96,M2
C01913,36027501,8.35,3.31,M3d
C01914,36016794,5.04,7.29,M3d
C01915,36083697,25.05,24.00,M1
C01916,36059842,17.83,7.34,M2
C01917,36022768,6.67,5.09,M3e
C01918,36076787,23.07,9.44,M3h
C01919,36006358,2.03,7.42,M3d
C01920,36080416,24.08,19.54,M3s
C01921,36089375,26.79,19.03,M2
C01922,36021829,6.46,10.13,M3e
C01923,36070125,21.05,7.97,M3s
C01924,36049643,14.88,10.27,M2
C01925,36055270,16.59,5.42,M3s
C01926,36014975,4.36,6.73,M3e
C01927,36029701,8.95,13.88,M2
C01928,36023455,7.12,6.21,M3d
C01929,36079317,23.96,24.75,M2
C01930,36019107,5.72,6.50,M3d
C01931,36065961,19.79,8.75,M3h
C01932,36079979,23.76,25.86,M1
C01933,36028472,8.60,7.00,M3h
C01934,36056838,17.06,23.25,M3s
C01935,36069461,20.94,8.18,M3h
C01936,36090295,27.21,25.41,M3e
C01937,36064872,19.39,5.77,M3h
C01938,36068407,20.56,23.13,M3s
C01939,36059782,17.79,20.76,M2
C01940,36087278,26.27,24.25,M1
C01941,36086379,25.82,21.20,M1
C01942,36081025,24.40,27.67,M1
C01943,36034913,10.38,14.94,M2
C01944,36058064,17.41,12.64,M3e
C01945,36025675,7.64,3.78,M3d
C01946,36063231,19.12,8.13,M3h
C01947,36034938,10.32,9.34,M3d
C01948,36086752,25.98,22.93,M2
C01949,36059505,17.73,7.72,M3s
C01950,36084655,25.34,21.73,M2
C01951,36056162,16.95,10.29,M1
C01952,36039312,11.73,3.61,M3h
C01953,36063491,18.94,7.34,M1
C01954,36082591,24.72,20.30,M1
C01955,36053521,16.01,5.42,M1
C01956,36083298,25.09,24.53,M1
C01957,36084265,25.34,19.96,M1
C01958,36061949,18.51,8.71,M3h
C01959,36008147,2.67,11.97,M3d
C01960,36082492,24.63,22.26,M1
C01961,36071430,21.58,7.61,M3h
C01962,36064948,19.34,7.05,M2
C01963,36072698,21.67,25.98,M1
C01964,36082928,24.81,19.00,M3s
C01965,36087114,26.21,22.50,M1
C01966,36055697,16.50,18.66,M1
C01967,36061356,18.33,22.19,M3h
C01968,36061005,18.33,6.57,M3d
C01969,36075608,22.78,21.15,M1
C01970,36064979,19.40,22.89,M3d
C01971,36016876,4.95,5.00,M3e
C01972,36065524,19.52,24.23,M3s
C01973,36078502,23.47,19.64,M1
C01974,36021174,6.35,10.95,M3d
C01975,36083133,24.93,23.00,M3s
C01976,36064221,19.44,7.97,M1
C01977,36060028,18.23,10.41,M2
C01978,36081978,24.54,21.44,M3d
C01979,36072407,21.62,21.84,M1
C01980,36068255,20.58,24.02,M1
C01981,36064875,19.34,23.92,M2
C01982,36017090,5.16,12.14,M3d
C01983,36055538,16.78,7.72,M2
C01984,36065476,19.58,9.30,M2
C01985,36023367,7.11,6.15,M3e
C01986,36078795,23.63,27.16,M2
C01987,36079048,23.98,4.81,M3h
C01988,36058128,17.67,27.03,M1
C01989,36085493,25.69,22.95,M1
C01990,36024042,7.41,9.60,M3e
C01991,36076652,22.86,8.28,M2
C01992,36029144,8.98,5.32,M3d
C01993,36052852,15.74,22.62,M3s
C01994,36066879,20.03,22.79,M3s
C01995,36094004,28.36,23.70,M1
C01996,36072899,21.75,24.94,M2
C01997,36058087,17.70,22.10,M2
C01998,36019836,5.92,6.47,M3e
C01999,36048262,14.41,8.55,M1
C02000,36058098,17.45,19.26,M1
C02001,36071857,21.51,8.06,M3s
C02002,36059166,17.92,20.00,M1
C02003,36012293,3.86,14.43,M3d
C02004,36066559,19.84,9.28,M2
C02005,36047473,14.40,7.25,M1
C02006,36077523,23.24,24.77,M1
C02007,36063522,19.20,7.26,M3h
C02008,36055578,16.69,21.65,M1
C02009,36065925,19.52,13.59,M3s
C02010,36070463,21.15,19.71,M2
C02011,36070373,21.11,9.11,M1
C02012,36054935,16.29,21.43,M3e
C02013,36065343,19.60,24.57,M3e
C02014,36072702,21.75,7.66,M2
C02015,36070053,21.28,5.82,M2
C02016,36074336,22.26,21.35,M3e
C02017,36066170,19.92,5.81,M2
C02018,36074925,22.45,23.24,M3h
C02019,36066997,20.00,24.23,M2
C02020,36058018,17.66,25.58,M3s
C02021,36088529,26.44,21.18,M3h
C02022,36063906,18.99,21.96,M3s
C02023,36010228,3.29,5.64,M3h
C02024,36058789,17.58,7.17,M3s
C02025,36083381,25.16,25.53,M3e
C02026,36066874,19.85,24.70,M1
C02027,36073091,22.16,23.44,M1
C02028,36072263,21.80,19.64,M1
C02029,36056492,16.91,9.23,M1
C02030,36062855,18.82,25.09,M2
C02031,36027492,8.10,5.82,M3h
C02032,36077139,23.11,24.62,M1
C02033,36089286,26.73,25.69,M2
C02034,36098510,29.40,24.33,M3e
C02035,36071533,21.56,24.46,M1
C02036,36080538,24.03,22.17,M3s
C02037,36081169,24.36,24.60,M3s
C02038,36087844,26.29,24.22,M1
C02039,36089692,26.83,25.27,M3s
C02040,36080170,24.24,25.26,M1
C02041,36072047,21.75,22.31,M3s
C02042,36083063,25.00,22.51,M1
C02043,36030664,9.11,3.75,M2
C02044,36071762,21.30,21.61,M2
C02045,36013916,4.19,6.03,M3e
C02046,36076753,22.82,9.96,M3h
C02047,36070589,21.03,6.57,M2
C02048,36065578,19.59,22.58,M3e
C02049,36067532,20.34,18.33,M3s
C02050,36066942,20.02,23.64,M2
C02051,36038590,11.63,16.49,M3d
C02052,36082930,24.74,25.86,M1
C02053,36066778,19.88,21.36,M3h
C02054,36066121,20.01,20.47,M3s
C02055,36047624,14.19,24.39,M3s
C02056,36067101,20.18,5.45,M2
C02057,36083615,25.08,22.75,M3s
C02058,36061240,18.35,18.88,M3e
C02059,36087704,26.25,22.31,M1
C02060,36058404,17.68,5.28,M3h
C02061,36078113,23.46,23.38,M3s
C02062,36047721,14.34,8.86,M1
C02063,36037795,11.16,3.81,M3e
C02064,36087299,26.29,21.84,M3e
C02065,36011696,3.60,12.32,M3h
C02066,36083879,25.03,22.73,M2
C02067,36052912,15.65,7.89,M3s
C02068,36052951,15.74,6.57,M3e
C02069,36078147,23.41,8.63,M2
C02070,36080760,24.10,21.18,M1
C02071,36071910,21.43,7.00,M2
C02072,36070186,21.15,23.43,M3s
C02073,36017102,5.22,2.95,M1
C02074,36020552,6.01,12.98,M3d
C02075,36052166,15.84,23.56,M3e
C02076,36074260,22.45,19.61,M3e
C02077,36069151,20.94,23.69,M2
C02078,36056421,16.96,20.97,M3e
C02079,36069161,20.95,21.07,M3d
C02080,36075918,22.67,20.23,M2
C02081,36025197,7.53,6.95,M3s
C02082,36068718,20.49,22.60,M2
C02083,36019960,5.87,12.15,M3d
C02084,36055072,16.56,23.88,M1
C02085,36060438,18.05,5.61,M3s
C02086,36045241,13.70,6.13,M1
C02087,36087630,26.37,21.17,M3s
C02088,36075310,22.56,22.36,M3s
C02089,36092175,27.67,24.52,M1
C02090,36073913,22.13,22.87,M1
C02091,36063988,19.10,9.33,M2
C02092,36061041,18.52,6.39,M3s
C02093,36083086,25.15,26.06,M3h
C02094,36069544,20.93,22.03,M3e
C02095,36062864,18.73,11.05,M1
C02096,36060140,18.23,6.49,M1
C02097,36075734,22.55,8.62,M3h
C02098,36087965,26.27,21.24,M3s
C02099,36078094,23.43,23.18,M3s
C02100,36073845,22.10,9.31,M3h
C02101,36070004,21.10,27.16,M1
C02102,36056399,17.09,21.00,M1
C02103,36075134,22.54,22.54,M1
C02104,36080911,24.29,22.22,M1
C02105,36071635,21.43,13.63,M3h
C02106,36064382,19.36,10.46,M3d
C02107,36081876,24.43,23.70,M2
C02108,36076755,22.89,24.28,M1
C02109,36071643,21.31,21.61,M3s
C02110,36081433,24.57,21.11,M1
C02111,36066078,19.84,7.60,M2
C02112,36033074,9.91,3.74,M2
C02113,36016808,5.08,5.99,M2
C02114,36062858,18.68,6.22,M3e
C02115,36089701,26.89,25.46,M1
C02116,36075847,22.71,23.65,M1
C02117,36072026,21.75,24.59,M3e
C02118,36067367,20.19,20.78,M3e
C02119,36019842,5.87,5.91,M1
C02120,36064396,19.40,5.03,M2
C02121,36058066,17.41,8.48,M2
C02122,36059589,17.97,26.88,M3e
C02123,36030526,9.00,9.09,M2
C02124,36035671,10.73,8.29,M1
C02125,36027790,8.33,8.60,M3d
C02126,36054676,16.36,24.12,M3s
C02127,36050422,15.15,10.85,M1
C02128,36074252,22.21,19.65,M3s
C02129,36063925,19.17,6.28,M2
C02130,36050755,15.16,23.31,M1
C02131,36068176,20.58,22.25,M3s
C02132,36018492,5.58,13.48,M3d
C02133,36083280,25.05,23.06,M3h
C02134,36072299,21.65,20.21,M1
C02135,36046233,13.93,7.58,M2
C02136,36025415,7.55,14.18,M3h
C02137,36079907,23.71,21.63,M1
C02138,36070317,21.17,23.95,M1
C02139,36059433,17.72,12.10,M1
C02140,36066967,19.97,9.95,M2
C02141,36068636,20.49,6.03,M2
C02142,36032332,9.68,1.20,M2
C02143,36079083,23.80,22.85,M2
C02144,36052321,15.62,6.06,M3h
C02145,36089480,26.82,21.46,M2
C02146,36065326,19.80,25.02,M1
C02147,36075868,22.67,19.71,M2
C02148,36054193,16.29,19.12,M2
C02149,36071525,21.58,26.82,M3d
C02150,36022596,6.67,4.70,M3d
C02151,36074917,22.23,7.46,M3h
C02152,36045759,13.73,11.17,M1
C02153,36012518,3.66,3.25,M3d
C02154,36073133,22.13,22.96,M3s
C02155,36065525,19.58,24.55,M2
C02156,36081741,24.39,20.43,M3s
C02157,36078792,23.48,21.89,M1
C02158,36066621,19.95,8.27,M2
C02159,36016041,4.85,11.85,M3d
C02160,36069384,20.87,24.13,M1
C02161,36062376,18.79,7.09,M2
C02162,36046588,13.93,10.76,M1
C02163,36094592,28.39,21.41,M3s
C02164,36078419,23.56,24.18,M2
C02165,36081197,24.54,19.90,M1
C02166,36099500,30.00,21.70,M3s
C02167,36084452,25.28,24.67,M1
C02168,36062234,18.62,8.60,M2
C02169,36070337,21.15,21.19,M2
C02170,36078398,23.47,23.53,M2
C02171,36063512,19.14,5.69,M2
C02172,36019657,5.90,5.20,M3d
C02173,36055406,16.59,22.04,M1
C02174,36060343,18.20,19.27,M3h
C02175,36092989,27.76,24.15,M3e
C02176,36023814,7.02,3.18,M1
C02177,36055832,16.55,7.90,M3h
C02178,36066500,20.00,5.97,M2
C02179,36077665,23.39,24.29,M3s
C02180,36069164,20.83,21.01,M1
C02181,36069042,20.71,7.68,M3h
C02182,36063538,19.17,1.36,M3h
C02183,36066324,19.87,6.07,M2
C02184,36064652,19.35,5.95,M2
C02185,36075534,22.53,7.02,M3h
C02186,36052121,15.80,7.86,M1
C02187,36057856,17.19,9.05,M3h
C02188,36056279,16.83,23.42,M3d
C02189,36076382,22.81,20.66,M3h
C02190,36060979,18.02,22.47,M3e
C02191,36069358,20.81,6.43,M2
C02192,36059631,17.92,22.55,M3s
C02193,36069067,20.79,12.11,M3s
C02194,36072314,21.77,6.90,M2
C02195,36062900,18.85,9.12,M2
C02196,36077291,23.25,22.03,M3d
C02197,36068767,20.67,17.33,M3h
C02198,36074566,22.48,19.41,M3s
C02199,36049243,14.76,12.86,M1
C02200,36064318,19.42,19.21,M3s
C02201,36024347,7.25,1.69,M1
C02202,36066493,19.95,26.08,M1
C02203,36075996,22.56,24.42,M3e
C02204,36024317,7.41,2.86,M3d
C02205,36021870,6.36,13.27,M3d
C02206,36044105,13.47,24.38,M3s
C02207,36071211,21.46,6.74,M3e
C02208,36040224,12.02,19.66,M3s
C02209,36079134,23.84,24.99,M1
C02210,36069073,20.75,25.86,M3s
C02211,36049993,14.77,9.92,M1
C02212,36069015,20.81,23.67,M1
C02213,36017159,5.12,10.13,M3e
C02214,36021361,6.32,6.14,M1
C02215,36069274,20.84,7.64,M2
C02216,36059549,17.98,23.59,M3s
C02217,36081401,24.30,23.93,M1
C02218,36068244,20.47,19.27,M3s
C02219,36018249,5.66,7.53,M3h
C02220,36075093,22.77,19.39,M1
C02221,36028004,8.51,4.17,M3e
C02222,36056915,16.85,21.02,M1
C02223,36053179,16.15,19.54,M2
C02224,36021056,6.49,5.33,M3d
C02225,36051260,15.54,10.56,M2
C02226,36063829,19.00,9.83,M3s
C02227,36076779,22.88,5.76,M2
C02228,36025594,7.56,6.93,M3h
C02229,36015521,4.66,7.87,M3e
C02230,36062123,18.82,7.07,M2
C02231,36078413,23.59,23.97,M2
C02232,36026344,7.95,5.44,M3e
C02233,36084842,25.40,22.79,M3d
C02234,36065512,19.54,6.39,M2
C02235,36057338,17.28,4.18,M2
C02236,36076426,22.95,24.13,M3d
C02237,36057381,17.38,8.20,M3h
C02238,36086152,26.03,20.65,M2
C02239,36068370,20.69,25.67,M1
C02240,36041836,12.39,19.32,M3s
C02241,36077617,23.11,10.37,M3s
C02242,36068823,20.50,24.07,M3s
C02243,36053285,16.01,17.93,M3e
C02244,36051477,15.32,9.52,M1
C02245,36010836,3.22,10.86,M3d
C02246,36057134,17.17,15.96,M3h
C02247,36058990,17.61,5.25,M2
C02248,36072901,21.72,22.00,M1
C02249,36020998,6.10,8.59,M3h
C02250,36054067,16.33,20.68,M2
C02251,36073908,22.07,6.13,M2
C02252,36054965,16.26,20.76,M3h
C02253,36084806,25.43,23.90,M2
C02254,36058631,17.63,21.58,M1
C02255,36066398,20.06,25.46,M2
C02256,36065533,19.75,7.38,M3s
C02257,36067502,20.38,21.60,M3d
C02258,36063284,19.18,20.92,M3s
C02259,36080166,24.11,24.72,M3e
C02260,36025400,7.60,6.63,M1
C02261,36020885,6.05,4.80,M3h
C02262,36083423,24.98,18.55,M2
C02263,36026217,7.97,14.44,M2
C02264,36054043,16.42,22.47,M3s
C02265,36068398,20.59,10.02,M2
C02266,36071364,21.39,22.69,M3e
C02267,36032552,9.70,14.71,M3h
C02268,36026694,8.10,0.68,M2
C02269,36072370,21.60,26.62,M2
C02270,36022526,6.66,7.19,M3d
C02271,36025310,7.51,7.36,M1
C02272,36067996,20.14,24.57,M3s
C02273,36068270,20.55,7.22,M2
C02274,36038170,11.65,19.98,M3e
C02275,36011335,3.54,4.32,M3e
C02276,36049786,14.88,21.15,M3e
C02277,36054220,16.34,21.90,M2
C02278,36045616,13.79,22.25,M2
C02279,36083980,24.95,22.48,M3h
C02280,36065927,19.72,8.44,M2
C02281,36038245,11.48,7.66,M3e
C02282,36023500,6.90,12.78,M3d
C02283,36078991,23.69,8.24,M3s
C02284,36061829,18.58,10.04,M3s
C02285,36061677,18.36,24.67,M3s
C02286,36070285,21.13,21.62,M2
C02287,36030501,9.14,3.96,M3d
C02288,36025303,7.69,13.56,M3d
C02289,36080329,24.27,25.45,M1
C02290,36070310,21.14,3.25,M2
C02291,36084674,25.35,24.17,M3e
C02292,36056216,16.91,24.73,M1
C02293,36070470,21.28,9.80,M2
C02294,36042324,12.79,7.50,M3d
C02295,36062866,18.67,6.60,M2
C02296,36014299,4.47,4.68,M3h
C02297,36061546,18.31,12.60,M2
C02298,36055039,16.57,22.79,M3s
C02299,36069226,20.81,21.41,M2
C02300,36061643,18.57,21.49,M3h
C02301,36058466,17.41,9.14,M1
C02302,36026887,8.00,3.26,M2
C02303,36073936,21.90,20.91,M1
C02304,36085761,25.52,27.16,M3e
C02305,36078045,23.65,23.06,M2
C02306,36081532,24.58,21.17,M2
C02307,36060919,18.04,20.97,M3e
C02308,36065470,19.75,22.95,M3e
C02309,36070114,21.22,23.76,M1
C02310,36086829,25.95,25.93,M3h
C02311,36071313,21.55,10.08,M2
C02312,36027803,8.15,3.50,M3s
C02313,36070966,21.23,8.86,M3h
C02314,36070814,21.19,23.25,M2
C02315,36088694,26.65,22.98,M2
C02316,36079715,23.98,22.82,M1
C02317,36055229,16.76,21.25,M2
C02318,36056606,16.85,23.85,M3e
C02319,36074537,22.22,24.28,M3e
C02320,36045208,13.53,9.86,M3d
C02321,36059647,17.79,8.10,M2
C02322,36048853,14.45,23.33,M3s
C02323,36082489,24.64,19.76,M3e
C02324,36083574,24.93,21.67,M3s
C02325,36020568,6.10,7.75,M3d
C02326,36041910,12.44,10.25,M1
C02327,36073544,21.93,24.17,M1
C02328,36087743,26.27,26.69,M3e
C02329,36086672,25.87,19.82,M1
C02330,36073552,22.04,19.46,M1
C02331,36072246,21.75,21.34,M3e
C02332,36018442,5.70,5.69,M1
C02333,36085103,25.72,24.32,M3e
C02334,36050334,15.26,13.31,M2
C02335,36069227,20.89,26.06,M3s
C02336,36015943,4.60,3.89,M3h
C02337,36061506,18.59,16.95,M2
C02338,36073620,21.96,23.41,M2
C02339,36078213,23.52,24.14,M1
C02340,36064585,19.35,24.32,M1
C02341,36020595,6.05,13.93,M3e
C02342,36065992,19.66,6.69,M2
C02343,36065120,19.53,8.96,M3e
C02344,36007688,2.13,0.92,M3e
C02345,36047258,14.40,9.01,M2
C02346,36022116,6.73,9.02,M2
C02347,36068899,20.44,9.21,M2
C02348,36072691,21.77,11.94,M2
C02349,36083509,24.98,24.60,M1
C02350,36072902,21.84,9.31,M3h
C02351,36033159,10.18,8.00,M2
C02352,36058462,17.60,19.63,M3s
C02353,36092395,27.76,19.39,M3s
C02354,36057791,17.15,8.63,M2
C02355,36051459,15.59,9.05,M1
C02356,36055894,16.53,20.62,M3s
C02357,36030795,9.02,8.04,M2
C02358,36087002,26.28,23.32,M1
C02359,36066141,19.98,5.80,M2
C02360,36062682,18.64,7.44,M3h
C02361,36069985,20.87,22.43,M2
C02362,36059613,17.90,11.65,M1
C02363,36056575,16.92,22.81,M2
C02364,36052131,15.83,6.70,M2
C02365,36011256,3.52,7.99,M3d
C02366,36060232,18.28,8.47,M3h
C02367,36066676,19.90,5.68,M2
C02368,36085969,25.64,22.53,M2
C02369,36052376,15.75,12.57,M3s
C02370,36059177,17.94,21.10,M3s
C02371,36001965,0.33,4.72,M3h
C02372,36051331,15.31,9.61,M1
C02373,36085970,25.65,23.25,M3s
C02374,36045744,13.57,8.84,M3h
C02375,36076829,23.06,22.80,M3e
C02376,36086012,25.87,25.45,M1
C02377,36082400,24.73,20.79,M3e
C02378,36067428,20.36,19.54,M3s
C02379,36047878,14.40,18.78,M3s
C02380,36048792,14.47,18.76,M2
C02381,36073213,22.04,22.84,M1
C02382,36076115,22.94,8.20,M2
C02383,36074548,22.26,21.07,M3s
C02384,36062284,18.61,22.31,M3s
C02385,36015600,4.54,5.37,M3h
C02386,36047504,14.30,5.48,M1
C02387,36077100,23.26,8.90,M3e
C02388,36055315,16.60,21.87,M1
C02389,36060932,18.08,8.31,M2
C02390,36083487,24.95,23.98,M3s
C02391,36068422,20.58,19.31,M1
C02392,36015720,4.66,6.78,M3d
C02393,36050498,15.08,8.23,M1
C02394,36054017,16.32,21.77,M3s
C02395,36074585,22.23,22.78,M3s
C02396,36031678,9.58,8.79,M3e
C02397,36046483,13.90,17.64,M2
C02398,36077464,23.19,24.77,M3s
C02399,36030957,9.09,5.39,M2
C02400,36072219,21.62,24.46,M1
C02401,36055870,16.75,22.53,M3e
C02402,36069435,20.98,24.58,M2
C02403,36075138,22.73,25.37,M3e
C02404,36079041,23.84,6.57,M2
C02405,36071632,21.36,26.25,M1
C02406,36024192,7.36,5.75,M3e
C02407,36077923,23.28,22.81,M3d
C02408,36026080,7.97,7.94,M3h
C02409,36025693,7.59,11.72,M3d
C02410,36072434,21.78,5.39,M2
C02411,36068432,20.49,19.62,M3s
C02412,36078022,23.50,24.58,M2
C02413,36067095,20.23,22.91,M1
C02414,36078091,23.70,22.99,M3e
C02415,36085761,25.78,19.61,M3s
C02416,36055382,16.53,20.36,M3s
C02417,36077675,23.11,20.77,M3h
C02418,36072626,21.86,20.17,M2
C02419,36075048,22.72,9.37,M2
C02420,36089236,26.74,26.39,M1
C02421,36068129,20.48,18.93,M3s
C02422,36087534,26.37,24.43,M3e
C02423,36061427,18.32,4.88,M3h
C02424,36046223,13.81,23.44,M3s
C02425,36065740,19.69,6.38,M2
C02426,36053153,16.18,21.64,M2
C02427,36075371,22.56,19.11,M3h
C02428,36026551,7.84,10.31,M3d
C02429,36067092,20.28,21.41,M3s
C02430,36026778,7.97,5.46,M3d
C02431,36045357,13.74,11.12,M1
C02432,36019184,5.82,3.74,M3h
C02433,36078897,23.49,5.63,M2
C02434,36076792,22.82,21.85,M3s
C02435,36063662,19.17,4.68,M2
C02436,36064408,19.38,11.51,M3s
C02437,36075300,22.59,20.67,M2
C02438,36081979,24.52,19.37,M1
C02439,36075751,22.62,22.27,M1
C02440,36087936,26.38,24.75,M3s
C02441,36015792,4.67,13.24,M3d
C02442,36070704,21.14,21.67,M1
C02443,36079569,23.90,22.35,M3h
C02444,36047536,14.31,21.38,M3s
C02445,36068046,20.53,24.72,M3e
C02446,36080494,24.10,24.20,M2
C02447,36091244,27.34,21.56,M1
C02448,36013160,4.10,11.66,M3d
C02449,36071758,21.46,3.03,M2
C02450,36090221,27.00,21.19,M2
C02451,36062820,18.81,16.93,M3e
C02452,36089765,26.77,19.24,M2
C02453,36064015,19.50,24.46,M2
C02454,36064079,19.48,7.86,M3h
C02455,36048355,14.54,7.00,M1
C02456,36078321,23.52,25.52,M2
C02457,36080431,24.24,26.10,M3e
C02458,36064647,19.25,22.82,M3s
C02459,36021613,6.30,8.93,M3e
C02460,36036022,10.87,11.71,M3d
C02461,36077197,23.11,7.06,M2
C02462,36092832,27.83,23.70,M3s
C02463,36023728,6.92,11.22,M3h
C02464,36078927,23.65,23.32,M3s
C02465,36086769,25.84,19.16,M3s
C02466,36086306,25.82,22.43,M1
C02467,36067479,20.33,25.35,M3s
C02468,36072520,21.72,22.06,M1
C02469,36069661,20.83,22.99,M2
C02470,36058903,17.56,21.75,M1
C02471,36035784,10.54,6.07,M3e
C02472,36083924,25.02,21.66,M3h
C02473,36083214,24.98,21.81,M3s
C02474,36074522,22.24,23.02,M3s
C02475,36024638,7.48,5.68,M3e
C02476,36028669,8.48,7.03,M2
C02477,36076143,22.91,21.36,M3s
C02478,36013884,4.01,16.74,M3d
C02479,36069641,20.70,20.76,M3s
C02480,36024314,7.33,11.85,M3h
C02481,36075667,22.54,11.01,M3s
C02482,36086562,26.03,22.24,M3s
C02483,36087468,26.28,23.02,M1
C02484,36083152,24.94,23.80,M3s
C02485,36051033,15.54,6.21,M2
C02486,36071115,21.34,9.09,M1
C02487,36070487,21.19,25.70,M1
C02488,36090276,27.13,22.17,M3e
C02489,36057118,17.32,7.93,M3s
C02490,36056227,16.90,22.73,M1
C02491,36017929,5.18,14.32,M3d
C02492,36090441,27.18,20.16,M2
C02493,36084657,25.40,21.69,M3h
C02494,36080432,24.06,27.66,M1
C02495,36081492,24.58,5.48,M3h
C02496,36058636,17.64,9.57,M3h
C02497,36083851,25.12,27.41,M3d
C02498,36062649,18.60,9.15,M3e
C02499,36070111,21.03,22.75,M3s
C02500,36058319,17.41,6.72,M1
C02501,36059695,17.79,3.89,M1
C02502,36066866,19.90,23.22,M1
C02503,36023836,7.08,6.03,M1
C02504,36057493,17.30,20.18,M1
C02505,36084676,25.37,20.11,M3s
C02506,36000583,0.13,11.82,M3d
C02507,36014705,4.48,4.22,M3e
C02508,36080964,24.02,22.15,M3s
C02509,36067176,20.11,25.71,M2
C02510,36064027,19.37,5.17,M1
C02511,36062786,18.61,7.36,M3e
C02512,36023718,6.91,6.41,M3d
C02513,36013547,4.06,6.66,M3d
C02514,36065244,19.70,19.77,M2
C02515,36067346,20.26,23.49,M1
C02516,36070590,21.18,7.49,M3h
C02517,36069926,20.78,4.18,M3h
C02518,36064602,19.38,9.30,M2
C02519,36065684,19.70,24.48,M3e
C02520,36073040,21.99,20.78,M1
C02521,36069550,20.78,4.92,M3h
C02522,36054217,16.47,7.89,M2
C02523,36072858,21.74,10.85,M3d
C02524,36030070,9.27,13.51,M3d
C02525,36060030,18.09,23.66,M1
C02526,36083454,24.97,23.11,M2
C02527,36066792,19.94,22.49,M1
C02528,36024010,7.24,15.10,M3d
C02529,36073126,22.17,7.77,M2
C02530,36085225,25.55,23.47,M1
C02531,36074505,22.25,20.18,M1
C02532,36072128,21.63,9.84,M3h
C02533,36048047,14.65,9.39,M3h
C02534,36059759,17.82,8.06,M3e
C02535,36054795,16.46,6.89,M2
C02536,36073697,22.02,8.90,M2
C02537,36069586,20.95,22.00,M1
C02538,36029835,8.91,7.08,M3s
C02539,36057913,17.33,9.93,M1
C02540,36051868,15.50,23.80,M3s
C02541,36069163,20.93,7.21,M3h
C02542,36049062,14.84,21.53,M3s
C02543,36046189,14.06,8.48,M1
C02544,36082097,24.68,8.96,M2
C02545,36054931,16.38,11.81,M1
C02546,36013552,3.97,4.05,M3h
C02547,36061577,18.34,20.98,M3s
C02548,36072464,21.64,6.13,M2
C02549,36077701,23.36,21.19,M1
C02550,36060223,18.09,8.90,M3e
C02551,36078223,23.53,22.90,M1
C02552,36085924,25.52,22.42,M3s
C02553,36076981,23.00,24.61,M1
C02554,36055713,16.78,23.53,M2
C02555,36054492,16.49,9.99,M3e
C02556,36077328,23.17,17.70,M3s
C02557,36045300,13.61,23.28,M3s
C02558,36063323,19.15,5.90,M3h
C02559,36080831,24.28,20.52,M1
C02560,36076958,23.05,22.73,M1
C02561,36069528,20.99,23.00,M3e
C02562,36089513,26.92,21.46,M2
C02563,36074495,22.23,21.54,M3s
C02564,36090463,27.05,22.81,M2
C02565,36017726,5.15,7.61,M3e
C02566,36052109,15.75,20.88,M3d
C02567,36067325,20.12,22.84,M3h
C02568,36081583,24.57,21.22,M3s
C02569,36066301,19.97,10.03,M2
C02570,36030518,9.03,5.43,M3e
C02571,36074536,22.45,18.93,M3h
C02572,36067103,20.34,25.04,M2
C02573,36049368,14.87,20.60,M1
C02574,36058289,17.56,22.15,M3s
C02575,36063836,19.12,21.16,M3s
C02576,36063457,19.11,6.65,M2
C02577,36057636,17.27,12.09,M3h
C02578,36063835,19.12,19.79,M3d
C02579,36084130,25.39,25.56,M2
C02580,36061455,18.33,25.26,M2
C02581,36081317,24.42,25.89,M3e
C02582,36075894,22.77,24.11,M1
C02583,36065406,19.66,9.64,M3e
C02584,36065455,19.56,21.74,M2
C02585,36050315,15.12,18.32,M3s
C02586,36075121,22.63,10.53,M2
C02587,36067601,20.27,20.09,M2
C02588,36081866,24.30,22.79,M3s
C02589,36025340,7.76,3.37,M3e
C02590,36061976,18.37,22.99,M1
C02591,36008630,2.64,6.03,M3h
C02592,36080883,24.21,21.72,M3e
C02593,36068330,20.57,25.29,M1
C02594,36058029,17.59,20.83,M1
C02595,36048599,14.58,25.57,M1
C02596,36050877,15.19,6.66,M3e
C02597,36069869,20.80,12.13,M3e
C02598,36050511,15.02,7.47,M3h
C02599,36047638,14.35,12.01,M3e
C02600,36057565,17.37,7.48,M3s
C02601,36061696,18.52,8.03,M1
C02602,36068207,20.43,12.23,M2
C02603,36073044,22.16,19.94,M1
C02604,36066287,19.83,7.76,M2
C02605,36064558,19.23,6.11,M3h
C02606,36050113,15.17,23.46,M3s
C02607,36064765,19.36,7.69,M2
C02608,36064966,19.43,8.76,M2
C02609,36077406,23.17,19.06,M3e
C02610,36069493,20.96,24.79,M3h
C02611,36029663,8.74,11.86,M1
C02612,36037269,11.23,22.18,M3e
C02613,36051870,15.49,11.58,M3h
C02614,36081463,24.59,21.71,M1
C02615,36059219,17.95,21.02,M1
C02616,36015691,4.60,13.37,M3d
C02617,36080035,24.05,24.31,M3e
C02618,36048028,14.43,21.30,M3e
C02619,36056935,16.90,12.19,M1
C02620,36093626,28.10,23.95,M3s
C02621,36027363,8.25,11.78,M3d
C02622,36065280,19.62,26.73,M1
C02623,36049507,14.99,25.45,M3e
C02624,36057073,17.39,22.85,M2
C02625,36096459,28.91,21.65,M2
C02626,36052292,15.79,6.93,M1
C02627,36020130,6.11,5.10,M3d
C02628,36028069,8.59,11.94,M3e
C02629,36022065,6.72,4.75,M3s
C02630,36017721,5.38,1.50,M3d
C02631,36017690,5.32,4.17,M3s
C02632,36077651,23.29,24.27,M3e
C02633,36058644,17.43,24.09,M1
C02634,36083864,24.95,23.99,M1
C02635,36060390,18.00,21.03,M2
C02636,36072961,21.77,21.05,M3s
C02637,36016891,4.90,13.66,M3d
C02638,36089716,26.88,27.05,M3s
C02639,36071106,21.34,23.29,M3d
C02640,36039771,11.81,9.74,M1
C02641,36074028,22.26,21.17,M1
C02642,36058313,17.56,10.53,M1
C02643,36081464,24.32,22.14,M1
C02644,36082624,24.90,19.60,M1
C02645,36080137,24.20,19.62,M3s
C02646,36058937,17.69,24.69,M3h
C02647,36079583,23.90,18.77,M2
C02648,36081878,24.32,9.03,M3s
C02649,36072340,21.82,9.46,M3s
C02650,36059226,17.98,20.82,M3s
C02651,36047750,14.29,10.53,M3s
C02652,36077314,23.16,23.27,M3h
C02653,36050964,15.29,20.85,M1
C02654,36070331,21.10,19.86,M3h
C02655,36075688,22.66,24.47,M3s
C02656,36063443,19.11,22.10,M2
C02657,36027101,8.33,5.80,M3d
C02658,36015800,4.71,1.23,M3e
C02659,36081716,24.47,23.91,M3d
C02660,36044709,13.32,11.85,M1
C02661,36055700,16.52,9.57,M1
C02662,36045376,13.62,12.19,M1
C02663,36061189,18.58,22.67,M1
C02664,36086242,25.89,23.54,M3s
C02665,36019765,5.99,6.72,M2
C02666,36053813,16.08,24.50,M2
C02667,36082504,24.81,21.81,M3s
C02668,36066759,19.87,9.33,M2
C02669,36075410,22.76,21.12,M2
C02670,36081981,24.46,22.57,M2
C02671,36092300,27.85,22.96,M1
C02672,36080890,24.17,22.77,M1
C02673,36018266,5.45,3.69,M1
C02674,36075151,22.62,21.28,M1
C02675,36062940,18.77,17.92,M3s
C02676,36061959,18.53,8.79,M2
C02677,36056883,16.96,9.63,M2
C02678,36062569,18.79,7.85,M3h
C02679,36076935,22.81,22.64,M3s
C02680,36065683,19.70,21.22,M3s
C02681,36064750,19.49,5.39,M2
C02682,36082952,24.80,10.26,M3h
C02683,36017916,5.20,10.43,M3d
C02684,36056696,16.91,13.75,M3e
C02685,36064612,19.44,24.99,M3e
C02686,36024457,7.35,4.26,M2
C02687,36022486,6.72,12.67,M3h
C02688,36032211,9.69,4.05,M3e
C02689,36069365,20.73,23.43,M3e
C02690,36099941,30.00,23.90,M3e
C02691,36075616,22.55,26.09,M3s
C02692,36065533,19.51,10.86,M2
C02693,36063024,18.99,23.80,M3s
C02694,36050781,15.25,21.72,M1
C02695,36074133,22.45,19.90,M3e
C02696,36067238,20.24,10.88,M2
C02697,36022557,6.63,3.79,M3s
C02698,36050365,15.29,22.54,M3s
C02699,36070809,21.19,14.31,M2
C02700,36046682,13.83,8.43,M1
C02701,36079408,23.82,8.21,M2
C02702,36080735,24.02,26.47,M3s
C02703,36064759,19.45,9.81,M2
C02704,36086291,25.82,25.05,M3s
C02705,36086429,26.07,21.73,M3s
C02706,36091850,27.52,24.48,M2
C02707,36018222,5.46,5.69,M3h
C02708,36027423,8.29,6.52,M3e
C02709,36017686,5.16,3.87,M3e
C02710,36082889,24.87,26.11,M3d
C02711,36016603,5.08,3.26,M3h
C02712,36067597,20.30,4.00,M2
C02713,36046912,14.06,21.75,M3d
C02714,36056174,17.05,22.61,M3s
C02715,36051764,15.32,8.26,M1
C02716,36061020,18.49,22.34,M3s
C02717,36080131,24.11,24.96,M1
C02718,36073945,22.01,24.54,M3e
C02719,36058153,17.48,22.14,M3h
C02720,36074801,22.30,10.07,M2
C02721,36067353,20.20,17.54,M3e
C02722,36019188,5.92,6.14,M1
C02723,36061789,18.50,23.24,M3e
C02724,36060616,18.10,22.30,M1
C02725,36077124,23.19,23.28,M1
C02726,36073892,22.16,25.06,M3e
C02727,36062206,18.74,25.20,M3d
C02728,36069209,20.77,7.09,M3h
C02729,36063558,18.99,12.37,M3h
C02730,36084860,25.46,25.07,M1
C02731,36035240,10.59,9.13,M1
C02732,36079360,23.95,8.43,M3s
C02733,36070254,21.26,7.97,M2
C02734,36086848,25.98,22.53,M3d
C02735,36073055,22.04,23.68,M3e
C02736,36054190,16.24,22.37,M3s
C02737,36051927,15.34,5.33,M2
C02738,36086972,25.90,24.35,M1
C02739,36078556,23.40,11.89,M3h
C02740,36097225,29.16,20.89,M2
C02741,36031130,9.30,8.62,M3d
C02742,36031645,9.59,7.26,M1
C02743,36061914,18.42,7.67,M2
C02744,36067838,20.32,10.51,M2
C02745,36074193,22.35,24.73,M3e
C02746,36047935,14.18,21.73,M3d
C02747,36091630,27.39,26.35,M1
C02748,36053239,16.11,22.19,M1
C02749,36044633,13.37,8.66,M1
C02750,36062748,18.69,20.22,M3s
C02751,36081011,24.41,25.54,M3e
C02752,36076743,22.82,26.27,M3s
C02753,36028972,8.60,14.88,M3h
C02754,36052381,15.70,14.74,M1
C02755,36079372,23.80,22.79,M2
C02756,36072891,21.81,9.97,M3e
C02757,36072708,21.88,7.21,M2
C02758,36061384,18.33,21.07,M2
C02759,36041870,12.33,9.65,M1
C02760,36035035,10.52,7.78,M1
C02761,36027891,8.16,6.65,M3e
C02762,36061391,18.35,21.76,M1
C02763,36070868,21.08,24.36,M3s
C02764,36075007,22.72,23.02,M1
C02765,36058461,17.53,6.93,M3s
C02766,36074322,22.35,25.30,M3s
C02767,36034066,10.30,2.99,M3d
C02768,36070172,21.10,20.22,M2
C02769,36057767,17.37,8.10,M1
C02770,36080408,24.09,26.75,M2
C02771,36018478,5.59,4.31,M3d
C02772,36072896,21.89,20.67,M1
C02773,36065225,19.75,20.19,M1
C02774,36075647,22.64,23.66,M1
C02775,36034221,10.32,12.12,M1
C02776,36055419,16.50,11.22,M2
C02777,36029498,8.90,3.17,M3e
C02778,36052108,15.69,22.26,M2
C02779,36041918,12.41,9.21,M1
C02780,36073573,22.00,23.43,M2
C02781,36021361,6.53,5.37,M3d
C02782,36080277,24.15,24.14,M1
C02783,36062780,18.81,19.19,M2
C02784,36059895,17.75,7.14,M2
C02785,36017395,5.32,2.70,M3h
C02786,36088944,26.63,26.44,M2
C02787,36060613,18.04,4.82,M2
C02788,36060044,18.18,26.46,M2
C02789,36081836,24.44,19.61,M3e
C02790,36086806,25.97,22.91,M3s
C02791,36072034,21.70,23.85,M3e
C02792,36076393,22.96,22.28,M3e
C02793,36041771,12.37,20.78,M3d
C02794,36082141,24.66,24.48,M2
C02795,36057159,17.29,6.36,M1
C02796,36020297,6.05,12.13,M3e
C02797,36064133,19.48,8.12,M3h
C02798,36053552,16.10,23.51,M1
C02799,36064499,19.41,10.29,M3h
C02800,36064834,19.43,20.15,M3e
C02801,36062531,18.76,12.25,M1
C02802,36085180,25.64,22.74,M3e
C02803,36049876,14.70,19.14,M1
C02804,36069632,20.84,22.52,M3s
C02805,36070390,21.15,8.88,M3s
C02806,36069664,20.70,22.40,M3h
C02807,36062245,18.76,22.06,M1
C02808,36060036,18.09,10.00,M1
C02809,36087656,26.15,23.98,M2
C02810,36065236,19.71,17.89,M3s
C02811,36030697,9.10,4.35,M1
C02812,36079882,23.95,23.60,M3s
C02813,36060695,18.18,21.39,M3e
C02814,36021115,6.44,12.54,M3e
C02815,36067661,20.34,9.76,M2
C02816,36079849,23.99,6.43,M2
C02817,36069837,20.82,26.48,M1
C02818,36062162,18.64,8.60,M3h
C02819,36079594,23.82,21.20,M2
C02820,36077583,23.30,21.88,M3s
C02821,36051602,15.52,16.58,M1
C02822,36072769,21.76,24.16,M2
C02823,36057097,17.37,9.88,M2
C02824,36064301,19.45,7.15,M2
C02825,36049016,14.84,13.45,M1
C02826,36050255,15.05,10.67,M3s
C02827,36074670,22.41,22.51,M2
C02828,36083904,24.97,21.45,M1
C02829,36053655,16.06,22.66,M3s
C02830,36059692,17.93,6.08,M3h
C02831,36075187,22.50,21.81,M1
C02832,36070517,21.21,21.68,M2
C02833,36075933,22.57,22.71,M3d
C02834,36080303,24.19,25.24,M1
C02835,36082445,24.84,26.61,M2
C02836,36053567,16.13,19.39,M3s
C02837,36074839,22.23,10.91,M2
C02838,36056911,16.90,11.25,M3d
C02839,36092841,27.65,25.52,M3s
C02840,36059714,17.90,7.24,M2
C02841,36072403,21.67,25.21,M2
C02842,36067176,20.17,23.71,M3e
C02843,36068584,20.52,22.80,M3s
C02844,36021268,6.32,6.99,M3h
C02845,36053994,16.10,21.80,M2
C02846,36072708,21.68,20.78,M3e
C02847,36030374,9.30,8.78,M3h
C02848,36041404,12.36,4.27,M1
C02849,36080790,24.05,23.05,M3d
C02850,36059862,17.81,20.69,M1
C02851,36033356,9.93,9.72,M3e
C02852,36089431,26.79,22.21,M1
C02853,36057709,17.31,21.37,M1
C02854,36085202,25.67,22.29,M3e
C02855,36068540,20.54,9.37,M3e
C02856,36061490,18.57,21.53,M3s
C02857,36021904,6.31,3.86,M3d
C02858,36069209,20.77,24.37,M3e
C02859,36058889,17.62,7.01,M3h
C02860,36086501,25.83,21.75,M1
C02861,36084023,25.49,24.18,M3s
C02862,36055351,16.60,6.66,M3s
C02863,36062316,18.85,24.93,M3e
C02864,36068366,20.44,11.28,M2
C02865,36062255,18.63,25.23,M3s
C02866,36033903,10.14,3.13,M3s
C02867,36069403,20.86,5.15,M3h
C02868,36071428,21.37,10.30,M3h
C02869,36047103,14.11,7.40,M3h
C02870,36059527,17.76,9.56,M2
C02871,36069609,20.85,5.44,M3h
C02872,36058866,17.46,22.76,M2
C02873,36085350,25.79,22.50,M1
C02874,36064924,19.27,19.59,M1
C02875,36079845,23.72,21.73,M3s
C02876,36077014,23.10,22.40,M2
C02877,36054798,16.27,11.28,M2
C02878,36066842,20.01,3.87,M2
C02879,36079470,23.94,23.32,M1
C02880,36083268,25.14,25.49,M3h
C02881,36033632,9.96,12.36,M3d
C02882,36086112,25.90,22.36,M3e
C02883,36079634,23.79,26.55,M3e
C02884,36083637,24.93,23.30,M2
C02885,36075415,22.52,24.66,M1
C02886,36070857,21.17,23.84,M1
C02887,36051214,15.39,21.92,M3h
C02888,36085162,25.78,26.68,M1
C02889,36073939,22.18,19.97,M1
C02890,36048113,14.67,20.12,M3e
C02891,36059038,17.97,4.67,M3e
C02892,36070297,21.06,6.58,M2
C02893,36025422,7.72,3.65,M1
C02894,36030616,9.26,8.90,M3e
C02895,36064657,19.30,21.02,M3s
C02896,36077470,23.17,22.99,M3s
C02897,36080978,24.26,19.66,M3e
C02898,36069137,20.75,6.33,M2
C02899,36071414,21.44,21.69,M3h
C02900,36059185,17.82,6.70,M3h
C02901,36028884,8.48,7.65,M3d
C02902,36064605,19.20,12.98,M3h
C02903,36063648,19.11,20.78,M3e
C02904,36074866,22.43,20.36,M2
C02905,36085846,25.53,23.30,M2
C02906,36065586,19.64,21.57,M3d
C02907,36072063,21.87,25.12,M1
C02908,36061303,18.47,8.09,M2
C02909,36066520,19.86,18.60,M3s
C02910,36042947,12.60,8.09,M3s
C02911,36079602,23.79,23.45,M1
C02912,36031681,9.52,6.86,M3d
C02913,36067864,20.21,20.37,M3s
C02914,36061585,18.39,17.55,M2
C02915,36052435,15.61,11.55,M1
C02916,36089580,26.95,21.27,M2
C02917,36018408,5.62,3.62,M1
C02918,36065582,19.60,17.45,M3s
C02919,36071982,21.31,18.45,M1
C02920,36061764,18.45,16.51,M2
C02921,36094876,28.25,25.14,M1
C02922,36045900,13.73,11.19,M1
C02923,36012164,3.67,4.31,M3d
C02924,36061199,18.50,17.06,M3e
C02925,36076730,23.01,8.68,M3h
C02926,36061736,18.59,10.34,M3h
C02927,36049824,14.99,17.34,M3s
C02928,36045383,13.70,17.48,M3e
C02929,36077897,23.29,22.57,M3e
C02930,36066844,19.97,20.88,M1
C02931,36078894,23.51,23.57,M2
C02932,36085870,25.76,26.98,M2
C02933,36077955,23.30,25.42,M3e
C02934,36072671,21.86,19.19,M3e
C02935,36052271,15.63,7.35,M2
C02936,36065616,19.73,27.17,M3s
C02937,36081391,24.34,21.85,M1
C02938,36078515,23.42,24.92,M3s
C02939,36046705,13.82,22.42,M2
C02940,36060719,18.15,9.49,M3h
C02941,36072715,21.69,11.21,M3s
C02942,36071159,21.55,7.24,M2
C02943,36081179,24.59,23.25,M1
C02944,36080570,24.03,21.54,M2
C02945,36018208,5.51,1.66,M1
C02946,36071811,21.33,24.96,M3s
C02947,36063079,19.04,11.03,M3h
C02948,36050780,15.28,6.57,M3e
C02949,36050133,15.12,10.48,M2
C02950,36058390,17.44,11.68,M2
C02951,36051736,15.55,10.56,M3d
C02952,36045801,13.78,20.66,M3d
C02953,36068543,20.55,20.40,M1
C02954,36071950,21.51,24.10,M1
C02955,36068495,20.64,25.15,M3d
C02956,36074564,22.25,20.46,M1
C02957,36067812,20.38,22.63,M3s
C02958,36045423,13.69,24.19,M1
C02959,36072336,21.79,8.23,M2
C02960,36064105,19.36,10.43,M3h
C02961,36073670,22.12,7.90,M3h
C02962,36078729,23.58,23.47,M3e
C02963,36069276,20.99,20.06,M1
C02964,36016437,4.84,8.41,M3e
C02965,36020031,6.10,9.62,M3e
C02966,36069933,20.92,24.47,M3e
C02967,36050565,15.10,9.59,M2
C02968,36056810,17.05,7.33,M3h
C02969,36046584,14.03,5.14,M3h
C02970,36068044,20.65,24.90,M3s
C02971,36061828,18.45,5.94,M3h
C02972,36048349,14.47,12.73,M3s
C02973,36062529,18.67,7.12,M3h
C02974,36063048,19.20,22.52,M2
C02975,36072171,21.79,27.66,M3e
C02976,36068940,20.67,10.45,M3s
C02977,36084332,25.49,23.59,M3e
C02978,36059308,17.83,25.33,M3d
C02979,36067321,20.25,25.15,M1
C02980,36076890,22.99,23.53,M1
C02981,36083437,25.07,20.99,M1
C02982,36031614,9.35,7.18,M3h
C02983,36070476,21.02,8.94,M2
C02984,36056473,16.92,5.11,M2
C02985,36052139,15.81,21.84,M3d
C02986,36077013,23.34,24.93,M3h
C02987,36075831,22.77,23.80,M3e
C02988,36051025,15.32,12.37,M2
C02989,36068019,20.61,24.52,M2
C02990,36026859,7.84,6.35,M3e
C02991,36068956,20.46,7.61,M2
C02992,36079708,23.84,21.98,M2
C02993,36022848,6.69,5.26,M3s
C02994,36059714,17.82,9.85,M2
C02995,36018359,5.48,2.57,M3h
C02996,36068950,20.63,22.78,M2
C02997,36073620,22.19,23.49,M1
C02998,36060209,18.18,20.89,M3s
C02999,36085734,25.60,24.90,M3d
C03000,36060870,18.13,8.06,M3h
C03001,36073892,22.12,8.89,M3h
C03002,36070766,21.28,22.03,M1
C03003,36018253,5.61,11.96,M3d
C03004,36079960,23.94,21.60,M3s
C03005,36065645,19.64,4.06,M3h
C03006,36081585,24.37,21.19,M2
C03007,36061247,18.47,21.68,M1
C03008,36094602,28.45,22.45,M2
C03009,36066902,19.93,7.49,M2
C03010,36057759,17.20,13.17,M3h
C03011,36053568,16.06,22.65,M1
C03012,36073711,21.97,6.15,M2
C03013,36061705,18.55,22.39,M3s
C03014,36066963,19.85,5.78,M3h
C03015,36072887,21.73,7.07,M3h
C03016,36026287,7.91,5.40,M2
C03017,36067128,20.24,22.30,M3d
C03018,36074368,22.34,21.71,M3h
C03019,36079984,23.83,22.95,M1
C03020,36013212,4.17,6.74,M3e
C03021,36071725,21.53,20.68,M3s
C03022,36053056,16.11,20.06,M1
C03023,36076231,22.98,23.00,M2
C03024,36064261,19.25,19.82,M1
C03025,36019937,5.80,7.85,M3d
C03026,36085396,25.60,19.10,M3e
C03027,36069328,20.78,10.92,M2
C03028,36068995,20.65,19.03,M1
C03029,36083372,25.09,24.01,M1
C03030,36015055,4.63,6.44,M2
C03031,36052189,15.76,8.28,M3h
C03032,36085426,25.57,21.88,M3e
C03033,36083908,24.96,23.73,M3e
C03034,36080192,24.13,25.83,M3s
C03035,36068227,20.47,6.41,M2
C03036,36091749,27.50,24.76,M1
C03037,36017612,5.19,6.16,M3d
C03038,36055473,16.65,21.10,M3s
C03039,36021986,6.41,9.37,M3d
C03040,36029470,8.77,2.29,M3d
C03041,36071756,21.31,7.49,M3h
C03042,36044377,13.49,20.11,M3d
C03043,36074439,22.30,24.33,M3s
C03044,36066988,19.88,9.78,M3e
C03045,36078634,23.57,21.65,M3s
C03046,36068284,20.64,23.71,M3e
C03047,36063282,19.15,20.21,M3s
C03048,36071850,21.49,23.31,M1
C03049,36067739,20.16,8.30,M1
C03050,36078825,23.60,21.36,M1
C03051,36024351,7.22,17.96,M3d
C03052,36022318,6.86,11.36,M3d
C03053,36060400,18.15,22.31,M1
C03054,36033651,10.08,8.79,M2
C03055,36081609,24.52,23.78,M3s
C03056,36078853,23.50,23.52,M1
C03057,36079792,23.85,9.59,M3h
C03058,36034920,10.30,2.07,M1
C03059,36074196,22.22,22.54,M2
C03060,36040187,12.28,22.28,M1
C03061,36023861,7.04,6.08,M3h
C03062,36060679,18.03,8.89,M3e
C03063,36065718,19.74,10.27,M3s
C03064,36057625,17.17,21.93,M1
C03065,36062813,18.84,3.93,M3h
C03066,36033058,9.99,1.74,M3e
C03067,36053288,15.96,23.53,M2
C03068,36052117,15.76,4.88,M3h
C03069,36074671,22.45,23.43,M3s
C03070,36052634,15.80,9.96,M2
C03071,36060963,18.02,11.19,M3h
C03072,36076877,23.09,23.40,M2
C03073,36080370,24.14,22.35,M3s
C03074,36051048,15.31,23.19,M2
C03075,36033849,10.19,3.82,M2
C03076,36039884,11.99,10.35,M3h
C03077,36072303,21.70,10.70,M2
C03078,36090307,27.23,23.30,M2
C03079,36067946,20.14,7.16,M2
C03080,36084741,25.37,22.21,M3h
C03081,36065935,19.78,8.94,M3e
C03082,36036736,10.91,12.30,M1
C03083,36060533,18.17,24.51,M3e
C03084,36060651,18.01,10.64,M3s
C03085,36067377,20.12,21.52,M3e
C03086,36070811,21.02,6.57,M2
C03087,36086216,25.97,23.77,M2
C03088,36068735,20.58,23.51,M1
C03089,36024312,7.46,5.28,M3d
C03090,36075607,22.77,24.34,M1
C03091,36028513,8.61,10.74,M3d
C03092,36078040,23.67,6.76,M3h
C03093,36062526,18.63,21.90,M1
C03094,36031143,9.53,13.93,M1
C03095,36070040,21.07,8.26,M2
C03096,36065037,19.64,19.63,M3h
C03097,36020849,6.21,5.12,M1
C03098,36071788,21.40,22.69,M1
C03099,36066492,20.05,22.12,M3s
C03100,36065715,19.70,8.92,M3h
C03101,36068487,20.50,19.56,M3s
C03102,36063555,19.02,22.81,M2
C03103,36056383,17.09,7.36,M3e
C03104,36064505,19.25,26.94,M2
C03105,36065879,19.54,21.65,M2
C03106,36079759,23.96,9.97,M3h
C03107,36052136,15.76,24.02,M3h
C03108,36022438,6.63,6.44,M1
C03109,36076280,22.83,20.40,M1
C03110,36058784,17.66,12.35,M2
C03111,36022456,6.86,3.77,M1
C03112,36048957,14.61,5.46,M1
C03113,36088441,26.56,21.48,M1
C03114,36066251,20.05,8.42,M3e
C03115,36075608,22.53,8.50,M3h
C03116,36028764,8.55,12.98,M3d
C03117,36060927,18.18,5.72,M2
C03118,36064896,19.43,22.86,M3h
C03119,36057109,17.13,20.65,M1
C03120,36069196,20.79,23.74,M3h
C03121,36073286,22.20,27.05,M3s
C03122,36054951,16.21,20.73,M3s
C03123,36087241,26.33,25.73,M1
C03124,36073455,22.10,21.94,M1
C03125,36073007,22.09,9.21,M2
C03126,36059497,17.77,9.17,M3h
C03127,36071167,21.37,22.82,M3s
C03128,36063713,19.12,7.14,M3h
C03129,36081293,24.41,20.81,M3s
C03130,36054915,16.27,23.29,M3s
C03131,36047178,14.24,7.20,M1
C03132,36092927,27.63,23.08,M2
C03133,36019786,5.77,11.43,M3d
C03134,36024833,7.24,4.64,M1
C03135,36079095,23.85,22.65,M1
C03136,36058411,17.50,7.41,M3s
C03137,36080710,24.18,23.06,M3d
C03138,36084560,25.35,21.28,M3s
C03139,36066255,19.93,7.02,M2
C03140,36081511,24.37,21.96,M2
C03141,36077987,23.36,21.10,M2
C03142,36015643,4.66,12.36,M3h
C03143,36081899,24.36,23.89,M3s
C03144,36078798,23.60,21.57,M2
C03145,36049324,14.89,20.99,M3s
C03146,36088135,26.44,23.61,M3h
C03147,36079416,23.82,23.55,M1
C03148,36077553,23.27,8.64,M3h
C03149,36027483,8.39,5.55,M3e
C03150,36082622,24.75,21.41,M3s
C03151,36065105,19.56,22.68,M3s
C03152,36083199,25.07,21.99,M3e
C03153,36083503,25.13,24.87,M2
C03154,36061752,18.52,21.30,M1
C03155,36061825,18.59,21.83,M3h
C03156,36029272,8.82,10.97,M3e
C03157,36029934,8.86,7.12,M3d
C03158,36085465,25.54,28.72,M3s
C03159,36015152,4.69,7.34,M3d
C03160,36061127,18.50,5.52,M3e
C03161,36058306,17.64,7.25,M2
C03162,36076456,23.08,21.14,M1
C03163,36068290,20.45,5.57,M3h
C03164,36094773,28.30,22.58,M3e
C03165,36017537,5.27,3.08,M1
C03166,36068225,20.67,23.73,M3e
C03167,36075139,22.59,21.69,M1
C03168,36063076,19.03,6.98,M3s
C03169,36070292,21.07,6.11,M2
C03170,36081996,24.41,22.70,M1
C03171,36063594,19.00,24.88,M3s
C03172,36042851,12.82,22.50,M3d
C03173,36077793,23.18,22.24,M3s
C03174,36030891,9.06,5.39,M3e
C03175,36069099,20.82,8.31,M2
C03176,36021013,6.41,5.67,M3e
C03177,36015582,4.71,6.27,M1
C03178,36091392,27.40,24.63,M1
C03179,36032554,9.72,3.98,M3s
C03180,36086536,26.09,27.59,M1
C03181,36086402,25.84,22.01,M3e
C03182,36071547,21.42,22.06,M3e
C03183,36079344,23.70,9.11,M3h
C03184,36072378,21.87,6.36,M2
C03185,36016384,5.05,14.62,M3d
C03186,36034344,10.45,7.38,M3d
C03187,36058291,17.42,22.67,M1
C03188,36056814,17.00,11.03,M2
C03189,36080340,24.08,19.74,M2
C03190,36065348,19.69,24.30,M2
C03191,36028306,8.65,4.67,M1
C03192,36073184,22.07,20.99,M3s
C03193,36061216,18.33,21.41,M2
C03194,36074586,22.45,6.20,M3h
C03195,36077250,23.31,21.36,M3s
C03196,36073653,22.04,25.35,M2
C03197,36085565,25.69,23.72,M1
C03198,36072107,21.83,22.24,M3s
C03199,36066445,20.06,22.41,M3d
C03200,36055020,16.54,19.26,M3d
C03201,36068001,20.46,9.13,M3e
C03202,36063946,19.12,6.46,M3s
C03203,36086727,25.98,22.00,M2
C03204,36025768,7.64,5.38,M3e
C03205,36054150,16.35,18.98,M3s
C03206,36050105,15.20,23.72,M3d
C03207,36063504,19.06,22.36,M3e
C03208,36070120,21.07,6.26,M3h
C03209,36028285,8.60,5.87,M3e
C03210,36060574,18.05,19.65,M3h
C03211,36050741,15.28,21.93,M3s
C03212,36051605,15.33,10.33,M3h
C03213,36074510,22.38,22.44,M3s
C03214,36065149,19.75,23.21,M1
C03215,36061044,18.44,14.31,M3s
C03216,36031708,9.32,3.61,M3d
C03217,36072954,21.80,27.19,M3s
C03218,36090111,27.18,20.18,M3s
C03219,36065805,19.74,23.11,M1
C03220,36087760,26.37,19.64,M1
C03221,36048380,14.66,18.01,M2
C03222,36056139,16.87,10.49,M1
C03223,36078790,23.48,21.25,M1
C03224,36052630,15.67,19.55,M3s
C03225,36061331,18.39,19.71,M3s
C03226,36075569,22.65,19.21,M1
C03227,36018986,5.56,5.71,M3s
C03228,36062830,18.73,4.44,M3h
C03229,36056121,17.03,22.48,M3h
C03230,36082882,24.85,22.83,M1
C03231,36022826,6.64,3.55,M1
C03232,36085945,25.57,26.84,M2
C03233,36071517,21.38,8.46,M3e
C03234,36062812,18.80,6.49,M3h
C03235,36081833,24.35,20.42,M1
C03236,36064089,19.47,25.76,M2
C03237,36059755,17.82,5.80,M3h
C03238,36068986,20.59,20.70,M3s
C03239,36069250,20.91,25.72,M1
C03240,36060037,18.29,19.76,M2
C03241,36047096,14.26,20.61,M2
C03242,36081492,24.44,9.45,M2
C03243,36066682,19.98,6.21,M3s
C03244,36089364,26.78,20.66,M1
C03245,36082163,24.83,23.92,M3e
C03246,36072063,21.83,11.03,M2
C03247,36058447,17.44,11.92,M3e
C03248,36083655,24.97,20.66,M2
C03249,36078800,23.63,22.54,M1
C03250,36029522,8.78,1.12,M3d
C03251,36056774,16.93,21.90,M3s
C03252,36076108,23.07,9.81,M2
C03253,36059076,17.75,23.22,M3s
C03254,36084700,25.38,23.12,M3h
C03255,36089185,26.79,21.44,M3h
C03256,36030983,9.20,3.10,M1
C03257,36058202,17.63,10.42,M2
C03258,36073726,22.02,21.06,M1
C03259,36080823,24.14,6.46,M2
C03260,36051702,15.57,22.90,M1
C03261,36050410,15.09,8.27,M3e
C03262,36067588,20.26,11.54,M3h
C03263,36079037,23.78,21.08,M3e
C03264,36058919,17.54,10.82,M1
C03265,36072192,21.66,22.41,M3d
C03266,36068150,20.44,26.35,M1
C03267,36082065,24.63,22.25,M1
C03268,36083373,25.06,23.61,M3d
C03269,36050358,15.17,7.77,M3s
C03270,36064488,19.27,8.21,M2
C03271,36056977,17.10,10.89,M1
C03272,36050056,15.02,22.62,M1
C03273,36064639,19.40,22.12,M3e
C03274,36078033,23.63,23.71,M3s
C03275,36079387,23.76,25.45,M3h
C03276,36076421,22.85,22.76,M3e
C03277,36056708,17.09,24.74,M3d
C03278,36069828,20.86,5.56,M2
C03279,36066714,19.81,4.38,M2
C03280,36025078,7.66,7.61,M1
C03281,36024332,7.40,12.04,M3d
C03282,36078142,23.49,24.67,M2
C03283,36071288,21.32,9.12,M2
C03284,36075578,22.79,21.97,M2
