14.22,12.31,25.05,18.98,16.99,11.62,21.39,18.94,19.71,13.92
8.30,15.96,20.12,17.99,17.93,13.58,22.08,13.92,20.23,16.08
11.61,18.62,7.76,7.58,12.70,14.42,13.79,6.32,12.45,15.23
11.03,18.83,7.35,8.10,13.12,14.61,14.35,5.66,12.97,15.52
16.22,6.12,20.10,7.04,3.56,2.36,7.95,15.92,6.27,2.73
9.15,18.96,21.53,21.03,21.14,16.77,25.28,15.46,23.43,19.27
7.33,19.30,7.14,10.77,14.95,15.07,17.02,2.29,15.43,16.51
23.83,15.70,21.10,7.65,8.21,13.76,4.05,20.22,5.40,12.09
9.86,13.63,20.94,16.90,16.20,11.53,20.47,14.78,18.66,14.02
8.03,21.33,5.19,12.23,16.74,17.10,18.52,1.54,17.02,18.48
11.77,13.65,12.48,4.42,8.24,9.46,10.43,9.03,8.75,10.33
8.03,16.00,10.16,8.32,11.88,11.77,14.37,5.42,12.67,13.22
6.44,20.37,6.77,12.25,16.34,16.18,18.50,0.90,16.90,17.73
10.44,13.01,21.32,16.74,15.82,11.03,20.12,15.17,18.32,13.51
10.65,22.68,3.27,12.27,17.30,18.43,18.47,4.10,17.14,19.54
10.52,24.67,1.92,14.66,19.60,20.42,20.88,4.32,19.54,21.67
20.67,8.36,22.04,6.86,2.00,6.87,3.30,19.07,2.55,4.84
8.61,20.00,6.08,10.59,15.16,15.75,16.88,2.75,15.38,17.03
13.65,13.84,24.95,19.87,18.21,12.94,22.60,18.78,20.88,15.29
10.48,12.45,21.11,16.18,15.20,10.42,19.51,14.99,17.71,12.90
10.84,12.12,21.36,16.14,15.04,10.17,19.36,15.27,17.57,12.65
8.76,11.70,17.86,12.63,12.44,8.55,16.56,11.93,14.71,10.99
6.69,16.99,18.73,17.80,18.26,14.29,22.28,12.56,20.42,16.77
12.48,12.80,23.44,18.17,16.67,11.51,21.04,17.30,19.30,13.92
10.16,14.40,11.55,6.05,9.65,10.15,12.04,7.57,10.35,11.33
20.80,17.45,16.49,5.70,9.46,14.46,6.96,16.34,7.07,13.54
8.12,17.71,8.39,9.08,13.20,13.47,15.31,4.04,13.70,14.82
11.62,19.48,6.91,8.40,13.57,15.28,14.57,5.97,13.27,16.11
12.56,16.09,24.43,20.95,19.86,14.80,24.20,18.23,22.43,17.23
13.12,8.73,22.23,14.46,12.39,7.14,16.78,16.42,15.08,9.55
8.61,19.20,21.01,20.87,21.15,16.89,25.24,14.97,23.39,19.39
11.85,16.64,23.86,20.94,20.09,15.15,24.41,17.67,22.61,17.61
4.90,19.43,8.46,12.45,16.04,15.31,18.57,2.30,16.88,17.04
18.54,13.08,17.14,2.37,5.13,10.02,4.23,15.32,3.28,9.15
12.03,8.61,20.41,12.52,10.90,6.06,15.25,14.72,13.49,8.56
10.85,15.17,22.52,19.10,18.29,13.45,22.60,16.33,20.79,15.92
10.98,16.13,22.89,19.98,19.26,14.43,23.56,16.69,21.75,16.91
10.49,20.40,22.92,22.83,22.88,18.39,27.04,16.93,25.19,20.89
10.93,18.80,23.27,21.99,21.67,17.00,25.90,17.16,24.07,19.48
6.33,20.95,6.52,12.86,16.96,16.76,19.11,0.35,17.51,18.33
8.44,19.67,20.86,21.11,21.50,17.31,25.57,14.86,23.71,19.81
10.45,14.36,21.86,18.09,17.29,12.50,21.58,15.67,19.78,14.98
8.69,18.54,21.04,20.43,20.59,16.27,24.71,14.95,22.86,18.77
5.57,18.37,8.87,11.30,14.85,14.22,17.39,2.99,15.69,15.90
6.48,18.06,18.76,18.62,19.25,15.35,23.23,12.65,21.37,17.82
7.29,19.89,6.65,11.29,15.54,15.67,17.56,1.75,15.99,17.11
11.55,13.51,22.72,18.12,16.94,11.94,21.29,16.55,19.51,14.39
7.05,20.20,6.53,11.72,15.94,15.98,17.98,1.32,16.41,17.46
9.53,12.31,19.83,15.01,14.36,9.86,18.61,13.74,16.79,12.36
11.56,8.71,19.35,11.35,10.05,5.62,14.34,13.79,12.55,8.10
12.85,23.70,3.12,12.40,17.73,19.48,18.37,6.31,17.22,20.35
9.64,16.41,9.54,7.19,11.43,12.17,13.42,5.90,11.83,13.32
10.94,12.75,21.77,16.90,15.82,10.92,20.14,15.64,18.36,13.40
13.55,13.73,24.81,19.70,18.05,12.79,22.44,18.64,20.72,15.15
12.72,14.76,11.81,3.88,8.65,10.65,10.15,9.17,8.64,11.24
4.96,18.22,9.41,11.66,14.99,14.11,17.68,3.38,15.95,15.87
10.47,19.86,6.16,9.39,14.35,15.62,15.64,4.64,14.26,16.64
8.60,18.71,20.97,20.50,20.71,16.42,24.82,14.88,22.97,18.91
12.74,8.02,21.07,12.76,10.81,5.76,15.19,15.42,13.46,8.23
22.17,16.40,18.73,6.25,8.49,13.87,5.16,18.16,5.78,12.58
8.42,18.50,20.76,20.23,20.45,16.18,24.55,14.67,22.70,18.67
12.09,9.29,21.19,13.90,12.23,7.22,16.60,15.36,14.85,9.69
10.39,15.05,22.02,18.68,17.97,13.20,22.25,15.82,20.44,15.68
13.42,8.05,22.18,13.92,11.71,6.42,16.10,16.45,14.42,8.83
8.63,15.05,20.16,17.36,17.12,12.71,21.31,13.96,19.47,15.21
8.51,19.32,20.92,20.90,21.22,16.99,25.30,14.89,23.45,19.48
7.15,15.87,18.85,17.02,17.27,13.20,21.33,12.65,19.48,15.68
18.64,7.40,20.79,6.07,0.60,5.03,4.88,17.40,3.38,3.51
7.23,17.49,8.88,9.60,13.40,13.27,15.75,3.88,14.08,14.77
12.20,19.61,24.58,23.30,22.83,18.03,27.09,18.49,25.28,20.50
7.81,17.22,19.95,18.79,18.99,14.77,23.09,13.79,21.23,17.27
13.09,14.44,24.55,19.98,18.54,13.35,22.91,18.37,21.17,15.74
14.84,19.22,9.24,6.73,12.31,15.22,12.34,9.39,11.35,15.52
7.79,19.47,6.81,10.61,14.93,15.23,16.89,2.44,15.33,16.61
8.34,17.13,20.46,19.07,19.12,14.80,23.26,14.30,21.41,17.30
16.80,12.02,27.46,20.40,17.77,12.23,22.13,21.39,20.56,14.29
11.61,16.45,9.85,5.76,10.62,12.26,12.05,7.38,10.59,13.05
8.98,16.81,21.05,19.24,19.09,14.63,23.27,14.87,21.43,17.13
20.35,16.86,16.40,5.09,8.87,13.84,6.54,16.02,6.53,12.94
7.64,14.83,11.60,8.56,11.40,10.65,14.30,6.43,12.52,12.29
6.59,17.42,9.22,10.04,13.63,13.23,16.13,3.85,14.44,14.82
12.14,9.20,21.21,13.84,12.15,7.13,16.52,15.38,14.77,9.61
11.37,15.42,23.11,19.67,18.76,13.84,23.08,16.92,21.28,16.30
4.59,18.47,9.45,12.05,15.35,14.38,18.06,3.33,16.34,16.18
5.30,16.34,11.24,10.89,13.61,12.29,16.63,5.34,14.84,14.15
10.80,14.12,22.15,18.13,17.21,12.35,21.52,15.97,19.73,14.83
19.97,9.56,20.67,5.41,1.92,7.45,2.48,17.96,1.07,5.80
21.36,16.23,17.92,5.53,8.26,13.52,5.32,17.32,5.67,12.36
8.72,21.14,5.04,11.64,16.29,16.89,17.92,2.33,16.46,18.18
16.44,11.75,16.33,1.25,4.36,8.25,5.59,13.76,3.97,7.87
9.26,12.66,19.70,15.18,14.63,10.17,18.86,13.59,17.03,12.67
5.92,17.35,9.66,10.53,13.89,13.19,16.55,3.97,14.82,14.88
8.75,16.06,9.95,7.74,11.56,11.81,13.86,5.65,12.20,13.14
10.67,19.65,6.42,9.07,14.07,15.41,15.32,4.93,13.94,16.39
14.74,5.88,22.33,12.48,9.63,4.19,14.02,16.93,12.40,6.52
10.20,15.89,10.09,6.48,10.74,11.65,12.70,6.61,11.11,12.72
14.03,6.67,21.91,12.61,10.09,4.76,14.48,16.41,12.82,7.16
14.26,14.59,12.74,2.57,7.85,10.64,8.83,10.59,7.44,10.89
7.27,14.54,12.17,9.03,11.53,10.40,14.61,6.78,12.81,12.16
10.94,12.31,21.58,16.44,15.32,10.43,19.65,15.46,17.86,12.91
9.11,18.27,21.43,20.49,20.51,16.10,24.67,15.31,22.82,18.60
12.19,18.66,7.98,7.31,12.54,14.49,13.46,6.87,12.18,15.21
9.75,14.53,21.18,17.72,17.13,12.47,21.39,14.99,19.57,14.97
10.26,15.43,22.00,18.92,18.29,13.55,22.56,15.80,20.74,16.03
13.17,18.49,8.69,6.64,12.04,14.38,12.68,7.93,11.47,14.92
12.16,16.12,24.05,20.73,19.73,14.73,24.06,17.85,22.28,17.17
6.75,19.76,7.03,11.52,15.62,15.55,17.76,1.60,16.16,17.06
20.74,15.91,17.46,4.93,7.92,13.09,5.28,16.74,5.42,12.02
20.16,16.76,16.26,4.92,8.78,13.71,6.54,15.85,6.48,12.84
9.27,16.86,21.34,19.46,19.25,14.74,23.45,15.17,21.61,17.24
10.69,19.29,23.07,22.19,22.00,17.40,26.21,16.99,24.38,19.90
16.10,12.77,15.36,0.21,5.43,9.15,6.27,13.04,4.81,8.90
16.73,12.42,16.07,0.80,4.88,8.96,5.54,13.77,4.08,8.52
7.28,20.45,6.21,11.81,16.11,16.23,18.09,1.27,16.53,17.68
10.02,17.10,22.14,20.15,19.79,15.16,24.02,15.97,22.19,17.65
12.26,13.00,13.20,3.94,7.51,8.83,9.80,9.74,8.09,9.62
7.63,16.72,19.65,18.22,18.41,14.22,22.51,13.47,20.65,16.71
7.87,13.33,13.45,8.93,10.80,9.23,14.16,8.05,12.32,11.10
9.60,19.20,22.00,21.48,21.53,17.09,25.68,15.93,23.83,19.59
19.23,9.55,20.00,4.78,1.61,7.13,3.01,17.22,1.25,5.69
10.52,13.08,21.45,16.89,15.95,11.14,20.25,15.30,18.46,13.62
11.07,19.12,23.44,22.30,22.00,17.33,26.23,17.34,24.40,19.81
5.53,15.23,12.71,11.02,13.14,11.28,16.45,6.79,14.62,13.29
6.29,17.26,18.39,17.77,18.36,14.49,22.35,12.24,20.48,16.96
7.76,16.61,19.74,18.21,18.35,14.13,22.46,13.56,20.60,16.63
9.78,14.98,21.37,18.17,17.62,12.96,21.87,15.17,20.05,15.45
10.94,10.47,20.44,14.09,12.90,8.14,17.21,14.50,15.43,10.64
9.23,14.47,20.59,17.24,16.79,12.25,21.02,14.40,19.19,14.75
6.63,18.30,8.35,10.51,14.33,14.10,16.67,2.99,15.02,15.64
9.38,19.22,21.78,21.36,21.46,17.06,25.60,15.72,23.75,19.56
12.13,19.62,24.51,23.26,22.81,18.02,27.07,18.43,25.25,20.50
11.02,15.41,22.76,19.42,18.60,13.73,22.90,16.56,21.10,16.20
12.94,14.97,11.73,3.81,8.73,10.88,10.10,9.25,8.62,11.42
21.52,18.73,16.46,6.88,10.73,15.74,8.07,16.78,8.30,14.81
9.44,18.94,7.01,9.14,13.80,14.69,15.43,4.13,13.94,15.83
19.06,15.90,15.72,3.74,7.97,12.70,6.30,14.93,5.91,11.96
8.07,16.81,20.12,18.61,18.69,14.41,22.82,13.95,20.97,16.91
10.09,13.21,21.01,16.65,15.85,11.13,20.13,14.86,18.32,13.62
14.39,12.20,25.19,19.01,16.96,11.57,21.36,19.08,19.69,13.86
11.54,19.66,23.94,22.95,22.63,17.93,26.87,17.87,25.04,20.41
7.50,15.79,10.56,8.73,12.02,11.58,14.68,5.50,12.95,13.14
7.43,19.39,7.01,10.78,15.00,15.16,17.04,2.27,15.46,16.58
7.68,20.42,20.11,21.17,21.86,17.88,25.85,14.19,23.98,20.36
10.61,9.59,18.30,10.91,10.16,6.21,14.36,12.71,12.53,8.63
9.82,20.94,5.01,10.82,15.69,16.69,17.08,3.55,15.68,17.82
12.74,9.63,22.31,15.15,13.27,8.07,17.66,16.40,15.94,10.49
7.67,15.72,19.36,17.28,17.37,13.18,21.48,13.17,19.63,15.67
8.31,16.34,20.24,18.36,18.33,13.99,22.48,14.06,20.63,16.49
5.46,17.20,10.10,10.85,14.01,13.08,16.79,4.26,15.05,14.84
13.07,20.38,25.48,24.30,23.77,18.91,28.05,19.42,26.24,21.37
10.79,10.64,20.36,14.16,13.03,8.30,17.34,14.41,15.55,10.79
11.06,19.34,23.45,22.44,22.18,17.53,26.41,17.37,24.58,20.02
21.43,19.41,15.89,7.29,11.42,16.32,8.90,16.49,9.06,15.48
17.33,14.35,15.19,1.70,6.64,10.92,6.19,13.65,5.20,10.43
24.20,19.39,19.23,8.85,11.51,16.89,7.94,19.60,8.78,15.59
12.99,14.38,24.44,19.87,18.44,13.26,22.81,18.26,21.07,15.66
14.76,9.75,24.67,17.13,14.69,9.23,19.08,18.72,17.45,11.45
12.42,15.98,24.28,20.79,19.71,14.66,24.05,18.08,22.28,17.10
10.95,17.48,8.67,6.98,11.83,13.26,13.27,6.27,11.82,14.17
15.17,12.21,25.95,19.53,17.30,11.84,21.69,19.85,20.04,14.07
5.54,17.84,17.75,17.78,18.63,14.94,22.53,11.63,20.67,17.39
10.38,10.77,19.84,13.78,12.82,8.24,17.10,13.90,15.29,10.73
10.70,18.33,22.99,21.50,21.17,16.49,25.40,16.86,23.57,18.98
6.09,16.67,10.29,10.17,13.34,12.52,16.10,4.66,14.36,14.23
11.38,11.65,21.76,16.12,14.82,9.85,19.16,15.69,17.39,12.31
9.05,19.29,6.68,9.68,14.29,15.04,15.97,3.58,14.48,16.25
9.21,19.72,6.25,9.97,14.65,15.46,16.26,3.48,14.79,16.65
10.78,16.81,22.84,20.40,19.82,15.05,24.09,16.65,22.28,17.53
7.39,19.52,6.91,10.91,15.14,15.29,17.17,2.13,15.60,16.72
7.04,22.09,5.50,13.61,17.91,17.89,19.89,0.84,18.34,19.41
18.91,15.38,15.92,3.34,7.45,12.20,5.90,14.94,5.43,11.45
8.37,15.64,20.10,17.75,17.63,13.27,21.80,13.90,19.95,15.77
6.22,17.83,18.46,18.24,18.91,15.06,22.87,12.33,21.01,17.53
8.17,13.77,18.98,15.47,15.32,11.11,19.47,12.83,17.62,13.59
7.41,12.95,16.77,12.75,13.13,9.62,17.10,10.75,15.24,12.01
12.95,10.22,22.88,16.04,14.14,8.89,18.53,16.90,16.82,11.28
13.26,11.63,23.82,17.69,15.85,10.57,20.24,17.74,18.54,12.93
8.33,16.70,9.37,8.35,12.26,12.45,14.51,4.96,12.86,13.81
9.63,17.71,8.24,8.04,12.57,13.46,14.32,5.04,12.80,14.59
10.30,18.67,7.35,8.38,13.22,14.43,14.66,5.05,13.23,15.45
7.94,19.54,6.69,10.59,14.95,15.30,16.86,2.49,15.31,16.66
9.30,11.57,18.81,13.47,12.97,8.72,17.16,12.83,15.33,11.21
8.36,13.21,18.85,14.90,14.69,10.49,18.84,12.72,17.00,12.97
7.39,22.63,5.07,14.00,18.38,18.42,20.29,1.40,18.76,19.93
20.03,7.66,21.83,6.80,1.44,6.00,4.06,18.65,3.02,4.03
9.79,18.35,22.10,20.97,20.84,16.32,25.03,15.98,23.19,18.82
11.41,18.97,23.75,22.39,21.99,17.26,26.25,17.65,24.42,19.74
11.65,14.42,11.75,4.67,8.88,10.23,10.84,8.51,9.22,11.07
6.53,16.00,10.79,9.66,12.69,11.85,15.52,5.30,13.76,13.55
12.95,7.30,20.31,11.17,9.20,4.37,13.56,14.90,11.83,6.87
9.56,14.39,20.93,17.44,16.88,12.26,21.13,14.74,19.31,14.76
7.60,15.30,19.12,16.78,16.86,12.70,20.97,12.92,19.12,15.18
8.68,11.81,17.88,12.76,12.59,8.68,16.70,11.93,14.85,11.12
7.94,12.54,17.37,12.94,13.06,9.34,17.11,11.36,15.25,11.76
9.77,17.05,21.88,19.95,19.64,15.05,23.86,15.71,22.03,17.54
21.95,19.67,16.32,7.70,11.68,16.66,8.98,17.00,9.25,15.76
7.24,20.31,19.66,20.82,21.60,17.69,25.55,13.75,23.68,20.17
9.09,14.12,11.93,7.11,10.11,9.88,12.88,7.32,11.11,11.32
12.12,13.68,12.55,4.08,8.07,9.51,10.13,9.27,8.48,10.28
11.17,16.63,23.19,20.51,19.81,14.97,24.10,17.00,22.29,17.44
12.82,7.90,21.07,12.66,10.68,5.62,15.06,15.44,13.34,8.10
7.01,21.82,5.61,13.34,17.63,17.62,19.62,0.62,18.06,19.14
12.03,12.91,13.21,4.20,7.60,8.72,9.99,9.63,8.27,9.59
21.40,14.66,18.98,5.24,6.76,12.19,3.55,17.84,4.04,10.84
19.51,16.89,15.49,4.64,8.95,13.69,7.06,15.10,6.82,12.96
6.80,18.40,8.17,10.46,14.35,14.19,16.64,2.92,15.00,15.71
6.77,20.61,6.41,12.26,16.45,16.40,18.52,0.78,16.94,17.92
5.59,19.95,18.02,19.56,20.66,17.06,24.50,12.10,22.63,19.51
11.10,10.78,20.90,14.76,13.50,8.65,17.83,14.91,16.05,11.14
4.29,21.19,8.17,14.37,18.00,17.12,20.51,2.35,18.83,18.92
12.73,15.39,24.45,20.52,19.28,14.18,23.64,18.25,21.88,16.59
13.89,9.83,23.75,16.48,14.29,8.90,18.68,17.80,17.01,11.22
12.07,8.52,20.36,12.39,10.76,5.94,15.11,14.69,13.35,8.43
12.19,15.01,23.82,19.87,18.71,13.66,23.06,17.63,21.29,16.09
8.57,20.55,5.59,11.14,15.73,16.30,17.42,2.41,15.94,17.59
10.13,19.56,6.42,9.30,14.17,15.32,15.56,4.44,14.15,16.37
7.25,18.80,19.63,19.73,20.27,16.24,24.28,13.57,22.42,18.72
10.26,17.80,22.49,20.84,20.52,15.89,24.75,16.34,22.92,18.38
18.90,13.91,16.91,2.76,5.94,10.86,4.56,15.40,3.90,9.98
4.40,20.36,8.32,13.52,17.11,16.27,19.65,2.19,17.96,18.05
7.89,19.62,6.63,10.69,15.05,15.38,16.97,2.39,15.42,16.75
18.87,11.22,18.64,3.38,3.23,8.45,3.06,16.29,1.50,7.31
20.35,9.88,20.84,5.56,2.36,7.88,2.04,18.24,0.87,6.17
10.15,14.88,21.71,18.34,17.68,12.95,21.95,15.52,20.14,15.44
7.57,17.13,19.68,18.55,18.79,14.63,22.87,13.52,21.02,17.12
17.60,13.65,15.92,1.51,5.87,10.32,5.44,14.17,4.39,9.72
9.37,15.93,10.02,7.18,11.17,11.68,13.34,6.06,11.70,12.90
8.57,16.48,20.55,18.66,18.58,14.19,22.75,14.36,20.90,16.69
9.01,14.68,20.43,17.28,16.91,12.41,21.12,14.24,19.29,14.91
14.78,13.14,14.21,1.42,6.32,9.28,7.62,11.68,6.09,9.39
3.62,20.47,8.95,14.11,17.52,16.43,20.18,2.93,18.47,18.29
6.69,19.89,6.96,11.67,15.77,15.68,17.91,1.45,16.31,17.20
10.59,9.63,18.44,11.15,10.36,6.33,14.57,12.81,12.74,8.76
11.78,16.08,10.26,5.39,10.22,11.90,11.68,7.71,10.20,12.67
8.47,15.48,20.14,17.66,17.50,13.12,21.67,13.94,19.83,15.62
18.39,15.82,15.11,3.32,7.97,12.50,6.68,14.25,6.11,11.89
8.17,20.81,20.58,21.72,22.37,18.33,26.36,14.69,24.50,20.82
6.36,17.92,8.84,10.47,14.13,13.74,16.59,3.34,14.91,15.33
20.62,19.09,15.18,6.72,11.14,15.89,8.91,15.68,8.90,15.16
9.46,17.63,8.32,8.09,12.56,13.38,14.37,4.96,12.83,14.53
8.06,17.50,20.26,19.20,19.37,15.12,23.48,14.11,21.63,17.61
2.58,19.97,10.07,14.36,17.45,16.01,20.32,4.02,18.57,17.97
22.36,16.73,18.72,6.50,8.83,14.20,5.47,18.27,6.12,12.91
12.26,9.38,21.51,14.26,12.53,7.46,16.91,15.65,15.17,9.92
11.58,17.62,23.76,21.52,20.87,16.02,25.16,17.59,23.35,18.49
12.03,14.42,23.50,19.27,18.07,13.02,22.42,17.32,20.66,15.46
19.03,17.38,14.64,4.80,9.51,14.05,7.87,14.43,7.52,13.45
9.45,14.95,21.01,17.89,17.42,12.83,21.66,14.81,19.83,15.32
11.63,10.94,21.68,15.55,14.12,9.12,18.47,15.66,16.71,11.58
10.08,13.18,20.99,16.61,15.81,11.09,20.09,14.84,18.29,13.59
13.57,9.22,23.10,15.56,13.38,8.04,17.78,17.21,16.10,10.39
10.72,16.69,22.75,20.27,19.69,14.92,23.96,16.57,22.14,17.40
6.05,18.41,8.56,10.98,14.67,14.23,17.11,2.87,15.44,15.84
6.62,15.21,17.88,15.77,16.17,12.31,20.18,11.69,18.32,14.77
13.10,12.02,23.81,17.92,16.17,10.92,20.56,17.71,18.85,13.29
11.86,9.34,20.89,13.63,12.06,7.12,16.41,15.06,14.66,9.61
10.69,15.08,22.34,18.91,18.13,13.30,22.42,16.14,20.62,15.78
10.13,12.29,20.59,15.64,14.77,10.08,19.06,14.50,17.25,12.58
9.55,17.47,8.48,7.92,12.38,13.22,14.19,5.14,12.65,14.35
9.80,20.66,5.29,10.54,15.40,16.40,16.81,3.63,15.40,17.54
17.70,9.65,18.67,3.67,1.92,6.62,4.34,15.71,2.47,5.72
7.82,15.23,19.34,16.89,16.90,12.68,21.02,13.14,19.18,15.17
11.95,12.64,22.83,17.62,16.25,11.17,20.61,16.70,18.85,13.60
6.21,19.61,7.45,11.74,15.69,15.42,17.95,1.66,16.32,17.00
9.32,21.66,4.41,11.84,16.63,17.40,18.11,2.83,16.69,18.64
13.77,10.43,23.89,16.97,14.86,9.50,19.26,17.89,17.58,11.82
9.05,16.87,21.12,19.33,19.17,14.70,23.36,14.95,21.52,17.20
13.64,9.94,23.53,16.37,14.25,8.90,18.65,17.57,16.97,11.24
11.66,18.38,23.94,22.12,21.57,16.76,25.84,17.80,24.03,19.23
14.63,14.54,26.08,21.03,19.24,13.90,23.64,19.90,21.94,16.21
10.86,13.16,21.86,17.25,16.23,11.34,20.55,15.70,18.76,13.82
18.49,18.49,13.29,5.62,10.74,14.98,9.38,13.52,8.93,14.58
11.07,12.33,13.63,5.42,7.92,8.08,10.82,9.44,9.02,9.29
10.10,12.23,20.52,15.53,14.67,10.00,18.96,14.42,17.15,12.49
15.19,5.44,22.66,12.52,9.48,3.98,13.86,17.31,12.27,6.24
19.38,8.64,20.68,5.56,0.92,6.43,3.48,17.68,2.01,4.82
11.33,12.58,22.13,17.06,15.85,10.88,20.19,16.01,18.42,13.34
9.79,12.41,20.23,15.43,14.69,10.09,18.95,14.13,17.14,12.59
17.47,10.74,17.78,2.61,3.02,7.56,4.42,15.10,2.66,6.81
11.77,17.19,23.87,21.31,20.56,15.66,24.86,17.70,23.06,18.12
8.82,16.69,20.86,19.03,18.91,14.47,23.08,14.68,21.24,16.97
9.81,11.78,19.83,14.59,13.83,9.30,18.09,13.78,16.27,11.80
10.69,16.54,22.69,20.13,19.54,14.77,23.81,16.50,22.00,17.25
5.53,21.73,6.93,14.15,18.09,17.59,20.37,1.35,18.75,19.28
12.02,10.77,22.06,15.74,14.18,9.09,18.55,16.05,16.80,11.54
11.45,17.44,8.86,6.63,11.60,13.24,12.90,6.73,11.49,14.06
9.48,18.78,21.84,21.10,21.11,16.67,25.27,15.75,23.42,19.17
11.46,10.50,21.20,14.81,13.42,8.48,17.76,15.23,16.00,10.96
14.52,8.65,23.92,15.87,13.37,7.91,17.76,18.07,16.13,10.16
7.92,18.89,7.29,10.06,14.34,14.65,16.33,2.98,14.76,16.01
12.29,15.12,23.95,20.02,18.85,13.79,23.20,17.75,21.43,16.22
11.30,13.58,12.45,4.89,8.46,9.36,10.81,8.76,9.11,10.35
8.69,13.71,19.61,15.92,15.59,11.22,19.78,13.44,17.95,13.71
6.72,19.38,19.15,19.84,20.59,16.70,24.54,13.15,22.68,19.18
10.37,17.97,8.06,7.75,12.52,13.73,14.04,5.49,12.57,14.73
11.26,16.31,9.88,5.91,10.63,12.10,12.20,7.16,10.70,12.96
9.97,11.97,20.19,15.05,14.24,9.62,18.51,14.12,16.70,12.12
7.65,22.60,4.85,13.82,18.25,18.38,20.10,1.47,18.59,19.86
7.64,19.69,6.67,10.90,15.21,15.45,17.17,2.16,15.61,16.85
6.84,17.99,8.55,10.17,13.98,13.78,16.33,3.32,14.67,15.31
5.87,18.64,8.45,11.25,14.95,14.47,17.39,2.66,15.72,16.10
22.39,15.71,19.41,6.29,7.89,13.35,4.31,18.60,5.11,11.94
9.35,15.16,10.81,6.94,10.61,10.91,12.99,6.61,11.30,12.19
16.96,17.84,12.26,4.88,10.34,14.15,9.63,12.08,8.89,13.98
19.26,20.95,12.32,8.02,13.23,17.37,11.72,13.70,11.38,17.05
8.17,19.39,6.75,10.31,14.72,15.15,16.59,2.78,15.05,16.47
13.99,16.39,11.07,4.23,9.67,12.39,10.32,9.58,9.07,12.72
5.41,17.67,9.64,11.06,14.37,13.54,17.06,3.77,15.33,15.28
9.94,15.55,21.70,18.80,18.26,13.58,22.52,15.51,20.70,16.07
9.57,15.46,21.29,18.45,18.00,13.39,22.24,15.10,20.41,15.89
10.52,12.86,21.34,16.65,15.70,10.89,20.00,15.21,18.21,13.37
2.48,19.63,10.34,14.19,17.19,15.69,20.11,4.23,18.35,17.66
7.02,23.49,5.53,15.25,19.52,19.32,21.53,2.31,19.98,20.92
12.55,9.49,21.98,14.77,12.95,7.79,17.33,16.10,15.60,10.23
18.99,12.46,17.95,2.95,4.47,9.59,3.42,15.98,2.43,8.55
5.97,21.85,6.50,14.01,18.06,17.70,20.25,1.03,18.65,19.34
6.99,21.28,5.87,12.79,17.06,17.07,19.06,0.46,17.50,18.57
9.14,17.94,21.41,20.25,20.22,15.78,24.38,15.28,22.54,18.28
10.66,17.57,22.85,20.91,20.47,15.76,24.72,16.69,22.90,18.25
21.91,17.85,17.48,6.61,9.86,15.05,6.90,17.45,7.30,13.96
11.95,14.66,23.49,19.42,18.27,13.24,22.62,17.30,20.85,15.68
10.76,16.53,22.76,20.16,19.55,14.77,23.83,16.57,22.01,17.25
9.61,16.86,9.09,7.47,11.82,12.61,13.73,5.58,12.16,13.75
7.47,16.05,10.29,8.82,12.21,11.84,14.81,5.25,13.09,13.39
9.52,17.55,8.40,7.99,12.46,13.30,14.27,5.06,12.73,14.44
9.71,13.87,12.11,6.49,9.59,9.62,12.28,7.74,10.52,10.95
12.09,15.11,11.25,4.57,9.23,10.95,10.84,8.47,9.31,11.67
20.59,18.16,15.78,6.04,10.19,15.05,7.87,15.90,7.89,14.24
11.70,11.23,21.92,15.96,14.52,9.49,18.88,15.88,17.12,11.95
7.15,20.50,19.57,20.90,21.73,17.86,25.66,13.67,23.80,20.33
9.71,15.65,21.50,18.73,18.27,13.63,22.51,15.30,20.68,16.13
7.66,16.04,19.47,17.59,17.71,13.51,21.82,13.27,19.96,16.00
9.96,15.76,10.20,6.62,10.75,11.51,12.81,6.54,11.20,12.64
8.46,19.36,20.88,20.90,21.23,17.01,25.31,14.84,23.45,19.51
6.33,16.49,18.18,17.02,17.54,13.67,21.53,11.99,19.67,16.13
9.00,18.77,7.20,9.27,13.80,14.52,15.56,3.86,14.04,15.73
24.11,20.12,18.66,9.14,12.19,17.50,8.78,19.31,9.50,16.29
14.57,14.15,13.28,2.04,7.32,10.25,8.32,11.06,6.91,10.42
8.19,20.16,20.63,21.30,21.83,17.72,25.86,14.67,24.00,20.22
8.59,11.74,15.67,9.96,10.62,7.91,14.44,10.08,12.57,10.08
13.69,6.84,19.34,8.68,6.66,2.81,10.98,14.44,9.22,5.04
7.41,18.68,19.78,19.74,20.22,16.15,24.25,13.71,22.39,18.64
12.50,11.61,23.00,17.06,15.43,10.25,19.81,16.93,18.07,12.66
10.62,13.63,21.78,17.52,16.60,11.77,20.91,15.61,19.11,14.25
21.98,15.49,19.09,5.88,7.62,13.05,4.21,18.22,4.87,11.69
6.57,17.50,18.74,18.19,18.73,14.79,22.73,12.60,20.87,17.27
9.21,20.13,5.84,10.37,15.07,15.88,16.65,3.26,15.19,17.08
18.77,16.41,15.07,3.94,8.52,13.11,7.01,14.46,6.57,12.47
17.31,9.13,18.71,3.97,1.74,5.99,4.88,15.55,3.03,5.21
12.25,13.56,12.70,3.94,7.91,9.40,9.98,9.42,8.33,10.15
8.86,22.37,4.05,12.87,17.57,18.13,19.15,2.32,17.70,19.45
14.54,19.62,8.64,7.26,12.81,15.58,12.93,8.95,11.92,15.95
8.47,17.59,20.69,19.55,19.63,15.30,23.76,14.54,21.91,17.80
12.91,7.79,21.11,12.61,10.60,5.52,14.98,15.49,13.26,7.99
9.12,20.94,5.10,11.21,15.94,16.69,17.49,2.81,16.04,17.92
9.50,15.45,21.22,18.40,17.96,13.37,22.20,15.02,20.37,15.86
9.01,19.96,21.44,21.65,21.96,17.69,26.05,15.45,24.19,20.19
12.23,15.75,10.72,4.84,9.73,11.60,11.13,8.26,9.67,12.28
10.64,16.91,22.72,20.39,19.86,15.12,24.13,16.54,22.31,17.60
10.00,19.08,22.38,21.63,21.57,17.06,25.75,16.30,23.91,19.56
7.72,16.71,19.73,18.27,18.44,14.23,22.54,13.56,20.69,16.72
13.21,13.71,12.93,3.04,7.53,9.64,9.22,10.09,7.64,10.14
7.84,15.85,19.60,17.55,17.60,13.36,21.72,13.41,19.87,15.85
9.41,13.64,20.44,16.52,15.96,11.39,20.20,14.27,18.38,13.89
9.06,17.27,8.69,8.13,12.41,13.02,14.38,4.93,12.80,14.24
8.78,18.62,21.13,20.55,20.70,16.37,24.82,15.04,22.97,18.86
8.50,16.84,20.56,18.93,18.91,14.54,23.06,14.39,21.21,17.04
10.87,12.31,21.49,16.38,15.27,10.40,19.60,15.38,17.81,12.88
10.53,18.24,7.82,7.87,12.72,14.01,14.15,5.49,12.71,14.98
8.63,16.18,20.52,18.43,18.30,13.90,22.48,14.33,20.63,16.39
13.62,11.43,24.13,17.78,15.83,10.50,20.22,18.06,18.53,12.84
4.33,19.28,8.99,12.72,16.14,15.20,18.78,2.80,17.07,16.99
9.33,18.46,7.49,8.81,13.38,14.21,15.09,4.33,13.59,15.37
9.51,17.68,21.73,20.28,20.12,15.61,24.31,15.58,22.47,18.10
12.04,19.12,24.38,22.86,22.34,17.53,26.62,18.27,24.80,20.00
6.42,17.83,8.91,10.38,14.03,13.63,16.49,3.44,14.81,15.23
8.82,15.93,20.65,18.35,18.14,13.69,22.33,14.46,20.49,16.19
6.62,14.34,17.19,14.46,14.93,11.25,18.90,11.04,17.04,13.67
7.73,21.33,5.36,12.41,16.85,17.11,18.69,1.23,17.17,18.52
6.39,20.08,7.00,12.03,16.07,15.89,18.26,1.19,16.65,17.45
11.13,15.27,10.83,5.44,9.80,11.05,11.67,7.64,10.08,11.97
8.73,16.93,20.82,19.17,19.10,14.69,23.27,14.65,21.42,17.19
11.63,26.76,2.03,16.72,21.71,22.51,22.91,6.01,21.60,23.78
9.31,15.83,21.13,18.60,18.26,13.70,22.47,14.93,20.64,16.20
9.61,23.07,3.21,13.25,18.09,18.83,19.51,3.12,18.11,20.09
9.41,13.22,20.22,16.04,15.45,10.91,19.70,14.07,17.87,13.41
5.00,18.98,8.73,12.06,15.59,14.85,18.16,2.63,16.46,16.58
9.18,19.26,6.71,9.58,14.21,15.00,15.86,3.71,14.38,16.19
8.66,13.88,19.67,16.10,15.78,11.41,19.98,13.50,18.14,13.90
9.97,19.89,6.07,9.69,14.55,15.64,15.96,4.13,14.55,16.73
3.76,21.71,8.71,15.27,18.78,17.69,21.38,3.23,19.69,19.56
10.34,15.59,10.40,6.23,10.43,11.35,12.44,6.89,10.83,12.41
9.87,16.40,21.84,19.48,19.06,14.43,23.30,15.65,21.47,16.92
11.89,9.42,21.00,13.81,12.23,7.27,16.59,15.16,14.83,9.75
10.82,21.17,23.25,23.52,23.64,19.17,27.79,17.32,25.94,21.67
10.20,17.23,22.34,20.36,19.98,15.32,24.22,16.17,22.39,17.81
8.93,19.89,21.36,21.56,21.88,17.61,25.96,15.36,24.11,20.11
10.63,18.23,22.91,21.39,21.05,16.39,25.29,16.78,23.46,18.87
21.36,18.08,16.71,6.40,10.08,15.14,7.40,16.78,7.63,14.17
5.42,19.48,8.06,12.15,15.88,15.33,18.31,1.97,16.64,17.00
3.65,17.79,15.64,16.27,17.66,14.51,21.36,9.50,19.50,16.87
8.68,18.53,7.47,9.29,13.71,14.28,15.56,3.78,14.02,15.54
11.08,19.52,23.48,22.58,22.34,17.70,26.56,17.41,24.73,20.19
8.98,14.95,20.50,17.53,17.19,12.69,21.40,14.30,19.56,15.19
9.85,14.35,21.22,17.62,16.98,12.30,21.25,15.03,19.43,14.80
12.41,7.80,19.71,10.85,9.19,4.63,13.52,14.30,11.75,7.11
9.93,17.13,8.84,7.41,11.92,12.88,13.69,5.64,12.16,13.96
9.79,19.83,22.21,22.03,22.14,17.73,26.28,16.19,24.43,20.23
9.38,19.06,6.89,9.28,13.94,14.81,15.57,4.01,14.09,15.97
19.33,14.82,16.73,3.39,6.84,11.79,5.05,15.56,4.66,10.89
8.23,16.57,9.52,8.37,12.20,12.33,14.51,5.02,12.85,13.71
20.44,18.13,15.64,5.95,10.16,14.99,7.90,15.75,7.89,14.20
9.96,15.81,10.15,6.64,10.79,11.56,12.84,6.51,11.22,12.68
10.34,16.10,22.25,19.54,18.97,14.24,23.24,16.06,21.42,16.73
7.48,18.93,7.41,10.38,14.55,14.70,16.62,2.69,15.03,16.12
11.32,17.27,23.44,21.09,20.45,15.63,24.74,17.27,22.93,18.10
11.60,21.48,24.03,24.17,24.16,19.61,28.35,18.10,26.50,22.10
10.80,17.28,22.94,20.78,20.26,15.52,24.53,16.77,22.71,18.00
20.47,15.29,17.57,4.49,7.29,12.48,4.77,16.63,4.82,11.39
15.16,5.32,22.45,12.18,9.14,3.64,13.52,17.14,11.93,5.94
6.87,17.89,8.63,10.08,13.88,13.68,16.24,3.43,14.58,15.20
12.67,9.43,22.11,14.84,12.97,7.79,17.35,16.22,15.63,10.22
9.67,11.21,19.10,13.43,12.78,8.44,17.00,13.14,15.18,10.93
10.86,14.54,22.35,18.55,17.66,12.80,21.97,16.16,20.18,15.27
12.68,13.52,12.88,3.52,7.65,9.39,9.60,9.76,7.96,10.04
10.06,18.53,7.46,8.41,13.17,14.29,14.69,4.92,13.23,15.34
15.09,16.04,12.13,3.39,8.96,12.17,9.24,10.80,8.09,12.26
9.39,18.34,21.70,20.71,20.68,16.22,24.85,15.59,23.00,18.72
6.04,14.17,15.34,12.58,13.61,10.62,17.38,9.27,15.52,12.91
8.38,15.56,20.07,17.67,17.55,13.19,21.71,13.88,19.87,15.68
10.22,15.86,22.07,19.26,18.69,13.97,22.95,15.87,21.13,16.46
20.42,20.71,13.83,7.98,12.83,17.32,10.86,15.04,10.74,16.78
16.14,4.19,22.98,11.96,8.45,2.90,12.78,17.83,11.27,4.98
9.71,10.57,18.05,11.69,11.23,7.31,15.38,12.29,13.54,9.74
9.60,17.48,8.47,7.89,12.37,13.23,14.17,5.16,12.63,14.36
18.45,12.96,17.13,2.29,5.02,9.89,4.23,15.27,3.23,9.03
12.71,10.54,22.76,16.15,14.36,9.14,18.74,16.76,17.02,11.55
12.05,8.72,20.58,12.80,11.17,6.28,15.52,14.86,13.76,8.78
8.06,18.32,20.38,19.87,20.14,15.93,24.23,14.28,22.37,18.42
4.68,19.49,8.59,12.63,16.17,15.38,18.74,2.40,17.04,17.13
7.36,17.50,8.83,9.50,13.34,13.27,15.66,3.91,14.01,14.74
12.88,14.53,24.37,19.92,18.54,13.38,22.91,18.19,21.16,15.78
9.30,15.43,21.01,18.24,17.86,13.30,22.08,14.81,20.25,15.79
9.22,12.99,19.86,15.57,15.03,10.56,19.26,13.72,17.43,13.06
9.78,18.83,7.13,8.84,13.57,14.58,15.12,4.50,13.66,15.68
19.91,17.04,15.81,4.95,9.07,13.91,6.98,15.49,6.85,13.11
7.97,19.27,20.39,20.53,20.97,16.83,25.02,14.36,23.16,19.32
11.74,9.74,21.05,14.10,12.58,7.63,16.93,15.16,15.17,10.11
12.76,19.95,7.02,8.32,13.69,15.79,14.34,6.97,13.15,16.46
10.03,17.11,8.87,7.33,11.86,12.87,13.61,5.73,12.08,13.93
8.50,19.21,20.91,20.81,21.12,16.88,25.20,14.86,23.35,19.38
9.02,18.34,21.34,20.49,20.54,16.15,24.69,15.23,22.84,18.65
10.41,12.47,21.03,16.12,15.17,10.40,19.48,14.91,17.68,12.89
9.06,15.88,20.89,18.47,18.20,13.69,22.40,14.69,20.56,16.19
9.48,15.87,10.08,7.05,11.06,11.62,13.22,6.17,11.59,12.82
10.07,11.05,19.61,13.80,12.96,8.45,17.22,13.65,15.40,10.95
8.28,18.93,7.17,9.86,14.23,14.68,16.14,3.20,14.59,15.99
8.09,16.70,20.11,18.53,18.60,14.31,22.72,13.94,20.87,16.81
22.95,19.98,17.32,8.40,11.99,17.13,8.96,18.04,9.43,16.09
12.72,16.03,10.68,4.70,9.79,11.92,10.96,8.55,9.56,12.50
5.46,18.67,8.68,11.55,15.14,14.52,17.66,2.73,15.97,16.20
9.04,17.32,21.20,19.69,19.59,15.14,23.77,15.04,21.93,17.64
9.74,13.26,20.64,16.40,15.71,11.07,19.97,14.49,18.16,13.57
20.09,16.75,16.19,4.87,8.77,13.69,6.57,15.77,6.49,12.83
11.13,9.80,20.12,13.25,11.99,7.29,16.31,14.28,14.52,9.79
10.71,13.39,21.79,17.36,16.39,11.54,20.71,15.62,18.91,14.02
10.15,11.78,20.30,15.01,14.12,9.47,18.40,14.24,16.60,11.97
8.07,16.95,20.15,18.73,18.83,14.56,22.95,13.98,21.10,17.05
11.97,15.71,23.77,20.28,19.27,14.28,23.61,17.57,21.82,16.72
11.02,13.32,22.09,17.54,16.48,11.57,20.81,15.93,19.02,14.04
9.89,18.84,22.25,21.39,21.32,16.81,25.50,16.16,23.66,19.31
16.44,17.89,11.75,4.97,10.50,14.12,10.01,11.52,9.18,14.05
6.49,19.13,7.68,11.18,15.13,14.93,17.39,2.16,15.75,16.47
8.40,13.89,12.40,7.91,10.47,9.69,13.49,7.39,11.69,11.31
9.17,15.95,21.02,18.61,18.32,13.80,22.53,14.83,20.69,16.29
13.81,10.53,23.98,17.10,15.00,9.63,19.39,17.97,17.71,11.95
11.78,10.80,21.79,15.54,14.05,9.01,18.41,15.78,16.65,11.47
10.53,17.83,22.76,21.03,20.65,15.98,24.89,16.61,23.07,18.47
24.77,20.14,19.46,9.57,12.28,17.66,8.66,20.05,9.54,16.35
11.75,19.78,24.15,23.15,22.80,18.08,27.05,18.08,25.22,20.56
10.69,15.89,22.54,19.60,18.92,14.12,23.20,16.35,21.39,16.60
10.61,19.32,6.75,8.79,13.75,15.09,15.05,5.03,13.66,16.07
14.85,9.24,24.54,16.73,14.21,8.72,18.59,18.64,16.97,10.94
10.40,15.64,10.35,6.20,10.45,11.40,12.42,6.90,10.82,12.45
10.76,9.82,19.44,12.54,11.49,7.01,15.77,13.65,13.96,9.50
20.69,16.28,17.16,5.04,8.28,13.40,5.71,16.57,5.83,12.38
10.70,16.93,22.78,20.45,19.91,15.15,24.17,16.60,22.35,17.64
12.38,18.92,24.70,22.92,22.30,17.42,26.59,18.58,24.78,19.89
8.60,15.89,20.41,18.15,18.00,13.59,22.17,14.22,20.33,16.09
12.84,10.01,22.64,15.71,13.83,8.60,18.21,16.69,16.50,11.00
7.96,15.73,10.47,8.31,11.73,11.51,14.30,5.64,12.59,12.99
11.85,19.12,7.37,7.92,13.12,14.93,14.09,6.35,12.79,15.71
14.71,5.86,22.23,12.34,9.51,4.07,13.90,16.85,12.28,6.42
8.73,19.43,21.14,21.11,21.40,17.14,25.49,15.11,23.64,19.64
10.63,19.37,23.02,22.21,22.05,17.47,26.26,16.95,24.42,19.96
9.06,15.54,10.45,7.29,11.02,11.29,13.38,6.20,11.70,12.59
7.38,18.01,8.32,9.79,13.76,13.78,15.99,3.46,14.36,15.23
12.96,10.12,22.84,15.94,14.04,8.79,18.43,16.87,16.72,11.18
9.94,13.92,21.16,17.27,16.57,11.87,20.84,14.98,19.03,14.36
9.88,15.94,21.74,19.10,18.62,13.97,22.87,15.55,21.05,16.46
16.55,15.14,13.96,2.18,7.63,11.52,7.43,12.58,6.40,11.26
11.72,8.86,20.09,12.39,10.92,6.19,15.25,14.40,13.48,8.69
21.65,17.25,17.58,6.15,9.27,14.48,6.34,17.33,6.70,13.37
10.91,9.54,19.32,12.15,11.06,6.63,15.34,13.59,13.54,9.12
5.73,17.38,17.83,17.47,18.22,14.49,22.15,11.68,20.29,16.94
10.66,12.70,21.43,16.61,15.60,10.76,19.91,15.30,18.12,13.25
13.30,16.79,10.32,4.96,10.30,12.71,11.12,8.76,9.82,13.19
11.10,12.11,21.66,16.37,15.18,10.26,19.52,15.56,17.74,12.74
7.95,21.59,5.07,12.55,17.04,17.36,18.84,1.40,17.33,18.76
7.75,19.39,6.89,10.57,14.87,15.15,16.84,2.48,15.28,16.53
9.35,14.01,20.53,16.87,16.35,11.78,20.59,14.36,18.76,14.28
11.23,14.09,22.59,18.42,17.38,12.45,21.71,16.40,19.93,14.91
10.56,9.96,19.20,12.40,11.45,7.06,15.71,13.41,13.89,9.54
12.38,9.05,21.44,13.94,12.16,7.08,16.53,15.62,14.80,9.54
7.32,14.32,18.22,15.30,15.46,11.47,19.53,12.05,17.67,13.94
17.68,7.53,19.99,5.56,1.12,4.63,5.46,16.48,3.78,3.60
7.37,18.10,19.67,19.25,19.66,15.57,23.71,13.56,21.85,18.06
10.98,11.40,21.14,15.43,14.23,9.37,18.56,15.09,16.78,11.85
14.58,6.82,22.92,13.79,11.09,5.63,15.47,17.32,13.85,7.92
6.26,17.34,9.47,10.26,13.72,13.16,16.31,3.94,14.60,14.80
21.47,17.08,17.49,5.95,9.10,14.29,6.22,17.19,6.55,13.20
7.48,16.54,9.77,8.96,12.54,12.32,15.03,4.81,13.33,13.83
9.20,15.44,20.90,18.17,17.81,13.28,22.03,14.71,20.20,15.78
12.63,12.76,13.51,3.60,7.14,8.62,9.41,10.13,7.70,9.33
10.64,12.84,21.47,16.74,15.74,10.91,20.06,15.34,18.26,13.39
11.36,14.95,22.97,19.26,18.29,13.36,22.62,16.78,20.83,15.82
10.10,14.34,21.49,17.81,17.10,12.37,21.38,15.30,19.57,14.86
12.48,10.35,22.40,15.73,13.99,8.82,18.37,16.42,16.64,11.25
10.29,20.32,22.72,22.66,22.74,18.28,26.89,16.73,25.04,20.78
8.02,20.74,5.63,11.65,16.13,16.50,17.94,1.77,16.42,17.87
7.01,18.91,19.41,19.66,20.27,16.30,24.26,13.36,22.40,18.78
12.59,8.81,21.55,13.87,12.00,6.88,16.38,15.76,14.65,9.34
7.53,15.39,19.08,16.82,16.93,12.78,21.03,12.88,19.18,15.27
13.49,17.41,9.88,5.44,10.85,13.34,11.50,8.68,10.27,13.79
11.04,9.78,19.95,13.05,11.84,7.18,16.14,14.13,14.35,9.68
10.44,10.93,20.07,14.13,13.13,8.49,17.42,14.10,15.62,10.99
8.19,20.39,5.86,11.20,15.70,16.14,17.49,2.14,15.98,17.48
14.24,24.36,3.81,12.60,18.07,20.17,18.38,7.69,17.35,20.90
5.78,19.93,7.51,12.28,16.16,15.76,18.48,1.43,16.83,17.39
7.23,13.17,16.74,12.93,13.36,9.86,17.32,10.69,15.46,12.24
9.62,10.80,18.36,12.29,11.78,7.70,15.95,12.52,14.12,10.16
8.48,17.94,20.75,19.83,19.95,15.64,24.08,14.62,22.23,18.14
11.14,16.97,23.22,20.75,20.11,15.30,24.40,17.04,22.59,17.77
19.91,15.59,16.79,4.16,7.60,12.61,5.43,15.94,5.28,11.67
14.19,14.26,25.59,20.54,18.81,13.50,23.21,19.41,21.50,15.83
7.29,17.46,8.89,9.53,13.34,13.23,15.68,3.93,14.02,14.72
10.90,20.16,23.32,22.91,22.82,18.26,27.01,17.30,25.17,20.75
10.40,16.91,22.48,20.24,19.76,15.06,24.01,16.30,22.19,17.54
9.22,17.69,21.44,20.11,20.02,15.56,24.20,15.30,22.35,18.06
8.51,19.20,6.85,9.94,14.41,14.95,16.23,3.18,14.70,16.23
8.43,15.33,20.04,17.48,17.32,12.95,21.49,13.85,19.65,15.45
10.57,10.67,20.06,13.90,12.86,8.21,17.15,14.11,15.35,10.71
14.42,10.48,24.60,17.53,15.26,9.84,19.66,18.60,18.01,12.10
10.73,15.41,22.47,19.22,18.47,13.65,22.76,16.27,20.96,16.13
10.93,21.62,4.42,10.96,16.05,17.38,17.14,4.55,15.83,18.39
11.83,11.31,22.12,16.17,14.70,9.65,19.07,16.07,17.31,12.10
21.01,14.49,18.67,4.85,6.55,11.93,3.58,17.47,3.89,10.65
8.03,16.53,20.01,18.33,18.39,14.12,22.52,13.83,20.67,16.61
11.80,17.05,23.87,21.22,20.44,15.53,24.75,17.69,22.95,17.99
9.83,10.37,17.14,10.24,10.08,6.71,14.13,11.59,12.27,9.01
17.75,12.64,16.74,1.64,4.81,9.41,4.69,14.68,3.44,8.71
10.67,18.03,22.92,21.27,20.89,16.21,25.14,16.78,23.31,18.70
22.25,17.45,18.13,6.66,9.50,14.79,6.32,17.94,6.85,13.60
5.38,19.90,7.80,12.51,16.29,15.75,18.68,1.64,17.02,17.42
13.52,7.14,21.49,12.51,10.22,5.01,14.62,15.95,12.93,7.46
8.32,14.88,19.75,16.93,16.77,12.44,20.94,13.56,19.09,14.93
5.66,20.57,18.05,20.03,21.22,17.67,25.03,12.21,23.17,20.10
10.59,18.60,22.92,21.64,21.37,16.73,25.59,16.81,23.76,19.22
15.98,9.01,17.94,4.00,2.78,5.39,6.25,14.46,4.38,5.21
9.37,19.40,6.55,9.59,14.28,15.15,15.88,3.80,14.41,16.31
12.53,8.24,20.92,12.78,10.93,5.92,15.30,15.25,13.56,8.41
20.56,16.89,16.60,5.24,8.90,13.91,6.46,16.24,6.52,12.97
10.36,11.19,20.17,14.43,13.46,8.81,17.75,14.17,15.95,11.30
21.43,16.02,18.14,5.52,8.06,13.36,5.04,17.46,5.43,12.16
8.85,17.20,20.99,19.47,19.41,14.99,23.57,14.83,21.73,17.48
8.47,16.85,20.53,18.92,18.91,14.55,23.06,14.36,21.21,17.05
7.84,16.75,19.86,18.40,18.53,14.30,22.64,13.69,20.79,16.80
14.42,17.66,26.51,23.21,21.93,16.74,26.30,20.32,24.55,19.12
7.62,15.83,19.34,17.35,17.46,13.27,21.56,13.15,19.71,15.76
10.57,19.35,6.71,8.84,13.79,15.11,15.10,4.97,13.71,16.10
8.47,22.32,4.33,13.03,17.65,18.08,19.32,1.95,17.85,19.45
8.10,15.76,19.84,17.66,17.63,13.33,21.77,13.65,19.92,15.82
20.01,11.33,19.64,4.44,3.44,8.94,1.90,17.42,0.76,7.51
6.21,16.97,18.21,17.42,18.01,14.17,21.99,12.04,20.13,16.63
10.30,12.74,21.04,16.33,15.44,10.68,19.73,14.91,17.93,13.17
11.55,10.39,21.24,14.77,13.34,8.39,17.69,15.29,15.93,10.87
12.34,11.23,14.79,4.62,6.54,7.02,9.58,10.80,7.75,8.03
20.36,16.73,16.50,5.03,8.74,13.73,6.39,16.08,6.39,12.81
8.72,16.81,20.78,19.06,18.98,14.57,23.14,14.60,21.30,17.07
9.00,18.63,7.34,9.16,13.67,14.37,15.44,3.96,13.92,15.59
23.55,18.34,19.11,7.97,10.46,15.85,6.91,19.16,7.72,14.54
22.22,15.63,19.27,6.12,7.78,13.23,4.27,18.44,5.02,11.84
21.87,20.46,15.72,8.22,12.47,17.34,9.92,16.72,10.11,16.53
6.41,19.13,7.73,11.23,15.16,14.93,17.43,2.15,15.80,16.49
12.91,12.74,13.63,3.32,6.96,8.62,9.15,10.34,7.45,9.26
10.36,16.74,22.41,20.08,19.59,14.88,23.84,16.23,22.02,17.37
18.70,15.35,15.74,3.18,7.44,12.13,6.02,14.72,5.49,11.42
11.26,12.39,21.97,16.80,15.60,10.64,19.94,15.85,18.16,13.11
12.22,21.78,4.80,10.51,15.81,17.57,16.57,5.88,15.36,18.41
5.53,19.00,8.36,11.73,15.40,14.85,17.86,2.38,16.19,16.51
11.20,14.10,11.94,5.02,8.87,9.88,11.07,8.38,9.40,10.85
20.60,8.90,21.66,6.43,2.03,7.23,2.78,18.82,1.98,5.30
7.49,14.62,18.64,15.88,15.98,11.89,20.07,12.45,18.22,14.37
18.25,6.65,20.93,6.54,1.43,4.16,5.74,17.30,4.25,2.72
4.54,18.56,9.41,12.14,15.45,14.48,18.16,3.28,16.43,16.27
11.61,9.07,20.17,12.67,11.23,6.49,15.56,14.43,13.79,8.99
7.76,18.47,7.75,9.85,14.01,14.23,16.09,3.23,14.50,15.62
11.26,16.98,23.34,20.84,20.17,15.33,24.46,17.16,22.65,17.81
12.81,10.88,23.03,16.60,14.81,9.58,19.19,17.00,17.47,11.97
10.61,17.42,8.65,7.16,11.91,13.19,13.45,6.01,11.97,14.16
7.57,15.87,19.31,17.36,17.48,13.31,21.59,13.12,19.73,15.80
8.97,17.91,8.06,8.63,13.02,13.66,14.90,4.41,13.35,14.88
11.07,9.95,20.19,13.44,12.19,7.48,16.51,14.32,14.72,9.98
12.34,10.67,22.39,15.94,14.27,9.13,18.65,16.38,16.91,11.55
10.20,14.42,21.62,17.96,17.23,12.49,21.51,15.43,19.70,14.97
16.07,11.15,16.49,1.82,4.01,7.56,5.85,13.65,4.11,7.29
7.76,18.80,7.43,10.10,14.32,14.56,16.35,2.95,14.77,15.95
8.37,19.41,6.69,10.21,14.66,15.16,16.49,2.92,14.96,16.46
6.54,19.17,7.62,11.18,15.15,14.97,17.39,2.12,15.76,16.51
19.54,15.63,16.38,3.90,7.66,12.57,5.72,15.52,5.45,11.71
7.12,20.22,6.47,11.69,15.93,16.00,17.96,1.35,16.38,17.47
7.73,18.37,7.85,9.80,13.94,14.13,16.04,3.30,14.43,15.53
12.47,17.34,24.58,21.85,20.95,15.97,25.28,18.40,23.49,18.42
8.14,13.61,12.88,8.36,10.59,9.45,13.77,7.67,11.95,11.19
21.08,15.73,17.94,5.14,7.75,13.02,4.90,17.16,5.17,11.85
8.43,14.06,19.48,16.10,15.86,11.54,20.03,13.31,18.19,14.03
4.71,19.85,8.33,12.89,16.50,15.74,19.02,2.13,17.33,17.48
10.13,11.93,20.38,15.19,14.31,9.65,18.59,14.31,16.79,12.15
9.50,16.76,21.55,19.54,19.26,14.70,23.47,15.38,21.64,17.20
11.52,19.94,6.40,8.91,14.07,15.72,15.08,5.68,13.78,16.58
14.44,10.58,24.66,17.64,15.38,9.95,19.77,18.65,18.12,12.21
7.77,15.79,19.50,17.43,17.49,13.27,21.61,13.31,19.76,15.76
9.15,12.70,19.59,15.12,14.61,10.18,18.83,13.48,17.00,12.68
12.81,9.78,22.48,15.41,13.52,8.30,17.91,16.55,16.20,10.71
11.86,15.19,23.54,19.80,18.75,13.74,23.08,17.35,21.30,16.19
10.62,13.31,21.66,17.21,16.27,11.43,20.57,15.50,18.78,13.91
9.73,13.22,20.60,16.34,15.65,11.02,19.91,14.45,18.09,13.51
14.26,11.57,24.84,18.38,16.29,10.89,20.68,18.77,19.01,13.18
10.13,17.63,22.34,20.63,20.32,15.70,24.55,16.18,22.72,18.19
8.88,12.78,19.26,14.90,14.50,10.16,18.69,13.15,16.86,12.65
9.77,15.44,21.50,18.58,18.08,13.43,22.33,15.30,20.50,15.92
8.30,17.13,20.43,19.05,19.11,14.79,23.24,14.26,21.39,17.29
6.87,17.75,19.10,18.62,19.11,15.11,23.13,12.97,21.27,17.59
20.61,15.92,17.31,4.83,7.92,13.07,5.36,16.59,5.46,12.02
17.27,16.67,13.44,3.73,9.04,13.08,8.27,12.79,7.52,12.77
6.94,20.25,6.55,11.83,16.02,16.03,18.09,1.22,16.51,17.52
7.65,18.30,7.94,9.80,13.91,14.06,16.03,3.32,14.42,15.47
10.36,10.45,19.46,13.13,12.21,7.73,16.47,13.58,14.66,10.23
10.36,16.58,9.43,6.75,11.25,12.34,13.02,6.30,11.48,13.36
11.45,18.47,7.85,7.53,12.61,14.27,13.76,6.23,12.41,15.10
10.05,17.32,22.21,20.34,20.00,15.38,24.23,16.04,22.40,17.87
10.58,11.86,14.12,6.27,8.16,7.62,11.36,9.57,9.53,9.06
12.09,16.57,24.07,21.04,20.12,15.14,24.44,17.88,22.65,17.59
10.97,13.18,21.99,17.36,16.31,11.40,20.63,15.83,18.84,13.87
7.93,14.51,19.11,16.16,16.11,11.90,20.24,12.93,18.39,14.39
7.38,19.79,6.69,11.15,15.40,15.56,17.41,1.90,15.84,16.99
11.62,8.59,19.12,10.90,9.63,5.33,13.91,13.62,12.11,7.79
11.82,9.05,20.52,13.03,11.48,6.63,15.83,14.76,14.07,9.12
10.19,14.85,21.74,18.34,17.67,12.93,21.94,15.55,20.13,15.42
9.27,13.72,12.34,6.98,9.80,9.48,12.65,7.70,10.87,10.93
7.45,14.93,18.75,16.22,16.33,12.24,20.43,12.56,18.57,14.72
8.47,17.92,20.74,19.82,19.94,15.62,24.06,14.62,22.21,18.12
12.35,16.95,24.40,21.48,20.56,15.57,24.89,18.21,23.10,18.02
15.83,5.05,23.38,13.06,9.78,4.23,14.12,18.03,12.59,6.32
8.38,17.11,8.94,8.53,12.57,12.87,14.74,4.65,13.11,14.20
6.82,19.10,19.23,19.69,20.38,16.46,24.35,13.20,22.48,18.93
23.19,19.83,17.71,8.44,11.85,17.05,8.71,18.35,9.25,15.96
13.57,16.24,10.95,4.33,9.67,12.20,10.50,9.24,9.20,12.61
11.91,14.34,23.36,19.11,17.94,12.90,22.29,17.17,20.51,15.34
11.19,17.37,23.34,21.09,20.49,15.69,24.77,17.17,22.96,18.17
7.93,19.20,20.34,20.46,20.89,16.76,24.94,14.30,23.08,19.25
7.67,20.14,20.10,20.97,21.61,17.61,25.61,14.16,23.74,20.09
15.76,8.65,25.27,16.93,14.10,8.56,18.46,19.42,16.89,10.65
9.40,16.18,9.77,7.27,11.35,11.93,13.46,5.90,11.84,13.14
8.75,15.33,20.39,17.73,17.48,13.04,21.67,14.20,19.84,15.54
7.36,13.01,14.73,10.44,11.62,9.16,15.29,8.98,13.43,11.29
4.96,18.86,8.85,12.02,15.51,14.74,18.10,2.76,16.40,16.48
10.87,14.54,22.36,18.56,17.67,12.81,21.98,16.17,20.19,15.28
8.79,17.86,21.04,19.96,20.00,15.63,24.15,14.91,22.30,18.13
8.69,15.56,20.41,17.91,17.70,13.27,21.88,14.21,20.05,15.77
4.09,20.92,8.40,14.23,17.79,16.86,20.35,2.49,18.67,18.67
9.60,15.59,21.36,18.60,18.15,13.54,22.39,15.17,20.56,16.03
10.51,12.32,21.08,16.06,15.07,10.28,19.37,14.97,17.58,12.76
9.15,18.87,7.09,9.26,13.85,14.62,15.55,3.92,14.05,15.81
9.95,22.41,3.59,12.32,17.23,18.16,18.57,3.40,17.19,19.34
12.39,8.44,20.88,12.90,11.11,6.13,15.48,15.19,13.74,8.62
21.87,18.52,16.99,6.94,10.52,15.62,7.68,17.22,8.01,14.62
18.54,15.84,15.24,3.41,7.96,12.54,6.60,14.39,6.06,11.90
8.50,21.07,5.17,11.69,16.30,16.83,17.98,2.12,16.50,18.14
9.30,20.66,5.33,10.83,15.58,16.41,17.10,3.11,15.66,17.61
12.93,14.74,24.48,20.13,18.76,13.60,23.13,18.29,21.38,16.00
3.13,18.53,10.63,13.18,16.07,14.57,19.04,4.43,17.26,16.52
8.72,20.52,5.57,11.02,15.65,16.27,17.31,2.58,15.83,17.54
6.78,18.86,7.77,10.79,14.77,14.65,17.00,2.48,15.37,16.16
2.16,19.89,10.49,14.58,17.55,15.97,20.49,4.45,18.72,17.97
20.02,8.72,21.21,6.03,1.47,6.81,3.10,18.29,1.93,5.01
14.73,7.28,23.43,14.57,11.87,6.38,16.25,17.74,14.64,8.63
8.43,15.65,20.16,17.80,17.67,13.29,21.83,13.96,19.99,15.79
6.38,17.44,18.53,17.99,18.58,14.69,22.57,12.38,20.70,17.16
14.90,10.46,16.32,2.93,4.26,6.60,7.01,12.97,5.18,6.77
8.24,13.63,18.99,15.36,15.19,10.96,19.34,12.83,17.49,13.45
12.64,12.94,23.66,18.41,16.89,11.71,21.26,17.52,19.53,14.11
19.89,17.40,15.54,5.17,9.44,14.23,7.38,15.36,7.24,13.46
22.99,18.26,18.48,7.53,10.33,15.65,6.98,18.54,7.64,14.42
11.41,14.88,11.26,5.03,9.36,10.68,11.24,8.07,9.65,11.56
8.88,14.62,11.43,7.30,10.52,10.38,13.18,6.84,11.44,11.81
8.53,18.77,20.91,20.51,20.74,16.46,24.84,14.83,22.99,18.96
9.75,19.63,22.17,21.87,21.95,17.53,26.10,16.13,24.25,20.03
17.96,15.68,14.80,3.02,7.89,12.28,6.86,13.84,6.17,11.76
6.27,19.73,7.33,11.80,15.77,15.53,18.01,1.54,16.39,17.10
10.20,18.46,22.52,21.30,21.10,16.51,25.30,16.40,23.47,19.01
8.90,17.85,21.15,20.03,20.04,15.64,24.19,15.02,22.35,18.14
8.36,11.94,17.21,12.17,12.25,8.61,16.29,11.30,14.43,11.01
8.29,19.08,20.69,20.59,20.92,16.71,25.00,14.64,23.14,19.21
8.57,17.93,8.08,8.91,13.20,13.68,15.17,4.13,13.60,14.96
13.43,16.72,25.40,21.96,20.75,15.62,25.11,19.20,23.35,18.03
13.53,10.85,23.80,17.17,15.18,9.85,19.57,17.77,17.88,12.19
9.55,11.09,18.70,12.92,12.36,8.15,16.56,12.79,14.73,10.63
13.93,7.53,22.53,13.89,11.46,6.09,15.86,16.85,14.20,8.45
15.84,6.18,24.17,14.55,11.40,5.85,15.75,18.60,14.21,7.91
6.36,19.21,7.68,11.32,15.25,15.01,17.53,2.06,15.89,16.57
7.85,14.58,19.06,16.18,16.15,11.96,20.28,12.87,18.43,14.45
14.57,13.78,25.82,20.40,18.52,13.16,22.91,19.66,21.22,15.45
19.94,17.14,15.77,5.03,9.17,14.00,7.07,15.49,6.95,13.21
4.06,20.02,8.76,13.44,16.91,15.95,19.53,2.60,17.83,17.76
7.27,22.02,5.33,13.40,17.76,17.81,19.69,0.89,18.15,19.31
10.16,15.82,10.15,6.48,10.70,11.58,12.70,6.63,11.09,12.66
8.54,17.64,20.77,19.63,19.70,15.36,23.84,14.63,21.99,17.86
10.07,19.01,22.45,21.63,21.54,17.01,25.72,16.36,23.88,19.51
13.82,9.65,23.60,16.24,14.04,8.66,18.43,17.66,16.77,10.98
9.15,16.63,21.17,19.19,18.98,14.48,23.18,14.99,21.34,16.98
20.64,19.53,14.89,7.07,11.59,16.29,9.40,15.58,9.38,15.60
9.32,23.43,3.22,13.83,18.59,19.19,20.09,2.97,18.68,20.51
8.00,12.19,16.41,11.53,11.93,8.66,15.87,10.54,14.01,10.98
6.04,20.20,7.15,12.35,16.32,16.02,18.57,1.10,16.95,17.62
8.87,23.89,3.57,14.63,19.28,19.66,20.90,2.91,19.46,21.06
10.84,13.81,22.08,17.87,16.91,12.04,21.23,15.91,19.43,14.51
7.60,16.82,9.43,8.98,12.69,12.59,15.09,4.59,13.42,14.06
9.69,17.33,8.62,7.72,12.20,13.08,14.00,5.33,12.46,14.20
12.10,14.38,11.92,4.25,8.62,10.21,10.45,8.87,8.86,10.96
7.33,15.86,10.56,8.91,12.16,11.65,14.84,5.42,13.11,13.24
8.59,14.88,11.22,7.60,10.84,10.64,13.50,6.54,11.76,12.10
6.03,17.00,9.96,10.32,13.59,12.85,16.29,4.32,14.56,14.54
4.60,15.82,12.99,12.11,14.12,11.98,17.50,6.90,15.67,14.08
9.29,20.71,5.28,10.89,15.64,16.46,17.17,3.08,15.73,17.66
5.75,17.56,9.54,10.75,14.13,13.41,16.78,3.79,15.06,15.11
16.45,15.55,13.57,2.59,8.08,11.89,7.84,12.33,6.84,11.68
9.01,17.78,8.19,8.50,12.88,13.53,14.77,4.54,13.22,14.74
8.34,17.81,20.60,19.64,19.78,15.48,23.90,14.46,22.05,17.98
10.53,17.44,8.61,7.23,11.96,13.21,13.52,5.93,12.04,14.18
19.51,17.05,15.38,4.75,9.11,13.84,7.23,15.05,6.99,13.12
11.60,20.06,24.01,23.25,22.99,18.31,27.22,17.97,25.39,20.80
10.38,20.64,22.82,22.92,23.04,18.60,27.19,16.85,25.34,21.10
13.22,11.03,23.54,17.09,15.21,9.92,19.60,17.50,17.89,12.29
9.67,18.46,22.00,20.98,20.90,16.40,25.08,15.89,23.24,18.90
12.10,15.57,10.84,4.82,9.62,11.41,11.11,8.25,9.62,12.12
12.58,9.59,22.09,14.94,13.10,7.94,17.49,16.18,15.76,10.37
21.04,18.30,16.19,6.35,10.31,15.26,7.80,16.36,7.93,14.38
8.91,13.68,19.86,16.10,15.70,11.26,19.91,13.70,18.07,13.76
8.81,16.68,20.84,19.01,18.89,14.45,23.06,14.66,21.22,16.95
9.46,14.40,20.82,17.36,16.84,12.24,21.08,14.63,19.26,14.74
10.26,12.03,20.60,15.45,14.53,9.82,18.82,14.52,17.02,12.32
8.10,22.56,4.48,13.51,18.05,18.33,19.80,1.72,18.31,19.76
10.86,17.46,8.66,7.03,11.86,13.24,13.32,6.19,11.86,14.16
5.43,18.71,8.66,11.60,15.19,14.57,17.71,2.70,16.02,16.25
10.68,15.34,22.40,19.13,18.38,13.56,22.67,16.20,20.86,16.04
15.87,15.21,13.36,2.31,7.89,11.47,8.00,11.88,6.88,11.37
16.47,16.38,12.95,3.43,8.93,12.69,8.55,12.06,7.64,12.52
19.00,14.90,16.34,3.15,6.95,11.78,5.37,15.18,4.88,10.97
8.16,14.80,19.53,16.70,16.59,12.30,20.74,13.33,18.89,14.79
7.34,15.96,19.10,17.27,17.47,13.35,21.55,12.90,19.70,15.84
7.85,15.61,19.52,17.31,17.33,13.10,21.46,13.32,19.61,15.59
8.23,15.98,20.05,17.96,17.92,13.59,22.06,13.86,20.22,16.09
9.29,17.63,8.32,8.21,12.63,13.38,14.48,4.84,12.93,14.56
12.89,11.90,23.53,17.65,15.94,10.71,20.32,17.44,18.60,13.10
19.05,13.49,17.34,2.87,5.50,10.52,4.09,15.70,3.40,9.56
7.81,15.93,19.59,17.60,17.66,13.43,21.79,13.39,19.93,15.93
11.43,15.72,23.24,19.95,19.06,14.15,23.38,17.05,21.59,16.61
10.57,13.47,12.48,5.64,8.83,9.22,11.43,8.42,9.68,10.40
11.95,13.68,23.19,18.57,17.31,12.25,21.66,17.02,19.90,14.68
7.27,14.81,18.47,15.90,16.07,12.04,20.15,12.28,18.29,14.52
8.55,21.49,4.82,12.10,16.72,17.25,18.38,2.05,16.91,18.57
9.82,18.17,7.79,8.26,12.92,13.92,14.55,4.91,13.06,15.01
13.06,10.29,23.04,16.21,14.29,9.03,18.68,17.06,16.98,11.41
21.18,16.84,17.32,5.63,8.85,14.01,6.09,16.93,6.34,12.95
15.67,8.48,25.10,16.69,13.87,8.33,18.23,19.26,16.66,10.43
17.27,9.99,18.13,3.17,2.43,6.79,4.67,15.19,2.82,6.07
18.42,11.17,18.28,3.00,3.21,8.26,3.50,15.86,1.89,7.25
7.99,14.58,19.23,16.31,16.23,12.00,20.37,13.04,18.53,14.49
8.81,11.86,18.25,13.19,12.91,8.86,17.05,12.27,15.21,11.32
10.13,15.52,21.89,18.91,18.32,13.61,22.59,15.69,20.77,16.10
4.99,20.25,7.89,13.05,16.77,16.13,19.21,1.70,17.55,17.84
20.16,14.70,17.64,4.08,6.71,11.89,4.35,16.48,4.26,10.80
12.67,8.89,21.74,14.11,12.21,7.06,16.59,15.93,14.87,9.50
16.36,9.64,17.74,3.33,2.74,6.15,5.66,14.52,3.80,5.78
7.62,16.82,19.66,18.31,18.51,14.32,22.60,13.49,20.75,16.82
12.84,13.27,23.97,18.85,17.31,12.12,21.69,17.82,19.95,14.51
12.30,17.68,8.98,6.33,11.52,13.52,12.53,7.41,11.20,14.19
9.33,17.70,8.25,8.23,12.68,13.45,14.51,4.82,12.97,14.62
11.12,17.35,23.26,21.03,20.45,15.66,24.73,17.09,22.91,18.14
14.03,11.38,24.53,18.04,15.98,10.60,20.37,18.47,18.70,12.91
11.75,14.18,11.99,4.52,8.64,9.99,10.65,8.72,9.02,10.83
9.32,18.02,7.93,8.47,12.98,13.77,14.76,4.60,13.23,14.94
13.07,12.55,23.96,18.38,16.70,11.46,21.08,17.83,19.36,13.83
6.81,17.63,19.02,18.47,18.97,14.98,22.98,12.88,21.12,17.46
12.18,8.38,17.97,8.47,7.50,4.35,11.65,12.94,9.82,6.48
10.25,17.23,22.39,20.39,20.00,15.33,24.24,16.22,22.41,17.82
9.68,13.25,20.56,16.33,15.66,11.04,19.92,14.41,18.10,13.53
10.08,18.73,22.42,21.43,21.29,16.75,25.49,16.32,23.65,19.24
5.20,22.46,7.29,15.17,19.04,18.36,21.39,2.35,19.75,20.11
22.62,21.80,15.74,9.50,13.81,18.66,11.20,17.23,11.44,17.87
23.15,15.75,20.26,7.00,8.07,13.60,4.16,19.44,5.26,12.05
12.56,20.54,6.31,9.03,14.37,16.36,15.06,6.57,13.87,17.09
11.32,9.65,20.30,13.30,11.96,7.19,16.28,14.47,14.50,9.69
9.45,17.87,21.70,20.39,20.28,15.78,24.46,15.56,22.62,18.28
7.81,16.22,19.68,17.88,17.97,13.74,22.09,13.49,20.23,16.23
12.12,17.90,8.68,6.63,11.81,13.73,12.83,7.14,11.50,14.44
11.76,17.42,23.90,21.47,20.76,15.88,25.06,17.73,23.25,18.34
19.68,16.60,15.87,4.54,8.64,13.47,6.65,15.38,6.45,12.67
15.50,10.98,16.26,2.12,4.20,7.26,6.39,13.23,4.62,7.19
10.70,16.61,22.71,20.19,19.61,14.84,23.88,16.53,22.06,17.32
12.67,9.07,21.87,14.37,12.48,7.31,16.86,16.03,15.14,9.75
12.78,13.06,23.84,18.62,17.08,11.88,21.45,17.69,19.72,14.28
18.73,18.60,13.46,5.76,10.81,15.12,9.36,13.75,8.95,14.68
7.48,21.02,19.86,21.44,22.29,18.40,26.22,14.03,24.36,20.88
18.96,9.14,20.01,4.87,1.16,6.66,3.44,17.09,1.71,5.26
9.51,13.72,20.59,16.70,16.11,11.51,20.36,14.42,18.53,14.01
11.86,11.34,22.17,16.23,14.76,9.69,19.12,16.11,17.37,12.14
20.03,15.85,16.74,4.36,7.86,12.88,5.63,15.98,5.53,11.94
16.28,14.79,14.00,1.83,7.35,11.14,7.37,12.44,6.25,10.92
11.31,14.96,22.93,19.23,18.29,13.36,22.61,16.73,20.82,15.82
21.80,15.10,19.13,5.65,7.23,12.67,3.85,18.13,4.49,11.30
7.85,19.40,6.85,10.52,14.85,15.16,16.79,2.54,15.23,16.53
6.72,17.37,9.21,9.92,13.53,13.17,16.02,3.90,14.33,14.75
9.93,14.23,11.72,6.26,9.67,9.98,12.18,7.56,10.46,11.22
15.36,11.27,15.96,1.91,4.49,7.52,6.56,12.99,4.81,7.48
11.43,17.08,23.52,21.02,20.32,15.47,24.62,17.34,22.81,17.94
12.70,11.70,23.26,17.32,15.64,10.43,20.02,17.17,18.29,12.83
11.06,16.69,23.09,20.49,19.83,15.01,24.11,16.90,22.30,17.48
6.29,16.67,18.20,17.17,17.72,13.86,21.71,12.02,19.85,16.32
5.97,18.55,8.47,11.13,14.83,14.38,17.27,2.73,15.59,16.00
9.08,14.57,11.45,7.11,10.38,10.33,13.00,6.95,11.26,11.72
9.93,11.60,19.86,14.48,13.68,9.13,17.94,13.83,16.13,11.63
18.57,15.95,15.20,3.51,8.08,12.66,6.69,14.39,6.17,12.02
13.72,15.80,25.50,21.44,20.04,14.83,24.41,19.30,22.67,17.21
11.72,17.69,8.72,6.67,11.74,13.50,12.92,6.86,11.54,14.27
8.86,12.47,18.99,14.41,14.03,9.76,18.22,12.91,16.38,12.25
9.60,11.42,19.20,13.72,13.07,8.70,17.30,13.21,15.47,11.19
9.94,15.90,21.79,19.10,18.61,13.94,22.86,15.60,21.04,16.43
5.68,19.05,18.09,18.92,19.87,16.19,23.75,12.06,21.89,18.64
8.96,12.86,19.44,15.12,14.68,10.30,18.88,13.32,17.05,12.79
11.90,23.72,2.43,12.85,18.05,19.48,18.94,5.35,17.71,20.48
10.70,19.17,6.92,8.60,13.57,14.94,14.85,5.19,13.46,15.90
23.17,20.35,17.36,8.74,12.36,17.49,9.31,18.20,9.80,16.46
7.82,13.41,18.22,14.53,14.54,10.52,18.64,12.09,16.78,12.99
8.09,20.78,5.57,11.65,16.14,16.54,17.93,1.82,16.42,17.90
9.70,17.35,21.87,20.14,19.89,15.33,24.10,15.71,22.27,17.82
10.15,17.28,22.30,20.37,20.01,15.36,24.24,16.13,22.41,17.86
11.17,21.29,4.85,10.48,15.61,17.05,16.65,4.88,15.35,18.02
11.89,8.31,19.25,10.76,9.38,5.03,13.68,13.80,11.88,7.50
9.76,16.74,9.22,7.29,11.65,12.49,13.54,5.76,11.97,13.61
13.50,17.39,9.90,5.42,10.83,13.32,11.48,8.69,10.25,13.78
12.32,15.06,23.96,19.99,18.80,13.73,23.16,17.76,21.39,16.16
10.58,22.69,3.26,12.31,17.32,18.44,18.51,4.03,17.18,19.55
11.48,12.39,22.22,16.99,15.72,10.72,20.07,16.10,18.30,13.18
15.37,4.90,21.35,10.00,6.82,1.49,11.21,16.43,9.60,3.98
8.85,12.95,13.37,7.81,9.86,8.76,13.09,8.32,11.26,10.46
16.95,15.08,14.34,2.17,7.47,11.53,7.07,13.01,6.11,11.18
10.31,17.30,8.71,7.27,11.92,13.07,13.56,5.83,12.06,14.08
16.55,12.85,15.63,0.39,5.36,9.33,5.91,13.43,4.52,8.96
23.88,17.13,20.26,7.88,9.43,14.93,5.53,19.86,6.62,13.42
12.04,13.21,23.13,18.21,16.87,11.79,21.23,16.97,19.48,14.22
15.65,8.15,24.93,16.37,13.51,7.97,17.87,19.13,16.31,10.07
5.02,18.65,8.98,11.85,15.31,14.53,17.92,2.92,16.21,16.27
20.00,17.37,15.68,5.21,9.40,14.22,7.29,15.50,7.18,13.44
14.00,9.52,23.74,16.27,14.01,8.61,18.40,17.81,16.74,10.91
9.40,15.98,21.27,18.80,18.45,13.88,22.67,15.07,20.84,16.38
5.39,17.02,17.33,16.84,17.66,14.04,21.57,11.16,19.70,16.47
9.93,11.07,19.40,13.60,12.83,8.39,17.07,13.44,15.26,10.88
7.80,19.62,20.23,20.68,21.21,17.14,25.24,14.23,23.38,19.62
9.30,15.35,20.98,18.16,17.76,13.20,21.99,14.78,20.16,15.70
13.66,9.20,23.20,15.63,13.43,8.07,17.82,17.31,16.15,10.41
12.34,21.44,24.77,24.57,24.39,19.72,28.61,18.81,26.77,22.21
20.48,9.07,21.45,6.21,1.99,7.30,2.65,18.64,1.75,5.43
8.37,20.87,20.78,21.88,22.50,18.43,26.51,14.90,24.65,20.92
12.67,18.53,24.93,22.82,22.07,17.13,26.38,18.79,24.58,19.58
14.90,8.75,24.38,16.30,13.71,8.22,18.09,18.52,16.48,10.42
10.68,15.55,22.46,19.31,18.59,13.78,22.88,16.26,21.07,16.26
9.65,16.46,21.63,19.38,19.02,14.43,23.25,15.45,21.42,16.92
8.82,16.37,20.78,18.74,18.59,14.14,22.77,14.59,20.93,16.64
7.31,19.27,19.73,20.13,20.72,16.71,24.72,13.71,22.86,19.19
10.35,16.50,9.51,6.71,11.19,12.26,12.97,6.34,11.43,13.28
22.31,17.98,17.86,6.94,10.01,15.26,6.90,17.86,7.40,14.12
7.18,16.56,19.12,17.74,18.03,13.95,22.10,12.94,20.24,16.43
9.99,16.29,21.94,19.46,19.01,14.34,23.25,15.75,21.43,16.83
8.27,15.92,20.07,17.93,17.87,13.53,22.02,13.88,20.18,16.03
12.83,18.06,25.04,22.58,21.72,16.73,26.04,18.88,24.25,19.18
20.66,17.48,16.32,5.64,9.49,14.46,7.06,16.18,7.13,13.56
7.06,18.12,19.36,19.06,19.55,15.53,23.58,13.25,21.71,18.01
11.23,16.81,9.39,6.29,11.11,12.61,12.58,6.86,11.11,13.47
7.88,19.44,20.30,20.60,21.09,16.98,25.12,14.29,23.26,19.47
7.79,17.01,19.88,18.60,18.77,14.56,22.88,13.71,21.02,17.05
8.48,16.93,20.57,19.00,18.99,14.63,23.14,14.40,21.29,17.13
12.92,8.21,21.55,13.42,11.40,6.24,15.79,15.84,14.07,8.70
10.19,10.53,19.23,12.96,12.12,7.73,16.37,13.35,14.56,10.22
10.26,10.71,19.58,13.47,12.57,8.06,16.83,13.66,15.02,10.56
11.70,9.80,21.03,14.13,12.63,7.69,16.98,15.14,15.22,10.17
6.84,19.35,7.31,11.13,15.19,15.14,17.36,2.02,15.75,16.64
8.58,12.65,18.73,14.33,14.06,9.87,18.22,12.64,16.38,12.35
7.91,17.61,20.13,19.19,19.41,15.19,23.51,13.99,21.65,17.68
10.24,15.59,10.38,6.31,10.48,11.35,12.51,6.83,10.90,12.43
7.78,18.48,7.73,9.84,14.01,14.24,16.08,3.24,14.49,15.62
23.06,7.70,24.98,9.80,4.65,7.81,5.13,21.87,5.24,5.34
17.48,14.68,15.08,2.02,6.95,11.26,6.33,13.68,5.43,10.76
26.20,17.49,22.92,10.04,10.36,15.89,6.00,22.41,7.60,14.06
9.13,18.98,6.98,9.37,13.96,14.73,15.66,3.84,14.16,15.92
11.11,12.68,21.93,16.97,15.83,10.90,20.16,15.79,18.38,13.37
4.79,18.67,9.14,12.02,15.42,14.56,18.07,3.03,16.36,16.32
13.37,16.50,10.61,4.67,9.99,12.44,10.84,8.95,9.54,12.89
8.34,17.31,8.75,8.67,12.75,13.06,14.89,4.48,13.27,14.40
8.98,20.26,5.76,10.61,15.28,16.00,16.90,2.98,15.43,17.24
7.96,13.19,18.24,14.36,14.32,10.30,18.43,12.12,16.58,12.77
11.77,12.22,22.46,17.06,15.69,10.64,20.05,16.35,18.29,13.08
6.42,17.90,8.84,10.41,14.09,13.71,16.54,3.37,14.86,15.29
8.84,17.94,21.11,20.07,20.10,15.72,24.25,14.98,22.40,18.22
12.20,16.88,9.68,5.70,10.78,12.72,11.95,7.69,10.56,13.40
8.71,20.81,5.32,11.32,15.95,16.57,17.60,2.44,16.13,17.85
10.71,9.99,19.56,12.82,11.77,7.25,16.05,13.74,14.25,9.75
8.06,18.73,20.43,20.19,20.52,16.33,24.59,14.36,22.74,18.82
10.63,18.52,22.95,21.61,21.32,16.67,25.54,16.83,23.71,19.16
10.90,11.80,21.27,15.83,14.69,9.82,19.01,15.19,17.23,12.31
13.29,10.20,23.25,16.33,14.33,9.03,18.73,17.28,17.03,11.40
12.94,17.95,25.12,22.56,21.66,16.65,25.99,18.96,24.20,19.09
2.29,20.65,10.15,15.12,18.22,16.72,21.09,4.30,19.34,18.70
10.87,18.34,23.17,21.62,21.24,16.54,25.48,17.04,23.66,19.03
10.56,14.40,21.99,18.21,17.39,12.57,21.69,15.80,19.88,15.05
10.03,10.54,18.91,12.64,11.90,7.62,16.13,13.06,14.30,10.10
16.42,5.13,24.26,14.00,10.57,5.03,14.88,18.84,13.39,6.95
12.44,12.04,23.12,17.44,15.86,10.70,20.24,17.02,18.50,13.11
11.53,12.62,22.37,17.26,16.00,10.99,20.35,16.24,18.58,13.45
5.41,18.45,8.91,11.45,14.97,14.30,17.54,2.97,15.84,16.00
9.01,18.08,7.89,8.72,13.15,13.83,15.00,4.33,13.46,15.04
18.83,19.22,13.11,6.34,11.45,15.70,9.99,13.68,9.60,15.30
9.02,20.49,5.53,10.82,15.51,16.24,17.11,2.90,15.65,17.47
9.10,17.02,8.94,7.95,12.18,12.77,14.19,5.13,12.60,13.99
7.72,14.88,19.05,16.41,16.44,12.26,20.55,12.86,18.70,14.75
6.67,16.46,18.54,17.25,17.68,13.72,21.70,12.35,19.84,16.19
8.46,15.79,10.28,7.89,11.51,11.55,13.95,5.75,12.26,12.94
7.48,13.27,17.49,13.76,13.96,10.17,18.00,11.40,16.14,12.61
9.47,16.32,21.43,19.15,18.82,14.25,23.04,15.24,21.21,16.75
11.95,23.42,2.81,12.47,17.69,19.18,18.55,5.40,17.33,20.15
7.67,19.56,20.10,20.56,21.11,17.05,25.13,14.10,23.27,19.54
20.46,16.83,16.54,5.15,8.83,13.84,6.44,16.16,6.47,12.91
10.60,14.50,11.48,5.65,9.48,10.26,11.72,7.76,10.05,11.33
20.76,9.31,21.59,6.33,2.31,7.62,2.37,18.86,1.69,5.72
20.94,17.00,16.95,5.54,9.00,14.09,6.38,16.62,6.55,13.09
11.33,16.78,9.46,6.19,11.03,12.57,12.48,6.97,11.02,13.42
9.99,14.20,21.32,17.58,16.89,12.18,21.16,15.13,19.35,14.67
12.07,12.21,22.78,17.29,15.84,10.74,20.21,16.67,18.46,13.17
10.69,10.50,20.08,13.78,12.69,8.03,16.99,14.16,15.20,10.53
23.64,21.69,17.07,9.82,13.70,18.76,10.72,18.39,11.18,17.79
10.93,15.93,10.16,5.93,10.44,11.71,12.19,7.12,10.65,12.64
11.20,10.91,21.12,15.05,13.76,8.87,18.10,15.12,16.32,11.35
10.07,15.05,21.69,18.45,17.82,13.11,22.09,15.50,20.28,15.60
12.76,16.46,10.32,5.01,10.18,12.35,11.24,8.39,9.88,12.92
12.30,14.59,23.82,19.59,18.35,13.27,22.71,17.63,20.95,15.70
10.62,14.66,22.13,18.49,17.68,12.86,21.98,15.94,20.17,15.34
9.53,15.09,10.87,6.76,10.46,10.84,12.81,6.76,11.13,12.08
10.49,14.13,11.83,5.70,9.28,9.89,11.67,7.93,9.97,11.02
12.54,14.12,23.93,19.36,18.01,12.88,22.37,17.75,20.62,15.29
9.49,19.09,21.88,21.33,21.39,16.96,25.54,15.81,23.69,19.46
11.16,10.43,20.74,14.35,13.07,8.23,17.40,14.80,15.62,10.72
12.67,11.32,23.06,16.91,15.21,10.00,19.59,17.00,17.86,12.40
15.67,11.64,15.89,1.42,4.62,7.96,6.31,13.11,4.63,7.82
6.54,15.72,11.13,9.65,12.54,11.58,15.44,5.60,13.67,13.32
16.04,6.38,24.52,14.98,11.80,6.25,16.14,18.92,14.61,8.27
11.46,14.39,22.92,18.85,17.79,12.82,22.12,16.73,20.34,15.28
12.73,18.37,24.98,22.74,21.95,16.99,26.26,18.83,24.47,19.44
12.71,8.41,21.40,13.43,11.49,6.38,15.88,15.67,14.15,8.84
13.60,9.79,23.41,16.18,14.06,8.71,18.45,17.46,16.77,11.05
19.00,16.21,15.43,3.91,8.30,12.97,6.66,14.76,6.27,12.28
11.40,11.83,21.87,16.34,15.04,10.06,19.39,15.78,17.62,12.53
12.82,14.36,24.27,19.74,18.35,13.19,22.72,18.09,20.97,15.59
10.60,15.99,22.48,19.63,18.98,14.20,23.26,16.29,21.45,16.68
7.87,19.00,20.27,20.27,20.69,16.56,24.74,14.21,22.88,19.05
8.37,18.56,20.72,20.25,20.48,16.22,24.58,14.63,22.73,18.72
8.62,19.66,6.39,10.27,14.81,15.41,16.56,2.98,15.05,16.68
5.74,18.97,8.25,11.56,15.29,14.80,17.71,2.35,16.04,16.45
6.00,17.64,9.31,10.60,14.07,13.48,16.65,3.65,14.95,15.13
7.07,16.78,9.67,9.39,12.92,12.58,15.45,4.51,13.75,14.13
10.78,17.35,22.93,20.82,20.32,15.58,24.58,16.77,22.76,18.06
7.90,17.02,19.99,18.67,18.82,14.59,22.93,13.83,21.08,17.08
8.98,14.03,20.12,16.57,16.16,11.69,20.38,13.95,18.54,14.19
9.53,16.14,21.44,19.03,18.67,14.08,22.89,15.25,21.06,16.58
10.96,14.97,22.57,19.00,18.14,13.27,22.45,16.38,20.65,15.75
11.80,11.76,22.30,16.62,15.20,10.15,19.56,16.22,17.81,12.59
5.59,18.16,17.87,18.11,18.97,15.28,22.87,11.77,21.01,17.72
12.66,11.11,22.96,16.69,14.97,9.76,19.35,16.92,17.63,12.17
8.73,12.68,18.97,14.57,14.23,9.97,18.41,12.88,16.57,12.46
20.78,16.49,17.12,5.19,8.49,13.61,5.89,16.60,6.03,12.58
13.02,10.45,23.07,16.35,14.45,9.19,18.84,17.08,17.14,11.57
13.34,11.22,23.75,17.36,15.46,10.16,19.86,17.69,18.16,12.52
10.10,14.92,21.68,18.35,17.70,12.98,21.97,15.49,20.16,15.47
18.96,19.91,12.75,7.00,12.16,16.36,10.68,13.64,10.32,15.99
11.35,10.94,21.33,15.25,13.91,8.98,18.26,15.32,16.49,11.45
6.77,20.54,6.46,12.20,16.38,16.33,18.46,0.85,16.88,17.85
10.20,13.73,21.36,17.28,16.49,11.74,20.78,15.19,18.97,14.23
14.73,6.58,22.96,13.65,10.88,5.40,15.26,17.39,13.65,7.67
11.32,17.12,9.12,6.46,11.36,12.92,12.75,6.77,11.30,13.76
9.92,12.93,20.68,16.19,15.43,10.76,19.70,14.55,17.89,13.25
13.05,8.94,22.29,14.66,12.62,7.38,17.02,16.45,15.31,9.79
4.63,17.19,16.52,16.40,17.46,14.05,21.28,10.35,19.41,16.46
12.11,16.19,24.01,20.75,19.77,14.78,24.10,17.82,22.32,17.22
20.00,10.16,20.35,5.07,2.40,7.95,2.10,17.80,0.46,6.37
12.65,14.34,24.09,19.61,18.26,13.12,22.62,17.91,20.87,15.53
8.37,16.49,20.34,18.53,18.51,14.16,22.66,14.16,20.81,16.66
12.11,16.25,24.03,20.80,19.83,14.84,24.16,17.84,22.38,17.29
14.18,19.50,8.46,7.26,12.79,15.44,13.03,8.61,11.97,15.86
9.34,19.29,6.67,9.51,14.18,15.04,15.80,3.84,14.32,16.20
10.06,11.29,19.81,14.17,13.32,8.77,17.59,13.81,15.78,11.27
8.07,21.61,4.98,12.49,17.02,17.37,18.78,1.53,17.28,18.76
6.71,19.54,7.22,11.36,15.43,15.33,17.60,1.80,15.99,16.85
3.88,18.53,16.18,17.26,18.60,15.35,22.33,10.10,20.47,17.73
9.86,15.46,21.59,18.66,18.13,13.47,22.38,15.39,20.56,15.96
8.03,18.93,20.42,20.32,20.69,16.52,24.76,14.36,22.90,19.02
18.83,10.41,19.12,3.85,2.41,7.72,3.08,16.53,1.25,6.51
10.74,15.25,22.43,19.09,18.32,13.49,22.61,16.24,20.81,15.97
11.32,22.81,23.65,24.81,25.12,20.75,29.23,17.87,27.37,23.25
8.98,14.52,20.33,17.09,16.71,12.22,20.92,14.14,19.09,14.72
9.27,15.20,10.77,7.02,10.68,10.95,13.07,6.54,11.38,12.24
10.56,15.17,22.22,18.90,18.16,13.36,22.45,16.03,20.64,15.84
13.98,11.05,24.36,17.71,15.62,10.25,20.02,18.31,18.34,12.55
12.14,13.04,23.18,18.14,16.75,11.65,21.12,17.03,19.36,14.08
21.98,17.09,18.07,6.32,9.13,14.41,6.01,17.75,6.49,13.23
12.50,10.19,22.33,15.56,13.80,8.63,18.18,16.37,16.46,11.06
8.90,15.99,20.76,18.46,18.23,13.77,22.43,14.56,20.59,16.26
8.37,14.85,19.79,16.93,16.76,12.41,20.93,13.59,19.09,14.91
20.82,16.63,17.06,5.29,8.64,13.75,6.04,16.60,6.18,12.73
6.00,16.62,17.86,16.89,17.52,13.74,21.48,11.68,19.62,16.19
9.36,14.25,20.64,17.13,16.62,12.05,20.86,14.46,19.03,14.55
10.53,20.35,5.67,9.84,14.83,16.11,16.07,4.50,14.71,17.13
9.28,22.05,4.09,12.29,17.07,17.80,18.56,2.74,17.14,19.05
7.46,16.26,19.33,17.66,17.85,13.70,21.94,13.14,20.09,16.19
9.12,21.39,4.70,11.67,16.41,17.14,17.95,2.67,16.51,18.38
11.03,14.81,22.60,18.91,18.01,13.13,22.33,16.41,20.53,15.60
9.98,21.20,4.75,11.00,15.91,16.95,17.25,3.64,15.87,18.07
10.63,15.31,10.71,5.87,10.07,11.07,12.06,7.27,10.45,12.09
6.14,16.23,17.84,16.57,17.14,13.34,21.12,11.65,19.25,15.80
15.06,18.16,27.18,23.92,22.58,17.35,26.95,21.00,25.21,19.71
12.28,8.25,20.43,12.24,10.52,5.66,14.87,14.81,13.12,8.16
11.70,16.66,23.71,20.86,20.04,15.13,24.36,17.52,22.56,17.59
19.84,16.77,15.92,4.74,8.80,13.65,6.73,15.50,6.57,12.84
20.13,18.72,14.89,6.25,10.78,15.46,8.73,15.24,8.62,14.78
19.73,14.34,17.44,3.61,6.34,11.46,4.29,16.14,4.01,10.43
18.28,8.19,20.03,5.21,0.44,5.53,4.54,16.78,2.86,4.27
8.89,15.07,20.45,17.58,17.28,12.80,21.48,14.25,19.64,15.30
7.70,16.21,19.57,17.79,17.91,13.70,22.02,13.38,20.17,16.20
8.01,16.96,20.09,18.70,18.81,14.55,22.93,13.92,21.08,17.05
6.79,19.22,7.45,11.06,15.09,15.01,17.28,2.13,15.67,16.52
12.21,9.95,21.84,14.98,13.29,8.19,17.66,15.90,15.93,10.64
12.18,15.59,10.85,4.77,9.61,11.43,11.06,8.30,9.58,12.13
9.31,17.30,21.47,19.86,19.69,15.19,23.88,15.31,22.04,17.69
18.00,16.45,14.29,3.68,8.68,13.01,7.57,13.63,6.95,12.53
7.47,15.78,19.16,17.18,17.33,13.19,21.43,12.97,19.57,15.67
8.84,16.08,20.71,18.50,18.30,13.85,22.49,14.52,20.65,16.35
8.37,12.55,18.27,13.82,13.67,9.62,17.79,12.21,15.95,12.09
13.79,11.99,14.60,2.67,5.93,7.97,8.17,11.38,6.45,8.40
9.68,22.00,4.02,12.02,16.88,17.75,18.27,3.16,16.88,18.95
8.53,14.90,19.99,17.12,16.90,12.51,21.08,13.79,19.24,15.01
15.02,7.16,23.72,14.75,11.95,6.44,16.33,18.05,14.73,8.64
9.64,15.97,21.51,18.95,18.54,13.93,22.78,15.31,20.95,16.43
4.82,19.42,17.25,18.67,19.88,16.42,23.67,11.27,21.81,18.84
8.16,18.72,7.40,9.77,14.08,14.47,16.04,3.27,14.47,15.80
12.45,8.49,21.06,13.13,11.31,6.28,15.68,15.34,13.95,8.76
7.90,15.48,19.52,17.21,17.22,12.97,21.35,13.33,19.50,15.46
8.52,19.58,6.49,10.27,14.77,15.33,16.55,2.93,15.04,16.62
11.05,15.76,22.88,19.73,18.95,14.09,23.25,16.68,21.45,16.56
18.02,11.65,17.63,2.36,3.76,8.58,4.01,15.30,2.52,7.72
21.68,20.04,15.76,7.84,12.06,16.93,9.52,16.60,9.70,16.12
7.64,21.00,5.63,12.13,16.54,16.77,18.41,1.25,16.88,18.19
21.65,18.26,16.92,6.67,10.26,15.36,7.48,17.05,7.77,14.36
12.65,12.58,23.54,18.09,16.53,11.34,20.90,17.41,19.17,13.74
8.85,17.66,21.07,19.84,19.84,15.44,24.00,14.93,22.15,17.94
9.90,21.65,4.31,11.52,16.42,17.40,17.77,3.44,16.38,18.55
10.29,15.30,10.67,6.15,10.23,11.06,12.32,7.05,10.69,12.14
9.75,13.30,12.70,6.55,9.28,9.05,12.15,8.19,10.37,10.45
10.48,10.25,19.45,12.93,11.97,7.50,16.24,13.59,14.43,9.99
6.11,19.16,7.87,11.45,15.31,14.97,17.64,2.11,15.99,16.57
8.89,17.06,21.00,19.38,19.29,14.86,23.46,14.84,21.62,17.36
11.26,18.64,7.61,7.80,12.85,14.43,14.03,5.97,12.67,15.30
7.85,16.51,9.68,8.66,12.34,12.28,14.75,4.93,13.07,13.73
20.36,15.34,17.42,4.42,7.34,12.50,4.89,16.49,4.90,11.44
8.49,14.74,19.88,16.92,16.70,12.32,20.88,13.68,19.03,14.82
9.58,14.84,11.12,6.66,10.26,10.59,12.68,6.96,10.98,11.85
13.61,6.99,21.48,12.38,10.05,4.83,14.44,15.97,12.75,7.28
10.07,19.10,22.45,21.69,21.61,17.09,25.79,16.38,23.95,19.59
9.50,16.21,9.74,7.19,11.32,11.95,13.40,5.95,11.78,13.14
11.28,10.46,20.93,14.55,13.21,8.34,17.55,14.97,15.78,10.82
11.23,12.20,21.85,16.58,15.36,10.41,19.70,15.75,17.92,12.88
11.26,16.75,23.30,20.66,19.96,15.11,24.25,17.11,22.45,17.58
10.56,13.38,21.62,17.22,16.30,11.48,20.61,15.46,18.81,13.96
10.98,15.65,10.44,5.74,10.19,11.44,11.99,7.31,10.43,12.37
9.17,18.30,21.49,20.55,20.56,16.14,24.72,15.38,22.87,18.64
9.25,18.89,21.62,21.03,21.12,16.72,25.26,15.54,23.41,19.22
17.89,12.35,17.05,1.87,4.50,9.18,4.42,14.91,3.11,8.42
6.70,18.85,19.09,19.42,20.10,16.19,24.07,13.04,22.21,18.66
22.58,19.38,17.27,7.85,11.39,16.53,8.41,17.78,8.84,15.50
10.50,14.10,21.83,17.88,17.04,12.23,21.34,15.64,19.54,14.72
8.58,16.57,20.58,18.76,18.68,14.29,22.85,14.40,21.00,16.79
10.08,16.56,22.09,19.76,19.31,14.64,23.56,15.91,21.73,17.13
14.43,6.46,22.38,12.97,10.29,4.87,14.68,16.87,13.05,7.22
8.13,16.32,9.80,8.35,12.06,12.09,14.45,5.18,12.77,13.50
10.93,16.60,22.95,20.34,19.69,14.89,23.98,16.76,22.16,17.37
6.69,19.29,19.11,19.75,20.49,16.61,24.45,13.10,22.58,19.09
9.61,17.49,8.46,7.89,12.38,13.25,14.17,5.16,12.64,14.37
6.74,19.92,6.91,11.66,15.77,15.71,17.90,1.44,16.31,17.22
10.31,17.17,22.44,20.39,19.97,15.29,24.21,16.27,22.39,17.78
18.24,16.69,14.35,3.96,8.89,13.27,7.64,13.81,7.09,12.77
6.69,13.74,14.13,10.68,12.16,9.86,15.72,8.31,13.87,11.97
6.21,15.33,17.42,15.51,16.06,12.33,20.02,11.23,18.16,14.77
14.33,10.16,24.37,17.16,14.88,9.46,19.28,18.39,17.62,11.73
6.98,18.38,19.32,19.22,19.77,15.77,23.78,13.23,21.91,18.25
11.48,18.42,23.77,22.05,21.54,16.76,25.81,17.64,23.99,19.24
7.00,21.03,6.00,12.54,16.80,16.82,18.81,0.59,17.25,18.32
11.51,9.21,20.14,12.75,11.35,6.62,15.68,14.38,13.91,9.12
8.78,21.65,4.60,12.14,16.81,17.41,18.42,2.26,16.97,18.71
12.19,16.16,24.09,20.78,19.78,14.78,24.12,17.89,22.33,17.22
11.15,10.48,20.77,14.41,13.13,8.29,17.46,14.81,15.68,10.78
20.03,15.02,17.29,4.04,7.02,12.13,4.77,16.24,4.64,11.11
15.95,17.45,27.92,23.92,22.27,16.93,26.66,21.73,24.95,19.23
13.10,7.96,21.61,13.29,11.19,6.00,15.58,15.93,13.87,8.45
8.68,12.50,18.74,14.21,13.90,9.71,18.07,12.67,16.23,12.19
10.53,11.33,20.52,14.84,13.81,9.08,18.11,14.49,16.31,11.57
22.54,17.68,18.32,6.97,9.74,15.06,6.48,18.20,7.08,13.84
20.44,16.63,16.64,5.03,8.64,13.66,6.25,16.18,6.27,12.72
13.41,10.16,23.38,16.40,14.37,9.05,18.76,17.40,17.07,11.40
5.58,18.68,17.95,18.56,19.48,15.81,23.37,11.89,21.50,18.25
11.41,15.56,23.18,19.80,18.90,13.98,23.22,16.99,21.43,16.44
21.55,5.07,24.76,10.09,4.50,5.54,6.95,21.07,6.37,3.05
21.66,14.58,19.30,5.48,6.73,12.19,3.33,18.14,3.97,10.79
10.47,14.98,11.00,5.89,9.89,10.74,12.03,7.37,10.39,11.80
10.42,18.93,22.79,21.78,21.59,17.01,25.80,16.69,23.96,19.50
8.05,17.29,20.21,19.02,19.16,14.90,23.27,14.05,21.42,17.39
13.91,10.62,24.11,17.26,15.14,9.77,19.54,18.10,17.87,12.08
21.52,18.44,16.64,6.70,10.45,15.49,7.75,16.85,7.99,14.54
5.40,17.71,9.61,11.08,14.40,13.58,17.09,3.73,15.36,15.31
10.13,17.74,8.26,7.72,12.40,13.50,14.01,5.43,12.52,14.54
9.28,14.99,20.84,17.80,17.38,12.82,21.60,14.65,19.78,15.32
5.34,19.47,8.12,12.19,15.90,15.33,18.34,2.01,16.67,17.00
11.20,15.65,23.00,19.74,18.90,14.02,23.21,16.80,21.41,16.48
9.13,15.84,20.95,18.48,18.19,13.67,22.40,14.76,20.56,16.17
7.83,18.03,20.11,19.49,19.78,15.60,23.86,14.00,22.00,18.09
7.71,19.39,6.90,10.60,14.90,15.15,16.87,2.44,15.31,16.54
9.94,11.35,19.68,14.11,13.31,8.80,17.57,13.68,15.76,11.30
16.75,12.13,16.30,1.04,4.59,8.68,5.40,13.90,3.89,8.22
9.68,11.32,19.22,13.65,12.98,8.60,17.21,13.24,15.38,11.09
10.01,18.05,7.93,8.04,12.73,13.80,14.33,5.14,12.85,14.86
8.29,15.74,20.04,17.78,17.69,13.35,21.85,13.84,20.01,15.85
8.35,20.86,5.40,11.57,16.13,16.62,17.86,2.04,16.37,17.95
4.70,21.73,7.74,14.67,18.42,17.64,20.86,2.22,19.20,19.42
11.01,9.91,20.05,13.26,12.05,7.38,16.36,14.20,14.57,9.87
20.80,17.91,16.18,5.98,9.92,14.87,7.48,16.20,7.57,13.99
13.08,7.95,21.58,13.25,11.16,5.98,15.55,15.90,13.84,8.43
6.78,17.30,18.91,18.15,18.62,14.63,22.64,12.75,20.78,17.11
9.54,12.95,20.23,15.84,15.20,10.63,19.45,14.10,17.63,13.13
11.00,12.69,13.27,5.36,8.13,8.44,10.91,9.16,9.13,9.61
9.88,15.90,21.74,19.06,18.58,13.93,22.83,15.54,21.01,16.42
20.75,18.48,15.74,6.34,10.50,15.37,8.15,15.99,8.20,14.56
9.68,14.86,21.22,17.98,17.43,12.79,21.68,15.02,19.86,15.29
10.25,15.56,22.02,19.02,18.41,13.67,22.68,15.82,20.86,16.16
10.50,14.31,21.90,18.08,17.26,12.46,21.56,15.71,19.76,14.94
8.61,17.05,20.72,19.19,19.16,14.78,23.32,14.55,21.47,17.28
8.72,16.21,9.81,7.82,11.69,11.96,13.96,5.53,12.30,13.28
8.42,12.63,18.44,14.05,13.86,9.76,18.00,12.37,16.15,12.23
8.60,16.20,20.50,18.43,18.31,13.91,22.48,14.31,20.64,16.41
8.43,15.12,11.00,7.77,11.08,10.88,13.70,6.30,11.97,12.34
8.11,22.12,4.67,13.02,17.55,17.89,19.30,1.59,17.81,19.29
10.30,16.95,9.06,7.03,11.61,12.72,13.32,6.03,11.79,13.74
6.88,19.55,7.13,11.26,15.36,15.33,17.50,1.85,15.90,16.83
13.71,17.22,25.76,22.49,21.30,16.17,25.66,19.57,23.90,18.57
13.14,18.54,25.40,23.10,22.24,17.25,26.57,19.25,24.78,19.69
7.01,20.01,6.70,11.57,15.76,15.79,17.83,1.48,16.25,17.27
10.33,17.89,22.57,20.96,20.64,16.00,24.87,16.43,23.04,18.49
19.38,15.61,16.23,3.78,7.65,12.51,5.80,15.36,5.49,11.68
11.07,15.82,22.91,19.79,19.01,14.15,23.31,16.71,21.51,16.62
8.18,17.32,20.34,19.13,19.24,14.96,23.36,14.19,21.51,17.45
16.21,8.57,18.37,4.41,2.47,5.02,6.20,14.83,4.35,4.77
10.84,16.88,22.91,20.50,19.91,15.14,24.19,16.73,22.37,17.62
10.35,18.30,7.72,8.04,12.85,14.07,14.32,5.29,12.88,15.07
23.70,19.21,18.73,8.44,11.29,16.63,7.85,19.09,8.59,15.38
9.39,20.23,21.83,22.07,22.33,18.02,26.44,15.85,24.58,20.52
10.39,18.39,22.70,21.37,21.11,16.49,25.33,16.57,23.49,18.98
6.94,22.22,5.55,13.82,18.10,18.03,20.09,0.95,18.54,19.57
8.55,16.75,20.59,18.88,18.84,14.46,23.00,14.41,21.15,16.96
6.69,18.88,7.80,10.86,14.82,14.67,17.07,2.44,15.44,16.20
10.85,15.22,22.53,19.14,18.34,13.49,22.64,16.34,20.84,15.97
7.14,16.92,9.50,9.39,12.99,12.71,15.47,4.39,13.78,14.24
21.06,15.63,17.98,5.09,7.66,12.93,4.80,17.16,5.07,11.76
11.70,18.91,24.04,22.52,22.05,17.27,26.31,17.92,24.49,19.74
13.62,14.30,12.62,2.90,7.85,10.28,9.18,10.15,7.69,10.67
19.78,15.96,16.40,4.23,7.98,12.91,5.91,15.67,5.73,12.04
19.40,18.74,14.07,6.04,10.88,15.36,9.14,14.44,8.87,14.81
10.55,22.34,3.61,11.94,16.96,18.09,18.14,4.03,16.81,19.19
9.32,16.56,21.33,19.25,18.99,14.46,23.20,15.15,21.36,16.96
3.37,18.70,10.24,13.06,16.07,14.70,18.97,4.05,17.21,16.62
9.82,15.66,10.29,6.69,10.74,11.41,12.87,6.51,11.23,12.57
8.84,15.34,20.49,17.81,17.54,13.08,21.74,14.30,19.90,15.58
13.15,10.27,23.13,16.27,14.33,9.05,18.72,17.15,17.02,11.42
10.08,12.50,20.64,15.83,14.99,10.31,19.27,14.53,17.47,12.80
9.72,14.39,21.09,17.56,16.96,12.31,21.22,14.91,19.40,14.80
12.19,12.63,23.08,17.79,16.35,11.23,20.72,16.95,18.97,13.66
12.96,10.86,23.19,16.71,14.87,9.62,19.26,17.16,17.55,12.00
19.35,18.00,14.54,5.41,10.11,14.67,8.35,14.59,8.08,14.07
8.21,18.98,7.13,9.95,14.31,14.73,16.22,3.11,14.67,16.06
7.98,17.30,20.14,18.98,19.14,14.90,23.25,13.99,21.40,17.39
9.14,15.18,20.75,17.87,17.51,12.98,21.73,14.55,19.89,15.48
8.36,20.03,20.79,21.31,21.78,17.64,25.83,14.82,23.97,20.13
12.57,19.83,24.96,23.66,23.14,18.31,27.42,18.88,25.60,20.77
24.00,17.17,20.39,7.99,9.49,15.00,5.56,19.99,6.68,13.48
10.44,21.89,22.82,23.75,24.08,19.75,28.18,16.97,26.32,22.25
14.19,11.73,24.83,18.47,16.41,11.03,20.81,18.74,19.13,13.32
9.09,18.13,21.38,20.37,20.37,15.96,24.53,15.26,22.68,18.46
9.56,12.98,20.28,15.91,15.26,10.68,19.51,14.15,17.69,13.18
8.30,19.92,6.23,10.71,15.19,15.68,16.99,2.52,15.48,16.99
12.68,8.06,20.99,12.70,10.78,5.75,15.16,15.34,13.43,8.23
8.93,17.13,8.85,8.13,12.34,12.88,14.37,4.95,12.77,14.12
8.98,19.32,6.66,9.75,14.34,15.07,16.04,3.50,14.54,16.28
12.59,14.26,12.20,3.77,8.28,10.13,9.99,9.32,8.42,10.77
15.79,16.81,12.04,3.97,9.55,13.01,9.42,11.21,8.43,13.00
13.77,11.80,14.75,2.78,5.82,7.77,8.16,11.46,6.41,8.23
8.88,16.63,20.90,19.01,18.87,14.42,23.05,14.72,21.21,16.92
10.02,16.46,22.01,19.63,19.19,14.53,23.43,15.83,21.61,17.02
9.61,13.08,20.39,16.06,15.40,10.81,19.66,14.25,17.84,13.31
10.88,9.36,18.73,11.23,10.28,6.12,14.52,13.12,12.70,8.57
9.28,18.29,7.67,8.70,13.24,14.04,14.99,4.40,13.47,15.21
12.52,14.56,24.03,19.72,18.42,13.31,22.78,17.84,21.02,15.72
8.43,19.31,6.77,10.09,14.54,15.06,16.37,3.04,14.84,16.36
10.23,18.21,22.51,21.13,20.88,16.28,25.10,16.39,23.26,18.77
8.50,16.01,10.04,7.93,11.65,11.77,14.02,5.58,12.34,13.14
8.93,18.70,21.29,20.70,20.83,16.48,24.96,15.20,23.11,18.98
15.80,10.85,16.54,2.16,3.92,7.20,6.09,13.54,4.32,7.02
9.09,13.68,20.08,16.28,15.81,11.33,20.03,13.91,18.21,13.83
8.44,17.88,20.71,19.76,19.89,15.57,24.01,14.58,22.16,18.07
10.80,17.21,22.93,20.73,20.20,15.45,24.46,16.76,22.65,17.93
22.13,17.77,17.79,6.72,9.80,15.03,6.73,17.72,7.19,13.90
13.30,7.22,21.15,12.18,9.99,4.87,14.38,15.64,12.67,7.34
9.82,22.08,3.91,12.03,16.92,17.83,18.28,3.30,16.89,19.02
5.48,22.94,7.12,15.57,19.49,18.84,21.79,2.64,20.17,20.58
11.00,10.04,20.15,13.47,12.26,7.56,16.58,14.28,14.79,10.06
9.65,13.67,20.72,16.76,16.13,11.50,20.39,14.56,18.57,14.00
10.84,18.35,23.13,21.61,21.24,16.55,25.48,17.00,23.65,19.04
12.77,8.58,21.64,13.79,11.84,6.69,16.22,15.87,14.50,9.13
8.88,12.30,18.86,14.15,13.77,9.53,17.95,12.80,16.11,12.02
16.85,8.96,18.51,4.03,2.00,5.64,5.40,15.21,3.54,5.06
8.16,13.71,18.93,15.37,15.23,11.03,19.37,12.77,17.53,13.51
9.59,21.83,4.19,11.88,16.72,17.58,18.14,3.08,16.74,18.78
11.98,18.49,24.26,22.38,21.78,16.93,26.06,18.12,24.25,19.40
11.62,20.05,6.32,8.97,14.16,15.84,15.13,5.74,13.84,16.69
9.30,14.37,20.63,17.20,16.72,12.16,20.95,14.45,19.13,14.66
12.13,14.39,11.92,4.22,8.61,10.23,10.43,8.89,8.84,10.96
18.20,13.68,16.42,2.06,5.79,10.48,4.96,14.76,4.05,9.74
18.91,18.55,13.68,5.75,10.74,15.10,9.20,13.96,8.84,14.63
11.77,17.26,23.89,21.37,20.62,15.73,24.93,17.71,23.12,18.19
10.29,11.15,20.03,14.27,13.33,8.71,17.61,14.04,15.81,11.21
11.28,20.64,5.57,9.75,14.89,16.42,15.92,5.19,14.62,17.34
11.34,8.89,19.02,11.10,9.95,5.67,14.21,13.46,12.41,8.13
6.17,21.81,6.33,13.84,17.94,17.64,20.09,0.82,18.50,19.26
15.65,18.84,10.26,6.11,11.70,14.94,11.46,10.38,10.56,15.07
11.57,9.22,20.26,12.90,11.46,6.70,15.80,14.50,14.02,9.19
9.04,16.53,21.03,19.03,18.83,14.35,23.02,14.85,21.18,16.85
2.10,18.69,11.54,14.09,16.70,14.84,19.83,5.38,18.03,16.90
9.64,15.21,10.75,6.69,10.48,10.95,12.78,6.73,11.11,12.17
8.93,13.71,19.90,16.16,15.75,11.30,19.96,13.74,18.13,13.80
10.18,16.68,22.22,19.92,19.47,14.79,23.71,16.04,21.89,17.28
12.30,7.89,19.12,10.05,8.57,4.37,12.86,13.82,11.07,6.80
5.60,15.38,16.57,14.87,15.67,12.20,19.55,10.38,17.69,14.60
9.19,16.79,21.25,19.36,19.16,14.66,23.35,15.07,21.51,17.16
8.24,18.80,20.62,20.35,20.66,16.44,24.74,14.55,22.88,18.93
20.47,15.99,17.12,4.75,7.99,13.10,5.52,16.42,5.56,12.08
20.49,19.70,14.62,7.15,11.77,16.42,9.67,15.38,9.60,15.77
11.20,23.02,2.97,12.38,17.50,18.78,18.53,4.65,17.25,19.83
7.08,19.66,6.94,11.23,15.39,15.44,17.48,1.84,15.89,16.91
9.58,13.43,12.59,6.71,9.45,9.18,12.33,8.03,10.54,10.61
21.26,17.64,16.88,6.09,9.64,14.73,6.95,16.79,7.17,13.73
11.81,18.31,24.08,22.16,21.56,16.73,25.85,17.93,24.03,19.20
13.87,21.77,6.04,9.82,15.31,17.63,15.61,7.65,14.55,18.23
12.13,21.86,24.55,24.71,24.66,20.06,28.85,18.64,27.01,22.55
12.29,9.73,21.80,14.78,13.05,7.95,17.43,15.89,15.69,10.40
21.41,18.33,16.59,6.57,10.33,15.37,7.67,16.76,7.89,14.42
21.38,16.09,18.03,5.50,8.12,13.41,5.15,17.37,5.52,12.23
6.92,14.53,17.82,15.15,15.46,11.59,19.49,11.64,17.63,14.05
9.53,13.10,20.30,16.01,15.38,10.81,19.63,14.16,17.81,13.30
17.52,10.60,17.91,2.76,2.87,7.45,4.37,15.19,2.59,6.67
16.74,12.38,27.50,20.64,18.07,12.54,22.44,21.42,20.86,14.63
10.51,13.15,21.47,16.95,16.02,11.21,20.32,15.31,18.53,13.69
10.56,15.25,22.25,18.97,18.24,13.44,22.53,16.05,20.72,15.92
9.60,16.35,9.60,7.19,11.39,12.10,13.41,5.92,11.81,13.26
5.07,20.87,7.55,13.56,17.36,16.74,19.75,1.48,18.09,18.45
18.60,16.82,14.61,4.18,8.97,13.45,7.54,14.15,7.07,12.89
8.05,19.71,6.50,10.67,15.08,15.47,16.95,2.45,15.42,16.82
12.13,8.59,20.58,12.70,11.03,6.14,15.39,14.88,13.64,8.64
11.39,10.83,21.32,15.16,13.80,8.86,18.15,15.32,16.38,11.34
13.37,9.84,23.17,16.02,13.97,8.66,18.36,17.22,16.67,11.02
10.13,21.32,4.63,11.05,15.99,17.07,17.29,3.76,15.92,18.18
10.20,10.08,18.43,11.62,10.94,6.88,15.14,12.71,13.31,9.32
10.62,12.42,13.53,5.89,8.29,8.17,11.27,9.17,9.46,9.49
10.76,19.49,23.16,22.37,22.20,17.60,26.41,17.10,24.57,20.10
14.97,11.44,25.51,18.77,16.48,11.03,20.87,19.45,19.23,13.25
9.79,20.75,22.22,22.65,22.91,18.58,27.02,16.28,25.17,21.08
11.96,9.20,20.91,13.55,11.93,6.99,16.29,15.11,14.54,9.47
10.65,22.55,22.97,24.26,24.68,20.39,28.75,17.20,26.90,22.88
10.06,14.62,11.33,6.17,9.85,10.37,12.20,7.36,10.51,11.55
16.55,12.53,15.85,0.58,5.05,9.02,5.76,13.55,4.31,8.64
7.76,18.70,7.53,10.02,14.22,14.46,16.27,3.04,14.68,15.85
8.40,20.07,20.83,21.36,21.83,17.68,25.88,14.86,24.01,20.17
21.14,16.92,17.22,5.65,8.93,14.07,6.20,16.87,6.43,13.03
8.88,12.79,19.26,14.91,14.51,10.17,18.70,13.16,16.87,12.67
6.83,16.65,18.77,17.57,17.96,13.96,22.00,12.59,20.14,16.44
9.08,15.62,20.84,18.25,17.95,13.43,22.15,14.64,20.32,15.93
6.42,22.66,6.02,14.63,18.79,18.50,20.90,1.59,19.32,20.12
8.49,13.98,19.51,16.06,15.80,11.46,19.98,13.34,18.14,13.96
11.94,12.95,22.92,17.89,16.55,11.48,20.91,16.78,19.15,13.92
11.77,13.58,22.97,18.35,17.12,12.08,21.47,16.81,19.70,14.53
11.24,23.93,2.02,13.40,18.50,19.68,19.56,4.73,18.28,20.78
9.15,15.04,10.95,7.09,10.63,10.79,13.10,6.62,11.39,12.12
11.59,17.05,23.67,21.09,20.36,15.48,24.66,17.49,22.86,17.95
12.53,17.20,24.61,21.77,20.85,15.85,25.18,18.43,23.39,18.29
8.55,17.86,8.16,8.87,13.14,13.61,15.13,4.18,13.55,14.89
12.73,18.72,8.21,7.08,12.42,14.58,13.17,7.39,11.94,15.21
11.36,17.53,8.74,6.77,11.73,13.33,13.04,6.60,11.62,14.16
9.02,17.46,21.21,19.80,19.72,15.29,23.89,15.06,22.05,17.78
11.25,10.01,20.53,13.82,12.50,7.69,16.83,14.64,15.05,10.19
11.16,17.89,23.39,21.46,20.95,16.18,25.22,17.24,23.40,18.66
9.19,13.33,20.01,15.96,15.45,10.95,19.67,13.86,17.85,13.45
7.31,15.97,19.06,17.25,17.46,13.35,21.54,12.87,19.68,15.83
22.37,18.41,17.65,7.19,10.43,15.64,7.37,17.81,7.84,14.54
7.62,14.28,12.29,8.71,11.19,10.13,14.27,7.00,12.46,11.86
7.36,16.56,19.31,17.87,18.12,13.99,22.19,13.13,20.34,16.48
13.08,15.07,11.70,3.77,8.77,10.99,10.05,9.33,8.60,11.50
19.30,10.42,19.53,4.26,2.45,7.90,2.63,17.00,0.78,6.55
12.35,10.34,22.23,15.58,13.88,8.74,18.26,16.25,16.53,11.17
8.39,16.32,20.31,18.39,18.34,13.98,22.49,14.13,20.64,16.48
6.54,16.81,9.89,9.83,13.20,12.63,15.84,4.46,14.11,14.26
9.05,23.32,3.47,13.85,18.56,19.08,20.12,2.73,18.69,20.43
22.32,19.27,17.03,7.63,11.27,16.38,8.37,17.52,8.75,15.37
8.44,19.33,6.74,10.10,14.56,15.09,16.38,3.03,14.85,16.38
12.25,18.07,24.47,22.24,21.51,16.60,25.82,18.31,24.02,19.06
9.14,16.04,21.01,18.67,18.40,13.88,22.60,14.82,20.77,16.38
7.02,15.11,11.59,9.19,11.93,10.96,14.90,6.19,13.11,12.69
6.95,18.51,8.01,10.42,14.38,14.29,16.62,2.86,14.99,15.79
8.64,11.96,18.02,13.04,12.86,8.90,16.98,12.04,15.13,11.35
20.06,10.65,20.10,4.84,2.85,8.39,1.87,17.69,0.05,6.86
9.81,13.50,20.83,16.72,16.02,11.36,20.29,14.67,18.47,13.85
6.42,17.22,9.52,10.08,13.56,13.04,16.13,4.05,14.42,14.66
8.30,14.37,19.49,16.35,16.17,11.86,20.33,13.30,18.49,14.35
9.73,12.04,19.92,14.88,14.15,9.61,18.40,13.85,16.59,12.10
17.67,12.64,16.67,1.56,4.83,9.39,4.77,14.60,3.50,8.71
10.37,13.88,21.60,17.57,16.74,11.96,21.04,15.42,19.23,14.45
9.14,21.02,21.56,22.44,22.90,18.71,26.96,15.66,25.10,21.20
10.82,12.07,21.32,16.06,14.96,10.10,19.28,15.22,17.50,12.59
10.12,16.93,22.21,20.08,19.67,15.02,23.91,16.03,22.09,17.51
12.13,15.53,10.89,4.77,9.57,11.37,11.06,8.29,9.57,12.07
16.27,7.54,19.12,5.47,2.55,3.96,6.74,15.32,4.96,3.80
7.19,18.34,8.07,10.14,14.13,14.12,16.35,3.09,14.72,15.59
9.27,17.02,21.38,19.60,19.41,14.90,23.60,15.21,21.77,17.40
11.44,11.91,21.96,16.46,15.16,10.17,19.50,15.87,17.74,12.63
8.93,12.43,19.07,14.45,14.04,9.74,18.23,12.99,16.39,12.23
14.75,7.31,23.47,14.63,11.92,6.44,16.31,17.79,14.70,8.68
19.49,6.59,21.96,7.24,1.66,4.90,5.20,18.48,4.03,2.88
7.86,16.98,9.19,8.86,12.70,12.75,15.01,4.53,13.35,14.17
19.22,14.91,16.55,3.33,6.94,11.84,5.22,15.41,4.80,10.98
10.48,12.69,21.22,16.43,15.48,10.68,19.78,15.09,17.98,13.17
9.61,15.43,21.33,18.46,17.99,13.37,22.23,15.13,20.41,15.87
6.61,16.84,9.81,9.79,13.19,12.66,15.80,4.42,14.08,14.28
9.80,11.27,19.38,13.76,13.04,8.61,17.28,13.41,15.46,11.10
7.53,17.35,19.69,18.72,19.00,14.85,23.08,13.54,21.22,17.34
20.48,11.32,20.10,4.93,3.55,9.10,1.42,17.91,0.73,7.55
9.19,19.24,21.59,21.26,21.41,17.05,25.54,15.53,23.68,19.55
10.27,20.95,5.02,10.59,15.55,16.70,16.83,4.02,15.46,17.78
19.17,11.71,18.61,3.42,3.71,8.98,2.88,16.43,1.62,7.81
11.71,8.88,20.11,12.42,10.95,6.22,15.29,14.41,13.51,8.72
9.21,20.46,5.53,10.68,15.41,16.21,16.96,3.11,15.51,17.41
21.86,17.07,17.93,6.23,9.11,14.37,6.04,17.62,6.49,13.21
3.61,18.98,9.81,13.03,16.18,14.95,18.99,3.61,17.25,16.83
10.79,13.48,12.49,5.41,8.70,9.23,11.23,8.53,9.50,10.36
23.73,17.29,19.99,7.79,9.54,15.02,5.72,19.65,6.74,13.56
11.38,15.72,10.47,5.46,10.07,11.52,11.74,7.58,10.21,12.37
11.18,17.85,23.40,21.44,20.92,16.15,25.19,17.25,23.37,18.63
8.36,15.04,19.86,17.13,16.97,12.62,21.14,13.66,19.30,15.12
15.36,8.36,24.71,16.32,13.56,8.04,17.93,18.89,16.35,10.18
10.11,14.23,11.72,6.08,9.57,9.98,12.03,7.66,10.32,11.18
8.58,15.15,10.93,7.64,11.02,10.91,13.59,6.31,11.87,12.34
11.28,15.73,23.10,19.86,19.01,14.12,23.32,16.90,21.52,16.58
11.60,14.96,11.24,4.90,9.33,10.77,11.14,8.17,9.56,11.60
10.69,10.61,20.19,13.98,12.88,8.20,17.19,14.25,15.39,10.70
12.95,20.87,6.23,9.20,14.60,16.70,15.17,6.89,14.02,17.39
9.43,20.96,5.02,11.06,15.85,16.71,17.33,3.13,15.90,17.90
12.56,8.24,17.90,7.91,6.90,4.10,11.04,13.02,9.20,6.09
10.68,9.60,17.43,9.58,9.15,5.82,13.24,12.05,11.39,8.09
7.25,13.19,16.83,13.04,13.44,9.90,17.42,10.78,15.55,12.30
13.65,10.69,23.87,17.12,15.07,9.73,19.47,17.85,17.79,12.06
23.44,18.08,19.14,7.79,10.21,15.61,6.65,19.10,7.47,14.28
6.05,16.96,18.04,17.29,17.92,14.12,21.89,11.87,20.02,16.57
7.85,17.00,9.17,8.87,12.72,12.77,15.03,4.51,13.37,14.19
8.21,14.46,19.43,16.37,16.22,11.93,20.38,13.25,18.54,14.43
10.93,14.67,22.46,18.72,17.83,12.96,22.14,16.27,20.35,15.43
7.28,19.28,19.70,20.11,20.71,16.71,24.71,13.67,22.85,19.19
22.81,16.64,19.30,6.84,8.80,14.24,5.21,18.80,6.03,12.86
10.17,16.36,22.14,19.65,19.16,14.46,23.41,15.95,21.59,16.95
7.87,15.38,19.45,17.09,17.09,12.86,21.22,13.26,19.37,15.35
9.58,16.37,21.54,19.26,18.91,14.32,23.13,15.36,21.30,16.82
11.02,21.36,4.72,10.63,15.74,17.12,16.82,4.70,15.51,18.11
7.43,18.86,19.81,19.88,20.38,16.33,24.41,13.76,22.55,18.81
4.00,18.46,9.93,12.48,15.60,14.41,18.43,3.75,16.68,16.28
6.74,17.38,18.89,18.20,18.68,14.71,22.70,12.74,20.84,17.18
13.86,7.51,22.40,13.76,11.35,6.00,15.75,16.74,14.09,8.37
9.21,15.32,10.66,7.10,10.79,11.07,13.16,6.43,11.48,12.36
9.83,14.94,21.40,18.17,17.59,12.92,21.85,15.21,20.03,15.42
18.63,9.43,19.56,4.41,1.43,6.78,3.56,16.68,1.74,5.52
12.77,13.34,13.06,3.41,7.47,9.22,9.45,9.93,7.81,9.85
5.97,18.58,8.45,11.14,14.84,14.40,17.28,2.71,15.61,16.02
13.30,11.49,23.81,17.59,15.72,10.43,20.12,17.74,18.41,12.79
9.17,19.62,21.60,21.52,21.73,17.41,25.85,15.57,23.99,19.91
9.43,13.91,12.10,6.78,9.79,9.67,12.54,7.60,10.78,11.06
10.99,12.41,21.68,16.59,15.46,10.56,19.79,15.56,18.01,13.04
12.05,14.44,11.85,4.32,8.69,10.27,10.52,8.80,8.93,11.03
7.50,14.20,18.38,15.34,15.43,11.40,19.52,12.21,17.67,13.87
10.99,18.09,8.08,7.47,12.40,13.88,13.73,5.99,12.32,14.78
19.41,17.40,15.03,4.96,9.48,14.14,7.66,14.84,7.40,13.47
19.01,10.76,19.05,3.78,2.76,8.09,2.88,16.58,1.14,6.86
10.76,9.45,18.44,10.94,10.11,6.09,14.32,12.86,12.50,8.52
12.11,8.31,20.10,11.89,10.27,5.53,14.61,14.50,12.85,8.03
18.17,13.55,16.49,2.01,5.66,10.35,4.89,14.78,3.95,9.61
7.80,19.56,6.72,10.69,15.02,15.32,16.96,2.37,15.41,16.70
11.44,17.38,23.58,21.25,20.60,15.76,24.88,17.41,23.08,18.23
9.16,16.95,9.01,7.86,12.10,12.70,14.10,5.22,12.51,13.91
10.45,15.87,10.14,6.27,10.61,11.63,12.51,6.80,10.93,12.65
17.86,14.14,15.79,1.93,6.32,10.84,5.60,14.25,4.70,10.21
20.93,11.02,20.74,5.54,3.48,9.02,1.01,18.48,0.86,7.33
10.37,21.01,22.80,23.16,23.34,18.94,27.48,16.87,25.63,21.44
7.57,17.86,19.83,19.18,19.51,15.37,23.58,13.71,21.72,17.86
3.67,18.19,10.47,12.63,15.57,14.19,18.50,4.28,16.73,16.11
14.67,9.10,17.25,4.45,4.01,5.11,7.59,13.44,5.73,5.58
7.63,16.92,19.69,18.40,18.61,14.43,22.70,13.52,20.85,16.92
9.41,22.91,3.42,13.17,17.97,18.66,19.43,2.91,18.02,19.94
7.81,16.25,19.69,17.91,18.00,13.77,22.12,13.51,20.27,16.27
16.77,6.57,20.04,6.41,2.61,3.18,6.99,16.11,5.32,2.82
13.22,12.81,13.69,2.99,6.84,8.73,8.89,10.54,7.22,9.27
9.60,17.26,21.75,20.01,19.77,15.22,23.98,15.59,22.14,17.72
15.12,14.98,13.00,2.35,7.90,11.14,8.40,11.24,7.15,11.19
7.37,20.42,6.20,11.73,16.03,16.19,18.00,1.37,16.44,17.63
9.19,19.87,6.10,10.13,14.81,15.62,16.41,3.38,14.95,16.81
8.02,18.18,7.95,9.47,13.65,13.94,15.71,3.61,14.12,15.30
10.70,11.54,20.86,15.30,14.21,9.41,18.52,14.81,16.73,11.90
10.87,15.71,22.68,19.56,18.82,13.99,23.11,16.48,21.31,16.46
21.52,15.18,18.77,5.40,7.27,12.67,4.07,17.80,4.57,11.36
22.12,9.90,22.66,7.39,3.63,8.69,2.04,20.12,2.52,6.59
6.83,14.44,12.63,9.64,11.86,10.37,15.09,7.03,13.27,12.25
10.58,19.36,22.97,22.17,22.02,17.44,26.22,16.90,24.39,19.94
6.23,15.89,11.11,9.96,12.82,11.77,15.74,5.49,13.97,13.54
11.15,15.53,22.92,19.61,18.77,13.89,23.08,16.72,21.28,16.35
12.92,11.75,23.52,17.54,15.81,10.57,20.20,17.43,18.48,12.96
22.64,17.04,18.86,6.82,9.14,14.53,5.71,18.50,6.42,13.23
11.41,16.55,9.70,5.97,10.79,12.35,12.26,7.16,10.79,13.18
8.51,15.13,20.06,17.34,17.14,12.76,21.32,13.87,19.48,15.25
21.25,16.83,17.41,5.68,8.84,14.02,6.04,17.02,6.31,12.94
7.76,17.78,8.41,9.38,13.41,13.55,15.59,3.81,13.96,14.95
10.66,18.87,7.21,8.35,13.29,14.64,14.61,5.29,13.21,15.60
9.88,18.01,7.96,8.09,12.74,13.76,14.38,5.06,12.89,14.84
10.42,11.92,20.73,15.47,14.50,9.75,18.80,14.66,17.00,12.25
18.48,8.39,20.07,5.16,0.43,5.79,4.26,16.90,2.58,4.47
6.68,17.11,18.76,17.90,18.38,14.41,22.40,12.59,20.53,16.89
10.14,15.89,21.99,19.23,18.68,13.98,22.94,15.80,21.12,16.47
9.16,21.38,4.69,11.64,16.39,17.13,17.92,2.72,16.48,18.37
5.41,20.73,7.33,13.21,17.08,16.58,19.42,1.17,17.78,18.25
6.78,22.33,5.68,14.04,18.28,18.15,20.31,1.08,18.75,19.71
6.07,16.55,17.91,16.88,17.48,13.68,21.45,11.72,19.59,16.14
11.21,21.55,4.58,10.74,15.88,17.32,16.91,4.85,15.62,18.29
6.88,21.25,5.96,12.83,17.08,17.05,19.10,0.35,17.53,18.57
13.15,8.86,22.37,14.68,12.61,7.35,17.00,16.54,15.30,9.75
6.36,16.33,10.51,9.87,12.99,12.18,15.77,4.97,14.02,13.88
12.11,11.10,14.88,4.97,6.68,6.87,9.83,10.75,7.99,7.98
14.52,9.73,24.40,16.92,14.54,9.09,18.93,18.46,17.29,11.34
6.66,15.69,18.20,16.40,16.79,12.87,20.81,12.00,18.95,15.34
9.17,14.57,20.57,17.31,16.88,12.34,21.10,14.38,19.27,14.84
7.89,12.84,17.73,13.58,13.64,9.78,17.71,11.66,15.86,12.22
10.14,14.65,21.63,18.13,17.44,12.71,21.72,15.44,19.90,15.19
14.69,14.38,13.18,2.11,7.49,10.49,8.36,11.07,6.98,10.63
10.12,11.22,19.84,14.14,13.27,8.71,17.54,13.85,15.73,11.21
13.17,16.21,10.75,4.55,9.79,12.13,10.77,8.88,9.42,12.62
8.61,17.58,8.43,8.64,12.87,13.33,14.89,4.42,13.30,14.61
10.26,16.81,22.32,20.07,19.61,14.92,23.86,16.14,22.04,17.41
9.41,15.39,21.10,18.28,17.86,13.28,22.09,14.91,20.26,15.78
24.21,18.91,19.54,8.67,11.08,16.50,7.41,19.74,8.32,15.14
11.03,15.92,22.89,19.85,19.09,14.24,23.39,16.70,21.58,16.71
5.22,19.54,17.65,19.02,20.15,16.60,23.97,11.68,22.10,19.03
9.43,15.39,21.13,18.29,17.87,13.28,22.10,14.93,20.27,15.78
19.47,13.86,17.49,3.30,5.87,10.97,4.06,16.02,3.60,9.95
12.92,15.72,11.06,4.33,9.43,11.62,10.60,8.88,9.19,12.16
11.08,12.77,21.93,17.03,15.91,10.99,20.24,15.79,18.46,13.46
12.33,11.08,22.58,16.37,14.74,9.59,19.12,16.54,17.38,12.02
8.85,16.85,20.92,19.18,19.07,14.63,23.24,14.75,21.40,17.13
15.11,6.73,23.57,14.35,11.48,5.96,15.85,17.96,14.26,8.15
10.65,13.74,21.86,17.65,16.74,11.90,21.05,15.68,19.25,14.38
10.59,13.47,21.69,17.35,16.42,11.59,20.73,15.52,18.93,14.08
7.14,13.75,17.44,14.14,14.44,10.68,18.46,11.31,16.60,13.11
8.89,15.95,10.04,7.58,11.41,11.70,13.70,5.80,12.04,13.01
19.05,13.94,17.04,2.91,5.97,10.93,4.46,15.56,3.86,10.02
7.11,22.26,19.25,21.95,23.14,19.48,26.96,13.62,25.10,21.94
14.03,9.75,23.88,16.53,14.28,8.88,18.67,17.93,17.01,11.18
13.76,9.66,23.53,16.19,14.01,8.64,18.41,17.59,16.73,10.97
11.21,16.98,23.29,20.80,20.15,15.32,24.43,17.11,22.62,17.79
9.97,13.72,21.11,17.09,16.36,11.66,20.64,14.94,18.83,14.15
6.49,17.99,18.76,18.57,19.19,15.28,23.17,12.65,21.31,17.75
9.61,21.14,4.83,11.14,15.97,16.88,17.40,3.27,15.99,18.06
11.97,8.43,19.99,11.88,10.32,5.63,14.66,14.39,12.89,8.12
13.81,7.56,22.37,13.76,11.38,6.03,15.77,16.70,14.11,8.41
7.40,17.38,8.93,9.41,13.23,13.16,15.56,4.02,13.91,14.63
10.09,18.09,22.37,20.96,20.72,16.13,24.93,16.23,23.10,18.63
8.69,18.69,21.05,20.54,20.72,16.41,24.84,14.97,22.99,18.91
10.01,19.15,6.83,8.98,13.80,14.90,15.26,4.53,13.83,15.97
14.45,5.73,21.01,10.50,7.80,2.65,12.19,15.88,10.52,5.14
5.99,15.42,17.19,15.40,16.03,12.37,19.97,10.99,18.11,14.80
17.71,14.67,15.29,2.14,6.89,11.30,6.15,13.92,5.29,10.75
8.64,17.21,8.80,8.39,12.54,12.96,14.62,4.72,13.01,14.25
18.48,6.90,20.96,6.42,1.12,4.51,5.39,17.43,3.92,2.99
10.25,21.05,22.67,23.11,23.33,18.95,27.46,16.75,25.60,21.45
11.01,9.74,19.85,12.91,11.72,7.10,16.02,14.04,14.23,9.60
12.04,11.93,22.64,16.99,15.52,10.42,19.89,16.54,18.14,12.86
6.25,20.30,6.95,12.30,16.33,16.11,18.53,0.97,16.92,17.68
22.32,13.07,20.97,6.31,5.62,11.17,1.43,19.33,2.85,9.45
8.46,13.55,19.23,15.49,15.24,10.95,19.41,13.08,17.57,13.44
9.10,18.00,21.38,20.28,20.26,15.83,24.42,15.25,22.57,18.33
8.75,11.66,17.77,12.49,12.33,8.48,16.44,11.85,14.59,10.91
14.50,6.99,22.92,13.90,11.24,5.79,15.63,17.30,14.00,8.08
10.72,16.26,22.66,19.92,19.28,14.50,23.56,16.47,21.75,16.98
11.69,16.14,10.17,5.49,10.31,11.96,11.78,7.61,10.30,12.74
10.33,19.24,22.72,21.94,21.83,17.28,26.02,16.64,24.18,19.78
11.78,16.64,23.78,20.90,20.06,15.13,24.37,17.59,22.58,17.59
11.02,11.52,21.26,15.62,14.42,9.54,18.75,15.20,16.97,12.02
12.45,12.43,23.27,17.80,16.27,11.11,20.65,17.15,18.91,13.53
19.81,20.22,13.47,7.42,12.38,16.77,10.59,14.49,10.38,16.29
10.15,17.22,8.77,7.32,11.91,12.98,13.61,5.75,12.09,14.02
6.70,18.65,19.07,19.26,19.90,15.98,23.88,13.00,22.02,18.46
5.23,23.22,7.59,16.11,19.94,19.16,22.32,3.24,20.68,20.95
8.36,23.06,4.12,13.93,18.52,18.84,20.22,2.14,18.75,20.25
13.74,10.82,24.01,17.31,15.26,9.91,19.66,17.99,17.97,12.23
12.01,10.86,22.10,15.84,14.29,9.20,18.65,16.08,16.91,11.65
17.77,8.91,19.19,4.35,1.28,5.95,4.56,16.05,2.73,4.97
19.53,17.27,15.24,4.91,9.33,14.04,7.45,15.01,7.22,13.33
11.40,14.39,22.85,18.80,17.76,12.80,22.09,16.66,20.30,15.26
9.54,16.89,21.62,19.67,19.40,14.84,23.61,15.45,21.77,17.33
8.89,17.03,21.00,19.36,19.26,14.83,23.43,14.83,21.59,17.32
7.77,18.97,7.26,10.22,14.48,14.74,16.48,2.82,14.91,16.12
14.26,9.33,23.94,16.31,13.96,8.53,18.35,18.03,16.70,10.81
6.88,18.92,7.66,10.77,14.78,14.71,16.99,2.45,15.36,16.21
19.55,9.67,20.21,4.97,1.82,7.36,2.70,17.50,1.00,5.85
22.14,21.50,15.35,9.10,13.52,18.31,11.03,16.76,11.20,17.56
9.55,14.68,11.28,6.66,10.17,10.43,12.64,7.06,10.93,11.71
11.31,19.29,23.69,22.56,22.24,17.54,26.47,17.60,24.65,20.02
8.32,14.86,11.32,7.87,10.99,10.63,13.72,6.49,11.97,12.14
12.60,21.83,4.99,10.40,15.74,17.63,16.40,6.28,15.23,18.42
17.83,17.50,13.36,4.59,9.80,13.95,8.73,13.11,8.13,13.59
9.24,12.63,19.65,15.12,14.57,10.13,18.80,13.55,16.97,12.63
9.03,18.20,21.33,20.38,20.41,16.01,24.56,15.22,22.72,18.51
9.32,16.75,9.20,7.63,11.86,12.50,13.86,5.46,12.27,13.70
10.79,19.28,6.83,8.65,13.65,15.05,14.90,5.22,13.52,16.00
7.06,21.81,5.58,13.30,17.61,17.61,19.58,0.64,18.03,19.12
9.67,18.56,7.40,8.68,13.35,14.31,14.97,4.55,13.48,15.42
10.92,10.51,20.44,14.14,12.95,8.19,17.27,14.50,15.48,10.69
9.36,18.71,7.24,9.00,13.61,14.46,15.28,4.20,13.79,15.62
7.19,21.83,5.46,13.25,17.58,17.62,19.53,0.74,17.98,19.12
10.14,15.13,21.78,18.57,17.93,13.21,22.20,15.59,20.39,15.70
6.56,17.37,9.29,10.04,13.60,13.17,16.12,3.90,14.42,14.77
10.29,18.03,22.55,21.04,20.75,16.12,24.97,16.41,23.14,18.62
9.56,18.72,21.92,21.11,21.09,16.63,25.26,15.82,23.41,19.13
14.61,16.16,26.42,22.24,20.69,15.41,25.08,20.22,23.35,17.75
10.28,17.30,22.43,20.47,20.07,15.41,24.31,16.26,22.49,17.90
9.39,12.87,20.00,15.59,15.00,10.48,19.24,13.87,17.41,12.98
9.24,13.38,12.71,7.10,9.67,9.15,12.65,7.97,10.85,10.66
12.38,9.85,21.99,15.04,13.29,8.16,17.67,16.06,15.94,10.60
11.29,22.42,23.66,24.56,24.81,20.39,28.93,17.83,27.08,22.89
10.54,19.53,22.94,22.27,22.16,17.60,26.35,16.88,24.51,20.09
10.73,16.85,22.80,20.41,19.84,15.08,24.11,16.62,22.30,17.57
8.29,13.90,19.22,15.77,15.58,11.31,19.74,13.06,17.90,13.80
18.46,19.77,12.31,6.82,12.09,16.16,10.80,13.13,10.34,15.87
15.47,9.93,17.00,3.18,3.56,6.19,6.50,13.66,4.65,6.17
9.39,17.49,21.59,20.06,19.90,15.40,24.09,15.43,22.25,17.90
8.05,18.44,7.69,9.63,13.87,14.19,15.88,3.42,14.30,15.54
12.87,19.25,25.21,23.43,22.75,17.84,27.06,19.09,25.25,20.29
18.59,16.30,14.97,3.77,8.43,12.97,7.02,14.30,6.52,12.36
8.93,20.77,5.30,11.14,15.82,16.52,17.43,2.69,15.97,17.77
9.46,18.49,7.46,8.75,13.36,14.24,15.04,4.42,13.54,15.38
14.74,10.32,24.87,17.63,15.26,9.81,19.65,18.88,18.02,12.04
10.56,12.06,20.99,15.79,14.77,9.98,19.08,14.90,17.29,12.47
19.24,18.42,14.13,5.72,10.56,15.04,8.88,14.36,8.58,14.49
11.61,18.24,8.14,7.23,12.32,14.04,13.46,6.49,12.10,14.84
9.02,19.70,6.28,10.07,14.71,15.45,16.36,3.31,14.88,16.67
14.19,14.69,25.69,20.88,19.21,13.91,23.60,19.51,21.88,16.25
7.76,19.36,20.18,20.47,20.97,16.89,25.01,14.16,23.14,19.37
8.91,19.60,21.33,21.34,21.62,17.34,25.72,15.31,23.86,19.83
8.04,17.66,20.26,19.32,19.51,15.27,23.61,14.12,21.76,17.76
8.19,17.72,8.36,9.04,13.18,13.48,15.27,4.07,13.67,14.82
11.33,13.40,12.63,4.86,8.32,9.17,10.73,8.89,9.02,10.17
8.72,19.52,21.14,21.17,21.47,17.22,25.56,15.12,23.71,19.72
7.42,18.97,19.82,19.97,20.49,16.44,24.51,13.77,22.65,18.93
13.63,13.98,12.90,2.74,7.56,9.96,9.00,10.31,7.48,10.35
6.77,17.30,9.27,9.85,13.45,13.09,15.94,3.98,14.25,14.66
11.57,16.89,23.62,20.96,20.21,15.32,24.51,17.44,22.71,17.79
22.02,18.41,17.24,6.98,10.42,15.57,7.50,17.42,7.88,14.52
8.58,16.80,9.22,8.21,12.22,12.55,14.40,5.00,12.77,13.86
8.16,17.55,20.37,19.31,19.46,15.18,23.57,14.22,21.72,17.68
12.33,7.90,19.78,11.06,9.41,4.81,13.74,14.32,11.97,7.30
6.70,17.80,18.94,18.54,19.08,15.13,23.09,12.81,21.22,17.60
11.33,12.24,21.99,16.71,15.47,10.50,19.81,15.88,18.04,12.96
11.91,11.75,22.42,16.71,15.26,10.18,19.62,16.33,17.87,12.62
9.94,14.43,21.35,17.77,17.11,12.42,21.38,15.16,19.57,14.91
10.87,17.49,8.64,7.04,11.87,13.27,13.33,6.19,11.88,14.19
9.34,19.18,6.77,9.42,14.08,14.93,15.70,3.90,14.22,16.09
20.94,14.63,18.50,4.79,6.68,12.03,3.77,17.34,4.04,10.78
11.16,14.64,22.68,18.85,17.90,12.99,22.22,16.49,20.43,15.46
3.57,17.72,11.11,12.62,15.35,13.76,18.40,4.93,16.61,15.73
11.13,12.32,21.80,16.62,15.45,10.52,19.78,15.68,18.00,12.99
12.53,14.30,23.97,19.50,18.17,13.05,22.54,17.78,20.78,15.46
13.25,10.97,23.55,17.06,15.15,9.86,19.55,17.51,17.84,12.23
11.25,16.95,23.33,20.81,20.14,15.31,24.43,17.15,22.62,17.78
18.00,19.05,12.36,6.10,11.41,15.43,10.27,12.83,9.73,15.16
19.24,10.12,19.66,4.39,2.16,7.62,2.76,17.03,0.90,6.26
12.47,17.77,24.64,22.16,21.33,16.37,25.65,18.47,23.85,18.82
8.96,18.32,21.27,20.43,20.49,16.11,24.64,15.16,22.79,18.61
18.47,10.27,18.89,3.66,2.30,7.47,3.46,16.22,1.61,6.35
7.22,20.34,6.33,11.74,16.01,16.12,18.01,1.32,16.45,17.58
6.12,20.75,6.77,12.79,16.84,16.57,19.03,0.60,17.42,18.16
8.35,15.02,19.84,17.10,16.94,12.59,21.11,13.64,19.26,15.09
9.16,13.30,19.96,15.89,15.39,10.91,19.61,13.81,17.78,13.40
8.87,17.93,21.14,20.07,20.10,15.71,24.25,15.01,22.40,18.21
13.48,18.29,25.69,23.12,22.15,17.10,26.49,19.53,24.71,19.52
12.37,15.06,11.40,4.32,9.06,10.92,10.60,8.73,9.08,11.58
11.69,11.05,21.81,15.74,14.30,9.28,18.65,15.78,16.89,11.74
12.39,13.77,23.67,18.96,17.60,12.48,21.96,17.50,20.21,14.89
10.64,13.79,21.86,17.70,16.79,11.95,21.10,15.69,19.30,14.43
9.64,13.30,20.54,16.35,15.69,11.08,19.95,14.39,18.13,13.57
14.48,17.87,26.60,23.40,22.14,16.95,26.51,20.42,24.75,19.33
12.58,13.23,23.69,18.62,17.15,11.98,21.52,17.54,19.78,14.39
8.49,14.65,19.84,16.83,16.60,12.23,20.78,13.65,18.94,14.73
12.45,16.15,10.46,4.96,10.00,12.01,11.24,8.26,9.82,12.64
6.11,21.28,6.54,13.32,17.39,17.10,19.57,0.47,17.96,18.71
12.57,12.31,23.35,17.78,16.20,11.02,20.58,17.24,18.85,13.43
12.95,16.34,10.52,4.79,10.00,12.24,11.02,8.62,9.67,12.78
7.59,18.89,19.98,20.01,20.48,16.39,24.52,13.92,22.65,18.88
8.95,14.25,20.19,16.79,16.40,11.93,20.61,14.00,18.78,14.42
20.50,16.56,16.76,5.03,8.56,13.60,6.13,16.27,6.17,12.64
11.07,20.47,5.69,9.67,14.77,16.24,15.87,5.03,14.55,17.18
13.22,23.33,3.85,11.81,17.21,19.12,17.73,6.71,16.62,19.92
9.12,17.22,21.26,19.66,19.54,15.07,23.72,15.10,21.88,17.57
8.18,20.01,20.61,21.19,21.70,17.58,25.73,14.64,23.87,20.07
22.92,20.54,16.92,8.73,12.54,17.61,9.62,17.86,10.03,16.64
20.54,13.59,18.75,4.37,5.64,11.03,2.96,17.24,3.01,9.74
10.34,11.29,20.21,14.54,13.58,8.92,17.87,14.20,16.07,11.42
11.44,14.81,23.02,19.19,18.19,13.24,22.52,16.82,20.73,15.70
9.50,18.60,7.35,8.82,13.45,14.35,15.10,4.39,13.61,15.49
12.63,18.84,8.04,7.25,12.57,14.69,13.34,7.24,12.10,15.33
9.82,12.70,20.44,15.82,15.07,10.44,19.34,14.32,17.53,12.94
24.09,17.45,20.32,8.13,9.75,15.26,5.84,20.01,6.94,13.75
9.28,19.53,6.43,9.76,14.44,15.28,16.04,3.65,14.57,16.45
10.10,14.39,21.51,17.86,17.15,12.42,21.43,15.32,19.62,14.91
4.34,22.20,8.19,15.44,19.10,18.15,21.60,3.00,19.93,19.98
7.77,15.83,10.43,8.50,11.90,11.61,14.49,5.51,12.77,13.12
10.39,13.14,21.33,16.84,15.95,11.16,20.24,15.18,18.44,13.65
11.35,13.29,22.43,17.76,16.61,11.64,20.95,16.27,19.17,14.10
11.69,15.38,23.42,19.84,18.85,13.88,23.18,17.22,21.40,16.34
12.48,15.52,24.23,20.46,19.30,14.23,23.66,18.04,21.89,16.66
5.90,15.16,16.83,14.89,15.58,12.02,19.50,10.64,17.63,14.44
6.97,14.70,18.01,15.45,15.73,11.82,19.77,11.82,17.91,14.28
12.99,7.78,21.25,12.75,10.70,5.58,15.08,15.62,13.37,8.05
18.36,10.97,18.35,3.08,3.02,8.06,3.54,15.87,1.86,7.04
8.63,18.63,20.99,20.47,20.65,16.35,24.77,14.90,22.91,18.85
15.06,11.49,25.61,18.87,16.56,11.11,20.96,19.55,19.32,13.32
9.46,11.56,19.10,13.74,13.15,8.82,17.37,13.10,15.54,11.31
11.34,18.08,23.59,21.72,21.19,16.41,25.46,17.44,23.64,18.89
9.64,18.46,21.97,20.96,20.89,16.40,25.07,15.86,23.22,18.89
12.31,13.20,23.40,18.40,16.99,11.87,21.36,17.25,19.61,14.29
9.99,18.41,22.31,21.14,20.98,16.42,25.18,16.19,23.34,18.92
4.19,20.52,8.43,13.79,17.35,16.45,19.91,2.37,18.22,18.25
13.22,9.47,22.82,15.48,13.44,8.15,17.83,16.91,16.14,10.53
8.82,15.89,20.64,18.31,18.10,13.64,22.28,14.45,20.45,16.14
12.51,18.92,7.90,7.38,12.69,14.76,13.49,7.10,12.24,15.43
11.34,16.61,23.35,20.60,19.86,15.00,24.16,17.16,22.36,17.46
10.60,13.95,21.87,17.82,16.94,12.11,21.24,15.70,19.44,14.59
2.29,19.62,10.51,14.31,17.26,15.70,20.21,4.42,18.44,17.69
11.69,16.88,23.74,21.03,20.25,15.34,24.55,17.56,22.75,17.81
7.90,18.22,7.94,9.58,13.74,13.98,15.82,3.51,14.22,15.36
11.07,14.35,22.50,18.53,17.57,12.67,21.89,16.31,20.10,15.14
6.06,17.50,9.42,10.48,13.93,13.33,16.53,3.79,14.82,14.99
10.00,21.66,4.29,11.49,16.40,17.41,17.73,3.54,16.35,18.55
11.10,15.64,22.89,19.66,18.85,13.98,23.15,16.69,21.35,16.45
10.72,11.58,20.92,15.39,14.29,9.48,18.60,14.87,16.82,11.97
11.51,10.43,21.22,14.78,13.36,8.42,17.71,15.25,15.95,10.90
17.18,15.58,14.18,2.68,7.93,12.04,7.32,13.07,6.46,11.67
10.41,15.13,22.06,18.76,18.06,13.28,22.34,15.86,20.53,15.77
7.65,22.22,4.96,13.39,17.83,18.00,19.68,1.24,18.16,19.46
4.60,18.57,9.36,12.10,15.43,14.48,18.12,3.23,16.40,16.27
5.95,16.44,10.64,10.26,13.27,12.31,16.12,4.95,14.36,14.06
14.12,7.98,23.07,14.70,12.25,6.84,16.64,17.32,15.00,9.15
12.02,19.91,24.42,23.40,23.02,18.26,27.27,18.36,25.44,20.74
9.51,16.79,9.16,7.50,11.80,12.54,13.75,5.56,12.17,13.70
10.07,18.78,22.43,21.46,21.33,16.79,25.52,16.33,23.68,19.28
12.62,17.37,9.42,5.86,11.10,13.23,12.06,7.85,10.74,13.85
12.09,13.60,23.31,18.60,17.29,12.21,21.65,17.14,19.89,14.64
11.43,8.83,19.20,11.28,10.05,5.69,14.34,13.63,12.54,8.16
13.47,7.32,21.61,12.78,10.52,5.29,14.91,16.02,13.22,7.73
12.77,15.75,10.97,4.44,9.50,11.64,10.72,8.74,9.30,12.21
9.00,11.54,18.16,12.79,12.48,8.47,16.63,12.23,14.78,10.93
10.97,16.48,22.95,20.26,19.59,14.78,23.88,16.77,22.07,17.25
10.67,11.80,20.98,15.59,14.52,9.72,18.83,14.91,17.04,12.20
5.92,14.47,15.92,13.45,14.32,11.08,18.16,9.79,16.29,13.43
21.83,20.90,15.36,8.54,12.93,17.73,10.46,16.55,10.61,16.97
9.97,20.32,22.41,22.47,22.62,18.22,26.76,16.42,24.91,20.72
9.56,19.74,6.21,9.79,14.55,15.49,16.07,3.80,14.62,16.63
10.06,16.89,22.14,20.01,19.61,14.96,23.85,15.96,22.02,17.46
7.80,15.63,19.47,17.29,17.33,13.11,21.45,13.27,19.60,15.60
9.10,11.83,18.76,13.65,13.22,9.00,17.40,12.75,15.56,11.48
13.64,9.24,23.19,15.65,13.46,8.10,17.85,17.30,16.18,10.45
13.99,11.59,24.57,18.21,16.18,10.81,20.57,18.50,18.89,13.12
7.83,21.00,5.53,12.01,16.46,16.77,18.30,1.45,16.78,18.16
9.68,19.05,22.07,21.42,21.42,16.97,25.59,15.99,23.74,19.46
10.80,18.14,23.07,21.43,21.04,16.34,25.29,16.93,23.46,18.83
21.19,16.39,17.63,5.46,8.40,13.62,5.58,17.08,5.85,12.51
8.32,17.63,20.54,19.48,19.60,15.30,23.73,14.40,21.88,17.80
9.91,15.54,10.41,6.57,10.60,11.29,12.73,6.66,11.10,12.43
9.89,13.31,12.68,6.39,9.18,9.06,12.02,8.23,10.24,10.42
10.13,16.08,22.03,19.39,18.87,14.18,23.13,15.84,21.31,16.67
12.23,9.95,21.86,14.99,13.30,8.20,17.68,15.92,15.94,10.65
8.31,20.01,6.15,10.78,15.27,15.76,17.06,2.48,15.55,17.08
10.66,12.34,21.26,16.21,15.18,10.35,19.49,15.15,17.70,12.84
16.05,15.28,13.45,2.35,7.91,11.57,7.92,12.03,6.83,11.43
10.23,20.16,22.66,22.52,22.58,18.12,26.74,16.66,24.89,20.62
11.00,16.35,9.77,6.13,10.78,12.13,12.42,6.93,10.90,13.04
7.17,19.01,7.46,10.65,14.75,14.79,16.88,2.47,15.28,16.25
13.56,17.59,9.75,5.58,11.01,13.53,11.62,8.67,10.41,13.98
11.04,16.34,23.00,20.19,19.49,14.66,23.78,16.81,21.97,17.13
13.48,7.80,22.07,13.63,11.38,6.10,15.78,16.38,14.09,8.51
9.17,16.89,21.25,19.42,19.24,14.75,23.43,15.08,21.59,17.25
11.63,19.52,24.01,22.90,22.54,17.82,26.79,17.93,24.96,20.30
10.44,19.08,22.81,21.89,21.73,17.15,25.93,16.73,24.09,19.64
9.64,16.27,9.68,7.11,11.31,12.02,13.33,6.00,11.73,13.17
13.74,15.65,11.55,3.73,9.05,11.63,9.94,9.65,8.60,12.00
8.85,17.82,21.10,19.98,20.00,15.61,24.15,14.97,22.30,18.11
10.75,12.71,13.24,5.62,8.31,8.46,11.15,9.03,9.36,9.69
5.89,16.94,10.12,10.42,13.62,12.79,16.37,4.42,14.63,14.51
10.64,9.70,18.88,11.78,10.87,6.61,15.11,13.18,13.29,9.08
20.79,21.91,13.43,9.11,14.05,18.46,12.10,15.16,11.99,17.98
6.26,17.35,9.47,10.26,13.72,13.17,16.31,3.93,14.60,14.81
9.21,19.16,6.80,9.47,14.10,14.91,15.76,3.80,14.27,16.09
11.71,19.92,24.11,23.22,22.91,18.20,27.15,18.06,25.32,20.69
6.73,18.62,19.09,19.25,19.89,15.96,23.87,13.02,22.00,18.43
10.40,16.57,22.41,19.96,19.44,14.72,23.70,16.22,21.88,17.21
10.16,18.19,22.44,21.08,20.84,16.25,25.05,16.32,23.22,18.74
10.76,15.27,22.46,19.12,18.34,13.52,22.64,16.26,20.84,15.99
19.27,15.38,16.28,3.59,7.42,12.28,5.65,15.32,5.28,11.45
17.91,13.32,16.41,1.73,5.48,10.09,4.96,14.60,3.91,9.39
7.20,20.70,6.08,12.09,16.38,16.48,18.37,1.02,16.81,17.95
10.53,12.52,21.20,16.30,15.32,10.51,19.62,15.08,17.83,13.00
18.71,16.13,15.20,3.70,8.25,12.84,6.77,14.48,6.30,12.20
9.56,16.70,21.60,19.52,19.22,14.65,23.43,15.42,21.60,17.14
10.46,16.01,22.35,19.55,18.94,14.19,23.22,16.16,21.40,16.67
10.27,12.08,20.64,15.52,14.59,9.88,18.89,14.55,17.08,12.38
20.54,17.76,16.00,5.74,9.77,14.68,7.44,15.96,7.46,13.83
17.84,10.78,18.05,2.82,2.94,7.72,4.05,15.43,2.30,6.85
7.47,16.49,19.41,17.89,18.10,13.95,22.19,13.23,20.33,16.43
15.40,15.89,12.47,3.13,8.72,12.06,8.89,11.16,7.77,12.09
14.98,15.38,12.57,2.80,8.35,11.52,8.81,10.94,7.59,11.61
9.20,13.18,19.94,15.78,15.26,10.78,19.49,13.80,17.66,13.27
10.93,11.31,21.02,15.26,14.08,9.24,18.41,14.99,16.62,11.72
12.01,19.23,24.37,22.92,22.43,17.63,26.70,18.26,24.88,20.10
7.78,19.19,7.06,10.39,14.67,14.95,16.66,2.65,15.09,16.33
11.81,21.71,4.66,10.62,15.85,17.48,16.72,5.46,15.48,18.38
9.66,17.99,21.93,20.62,20.47,15.94,24.66,15.80,22.82,18.44
10.25,12.33,20.76,15.81,14.90,10.18,19.20,14.66,17.39,12.67
13.49,16.75,25.46,22.01,20.80,15.67,25.16,19.27,23.40,18.07
12.74,14.64,24.27,19.92,18.59,13.45,22.95,18.08,21.20,15.86
9.60,12.16,19.81,14.88,14.20,9.69,18.45,13.74,16.63,12.19
6.95,19.89,6.82,11.51,15.67,15.67,17.76,1.56,16.17,17.16
11.61,15.81,23.44,20.14,19.23,14.29,23.55,17.24,21.76,16.74
8.75,19.20,6.81,9.79,14.31,14.95,16.07,3.38,14.56,16.19
9.06,12.58,19.37,14.84,14.37,9.99,18.57,13.27,16.74,12.49
12.72,10.61,15.42,4.69,6.04,6.40,9.26,11.39,7.42,7.39
10.87,14.65,22.39,18.66,17.78,12.92,22.09,16.20,20.29,15.39
11.69,8.59,19.49,11.40,10.03,5.54,14.34,13.93,12.55,8.03
14.11,12.15,24.89,18.77,16.78,11.42,21.18,18.78,19.50,13.72
6.68,19.78,7.05,11.58,15.66,15.57,17.82,1.56,16.21,17.09
8.39,13.50,12.88,8.08,10.36,9.32,13.51,7.77,11.69,11.02
13.65,7.50,22.08,13.42,11.09,5.78,15.48,16.43,13.81,8.19
5.02,15.73,12.48,11.44,13.65,11.79,16.93,6.47,15.10,13.81
8.31,16.87,9.20,8.45,12.40,12.62,14.63,4.81,12.99,13.98
22.70,20.09,16.95,8.33,12.09,17.17,9.17,17.73,9.57,16.19
12.84,17.43,24.95,22.13,21.16,16.14,25.50,18.77,23.72,18.57
7.75,17.69,19.98,19.15,19.42,15.23,23.50,13.84,21.64,17.73
7.60,17.50,8.75,9.33,13.24,13.27,15.51,3.99,13.86,14.70
8.81,18.87,21.19,20.75,20.93,16.61,25.05,15.12,23.20,19.11
7.39,16.56,9.78,9.05,12.60,12.34,15.11,4.77,13.41,13.86
13.67,12.69,13.98,2.55,6.50,8.66,8.45,10.95,6.79,9.09
9.06,19.74,21.49,21.53,21.80,17.50,25.90,15.48,24.04,20.00
11.39,14.39,11.71,4.90,8.98,10.18,11.03,8.34,9.40,11.09
10.79,12.39,21.44,16.39,15.31,10.46,19.63,15.32,17.85,12.94
18.59,11.98,17.90,2.72,4.01,9.04,3.57,15.75,2.28,8.06
10.72,13.63,21.88,17.60,16.65,11.80,20.96,15.71,19.17,14.28
7.44,19.94,19.88,20.69,21.36,17.38,25.34,13.92,23.48,19.86
21.65,16.01,18.38,5.69,8.06,13.40,4.93,17.70,5.40,12.16
8.01,19.52,6.68,10.53,14.91,15.28,16.81,2.56,15.26,16.63
10.56,16.36,22.52,19.90,19.31,14.56,23.58,16.34,21.77,17.04
8.28,14.41,11.84,7.93,10.78,10.19,13.66,6.89,11.88,11.77
8.83,17.06,20.94,19.34,19.27,14.85,23.44,14.78,21.59,17.35
10.95,13.03,21.90,17.20,16.13,11.24,20.46,15.76,18.67,13.71
11.26,13.58,22.44,17.97,16.87,11.92,21.21,16.28,19.42,14.38
9.42,12.42,19.75,15.03,14.42,9.94,18.66,13.66,16.83,12.44
12.07,14.90,23.67,19.70,18.55,13.51,22.90,17.48,21.13,15.95
7.85,18.40,7.79,9.73,13.91,14.16,15.98,3.34,14.38,15.53
10.44,16.00,22.32,19.52,18.92,14.17,23.19,16.13,21.37,16.65
11.73,17.65,23.91,21.63,20.95,16.08,25.24,17.74,23.43,18.55
8.47,19.37,6.70,10.11,14.58,15.12,16.39,3.04,14.87,16.41
7.50,18.59,7.72,10.11,14.23,14.36,16.34,3.00,14.74,15.78
10.38,15.11,22.02,18.72,18.02,13.25,22.30,15.83,20.49,15.73
11.52,16.84,23.57,20.89,20.15,15.27,24.45,17.39,22.64,17.73
8.81,16.97,20.90,19.25,19.16,14.74,23.33,14.73,21.49,17.24
15.60,7.98,24.80,16.16,13.30,7.76,17.66,19.02,16.09,9.87
21.73,17.61,17.43,6.38,9.63,14.81,6.71,17.32,7.08,13.73
13.71,6.58,21.01,11.42,9.05,3.94,13.44,15.65,11.75,6.42
13.82,15.22,25.46,21.06,19.55,14.31,23.93,19.27,22.20,16.68
10.36,11.28,20.24,14.56,13.59,8.93,17.88,14.23,16.08,11.42
9.28,25.11,3.54,15.91,20.58,20.89,22.19,3.94,20.75,22.33
13.57,16.19,10.99,4.29,9.63,12.15,10.47,9.26,9.16,12.56
12.55,13.88,23.87,19.17,17.78,12.64,22.15,17.69,20.40,15.05
9.37,13.15,20.13,15.92,15.34,10.81,19.58,13.99,17.76,13.31
12.29,10.06,21.99,15.19,13.48,8.36,17.86,16.05,16.12,10.81
6.76,16.31,18.58,17.17,17.55,13.58,21.59,12.39,19.73,16.05
8.42,14.06,19.47,16.10,15.87,11.54,20.04,13.30,18.20,14.04
18.54,19.08,12.91,6.17,11.35,15.53,9.99,13.41,9.55,15.17
18.71,11.26,18.48,3.21,3.27,8.43,3.22,16.12,1.67,7.34
14.34,12.13,14.76,2.06,5.71,8.19,7.68,11.76,5.99,8.45
7.03,13.20,16.09,12.31,12.96,9.73,16.84,10.09,14.98,12.06
9.46,23.16,3.25,13.43,18.23,18.91,19.69,3.00,18.29,20.20
9.33,18.51,21.67,20.80,20.81,16.37,24.97,15.56,23.12,18.87
8.87,17.45,21.05,19.69,19.65,15.24,23.81,14.90,21.97,17.74
9.57,18.40,7.55,8.61,13.24,14.15,14.90,4.56,13.41,15.28
22.30,19.12,17.11,7.53,11.12,16.24,8.20,17.54,8.59,15.22
12.15,16.26,10.23,5.25,10.23,12.11,11.53,7.94,10.10,12.80
6.80,19.48,19.23,19.96,20.71,16.82,24.66,13.23,22.80,19.29
6.96,17.68,19.18,18.62,19.08,15.06,23.10,13.05,21.24,17.54
9.25,19.00,21.64,21.12,21.22,16.83,25.36,15.56,23.51,19.33
12.63,10.11,22.45,15.61,13.80,8.61,18.18,16.49,16.46,11.03
15.36,16.69,11.80,3.95,9.54,12.83,9.60,10.82,8.54,12.90
8.15,13.49,18.76,15.06,14.93,10.76,19.06,12.62,17.22,13.24
9.74,17.11,8.85,7.54,11.98,12.86,13.81,5.51,12.26,13.97
7.13,17.33,9.08,9.59,13.31,13.11,15.71,4.00,14.04,14.63
10.05,12.96,20.85,16.34,15.54,10.83,19.82,14.71,18.01,13.33
13.23,9.72,22.96,15.77,13.75,8.45,18.14,17.03,16.44,10.83
11.30,10.96,21.28,15.22,13.90,8.98,18.24,15.26,16.47,11.45
12.27,16.88,24.31,21.38,20.46,15.49,24.79,18.12,23.00,17.93
10.86,9.33,18.35,10.67,9.84,5.90,14.05,12.82,12.22,8.31
10.27,14.84,21.83,18.40,17.69,12.94,21.97,15.64,20.16,15.43
15.68,9.26,25.43,17.41,14.68,9.15,19.04,19.53,17.47,11.26
6.32,15.85,17.87,16.28,16.78,12.96,20.77,11.67,18.91,15.41
8.14,19.10,20.55,20.52,20.89,16.71,24.95,14.50,23.10,19.20
8.97,16.06,9.92,7.55,11.46,11.81,13.70,5.76,12.05,13.10
7.60,23.22,4.84,14.56,18.98,19.02,20.85,1.96,19.33,20.53
11.14,18.17,8.05,7.44,12.42,13.95,13.70,6.09,12.30,14.83
13.67,17.49,9.92,5.42,10.87,13.43,11.45,8.82,10.25,13.86
9.00,17.27,21.16,19.63,19.54,15.09,23.71,15.00,21.87,17.59
23.58,15.48,20.94,7.40,7.95,13.50,3.82,20.00,5.14,11.85
14.22,9.22,23.85,16.17,13.82,8.39,18.21,17.95,16.56,10.67
4.57,19.23,16.98,18.35,19.59,16.18,23.37,10.98,21.51,18.59
10.09,16.80,22.15,19.95,19.54,14.88,23.78,15.97,21.95,17.37
8.65,13.36,19.35,15.45,15.13,10.80,19.31,13.21,17.48,13.29
7.86,18.12,20.16,19.58,19.88,15.69,23.96,14.05,22.10,18.18
16.22,8.75,18.26,4.23,2.49,5.21,6.11,14.77,4.25,4.93
16.12,9.15,17.92,3.83,2.70,5.58,6.05,14.52,4.18,5.33
8.14,17.40,8.69,8.88,12.92,13.16,15.08,4.30,13.46,14.52
5.71,19.46,18.14,19.26,20.26,16.60,24.13,12.16,22.27,19.05
7.76,20.26,6.14,11.34,15.73,16.02,17.62,1.82,16.09,17.41
12.42,15.34,11.17,4.44,9.28,11.20,10.72,8.63,9.24,11.85
9.86,18.75,22.21,21.30,21.22,16.71,25.40,16.11,23.56,19.21
12.56,18.23,8.58,6.70,11.99,14.09,12.84,7.42,11.56,14.73
12.73,8.60,21.60,13.77,11.83,6.69,16.21,15.83,14.49,9.14
7.09,19.44,7.12,11.04,15.18,15.22,17.29,2.04,15.69,16.69
14.32,8.55,23.64,15.57,13.12,7.68,17.51,17.81,15.87,9.95
6.32,20.92,18.68,20.67,21.77,18.11,25.61,12.87,23.75,20.56
9.58,15.22,21.23,18.24,17.76,13.14,22.00,15.03,20.18,15.64
9.43,13.56,20.41,16.44,15.87,11.30,20.11,14.25,18.29,13.80
9.26,15.95,10.01,7.27,11.23,11.70,13.43,5.99,11.79,12.94
9.17,16.31,9.65,7.51,11.56,12.06,13.70,5.68,12.07,13.30
9.43,13.62,20.44,16.51,15.94,11.37,20.18,14.28,18.36,13.87
8.04,21.59,5.01,12.50,17.01,17.36,18.79,1.50,17.29,18.75
9.13,11.89,18.87,13.80,13.35,9.09,17.54,12.85,15.70,11.58
18.87,13.84,16.93,2.72,5.88,10.80,4.53,15.39,3.85,9.92
10.25,16.53,9.46,6.80,11.26,12.29,13.06,6.25,11.51,13.33
8.16,15.69,10.46,8.13,11.60,11.46,14.14,5.73,12.43,12.92
9.58,15.47,10.48,6.82,10.71,11.22,12.95,6.51,11.29,12.43
11.04,19.87,6.30,9.09,14.16,15.64,15.30,5.22,13.96,16.57
11.83,15.16,11.12,4.81,9.39,10.98,11.07,8.24,9.52,11.76
10.41,11.24,20.28,14.57,13.57,8.90,17.87,14.27,16.07,11.40
21.04,18.17,16.28,6.27,10.18,15.15,7.66,16.40,7.79,14.25
11.49,14.16,22.88,18.67,17.58,12.60,21.92,16.70,20.14,15.06
9.66,17.55,21.86,20.27,20.06,15.51,24.26,15.71,22.43,18.01
3.96,18.69,16.29,17.47,18.81,15.53,22.54,10.24,20.68,17.91
12.19,9.17,21.26,13.87,12.16,7.13,16.53,15.44,14.78,9.60
11.62,16.54,23.61,20.72,19.91,15.00,24.22,17.42,22.42,17.46
8.99,21.99,4.25,12.39,17.11,17.75,18.66,2.44,17.22,19.03
9.05,14.32,11.72,7.14,10.25,10.08,12.96,7.14,11.20,11.50
13.07,12.91,24.09,18.69,17.06,11.82,21.44,17.95,19.71,14.20
10.45,19.19,22.83,21.98,21.83,17.26,26.03,16.76,24.19,19.75
8.44,18.00,20.72,19.85,19.99,15.69,24.12,14.60,22.26,18.19
19.86,19.02,14.38,6.41,11.12,15.69,9.21,14.87,9.04,15.09
21.28,15.17,18.52,5.18,7.23,12.59,4.17,17.54,4.57,11.32
10.48,17.92,22.73,21.07,20.72,16.06,24.96,16.58,23.13,18.55
9.76,18.35,7.61,8.44,13.11,14.10,14.73,4.76,13.24,15.20
20.53,17.22,16.35,5.41,9.23,14.20,6.85,16.11,6.88,13.30
4.69,20.43,8.04,13.39,17.06,16.32,19.54,1.90,17.87,18.06
24.14,15.75,21.43,7.96,8.34,13.90,4.11,20.56,5.54,12.18
6.16,17.09,18.19,17.50,18.12,14.28,22.09,12.03,20.23,16.74
5.68,19.85,18.12,19.54,20.61,16.98,24.45,12.18,22.59,19.42
19.23,12.19,18.35,3.28,4.19,9.42,3.04,16.32,2.03,8.29
7.05,19.93,6.74,11.48,15.67,15.71,17.73,1.57,16.15,17.18
10.99,14.27,11.75,5.24,9.10,10.04,11.30,8.15,9.64,11.04
11.96,19.31,7.22,8.06,13.28,15.12,14.21,6.37,12.93,15.90
22.09,15.83,18.99,6.04,7.95,13.37,4.55,18.24,5.21,12.02
16.44,8.59,18.50,4.37,2.26,5.12,5.96,15.01,4.12,4.75
19.67,16.09,16.20,4.23,8.11,13.00,6.11,15.52,5.90,12.16
11.32,16.93,23.39,20.83,20.15,15.30,24.44,17.21,22.63,17.77
20.88,15.87,17.63,5.02,7.88,13.09,5.16,16.90,5.36,11.99
7.35,18.49,7.86,10.14,14.20,14.26,16.36,3.01,14.75,15.71
12.44,16.93,24.48,21.52,20.57,15.57,24.90,18.30,23.12,18.01
18.00,15.36,15.08,2.79,7.55,11.99,6.52,13.99,5.82,11.43
12.80,9.89,22.53,15.53,13.65,8.43,18.04,16.59,16.33,10.84
6.95,19.70,6.97,11.34,15.48,15.48,17.59,1.74,16.00,16.97
12.03,20.24,24.45,23.62,23.30,18.57,27.54,18.40,25.71,21.05
9.80,20.53,5.42,10.42,15.27,16.28,16.68,3.68,15.27,17.41
10.76,13.37,21.83,17.38,16.40,11.54,20.72,15.66,18.92,14.02
10.49,10.69,19.94,13.81,12.80,8.19,17.09,14.00,15.29,10.69
10.76,19.16,23.14,22.14,21.92,17.30,26.14,17.05,24.30,19.79
7.69,18.65,20.06,19.89,20.30,16.18,24.35,13.98,22.49,18.67
14.18,18.01,26.33,23.32,22.15,17.01,26.51,20.15,24.75,19.40
15.07,8.01,18.23,5.41,3.71,4.04,7.73,14.24,5.89,4.56
8.02,14.05,12.37,8.31,10.81,9.87,13.87,7.22,12.07,11.56
20.24,18.52,15.14,6.14,10.58,15.31,8.45,15.42,8.38,14.59
8.26,18.51,7.57,9.54,13.85,14.27,15.81,3.50,14.24,15.58
15.63,13.33,14.62,0.67,6.14,9.61,6.96,12.38,5.54,9.50
9.42,18.78,21.79,21.07,21.09,16.66,25.25,15.70,23.40,19.16
9.60,17.99,7.97,8.26,12.83,13.74,14.55,4.85,13.03,14.86
8.21,18.14,20.51,19.82,20.03,15.78,24.13,14.40,22.28,18.28
9.03,15.46,10.53,7.30,10.99,11.21,13.37,6.24,11.68,12.53
16.87,19.23,11.09,6.31,11.82,15.45,11.12,11.56,10.40,15.39
8.93,19.01,6.97,9.52,14.06,14.76,15.81,3.65,14.30,15.98
6.81,17.63,19.02,18.47,18.96,14.98,22.98,12.88,21.12,17.45
12.39,19.04,7.71,7.57,12.86,14.87,13.68,6.92,12.43,15.57
11.01,18.02,23.26,21.47,21.01,16.27,25.27,17.12,23.45,18.76
6.44,18.28,18.76,18.78,19.45,15.56,23.42,12.66,21.55,18.03
8.38,17.68,8.37,8.87,13.05,13.43,15.11,4.21,13.51,14.74
22.77,11.28,22.56,7.42,4.69,9.98,1.22,20.39,2.71,7.94
8.77,17.42,20.95,19.60,19.58,15.19,23.74,14.80,21.89,17.68
7.03,20.55,6.29,12.05,16.29,16.33,18.32,1.00,16.75,17.82
8.86,19.49,6.51,9.98,14.56,15.24,16.27,3.28,14.77,16.48
13.00,14.92,24.59,20.32,18.96,13.80,23.33,18.40,21.58,16.20
5.50,17.91,17.73,17.82,18.68,15.01,22.58,11.61,20.72,17.45
9.02,19.00,21.41,20.98,21.13,16.78,25.25,15.34,23.40,19.28
10.26,9.98,18.30,11.36,10.70,6.70,14.89,12.62,13.05,9.14
11.17,11.12,21.22,15.29,14.02,9.12,18.35,15.19,16.58,11.60
9.90,19.27,6.70,9.15,13.95,15.02,15.43,4.37,13.99,16.10
8.06,15.62,19.75,17.48,17.45,13.16,21.59,13.55,19.74,15.66
11.11,12.20,21.72,16.48,15.30,10.37,19.63,15.61,17.85,12.85
22.13,17.45,18.01,6.58,9.48,14.76,6.36,17.82,6.86,13.59
12.21,12.46,23.04,17.65,16.19,11.07,20.56,16.91,18.81,13.49
6.41,16.48,18.25,17.06,17.57,13.68,21.57,12.07,19.70,16.14
19.20,11.38,18.84,3.61,3.39,8.70,2.75,16.57,1.33,7.49
9.49,17.74,21.72,20.31,20.17,15.66,24.36,15.58,22.52,18.16
8.13,18.84,7.29,9.89,14.21,14.60,16.16,3.16,14.59,15.93
7.80,16.21,10.01,8.59,12.15,11.98,14.64,5.18,12.94,13.46
7.96,17.35,20.13,19.01,19.18,14.94,23.29,13.97,21.43,17.43
9.13,14.42,20.46,17.11,16.68,12.16,20.90,14.27,19.07,14.66
11.55,13.48,22.71,18.09,16.91,11.91,21.26,16.54,19.48,14.36
12.02,12.24,22.75,17.29,15.85,10.75,20.21,16.63,18.46,13.19
20.27,10.36,20.47,5.20,2.68,8.23,1.80,18.00,0.36,6.61
10.37,17.44,8.59,7.33,12.02,13.21,13.62,5.80,12.13,14.21
7.18,17.95,8.45,9.90,13.80,13.72,16.08,3.45,14.43,15.21
19.71,16.15,16.20,4.29,8.17,13.07,6.15,15.54,5.95,12.22
13.75,17.12,25.77,22.44,21.23,16.08,25.59,19.58,23.83,18.48
8.83,24.23,3.67,15.07,19.70,20.01,21.35,3.13,19.89,21.44
15.55,11.48,26.09,19.19,16.77,11.28,21.16,20.04,19.54,13.45
9.43,18.50,21.76,20.86,20.84,16.39,25.00,15.66,23.16,18.88
18.39,12.70,17.25,2.28,4.77,9.64,4.13,15.30,3.03,8.77
5.82,21.02,6.88,13.24,17.23,16.85,19.47,0.73,17.85,18.49
18.34,17.07,14.17,4.31,9.27,13.64,7.96,13.79,7.45,13.14
13.26,8.54,22.30,14.38,12.26,6.98,16.65,16.51,14.96,9.38
10.71,12.83,21.54,16.78,15.77,10.92,20.09,15.40,18.30,13.41
10.60,21.19,23.02,23.41,23.57,19.15,27.71,17.10,25.86,21.65
11.98,14.78,23.55,19.53,18.40,13.37,22.74,17.36,20.97,15.81
11.51,10.49,21.26,14.86,13.45,8.50,17.80,15.30,16.03,10.97
20.70,15.88,17.43,4.88,7.89,13.06,5.28,16.70,5.40,11.99
12.05,15.52,10.86,4.83,9.61,11.36,11.12,8.22,9.62,12.08
9.79,10.68,18.59,12.41,11.81,7.65,16.00,12.74,14.17,10.11
6.70,20.18,6.74,11.92,16.05,15.97,18.17,1.17,16.57,17.49
9.89,10.95,19.18,13.28,12.55,8.18,16.79,13.25,14.97,10.67
21.54,8.56,22.82,7.58,2.87,7.46,3.22,19.92,2.99,5.28
6.98,18.14,8.35,10.15,14.04,13.92,16.34,3.22,14.69,15.42
12.65,16.68,10.07,5.25,10.43,12.56,11.49,8.19,10.13,13.15
11.45,16.22,23.37,20.36,19.54,14.64,23.85,17.18,22.05,17.11
8.80,19.23,6.77,9.79,14.33,14.98,16.07,3.40,14.56,16.22
11.90,9.51,21.09,13.96,12.37,7.40,16.73,15.24,14.98,9.88
5.87,15.08,12.57,10.62,12.81,11.08,16.08,6.73,14.25,13.05
7.50,14.18,18.37,15.31,15.40,11.37,19.49,12.20,17.64,13.85
6.14,19.16,7.85,11.43,15.30,14.98,17.62,2.10,15.97,16.57
12.05,9.13,20.99,13.57,11.92,6.95,16.28,15.19,14.53,9.43
12.46,12.60,23.35,17.97,16.46,11.30,20.83,17.22,19.09,13.71
6.89,20.63,6.32,12.21,16.43,16.42,18.48,0.83,16.90,17.92
8.72,21.67,4.61,12.18,16.85,17.42,18.47,2.20,17.01,18.73
8.42,15.08,19.94,17.22,17.05,12.68,21.22,13.75,19.38,15.18
9.45,20.82,5.15,10.90,15.70,16.57,17.18,3.21,15.75,17.75
10.15,15.27,21.83,18.69,18.07,13.35,22.34,15.63,20.53,15.84
11.98,12.93,22.97,17.92,16.56,11.48,20.92,16.83,19.17,13.92
14.31,10.96,24.67,17.88,15.70,10.29,20.09,18.64,18.43,12.56
7.73,19.27,20.14,20.38,20.87,16.79,24.91,14.12,23.05,19.27
10.58,11.78,20.87,15.48,14.44,9.66,18.75,14.80,16.96,12.15
23.45,17.11,19.76,7.51,9.33,14.81,5.58,19.39,6.54,13.37
10.06,18.34,7.64,8.25,12.99,14.10,14.54,5.01,13.07,15.15
12.01,18.24,24.26,22.23,21.58,16.71,25.87,18.11,24.06,19.18
12.48,12.86,23.46,18.22,16.73,11.58,21.10,17.32,19.36,13.99
10.43,14.99,22.04,18.65,17.92,13.14,22.21,15.84,20.40,15.63
7.09,14.83,18.26,15.75,15.98,12.01,20.04,12.07,18.18,14.48
9.50,16.28,9.67,7.23,11.39,12.03,13.44,5.90,11.83,13.21
13.30,11.94,23.99,18.01,16.20,10.91,20.59,17.89,18.88,13.27
18.92,16.50,15.15,4.07,8.60,13.22,7.01,14.59,6.61,12.57
11.33,16.07,23.22,20.16,19.35,14.46,23.66,17.03,21.86,16.93
12.24,19.82,24.64,23.46,23.01,18.22,27.28,18.56,25.46,20.70
11.53,22.29,23.91,24.63,24.79,20.32,28.93,18.06,27.08,22.82
11.58,14.52,23.07,19.04,17.97,12.99,22.30,16.89,20.52,15.44
8.75,16.82,20.82,19.09,19.00,14.59,23.17,14.64,21.33,17.09
11.12,17.31,23.26,21.00,20.41,15.62,24.69,17.09,22.88,18.10
10.74,19.18,23.11,22.14,21.93,17.31,26.14,17.03,24.31,19.80
11.83,19.84,24.24,23.24,22.89,18.16,27.14,18.17,25.31,20.64
11.79,17.29,23.91,21.40,20.65,15.76,24.96,17.73,23.15,18.22
9.51,14.54,20.93,17.54,17.02,12.41,21.26,14.74,19.44,14.90
9.00,17.80,21.25,20.05,20.03,15.61,24.19,15.11,22.35,18.11
18.98,18.64,13.69,5.85,10.83,15.20,9.26,14.01,8.91,14.72
9.05,14.11,20.24,16.72,16.30,11.80,20.51,14.06,18.68,14.30
22.48,16.54,18.98,6.54,8.66,14.07,5.21,18.46,5.93,12.74
4.39,19.90,8.56,13.14,16.67,15.81,19.25,2.37,17.55,17.59
8.20,20.94,5.40,11.73,16.26,16.69,18.02,1.86,16.52,18.04
10.75,12.39,21.39,16.35,15.29,10.44,19.61,15.28,17.82,12.93
6.96,13.72,17.07,13.79,14.19,10.55,18.18,10.96,16.32,12.97
11.45,12.88,22.38,17.46,16.24,11.25,20.58,16.24,18.81,13.70
14.07,7.29,18.66,7.19,5.36,3.04,9.60,14.11,7.79,4.65
12.35,17.89,24.55,22.17,21.39,16.45,25.70,18.38,23.90,18.91
9.57,12.71,20.14,15.58,14.92,10.36,19.17,14.02,17.35,12.86
8.79,12.93,19.24,15.01,14.64,10.32,18.83,13.13,16.99,12.81
15.60,7.28,24.47,15.48,12.53,6.99,16.89,18.77,15.33,9.09
9.60,21.26,4.71,11.27,16.11,17.01,17.54,3.22,16.13,18.19
9.23,17.88,21.49,20.26,20.20,15.74,24.37,15.35,22.52,18.24
8.84,11.65,17.98,12.71,12.48,8.54,16.61,12.04,14.76,10.98
8.83,19.04,21.23,20.90,21.10,16.79,25.21,15.16,23.36,19.29
11.28,19.99,6.26,9.08,14.20,15.76,15.27,5.42,13.95,16.66
10.04,16.29,21.99,19.50,19.03,14.36,23.28,15.80,21.45,16.85
11.99,15.21,11.13,4.70,9.36,11.05,10.98,8.34,9.45,11.79
17.23,18.91,11.69,5.95,11.40,15.19,10.57,12.04,9.90,15.04
8.37,19.08,20.77,20.64,20.96,16.73,25.04,14.71,23.18,19.23
21.82,10.61,21.91,6.68,3.71,9.07,1.11,19.56,1.84,7.13
9.22,17.83,21.47,20.21,20.14,15.69,24.32,15.33,22.47,18.19
11.25,16.70,9.50,6.19,10.99,12.49,12.48,6.94,11.01,13.35
11.89,17.90,8.58,6.76,11.88,13.72,12.98,6.92,11.63,14.47
5.28,21.20,7.27,13.76,17.63,17.07,19.96,1.32,18.32,18.76
7.77,16.93,19.84,18.51,18.68,14.47,22.79,13.67,20.93,16.96
7.62,20.89,5.71,12.03,16.42,16.66,18.31,1.29,16.78,18.08
10.77,13.99,22.07,17.98,17.06,12.20,21.37,15.89,19.57,14.67
22.77,19.45,17.45,7.99,11.47,16.63,8.42,17.98,8.90,15.57
19.38,9.40,20.22,5.01,1.52,7.06,2.98,17.42,1.30,5.56
13.85,8.72,23.16,15.28,12.98,7.60,17.38,17.33,15.71,9.93
6.76,15.47,18.21,16.23,16.59,12.66,20.62,12.01,18.76,15.12
11.10,13.81,22.35,18.06,17.03,12.11,21.36,16.18,19.57,14.58
11.24,9.84,20.36,13.52,12.20,7.43,16.53,14.50,14.75,9.93
8.76,13.79,19.74,16.09,15.74,11.34,19.94,13.57,18.11,13.84
7.23,15.60,18.82,16.79,17.00,12.92,21.07,12.62,19.22,15.40
19.03,15.35,16.06,3.40,7.41,12.20,5.79,15.07,5.35,11.42
10.31,13.29,21.30,16.93,16.07,11.30,20.36,15.15,18.56,13.79
19.56,10.23,19.88,4.61,2.33,7.84,2.44,17.32,0.59,6.39
13.61,9.48,23.28,15.87,13.72,8.37,18.11,17.36,16.43,10.71
10.79,19.90,6.19,9.25,14.28,15.67,15.48,4.95,14.13,16.64
13.83,17.43,10.07,5.29,10.75,13.39,11.29,9.00,10.10,13.78
7.71,19.20,20.12,20.32,20.81,16.72,24.84,14.09,22.98,19.21
9.28,15.35,20.96,18.15,17.76,13.21,21.98,14.76,20.15,15.70
11.24,20.59,23.67,23.39,23.30,18.72,27.49,17.67,25.65,21.21
9.89,14.94,21.47,18.21,17.62,12.94,21.88,15.27,20.06,15.43
7.55,17.60,8.66,9.42,13.34,13.37,15.60,3.88,13.96,14.81
9.89,19.52,6.44,9.39,14.21,15.27,15.67,4.23,14.24,16.36
12.54,18.33,24.78,22.60,21.84,16.91,26.15,18.63,24.35,19.37
9.60,13.73,20.69,16.78,16.16,11.55,20.42,14.52,18.60,14.04
7.10,16.10,10.39,9.16,12.43,11.90,15.11,5.17,13.38,13.51
10.03,19.27,6.70,9.08,13.91,15.03,15.36,4.49,13.93,16.09
5.66,20.55,7.21,12.90,16.81,16.39,19.11,1.02,17.48,18.04
7.77,19.09,20.17,20.27,20.73,16.62,24.77,14.13,22.91,19.11
9.86,16.25,21.79,19.34,18.91,14.27,23.15,15.61,21.32,16.76
5.34,19.76,7.92,12.41,16.16,15.61,18.58,1.78,16.92,17.29
14.29,14.72,25.80,20.97,19.28,13.97,23.67,19.62,21.96,16.30
11.16,9.97,20.35,13.62,12.33,7.57,16.66,14.48,14.87,10.07
9.46,15.33,21.14,18.26,17.82,13.23,22.06,14.94,20.23,15.73
8.77,17.08,20.89,19.32,19.26,14.85,23.42,14.72,21.58,17.35
3.96,16.65,12.28,12.42,14.71,12.77,17.97,6.14,16.15,14.83
6.75,16.97,9.62,9.72,13.21,12.77,15.77,4.30,14.06,14.36
10.22,17.28,22.37,20.42,20.04,15.38,24.27,16.21,22.45,17.87
11.04,15.80,22.88,19.76,18.98,14.13,23.28,16.68,21.48,16.60
9.05,14.12,20.24,16.73,16.30,11.81,20.52,14.06,18.69,14.31
7.63,17.40,19.81,18.83,19.09,14.92,23.18,13.66,21.32,17.42
8.11,19.38,6.78,10.34,14.73,15.14,16.62,2.74,15.08,16.47
18.30,18.75,12.90,5.83,11.04,15.19,9.77,13.24,9.28,14.84
21.65,16.45,18.11,5.84,8.49,13.78,5.42,17.57,5.86,12.59
9.91,19.75,6.21,9.60,14.43,15.50,15.87,4.14,14.45,16.59
12.03,19.93,24.44,23.42,23.04,18.29,27.29,18.37,25.47,20.77
10.48,15.56,22.25,19.18,18.51,13.74,22.79,16.05,20.98,16.22
11.65,14.72,23.20,19.26,18.19,13.21,22.53,17.00,20.75,15.66
8.92,13.07,19.52,15.36,14.93,10.55,19.14,13.39,17.30,13.04
20.94,16.44,17.32,5.29,8.45,13.61,5.76,16.80,5.95,12.55
10.39,21.14,4.83,10.72,15.71,16.89,16.95,4.09,15.59,17.96
9.44,17.18,8.77,7.80,12.17,12.93,14.06,5.25,12.50,14.09
15.27,11.70,25.89,19.19,16.86,11.39,21.25,19.82,19.62,13.59
16.97,13.33,15.62,0.84,5.69,9.87,5.79,13.66,4.55,9.42
15.56,14.45,13.72,1.66,7.24,10.69,7.69,11.87,6.43,10.63
17.75,13.74,15.98,1.67,5.93,10.44,5.38,14.29,4.38,9.81
13.92,9.33,23.56,16.01,13.75,8.36,18.14,17.65,16.48,10.67
10.57,13.93,12.03,5.61,9.11,9.69,11.54,8.11,9.83,10.81
6.90,15.23,18.25,16.07,16.37,12.42,20.41,12.05,18.56,14.89
9.55,19.99,5.96,10.04,14.81,15.74,16.32,3.66,14.88,16.89
14.15,8.02,23.13,14.79,12.33,6.92,16.72,17.37,15.08,9.22
9.96,13.37,20.94,16.71,15.96,11.27,20.24,14.78,18.43,13.77
19.80,8.96,20.87,5.67,1.42,6.90,3.00,17.99,1.66,5.20
9.55,17.85,21.80,20.44,20.30,15.79,24.49,15.66,22.65,18.28
7.66,14.59,18.83,16.01,16.04,11.91,20.15,12.64,18.30,14.39
12.90,16.18,10.64,4.69,9.86,12.08,10.94,8.65,9.56,12.63
17.85,8.12,19.74,5.08,0.83,5.26,4.93,16.41,3.19,4.19
8.28,16.52,20.26,18.50,18.49,14.16,22.64,14.08,20.79,16.66
11.24,14.05,22.59,18.39,17.36,12.41,21.68,16.41,19.90,14.88
7.80,14.64,11.76,8.42,11.21,10.45,14.13,6.63,12.35,12.09
6.49,17.75,8.94,10.29,13.94,13.56,16.40,3.51,14.72,15.15
8.95,21.00,5.09,11.37,16.06,16.75,17.65,2.62,16.19,18.00
19.97,21.25,12.92,8.38,13.45,17.74,11.71,14.41,11.48,17.33
9.47,16.60,21.48,19.38,19.08,14.53,23.30,15.30,21.46,17.02
12.29,18.29,8.39,6.89,12.13,14.13,13.06,7.13,11.76,14.81
8.06,19.63,20.49,20.85,21.32,17.20,25.37,14.49,23.50,19.69
12.78,12.88,23.78,18.46,16.89,11.70,21.27,17.64,19.54,14.09
6.75,15.68,18.30,16.47,16.83,12.89,20.86,12.10,19.00,15.36
10.68,9.62,18.80,11.60,10.70,6.48,14.94,13.12,13.12,8.95
13.83,15.07,25.44,20.95,19.42,14.17,23.80,19.25,22.07,16.53
20.69,17.60,16.27,5.73,9.61,14.57,7.19,16.17,7.26,13.68
6.83,21.11,6.07,12.72,16.95,16.91,18.99,0.37,17.42,18.43
11.88,12.90,13.19,4.35,7.68,8.70,10.12,9.54,8.39,9.61
24.03,19.38,19.02,8.74,11.49,16.85,7.97,19.41,8.76,15.57
9.98,14.93,21.56,18.27,17.66,12.96,21.92,15.36,20.11,15.45
12.46,12.57,23.34,17.94,16.42,11.27,20.80,17.21,19.06,13.68
6.97,17.28,19.11,18.27,18.69,14.66,22.72,12.95,20.86,17.14
8.58,16.27,20.50,18.49,18.38,13.98,22.55,14.32,20.71,16.48
7.56,18.96,7.35,10.35,14.54,14.72,16.60,2.71,15.01,16.13
20.60,10.71,20.59,5.35,3.10,8.65,1.39,18.23,0.52,6.99
11.53,13.78,22.79,18.35,17.21,12.22,21.55,16.62,19.77,14.67
9.21,19.12,6.84,9.44,14.06,14.87,15.73,3.82,14.24,16.05
11.78,13.35,12.76,4.40,8.03,9.15,10.32,9.21,8.62,10.04
8.44,21.20,20.83,22.13,22.79,18.74,26.79,14.98,24.93,21.23
10.81,16.46,22.80,20.15,19.51,14.72,23.79,16.61,21.98,17.20
6.43,17.50,18.59,18.09,18.67,14.77,22.66,12.45,20.79,17.24
9.39,22.80,21.60,23.65,24.41,20.38,28.39,15.93,26.53,22.87
11.15,18.23,23.42,21.71,21.25,16.50,25.51,17.28,23.69,18.99
8.36,17.83,8.22,8.99,13.20,13.59,15.23,4.08,13.64,14.90
8.76,13.98,19.84,16.32,15.98,11.56,20.18,13.67,18.34,14.06
10.18,16.30,22.14,19.61,19.10,14.41,23.36,15.95,21.54,16.90
10.02,20.45,5.50,10.22,15.12,16.20,16.48,3.93,15.08,17.30
21.19,17.15,17.13,5.79,9.15,14.28,6.43,16.85,6.66,13.25
12.24,9.38,21.49,14.24,12.52,7.46,16.89,15.63,15.16,9.92
9.20,11.40,18.39,12.90,12.49,8.40,16.66,12.46,14.82,10.86
10.89,20.64,23.33,23.22,23.22,18.70,27.40,17.35,25.55,21.19
21.08,19.12,15.68,6.93,11.14,16.00,8.73,16.18,8.82,15.20
10.47,17.16,8.88,7.06,11.73,12.93,13.35,6.04,11.85,13.92
9.27,20.75,5.25,10.93,15.68,16.50,17.21,3.05,15.77,17.70
10.95,16.31,22.90,20.11,19.42,14.60,23.71,16.71,21.90,17.08
8.76,13.68,19.68,15.96,15.61,11.21,19.80,13.52,17.97,13.71
7.48,19.90,6.55,11.18,15.47,15.67,17.45,1.87,15.89,17.09
13.65,24.12,3.42,12.55,17.96,19.91,18.41,7.11,17.33,20.70
9.27,20.58,5.40,10.77,15.51,16.33,17.04,3.12,15.60,17.53
9.69,20.36,5.59,10.32,15.14,16.11,16.59,3.63,15.17,17.25
7.10,21.64,5.61,13.09,17.40,17.43,19.37,0.58,17.82,18.93
11.14,16.80,9.37,6.35,11.13,12.59,12.63,6.79,11.16,13.47
9.33,16.59,9.36,7.52,11.71,12.34,13.75,5.58,12.15,13.54
13.08,9.68,22.76,15.58,13.59,8.33,17.99,16.83,16.28,10.72
7.59,15.68,19.26,17.18,17.28,13.11,21.39,13.06,19.54,15.60
11.59,10.81,21.56,15.35,13.93,8.94,18.28,15.56,16.52,11.41
8.44,20.91,5.33,11.57,16.15,16.66,17.85,2.12,16.37,17.98
11.71,10.72,21.65,15.37,13.90,8.88,18.25,15.65,16.50,11.35
4.80,16.98,10.86,11.39,14.24,12.93,17.20,4.85,15.42,14.81
7.55,21.19,5.55,12.37,16.77,16.97,18.66,1.08,17.12,18.41
7.87,17.59,8.58,9.18,13.19,13.35,15.38,4.02,13.75,14.74
8.77,16.05,20.64,18.42,18.24,13.80,22.42,14.45,20.58,16.30
6.06,14.35,16.04,13.45,14.27,10.98,18.12,9.91,16.26,13.34
6.57,15.54,18.01,16.14,16.55,12.68,20.57,11.81,18.71,15.14
10.64,12.09,13.87,6.04,8.17,7.84,11.27,9.42,9.45,9.22
8.24,12.60,18.09,13.70,13.60,9.62,17.71,12.03,15.86,12.08
21.65,20.61,15.35,8.25,12.64,17.43,10.19,16.43,10.32,16.68
13.68,13.29,24.82,19.44,17.70,12.41,22.09,18.66,20.38,14.75
11.26,15.50,23.02,19.65,18.78,13.88,23.10,16.82,21.30,16.35
20.90,19.44,15.26,7.09,11.47,16.25,9.17,15.89,9.21,15.51
19.02,9.07,20.11,4.97,1.11,6.63,3.43,17.18,1.74,5.20
16.12,6.60,24.72,15.28,12.12,6.56,16.45,19.10,14.93,8.56
7.83,21.10,5.46,12.11,16.57,16.87,18.40,1.41,16.88,18.27
14.70,5.49,21.10,10.35,7.52,2.33,11.92,16.03,10.26,4.82
11.57,16.85,23.61,20.92,20.17,15.28,24.47,17.43,22.67,17.75
13.18,14.00,24.52,19.69,18.16,12.95,22.54,18.35,20.81,15.33
11.20,14.51,11.57,5.10,9.17,10.29,11.23,8.14,9.60,11.23
11.13,13.67,22.34,17.95,16.90,11.98,21.23,16.16,19.45,14.44
20.55,12.35,19.54,4.60,4.49,9.98,1.85,17.65,1.73,8.54
20.44,16.18,16.95,4.80,8.18,13.26,5.75,16.32,5.78,12.27
7.43,20.01,6.48,11.32,15.61,15.79,17.59,1.74,16.03,17.21
12.49,10.85,22.66,16.29,14.58,9.41,18.96,16.63,17.23,11.82
10.47,17.17,22.59,20.49,20.03,15.33,24.28,16.42,22.46,17.82
7.56,13.60,17.99,14.50,14.60,10.66,18.68,11.86,16.82,13.12
20.61,14.85,18.01,4.52,6.87,12.14,4.22,16.92,4.33,10.98
6.43,15.83,17.99,16.36,16.82,12.97,20.83,11.79,18.96,15.43
19.29,18.18,14.36,5.53,10.30,14.82,8.58,14.48,8.29,14.25
11.36,9.73,20.44,13.50,12.14,7.34,16.47,14.59,14.70,9.84
11.02,9.36,19.24,11.88,10.77,6.37,15.05,13.56,13.25,8.86
20.60,16.99,16.58,5.32,8.99,14.01,6.55,16.25,6.61,13.07
10.28,14.39,11.57,5.93,9.57,10.14,11.94,7.64,10.24,11.29
7.37,17.17,9.16,9.32,13.07,12.94,15.45,4.21,13.78,14.43
8.15,22.78,4.37,13.74,18.28,18.56,20.02,1.86,18.54,19.99
19.00,15.37,16.02,3.39,7.43,12.21,5.82,15.03,5.38,11.44
21.48,14.65,19.06,5.31,6.77,12.20,3.50,17.92,4.03,10.84
9.20,19.15,6.81,9.47,14.10,14.90,15.76,3.80,14.27,16.08
10.60,16.46,22.58,20.01,19.42,14.67,23.70,16.39,21.88,17.15
19.22,16.88,15.20,4.49,8.96,13.63,7.22,14.79,6.90,12.94
9.27,18.20,21.57,20.53,20.51,16.06,24.67,15.45,22.83,18.56
9.22,20.13,5.85,10.36,15.07,15.88,16.64,3.27,15.18,17.08
12.36,20.73,6.00,9.32,14.63,16.54,15.37,6.30,14.16,17.30
10.88,15.85,22.73,19.70,18.96,14.13,23.26,16.54,21.45,16.61
9.61,17.39,8.56,7.82,12.29,13.14,14.09,5.23,12.55,14.27
7.15,18.89,19.55,19.74,20.31,16.31,24.32,13.49,22.45,18.79
13.02,13.90,24.34,19.50,17.99,12.80,22.37,18.17,20.63,15.18
14.23,5.98,20.62,10.11,7.56,2.61,11.95,15.53,10.25,5.11
3.89,19.88,8.98,13.45,16.85,15.83,19.52,2.82,17.80,17.66
11.62,13.41,22.76,18.09,16.88,11.86,21.22,16.60,19.45,14.31
10.36,9.82,17.79,10.48,9.96,6.28,14.10,12.25,12.25,8.64
10.82,15.13,10.90,5.64,9.84,10.91,11.83,7.51,10.22,11.89
22.32,12.11,21.56,6.59,4.92,10.42,0.53,19.63,2.36,8.58
8.56,11.81,15.53,9.84,10.57,7.94,14.36,9.95,12.50,10.09
11.35,19.97,6.30,9.02,14.16,15.75,15.21,5.50,13.90,16.63
9.23,14.51,20.61,17.30,16.85,12.30,21.07,14.42,19.25,14.80
19.90,13.76,17.99,3.72,5.76,10.99,3.62,16.51,3.34,9.86
11.54,9.26,20.27,12.94,11.51,6.75,15.85,14.50,14.07,9.24
8.10,21.96,4.75,12.85,17.39,17.73,19.14,1.56,17.65,19.12
11.64,9.18,20.36,12.97,11.50,6.70,15.84,14.59,14.07,9.20
10.37,18.29,22.67,21.28,21.01,16.39,25.23,16.54,23.40,18.88
11.19,10.44,20.78,14.40,13.10,8.26,17.43,14.83,15.66,10.75
13.06,13.24,24.18,18.97,17.38,12.15,21.76,18.03,20.03,14.53
8.34,19.49,6.62,10.30,14.75,15.24,16.58,2.84,15.05,16.55
9.50,13.19,20.31,16.09,15.47,10.90,19.72,14.17,17.90,13.40
9.65,12.05,19.81,14.79,14.09,9.58,18.34,13.75,16.52,12.08
11.27,17.08,23.36,20.91,20.26,15.43,24.55,17.18,22.74,17.90
19.07,15.68,15.88,3.61,7.74,12.50,6.07,15.01,5.67,11.74
21.21,17.54,16.89,6.00,9.54,14.63,6.86,16.77,7.08,13.63
5.05,18.16,17.31,17.73,18.73,15.17,22.59,11.21,20.72,17.60
17.44,7.90,19.59,5.16,1.24,4.86,5.41,16.13,3.67,3.98
12.66,9.22,21.95,14.55,12.67,7.50,17.05,16.09,15.33,9.94
5.94,18.17,8.84,10.91,14.52,13.99,17.02,3.13,15.33,15.64
10.00,14.18,21.32,17.58,16.88,12.17,21.16,15.14,19.34,14.66
15.73,7.99,18.53,5.13,3.00,4.23,7.02,14.71,5.19,4.34
21.53,21.64,14.52,9.04,13.71,18.34,11.45,16.05,11.49,17.70
13.63,15.03,25.24,20.80,19.31,14.08,23.68,19.04,21.95,16.45
19.76,15.12,16.95,3.85,7.13,12.16,5.05,15.92,4.83,11.20
18.91,14.94,16.22,3.11,7.00,11.80,5.48,15.07,4.97,11.01
12.23,13.13,23.29,18.27,16.88,11.76,21.24,17.14,19.49,14.19
7.95,20.13,6.16,11.11,15.53,15.89,17.40,2.07,15.86,17.26
15.18,5.01,21.56,10.59,7.50,2.12,11.89,16.52,10.28,4.57
23.70,18.35,19.28,8.08,10.49,15.90,6.89,19.32,7.74,14.56
12.98,7.75,21.20,12.69,10.64,5.53,15.02,15.59,13.31,8.00
12.33,9.14,21.43,14.00,12.24,7.17,16.61,15.60,14.88,9.63
14.52,6.58,22.63,13.32,10.62,5.18,15.01,17.09,13.38,7.50
8.97,17.74,21.21,19.99,19.97,15.55,24.13,15.07,22.28,18.05
7.61,18.67,7.60,10.09,14.25,14.43,16.34,2.99,14.74,15.84
15.09,15.25,12.75,2.62,8.18,11.40,8.63,11.10,7.40,11.47
18.49,9.52,19.39,4.25,1.54,6.80,3.64,16.51,1.80,5.60
5.55,21.66,6.92,14.07,18.02,17.53,20.30,1.28,18.67,19.21
7.64,16.72,9.53,8.91,12.60,12.49,15.01,4.69,13.33,13.96
13.17,11.40,23.65,17.40,15.57,10.29,19.96,17.58,18.25,12.66
9.14,13.94,20.27,16.62,16.15,11.64,20.38,14.09,18.55,14.14
18.85,18.44,13.70,5.64,10.63,14.99,9.12,13.93,8.74,14.52
17.69,8.76,19.23,4.45,1.23,5.78,4.70,16.03,2.88,4.82
11.98,17.35,24.11,21.56,20.78,15.86,25.09,17.93,23.29,18.32
11.11,23.60,2.35,13.08,18.17,19.35,19.25,4.58,17.95,20.44
10.65,18.24,22.93,21.41,21.07,16.40,25.31,16.80,23.48,18.89
14.05,10.00,24.01,16.79,14.57,9.17,18.96,18.05,17.30,11.47
5.54,18.82,8.50,11.60,15.24,14.66,17.72,2.56,16.04,16.33
13.95,15.81,11.54,3.73,9.12,11.82,9.90,9.79,8.60,12.14
9.64,19.44,6.51,9.46,14.22,15.19,15.74,4.04,14.29,16.31
22.70,17.83,18.41,7.15,9.90,15.22,6.59,18.34,7.22,14.00
7.13,14.75,11.98,9.14,11.71,10.61,14.76,6.57,12.96,12.37
12.79,9.37,22.22,14.90,12.99,7.78,17.37,16.34,15.66,10.20
9.11,13.63,20.08,16.24,15.77,11.28,19.99,13.92,18.16,13.78
10.48,11.39,20.49,14.86,13.85,9.13,18.15,14.46,16.35,11.62
9.10,16.65,9.32,7.73,11.87,12.40,13.95,5.40,12.34,13.63
20.18,19.06,14.71,6.54,11.13,15.78,9.09,15.21,8.98,15.13
8.17,14.76,19.52,16.66,16.54,12.25,20.70,13.33,18.85,14.75
13.64,18.95,25.92,23.67,22.77,17.74,27.10,19.78,25.31,20.17
9.70,16.46,21.69,19.42,19.05,14.45,23.28,15.50,21.45,16.94
7.69,17.41,19.87,18.88,19.13,14.94,23.21,13.72,21.36,17.44
10.46,10.91,20.09,14.13,13.12,8.48,17.41,14.12,15.61,10.98
10.98,12.56,21.73,16.74,15.62,10.72,19.95,15.60,18.17,13.20
11.06,14.08,22.40,18.28,17.30,12.39,21.62,16.22,19.83,14.86
12.42,19.09,24.75,23.06,22.45,17.59,26.74,18.63,24.94,20.05
5.15,18.84,8.74,11.87,15.41,14.71,17.97,2.68,16.27,16.42
19.93,18.83,14.59,6.27,10.91,15.53,8.95,15.00,8.80,14.89
6.25,19.42,7.58,11.57,15.50,15.23,17.77,1.84,16.14,16.81
10.59,14.02,21.89,17.87,17.00,12.18,21.31,15.71,19.51,14.66
9.54,19.45,21.95,21.62,21.72,17.32,25.86,15.90,24.01,19.82
9.40,16.78,21.46,19.48,19.23,14.69,23.44,15.28,21.60,17.19
11.58,9.61,20.68,13.65,12.19,7.32,16.53,14.84,14.77,9.81
13.39,9.77,23.17,15.97,13.90,8.59,18.30,17.23,16.61,10.95
11.22,15.14,22.88,19.32,18.42,13.51,22.74,16.69,20.94,15.98
12.41,13.96,12.40,3.85,8.13,9.81,10.01,9.33,8.40,10.51
9.33,17.71,8.24,8.24,12.69,13.46,14.51,4.82,12.97,14.63
14.68,7.32,23.39,14.56,11.87,6.40,16.26,17.70,14.64,8.65
6.28,17.62,18.47,18.09,18.72,14.86,22.70,12.33,20.83,17.32
8.16,17.73,20.40,19.46,19.63,15.37,23.74,14.26,21.89,17.86
20.13,14.59,17.68,4.03,6.60,11.79,4.26,16.48,4.16,10.70
13.35,13.14,13.47,2.84,7.01,9.08,8.88,10.48,7.25,9.57
11.19,14.84,22.77,19.05,18.12,13.21,22.44,16.58,20.64,15.67
13.20,19.56,25.55,23.83,23.13,18.20,27.44,19.44,25.64,20.65
6.32,18.83,18.71,19.16,19.92,16.09,23.87,12.66,22.00,18.56
6.81,15.10,18.06,15.82,16.15,12.24,20.18,11.87,18.32,14.71
8.62,14.58,19.96,16.86,16.59,12.18,20.77,13.77,18.94,14.68
21.19,16.68,17.43,5.57,8.69,13.87,5.90,16.99,6.16,12.79
10.80,18.62,23.13,21.78,21.46,16.80,25.70,17.01,23.87,19.29
10.13,12.07,13.99,6.71,8.59,7.83,11.83,9.28,9.99,9.37
13.32,14.19,24.72,19.93,18.40,13.18,22.78,18.54,21.05,15.55
22.90,18.59,18.17,7.63,10.64,15.92,7.38,18.36,7.99,14.74
7.61,12.57,16.05,11.56,12.15,9.00,16.03,10.17,14.17,11.30
10.46,14.80,22.01,18.49,17.74,12.95,22.03,15.82,20.22,15.44
10.78,16.41,22.76,20.09,19.45,14.66,23.73,16.57,21.92,17.14
12.36,12.31,23.14,17.63,16.11,10.96,20.48,17.02,18.74,13.38
19.34,8.45,20.75,5.68,0.78,6.26,3.65,17.70,2.19,4.63
8.91,19.97,6.04,10.38,15.01,15.72,16.67,3.06,15.19,16.95
7.42,18.16,8.15,9.86,13.88,13.93,16.07,3.34,14.45,15.37
26.45,21.98,20.47,11.49,14.17,19.59,10.40,21.52,11.40,18.22
11.88,15.11,11.18,4.74,9.33,10.94,11.00,8.30,9.46,11.70
19.19,13.29,17.60,3.01,5.30,10.38,3.81,15.92,3.13,9.37
6.56,18.61,8.09,10.76,14.63,14.41,16.94,2.67,15.30,15.96
3.95,17.87,10.57,12.31,15.23,13.86,18.17,4.41,16.40,15.76
11.08,17.92,23.31,21.44,20.95,16.19,25.21,17.16,23.39,18.67
5.50,19.57,7.94,12.16,15.92,15.41,18.33,1.86,16.66,17.07
16.17,14.60,14.06,1.65,7.20,10.94,7.31,12.40,6.16,10.74
9.89,10.73,18.90,12.80,12.10,7.82,16.32,13.02,14.50,10.31
6.33,20.76,18.72,20.57,21.64,17.96,25.50,12.88,23.63,20.42
9.58,16.90,9.05,7.52,11.87,12.65,13.78,5.53,12.21,13.80
10.76,15.68,10.37,5.93,10.31,11.45,12.17,7.14,10.60,12.43
11.35,9.47,20.16,13.00,11.65,6.93,15.98,14.36,14.20,9.43
17.26,14.37,15.11,1.67,6.68,10.92,6.26,13.57,5.27,10.46
9.84,19.10,22.22,21.54,21.52,17.04,25.69,16.15,23.85,19.54
9.42,20.86,5.12,10.96,15.75,16.61,17.24,3.16,15.81,17.80
9.08,18.75,7.22,9.20,13.75,14.49,15.49,3.94,13.98,15.69
9.98,13.67,21.09,17.04,16.31,11.60,20.58,14.92,18.77,14.10
7.71,15.09,11.27,8.47,11.49,10.89,14.29,6.19,12.53,12.49
12.56,9.72,22.14,15.08,13.27,8.10,17.65,16.23,15.92,10.53
11.73,17.82,8.59,6.78,11.87,13.63,13.02,6.81,11.65,14.41
22.56,14.78,20.18,6.37,7.10,12.63,3.23,19.07,4.28,11.08
8.72,17.71,8.28,8.66,12.94,13.46,14.92,4.39,13.34,14.73
9.57,20.91,5.06,10.93,15.75,16.66,17.19,3.30,15.78,17.83
9.01,18.44,21.35,20.56,20.62,16.24,24.77,15.24,22.92,18.74
9.68,12.95,13.09,6.76,9.19,8.71,12.21,8.44,10.40,10.19
10.62,10.80,20.23,14.17,13.10,8.41,17.40,14.27,15.60,10.91
26.55,18.88,22.51,10.54,11.53,17.09,7.28,22.43,8.73,15.36
10.80,15.05,10.98,5.62,9.79,10.82,11.80,7.54,10.18,11.82
9.74,18.47,22.06,21.02,20.93,16.42,25.11,15.95,23.27,18.92
12.71,14.89,11.70,3.95,8.76,10.77,10.23,9.10,8.73,11.36
9.57,15.86,21.40,18.81,18.41,13.81,22.64,15.21,20.81,16.30
11.94,18.93,24.27,22.68,22.15,17.34,26.43,18.15,24.61,19.81
7.29,17.59,19.50,18.77,19.13,15.04,23.19,13.36,21.33,17.53
7.84,13.44,18.28,14.61,14.60,10.57,18.70,12.15,16.85,13.04
12.18,8.00,19.21,10.34,8.87,4.59,13.17,13.85,11.38,7.04
12.10,8.08,19.16,10.36,8.93,4.67,13.22,13.79,11.43,7.11
9.90,14.84,21.45,18.13,17.53,12.84,21.79,15.25,19.97,15.34
5.86,21.12,6.80,13.32,17.32,16.96,19.55,0.69,17.94,18.59
8.17,15.10,19.67,17.04,16.94,12.64,21.09,13.48,19.25,15.13
11.09,11.40,21.28,15.55,14.32,9.43,18.65,15.24,16.88,11.91
22.38,17.14,18.49,6.65,9.21,14.55,5.92,18.18,6.53,13.31
13.69,18.26,9.24,6.17,11.64,14.19,12.13,8.54,10.97,14.64
5.09,20.91,7.52,13.59,17.40,16.79,19.78,1.46,18.13,18.50
12.11,9.40,21.32,14.10,12.43,7.40,16.79,15.47,15.05,9.86
8.97,17.72,8.25,8.49,12.85,13.47,14.76,4.55,13.19,14.69
10.47,17.83,22.70,20.99,20.63,15.97,24.87,16.55,23.04,18.46
7.52,13.70,18.02,14.61,14.73,10.78,18.80,11.88,16.94,13.24
21.80,15.73,18.73,5.76,7.81,13.20,4.55,17.94,5.11,11.90
11.58,16.12,10.16,5.56,10.33,11.93,11.85,7.53,10.36,12.73
12.25,9.13,21.31,13.88,12.15,7.10,16.52,15.48,14.78,9.57
9.78,15.03,21.38,18.21,17.66,13.00,21.91,15.18,20.09,15.49
16.50,13.71,14.97,0.79,6.21,10.14,6.43,13.06,5.19,9.83
12.20,8.16,18.42,9.10,7.90,4.29,12.13,13.27,10.31,6.57
11.46,16.17,23.37,20.32,19.50,14.59,23.81,17.18,22.01,17.06
18.21,17.01,14.08,4.23,9.23,13.56,7.99,13.67,7.45,13.09
11.57,14.57,23.08,19.08,18.02,13.04,22.35,16.89,20.57,15.49
12.48,9.54,21.92,14.75,12.95,7.81,17.33,16.02,15.61,10.25
11.90,13.96,23.23,18.78,17.57,12.52,21.92,17.05,20.15,14.96
12.14,15.83,23.96,20.49,19.45,14.44,23.79,17.77,22.01,16.88
7.12,22.89,5.31,14.47,18.79,18.70,20.75,1.63,19.21,20.26
13.34,14.69,24.87,20.35,18.88,13.67,23.26,18.68,21.52,16.05
19.63,16.55,15.84,4.48,8.59,13.41,6.62,15.33,6.41,12.62
9.52,16.08,21.42,18.97,18.60,14.01,22.83,15.22,21.00,16.51
18.29,14.38,16.02,2.38,6.50,11.15,5.45,14.62,4.69,10.45
17.89,10.59,18.21,3.00,2.73,7.55,4.00,15.55,2.22,6.65
8.89,22.32,4.07,12.80,17.50,18.08,19.08,2.35,17.63,19.39
7.82,13.55,18.34,14.75,14.75,10.70,18.85,12.20,17.00,13.17
11.22,16.45,23.20,20.40,19.66,14.81,23.96,17.01,22.15,17.28
10.71,13.03,21.64,17.00,16.00,11.15,20.32,15.49,18.53,13.63
9.62,16.50,21.62,19.40,19.06,14.47,23.28,15.43,21.45,16.96
6.10,18.77,18.48,18.97,19.78,15.99,23.70,12.43,21.84,18.45
11.19,9.52,19.90,12.78,11.52,6.87,15.83,14.12,14.04,9.37
7.60,15.98,19.37,17.48,17.61,13.43,21.72,13.18,19.86,15.92
7.53,14.81,18.78,16.14,16.23,12.12,20.33,12.59,18.47,14.60
4.94,20.20,7.96,13.03,16.74,16.07,19.19,1.77,17.52,17.79
12.94,19.96,25.33,23.95,23.37,18.50,27.66,19.25,25.85,20.96
7.30,13.69,17.65,14.29,14.51,10.67,18.55,11.52,16.69,13.12
10.95,19.28,23.33,22.34,22.09,17.45,26.31,17.25,24.48,19.94
11.16,20.66,5.51,9.82,14.95,16.43,16.01,5.06,14.70,17.37
15.24,6.70,23.72,14.46,11.55,6.02,15.92,18.10,14.34,8.19
9.14,20.23,5.76,10.50,15.20,15.98,16.78,3.14,15.32,17.19
12.27,8.99,21.23,13.70,11.95,6.92,16.32,15.43,14.58,9.39
6.26,15.68,17.70,16.02,16.54,12.75,20.52,11.51,18.66,15.20
17.84,12.00,17.24,1.99,4.15,8.85,4.32,14.99,2.90,8.07
9.39,13.10,20.14,15.89,15.30,10.76,19.54,14.00,17.72,13.26
19.19,16.85,15.18,4.46,8.94,13.60,7.21,14.77,6.89,12.92
11.89,12.95,13.14,4.34,7.71,8.75,10.13,9.51,8.40,9.65
21.88,18.61,16.94,7.00,10.62,15.71,7.79,17.20,8.12,14.71
8.12,23.30,4.32,14.35,18.88,19.08,20.64,2.17,19.15,20.54
8.71,15.62,20.44,17.97,17.76,13.33,21.95,14.25,20.11,15.83
10.81,21.29,4.74,10.67,15.73,17.05,16.87,4.49,15.54,18.07
6.33,16.26,10.61,9.88,12.96,12.11,15.77,5.05,14.01,13.82
7.67,15.47,19.26,17.02,17.09,12.90,21.20,13.07,19.35,15.39
5.91,17.56,18.07,17.77,18.49,14.72,22.44,11.93,20.57,17.17
9.18,15.41,20.87,18.12,17.77,13.24,21.99,14.67,20.15,15.74
11.27,19.33,23.65,22.56,22.25,17.56,26.49,17.56,24.66,20.05
20.71,9.41,21.48,6.21,2.32,7.67,2.29,18.78,1.56,5.80
9.18,13.94,20.31,16.65,16.17,11.65,20.40,14.14,18.57,14.15
8.95,16.69,20.98,19.11,18.96,14.50,23.14,14.80,21.30,17.00
13.58,7.16,21.63,12.68,10.36,5.12,14.75,16.07,13.07,7.56
12.20,13.54,23.41,18.63,17.29,12.18,21.65,17.24,19.89,14.61
10.76,17.00,22.85,20.54,19.99,15.24,24.26,16.67,22.44,17.72
8.27,20.15,20.70,21.34,21.85,17.73,25.89,14.74,24.02,20.22
21.36,11.09,21.15,5.96,3.74,9.25,0.66,18.92,1.29,7.47
11.20,23.97,1.98,13.47,18.56,19.72,19.63,4.70,18.35,20.83
7.83,19.82,20.27,20.85,21.41,17.34,25.42,14.29,23.56,19.83
7.40,12.78,15.98,11.72,12.36,9.22,16.24,10.06,14.37,11.53
5.88,19.80,18.32,19.63,20.63,16.96,24.50,12.37,22.64,19.41
12.42,12.48,23.26,17.83,16.31,11.15,20.68,17.14,18.94,13.57
8.18,18.95,7.17,9.94,14.29,14.70,16.21,3.11,14.66,16.03
12.65,16.96,9.81,5.49,10.70,12.84,11.71,8.06,10.37,13.44
12.14,16.63,24.13,21.11,20.19,15.21,24.51,17.94,22.73,17.66
12.63,17.45,24.75,22.02,21.11,16.12,25.44,18.57,23.65,18.56
11.14,12.06,21.67,16.34,15.14,10.21,19.48,15.58,17.70,12.69
19.62,13.40,17.95,3.45,5.41,10.61,3.53,16.33,3.06,9.50
14.63,11.21,15.61,2.44,4.89,7.31,7.27,12.41,5.50,7.52
6.85,22.03,5.68,13.66,17.92,17.84,19.94,0.76,18.38,19.38
10.47,20.67,22.90,22.99,23.09,18.64,27.24,16.93,25.39,21.14
18.61,11.08,18.50,3.22,3.10,8.24,3.30,16.08,1.66,7.16
9.95,16.47,21.95,19.59,19.17,14.52,23.41,15.76,21.58,17.01
5.66,18.90,18.05,18.79,19.72,16.04,23.61,12.01,21.74,18.49
8.92,18.61,21.27,20.63,20.74,16.39,24.88,15.18,23.03,18.89
12.86,13.48,24.05,19.03,17.52,12.33,21.90,17.89,20.16,14.72
9.29,14.51,20.68,17.34,16.87,12.32,21.11,14.49,19.28,14.81
10.50,13.64,21.66,17.44,16.56,11.74,20.86,15.49,19.06,14.23
11.36,10.37,20.96,14.50,13.14,8.25,17.48,15.02,15.71,10.73
16.61,16.56,12.93,3.60,9.08,12.88,8.62,12.14,7.74,12.70
8.14,17.82,20.40,19.52,19.71,15.45,23.82,14.27,21.96,17.95
8.30,17.78,20.54,19.58,19.73,15.44,23.85,14.41,22.00,17.94
10.01,15.05,21.62,18.39,17.79,13.08,22.05,15.42,20.23,15.57
19.54,16.62,15.71,4.47,8.66,13.45,6.74,15.22,6.51,12.68
18.10,15.32,15.20,2.81,7.49,11.98,6.41,14.11,5.73,11.39
8.22,15.73,19.96,17.72,17.65,13.33,21.81,13.77,19.96,15.83
21.62,6.41,24.10,9.15,3.65,6.20,5.54,20.70,5.09,3.74
8.62,13.58,19.45,15.70,15.39,11.04,19.57,13.30,17.74,13.54
18.13,10.45,18.50,3.27,2.54,7.51,3.77,15.83,1.96,6.52
3.79,19.04,9.61,12.94,16.16,15.00,18.93,3.41,17.19,16.86
8.74,18.82,21.11,20.68,20.87,16.56,24.98,15.04,23.13,19.05
9.54,19.09,21.93,21.36,21.40,16.97,25.56,15.86,23.71,19.47
10.29,17.80,22.52,20.86,20.54,15.90,24.77,16.37,22.94,18.39
12.26,18.12,8.53,6.75,11.98,13.96,12.94,7.17,11.63,14.65
6.00,19.34,7.78,11.66,15.52,15.16,17.85,1.94,16.20,16.77
12.88,14.39,24.34,19.81,18.41,13.24,22.78,18.16,21.03,15.64
8.82,19.92,21.25,21.52,21.86,17.62,25.94,15.26,24.09,20.12
9.81,17.57,8.39,7.81,12.37,13.33,14.09,5.27,12.57,14.42
12.51,9.71,22.07,15.00,13.20,8.05,17.58,16.16,15.86,10.48
20.21,8.23,21.68,6.54,1.54,6.53,3.48,18.65,2.49,4.60
6.87,20.08,19.30,20.44,21.27,17.41,25.20,13.37,23.34,19.88
8.17,18.20,20.48,19.84,20.07,15.83,24.17,14.37,22.32,18.33
14.19,17.69,26.29,23.10,21.87,16.71,26.24,20.11,24.48,19.10
8.08,24.18,4.53,15.45,19.92,19.98,21.74,2.92,20.24,21.50
8.69,16.46,9.55,7.95,11.90,12.21,14.12,5.32,12.48,13.52
13.89,18.63,26.13,23.58,22.58,17.50,26.92,19.97,25.15,19.92
8.07,17.40,8.71,8.92,12.95,13.16,15.13,4.27,13.50,14.53
10.20,13.83,21.40,17.39,16.60,11.85,20.89,15.23,19.08,14.34
10.48,18.63,7.42,8.24,13.11,14.39,14.51,5.24,13.09,15.38
12.26,21.24,5.41,9.90,15.20,17.03,15.96,6.06,14.75,17.84
11.13,12.73,21.98,17.04,15.90,10.96,20.23,15.84,18.45,13.43
19.77,16.27,16.19,4.40,8.29,13.19,6.23,15.58,6.06,12.34
10.47,10.31,19.51,13.06,12.09,7.59,16.36,13.65,14.55,10.09
6.58,18.30,18.91,18.89,19.52,15.61,23.50,12.81,21.64,18.08
25.31,12.65,24.76,9.82,7.06,12.02,3.54,22.84,5.24,9.77
22.88,18.29,18.34,7.47,10.35,15.65,7.05,18.42,7.68,14.45
8.73,16.81,20.79,19.06,18.98,14.57,23.15,14.62,21.30,17.07
13.28,13.35,24.43,19.21,17.58,12.33,21.96,18.28,20.24,14.70
10.30,21.01,4.96,10.64,15.60,16.76,16.87,4.03,15.51,17.84
9.15,18.79,7.17,9.20,13.77,14.54,15.48,3.97,13.98,15.73
19.79,15.90,16.46,4.21,7.91,12.86,5.83,15.71,5.65,11.97
22.40,15.95,19.26,6.33,8.11,13.55,4.58,18.54,5.35,12.17
8.45,12.75,18.60,14.30,14.08,9.93,18.22,12.51,16.38,12.41
11.20,13.11,22.20,17.48,16.35,11.40,20.68,16.05,18.90,13.87
7.35,20.36,6.25,11.68,15.98,16.13,17.95,1.41,16.39,17.58
10.42,22.64,3.32,12.34,17.33,18.39,18.55,3.87,17.21,19.52
7.34,17.81,8.53,9.70,13.61,13.58,15.88,3.62,14.24,15.05
12.34,12.68,23.25,17.96,16.48,11.34,20.85,17.12,19.11,13.76
8.01,14.86,19.38,16.64,16.57,12.32,20.71,13.19,18.87,14.81
9.76,22.05,3.96,12.03,16.91,17.80,18.28,3.23,16.89,18.99
10.54,17.13,8.92,6.99,11.67,12.90,13.28,6.12,11.78,13.88
4.52,18.50,9.49,12.12,15.41,14.41,18.13,3.36,16.40,16.21
16.11,9.03,18.00,3.95,2.67,5.46,6.10,14.56,4.24,5.22
12.49,10.97,22.71,16.40,14.71,9.54,19.09,16.67,17.36,11.95
9.60,17.78,21.83,20.42,20.25,15.73,24.45,15.69,22.61,18.23
10.48,12.74,21.25,16.49,15.54,10.74,19.84,15.12,18.04,13.23
18.21,7.20,20.57,6.04,0.93,4.62,5.31,17.07,3.75,3.27
6.59,20.86,6.38,12.61,16.77,16.66,18.87,0.44,17.29,18.20
9.95,18.38,22.26,21.09,20.93,16.38,25.13,16.14,23.29,18.88
7.36,15.19,18.78,16.44,16.59,12.50,20.68,12.58,18.82,14.98
5.26,19.05,8.49,11.94,15.56,14.91,18.06,2.44,16.38,16.61
11.50,14.90,11.26,4.97,9.33,10.70,11.18,8.13,9.60,11.56
9.33,17.75,8.20,8.27,12.73,13.50,14.55,4.78,13.01,14.67
11.11,17.98,8.23,7.29,12.24,13.76,13.56,6.16,12.15,14.64
5.72,19.97,7.52,12.35,16.22,15.81,18.55,1.41,16.91,17.44
9.57,13.74,20.66,16.77,16.16,11.55,20.42,14.49,18.60,14.05
17.69,15.32,14.82,2.62,7.56,11.89,6.72,13.68,5.93,11.40
8.82,15.98,10.02,7.65,11.47,11.73,13.78,5.74,12.11,13.05
14.26,8.42,23.49,15.37,12.92,7.48,17.31,17.68,15.67,9.77
7.73,20.39,6.04,11.49,15.88,16.16,17.77,1.70,16.23,17.56
13.24,7.67,21.56,13.01,10.85,5.66,15.24,15.93,13.54,8.11
12.39,15.42,11.09,4.51,9.37,11.29,10.80,8.56,9.32,11.94
4.61,21.98,7.84,15.00,18.73,17.90,21.18,2.50,19.52,19.69
9.16,13.93,12.12,7.06,9.97,9.69,12.78,7.50,11.01,11.14
23.41,18.53,18.82,7.95,10.63,15.99,7.17,18.95,7.92,14.72
10.26,11.21,20.03,14.32,13.39,8.77,17.67,14.04,15.86,11.27
8.29,21.67,4.82,12.44,17.01,17.43,18.72,1.75,17.24,18.79
7.93,16.19,19.80,17.94,18.00,13.74,22.13,13.62,20.28,16.24
8.63,17.26,8.75,8.43,12.58,13.01,14.66,4.68,13.05,14.30
9.55,16.34,21.51,19.21,18.87,14.28,23.09,15.32,21.26,16.78
8.90,18.32,21.22,20.39,20.47,16.10,24.61,15.11,22.76,18.60
11.34,15.97,23.21,20.09,19.26,14.37,23.57,17.02,21.77,16.83
13.19,9.65,22.87,15.65,13.64,8.35,18.03,16.95,16.33,10.73
9.57,15.42,10.53,6.81,10.68,11.17,12.93,6.54,11.27,12.38
4.73,16.61,16.31,15.74,16.79,13.42,20.60,10.12,18.74,15.81
15.29,6.47,23.65,14.25,11.30,5.77,15.66,18.06,14.09,7.93
9.85,20.29,5.66,10.15,15.01,16.04,16.42,3.83,15.01,17.15
7.08,17.16,19.18,18.24,18.61,14.55,22.66,13.03,20.80,17.04
9.50,15.85,21.33,18.75,18.36,13.77,22.59,15.14,20.76,16.27
10.45,13.80,21.66,17.55,16.69,11.89,20.99,15.48,19.19,14.38
8.08,19.73,20.52,20.94,21.42,17.30,25.46,14.52,23.60,19.79
8.61,15.04,20.13,17.33,17.10,12.69,21.28,13.94,19.45,15.19
9.43,19.85,21.86,21.83,22.03,17.67,26.15,15.85,24.30,20.17
21.08,14.84,18.52,4.95,6.89,12.25,3.92,17.43,4.24,10.99
12.12,8.66,20.65,12.83,11.16,6.25,15.52,14.93,13.76,8.75
10.70,12.93,21.58,16.88,15.88,11.03,20.19,15.43,18.40,13.51
7.74,17.39,19.91,18.90,19.13,14.94,23.22,13.76,21.36,17.43
6.44,17.71,9.01,10.30,13.92,13.52,16.40,3.56,14.72,15.11
18.24,16.97,14.15,4.19,9.18,13.53,7.92,13.72,7.38,13.04
6.15,15.61,17.53,15.83,16.39,12.65,20.36,11.33,18.49,15.09
12.57,13.42,23.74,18.78,17.33,12.17,21.70,17.58,19.96,14.58
12.68,7.84,20.70,12.18,10.28,5.33,14.66,15.12,12.92,7.82
11.65,10.35,21.35,14.84,13.37,8.39,17.72,15.39,15.96,10.87
9.87,11.97,20.06,14.94,14.15,9.57,18.42,13.99,16.61,12.07
9.31,19.66,6.30,9.86,14.56,15.41,16.15,3.60,14.68,16.58
8.24,14.33,11.94,7.99,10.77,10.12,13.68,6.95,11.90,11.72
8.86,12.18,18.71,13.91,13.55,9.35,17.72,12.67,15.89,11.84
12.04,18.47,24.32,22.41,21.79,16.93,26.08,18.18,24.27,19.40
13.69,11.51,24.23,17.91,15.95,10.61,20.34,18.16,18.65,12.94
12.40,17.58,24.55,21.98,21.14,16.18,25.46,18.38,23.67,18.63
10.90,15.66,22.70,19.55,18.79,13.95,23.09,16.51,21.28,16.43
6.91,17.76,8.75,9.98,13.75,13.54,16.12,3.56,14.46,15.07
10.07,12.36,20.56,15.67,14.82,10.14,19.10,14.46,17.30,12.64
11.33,8.85,18.49,10.29,9.29,5.34,13.52,13.06,11.70,7.74
4.07,19.40,9.13,12.98,16.35,15.33,19.03,2.93,17.31,17.15
8.32,13.24,18.83,14.92,14.72,10.52,18.87,12.70,17.03,13.01
9.33,17.10,21.45,19.70,19.51,15.00,23.71,15.28,21.87,17.50
20.33,18.94,14.96,6.50,11.00,15.70,8.87,15.41,8.80,15.00
11.78,11.18,22.00,15.98,14.51,9.47,18.88,15.95,17.12,11.92
23.94,16.90,20.48,7.89,9.24,14.76,5.27,20.00,6.42,13.21
8.28,17.01,20.37,18.93,18.98,14.66,23.11,14.21,21.27,17.16
12.72,13.70,23.97,19.12,17.67,12.50,22.04,17.81,20.30,14.91
10.68,10.49,20.06,13.76,12.67,8.01,16.97,14.14,15.17,10.51
16.18,8.07,25.46,16.73,13.72,8.17,18.06,19.67,16.53,10.19
12.29,17.56,9.08,6.23,11.41,13.40,12.44,7.45,11.10,14.07
4.79,16.97,10.88,11.40,14.24,12.92,17.21,4.87,15.43,14.80
12.00,16.76,9.71,5.73,10.75,12.60,12.00,7.56,10.59,13.31
11.14,12.52,13.44,5.26,7.96,8.28,10.76,9.34,8.98,9.43
10.03,17.97,8.01,7.97,12.65,13.73,14.26,5.21,12.77,14.78
8.79,18.21,7.78,8.97,13.36,13.96,15.24,4.08,13.69,15.20
5.12,16.61,11.05,11.06,13.86,12.56,16.84,5.11,15.06,14.42
7.18,15.14,18.54,16.22,16.43,12.39,20.50,12.35,18.64,14.87
8.00,19.26,6.93,10.30,14.65,15.01,16.58,2.75,15.02,16.36
9.63,20.16,5.79,10.15,14.95,15.91,16.42,3.67,14.99,17.05
14.25,8.05,23.27,14.93,12.45,7.02,16.84,17.51,15.20,9.31
8.38,19.00,7.07,9.85,14.26,14.75,16.13,3.22,14.59,16.05
7.62,18.25,8.00,9.78,13.87,14.01,16.01,3.35,14.40,15.42
5.96,16.29,17.67,16.49,17.11,13.36,21.07,11.48,19.21,15.81
12.10,13.98,23.44,18.94,17.67,12.59,22.03,17.26,20.26,15.03
16.73,10.55,17.36,2.47,3.17,7.16,5.16,14.48,3.37,6.65
16.59,4.03,23.68,12.70,9.06,3.54,13.35,18.47,11.88,5.42
10.08,13.55,12.41,6.14,9.18,9.30,11.88,8.13,10.13,10.59
8.22,17.39,20.40,19.22,19.33,15.04,23.46,14.25,21.60,17.54
10.56,10.81,20.16,14.12,13.07,8.40,17.37,14.20,15.57,10.90
20.79,9.30,21.62,6.35,2.33,7.62,2.37,18.89,1.71,5.72
10.87,16.96,22.95,20.58,20.00,15.22,24.27,16.77,22.46,17.71
13.43,7.29,21.50,12.65,10.40,5.19,14.79,15.94,13.10,7.64
8.58,14.01,12.20,7.68,10.39,9.79,13.32,7.30,11.54,11.36
10.77,20.96,23.20,23.36,23.44,18.97,27.60,17.25,25.75,21.47
17.22,10.57,17.71,2.64,2.95,7.32,4.66,14.93,2.87,6.65
14.41,13.18,25.50,19.83,17.90,12.53,22.29,19.36,20.61,14.83
15.82,8.39,25.22,16.74,13.86,8.32,18.22,19.40,16.66,10.40
12.28,10.19,22.07,15.34,13.65,8.53,18.03,16.11,16.29,10.97
8.86,21.71,21.21,22.70,23.36,19.29,27.36,15.41,25.50,21.78
11.64,17.60,8.77,6.65,11.69,13.41,12.90,6.83,11.52,14.20
21.03,17.23,16.90,5.73,9.23,14.32,6.60,16.66,6.78,13.33
16.87,10.45,17.53,2.61,3.02,7.10,5.02,14.65,3.22,6.54
20.62,17.55,16.23,5.66,9.56,14.51,7.16,16.12,7.21,13.63
23.34,20.88,17.22,9.16,12.89,17.99,9.88,18.25,10.35,16.99
22.14,18.23,17.50,6.95,10.24,15.43,7.24,17.60,7.67,14.34
10.95,16.20,22.88,20.02,19.32,14.50,23.61,16.69,21.81,16.97
13.23,10.38,23.27,16.46,14.50,9.21,18.89,17.28,17.19,11.57
10.48,17.82,22.71,21.00,20.63,15.96,24.87,16.56,23.04,18.45
10.53,10.87,20.15,14.15,13.12,8.46,17.42,14.19,15.62,10.96
8.35,14.61,19.66,16.66,16.48,12.15,20.65,13.47,18.80,14.64
20.48,8.94,21.53,6.30,1.94,7.20,2.77,18.69,1.88,5.32
13.61,20.24,26.00,24.52,23.84,18.90,28.15,19.92,26.34,21.35
10.57,14.17,21.92,18.00,17.15,12.33,21.45,15.74,19.65,14.81
14.09,13.37,13.63,2.13,6.84,9.41,8.32,10.98,6.77,9.70
8.26,15.09,19.77,17.10,16.98,12.65,21.14,13.57,19.29,15.15
8.37,15.67,10.42,7.93,11.48,11.43,13.96,5.81,12.26,12.85
8.68,17.11,20.80,19.28,19.25,14.86,23.41,14.64,21.56,17.36
6.10,17.90,18.34,18.22,18.92,15.11,22.88,12.22,21.01,17.57
6.21,17.20,18.29,17.65,18.26,14.41,22.23,12.13,20.37,16.87
13.56,10.75,23.80,17.10,15.09,9.76,19.49,17.77,17.80,12.10
5.45,17.06,17.41,16.93,17.74,14.09,21.65,11.24,19.78,16.53
4.62,21.65,7.82,14.64,18.37,17.57,20.82,2.25,19.15,19.35
5.41,19.45,8.09,12.13,15.85,15.30,18.29,2.01,16.62,16.97
10.39,10.88,19.96,13.98,13.00,8.39,17.28,14.00,15.48,10.89
11.49,13.73,12.34,4.70,8.46,9.52,10.70,8.79,9.01,10.45
10.00,15.98,21.87,19.21,18.71,14.04,22.97,15.68,21.14,16.53
12.48,8.21,20.78,12.59,10.77,5.81,15.14,15.13,13.40,8.29
7.65,14.11,18.51,15.37,15.41,11.33,19.51,12.35,17.66,13.81
11.29,15.60,23.07,19.75,18.89,13.99,23.20,16.87,21.41,16.46
10.63,11.90,20.99,15.67,14.62,9.82,18.94,14.91,17.14,12.31
18.72,16.53,14.93,4.01,8.66,13.22,7.17,14.37,6.72,12.60
24.05,21.21,17.89,9.72,13.24,18.42,10.04,18.97,10.63,17.34
10.43,17.33,22.58,20.59,20.17,15.48,24.41,16.42,22.59,17.97
12.18,12.10,13.97,4.29,7.04,7.91,9.73,10.19,7.95,8.82
9.70,15.78,10.17,6.84,10.89,11.53,13.01,6.37,11.38,12.70
11.84,11.97,14.03,4.72,7.21,7.75,10.05,10.07,8.25,8.79
11.40,11.38,21.64,15.83,14.50,9.53,18.84,15.59,17.08,12.00
10.03,18.72,22.38,21.39,21.26,16.73,25.46,16.28,23.62,19.22
20.55,15.63,17.43,4.67,7.63,12.80,5.09,16.61,5.16,11.73
14.39,9.14,24.00,16.24,13.82,8.38,18.22,18.11,16.58,10.65
8.31,17.61,20.53,19.45,19.57,15.27,23.69,14.38,21.84,17.77
6.92,18.12,8.39,10.19,14.05,13.91,16.36,3.22,14.71,15.42
8.03,15.60,19.71,17.44,17.42,13.14,21.56,13.52,19.71,15.63
9.09,17.25,21.24,19.67,19.56,15.09,23.73,15.08,21.89,17.59
9.75,20.66,22.19,22.57,22.83,18.49,26.94,16.24,25.08,20.99
9.32,16.97,21.42,19.59,19.38,14.87,23.58,15.25,21.74,17.36
22.23,18.69,17.30,7.25,10.71,15.86,7.75,17.57,8.16,14.81
8.24,15.45,19.88,17.45,17.35,13.03,21.51,13.68,19.66,15.52
7.94,12.37,16.95,12.34,12.57,9.02,16.58,11.00,14.72,11.41
8.33,17.63,8.43,8.87,13.03,13.38,15.11,4.22,13.50,14.70
9.28,15.99,9.97,7.27,11.25,11.73,13.44,5.97,11.80,12.97
8.69,18.52,7.49,9.27,13.69,14.27,15.55,3.79,14.00,15.52
9.47,15.61,21.24,18.52,18.11,13.52,22.34,15.04,20.51,16.02
9.56,12.54,20.02,15.36,14.69,10.15,18.94,13.92,17.12,12.65
10.04,20.90,5.05,10.66,15.58,16.66,16.91,3.80,15.53,17.76
3.31,21.31,9.13,15.13,18.52,17.32,21.20,3.46,19.49,19.22
20.42,12.04,19.60,4.57,4.18,9.67,1.77,17.61,1.42,8.23
8.47,12.93,13.59,8.35,10.20,8.79,13.54,8.37,11.70,10.60
12.91,12.53,23.80,18.24,16.60,11.38,20.99,17.67,19.26,13.77
20.27,18.04,15.51,5.81,10.08,14.88,7.90,15.59,7.84,14.11
18.68,9.64,19.47,4.29,1.64,6.98,3.43,16.65,1.59,5.73
18.33,18.42,13.18,5.52,10.68,14.88,9.39,13.37,8.91,14.50
10.94,13.57,22.10,17.71,16.70,11.81,21.02,15.93,19.24,14.28
11.36,22.85,23.68,24.86,25.17,20.79,29.28,17.91,27.42,23.29
12.89,15.80,24.69,20.94,19.72,14.61,24.08,18.49,22.32,17.03
6.45,16.80,9.95,9.91,13.24,12.62,15.90,4.48,14.17,14.27
12.10,11.88,22.68,17.00,15.50,10.39,19.87,16.59,18.12,12.82
13.03,8.06,21.60,13.35,11.28,6.11,15.67,15.90,13.96,8.56
7.02,15.43,18.50,16.41,16.68,12.68,20.74,12.30,18.88,15.15
5.78,17.33,9.76,10.64,13.95,13.19,16.63,4.02,14.90,14.89
21.12,18.51,16.14,6.54,10.52,15.47,8.01,16.40,8.15,14.59
13.53,8.09,22.36,14.13,11.87,6.56,16.27,16.62,14.59,8.95
4.26,16.10,12.98,12.44,14.46,12.29,17.85,6.85,16.01,14.40
12.62,15.37,11.23,4.30,9.23,11.25,10.59,8.78,9.13,11.86
5.54,21.79,6.91,14.20,18.15,17.65,20.43,1.38,18.81,19.34
13.02,17.32,25.10,22.15,21.14,16.09,25.48,18.92,23.70,18.51
7.00,17.49,8.97,9.76,13.49,13.27,15.89,3.83,14.22,14.80
11.53,18.81,23.86,22.35,21.90,17.14,26.16,17.74,24.34,19.62
8.24,18.87,20.62,20.40,20.72,16.50,24.80,14.55,22.94,19.00
11.16,20.43,23.60,23.24,23.14,18.56,27.34,17.59,25.50,21.05
21.40,16.70,17.66,5.74,8.72,13.94,5.82,17.22,6.15,12.82
18.47,15.82,15.19,3.36,7.95,12.51,6.62,14.33,6.07,11.88
22.41,18.55,17.61,7.29,10.57,15.77,7.51,17.82,7.98,14.67
12.60,18.06,24.81,22.45,21.64,16.68,25.95,18.65,24.16,19.13
22.75,19.16,17.61,7.82,11.18,16.38,8.09,18.03,8.59,15.28
10.79,22.50,3.46,11.99,17.05,18.25,18.18,4.26,16.87,19.33
13.99,6.88,22.06,12.94,10.44,5.10,14.84,16.51,13.18,7.49
12.33,9.85,21.92,14.98,13.25,8.13,17.62,16.00,15.89,10.57
11.36,16.22,10.00,5.78,10.51,12.02,12.07,7.29,10.57,12.86
11.20,11.28,21.34,15.51,14.24,9.32,18.58,15.30,16.80,11.80
11.51,17.12,23.61,21.09,20.39,15.52,24.68,17.43,22.88,17.99
11.52,14.97,23.14,19.38,18.38,13.43,22.71,16.94,20.93,15.88
11.69,10.27,21.36,14.79,13.30,8.31,17.65,15.41,15.89,10.79
4.62,19.42,8.67,12.63,16.14,15.32,18.72,2.49,17.02,17.08
6.56,13.83,16.31,13.18,13.85,10.48,17.75,10.22,15.88,12.85
20.81,16.21,17.33,5.09,8.21,13.37,5.57,16.72,5.73,12.31
11.91,11.33,22.21,16.26,14.77,9.70,19.13,16.16,17.38,12.14
11.40,10.89,21.37,15.26,13.90,8.95,18.24,15.36,16.47,11.43
10.00,16.01,21.89,19.24,18.75,14.07,23.00,15.70,21.18,16.56
11.98,15.21,23.66,19.89,18.81,13.79,23.15,17.47,21.37,16.23
13.43,11.89,24.10,18.05,16.20,10.90,20.60,18.01,18.89,13.26
7.91,20.38,5.97,11.36,15.79,16.14,17.65,1.88,16.12,17.51
6.49,15.41,11.54,9.72,12.42,11.29,15.42,5.96,13.63,13.08
11.55,18.47,23.84,22.11,21.60,16.82,25.87,17.71,24.06,19.29
15.43,13.59,14.28,1.00,6.46,9.83,7.28,12.09,5.88,9.78
5.29,21.74,7.16,14.31,18.20,17.62,20.52,1.60,18.89,19.33
6.92,20.07,6.70,11.69,15.86,15.86,17.94,1.37,16.36,17.35
9.03,18.77,21.39,20.82,20.93,16.57,25.06,15.31,23.21,19.06
10.70,14.89,22.29,18.75,17.95,13.12,22.25,16.09,20.44,15.60
12.72,9.04,21.91,14.38,12.47,7.30,16.85,16.07,15.13,9.73
12.96,18.82,8.25,7.07,12.45,14.69,13.12,7.59,11.91,15.28
10.83,18.80,23.18,21.93,21.64,16.98,25.87,17.07,24.04,19.47
2.57,19.25,10.52,13.91,16.85,15.31,19.80,4.37,18.03,17.29
8.28,22.00,20.57,22.53,23.38,19.45,27.32,14.83,25.46,21.94
16.81,13.84,15.13,1.02,6.25,10.32,6.25,13.31,5.08,9.93
16.99,15.23,14.27,2.32,7.62,11.68,7.16,13.00,6.23,11.33
9.09,18.43,7.53,8.94,13.45,14.18,15.22,4.16,13.70,15.38
5.89,17.63,9.38,10.68,14.12,13.47,16.72,3.68,15.01,15.15
11.61,15.33,23.32,19.75,18.77,13.81,23.10,17.13,21.31,16.27
13.89,7.00,22.00,12.96,10.52,5.19,14.91,16.44,13.25,7.59
12.99,20.58,25.40,24.39,23.91,19.08,28.18,19.36,26.37,21.55
12.69,8.90,21.77,14.16,12.25,7.10,16.63,15.96,14.91,9.54
12.96,14.97,11.74,3.79,8.72,10.88,10.08,9.27,8.61,11.41
9.47,11.67,19.22,13.94,13.34,8.97,17.56,13.20,15.73,11.47
12.05,17.50,24.20,21.71,20.94,16.02,25.25,18.03,23.45,18.48
13.00,16.11,24.87,21.25,20.05,14.94,24.41,18.67,22.64,17.35
16.84,7.55,19.43,5.42,1.95,4.23,6.19,15.76,4.43,3.70
9.76,11.37,15.01,7.93,8.98,7.23,12.59,9.91,10.73,9.08
9.40,16.60,21.42,19.33,19.06,14.51,23.27,15.24,21.43,17.01
5.04,19.11,8.60,12.13,15.70,14.98,18.24,2.49,16.55,16.70
7.21,21.05,5.85,12.42,16.74,16.83,18.70,0.80,17.15,18.30
10.32,11.19,20.12,14.38,13.43,8.79,17.71,14.12,15.91,11.29
13.61,13.64,13.17,2.65,7.29,9.62,8.86,10.45,7.30,10.03
15.93,14.89,13.66,1.98,7.55,11.17,7.71,12.06,6.56,11.04
18.55,15.68,15.36,3.31,7.80,12.40,6.44,14.46,5.90,11.75
10.83,11.15,20.79,14.95,13.80,9.00,18.12,14.78,16.33,11.49
11.66,14.03,23.00,18.67,17.52,12.51,21.86,16.82,20.09,14.96
9.86,15.53,21.61,18.73,18.21,13.54,22.46,15.42,20.64,16.04
10.25,18.51,7.50,8.28,13.09,14.27,14.56,5.09,13.12,15.30
12.16,15.44,23.90,20.19,19.10,14.06,23.44,17.70,21.66,16.50
18.40,19.55,12.40,6.61,11.87,15.95,10.59,13.12,10.13,15.65
7.95,14.05,18.87,15.61,15.54,11.37,19.67,12.70,17.82,13.85
9.67,17.46,8.50,7.82,12.32,13.21,14.10,5.23,12.57,14.33
13.29,17.46,25.38,22.41,21.35,16.28,25.70,19.20,23.93,18.70
21.83,18.06,17.25,6.67,10.07,15.22,7.18,17.30,7.53,14.17
7.95,14.78,19.28,16.50,16.44,12.21,20.58,13.09,18.73,14.70
8.73,12.72,19.00,14.63,14.29,10.02,18.46,12.90,16.63,12.51
10.50,15.49,22.25,19.13,18.45,13.67,22.73,16.06,20.92,16.15
15.12,10.64,16.29,2.63,4.21,6.83,6.77,13.06,4.96,6.91
9.17,14.46,11.55,7.01,10.26,10.22,12.89,7.07,11.15,11.60
19.46,19.20,13.81,6.45,11.36,15.79,9.63,14.38,9.37,15.28
13.05,8.48,21.97,14.04,11.98,6.76,16.37,16.20,14.66,9.18
13.67,14.09,12.83,2.75,7.64,10.07,9.02,10.30,7.51,10.45
10.47,14.84,22.04,18.54,17.79,13.00,22.08,15.84,20.27,15.48
20.54,16.94,16.55,5.26,8.95,13.96,6.53,16.21,6.57,13.03
10.69,17.04,22.79,20.53,20.00,15.26,24.27,16.62,22.45,17.74
8.67,12.02,18.18,13.26,13.03,9.01,17.16,12.18,15.32,11.47
9.95,18.46,7.51,8.42,13.15,14.22,14.71,4.85,13.24,15.29
22.80,19.69,17.33,8.15,11.71,16.85,8.69,17.95,9.15,15.81
12.98,19.86,25.36,23.91,23.30,18.42,27.60,19.27,25.79,20.88
11.38,20.56,5.69,9.61,14.77,16.34,15.78,5.32,14.49,17.24
14.81,11.74,25.45,18.91,16.70,11.26,21.09,19.37,19.44,13.50
6.16,17.44,18.30,17.85,18.49,14.65,22.46,12.15,20.59,17.12
9.41,18.77,21.77,21.05,21.08,16.64,25.23,15.68,23.39,19.14
10.96,14.57,22.46,18.65,17.75,12.86,22.06,16.27,20.26,15.34
9.08,15.75,20.87,18.37,18.08,13.57,22.28,14.68,20.45,16.07
14.90,5.38,21.90,11.52,8.58,3.16,12.97,16.67,11.35,5.55
10.98,17.59,23.17,21.13,20.61,15.85,24.88,17.00,23.06,18.33
10.81,18.86,7.26,8.26,13.23,14.64,14.51,5.43,13.12,15.58
19.38,10.24,19.71,4.44,2.29,7.78,2.60,17.13,0.74,6.38
8.00,18.75,7.41,9.90,14.17,14.51,16.16,3.15,14.59,15.86
13.64,8.97,23.04,15.34,13.13,7.78,17.52,17.18,15.85,10.13
6.80,17.12,9.44,9.75,13.30,12.92,15.82,4.16,14.12,14.50
8.91,12.41,19.01,14.38,13.98,9.70,18.17,12.94,16.33,12.19
6.74,15.31,11.51,9.46,12.21,11.17,15.18,6.02,13.39,12.92
9.22,18.44,21.55,20.68,20.70,16.28,24.86,15.44,23.01,18.78
12.07,8.13,19.41,10.80,9.32,4.90,13.63,13.97,11.85,7.37
10.08,13.64,21.19,17.09,16.33,11.60,20.61,15.02,18.80,14.09
6.29,19.35,7.61,11.48,15.41,15.16,17.69,1.92,16.05,16.73
10.04,13.50,21.08,16.91,16.15,11.43,20.43,14.92,18.62,13.93
10.80,11.56,21.01,15.44,14.31,9.48,18.63,14.96,16.84,11.97
8.10,16.42,9.70,8.41,12.15,12.18,14.53,5.09,12.85,13.60
10.49,19.02,22.86,21.88,21.69,17.10,25.90,16.77,24.06,19.60
7.16,13.25,16.74,13.02,13.46,9.95,17.42,10.68,15.56,12.34
18.69,18.04,13.82,5.25,10.24,14.60,8.78,13.87,8.37,14.12
10.17,16.79,22.23,20.00,19.56,14.89,23.81,16.05,21.98,17.38
10.67,11.00,20.47,14.55,13.46,8.72,17.77,14.48,15.97,11.22
18.97,9.79,19.62,4.40,1.80,7.23,3.12,16.88,1.28,5.90
6.29,18.16,8.65,10.66,14.36,13.97,16.79,3.11,15.11,15.56
7.23,23.10,5.21,14.64,18.98,18.91,20.93,1.83,19.39,20.46
13.74,14.24,25.14,20.24,18.62,13.35,23.00,18.96,21.28,15.70
8.35,17.84,8.21,9.00,13.21,13.60,15.25,4.07,13.66,14.91
7.84,16.65,19.84,18.30,18.43,14.20,22.54,13.66,20.69,16.69
8.61,16.09,20.49,18.35,18.21,13.81,22.39,14.30,20.54,16.31
10.33,10.09,16.74,9.11,9.07,6.18,13.05,11.42,11.19,8.34
11.24,14.67,22.77,18.94,17.97,13.05,22.30,16.58,20.51,15.51
8.80,16.05,9.95,7.69,11.53,11.80,13.82,5.68,12.16,13.12
8.70,19.47,6.55,10.06,14.60,15.22,16.35,3.16,14.84,16.48
10.54,11.69,14.33,6.45,8.16,7.44,11.45,9.70,9.60,8.94
10.72,14.03,11.95,5.47,9.08,9.79,11.45,8.13,9.75,10.87
9.47,15.20,21.11,18.14,17.69,13.10,21.93,14.91,20.10,15.59
7.93,17.79,20.18,19.36,19.59,15.37,23.68,14.05,21.83,17.87
13.06,8.85,22.24,14.56,12.52,7.28,16.91,16.41,15.21,9.69
10.53,19.44,6.61,8.95,13.90,15.21,15.21,4.89,13.82,16.20
8.77,15.30,20.40,17.72,17.46,13.01,21.65,14.21,19.82,15.51
9.17,14.01,20.33,16.72,16.25,11.73,20.47,14.15,18.65,14.23
9.61,15.37,21.31,18.40,17.93,13.31,22.17,15.11,20.35,15.81
11.77,17.23,23.88,21.34,20.59,15.70,24.89,17.71,23.09,18.16
13.10,18.15,25.30,22.80,21.89,16.88,26.22,19.14,24.43,19.31
10.95,9.39,19.11,11.75,10.69,6.34,14.95,13.44,13.15,8.82
4.09,18.85,9.51,12.62,15.87,14.79,18.62,3.32,16.89,16.63
8.78,14.70,11.37,7.40,10.62,10.46,13.28,6.75,11.54,11.89
12.21,20.69,24.64,24.02,23.73,19.02,27.97,18.62,26.14,21.50
9.77,18.46,7.50,8.54,13.22,14.22,14.82,4.70,13.34,15.31
12.26,14.75,23.82,19.70,18.49,13.42,22.85,17.63,21.08,15.85
11.44,13.04,22.43,17.60,16.40,11.41,20.74,16.29,18.97,13.87
10.47,13.33,21.49,17.10,16.19,11.39,20.50,15.33,18.70,13.88
20.15,15.34,17.20,4.24,7.34,12.45,5.02,16.27,4.95,11.43
12.43,8.91,21.40,13.80,11.99,6.91,16.37,15.60,14.64,9.38
8.15,14.55,19.40,16.42,16.29,12.02,20.44,13.21,18.60,14.51
16.77,13.68,15.21,0.89,6.11,10.17,6.18,13.33,4.98,9.78
15.97,18.75,10.63,5.94,11.52,14.89,11.17,10.75,10.31,14.95
9.62,16.85,21.69,19.69,19.39,14.82,23.61,15.52,21.78,17.32
10.42,10.73,19.87,13.77,12.79,8.20,17.07,13.93,15.27,10.69
15.91,12.87,15.15,0.28,5.60,9.22,6.49,12.82,5.03,9.02
8.81,19.58,21.23,21.27,21.56,17.30,25.66,15.21,23.80,19.80
11.25,10.15,20.65,14.04,12.72,7.89,17.05,14.74,15.27,10.38
8.77,18.46,21.11,20.42,20.55,16.21,24.68,15.01,22.83,18.71
6.38,18.57,8.23,10.85,14.67,14.38,17.02,2.70,15.37,15.95
10.51,11.39,20.52,14.89,13.86,9.14,18.17,14.49,16.37,11.63
21.38,18.46,16.47,6.64,10.46,15.48,7.83,16.69,8.04,14.55
11.78,13.72,23.03,18.48,17.27,12.23,21.62,16.86,19.85,14.68
10.13,18.50,7.49,8.34,13.12,14.26,14.63,4.99,13.17,15.30
8.24,18.63,20.60,20.22,20.50,16.27,24.59,14.52,22.73,18.77
10.66,18.38,22.96,21.52,21.20,16.54,25.43,16.84,23.60,19.02
11.15,18.24,7.98,7.50,12.49,14.03,13.76,6.06,12.36,14.90
13.15,11.94,23.83,17.88,16.11,10.85,20.50,17.73,18.79,13.22
5.43,17.22,10.11,10.89,14.04,13.10,16.82,4.26,15.08,14.86
13.51,11.79,24.15,18.03,16.15,10.83,20.54,18.06,18.84,13.18
18.45,19.39,12.58,6.46,11.70,15.81,10.39,13.22,9.93,15.49
9.52,21.92,4.13,12.02,16.84,17.67,18.28,3.00,16.87,18.88
5.14,18.56,8.98,11.71,15.19,14.43,17.78,2.96,16.08,16.16
12.83,16.42,10.39,4.93,10.11,12.31,11.16,8.47,9.80,12.87
8.59,16.54,9.48,8.07,12.01,12.29,14.24,5.20,12.60,13.62
9.27,21.69,4.39,11.90,16.68,17.44,18.18,2.77,16.75,18.68
12.17,10.26,21.97,15.31,13.66,8.56,18.03,16.00,16.29,11.00
8.99,18.58,21.34,20.65,20.75,16.38,24.89,15.24,23.04,18.88
8.62,12.36,18.49,13.86,13.61,9.48,17.76,12.44,15.91,11.96
8.37,16.52,20.35,18.56,18.53,14.19,22.68,14.17,20.84,16.68
9.17,15.89,21.01,18.56,18.26,13.74,22.47,14.81,20.64,16.24
9.38,14.26,11.73,6.80,10.01,10.01,12.65,7.31,10.91,11.37
11.04,22.44,3.57,11.79,16.90,18.19,17.96,4.53,16.67,19.23
9.91,16.76,21.96,19.80,19.42,14.79,23.65,15.78,21.83,17.29
11.97,18.22,24.22,22.19,21.54,16.68,25.83,18.07,24.02,19.14
15.47,10.31,16.73,2.80,3.77,6.57,6.45,13.49,4.61,6.54
8.86,18.69,21.22,20.65,20.79,16.45,24.92,15.13,23.06,18.95
13.13,17.12,25.18,22.07,21.00,15.92,25.34,18.99,23.57,18.34
9.79,17.75,22.02,20.51,20.30,15.74,24.50,15.87,22.67,18.23
11.50,15.49,23.26,19.81,18.88,13.94,23.20,17.06,21.41,16.40
11.15,14.05,22.48,18.32,17.30,12.38,21.63,16.30,19.84,14.84
13.06,8.19,21.75,13.60,11.52,6.33,15.91,16.03,14.21,8.76
13.17,19.09,25.48,23.49,22.72,17.76,27.03,19.35,25.24,20.20
7.19,15.16,18.56,16.25,16.45,12.42,20.53,12.37,18.67,14.89
12.58,7.78,20.33,11.67,9.84,5.01,14.20,14.81,12.46,7.51
11.55,20.66,5.66,9.63,14.82,16.44,15.78,5.46,14.50,17.32
8.18,20.95,5.40,11.76,16.28,16.71,18.05,1.84,16.54,18.06
20.23,18.66,15.04,6.24,10.71,15.43,8.61,15.37,8.53,14.72
16.77,13.56,15.30,0.80,5.98,10.05,6.10,13.38,4.88,9.66
9.65,12.16,19.88,14.95,14.25,9.72,18.50,13.81,16.68,12.22
9.72,15.98,21.59,19.02,18.59,13.96,22.83,15.40,21.00,16.46
6.24,17.25,18.33,17.72,18.32,14.47,22.30,12.17,20.44,16.93
8.55,20.94,5.26,11.53,16.14,16.69,17.82,2.22,16.34,18.00
9.07,14.24,20.32,16.88,16.45,11.95,20.67,14.13,18.84,14.45
10.19,18.86,7.13,8.62,13.45,14.62,14.90,4.85,13.47,15.66
17.89,14.71,15.44,2.27,6.89,11.37,6.03,14.10,5.22,10.78
6.20,15.19,12.06,10.10,12.55,11.12,15.69,6.35,13.88,13.00
9.59,12.00,19.69,14.65,13.97,9.49,18.21,13.63,16.39,11.98
7.45,15.34,18.96,16.70,16.82,12.70,20.92,12.76,19.07,15.19
9.78,18.35,22.09,20.97,20.84,16.32,25.03,15.98,23.19,18.82
9.88,12.46,20.38,15.59,14.81,10.18,19.08,14.28,17.27,12.68
12.11,14.93,23.72,19.75,18.60,13.56,22.95,17.53,21.18,15.99
8.80,18.13,7.86,8.90,13.29,13.88,15.18,4.14,13.62,15.12
7.51,13.18,17.42,13.60,13.81,10.05,17.84,11.34,15.98,12.48
13.88,15.20,12.02,3.27,8.56,11.20,9.51,9.99,8.15,11.53
10.06,16.62,22.08,19.79,19.36,14.69,23.60,15.90,21.77,17.19
17.20,15.61,14.17,2.72,7.96,12.08,7.33,13.08,6.48,11.70
8.58,13.14,19.12,15.08,14.78,10.50,18.95,12.99,17.12,12.99
8.07,12.15,16.68,11.81,12.11,8.70,16.08,10.79,14.22,11.05
9.97,13.64,12.32,6.24,9.30,9.39,12.00,8.01,10.24,10.69
7.90,19.77,20.34,20.85,21.39,17.30,25.41,14.35,23.55,19.79
22.10,18.74,17.12,7.21,10.75,15.88,7.85,17.42,8.22,14.85
6.99,13.30,16.32,12.66,13.24,9.90,17.15,10.29,15.29,12.26
6.40,14.62,17.10,14.63,15.16,11.51,19.12,10.93,17.26,13.94
7.55,12.65,15.66,11.18,11.93,8.98,15.75,9.82,13.89,11.23
11.97,21.24,24.40,24.23,24.09,19.46,28.30,18.43,26.47,21.95
11.88,12.88,13.21,4.36,7.67,8.68,10.12,9.55,8.39,9.59
23.58,18.33,19.15,7.99,10.46,15.86,6.90,19.19,7.72,14.53
7.74,12.44,16.18,11.56,12.08,8.89,15.99,10.30,14.12,11.20
5.39,20.86,7.29,13.35,17.23,16.72,19.56,1.16,17.92,18.39
7.50,16.51,9.79,8.94,12.51,12.29,15.00,4.84,13.30,13.80
11.07,9.23,17.66,9.40,8.80,5.42,12.92,12.35,11.08,7.69
12.33,8.09,18.37,8.86,7.66,4.16,11.87,13.28,10.06,6.39
9.29,16.08,21.18,18.81,18.50,13.96,22.72,14.99,20.88,16.46
9.13,12.84,19.65,15.28,14.77,10.34,18.99,13.53,17.16,12.84
10.22,16.35,22.19,19.67,19.17,14.47,23.42,16.00,21.60,16.96
13.46,19.13,25.77,23.69,22.86,17.87,27.18,19.64,25.39,20.30
12.08,16.39,24.03,20.89,19.95,14.97,24.28,17.84,22.49,17.42
6.67,14.98,17.80,15.51,15.90,12.06,19.91,11.61,18.05,14.51
11.54,17.15,9.16,6.34,11.30,12.96,12.62,6.96,11.19,13.76
14.77,13.44,25.92,20.26,18.28,12.89,22.68,19.77,21.00,15.17
8.39,17.14,20.52,19.12,19.16,14.83,23.30,14.36,21.45,17.32
11.56,16.43,23.53,20.59,19.78,14.87,24.09,17.33,22.29,17.33
14.60,6.61,22.78,13.50,10.77,5.31,15.16,17.22,13.54,7.61
8.28,16.85,9.22,8.47,12.40,12.61,14.64,4.81,13.00,13.97
4.36,18.23,9.85,12.11,15.28,14.17,18.07,3.72,16.33,16.00
7.36,20.79,5.93,12.09,16.42,16.57,18.37,1.09,16.82,18.02
9.76,17.40,21.93,20.22,19.97,15.39,24.18,15.77,22.34,17.89
8.13,16.84,20.19,18.68,18.75,14.46,22.88,14.02,21.03,16.95
23.14,20.71,17.09,8.95,12.72,17.80,9.74,18.07,10.19,16.81
12.13,14.37,23.59,19.29,18.07,13.00,22.42,17.40,20.66,15.43
6.82,16.34,10.26,9.46,12.74,12.15,15.42,4.93,13.69,13.78
12.26,17.68,8.96,6.35,11.54,13.52,12.56,7.37,11.23,14.20
10.70,14.22,11.76,5.51,9.23,9.99,11.53,7.99,9.84,11.06
8.16,14.75,11.50,8.03,11.03,10.53,13.83,6.56,12.07,12.08
10.26,14.40,11.55,5.95,9.59,10.16,11.96,7.62,10.26,11.31
13.62,6.77,21.18,11.82,9.49,4.33,13.88,15.75,12.19,6.81
8.40,13.48,19.11,15.34,15.11,10.85,19.27,12.96,17.43,13.34
11.27,14.41,22.72,18.73,17.72,12.79,22.05,16.54,20.26,15.25
12.56,13.73,23.83,19.04,17.64,12.49,22.01,17.66,20.26,14.90
7.61,15.15,19.06,16.62,16.69,12.53,20.80,12.86,18.95,15.02
10.39,13.18,21.34,16.88,15.99,11.20,20.29,15.19,18.49,13.69
15.82,6.75,24.46,15.15,12.08,6.53,16.43,18.82,14.89,8.59
6.39,20.26,6.88,12.18,16.25,16.07,18.42,1.01,16.81,17.62
6.77,16.99,9.59,9.71,13.21,12.79,15.76,4.29,14.06,14.38
6.50,20.73,6.51,12.55,16.68,16.53,18.80,0.55,17.21,18.08
10.11,16.41,22.08,19.65,19.17,14.50,23.42,15.90,21.60,16.99
7.88,13.96,18.73,15.42,15.37,11.24,19.50,12.56,17.65,13.72
21.17,14.09,19.09,4.98,6.20,11.64,3.06,17.76,3.48,10.28
19.67,12.73,18.42,3.58,4.74,10.03,2.96,16.60,2.34,8.84
11.83,13.88,23.13,18.66,17.45,12.41,21.80,16.95,20.03,14.85
11.01,14.96,11.09,5.42,9.62,10.74,11.60,7.73,9.99,11.70
10.38,17.92,8.11,7.70,12.47,13.68,13.99,5.53,12.52,14.68
14.11,18.47,9.34,6.21,11.73,14.43,12.06,8.89,10.95,14.81
12.32,13.69,23.57,18.84,17.49,12.37,21.85,17.40,20.09,14.79
10.28,19.85,6.14,9.49,14.41,15.61,15.75,4.45,14.35,16.65
10.94,12.01,13.94,5.73,7.90,7.76,10.96,9.59,9.14,9.06
9.28,19.02,6.93,9.32,13.95,14.77,15.60,3.94,14.12,15.95
10.92,11.99,21.39,16.07,14.93,10.05,19.25,15.30,17.47,12.53
14.59,15.53,26.27,21.76,20.12,14.82,24.51,20.07,22.79,17.15
5.62,17.93,9.25,11.02,14.47,13.78,17.07,3.43,15.36,15.48
10.07,18.33,22.37,21.12,20.93,16.36,25.13,16.25,23.30,18.85
14.01,11.05,24.39,17.74,15.64,10.26,20.04,18.35,18.36,12.56
12.71,13.35,23.86,18.82,17.33,12.15,21.71,17.70,19.96,14.56
10.29,15.83,22.13,19.28,18.69,13.96,22.96,15.94,21.14,16.44
7.48,17.91,19.74,19.15,19.52,15.40,23.57,13.62,21.72,17.89
17.24,15.27,14.45,2.42,7.61,11.77,7.01,13.24,6.13,11.37
6.32,19.21,7.70,11.35,15.27,15.02,17.55,2.06,15.92,16.59
11.94,19.75,6.78,8.50,13.74,15.55,14.64,6.19,13.37,16.34
12.68,8.61,21.54,13.71,11.79,6.67,16.18,15.77,14.45,9.12
11.59,16.35,23.54,20.55,19.72,14.80,24.03,17.35,22.23,17.26
10.61,15.63,22.40,19.33,18.64,13.85,22.92,16.20,21.11,16.33
10.13,12.82,13.16,6.29,8.81,8.57,11.76,8.69,9.96,9.96
11.98,13.59,23.20,18.51,17.23,12.16,21.59,17.03,19.82,14.60
18.95,15.96,15.56,3.72,8.05,12.74,6.44,14.79,6.02,12.03
7.69,19.78,6.56,10.95,15.28,15.55,17.22,2.12,15.67,16.94
8.59,16.64,20.61,18.82,18.75,14.36,22.91,14.43,21.07,16.86
20.43,17.05,16.36,5.25,9.06,14.03,6.70,16.06,6.72,13.13
8.40,16.36,9.70,8.14,11.96,12.12,14.27,5.26,12.61,13.48
22.72,19.80,17.16,8.17,11.81,16.93,8.84,17.83,9.27,15.91
10.40,13.43,21.46,17.15,16.27,11.48,20.57,15.30,18.77,13.97
10.47,15.03,22.09,18.71,17.98,13.20,22.27,15.89,20.46,15.68
10.30,11.06,19.98,14.15,13.21,8.60,17.49,14.00,15.68,11.10
11.38,18.58,23.69,22.10,21.64,16.89,25.90,17.56,24.08,19.37
9.09,17.95,8.01,8.57,13.00,13.69,14.85,4.48,13.30,14.90
5.67,20.06,7.50,12.46,16.32,15.89,18.65,1.37,17.01,17.53
9.45,14.07,20.67,17.01,16.47,11.88,20.71,14.49,18.89,14.38
19.83,10.46,20.00,4.72,2.61,8.14,2.13,17.52,0.27,6.64
8.20,16.74,20.24,18.64,18.68,14.38,22.82,14.06,20.97,16.87
11.07,22.07,3.98,11.37,16.49,17.83,17.54,4.60,16.25,18.84
7.73,17.20,19.86,18.72,18.94,14.74,23.03,13.70,21.17,17.23
10.70,11.27,20.70,14.96,13.86,9.08,18.17,14.67,16.38,11.58
9.43,21.24,21.84,22.75,23.19,18.97,27.25,15.96,25.39,21.46
8.14,19.52,6.64,10.45,14.86,15.28,16.73,2.66,15.19,16.61
8.19,13.54,12.94,8.33,10.54,9.38,13.73,7.74,11.91,11.12
13.04,8.86,22.22,14.54,12.51,7.27,16.90,16.40,15.20,9.69
8.12,21.87,4.79,12.75,17.29,17.64,19.04,1.57,17.54,19.03
11.19,11.35,21.37,15.58,14.32,9.40,18.66,15.33,16.88,11.88
9.52,20.80,5.17,10.85,15.65,16.55,17.12,3.28,15.70,17.72
7.42,21.04,5.73,12.30,16.66,16.82,18.58,1.01,17.04,18.27
19.27,16.92,15.22,4.54,9.00,13.67,7.23,14.83,6.93,12.98
10.17,13.04,21.03,16.54,15.70,10.96,19.99,14.88,18.18,13.46
8.74,15.14,20.31,17.53,17.27,12.83,21.47,14.11,19.63,15.33
9.56,16.64,21.58,19.47,19.16,14.59,23.38,15.40,21.54,17.08
22.27,15.86,19.19,6.21,8.00,13.44,4.51,18.43,5.25,12.07
8.13,14.41,19.31,16.24,16.11,11.85,20.26,13.12,18.42,14.34
11.34,9.18,19.75,12.30,11.00,6.40,15.31,14.04,13.52,8.90
9.78,15.79,21.60,18.90,18.43,13.78,22.67,15.41,20.85,16.28
8.78,12.30,18.71,14.01,13.68,9.49,17.85,12.66,16.01,11.97
20.38,14.51,17.99,4.25,6.53,11.78,4.01,16.78,4.01,10.63
5.58,18.66,17.94,18.54,19.46,15.79,23.35,11.88,21.49,18.24
5.29,17.71,9.69,11.17,14.45,13.59,17.16,3.78,15.43,15.33
7.26,13.83,17.73,14.47,14.70,10.84,18.74,11.59,16.88,13.29
10.49,17.96,22.74,21.11,20.76,16.10,25.00,16.59,23.17,18.59
21.93,16.07,18.66,5.95,8.15,13.53,4.88,17.99,5.46,12.24
10.96,16.42,9.70,6.21,10.86,12.20,12.49,6.85,10.98,13.12
8.36,18.36,20.69,20.09,20.30,16.03,24.41,14.59,22.55,18.53
10.21,17.81,22.45,20.82,20.52,15.89,24.74,16.30,22.91,18.38
12.38,17.29,24.48,21.75,20.87,15.90,25.19,18.30,23.40,18.35
8.65,20.69,5.44,11.23,15.85,16.44,17.52,2.43,16.04,17.73
11.44,20.44,23.87,23.41,23.25,18.63,27.46,17.85,25.62,21.12
21.49,16.26,18.04,5.64,8.30,13.58,5.29,17.45,5.68,12.40
11.56,9.52,20.57,13.46,12.02,7.18,16.36,14.74,14.59,9.67
19.42,12.95,18.04,3.28,4.96,10.15,3.35,16.27,2.68,9.05
20.05,20.07,13.85,7.34,12.20,16.67,10.30,14.79,10.14,16.14
7.28,20.46,6.21,11.81,16.11,16.23,18.09,1.27,16.53,17.69
13.60,6.65,20.81,11.20,8.90,3.86,13.29,15.47,11.59,6.36
11.23,15.23,22.92,19.41,18.51,13.61,22.83,16.73,21.03,16.07
6.65,17.82,8.80,10.20,13.92,13.62,16.33,3.46,14.66,15.18
8.32,16.38,20.27,18.40,18.37,14.03,22.52,14.08,20.67,16.53
11.24,13.51,22.40,17.89,16.79,11.84,21.13,16.23,19.34,14.31
9.14,12.12,19.12,14.24,13.75,9.43,17.96,13.07,16.12,11.92
10.53,14.32,21.94,18.12,17.29,12.48,21.59,15.75,19.79,14.96
7.39,19.08,7.31,10.55,14.72,14.85,16.80,2.51,15.21,16.28
8.04,16.41,19.98,18.23,18.28,14.00,22.41,13.79,20.56,16.49
18.69,4.34,22.59,8.74,3.67,2.77,7.65,18.52,6.39,0.44
18.65,10.94,18.63,3.35,2.96,8.13,3.24,16.17,1.56,7.03
11.38,10.94,21.37,15.29,13.94,9.00,18.29,15.36,16.52,11.47
16.02,13.81,14.53,0.88,6.46,10.15,6.90,12.56,5.61,9.95
10.29,17.37,22.45,20.53,20.15,15.48,24.39,16.29,22.56,17.98
10.17,16.34,22.13,19.63,19.13,14.44,23.38,15.94,21.56,16.93
4.22,20.94,8.28,14.16,17.76,16.87,20.30,2.36,18.61,18.67
18.94,20.47,12.31,7.53,12.76,16.87,11.33,13.47,10.95,16.56
9.55,15.02,21.14,18.04,17.54,12.93,21.78,14.94,19.96,15.42
15.76,5.08,23.28,12.97,9.71,4.16,14.06,17.93,12.52,6.28
19.79,16.22,16.24,4.38,8.24,13.15,6.17,15.61,6.00,12.29
8.69,17.23,8.77,8.37,12.54,12.98,14.60,4.73,13.00,14.26
6.51,17.37,9.32,10.08,13.62,13.18,16.15,3.90,14.45,14.78
11.75,9.97,21.23,14.45,12.93,7.95,17.28,15.32,15.53,10.43
11.61,21.74,4.53,10.75,15.96,17.51,16.88,5.24,15.62,18.44
19.39,20.74,12.62,7.84,12.99,17.19,11.41,13.89,11.10,16.83
13.74,8.84,23.10,15.30,13.05,7.68,17.44,17.25,15.77,10.02
12.94,19.40,7.67,7.67,13.06,15.26,13.69,7.35,12.50,15.88
10.34,15.28,22.03,18.84,18.17,13.41,22.45,15.83,20.64,15.90
10.22,15.04,10.92,6.13,10.07,10.80,12.25,7.17,10.60,11.91
7.73,15.50,10.80,8.48,11.71,11.29,14.40,5.80,12.66,12.84
10.14,15.92,22.00,19.26,18.71,14.01,22.97,15.81,21.15,16.50
8.91,16.93,21.00,19.29,19.18,14.74,23.35,14.83,21.51,17.23
13.96,8.16,22.97,14.74,12.35,6.96,16.74,17.20,15.09,9.29
18.02,18.72,12.64,5.78,11.05,15.12,9.90,12.95,9.36,14.82
13.76,12.87,13.87,2.43,6.59,8.86,8.42,10.94,6.78,9.26
4.64,18.56,9.34,12.07,15.40,14.47,18.09,3.22,16.37,16.25
9.95,20.05,22.38,22.27,22.38,17.96,26.53,16.37,24.68,20.46
8.24,19.92,6.25,10.73,15.21,15.67,17.02,2.47,15.50,16.99
8.69,18.16,20.99,20.14,20.24,15.90,24.38,14.87,22.53,18.40
7.24,18.35,8.04,10.11,14.12,14.12,16.32,3.10,14.70,15.58
14.52,10.66,15.98,2.99,4.64,6.73,7.38,12.58,5.56,7.03
13.14,11.19,23.53,17.18,15.33,10.05,19.72,17.48,18.01,12.42
7.92,15.89,10.31,8.39,11.86,11.67,14.40,5.49,12.69,13.15
9.58,12.93,20.27,15.86,15.20,10.63,19.46,14.14,17.64,13.13
8.21,20.93,5.40,11.72,16.26,16.69,18.01,1.87,16.51,18.04
10.27,18.82,22.62,21.60,21.44,16.87,25.64,16.52,23.80,19.37
11.08,13.43,22.20,17.69,16.62,11.70,20.95,16.03,19.17,14.17
19.72,17.02,15.62,4.84,9.07,13.85,7.07,15.29,6.89,13.09
11.12,15.70,22.93,19.73,18.92,14.04,23.22,16.74,21.42,16.51
17.00,11.65,16.81,1.58,4.05,8.29,5.02,14.32,3.42,7.73
6.97,22.63,5.46,14.26,18.55,18.45,20.54,1.37,18.99,20.00
10.76,11.43,20.88,15.23,14.11,9.31,18.43,14.84,16.64,11.80
15.85,8.68,18.10,4.36,2.83,5.01,6.51,14.50,4.66,4.93
6.80,19.73,7.03,11.46,15.57,15.52,17.70,1.65,16.10,17.02
8.39,12.71,18.47,14.15,13.96,9.85,18.10,12.38,16.25,12.33
20.94,17.21,16.81,5.65,9.21,14.28,6.62,16.56,6.77,13.30
9.99,14.20,21.31,17.58,16.90,12.19,21.17,15.13,19.35,14.68
10.11,12.85,20.87,16.27,15.44,10.73,19.73,14.73,17.92,13.22
7.31,18.30,8.06,10.04,14.05,14.07,16.25,3.17,14.62,15.53
7.77,13.57,18.28,14.72,14.74,10.71,18.84,12.14,16.98,13.18
11.26,11.83,21.70,16.20,14.94,10.00,19.29,15.62,17.51,12.47
10.33,17.91,8.11,7.72,12.48,13.67,14.01,5.50,12.54,14.68
14.75,12.91,25.75,19.82,17.78,12.38,22.18,19.62,20.51,14.65
10.01,12.34,20.48,15.58,14.76,10.10,19.04,14.37,17.23,12.60
3.83,20.80,8.67,14.27,17.77,16.75,20.38,2.74,18.68,18.59
14.24,8.72,23.63,15.67,13.26,7.83,17.65,17.78,16.01,10.11
20.04,15.87,16.74,4.38,7.88,12.89,5.65,15.99,5.55,11.95
7.34,15.74,19.00,17.03,17.21,13.10,21.30,12.80,19.44,15.59
7.81,14.43,12.01,8.44,11.10,10.24,14.09,6.84,12.30,11.91
20.94,18.54,15.92,6.46,10.55,15.45,8.12,16.18,8.21,14.61
13.45,18.39,8.96,6.42,11.85,14.30,12.41,8.25,11.23,14.80
8.04,19.37,20.46,20.65,21.08,16.94,25.13,14.43,23.27,19.43
7.38,18.91,7.46,10.43,14.57,14.68,16.67,2.66,15.07,16.12
5.78,20.62,7.10,12.89,16.84,16.45,19.11,0.90,17.48,18.08
16.84,9.41,18.21,3.59,2.26,6.08,5.24,15.03,3.38,5.51
10.62,19.88,6.18,9.33,14.32,15.64,15.57,4.79,14.20,16.64
11.07,12.24,21.69,16.48,15.31,10.40,19.65,15.58,17.87,12.87
10.90,10.05,20.00,13.34,12.17,7.51,16.48,14.14,14.68,10.01
11.20,13.66,22.41,18.00,16.93,11.99,21.26,16.24,19.47,14.45
13.90,15.72,25.65,21.49,20.03,14.81,24.41,19.45,22.68,17.18
11.66,9.14,20.35,12.92,11.44,6.65,15.78,14.59,14.01,9.14
12.25,19.42,24.61,23.20,22.68,17.86,26.96,18.52,25.14,20.33
9.03,14.90,20.54,17.52,17.16,12.66,21.37,14.35,19.54,15.16
5.42,19.82,7.82,12.41,16.19,15.67,18.59,1.68,16.93,17.34
8.77,16.85,9.14,8.09,12.18,12.60,14.30,5.06,12.68,13.88
10.12,14.17,21.45,17.66,16.93,12.20,21.21,15.26,19.40,14.69
8.94,19.28,6.71,9.74,14.32,15.03,16.03,3.49,14.53,16.25
7.35,17.27,19.49,18.52,18.84,14.72,22.90,13.34,21.05,17.21
13.36,9.11,22.78,15.21,13.09,7.79,17.49,16.91,15.80,10.16
12.81,16.66,10.17,5.14,10.35,12.55,11.36,8.35,10.01,13.11
9.82,20.44,22.26,22.46,22.67,18.30,26.79,16.29,24.94,20.80
19.72,10.96,19.59,4.33,3.04,8.52,2.17,17.24,0.57,7.12
20.21,17.66,15.70,5.51,9.69,14.53,7.51,15.63,7.44,13.73
9.25,16.64,21.28,19.27,19.04,14.52,23.24,15.10,21.40,17.02
9.98,18.10,7.88,8.11,12.79,13.85,14.39,5.09,12.91,14.92
9.61,16.98,21.71,19.79,19.51,14.95,23.73,15.54,21.89,17.44
7.76,18.17,20.07,19.56,19.88,15.72,23.95,13.96,22.10,18.21
8.49,19.88,6.22,10.55,15.08,15.63,16.84,2.72,15.33,16.92
8.50,17.17,20.63,19.21,19.23,14.88,23.37,14.47,21.53,17.37
7.84,16.20,19.71,17.88,17.96,13.72,22.08,13.52,20.23,16.22
20.75,10.26,21.02,5.75,2.84,8.35,1.56,18.54,0.88,6.59
10.42,17.22,22.56,20.50,20.06,15.37,24.31,16.39,22.49,17.86
8.25,16.41,20.19,18.37,18.37,14.04,22.51,14.01,20.66,16.54
12.88,7.79,21.05,12.55,10.54,5.48,14.92,15.44,13.20,7.96
10.15,19.27,22.54,21.85,21.79,17.27,25.97,16.47,24.13,19.77
10.14,16.66,22.18,19.88,19.43,14.76,23.68,15.99,21.85,17.25
5.32,21.09,7.27,13.62,17.49,16.95,19.83,1.25,18.19,18.64
18.77,16.80,14.80,4.23,8.93,13.47,7.41,14.34,6.98,12.86
7.91,17.56,20.12,19.15,19.36,15.14,23.46,13.98,21.61,17.64
10.85,12.36,21.49,16.41,15.32,10.45,19.65,15.38,17.86,12.93
8.47,17.87,20.73,19.77,19.88,15.57,24.01,14.60,22.16,18.06
11.35,18.11,23.60,21.74,21.22,16.44,25.49,17.46,23.67,18.91
10.37,11.35,20.31,14.68,13.70,9.02,17.99,14.29,16.19,11.52
10.73,11.40,20.82,15.15,14.05,9.25,18.36,14.78,16.57,11.74
16.76,11.44,16.78,1.65,3.94,8.02,5.21,14.17,3.55,7.53
17.72,15.27,14.88,2.59,7.50,11.85,6.65,13.73,5.87,11.34
15.20,19.43,27.48,24.86,23.70,18.53,28.06,21.33,26.30,20.91
21.59,15.17,18.86,5.47,7.26,12.67,4.02,17.89,4.55,11.35
10.55,20.23,5.80,9.71,14.70,15.99,15.94,4.58,14.58,17.00
9.96,18.31,7.67,8.28,13.00,14.06,14.57,4.95,13.10,15.13
7.95,15.92,19.74,17.70,17.72,13.46,21.85,13.54,20.00,15.95
9.36,21.33,4.69,11.48,16.27,17.08,17.75,2.95,16.33,18.29
9.51,21.09,21.93,22.70,23.10,18.84,27.17,16.03,25.31,21.34
22.66,19.32,17.41,7.86,11.33,16.49,8.30,17.89,8.77,15.44
11.24,13.54,22.40,17.92,16.82,11.88,21.16,16.24,19.37,14.34
8.63,15.40,20.28,17.70,17.49,13.08,21.68,14.08,19.84,15.58
9.12,19.35,6.62,9.70,14.32,15.10,15.98,3.60,14.50,16.29
8.58,21.31,4.94,11.90,16.52,17.07,18.18,2.13,16.71,18.38
9.23,17.21,21.37,19.72,19.57,15.08,23.76,15.21,21.92,17.58
13.03,12.07,23.75,17.91,16.19,10.94,20.58,17.64,18.86,13.32
15.44,5.61,23.25,13.30,10.20,4.67,14.56,17.81,13.00,6.83
8.99,15.97,20.84,18.51,18.26,13.78,22.46,14.65,20.62,16.27
18.24,17.01,14.11,4.23,9.23,13.57,7.97,13.70,7.43,13.09
6.93,19.52,7.13,11.21,15.32,15.30,17.45,1.90,15.85,16.79
20.53,16.65,16.74,5.10,8.65,13.70,6.21,16.28,6.26,12.74
21.91,16.22,18.54,5.98,8.30,13.65,5.06,17.92,5.61,12.39
11.29,20.33,23.72,23.25,23.10,18.49,27.31,17.70,25.47,20.98
18.34,18.49,13.14,5.59,10.76,14.96,9.46,13.36,8.98,14.58
14.09,19.61,26.42,24.37,23.48,18.44,27.81,20.30,26.02,20.86
8.50,18.63,20.86,20.38,20.60,16.32,24.71,14.77,22.85,18.82
9.42,14.21,20.69,17.13,16.61,12.02,20.85,14.51,19.02,14.52
4.72,21.12,7.79,14.02,17.75,17.02,20.20,1.88,18.53,18.77
7.98,21.65,5.01,12.60,17.10,17.42,18.89,1.43,17.38,18.82
20.36,7.97,21.97,6.85,1.70,6.42,3.70,18.88,2.80,4.40
16.15,15.26,13.54,2.32,7.87,11.57,7.83,12.14,6.75,11.41
12.13,10.22,21.89,15.21,13.57,8.48,17.95,15.93,16.20,10.93
8.74,14.93,11.14,7.46,10.78,10.69,13.39,6.55,11.66,12.10
6.35,17.06,18.40,17.62,18.18,14.29,22.17,12.23,20.30,16.76
12.19,12.65,23.08,17.81,16.37,11.25,20.73,16.95,18.98,13.67
18.93,17.69,14.32,5.01,9.84,14.31,8.26,14.23,7.89,13.76
8.17,14.92,19.59,16.84,16.73,12.43,20.88,13.39,19.04,14.93
10.58,11.16,20.45,14.66,13.60,8.88,17.90,14.45,16.11,11.37
7.89,22.17,4.80,13.21,17.70,17.95,19.49,1.41,17.99,19.38
8.11,16.12,19.97,18.01,18.01,13.71,22.15,13.78,20.30,16.21
12.29,15.14,23.95,20.03,18.87,13.81,23.22,17.75,21.45,16.24
10.20,18.54,22.53,21.36,21.17,16.59,25.37,16.42,23.54,19.08
9.42,14.62,20.85,17.55,17.06,12.47,21.29,14.66,19.47,14.97
10.36,12.85,21.16,16.51,15.60,10.83,19.90,15.02,18.10,13.32
10.54,9.82,18.86,11.87,10.99,6.74,15.23,13.13,13.41,9.21
6.60,18.68,8.01,10.78,14.68,14.48,16.97,2.61,15.33,16.02
9.43,19.82,6.14,9.94,14.67,15.57,16.22,3.64,14.77,16.73
8.50,18.77,20.87,20.49,20.73,16.46,24.83,14.80,22.97,18.95
19.52,16.92,15.48,4.66,8.98,13.72,7.08,15.10,6.85,12.99
10.56,9.72,18.65,11.53,10.69,6.54,14.91,12.97,13.09,8.99
14.41,8.12,23.51,15.18,12.66,7.21,17.05,17.73,15.42,9.48
10.86,11.86,21.25,15.86,14.73,9.87,19.05,15.17,17.27,12.35
8.44,21.20,5.09,11.86,16.45,16.96,18.15,2.01,16.66,18.28
18.44,16.48,14.69,3.86,8.65,13.12,7.30,14.09,6.79,12.55
9.55,11.16,18.80,13.09,12.51,8.27,16.72,12.87,14.89,10.75
13.14,8.08,21.79,13.56,11.45,6.23,15.84,16.08,14.14,8.67
10.55,14.47,11.51,5.69,9.48,10.23,11.75,7.75,10.07,11.31
9.40,15.18,21.03,18.07,17.64,13.05,21.87,14.84,20.04,15.55
11.20,12.58,21.99,16.95,15.77,10.82,20.11,15.86,18.33,13.29
6.99,13.78,13.56,9.95,11.71,9.79,15.14,7.88,13.30,11.79
18.87,18.81,13.45,5.98,11.02,15.34,9.51,13.84,9.14,14.89
14.13,15.39,25.80,21.38,19.82,14.56,24.21,19.60,22.48,16.91
6.90,20.09,19.33,20.46,21.28,17.42,25.22,13.40,23.35,19.89
11.13,12.56,21.89,16.86,15.71,10.78,20.04,15.77,18.26,13.25
6.20,19.35,18.62,19.49,20.35,16.58,24.27,12.62,22.40,19.04
11.63,8.59,18.41,9.79,8.75,4.94,12.97,13.08,11.15,7.29
9.03,15.26,10.74,7.25,10.84,11.01,13.28,6.39,11.58,12.34
7.96,16.30,19.86,18.07,18.13,13.86,22.25,13.68,20.40,16.36
11.43,8.90,19.42,11.63,10.36,5.90,14.66,13.80,12.87,8.38
9.34,11.47,18.78,13.35,12.84,8.61,17.04,12.81,15.20,11.09
6.31,15.75,17.81,16.15,16.66,12.84,20.65,11.61,18.78,15.30
21.31,16.67,17.57,5.65,8.69,13.89,5.84,17.12,6.14,12.79
11.26,21.25,4.92,10.40,15.54,17.02,16.56,4.98,15.27,17.97
12.25,9.83,21.80,14.85,13.15,8.05,17.52,15.88,15.78,10.50
9.33,17.65,21.55,20.14,20.02,15.54,24.21,15.40,22.36,18.04
21.23,18.75,16.10,6.75,10.76,15.71,8.23,16.45,8.39,14.83
13.32,18.91,25.61,23.46,22.62,17.63,26.94,19.47,25.15,20.07
6.45,19.81,7.16,11.75,15.78,15.61,17.98,1.48,16.36,17.16
9.63,19.61,6.34,9.62,14.39,15.36,15.90,3.94,14.46,16.48
6.98,17.24,19.10,18.24,18.65,14.61,22.68,12.94,20.82,17.10
13.58,12.74,24.55,18.91,17.13,11.83,21.52,18.42,19.81,14.18
10.81,19.62,6.49,8.96,13.98,15.39,15.20,5.09,13.84,16.34
8.63,13.48,19.40,15.58,15.26,10.93,19.45,13.25,17.61,13.42
12.99,14.12,24.37,19.66,18.20,13.01,22.57,18.20,20.83,15.40
9.44,11.37,18.85,13.33,12.78,8.52,16.98,12.89,15.15,11.01
13.19,7.25,20.94,11.95,9.82,4.76,14.20,15.44,12.49,7.24
4.18,21.50,8.26,14.76,18.37,17.44,20.90,2.63,19.22,19.26
9.09,20.55,5.47,10.83,15.54,16.30,17.12,2.95,15.66,17.52
7.27,19.64,19.71,20.37,21.03,17.06,25.02,13.72,23.15,19.54
10.41,17.69,22.63,20.86,20.49,15.83,24.73,16.48,22.90,18.32
4.33,18.46,9.66,12.23,15.46,14.39,18.22,3.51,16.48,16.21
8.10,14.58,11.71,8.10,10.98,10.37,13.85,6.71,12.07,11.96
7.15,17.84,19.40,18.88,19.31,15.26,23.35,13.28,21.49,17.74
9.19,16.42,21.16,19.04,18.80,14.28,23.00,14.98,21.16,16.78
20.73,21.24,13.82,8.51,13.36,17.85,11.34,15.25,11.26,17.31
11.90,9.73,21.26,14.29,12.71,7.71,17.07,15.37,15.32,10.18
4.37,20.19,8.42,13.39,16.95,16.10,19.51,2.26,17.82,17.88
12.34,10.58,22.35,15.85,14.17,9.03,18.55,16.35,16.82,11.46
9.60,18.19,21.90,20.73,20.63,16.12,24.81,15.77,22.97,18.62
8.04,19.60,20.47,20.81,21.28,17.16,25.33,14.46,23.47,19.65
19.24,19.30,13.50,6.49,11.48,15.84,9.85,14.11,9.54,15.37
8.35,15.80,10.29,7.99,11.58,11.56,14.03,5.70,12.34,12.97
8.25,14.87,19.67,16.86,16.72,12.40,20.88,13.47,19.03,14.90
7.17,23.19,5.28,14.78,19.10,19.00,21.07,1.93,19.52,20.56
13.57,8.38,22.61,14.56,12.32,6.99,16.72,16.83,15.04,9.36
11.56,16.09,10.18,5.55,10.31,11.90,11.84,7.52,10.35,12.70
5.50,16.91,10.40,10.75,13.81,12.80,16.64,4.57,14.89,14.58
7.73,16.62,19.71,18.20,18.35,14.14,22.45,13.53,20.60,16.63
8.29,15.45,10.68,7.95,11.37,11.21,13.93,5.98,12.21,12.66
9.64,14.45,21.03,17.55,16.98,12.35,21.23,14.84,19.41,14.84
13.75,13.84,25.04,19.93,18.25,12.96,22.63,18.87,20.92,15.31
8.76,17.42,20.94,19.59,19.58,15.19,23.74,14.79,21.89,17.69
10.10,17.90,22.34,20.82,20.55,15.95,24.77,16.20,22.93,18.44
11.72,16.57,9.78,5.77,10.68,12.39,12.05,7.41,10.61,13.16
8.10,18.55,7.58,9.68,13.95,14.30,15.94,3.36,14.37,15.64
8.69,15.10,10.96,7.53,10.92,10.86,13.49,6.39,11.77,12.27
13.79,7.82,22.53,14.09,11.74,6.38,16.13,16.81,14.47,8.75
10.47,12.19,20.96,15.86,14.88,10.11,19.19,14.86,17.39,12.60
10.33,16.48,22.32,19.85,19.33,14.62,23.59,16.14,21.77,17.11
12.04,16.84,24.07,21.21,20.35,15.39,24.67,17.89,22.87,17.85
9.57,15.65,21.35,18.63,18.20,13.59,22.44,15.16,20.61,16.09
13.95,10.18,23.98,16.88,14.70,9.31,19.09,18.00,17.43,11.62
9.16,21.60,4.50,11.87,16.62,17.35,18.15,2.67,16.71,18.60
10.71,21.91,4.07,11.38,16.43,17.66,17.58,4.25,16.25,18.72
18.68,14.70,16.17,2.82,6.78,11.53,5.42,14.91,4.82,10.77
18.05,10.26,18.55,3.36,2.37,7.30,3.87,15.82,2.04,6.33
11.30,16.45,23.28,20.45,19.70,14.83,24.00,17.09,22.20,17.30
5.99,19.31,7.82,11.64,15.49,15.13,17.83,1.98,16.18,16.73
8.84,15.58,20.57,18.03,17.79,13.33,21.98,14.37,20.15,15.83
