16.33 16.78 17.30 15.27 15.21 5.24 4.20 24.14 3.48 17.26 21.40 13.76 17.41 6.74 13.74 21.76 19.50 11.47
6.07 6.88 4.54 14.93 2.73 9.72 8.69 11.44 10.13 5.63 12.85 13.23 5.05 17.97 4.46 19.84 18.16 10.03
14.68 20.16 17.90 8.59 15.58 4.82 8.92 25.04 5.83 16.37 25.72 20.30 19.12 13.61 12.53 28.41 12.62 6.85
23.24 13.21 19.63 29.74 19.35 19.92 15.46 22.44 18.47 22.41 11.96 4.19 17.32 15.67 21.47 4.52 33.72 24.67
10.26 9.19 6.11 22.12 8.42 20.01 19.07 1.12 20.60 8.17 11.89 19.45 6.06 27.94 11.65 22.91 23.94 18.40
13.86 16.75 15.81 11.69 13.55 2.10 4.63 22.90 1.60 15.11 21.99 15.91 16.47 10.27 11.35 24.02 15.92 8.01
11.70 18.94 15.58 5.50 13.30 5.21 9.65 22.60 6.96 13.56 24.77 20.91 17.21 16.36 9.85 28.91 9.72 3.44
26.90 17.03 23.42 32.76 23.08 22.64 18.17 26.20 21.04 26.14 15.42 7.61 21.14 16.43 25.04 5.34 36.84 27.78
12.72 7.87 10.80 18.47 9.53 9.35 5.43 16.48 8.42 12.49 12.24 7.17 9.72 12.32 10.57 14.90 22.39 13.36
4.92 6.90 2.35 15.43 0.78 11.60 10.92 9.44 12.19 3.83 12.72 14.81 3.72 20.22 4.35 20.87 18.27 10.87
11.51 7.18 9.58 17.73 8.28 9.09 5.61 15.42 8.40 11.24 12.01 8.15 8.62 13.30 9.40 15.64 21.56 12.59
24.46 12.85 19.80 33.05 20.31 24.20 19.97 20.38 23.07 23.12 8.69 9.05 17.10 22.05 23.29 3.30 36.71 27.90
19.05 21.48 21.08 14.52 18.84 7.33 8.80 28.14 6.57 20.38 26.32 18.62 21.61 8.59 16.58 26.51 18.48 12.27
13.38 20.28 17.19 6.12 14.89 5.75 10.20 24.23 7.26 15.23 26.04 21.60 18.73 15.94 11.50 29.67 10.17 5.09
3.60 13.69 8.33 8.57 6.39 8.97 11.14 14.87 10.50 5.60 19.62 19.53 10.62 20.47 2.65 26.65 11.30 4.79
23.12 20.55 23.04 22.47 21.25 12.63 10.22 29.26 10.82 23.73 23.70 13.54 22.44 0.66 20.53 20.23 26.66 18.86
8.79 6.73 3.82 20.57 6.12 17.53 16.37 3.60 18.01 6.70 10.45 16.93 3.29 25.17 9.68 20.97 22.79 16.47
2.78 9.31 2.63 14.50 2.15 12.81 13.00 8.93 13.75 0.99 14.82 17.68 5.35 22.51 3.87 23.60 16.80 10.59
24.47 18.69 22.96 26.61 21.66 16.16 12.35 28.13 14.30 24.54 20.32 9.43 21.63 6.54 22.05 14.58 30.84 22.26
14.20 21.29 18.12 6.03 15.83 6.68 11.11 25.14 8.12 16.08 27.05 22.52 19.70 16.43 12.39 30.60 9.89 5.84
17.26 6.70 13.24 25.25 13.22 16.54 12.48 16.04 15.55 16.21 6.86 4.12 10.84 16.68 15.80 8.48 28.96 20.10
16.54 11.77 15.10 20.23 13.70 9.97 5.52 20.75 8.39 16.57 15.09 6.39 14.03 8.37 14.18 14.43 24.37 15.40
27.86 26.43 28.44 24.99 26.49 16.47 15.26 34.91 14.92 28.73 29.65 19.36 28.08 6.37 25.26 25.53 28.94 22.33
11.44 3.36 6.07 22.58 7.70 17.58 15.40 6.34 17.62 9.57 6.44 13.50 3.47 23.29 11.48 16.91 25.32 17.96
15.02 5.40 9.63 26.17 11.30 20.70 18.08 7.71 20.56 13.10 4.04 13.84 7.07 25.15 15.08 15.40 28.92 21.50
4.17 12.04 5.15 15.38 5.76 15.83 16.50 8.30 16.97 2.96 16.96 21.12 7.76 26.06 6.57 26.60 16.80 12.45
3.24 15.01 8.50 9.91 7.39 12.66 14.74 13.71 14.21 5.01 20.67 22.25 11.22 24.15 4.87 28.88 11.33 7.77
21.36 9.59 16.45 30.75 17.22 22.65 18.73 16.54 21.77 19.86 4.84 9.22 13.69 22.51 20.47 6.81 34.20 25.64
2.65 9.12 2.99 13.91 1.53 11.76 11.94 9.78 12.68 1.71 14.82 17.01 5.46 21.47 2.99 23.18 16.42 9.78
20.30 23.69 22.81 14.21 20.52 8.90 11.09 29.93 8.56 21.79 28.67 21.15 23.55 10.68 17.95 29.04 17.89 12.86
18.52 6.94 13.34 28.72 14.46 21.63 18.17 12.72 21.04 16.84 1.10 10.79 10.57 23.52 17.98 10.55 31.91 23.74
14.06 22.82 18.68 3.24 16.52 9.49 13.96 25.39 11.15 16.11 28.73 25.24 20.64 19.89 12.79 33.24 6.54 6.06
3.69 8.23 1.77 15.13 1.28 12.65 12.47 8.64 13.45 2.08 13.80 16.66 4.35 21.90 4.18 22.52 17.60 10.97
4.71 10.91 4.15 16.33 5.22 16.01 16.31 7.10 17.02 2.96 15.69 20.23 6.61 25.80 6.81 25.49 17.95 13.09
19.47 8.58 15.32 27.42 15.40 18.49 14.30 17.58 17.39 18.37 7.22 4.18 12.83 17.45 18.04 6.26 31.16 22.27
20.72 21.23 21.95 17.69 19.84 9.10 8.83 28.79 7.71 21.78 25.50 16.74 22.05 5.24 18.15 24.32 21.74 14.85
12.05 5.22 9.09 19.50 8.31 11.29 7.83 14.12 10.65 11.38 9.77 7.27 7.53 14.89 10.28 14.11 23.20 14.36
28.00 27.35 28.93 24.31 26.91 16.40 15.70 35.57 14.99 29.00 30.85 20.77 28.75 7.53 25.42 27.19 28.15 22.01
10.60 20.41 15.55 1.40 13.53 9.44 13.58 21.98 11.31 12.70 26.38 24.27 17.75 21.05 9.74 32.03 5.33 3.80
16.51 7.91 13.36 23.15 12.76 13.83 9.57 17.48 12.67 15.83 9.85 2.80 11.42 13.50 14.66 10.22 27.04 18.03
18.68 15.07 17.92 20.47 16.30 10.00 6.17 23.89 8.16 18.99 18.37 8.86 17.10 5.03 16.17 16.46 24.70 16.05
9.55 2.23 4.86 19.75 5.41 14.01 11.80 8.86 14.01 8.10 8.10 11.56 2.48 19.97 8.88 16.60 22.82 14.90
11.14 1.62 6.82 20.60 7.00 13.86 11.06 10.62 13.58 9.88 7.27 9.53 4.52 18.59 10.10 14.72 23.90 15.60
5.42 7.17 0.39 17.03 2.63 14.24 13.61 6.85 14.89 3.46 12.37 16.42 2.94 22.84 6.08 21.72 19.43 12.87
12.82 1.05 7.97 22.77 8.69 16.11 13.16 10.11 15.78 11.33 5.02 9.73 5.28 20.16 12.08 13.63 25.97 17.81
12.03 12.11 12.40 14.27 10.38 4.28 0.88 19.18 3.24 12.66 17.19 11.58 12.46 10.46 9.45 19.64 18.41 9.45
12.84 3.15 7.50 23.78 8.98 18.26 15.76 7.41 18.16 11.01 4.93 12.70 4.80 23.20 12.72 15.58 26.62 19.06
22.80 18.52 21.93 23.91 20.38 13.58 10.17 27.65 11.69 23.11 21.02 10.48 20.94 3.55 20.29 16.81 28.15 19.78
1.76 10.10 3.63 13.45 2.59 12.16 12.68 9.92 13.21 0.89 15.73 18.08 6.29 22.24 3.01 24.24 15.75 9.61
18.70 7.04 13.57 28.76 14.61 21.49 17.97 13.18 20.86 17.06 1.48 10.32 10.79 23.13 18.09 10.01 32.00 23.75
18.97 7.73 14.60 27.40 14.86 18.80 14.74 16.47 17.81 17.77 5.93 5.32 12.02 18.47 17.69 6.86 31.05 22.26
12.79 9.31 11.52 17.48 9.99 7.96 3.87 17.58 6.91 12.81 13.82 8.09 10.76 11.13 10.46 16.04 21.49 12.43
17.53 7.22 13.64 25.25 13.52 16.36 12.23 16.62 15.31 16.54 7.49 3.48 11.30 16.13 15.99 8.30 29.00 20.10
17.34 20.78 19.76 12.39 17.47 5.86 8.34 26.88 5.60 18.79 25.91 19.00 20.52 10.26 14.95 27.03 16.37 10.24
21.78 13.29 18.91 27.02 18.21 16.87 12.41 22.86 15.29 21.27 13.71 3.05 16.98 11.93 19.74 8.28 31.11 22.07
11.03 21.54 16.23 1.66 14.37 11.38 15.45 22.31 13.25 13.14 27.50 25.95 18.60 23.02 10.61 33.62 3.59 5.50
5.75 17.52 10.97 8.90 9.90 13.84 16.46 15.75 15.54 7.46 23.17 24.59 13.71 25.65 7.17 31.35 9.47 8.19
5.77 16.19 10.82 6.12 8.93 9.15 12.19 17.15 10.91 7.88 22.14 21.51 13.16 21.07 5.18 28.85 8.78 3.47
24.42 15.81 21.56 29.29 20.86 18.99 14.58 25.34 17.32 23.92 15.68 5.56 19.58 12.45 22.34 8.16 33.43 24.42
17.76 6.54 12.48 28.31 13.78 21.69 18.45 11.33 21.23 15.99 1.00 11.89 9.73 24.32 17.41 12.04 31.36 23.41
15.23 15.42 15.99 15.08 13.94 4.70 2.83 22.79 2.82 16.07 20.10 12.81 16.05 7.45 12.63 20.88 19.31 10.94
19.08 16.33 18.74 19.92 16.99 9.54 6.25 24.93 7.66 19.56 19.84 10.44 18.11 3.78 16.52 17.98 24.16 15.74
4.22 13.94 8.80 8.12 6.79 8.41 10.75 15.43 9.98 6.19 19.90 19.45 11.02 20.00 3.00 26.67 11.03 4.17
18.28 22.98 21.30 11.36 18.98 7.62 10.84 28.45 7.89 19.92 28.29 21.73 22.34 12.71 16.07 29.78 15.01 10.43
14.64 21.24 18.36 6.94 16.06 6.30 10.64 25.43 7.59 16.47 26.94 22.06 19.84 15.59 12.72 30.16 10.80 6.36
14.19 7.34 8.96 25.86 11.05 21.68 19.63 4.81 21.81 12.11 7.28 16.81 7.05 27.41 14.81 18.66 28.21 21.53
0.74 12.30 5.74 11.91 4.73 12.37 13.61 11.35 13.66 2.27 17.92 20.00 8.45 23.18 3.30 26.36 13.85 8.70
11.96 9.94 11.26 16.10 9.52 6.61 2.79 17.67 5.68 12.19 14.81 9.48 10.85 11.19 9.53 17.43 20.13 11.08
15.91 18.49 17.85 12.75 15.61 4.15 5.96 24.92 3.38 17.18 23.54 16.68 18.43 9.15 13.41 24.75 16.91 9.65
13.79 19.73 17.18 7.66 14.86 4.65 8.98 24.30 5.94 15.52 25.38 20.40 18.51 14.35 11.70 28.49 11.75 5.84
15.39 20.21 18.34 9.74 16.02 4.79 8.51 25.49 5.42 16.99 25.65 19.78 19.42 12.54 13.14 27.88 13.76 7.80
19.19 7.70 14.64 27.93 15.05 19.52 15.53 16.08 18.58 17.89 5.17 6.27 11.99 19.43 18.02 6.94 31.52 22.80
14.36 4.78 8.97 25.47 10.62 20.03 17.45 7.46 19.90 12.45 4.25 13.55 6.39 24.64 14.39 15.50 28.24 20.80
20.24 22.83 22.39 15.09 20.14 8.58 10.15 29.46 7.91 21.62 27.64 19.78 22.95 9.08 17.80 27.60 18.92 13.22
10.57 11.57 11.18 13.30 9.09 4.01 2.33 18.09 3.65 11.27 16.93 12.30 11.47 11.90 7.99 20.25 17.37 8.33
22.60 15.10 20.23 26.76 19.29 16.38 12.03 24.67 14.67 22.31 16.03 5.15 18.52 9.87 20.40 10.35 30.93 21.98
19.00 8.23 14.91 26.89 14.94 17.97 13.79 17.34 16.88 17.93 7.25 3.89 12.45 17.10 17.54 6.74 30.63 21.74
12.95 18.15 15.94 8.58 13.62 2.93 7.28 23.09 4.28 14.54 23.75 18.70 17.11 13.28 10.69 26.79 12.78 5.64
23.91 19.22 22.89 25.14 21.40 14.80 11.35 28.46 12.92 24.17 21.42 10.69 21.81 4.38 21.42 16.53 29.37 21.01
24.77 18.67 23.13 27.15 21.88 16.69 12.81 28.16 14.84 24.79 20.10 9.19 21.72 7.23 22.38 14.03 31.39 22.76
15.24 8.80 10.14 27.00 12.30 23.09 21.10 4.98 23.25 13.14 8.16 18.10 8.40 28.87 16.02 19.52 29.23 22.78
11.50 2.94 7.68 20.25 7.45 12.92 9.86 12.00 12.50 10.47 8.00 8.43 5.66 17.17 10.16 14.23 23.71 15.17
12.53 7.02 10.26 18.86 9.14 10.00 6.23 15.74 9.17 12.16 11.40 7.00 9.03 13.12 10.49 14.51 22.71 13.72
9.97 11.52 7.10 21.58 9.21 20.74 20.33 3.04 21.53 8.04 14.49 21.74 7.92 29.49 11.84 25.47 22.97 18.34
17.54 5.80 12.72 26.99 13.39 19.26 15.59 13.67 18.54 16.09 2.94 7.98 9.99 20.63 16.63 9.26 30.39 21.91
21.02 10.01 16.82 28.93 16.95 19.86 15.60 18.78 18.70 19.90 7.90 4.82 14.28 18.08 19.60 4.70 32.69 23.78
21.25 9.48 16.30 30.72 17.11 22.71 18.83 16.28 21.85 19.73 4.58 9.44 13.53 22.72 20.39 7.13 34.15 25.63
23.82 20.64 23.49 23.60 21.78 13.63 10.93 29.54 11.79 24.34 23.49 13.08 22.75 1.78 21.25 19.45 27.80 19.88
11.61 6.45 9.31 18.31 8.18 9.85 6.39 14.91 9.19 11.20 11.22 7.82 8.15 13.86 9.62 15.12 22.09 13.16
11.98 8.76 10.69 17.04 9.15 7.85 4.07 16.82 6.98 11.98 13.52 8.53 10.00 11.90 9.67 16.36 21.00 11.95
23.56 21.74 23.84 22.07 21.95 12.62 10.76 30.23 10.90 24.30 25.10 15.10 23.41 1.79 20.97 21.87 26.20 18.76
13.17 19.76 16.82 6.57 14.52 5.11 9.56 23.90 6.62 14.97 25.50 20.96 18.30 15.39 11.20 29.03 10.68 5.00
21.07 9.30 16.11 30.59 16.93 22.64 18.78 16.05 21.80 19.54 4.35 9.51 13.33 22.77 20.23 7.36 34.01 25.50
24.39 12.97 19.91 32.61 20.27 23.54 19.25 20.93 22.34 23.14 9.32 8.10 17.25 20.93 23.11 2.18 36.35 27.47
8.69 12.36 10.42 10.94 8.14 3.48 4.66 17.55 4.35 9.75 18.08 14.63 11.32 13.98 6.11 22.44 14.92 5.86
3.40 11.77 6.93 10.19 4.77 8.36 9.78 13.83 9.64 4.89 17.73 17.57 8.96 19.29 1.08 24.64 13.20 5.74
5.31 8.07 1.45 17.13 3.38 14.97 14.55 6.33 15.71 3.21 13.03 17.48 3.77 23.84 6.42 22.65 19.31 13.19
22.21 14.03 19.50 27.07 18.72 16.83 12.39 23.60 15.19 21.77 14.59 3.84 17.63 11.27 20.11 8.90 31.20 22.18
9.65 7.19 4.80 21.47 7.10 18.52 17.31 2.69 18.98 7.54 10.35 17.45 4.14 26.03 10.63 21.13 23.61 17.43
14.65 12.26 10.62 26.45 12.94 24.50 23.33 3.47 25.01 12.59 12.98 22.27 10.13 31.90 16.17 24.36 28.01 22.89
25.67 19.65 24.08 27.79 22.81 17.36 13.58 29.13 15.49 25.71 21.01 10.11 22.69 7.35 23.25 14.63 32.03 23.47
25.38 15.56 21.91 31.38 21.56 21.32 16.85 24.79 19.76 24.63 14.19 6.11 19.65 15.72 23.53 4.99 35.43 26.37
18.61 13.98 17.38 21.34 15.92 10.89 6.71 23.04 9.12 18.74 16.94 7.22 16.33 6.39 16.18 14.84 25.55 16.73
7.39 9.94 4.50 19.17 6.50 18.01 17.69 4.20 18.82 5.38 13.90 19.92 5.89 26.95 9.13 24.36 20.85 15.71
4.37 9.29 2.42 16.24 3.61 14.85 14.82 7.02 15.74 2.27 14.32 18.49 5.01 24.25 5.91 23.85 18.25 12.55
19.08 14.25 17.79 21.83 16.36 11.36 7.20 23.37 9.58 19.19 17.06 7.12 16.69 6.32 16.66 14.60 26.03 17.22
25.37 21.90 24.95 25.06 23.27 15.16 12.48 30.91 13.33 25.86 24.50 13.89 24.14 3.21 22.80 19.79 29.24 21.40
15.83 8.93 13.37 21.47 12.40 11.82 7.46 18.29 10.55 15.44 11.80 4.09 11.82 11.56 13.75 12.10 25.46 16.40
25.48 25.44 26.62 21.68 24.54 13.82 13.41 33.37 12.47 26.54 29.27 19.63 26.58 6.38 22.91 26.53 25.55 19.36
29.09 18.22 25.03 36.06 25.07 26.23 21.76 26.66 24.74 28.07 15.14 10.50 22.50 20.80 27.50 3.77 40.02 30.98
1.42 12.68 6.63 10.46 5.07 10.80 12.37 12.80 12.18 3.52 18.49 19.61 9.17 21.89 2.24 26.32 12.73 7.01
9.23 18.81 14.05 3.00 11.99 8.35 12.30 20.59 10.23 11.31 24.78 22.79 16.20 20.19 8.20 30.51 6.74 2.32
17.88 21.62 20.45 12.30 18.16 6.56 9.22 27.59 6.44 19.38 26.78 19.87 21.28 10.84 15.53 27.90 16.18 10.52
14.42 12.37 10.49 26.20 12.80 24.39 23.29 3.36 24.93 12.37 13.25 22.43 10.11 31.92 15.98 24.64 27.71 22.68
5.59 11.33 7.87 10.57 5.55 6.34 7.46 15.01 7.44 6.71 17.28 15.84 9.32 16.97 3.00 23.22 14.08 5.55
6.05 13.66 9.64 8.21 7.38 6.00 8.48 16.64 7.56 7.72 19.62 17.92 11.40 17.61 3.92 25.45 11.78 3.23
14.45 3.08 9.93 23.67 10.31 16.14 12.70 12.33 15.55 13.14 4.89 7.58 7.35 18.79 13.39 11.54 27.09 18.60
21.66 19.41 21.68 21.14 19.85 11.20 8.77 27.98 9.37 22.30 22.79 12.95 21.15 0.81 19.08 20.01 25.34 17.44
28.20 16.96 23.87 35.83 24.11 26.30 21.88 24.99 24.93 27.04 13.34 10.46 21.25 21.91 26.78 2.50 39.69 30.70
11.96 18.30 15.43 6.89 13.12 3.92 8.39 22.53 5.61 13.70 24.05 19.73 16.86 14.98 9.89 27.77 11.12 4.12
8.34 6.19 3.18 20.04 5.43 16.78 15.58 4.39 17.23 6.28 10.30 16.32 2.52 24.39 9.07 20.58 22.36 15.85
25.16 13.76 20.70 33.28 21.04 24.12 19.79 21.70 22.89 23.92 10.08 8.54 18.05 21.16 23.85 1.63 37.04 28.14
16.08 6.66 12.54 23.45 12.18 14.53 10.43 16.24 13.50 15.23 8.39 3.64 10.41 14.95 14.41 9.99 27.24 18.30
21.55 10.01 16.96 30.21 17.41 21.58 17.45 17.97 20.54 20.24 6.48 7.15 14.28 20.46 20.38 4.93 33.84 25.07
24.86 13.70 20.59 32.59 20.78 23.23 18.85 22.05 21.93 23.72 10.59 7.48 18.00 19.85 23.43 0.88 36.41 27.45
24.42 17.02 22.15 28.10 21.16 17.65 13.42 26.60 15.87 24.17 17.75 6.97 20.45 9.79 22.17 11.04 32.31 23.43
8.94 6.75 3.98 20.73 6.27 17.68 16.50 3.47 18.15 6.85 10.38 16.97 3.39 25.28 9.84 20.94 22.94 16.63
13.05 1.38 8.07 23.19 8.93 16.69 13.78 9.73 16.38 11.48 4.59 10.17 5.32 20.77 12.41 13.73 26.34 18.26
18.33 12.58 16.58 22.12 15.32 11.80 7.39 21.86 10.15 18.25 15.19 5.36 15.28 8.19 16.01 13.11 26.28 17.32
21.05 20.07 21.62 19.45 19.64 9.96 8.41 28.20 8.26 21.88 23.91 14.57 21.38 2.65 18.45 21.92 23.61 16.08
17.81 6.04 12.84 27.55 13.68 20.06 16.47 13.25 19.39 16.27 2.02 8.97 10.07 21.64 17.03 9.66 30.87 22.50
17.72 22.93 20.94 10.39 18.62 7.51 11.05 28.09 8.02 19.42 28.35 22.14 22.10 13.57 15.59 30.22 14.00 9.71
23.56 13.67 20.03 29.88 19.71 19.98 15.51 22.94 18.49 22.77 12.51 4.39 17.76 15.39 21.76 4.79 33.88 24.83
20.98 23.00 22.90 16.21 20.68 9.24 10.33 29.93 8.36 22.28 27.65 19.42 23.34 8.16 18.50 27.14 20.07 14.18
9.41 3.00 5.45 18.87 5.30 12.57 10.21 10.35 12.48 8.26 8.93 10.65 3.67 18.40 8.31 16.36 22.13 13.90
15.19 5.66 9.80 26.38 11.50 20.96 18.35 7.68 20.82 13.25 4.14 14.06 7.27 25.40 15.28 15.51 29.11 21.72
20.80 14.48 18.91 24.32 17.73 13.90 9.61 23.92 12.15 20.69 16.36 5.66 17.47 7.88 18.48 12.37 28.51 19.62
21.30 14.52 19.22 25.10 18.13 14.70 10.37 24.03 12.97 21.11 16.08 5.24 17.67 8.60 19.02 11.60 29.28 20.36
25.34 15.19 21.69 31.71 21.45 21.77 17.30 24.29 20.26 24.50 13.47 6.23 19.35 16.62 23.57 3.94 35.72 26.67
8.21 9.17 4.53 20.06 6.74 18.35 17.75 3.19 19.05 6.13 12.84 19.30 5.34 26.86 9.72 23.46 21.86 16.42
4.08 11.73 4.84 15.43 5.48 15.68 16.28 8.14 16.80 2.74 16.67 20.81 7.46 25.83 6.42 26.29 16.93 12.40
6.45 16.28 11.26 5.66 9.25 8.20 11.43 17.80 9.99 8.51 22.25 21.10 13.47 20.16 5.45 28.57 8.77 2.42
6.79 18.51 12.12 7.62 10.88 13.53 16.48 17.13 15.29 8.64 24.25 25.14 14.82 25.45 7.82 32.10 8.03 7.57
14.23 23.92 19.20 2.36 17.17 11.55 15.97 25.60 13.29 16.33 29.88 27.09 21.38 22.27 13.38 35.01 4.22 7.06
15.92 13.71 15.61 17.68 13.82 7.21 3.24 21.95 5.44 16.37 17.81 9.75 15.12 6.84 13.37 17.78 21.90 13.15
15.18 3.44 10.18 25.17 11.06 18.20 14.96 11.10 17.72 13.62 2.72 9.48 7.42 21.15 14.49 11.91 28.39 20.18
9.23 9.94 5.72 21.03 7.93 19.53 18.92 2.41 20.24 7.19 13.14 20.15 6.33 28.00 10.85 24.00 22.70 17.51
16.99 6.76 13.12 24.75 12.98 15.94 11.86 16.21 14.93 16.00 7.40 3.73 10.80 16.06 15.45 8.83 28.49 19.61
24.57 13.15 20.09 32.77 20.45 23.67 19.37 21.11 22.46 23.32 9.50 8.19 17.44 20.98 23.28 2.03 36.51 27.62
9.71 3.56 4.35 20.86 5.96 16.19 14.33 6.24 16.36 7.87 7.98 13.78 1.73 22.64 9.75 17.94 23.57 16.29
25.95 15.00 21.82 33.29 21.91 23.71 19.28 23.50 22.32 24.89 12.09 7.86 19.28 19.53 24.43 0.94 37.18 28.17
22.37 24.45 24.37 17.12 22.14 10.66 11.79 31.40 9.83 23.71 29.04 20.61 24.81 8.78 19.92 28.23 20.85 15.40
4.02 15.80 9.26 9.55 8.17 13.01 15.27 14.32 14.61 5.76 21.45 22.99 11.99 24.62 5.58 29.66 10.73 7.84
10.27 6.70 5.23 22.04 7.48 18.74 17.33 2.91 19.13 8.17 9.57 16.96 4.12 25.90 11.11 20.44 24.26 17.90
19.57 13.34 17.67 23.37 16.49 13.01 8.64 22.74 11.32 19.44 15.49 5.08 16.25 8.23 17.27 12.40 27.54 18.60
14.26 3.86 8.93 25.10 10.36 19.26 16.52 8.33 19.05 12.44 3.58 12.39 6.22 23.53 14.08 14.57 28.00 20.33
10.83 9.68 10.36 15.21 8.52 6.17 3.09 16.93 5.56 11.11 14.85 10.35 10.15 12.13 8.38 18.20 19.19 10.13
16.80 15.19 16.84 17.56 14.97 7.12 3.90 23.31 5.25 17.40 19.30 10.97 16.48 5.70 14.22 18.90 21.79 13.29
11.90 6.27 9.45 18.71 8.40 10.22 6.68 14.90 9.52 11.44 10.91 7.47 8.18 13.93 9.95 14.73 22.48 13.56
2.53 10.06 3.21 14.40 3.04 13.36 13.75 8.87 14.38 0.42 15.47 18.57 5.99 23.29 4.22 24.43 16.50 10.74
4.86 7.72 4.06 14.17 1.88 9.86 9.37 11.17 10.49 4.52 13.68 14.44 5.24 18.80 3.38 21.00 17.25 9.42
7.77 12.61 10.01 10.07 7.69 4.06 5.81 17.16 5.25 8.99 18.44 15.57 11.17 15.07 5.23 23.30 13.96 4.93
19.35 7.58 14.38 28.98 15.21 21.25 17.51 14.55 20.49 17.82 2.91 9.07 11.61 22.11 18.54 8.48 32.35 23.91
9.66 20.33 14.90 2.71 13.08 11.02 14.89 20.93 12.90 11.77 26.29 25.10 17.30 22.86 9.34 32.67 4.65 4.87
10.80 13.21 12.19 11.89 9.98 2.26 2.91 19.24 2.35 11.79 18.65 13.88 12.78 11.90 8.21 21.89 16.04 7.12
11.15 10.37 10.93 14.93 9.03 5.61 2.42 17.57 4.90 11.54 15.50 10.64 10.81 11.61 8.65 18.57 18.96 9.90
23.16 16.67 21.28 26.25 20.12 15.78 11.65 26.18 13.97 23.07 18.10 7.19 19.80 7.82 20.82 12.59 30.47 21.68
22.81 13.95 19.79 28.20 19.17 18.06 13.59 23.47 16.47 22.24 13.89 3.72 17.76 12.77 20.81 7.41 32.29 23.25
4.48 14.94 9.48 7.44 7.61 9.21 11.81 15.86 10.86 6.57 20.87 20.62 11.84 20.96 3.89 27.83 10.06 4.22
14.55 2.84 9.79 24.16 10.40 16.93 13.61 11.60 16.41 13.12 4.00 8.48 7.11 19.83 13.67 11.82 27.48 19.13
9.44 8.18 8.54 15.28 6.78 7.28 4.89 15.10 7.04 9.51 13.64 10.62 8.33 13.92 7.15 18.13 19.08 10.14
22.04 14.45 19.61 26.40 18.68 16.06 11.67 24.02 14.37 21.71 15.42 4.53 17.87 10.07 19.85 10.11 30.55 21.57
7.22 18.40 12.57 5.32 10.92 11.34 14.66 18.35 13.17 9.30 24.30 24.07 15.09 23.32 7.36 31.36 6.81 5.19
15.00 19.80 17.92 9.63 15.61 4.38 8.17 25.08 5.08 16.59 25.26 19.47 19.00 12.51 12.74 27.58 13.69 7.49
11.35 9.88 7.25 23.20 9.56 21.14 20.14 0.34 21.71 9.26 12.04 20.13 7.04 28.93 12.78 23.23 24.94 19.52
15.64 10.65 14.02 19.90 12.68 9.85 5.38 19.62 8.40 15.58 14.13 6.10 12.91 9.45 13.33 14.21 24.00 14.97
10.65 7.44 9.06 16.78 7.59 8.37 5.24 15.20 7.84 10.49 12.58 9.12 8.37 13.53 8.48 16.61 20.59 11.64
12.71 9.42 11.52 17.31 9.96 7.78 3.70 17.63 6.73 12.77 13.98 8.26 10.81 11.09 10.36 16.22 21.33 12.27
23.05 14.59 20.23 28.01 19.50 17.76 13.33 24.14 16.12 22.57 14.79 4.32 18.29 11.91 20.97 8.32 32.14 23.12
6.81 9.58 7.46 12.63 5.25 6.52 6.20 14.54 7.08 7.35 15.44 13.64 8.26 15.77 4.33 21.01 16.26 7.52
7.47 10.40 4.88 19.19 6.82 18.27 18.03 4.34 19.11 5.52 14.31 20.38 6.34 27.32 9.31 24.81 20.77 15.83
27.25 15.98 22.90 34.99 23.15 25.54 21.14 24.02 24.20 26.07 12.38 9.72 20.27 21.52 25.85 1.63 38.83 29.85
10.35 17.79 14.25 5.52 11.98 4.97 9.23 21.25 6.83 12.21 23.66 20.27 15.92 16.64 8.50 28.20 9.74 2.18
19.23 11.58 16.66 24.34 15.78 14.27 9.80 21.13 12.74 18.83 13.10 2.50 14.92 10.81 17.13 10.15 28.42 19.38
24.26 22.52 24.60 22.51 22.70 13.22 11.50 31.01 11.53 25.03 25.86 15.80 24.18 2.53 21.67 22.46 26.61 19.31
12.86 13.52 13.62 13.88 11.54 3.50 1.06 20.49 2.04 13.67 18.55 12.47 13.80 9.67 10.27 20.57 18.08 9.31
15.70 12.32 11.41 27.54 13.74 25.21 23.83 4.34 25.64 13.61 12.42 22.12 10.63 32.19 17.09 23.78 29.19 23.86
24.92 23.38 25.37 22.78 23.45 13.73 12.22 31.83 12.09 25.73 26.75 16.68 25.00 3.42 22.32 23.29 26.85 19.75
13.14 17.96 15.96 9.14 13.65 2.60 6.83 23.12 3.79 14.68 23.50 18.25 17.05 12.72 10.83 26.35 13.34 6.06
18.43 13.10 16.87 21.83 15.53 11.44 7.10 22.30 9.74 18.43 15.85 6.05 15.66 7.51 16.06 13.74 26.01 17.09
2.34 11.15 4.24 14.05 4.13 13.85 14.53 9.22 14.98 1.07 16.48 19.67 7.02 24.10 4.59 25.54 15.89 10.72
23.68 13.85 20.18 29.90 19.84 19.97 15.50 23.14 18.47 22.90 12.75 4.46 17.92 15.24 21.86 4.95 33.92 24.86
13.12 1.35 8.28 23.03 8.99 16.28 13.27 10.32 15.92 11.64 4.78 9.54 5.58 20.14 12.36 13.34 26.25 18.06
11.30 21.51 16.41 0.84 14.48 10.78 14.94 22.65 12.64 13.42 27.48 25.59 18.71 22.32 10.69 33.33 3.98 5.11
5.75 8.21 5.55 13.63 3.39 8.44 7.87 12.62 8.99 5.82 14.17 13.75 6.41 17.34 3.67 20.69 16.97 8.67
16.59 19.39 18.67 12.77 16.42 4.87 6.86 25.76 4.27 17.92 24.45 17.48 19.30 9.31 14.12 25.52 16.88 10.01
10.23 6.19 8.08 17.31 6.83 9.43 6.51 14.00 9.02 9.84 11.48 9.15 7.18 14.72 8.27 16.28 21.00 12.16
11.46 13.03 12.51 12.77 10.35 2.78 2.00 19.48 2.18 12.34 18.33 13.12 12.90 11.11 8.86 21.17 16.93 8.03
20.95 11.93 17.80 26.85 17.25 16.92 12.45 21.46 15.44 20.32 12.14 1.72 15.75 13.08 19.03 7.42 30.87 21.82
12.78 6.02 7.48 24.37 9.52 20.10 18.11 4.58 20.24 10.74 7.13 15.85 5.47 26.04 13.30 18.35 26.81 19.99
13.58 14.15 14.38 14.15 12.29 3.67 1.49 21.23 1.94 14.41 19.08 12.61 14.52 9.00 10.98 20.72 18.37 9.72
10.47 21.74 15.85 4.30 14.26 13.36 17.15 21.36 15.24 12.51 27.64 27.11 18.41 25.22 10.69 34.54 3.69 7.16
4.89 16.51 10.28 7.89 8.89 11.98 14.63 15.77 13.67 6.88 22.30 23.06 12.92 23.79 5.73 30.01 9.29 6.43
11.98 8.52 7.28 23.85 9.58 20.96 19.58 1.51 21.37 9.87 10.23 18.68 6.36 28.07 13.09 21.47 25.85 19.89
4.62 12.86 8.35 8.96 6.15 7.28 9.26 15.28 8.72 6.29 18.83 17.93 10.28 18.62 2.52 25.24 12.21 4.33
13.52 2.95 9.31 22.41 9.42 14.77 11.36 12.52 14.18 12.35 6.23 7.31 6.92 17.74 12.30 12.25 25.89 17.31
14.41 22.98 18.97 3.74 16.78 9.41 13.88 25.71 11.02 16.45 28.88 25.20 20.88 19.60 13.08 33.22 6.97 6.31
17.48 7.01 12.10 28.44 13.67 22.42 19.45 9.98 22.10 15.60 2.76 13.62 9.47 25.77 17.40 13.83 31.31 23.67
10.27 19.35 14.91 2.80 12.78 7.79 11.97 21.59 9.66 12.32 25.30 22.77 16.95 19.43 9.03 30.59 6.94 2.48
15.48 7.50 12.52 22.03 11.80 12.78 8.58 16.99 11.67 14.87 10.15 3.84 10.73 13.21 13.58 11.34 25.91 16.90
21.29 19.32 21.42 20.60 19.56 10.70 8.42 27.78 8.89 21.96 22.83 13.14 20.96 1.28 18.70 20.32 24.79 16.94
20.68 8.92 15.81 29.98 16.53 21.88 17.97 16.16 21.00 19.21 4.50 8.61 13.06 21.87 19.74 6.93 33.45 24.88
24.36 13.97 20.56 31.12 20.41 21.35 16.90 22.99 19.92 23.45 12.11 5.56 18.17 16.98 22.67 3.20 35.08 26.04
21.18 22.02 22.58 17.63 20.44 9.47 9.54 29.46 8.21 22.31 26.36 17.63 22.75 5.92 18.63 25.20 21.63 15.04
19.54 20.79 21.05 16.13 18.89 7.81 8.17 27.99 6.60 20.69 25.33 17.08 21.32 6.54 16.99 24.85 20.19 13.39
25.32 16.21 22.23 30.57 21.66 20.32 15.89 25.65 18.68 24.73 15.53 6.14 20.13 13.87 23.33 7.05 34.68 25.65
2.46 12.49 6.99 9.91 5.09 9.48 11.12 13.57 10.86 4.34 18.40 18.80 9.31 20.61 1.47 25.73 12.56 5.99
11.44 7.78 9.83 17.25 8.40 8.46 4.97 15.85 7.75 11.30 12.66 8.48 9.03 12.86 9.25 16.11 21.12 12.12
12.31 5.42 9.39 19.65 8.60 11.31 7.76 14.40 10.62 11.67 9.83 6.99 7.82 14.66 10.52 13.91 23.36 14.50
7.74 15.80 11.76 6.24 9.53 5.69 9.17 18.69 7.51 9.60 21.75 19.44 13.59 17.66 5.94 27.16 10.09 1.10
11.28 6.31 6.10 22.99 8.27 19.28 17.63 3.38 19.57 9.21 8.57 16.49 4.53 25.95 11.98 19.59 25.30 18.74
15.74 8.38 10.51 27.41 12.59 23.08 20.89 5.94 23.15 13.67 7.16 17.33 8.54 28.41 16.36 18.49 29.76 23.06
11.40 21.69 16.54 0.99 14.62 11.04 15.19 22.73 12.90 13.52 27.66 25.84 18.86 22.58 10.84 33.56 3.72 5.35
20.47 16.94 19.85 21.56 18.20 11.17 7.75 25.82 9.29 20.85 20.02 10.05 19.04 3.33 17.94 17.20 25.79 17.36
6.57 6.51 1.32 18.19 3.61 15.10 14.20 5.93 15.66 4.57 11.42 16.16 2.22 23.27 7.21 21.10 20.58 13.99
21.44 21.22 22.37 18.94 20.32 10.00 9.15 29.09 8.46 22.41 25.24 16.09 22.30 3.96 18.86 23.49 23.02 15.92
11.24 22.38 16.61 3.77 14.96 13.39 17.31 22.22 15.27 13.30 28.30 27.49 19.14 25.15 11.33 35.00 2.82 7.29
15.05 15.88 16.10 14.34 13.99 4.09 3.20 22.99 2.25 16.00 20.70 13.63 16.30 7.91 12.46 21.71 18.58 10.34
3.08 14.58 8.45 9.01 6.97 11.16 13.34 14.28 12.72 5.15 20.39 21.27 11.05 22.70 3.87 28.12 10.95 6.37
16.53 9.92 14.26 21.68 13.21 11.80 7.36 19.26 10.41 16.22 12.66 4.07 12.77 10.67 14.37 12.18 25.72 16.67
12.42 13.59 13.39 13.28 11.26 2.94 1.54 20.31 1.68 13.29 18.74 12.95 13.68 10.17 9.82 21.04 17.48 8.70
24.04 23.10 24.74 21.52 22.75 12.68 11.52 31.32 11.10 24.94 26.73 16.95 24.50 3.68 21.45 23.84 25.56 18.61
19.83 10.35 16.43 26.37 16.01 16.73 12.32 19.84 15.38 19.08 10.48 0.92 14.27 14.13 18.03 7.20 30.31 21.27
19.55 7.86 14.43 29.54 15.45 22.13 18.52 13.95 21.45 17.92 2.30 10.40 11.65 23.39 18.91 9.43 32.80 24.51
13.77 4.28 10.01 21.94 9.77 13.78 10.14 13.83 13.06 12.80 7.52 6.18 7.86 16.23 12.29 12.00 25.56 16.80
15.07 8.53 9.94 26.82 12.10 22.85 20.84 4.96 23.00 12.98 7.95 17.84 8.17 28.60 15.82 19.33 29.07 22.57
18.79 16.04 18.43 19.75 16.69 9.34 5.97 24.63 7.46 19.26 19.59 10.27 17.81 4.09 16.24 17.87 23.99 15.52
16.75 5.57 12.39 25.40 12.63 17.16 13.31 14.64 16.32 15.53 5.27 5.75 9.84 18.14 15.50 9.08 28.97 20.27
19.93 17.55 19.80 20.10 18.00 9.88 7.03 26.08 8.01 20.49 21.07 11.55 19.26 2.65 17.35 18.95 24.33 16.13
13.99 21.76 18.20 4.87 15.95 7.63 12.09 25.12 9.18 15.96 27.59 23.47 19.94 17.71 12.38 31.52 8.63 5.63
10.04 1.86 5.53 19.95 5.89 13.83 11.41 9.54 13.73 8.68 7.83 10.82 3.22 19.39 9.21 15.95 23.11 15.04
25.42 26.07 26.87 20.93 24.74 13.68 13.77 33.73 12.49 26.59 30.12 20.73 26.99 7.63 22.89 27.80 24.70 18.93
9.43 6.15 7.37 16.76 6.05 9.29 6.74 13.48 9.05 9.04 11.68 9.93 6.65 15.27 7.50 16.96 20.39 11.63
4.70 8.04 1.10 16.45 2.62 14.18 13.84 7.11 14.94 2.67 13.24 17.16 3.81 23.18 5.66 22.57 18.72 12.44
6.10 9.68 3.54 17.92 5.34 16.75 16.57 5.36 17.60 4.08 14.11 19.41 5.45 25.91 7.82 24.24 19.69 14.41
25.48 15.17 21.74 32.03 21.56 22.15 17.68 24.17 20.66 24.60 13.22 6.50 19.36 17.16 23.76 3.39 36.02 26.97
22.40 19.65 22.22 22.13 20.45 12.13 9.50 28.39 10.29 22.96 22.80 12.69 21.58 0.68 19.82 19.50 26.34 18.38
17.98 19.44 19.52 15.01 17.34 6.28 6.77 26.48 5.04 19.13 24.13 16.32 19.84 7.07 15.44 24.23 19.14 12.00
28.02 17.52 24.19 34.54 24.07 24.58 20.10 26.33 23.04 27.11 15.07 9.04 21.76 18.85 26.31 3.94 38.55 29.49
24.23 17.14 22.10 27.66 21.05 17.20 13.01 26.71 15.40 24.05 18.08 7.23 20.48 9.12 21.95 11.66 31.87 23.04
13.65 18.52 16.53 9.16 14.21 3.13 7.25 23.68 4.18 15.22 24.04 18.66 17.63 12.71 11.36 26.76 13.33 6.39
15.97 7.32 12.76 22.83 12.20 13.67 9.48 16.88 12.57 15.27 9.48 3.36 10.81 13.85 14.17 10.53 26.69 17.70
25.13 26.00 26.67 20.46 24.52 13.37 13.63 33.56 12.24 26.33 30.13 20.86 26.84 7.87 22.61 28.02 24.21 18.54
14.89 15.80 15.97 14.21 13.85 3.93 3.12 22.87 2.09 15.84 20.65 13.66 16.18 8.07 12.30 21.74 18.44 10.19
7.50 19.04 12.89 6.26 11.45 12.81 16.04 18.23 14.63 9.47 24.87 25.18 15.52 24.79 8.11 32.33 6.83 6.68
19.47 20.45 20.86 16.39 18.72 7.80 7.88 27.77 6.49 20.58 24.93 16.60 21.07 6.08 16.92 24.35 20.47 13.51
12.88 4.89 9.60 20.56 9.04 12.28 8.68 14.17 11.57 12.11 8.92 6.53 7.79 15.22 11.22 13.11 24.24 15.41
13.48 19.21 16.75 7.92 14.43 4.09 8.42 23.88 5.40 15.17 24.84 19.85 18.04 14.00 11.33 27.94 12.05 5.70
20.36 9.02 15.93 28.76 16.24 20.04 15.90 17.50 18.99 19.13 6.45 5.77 13.32 19.08 19.08 5.57 32.43 23.61
12.50 19.24 16.20 6.27 13.89 4.88 9.35 23.26 6.51 14.32 25.01 20.72 17.71 15.59 10.55 28.76 10.45 4.35
21.02 9.28 16.18 30.27 16.87 22.08 18.13 16.55 21.18 19.57 4.88 8.58 13.43 21.86 20.07 6.57 33.75 25.15
12.17 7.81 7.24 23.99 9.50 20.72 19.17 2.34 21.05 10.06 9.38 17.91 6.01 27.52 13.11 20.62 26.11 19.90
6.16 7.38 5.16 14.46 3.21 9.04 8.09 12.11 9.46 5.95 13.34 13.19 5.73 17.44 4.30 19.99 17.78 9.50
21.72 17.08 20.65 23.46 19.16 13.02 9.31 26.26 11.16 21.94 19.58 9.09 19.58 4.48 19.24 15.69 27.70 19.15
16.46 17.01 17.49 15.23 15.39 5.29 4.41 24.33 3.56 17.42 21.64 13.98 17.61 6.73 13.87 21.97 19.45 11.49
2.90 9.18 3.84 13.20 1.71 10.54 10.78 10.85 11.46 2.77 15.04 16.41 5.94 20.32 2.10 22.87 15.95 8.84
10.59 3.93 5.20 21.88 6.98 17.29 15.35 5.65 17.44 8.67 7.44 14.18 2.77 23.52 10.77 17.85 24.52 17.36
20.16 9.07 15.90 28.26 16.07 19.37 15.18 17.84 18.27 19.01 7.09 4.86 13.35 18.17 18.79 5.59 31.98 23.11
7.32 4.46 2.84 17.84 3.20 13.04 11.52 8.46 13.32 5.88 10.22 13.26 1.73 20.33 6.81 18.75 20.76 13.14
17.72 21.52 20.31 12.15 18.01 6.42 9.14 27.45 6.33 19.22 26.69 19.85 21.15 10.92 15.37 27.88 16.04 10.35
15.74 8.74 10.57 27.46 12.69 23.31 21.19 5.68 23.41 13.66 7.64 17.79 8.70 28.79 16.44 18.97 29.75 23.17
12.03 12.34 8.84 23.64 11.05 22.65 22.03 2.85 23.37 10.08 14.48 22.61 9.21 31.03 13.85 25.73 24.97 20.40
18.02 16.59 18.23 18.04 16.32 7.77 5.15 24.72 5.90 18.69 20.60 11.88 17.90 4.46 15.43 19.65 22.27 14.02
12.52 20.63 16.82 3.93 14.60 7.20 11.66 23.69 8.92 14.50 26.51 22.91 18.64 18.04 10.97 30.90 8.01 4.18
17.62 22.82 20.84 10.33 18.51 7.40 10.96 27.98 7.92 19.32 28.25 22.06 21.99 13.54 15.48 30.14 13.96 9.62
2.57 10.09 4.85 12.16 2.74 9.85 10.48 11.80 10.90 3.21 15.99 16.87 6.97 20.06 1.06 23.54 14.96 7.82
10.03 3.72 4.65 21.25 6.35 16.64 14.76 5.95 16.81 8.15 7.79 13.98 2.13 23.02 10.14 17.94 23.93 16.70
21.88 21.58 22.79 19.31 20.74 10.43 9.56 29.49 8.90 22.84 25.56 16.30 22.70 3.90 19.29 23.63 23.38 16.34
22.65 18.59 21.87 23.59 20.29 13.28 9.96 27.67 11.40 22.99 21.20 10.72 20.94 3.14 20.13 17.16 27.83 19.50
2.35 11.83 6.44 10.48 4.47 9.42 10.80 13.14 10.71 4.00 17.74 18.20 8.70 20.33 0.81 25.09 13.20 6.38
15.11 17.41 16.87 12.76 14.64 3.39 4.89 23.91 2.34 16.31 22.47 15.77 17.39 9.10 12.58 23.86 16.97 9.28
26.37 23.96 26.47 24.79 24.64 15.47 13.52 32.71 13.75 27.06 26.91 16.47 25.89 4.02 23.77 22.53 28.88 21.59
5.40 16.90 10.79 7.24 9.31 11.69 14.51 16.39 13.42 7.43 22.72 23.21 13.40 23.56 6.00 30.26 8.69 5.97
7.63 4.26 2.72 18.41 3.61 13.78 12.24 7.77 14.06 6.04 9.84 13.53 0.99 20.98 7.34 18.74 21.25 13.78
20.31 8.53 15.36 29.83 16.17 21.93 18.10 15.48 21.11 18.79 3.78 9.12 12.60 22.31 19.46 7.69 33.24 24.74
4.46 13.76 6.82 14.53 7.10 16.18 17.29 9.80 17.47 4.06 18.74 22.62 9.50 26.88 7.05 28.29 15.59 12.15
14.55 23.14 19.12 3.81 16.94 9.54 14.01 25.87 11.15 16.60 29.04 25.35 21.04 19.69 13.23 33.37 6.95 6.47
7.59 11.63 9.31 10.99 7.02 4.60 5.51 16.45 5.50 8.60 17.45 14.73 10.32 14.98 4.99 22.39 14.83 5.84
12.87 7.79 7.85 24.67 10.08 21.16 19.47 2.99 21.44 10.76 8.85 17.74 6.41 27.67 13.74 20.16 26.84 20.52
12.83 9.91 11.84 17.06 10.21 7.39 3.23 18.03 6.28 12.97 14.48 8.55 11.21 10.70 10.44 16.56 21.11 12.06
22.57 14.69 20.02 27.08 19.16 16.76 12.36 24.27 15.08 22.20 15.38 4.58 18.22 10.65 20.42 9.55 31.23 22.25
15.63 15.97 16.50 15.08 14.42 4.82 3.37 23.31 2.97 16.51 20.64 13.23 16.58 7.20 13.03 21.27 19.31 11.08
5.80 9.12 6.37 12.77 4.12 7.55 7.34 13.49 8.21 6.21 15.07 14.12 7.37 16.89 3.44 21.26 16.21 7.76
20.21 17.33 19.87 20.76 18.13 10.46 7.35 26.02 8.59 20.69 20.66 10.92 19.21 2.75 17.64 18.21 25.00 16.70
19.09 19.04 19.99 17.26 17.94 7.79 6.78 26.75 6.16 20.03 23.30 14.70 19.97 4.65 16.50 22.41 21.43 13.88
4.64 13.92 6.99 14.61 7.29 16.35 17.48 9.84 17.65 4.26 18.88 22.80 9.65 27.07 7.23 28.45 15.61 12.29
11.20 20.13 15.81 2.54 13.67 7.96 12.26 22.51 9.79 13.25 26.07 23.24 17.81 19.35 9.93 31.12 6.78 3.26
10.69 15.49 13.31 9.14 10.99 1.47 5.62 20.46 3.34 12.13 21.15 16.80 14.41 13.45 8.28 24.81 13.35 4.79
15.62 4.40 10.37 26.14 11.61 19.71 16.65 10.01 19.34 13.88 1.91 11.30 7.61 23.07 15.24 12.90 29.19 21.26
4.52 11.56 4.74 15.92 5.59 16.04 16.53 7.66 17.12 3.02 16.39 20.79 7.27 26.06 6.79 26.14 17.42 12.87
25.20 15.43 21.76 31.16 21.39 21.10 16.63 24.69 19.54 24.46 14.15 5.92 19.51 15.51 23.34 5.13 35.21 26.16
13.00 16.06 14.96 11.31 12.70 1.27 4.28 22.06 1.20 14.24 21.39 15.68 15.66 10.84 10.48 23.78 15.55 7.37
26.92 26.67 28.00 23.03 25.94 15.26 14.78 34.71 13.91 27.97 30.36 20.50 27.91 7.19 24.35 27.17 26.86 20.79
23.00 12.37 19.05 30.20 19.00 20.67 16.27 21.31 19.33 22.01 10.43 4.85 16.61 17.31 21.40 3.26 34.09 25.08
22.79 11.32 18.27 31.19 18.66 22.32 18.10 19.34 21.19 21.52 7.82 7.29 15.61 20.46 21.55 3.57 34.88 26.05
24.51 21.38 24.23 24.08 22.50 14.20 11.62 30.28 12.38 25.05 24.18 13.72 23.49 2.24 21.94 19.93 28.26 20.44
1.82 11.90 6.24 10.66 4.41 9.96 11.33 12.80 11.26 3.59 17.78 18.55 8.61 20.87 1.14 25.34 13.24 6.75
10.13 16.83 13.66 6.71 11.35 3.83 8.03 20.73 5.71 11.87 22.66 19.06 15.18 15.66 8.06 27.01 10.91 2.66
21.63 17.07 20.58 23.32 19.08 12.88 9.19 26.23 11.01 21.85 19.60 9.15 19.54 4.37 19.14 15.81 27.55 19.01
26.95 26.66 28.02 23.10 25.96 15.30 14.79 34.72 13.94 27.99 30.34 20.47 27.92 7.15 24.38 27.12 26.93 20.84
20.89 9.24 16.18 29.83 16.74 21.43 17.40 16.98 20.46 19.51 5.45 7.58 13.47 20.89 19.81 5.94 33.39 24.70
13.02 21.99 17.70 2.39 15.57 9.16 13.58 24.37 10.90 15.09 27.92 24.76 19.71 19.98 11.82 32.71 6.14 5.15
16.07 5.62 10.70 26.99 12.22 21.05 18.17 9.12 20.77 14.20 2.70 13.02 8.04 24.79 15.96 14.09 29.87 22.22
12.53 15.22 14.27 11.66 12.03 1.21 3.52 21.34 0.67 13.68 20.54 14.94 14.89 10.82 9.98 23.04 15.90 7.45
10.82 15.66 13.47 9.07 11.15 1.48 5.71 20.62 3.36 12.27 21.32 16.93 14.58 13.44 8.42 24.94 13.28 4.78
16.81 18.56 18.42 14.08 16.22 5.10 5.89 25.41 3.90 17.97 23.41 16.01 18.81 7.82 14.27 24.01 18.24 10.89
13.48 20.48 17.34 5.99 15.05 5.98 10.43 24.37 7.49 15.35 26.25 21.83 18.90 16.13 11.63 29.90 10.01 5.17
4.60 8.21 1.28 16.38 2.71 14.23 13.94 7.12 15.01 2.55 13.40 17.33 3.98 23.29 5.64 22.74 18.63 12.41
25.13 21.34 24.56 25.19 22.93 15.16 12.29 30.42 13.31 25.56 23.82 13.17 23.68 3.39 22.58 18.99 29.40 21.42
14.52 7.08 11.70 21.09 10.90 11.98 7.88 16.44 10.95 13.96 10.32 4.82 10.03 13.23 12.60 12.27 24.95 15.95
20.33 11.14 17.08 26.51 16.58 16.71 12.26 20.66 15.29 19.65 11.36 1.03 14.99 13.49 18.45 7.37 30.50 21.44
23.13 18.11 21.93 24.85 20.50 14.44 10.76 27.40 12.56 23.31 20.26 9.53 20.78 4.94 20.66 15.53 29.09 20.58
11.76 1.27 7.32 21.27 7.62 14.43 11.52 10.70 14.10 10.46 6.62 9.26 4.89 18.80 10.77 14.16 24.58 16.26
11.78 16.33 14.37 9.38 12.06 1.21 5.69 21.52 2.95 13.23 21.91 17.06 15.41 12.79 9.38 25.12 13.62 5.46
14.17 24.95 19.48 3.84 17.70 14.31 18.57 25.27 16.15 16.26 30.91 29.29 21.92 25.55 13.97 37.01 0.66 8.81
18.21 8.72 14.74 25.11 14.36 15.74 11.42 18.25 14.52 17.42 9.39 1.61 12.59 14.41 16.46 8.26 28.99 19.98
18.99 18.15 19.52 18.01 17.55 8.12 6.31 26.14 6.34 19.79 22.21 13.39 19.33 3.88 16.39 21.06 22.21 14.34
8.85 5.44 3.53 20.43 5.65 16.75 15.34 4.71 17.12 6.83 9.52 15.63 2.13 24.00 9.38 19.79 22.86 16.12
8.95 12.01 10.39 11.48 8.14 3.59 4.20 17.49 4.22 9.91 17.68 14.08 11.16 13.62 6.35 21.91 15.47 6.42
20.60 21.99 22.23 16.65 20.05 8.85 9.38 29.18 7.73 21.80 26.51 18.10 22.52 6.87 18.08 25.79 20.62 14.21
5.78 16.54 10.97 6.11 9.17 9.82 12.86 17.13 11.58 7.90 22.47 22.09 13.39 21.74 5.49 29.37 8.47 4.04
22.49 11.56 18.35 30.14 18.44 20.84 16.50 20.29 19.59 21.41 9.23 5.26 15.83 18.18 21.01 3.27 33.95 25.00
10.20 20.54 15.33 1.83 13.43 10.47 14.47 21.54 12.35 12.31 26.51 24.92 17.66 22.21 9.65 32.58 4.63 4.49
19.30 15.61 18.54 20.94 16.93 10.48 6.75 24.48 8.62 19.62 18.79 9.07 17.70 4.55 16.79 16.51 25.17 16.58
14.75 7.03 11.83 21.42 11.09 12.32 8.22 16.44 11.28 14.16 10.08 4.56 10.09 13.40 12.87 11.94 25.27 16.28
24.72 13.38 20.31 32.77 20.61 23.58 19.25 21.47 22.34 23.51 9.89 7.99 17.67 20.64 23.39 1.55 36.54 27.62
12.11 4.35 6.72 23.44 8.53 18.66 16.51 5.71 18.72 10.16 6.36 14.30 4.32 24.36 12.33 17.25 26.07 18.89
16.99 17.36 17.96 15.67 15.88 5.80 4.83 24.78 4.09 17.93 21.90 14.02 18.05 6.24 14.40 21.97 19.88 11.99
26.10 26.42 27.42 21.80 25.31 14.37 14.26 34.23 13.13 27.22 30.33 20.75 27.46 7.52 23.55 27.68 25.58 19.72
16.37 11.28 14.77 20.38 13.43 10.21 5.74 20.32 8.68 16.33 14.56 5.96 13.63 8.88 14.04 14.04 24.50 15.50
13.91 9.33 9.12 25.77 11.40 22.63 21.02 3.00 22.95 11.80 9.84 19.17 7.91 29.24 14.97 21.23 27.78 21.77
21.23 13.78 18.83 25.65 17.89 15.35 10.94 23.34 13.68 20.92 14.98 4.08 17.14 9.90 19.05 10.32 29.80 20.81
20.71 16.71 19.88 22.16 18.30 11.74 8.13 25.71 9.86 21.02 19.58 9.43 18.97 3.88 18.20 16.46 26.40 17.89
27.08 15.82 22.74 34.80 22.98 25.36 20.95 23.89 24.02 25.91 12.27 9.54 20.12 21.36 25.67 1.45 38.64 29.67
14.00 11.51 13.37 17.11 11.65 6.96 2.49 19.65 5.53 14.30 15.88 8.96 12.83 9.11 11.52 17.06 21.25 12.28
7.47 17.82 12.55 4.40 10.64 9.34 12.85 18.84 11.19 9.58 23.78 22.71 14.87 21.32 6.87 30.20 7.17 3.13
7.58 7.58 3.05 19.42 5.36 16.95 16.13 4.12 17.56 5.46 11.72 17.61 3.61 25.17 8.69 22.03 21.53 15.48
18.38 20.91 20.43 14.01 18.18 6.66 8.26 27.49 5.94 19.71 25.81 18.30 20.98 8.74 15.91 26.24 18.01 11.64
21.10 10.13 16.92 28.94 17.03 19.84 15.57 18.93 18.66 20.00 8.08 4.71 14.40 17.96 19.66 4.63 32.72 23.80
4.75 9.32 5.71 12.49 3.40 8.23 8.35 12.86 9.05 5.20 15.29 14.98 7.07 17.92 2.46 21.96 15.75 7.64
24.61 21.27 24.23 24.34 22.53 14.40 11.72 30.23 12.57 25.11 23.99 13.48 23.45 2.49 22.04 19.60 28.53 20.65
14.46 22.63 18.85 4.40 16.64 8.70 13.17 25.69 10.27 16.47 28.49 24.54 20.68 18.72 12.99 32.58 7.84 6.19
7.17 7.97 2.93 19.04 5.19 16.81 16.13 4.36 17.47 5.06 12.21 17.93 3.89 25.24 8.40 22.46 21.09 15.17
15.28 3.51 10.41 25.02 11.14 17.80 14.44 11.72 17.26 13.79 3.15 8.73 7.68 20.46 14.47 11.41 28.32 19.99
12.66 7.86 7.69 24.48 9.93 21.07 19.44 2.73 21.37 10.56 9.08 17.87 6.33 27.69 13.57 20.37 26.62 20.36
1.49 11.58 4.80 13.14 4.23 13.17 14.08 10.12 14.37 1.29 17.05 19.75 7.57 23.66 3.93 25.84 15.03 9.85
10.10 20.34 15.20 1.82 13.27 10.17 14.18 21.46 12.05 12.22 26.31 24.65 17.50 21.92 9.48 32.32 4.89 4.20
9.12 9.16 5.22 20.98 7.48 19.10 18.35 2.27 19.75 7.04 12.42 19.38 5.61 27.36 10.59 23.24 22.78 17.31
24.64 20.88 24.07 24.79 22.43 14.72 11.80 29.94 12.86 25.07 23.42 12.80 23.19 3.05 22.09 18.77 29.00 20.98
9.73 4.07 6.48 18.31 5.81 11.36 8.76 11.84 11.14 8.88 9.73 9.76 5.08 16.89 8.25 16.06 21.76 13.25
18.92 22.37 21.41 13.26 19.12 7.50 9.84 28.53 7.21 20.40 27.43 20.18 22.17 10.45 16.56 28.15 17.08 11.59
8.02 4.67 4.87 17.17 4.06 11.14 9.22 10.84 11.22 7.13 10.62 11.50 4.02 17.92 6.71 17.72 20.45 12.21
17.84 9.86 15.05 23.62 14.27 13.84 9.40 19.41 12.46 17.33 11.61 2.02 13.24 11.92 15.83 10.13 27.62 18.57
6.72 10.52 8.04 11.70 5.76 5.86 6.18 15.18 6.63 7.52 16.40 14.39 9.05 15.76 4.14 21.86 15.37 6.58
20.04 14.97 18.69 22.68 17.29 12.21 8.11 24.18 10.40 20.14 17.53 7.26 17.54 6.05 17.62 14.41 26.90 18.12
19.64 18.30 19.98 18.91 18.05 8.96 6.84 26.49 7.15 20.38 22.16 13.01 19.66 3.02 17.05 20.55 23.12 15.19
9.05 15.04 12.11 8.11 9.79 3.21 6.77 19.24 4.99 10.61 20.86 17.48 13.49 15.16 6.76 25.36 12.20 3.26
23.21 22.96 24.19 20.19 22.14 11.66 10.96 30.90 10.20 24.20 26.86 17.43 24.11 4.50 20.63 24.58 24.20 17.45
27.01 24.78 27.21 25.12 25.36 15.98 14.20 33.49 14.30 27.74 27.76 17.32 26.67 4.78 24.41 23.33 29.18 22.05
12.04 13.17 12.94 13.27 10.82 3.07 1.47 19.86 2.04 12.88 18.36 12.78 13.23 10.50 9.45 20.85 17.45 8.59
7.70 9.73 4.54 19.50 6.62 18.17 17.77 3.83 18.95 5.66 13.58 19.77 5.74 26.98 9.37 24.11 21.21 15.99
7.30 14.66 10.90 7.45 8.63 5.14 8.21 17.93 6.84 9.01 20.59 18.27 12.59 17.00 5.21 25.95 11.27 2.31
15.87 9.66 13.73 20.98 12.61 11.14 6.72 18.90 9.80 15.61 12.74 4.71 12.33 10.66 13.69 12.80 25.02 15.96
13.60 7.21 8.40 25.29 10.52 21.27 19.33 4.26 21.44 11.52 7.64 16.89 6.58 27.25 14.27 18.99 27.61 21.00
23.85 18.46 22.50 25.74 21.13 15.32 11.58 27.83 13.44 23.97 20.36 9.53 21.27 5.68 21.40 15.11 29.98 21.44
16.85 18.02 18.19 14.75 16.04 5.31 5.35 25.12 3.84 17.92 22.74 15.14 18.45 7.10 14.28 23.13 18.94 11.33
9.48 16.28 13.01 6.83 10.70 3.95 7.94 20.08 5.82 11.21 22.14 18.80 14.55 15.89 7.40 26.70 10.97 2.32
13.36 10.41 12.43 17.26 10.80 7.39 3.06 18.62 6.15 13.53 14.85 8.47 11.79 10.11 10.94 16.53 21.34 12.30
19.61 19.71 20.61 17.42 18.54 8.20 7.42 27.38 6.63 20.59 23.96 15.29 20.62 4.67 17.03 22.95 21.56 14.20
12.88 11.57 12.68 15.73 10.81 5.68 1.33 19.22 4.42 13.32 16.33 10.17 12.41 9.83 10.36 18.25 19.86 10.88
26.24 15.14 22.01 33.76 22.17 24.25 19.84 23.47 22.90 25.13 11.97 8.41 19.43 20.23 24.77 0.58 37.63 28.64
10.55 14.11 12.51 10.64 10.23 1.41 4.10 19.63 2.53 11.74 19.68 15.17 13.35 12.61 8.00 23.17 14.81 5.97
17.82 17.03 18.31 17.29 16.34 7.17 5.10 24.94 5.33 18.59 21.23 12.75 18.13 4.84 15.22 20.57 21.52 13.42
12.16 12.38 8.95 23.78 11.16 22.76 22.13 2.87 23.48 10.21 14.46 22.64 9.28 31.12 13.98 25.72 25.11 20.53
13.87 2.32 9.23 23.36 9.72 16.13 12.86 11.53 15.63 12.50 4.78 8.35 6.61 19.29 12.92 12.27 26.71 18.32
12.23 22.59 17.40 1.31 15.51 11.76 15.97 23.53 13.61 14.34 28.56 26.69 19.74 23.17 11.73 34.43 2.95 6.21
13.71 2.35 8.58 24.09 9.65 17.73 14.83 9.42 17.43 12.06 3.76 10.74 5.80 21.72 13.22 13.67 27.17 19.20
10.11 15.40 12.92 8.63 10.59 2.15 6.10 20.06 4.00 11.60 21.13 17.14 14.13 14.13 7.74 25.11 12.81 4.12
14.58 8.76 9.55 26.38 11.76 22.72 20.86 4.16 22.93 12.47 8.66 18.33 7.98 28.81 15.44 20.05 28.54 22.22
12.33 13.40 13.24 13.37 11.12 3.07 1.41 20.15 1.87 13.18 18.55 12.80 13.51 10.23 9.74 20.89 17.56 8.75
10.92 9.55 6.78 22.78 9.09 20.68 19.69 0.49 21.25 8.83 11.92 19.81 6.61 28.50 12.33 23.05 24.56 19.07
11.56 21.85 16.70 0.96 14.78 11.14 15.30 22.88 13.00 13.67 27.82 25.97 19.01 22.65 11.00 33.70 3.61 5.49
3.44 8.74 3.76 13.47 1.49 10.35 10.39 10.87 11.20 3.21 14.63 15.87 5.66 19.92 2.38 22.35 16.32 8.99
22.18 23.92 24.02 17.36 21.81 10.43 11.29 31.02 9.49 23.47 28.43 19.89 24.39 8.00 19.70 27.47 21.17 15.41
12.43 7.69 10.50 18.28 9.22 9.26 5.44 16.22 8.39 12.18 12.18 7.40 9.45 12.55 10.28 15.08 22.18 13.16
20.23 8.47 15.35 29.60 16.08 21.58 17.71 15.71 20.73 18.75 4.07 8.59 12.60 21.80 19.32 7.33 33.05 24.50
4.75 7.04 1.57 15.73 0.84 12.33 11.74 8.71 12.97 3.35 12.73 15.39 3.43 21.04 4.63 21.25 18.42 11.32
16.92 21.53 19.85 10.70 17.53 6.16 9.51 27.00 6.51 18.52 26.89 20.57 20.87 12.30 14.67 28.65 14.55 9.23
12.59 4.85 9.36 20.28 8.76 12.06 8.52 14.03 11.38 11.83 9.07 6.80 7.60 15.23 10.92 13.40 23.95 15.13
15.21 8.24 12.67 21.16 11.73 11.70 7.43 17.57 10.52 14.78 11.31 4.43 11.10 12.13 13.18 12.28 25.11 16.07
16.82 6.86 11.43 27.96 13.10 22.27 19.47 8.96 22.04 14.89 3.56 14.23 8.88 26.12 16.87 14.80 30.73 23.25
12.68 20.02 16.66 5.30 14.38 5.98 10.45 23.65 7.62 14.58 25.84 21.79 18.30 16.64 10.90 29.82 9.42 4.33
14.40 7.75 11.90 20.48 10.93 11.18 7.02 16.96 10.10 13.97 11.22 5.18 10.41 12.42 12.36 12.91 24.39 15.37
24.52 14.45 20.91 30.91 20.64 21.01 16.54 23.61 19.51 23.70 12.93 5.41 18.59 16.14 22.75 4.13 34.92 25.86
22.38 11.95 18.53 29.43 18.41 19.87 15.46 21.03 18.53 21.44 10.40 4.05 16.14 16.59 20.74 4.06 33.34 24.32
4.12 14.38 7.43 13.46 7.36 15.62 17.01 10.91 16.99 4.30 19.53 22.92 10.17 26.58 6.69 28.82 14.44 11.29
15.34 3.64 10.59 24.85 11.19 17.42 13.98 12.23 16.83 13.92 3.64 8.10 7.90 19.85 14.42 11.05 28.21 19.79
9.99 8.87 5.76 21.86 8.07 19.66 18.70 1.42 20.23 7.89 11.71 19.13 5.69 27.57 11.34 22.68 23.73 18.10
23.74 20.49 23.37 23.60 21.67 13.59 10.85 29.40 11.75 24.24 23.33 12.92 22.62 1.81 21.17 19.28 27.80 19.84
12.43 0.72 7.66 22.30 8.29 15.64 12.73 10.14 15.32 10.98 5.50 9.68 5.01 19.84 11.64 13.87 25.52 17.33
19.89 9.11 15.81 27.67 15.85 18.61 14.37 18.14 17.47 18.83 7.76 3.89 13.34 17.20 18.42 5.86 31.44 22.53
9.44 17.94 13.79 4.33 11.60 6.45 10.50 20.62 8.33 11.41 23.88 21.23 15.70 18.27 7.91 29.05 8.42 1.12
24.78 19.06 23.31 26.79 21.99 16.36 12.60 28.50 14.49 24.86 20.68 9.79 21.99 6.49 22.35 14.85 31.03 22.48
20.86 21.54 22.18 17.60 20.05 9.20 9.10 29.04 7.87 21.96 25.85 17.13 22.31 5.57 18.30 24.71 21.63 14.87
17.00 16.31 17.48 16.76 15.50 6.51 4.27 24.13 4.65 17.76 20.61 12.43 17.33 5.58 14.41 20.35 21.00 12.77
14.20 6.55 11.25 21.04 10.51 12.11 8.11 15.92 11.15 13.58 9.90 5.10 9.53 13.73 12.34 12.34 24.87 15.90
14.20 15.83 15.57 13.20 13.40 2.96 3.29 22.55 1.21 15.25 20.87 14.32 15.95 9.02 11.63 22.43 17.44 9.21
2.15 13.29 6.49 12.22 5.88 13.61 15.00 11.30 14.96 3.01 18.75 21.31 9.27 24.57 4.68 27.52 13.74 9.53
6.00 6.26 0.69 17.37 2.57 13.97 13.07 7.07 14.51 4.18 11.58 15.50 2.10 22.18 6.30 20.79 19.92 13.03
25.21 15.00 21.52 31.67 21.31 21.77 17.30 24.07 20.27 24.36 13.21 6.16 19.17 16.76 23.46 3.70 35.67 26.62
16.97 21.88 20.04 10.36 17.72 6.47 9.98 27.19 6.94 18.62 27.28 21.08 21.13 12.85 14.77 29.17 14.15 9.15
16.04 5.01 11.74 24.67 11.93 16.50 12.71 14.25 15.69 14.85 5.49 5.84 9.24 17.84 14.77 9.75 28.24 19.54
8.16 17.41 12.79 4.40 10.69 7.45 11.17 19.46 9.31 10.19 23.38 21.47 14.87 19.40 6.91 29.14 8.07 1.19
9.62 20.67 14.96 3.67 13.27 12.12 15.88 20.71 13.99 11.70 26.60 25.87 17.46 24.01 9.62 33.33 4.41 5.90
7.37 8.56 3.50 19.24 5.71 17.32 16.73 4.03 18.02 5.27 12.63 18.56 4.54 25.87 8.76 23.00 21.18 15.49
17.48 16.21 17.73 17.59 15.81 7.28 4.62 24.26 5.40 18.16 20.32 11.82 17.44 5.00 14.89 19.67 21.82 13.52
26.15 23.99 26.36 24.37 24.50 15.15 13.34 32.66 13.46 26.88 27.04 16.69 25.84 3.95 23.55 22.88 28.45 21.24
21.80 21.05 22.50 19.72 20.51 10.52 9.27 29.13 8.90 22.68 24.90 15.51 22.32 3.03 19.21 22.78 23.83 16.56
10.04 17.94 14.14 4.92 11.90 5.61 9.81 21.07 7.48 11.95 23.84 20.74 15.91 17.34 8.32 28.63 9.12 1.70
13.52 17.10 15.78 10.79 13.49 1.87 5.32 22.90 2.22 14.88 22.46 16.69 16.59 11.12 11.07 24.80 15.02 7.27
14.15 4.55 8.76 25.24 10.39 19.79 17.22 7.43 19.66 12.25 4.30 13.43 6.17 24.44 14.16 15.50 28.02 20.56
7.17 8.71 7.13 13.55 5.05 7.11 6.20 14.10 7.47 7.45 14.55 12.84 7.65 15.68 4.82 20.13 17.16 8.44
3.07 11.91 4.95 14.38 5.12 14.77 15.56 9.09 15.94 2.11 17.07 20.64 7.69 25.13 5.51 26.38 15.95 11.35
23.70 21.83 23.96 22.20 22.08 12.76 10.89 30.35 11.04 24.44 25.17 15.15 23.52 1.85 21.10 21.88 26.33 18.90
7.64 13.55 10.47 8.93 8.15 4.17 6.70 17.60 5.67 9.08 19.43 16.70 11.86 15.72 5.23 24.43 12.83 3.79
26.82 15.47 22.40 34.71 22.71 25.37 20.98 23.42 24.06 25.61 11.77 9.59 19.76 21.66 25.45 1.52 38.52 29.57
13.52 1.76 8.70 23.35 9.38 16.47 13.37 10.66 16.06 12.05 4.51 9.25 6.01 20.06 12.73 12.92 26.60 18.36
26.08 16.40 22.70 31.83 22.30 21.69 17.23 25.66 20.09 25.37 15.08 6.78 20.46 15.59 24.19 5.61 35.91 26.86
5.27 8.97 5.82 12.85 3.55 8.09 7.95 12.95 8.80 5.60 14.94 14.44 6.96 17.50 3.01 21.45 16.17 7.92
5.70 9.65 6.72 12.25 4.43 7.19 7.27 13.86 7.94 6.29 15.60 14.50 7.84 16.85 3.23 21.71 15.70 7.23
17.56 10.57 15.19 22.63 14.20 12.65 8.19 20.02 11.19 17.23 12.87 3.39 13.62 10.53 15.42 11.46 26.70 17.65
27.07 17.49 23.76 32.60 23.32 22.38 17.94 26.77 20.74 26.39 16.15 7.78 21.54 15.72 25.15 6.32 36.70 27.66
5.47 16.03 10.57 6.40 8.72 9.38 12.33 16.85 11.12 7.58 21.97 21.51 12.94 21.27 5.00 28.80 8.95 3.79
24.84 15.07 21.39 30.84 21.02 20.81 16.34 24.34 19.26 24.09 13.84 5.56 19.14 15.40 22.98 5.07 34.89 25.83
26.93 25.06 27.29 24.68 25.39 15.75 14.19 33.66 14.11 27.71 28.18 17.84 26.83 4.99 24.33 24.00 28.71 21.75
8.96 12.24 10.53 11.26 8.27 3.42 4.30 17.63 4.14 9.97 17.92 14.30 11.34 13.66 6.37 22.14 15.26 6.20
15.43 3.69 10.42 25.41 11.31 18.41 15.14 11.24 17.92 13.86 2.50 9.46 7.66 21.25 14.74 11.73 28.64 20.42
12.19 23.46 17.57 4.61 15.99 14.53 18.49 22.99 16.41 14.21 29.36 28.67 20.14 26.24 12.41 36.17 2.26 8.46
11.07 13.81 12.66 11.52 10.43 1.66 3.21 19.74 1.96 12.14 19.26 14.38 13.32 11.83 8.49 22.41 15.70 6.87
14.64 4.77 10.80 22.75 10.63 14.43 10.65 14.34 13.62 13.65 7.22 5.52 8.58 16.26 13.16 11.12 26.39 17.61
26.65 26.28 27.67 22.94 25.62 15.02 14.44 34.36 13.63 27.67 29.94 20.07 27.56 6.76 24.07 26.74 26.80 20.61
20.79 9.42 16.34 29.22 16.67 20.48 16.33 17.78 19.42 19.55 6.60 6.06 13.71 19.37 19.53 5.20 32.89 24.07
5.47 9.32 6.28 12.53 4.00 7.63 7.60 13.42 8.36 5.95 15.28 14.47 7.41 17.17 3.08 21.58 15.93 7.56
20.58 10.53 16.91 27.51 16.67 17.99 13.60 19.86 16.68 19.71 9.88 2.28 14.62 15.38 18.88 5.93 31.42 22.40
9.19 18.47 13.88 3.40 11.78 7.75 11.72 20.52 9.63 11.24 24.43 22.26 15.96 19.59 8.00 30.00 7.28 1.78
10.96 6.79 5.90 22.73 8.14 19.32 17.80 2.82 19.66 8.87 9.20 17.01 4.62 26.25 11.79 20.21 24.96 18.57
23.32 15.17 20.66 27.95 19.86 17.63 13.23 24.74 15.94 22.91 15.55 4.94 18.79 11.27 21.20 9.04 32.09 23.10
2.72 9.68 2.86 14.56 2.68 13.23 13.50 8.75 14.21 0.67 15.11 18.19 5.63 23.02 4.17 24.04 16.74 10.79
3.05 14.17 7.31 12.17 6.81 14.26 15.82 11.70 15.67 3.88 19.56 22.25 10.10 25.36 5.52 28.44 13.40 9.86
15.68 12.20 11.36 27.53 13.68 25.14 23.74 4.31 25.56 13.59 12.27 21.98 10.55 32.08 17.06 23.63 29.20 23.82
14.06 16.09 15.61 12.72 13.41 2.60 3.67 22.63 1.08 15.17 21.20 14.81 16.08 9.40 11.50 22.92 16.96 8.81
18.35 18.07 19.10 17.06 17.07 7.27 5.87 25.82 5.54 19.22 22.34 13.85 19.03 4.80 15.75 21.64 21.26 13.46
11.89 22.56 17.15 2.15 15.34 12.36 16.48 23.11 14.23 14.00 28.52 27.03 19.56 23.91 11.60 34.69 2.51 6.56
20.00 10.25 16.47 26.75 16.13 17.19 12.79 19.68 15.87 19.19 10.08 1.48 14.25 14.70 18.25 6.73 30.67 21.64
21.05 21.61 22.32 17.85 20.20 9.41 9.21 29.17 8.05 22.13 25.88 17.08 22.43 5.37 18.49 24.63 21.88 15.10
25.45 22.55 25.30 24.55 23.54 14.89 12.55 31.41 13.10 26.04 25.37 14.89 24.62 2.98 22.86 20.97 28.71 21.09
24.33 12.70 19.65 33.01 20.19 24.22 20.01 20.15 23.11 22.98 8.45 9.16 16.93 22.21 23.20 3.59 36.65 27.86
11.75 2.27 6.47 22.57 7.82 17.05 14.65 7.49 16.98 9.99 5.79 12.35 3.72 22.31 11.53 15.89 25.45 17.82
10.77 15.02 13.11 9.82 10.80 1.03 4.93 20.26 2.79 12.11 20.63 16.12 14.09 12.95 8.30 24.14 14.02 5.36
4.19 15.91 9.24 10.20 8.33 13.74 15.91 13.95 15.32 5.72 21.48 23.37 12.00 25.29 6.03 29.92 11.17 8.61
7.68 5.46 5.14 16.43 3.94 10.33 8.54 11.44 10.45 7.00 11.39 11.66 4.67 17.42 6.16 18.15 19.77 11.44
5.61 15.37 10.34 6.59 8.31 8.12 11.04 16.92 9.84 7.65 21.33 20.40 12.54 19.99 4.52 27.80 9.64 2.91
23.39 23.42 24.50 20.03 22.42 11.77 11.30 31.26 10.38 24.43 27.40 18.03 24.48 5.14 20.82 25.22 24.00 17.44
12.44 23.30 17.75 3.00 16.00 13.29 17.41 23.55 15.16 14.53 29.25 27.92 20.21 24.82 12.29 35.56 1.67 7.47
11.38 5.41 6.06 22.95 8.10 18.82 16.99 4.32 19.03 9.35 7.76 15.56 4.11 25.17 11.87 18.69 25.40 18.57
10.57 5.62 8.07 17.94 7.00 10.09 7.06 13.73 9.65 10.05 10.82 8.74 6.94 15.00 8.71 15.72 21.60 12.80
9.85 7.23 5.00 21.68 7.30 18.71 17.47 2.55 19.16 7.74 10.27 17.50 4.29 26.16 10.84 21.10 23.81 17.63
5.55 11.43 4.87 17.00 6.12 16.94 17.24 6.70 17.97 3.89 15.97 20.94 7.15 26.73 7.73 26.01 18.45 13.92
22.17 19.35 21.94 22.04 20.19 11.98 9.27 28.10 10.13 22.71 22.49 12.40 21.29 0.92 19.59 19.25 26.25 18.24
22.28 24.01 24.11 17.43 21.91 10.53 11.38 31.11 9.58 23.56 28.52 19.96 24.48 8.03 19.79 27.53 21.23 15.49
23.32 14.10 20.13 28.98 19.61 18.89 14.42 23.55 17.33 22.68 13.64 4.06 18.02 13.67 21.38 6.53 33.05 24.00
3.19 14.89 8.24 10.61 7.32 13.29 15.23 13.15 14.81 4.72 20.47 22.43 10.99 24.69 5.17 28.92 11.90 8.51
19.42 14.19 17.96 22.40 16.60 11.95 7.74 23.41 10.19 19.47 16.78 6.65 16.78 6.69 17.03 14.01 26.61 17.76
8.36 18.39 13.34 3.56 11.36 8.95 12.69 19.74 10.82 10.46 24.36 22.87 15.59 20.88 7.56 30.47 6.76 2.70
2.24 13.67 7.58 9.68 6.06 10.94 12.84 13.56 12.42 4.34 19.47 20.46 10.15 22.29 3.04 27.25 11.80 6.61
15.10 12.15 14.37 17.95 12.70 7.64 3.22 20.54 6.05 15.38 16.23 8.56 13.72 8.17 12.62 16.66 22.12 13.20
23.86 12.41 19.36 32.15 19.73 23.15 18.88 20.38 21.98 22.60 8.79 7.83 16.70 20.80 22.59 2.64 35.87 27.00
23.94 23.49 24.85 20.93 22.82 12.42 11.62 31.53 10.94 24.91 27.29 17.68 24.73 4.53 21.35 24.70 24.93 18.21
7.68 4.12 3.39 17.94 3.53 12.80 11.12 8.91 13.01 6.34 9.98 12.70 2.10 19.84 7.00 18.27 20.95 13.17
6.23 6.18 3.88 15.66 2.43 10.58 9.41 10.64 10.96 5.48 12.14 13.18 4.17 18.57 4.95 19.52 18.80 10.82
9.24 7.55 4.56 21.08 6.88 18.38 17.30 2.67 18.90 7.12 10.89 17.79 4.24 26.13 10.32 21.61 23.16 17.12
26.59 16.35 22.90 32.92 22.69 22.93 18.46 25.37 21.40 25.74 14.37 7.47 20.54 17.36 24.82 4.00 36.94 27.89
22.25 10.84 17.78 30.61 18.13 21.73 17.52 19.01 20.61 21.00 7.57 6.78 15.13 20.00 20.99 3.89 34.30 25.46
9.34 9.74 5.69 21.17 7.92 19.54 18.87 2.20 20.22 7.28 12.89 19.96 6.19 27.91 10.92 23.77 22.87 17.60
10.94 1.73 6.65 20.41 6.80 13.72 10.97 10.56 13.46 9.69 7.44 9.66 4.38 18.57 9.90 14.90 23.70 15.41
22.85 22.27 23.67 20.27 21.65 11.43 10.43 30.32 9.88 23.78 26.10 16.60 23.52 3.68 20.26 23.75 24.33 17.34
13.15 9.98 12.08 17.35 10.49 7.61 3.37 18.22 6.45 13.26 14.44 8.29 11.39 10.50 10.76 16.32 21.41 12.36
17.92 20.71 20.07 13.46 17.81 6.24 8.11 27.15 5.64 19.28 25.69 18.38 20.68 9.18 15.47 26.36 17.47 11.10
17.82 6.14 12.72 27.87 13.73 20.67 17.20 12.60 20.07 16.20 1.03 10.00 9.94 22.60 17.19 10.40 31.10 22.86
24.10 13.52 20.19 31.12 20.12 21.47 17.04 22.43 20.08 23.13 11.44 5.62 17.75 17.50 22.47 2.70 35.04 26.02
21.02 12.90 18.30 26.08 17.51 15.92 11.46 22.47 14.34 20.57 13.73 2.85 16.45 11.24 18.93 9.08 30.18 21.15
10.92 18.85 15.08 4.49 12.84 6.01 10.34 22.00 7.83 12.85 24.75 21.42 16.86 17.46 9.25 29.36 8.73 2.53
5.29 12.53 8.50 9.30 6.22 6.49 8.34 15.55 7.86 6.78 18.49 17.17 10.23 17.71 2.93 24.57 12.75 4.40
20.40 20.57 21.46 17.83 19.38 8.89 8.28 28.25 7.39 21.40 24.78 15.97 21.48 4.66 17.82 23.55 21.93 14.79
20.51 12.51 17.83 25.58 17.02 15.44 10.98 22.09 13.87 20.07 13.54 2.63 16.01 11.08 18.42 9.36 29.68 20.64
23.45 24.57 25.05 18.93 22.88 11.69 12.08 31.97 10.58 24.66 28.85 19.88 25.28 7.34 20.93 27.26 22.75 16.88
8.60 14.73 11.68 8.13 9.37 3.57 6.89 18.80 5.30 10.15 20.58 17.43 13.10 15.46 6.30 25.26 12.17 3.15
23.77 13.90 20.25 30.04 19.93 20.12 15.65 23.16 18.62 22.99 12.72 4.57 17.98 15.39 21.96 4.80 34.05 24.99
11.64 4.79 6.27 23.08 8.19 18.62 16.65 5.03 18.76 9.65 7.09 14.88 4.05 24.68 11.98 17.97 25.63 18.62
21.24 9.72 16.67 29.87 17.11 21.24 17.12 17.78 20.20 19.94 6.37 6.88 14.00 20.19 20.06 5.11 33.50 24.73
13.57 9.31 8.83 25.43 11.12 22.41 20.86 2.60 22.76 11.45 10.06 19.24 7.71 29.16 14.67 21.43 27.41 21.46
17.72 10.50 15.26 22.92 14.31 12.96 8.50 19.98 11.52 17.35 12.66 3.06 13.63 10.78 15.60 11.13 26.98 17.92
16.01 18.99 18.15 12.31 15.88 4.31 6.55 25.25 3.82 17.35 24.12 17.37 18.81 9.67 13.55 25.43 16.44 9.45
4.88 16.18 10.23 7.28 8.64 10.91 13.65 16.08 12.62 6.96 22.04 22.34 12.78 22.74 5.21 29.42 9.15 5.38
12.67 1.67 7.53 23.15 8.63 17.06 14.35 8.75 16.85 11.01 4.79 11.16 4.75 21.60 12.23 14.56 26.18 18.29
7.45 7.44 6.45 14.75 4.61 8.25 6.80 13.22 8.44 7.36 13.28 12.07 6.60 16.05 5.36 19.14 18.28 9.66
23.61 13.19 19.79 30.51 19.66 20.82 16.38 22.22 19.42 22.69 11.41 4.98 17.39 16.87 21.95 3.35 34.44 25.41
19.66 11.59 16.91 25.00 16.13 14.97 10.50 21.16 13.46 19.18 12.78 1.96 15.08 11.41 17.60 9.41 29.06 20.01
23.46 21.82 23.82 21.80 21.91 12.43 10.70 30.26 10.73 24.23 25.26 15.33 23.43 2.02 20.86 22.16 25.92 18.55
14.60 8.16 9.46 26.34 11.61 22.38 20.40 4.64 22.54 12.51 7.90 17.60 7.69 28.23 15.34 19.28 28.60 22.08
24.96 15.77 21.82 30.34 21.28 20.13 15.68 25.19 18.50 24.35 15.07 5.74 19.70 13.96 22.98 6.74 34.44 25.40
18.59 9.83 15.48 24.78 14.88 15.10 10.68 19.40 13.75 17.95 10.89 0.78 13.49 12.97 16.68 8.84 28.75 19.70
21.51 11.77 18.01 27.98 17.66 18.23 13.78 21.15 16.82 20.72 11.19 2.42 15.79 14.70 19.71 5.86 31.95 22.90
4.05 8.01 1.35 15.57 1.54 13.05 12.78 8.19 13.83 2.29 13.50 16.65 4.02 22.17 4.63 22.38 18.01 11.43
13.07 22.05 17.76 2.39 15.62 9.21 13.64 24.42 10.95 15.14 27.98 24.81 19.77 20.02 11.87 32.76 6.11 5.20
4.23 15.37 9.52 7.72 7.85 10.41 12.97 15.54 12.07 6.34 21.24 21.52 12.02 22.15 4.37 28.58 9.85 5.20
3.70 15.12 8.31 11.45 7.67 14.30 16.14 12.69 15.79 4.83 20.56 23.00 11.09 25.63 5.95 29.32 12.48 9.53
11.19 10.49 11.02 14.87 9.12 5.50 2.30 17.68 4.78 11.60 15.63 10.71 10.92 11.53 8.68 18.65 18.90 9.85
22.92 16.36 21.00 26.13 19.85 15.67 11.50 25.87 13.86 22.81 17.78 6.88 19.50 7.96 20.59 12.38 30.35 21.53
16.33 7.27 10.95 27.70 12.80 22.53 19.95 7.74 22.41 14.33 4.92 15.40 8.58 26.97 16.59 16.21 30.32 23.12
9.97 21.13 15.33 3.92 13.69 12.67 16.44 20.98 14.55 12.03 27.04 26.41 17.86 24.54 10.08 33.86 4.07 6.46
10.48 15.97 13.42 8.29 11.10 2.27 6.47 20.57 4.15 12.02 21.70 17.61 14.68 14.20 8.17 25.60 12.49 4.02
9.93 13.57 11.84 10.65 9.56 2.06 4.22 18.97 3.10 11.09 19.19 15.01 12.71 13.06 7.37 22.96 14.77 5.81
10.11 20.17 15.15 1.76 13.18 9.75 13.79 21.49 11.63 12.22 26.14 24.32 17.40 21.47 9.38 32.02 5.21 3.85
12.37 7.52 7.35 24.16 9.58 20.69 19.05 2.80 20.99 10.27 8.93 17.56 5.95 27.32 13.24 20.18 26.35 20.02
14.98 3.29 9.94 25.07 10.87 18.23 15.05 10.75 17.78 13.39 2.74 9.79 7.17 21.37 14.34 12.24 28.26 20.10
13.50 3.30 8.18 24.36 9.61 18.62 15.99 7.95 18.46 11.69 4.23 12.38 5.46 23.20 13.32 14.97 27.25 19.60
11.67 5.09 8.73 19.21 7.93 11.14 7.79 13.86 10.55 11.00 9.85 7.65 7.23 15.07 9.91 14.45 22.88 14.07
13.84 22.82 18.55 2.77 16.41 9.76 14.22 25.20 11.46 15.91 28.75 25.45 20.56 20.32 12.66 33.43 6.04 5.99
24.11 21.80 24.18 22.95 22.35 13.36 11.24 30.46 11.59 24.78 24.95 14.75 23.64 1.75 21.51 21.29 27.10 19.54
17.99 8.72 14.61 24.75 14.17 15.35 11.02 18.27 14.12 17.23 9.64 1.55 12.51 14.06 16.20 8.63 28.65 19.63
8.48 6.26 3.35 20.19 5.60 16.95 15.75 4.22 17.41 6.42 10.27 16.41 2.67 24.54 9.23 20.61 22.50 16.02
14.01 23.51 18.92 2.25 16.85 10.97 15.40 25.39 12.70 16.11 29.47 26.55 21.05 21.67 13.06 34.48 4.74 6.64
23.29 19.50 22.66 23.79 21.04 13.59 10.49 28.54 11.72 23.69 22.17 11.68 21.79 2.59 20.74 18.01 28.01 19.84
11.25 22.06 16.54 2.54 14.77 12.35 16.38 22.42 14.23 13.35 28.01 26.76 18.99 24.03 11.06 34.37 2.91 6.38
4.93 7.25 3.39 14.74 1.35 10.55 9.93 10.48 11.15 4.27 13.18 14.45 4.56 19.30 3.80 20.81 17.74 10.05
11.37 1.31 6.27 21.89 7.32 16.08 13.60 8.28 15.97 9.73 6.10 11.55 3.50 21.26 10.94 15.56 24.89 17.07
19.47 19.72 20.53 17.16 18.44 8.00 7.36 27.33 6.47 20.46 24.03 15.44 20.57 4.95 16.88 23.14 21.29 13.97
15.59 5.40 11.68 23.66 11.56 15.18 11.29 14.92 14.30 14.57 6.97 4.90 9.37 16.37 14.12 10.16 27.33 18.51
11.18 1.55 6.83 20.67 7.04 13.93 11.13 10.59 13.65 9.91 7.20 9.54 4.51 18.64 10.16 14.69 23.96 15.66
26.04 14.65 21.59 34.07 21.92 24.82 20.47 22.57 23.55 24.81 10.92 9.13 18.94 21.50 24.71 1.42 37.85 28.93
23.89 13.12 19.86 31.17 19.87 21.64 17.23 21.91 20.29 22.87 10.80 5.81 17.38 18.04 22.33 2.31 35.06 26.05
13.78 7.77 11.49 19.72 10.41 10.47 6.37 16.79 9.43 13.42 11.61 5.92 10.15 12.30 11.70 13.66 23.64 14.61
16.68 5.08 12.03 25.88 12.53 18.05 14.37 13.61 17.32 15.32 3.81 7.18 9.36 19.55 15.65 9.58 29.34 20.79
14.94 13.88 15.09 16.19 13.17 5.72 2.05 21.67 3.94 15.55 18.36 10.97 14.86 7.55 12.37 19.05 20.41 11.72
16.18 4.79 11.68 25.16 12.04 17.22 13.51 13.72 16.47 14.89 4.57 6.63 9.08 18.76 15.06 9.80 28.66 20.05
6.24 10.10 3.98 18.00 5.72 17.07 16.96 5.36 17.94 4.27 14.46 19.85 5.88 26.32 8.07 24.65 19.68 14.59
15.18 14.83 15.69 15.59 13.68 5.14 2.45 22.39 3.28 15.93 19.42 12.04 15.62 7.34 12.58 20.11 19.83 11.32
15.22 8.57 12.82 20.93 11.81 11.38 7.07 17.85 10.17 14.84 11.73 4.63 11.33 11.73 13.14 12.56 24.90 15.85
15.84 12.66 15.07 18.50 13.42 8.12 3.79 21.18 6.45 16.11 16.55 8.40 14.37 7.54 13.36 16.46 22.69 13.81
14.74 4.57 10.78 23.02 10.70 14.78 11.04 14.13 14.00 13.70 6.82 5.69 8.49 16.64 13.32 10.99 26.63 17.88
23.72 16.11 21.33 27.74 20.39 17.33 13.02 25.69 15.59 23.42 16.79 6.02 19.58 10.14 21.50 10.35 31.93 23.00
17.99 9.93 15.17 23.78 14.41 13.99 9.55 19.49 12.61 17.47 11.60 1.87 13.35 11.97 15.99 9.98 27.78 18.73
18.74 7.14 14.09 27.75 14.60 19.57 15.68 15.31 18.70 17.39 4.34 6.91 11.40 19.95 17.67 7.64 31.27 22.63
16.71 6.29 11.33 27.67 12.88 21.71 18.80 9.44 21.42 14.83 2.71 13.35 8.69 25.30 16.62 14.03 30.53 22.90
7.67 10.36 4.97 19.39 6.95 18.42 18.15 4.14 19.25 5.70 14.21 20.38 6.34 27.42 9.49 24.75 20.98 16.02
13.88 16.07 15.50 12.50 13.28 2.38 3.73 22.53 0.96 15.01 21.22 14.94 16.00 9.64 11.33 23.05 16.73 8.58
25.54 14.97 21.65 32.41 21.57 22.64 18.18 23.81 21.20 24.59 12.68 6.85 19.20 18.01 23.89 2.44 36.36 27.32
17.06 5.35 12.00 27.05 12.95 19.88 16.45 12.20 19.30 15.46 1.29 9.65 9.22 22.05 16.40 10.70 30.29 22.05
7.69 4.19 3.67 17.74 3.55 12.43 10.70 9.33 12.61 6.45 10.11 12.43 2.52 19.42 6.87 18.15 20.81 12.93
9.55 7.97 5.00 21.41 7.33 18.86 17.81 2.18 19.39 7.43 11.09 18.23 4.75 26.63 10.72 21.93 23.42 17.51
8.54 18.99 13.69 3.38 11.80 9.93 13.65 19.89 11.80 10.66 24.95 23.74 16.03 21.85 8.04 31.29 6.02 3.68
23.86 15.38 21.05 28.70 20.33 18.41 13.99 24.92 16.74 23.39 15.43 5.11 19.10 12.06 21.78 8.36 32.84 23.83
5.65 8.75 5.93 13.10 3.70 8.00 7.66 13.04 8.63 5.91 14.70 14.05 6.92 17.19 3.40 21.09 16.48 8.13
16.08 5.27 11.90 24.51 11.99 16.20 12.36 14.61 15.36 14.95 5.97 5.39 9.45 17.36 14.75 9.66 28.12 19.38
11.47 6.36 9.16 18.25 8.03 9.86 6.45 14.77 9.22 11.06 11.18 7.93 8.01 13.99 9.50 15.20 22.02 13.10
14.42 7.27 9.16 26.06 11.22 21.75 19.64 5.15 21.85 12.35 6.98 16.62 7.17 27.34 14.99 18.36 28.44 21.69
8.86 9.08 8.63 14.15 6.66 6.35 4.61 15.43 6.31 9.16 14.67 11.68 8.77 14.00 6.44 19.25 17.96 9.00
12.43 23.00 17.67 2.04 15.82 12.45 16.64 23.66 14.31 14.53 28.97 27.29 20.05 23.89 12.07 35.00 2.27 6.81
27.55 16.66 23.47 34.66 23.52 24.92 20.47 25.15 23.48 26.51 13.70 9.12 20.94 20.03 25.98 2.32 38.59 29.56
7.25 16.68 11.92 5.14 9.84 7.62 11.08 18.56 9.45 9.29 22.65 21.08 14.04 19.59 6.05 28.66 8.56 1.58
22.54 16.42 20.81 25.44 19.58 14.96 10.87 25.88 13.14 22.51 18.13 7.28 19.41 7.12 20.18 13.15 29.66 20.89
13.43 4.51 9.86 21.40 9.49 13.18 9.55 13.99 12.46 12.54 8.09 6.24 7.84 15.79 11.87 12.41 25.04 16.26
24.56 17.40 22.40 27.99 21.37 17.52 13.35 26.97 15.72 24.36 18.25 7.43 20.76 9.32 22.27 11.63 32.20 23.37
8.77 11.96 10.25 11.40 7.99 3.71 4.38 17.35 4.38 9.73 17.65 14.17 11.05 13.80 6.17 21.97 15.38 6.32
15.84 22.58 19.67 7.28 17.37 7.55 11.80 26.72 8.73 17.71 28.27 23.21 21.17 16.13 13.99 31.31 10.83 7.50
10.73 5.36 5.43 22.32 7.49 18.32 16.60 4.22 18.57 8.70 8.21 15.60 3.57 24.91 11.25 19.00 24.75 17.97
9.81 2.55 5.69 19.33 5.68 12.96 10.50 10.28 12.83 8.61 8.47 10.43 3.72 18.54 8.76 15.99 22.58 14.36
14.00 7.46 11.51 20.20 10.53 11.02 6.93 16.61 9.99 13.57 11.11 5.52 10.04 12.66 11.99 13.16 24.10 15.08
23.38 21.22 23.50 22.26 21.65 12.62 10.52 29.81 10.85 24.06 24.49 14.41 22.99 1.16 20.78 21.14 26.41 18.81
11.73 5.09 6.38 23.23 8.35 18.87 16.93 4.78 19.03 9.72 7.23 15.17 4.25 24.98 12.14 18.18 25.74 18.80
5.48 7.70 4.77 14.11 2.67 9.23 8.57 11.83 9.77 5.30 13.67 13.85 5.66 17.99 3.70 20.58 17.34 9.23
24.39 14.41 20.82 30.68 20.53 20.75 16.28 23.61 19.25 23.58 13.02 5.22 18.52 15.84 22.59 4.43 34.70 25.64
26.39 25.70 27.26 23.07 25.25 14.85 14.03 33.89 13.39 27.36 29.26 19.31 27.08 6.01 23.81 25.92 26.98 20.56
15.41 4.95 11.36 23.71 11.35 15.40 11.58 14.45 14.57 14.33 6.49 5.39 9.00 16.86 14.01 10.32 27.33 18.57
25.92 16.86 22.87 31.03 22.28 20.74 16.32 26.30 19.07 25.35 16.15 6.78 20.78 13.93 23.91 7.38 35.15 26.14
26.03 25.70 27.06 22.41 25.01 14.41 13.83 33.76 13.02 27.06 29.41 19.61 26.96 6.31 23.46 26.38 26.29 20.02
11.10 13.89 12.72 11.47 10.48 1.58 3.26 19.80 1.92 12.18 19.34 14.45 13.39 11.83 8.52 22.48 15.65 6.83
26.12 17.43 23.26 30.82 22.57 20.46 16.09 26.93 18.75 25.64 17.00 7.22 21.25 13.13 24.04 8.46 34.98 25.99
9.85 15.26 12.69 8.56 10.37 2.36 6.19 19.84 4.19 11.35 21.01 17.15 13.94 14.33 7.50 25.10 12.72 3.96
21.56 16.73 20.39 23.53 18.94 13.07 9.26 25.94 11.21 21.74 19.16 8.65 19.28 4.90 19.10 15.27 27.76 19.16
17.95 9.74 15.06 23.88 14.34 14.14 9.72 19.31 12.79 17.41 11.33 1.71 13.20 12.25 15.98 9.80 27.87 18.82
20.66 15.91 19.49 22.81 18.03 12.34 8.43 25.08 10.50 20.83 18.51 8.18 18.41 5.16 18.20 15.14 27.04 18.37
25.52 25.01 26.45 22.19 24.42 13.95 13.22 33.12 12.51 26.51 28.69 18.89 26.31 5.58 22.94 25.67 26.12 19.66
12.48 7.62 7.47 24.28 9.70 20.82 19.17 2.79 21.12 10.37 8.96 17.65 6.08 27.43 13.35 20.23 26.45 20.14
7.37 7.90 6.72 14.33 4.78 7.81 6.52 13.57 8.05 7.41 13.74 12.30 7.00 15.86 5.18 19.46 17.89 9.23
2.20 13.32 6.52 12.25 5.92 13.66 15.06 11.29 15.02 3.04 18.77 21.36 9.30 24.62 4.74 27.56 13.75 9.57
1.51 12.72 6.69 10.38 5.11 10.72 12.32 12.88 12.11 3.60 18.53 19.59 9.22 21.83 2.21 26.32 12.67 6.92
16.26 5.73 10.90 27.16 12.41 21.15 18.24 9.34 20.86 14.41 2.51 12.93 8.23 24.78 16.13 13.90 30.05 22.37
10.13 11.19 10.69 13.25 8.60 4.29 2.78 17.61 4.08 10.79 16.62 12.31 11.00 12.36 7.55 20.21 17.28 8.22
21.16 18.96 21.17 20.75 19.34 10.75 8.27 27.49 8.91 21.79 22.41 12.67 20.66 1.31 18.57 19.83 24.95 17.00
7.71 18.41 12.92 4.30 11.11 10.22 13.74 19.02 12.07 9.82 24.35 23.53 15.33 22.19 7.39 30.97 6.56 3.99
5.00 11.72 4.98 16.35 5.98 16.52 16.98 7.36 17.60 3.50 16.42 21.06 7.42 26.50 7.28 26.30 17.77 13.34
16.38 4.86 11.80 25.48 12.24 17.60 13.92 13.62 16.87 15.05 4.18 6.92 9.16 19.16 15.30 9.73 28.96 20.38
14.70 23.05 19.17 4.25 16.97 9.22 13.69 25.97 10.79 16.73 28.93 25.05 21.04 19.21 13.30 33.09 7.48 6.50
19.39 7.62 14.46 28.95 15.25 21.16 17.40 14.72 20.38 17.88 3.11 8.86 11.69 21.92 18.55 8.28 32.34 23.88
2.77 12.37 5.43 13.81 5.37 14.53 15.50 9.70 15.76 2.30 17.61 20.93 8.19 25.08 5.32 26.79 15.34 10.90
15.52 3.77 10.70 25.13 11.37 17.77 14.35 12.11 17.19 14.06 3.27 8.37 7.99 20.21 14.65 11.05 28.46 20.08
13.61 5.02 8.22 24.92 10.02 19.91 17.57 6.34 19.89 11.66 5.38 14.37 5.80 25.07 13.82 16.60 27.57 20.35
11.91 4.86 6.54 23.36 8.46 18.85 16.83 5.10 18.98 9.92 6.91 14.89 4.31 24.81 12.26 17.86 25.91 18.89
11.64 12.03 8.44 23.27 10.64 22.24 21.63 2.62 22.96 9.68 14.31 22.30 8.84 30.65 13.44 25.52 24.64 20.00
24.93 13.92 20.75 32.43 20.87 22.96 18.55 22.43 21.62 23.84 11.06 7.14 18.21 19.28 23.43 0.97 36.29 27.30
12.29 3.76 6.91 23.47 8.58 18.39 16.11 6.39 18.39 10.39 5.83 13.63 4.35 23.82 12.37 16.60 26.19 18.85
21.05 9.85 16.72 29.21 16.95 20.28 16.07 18.41 19.16 19.87 7.35 5.48 14.14 18.77 19.71 4.74 32.93 24.06
4.07 10.20 6.02 11.64 3.71 8.22 8.85 13.13 9.22 4.88 16.17 15.95 7.69 18.43 1.58 22.96 14.81 6.90
11.03 10.02 7.07 22.86 9.37 20.97 20.06 0.72 21.57 8.96 12.37 20.28 7.03 28.91 12.52 23.52 24.56 19.24
6.21 6.58 0.90 17.79 3.19 14.70 13.86 6.33 15.28 4.25 11.64 16.08 2.29 22.97 6.79 21.16 20.21 13.57
13.20 3.93 9.45 21.46 9.20 13.47 9.95 13.42 12.81 12.23 7.65 6.69 7.35 16.36 11.74 12.56 25.05 16.33
19.13 15.58 18.43 20.70 16.80 10.24 6.54 24.41 8.38 19.47 18.83 9.20 17.62 4.53 16.62 16.70 24.94 16.35
6.51 8.06 2.42 18.37 4.61 16.23 15.65 5.02 16.93 4.40 12.56 17.86 3.85 24.84 7.74 22.61 20.44 14.50
10.48 11.74 11.21 13.05 9.09 3.80 2.44 18.15 3.52 11.21 17.13 12.55 11.55 12.00 7.89 20.50 17.12 8.09
6.01 9.80 7.05 12.18 4.77 6.86 6.94 14.18 7.60 6.64 15.72 14.37 8.11 16.52 3.50 21.65 15.69 7.12
7.28 10.12 4.56 19.03 6.52 17.99 17.73 4.39 18.81 5.29 14.12 20.08 6.04 27.01 9.06 24.56 20.67 15.62
23.16 21.78 23.63 21.32 21.69 12.04 10.46 30.12 10.37 23.97 25.33 15.52 23.29 2.28 20.56 22.46 25.43 18.12
6.46 9.04 6.81 13.01 4.62 7.19 6.72 13.88 7.73 6.84 14.94 13.58 7.60 16.26 4.07 20.81 16.54 7.93
15.11 11.41 10.68 26.97 12.99 24.41 22.97 3.73 24.81 13.01 11.62 21.23 9.78 31.29 16.41 23.00 28.73 23.19
10.00 18.38 14.32 4.16 12.12 6.41 10.58 21.17 8.28 11.97 24.31 21.45 16.20 18.12 8.45 29.31 8.33 1.66
13.73 4.83 10.20 21.55 9.80 13.21 9.50 14.32 12.44 12.86 8.20 5.90 8.19 15.55 12.13 12.16 25.23 16.41
16.53 4.77 11.55 26.39 12.41 19.15 15.71 12.17 18.57 14.98 1.96 9.14 8.78 21.38 15.80 10.74 29.67 21.37
6.41 11.90 8.75 10.20 6.42 5.44 6.85 15.89 6.61 7.60 17.81 15.81 10.10 16.28 3.85 23.34 13.87 5.08
6.43 18.13 11.79 7.52 10.50 13.13 16.05 16.92 14.89 8.32 23.88 24.71 14.47 25.04 7.40 31.68 8.17 7.22
12.26 12.69 9.16 23.83 11.36 22.95 22.36 3.18 23.68 10.33 14.77 22.95 9.55 31.37 14.12 26.03 25.11 20.64
13.65 14.09 14.39 14.29 12.32 3.82 1.42 21.22 2.08 14.46 19.00 12.48 14.51 8.91 11.05 20.58 18.51 9.85
12.77 11.53 8.98 24.54 11.28 22.89 21.95 2.03 23.49 10.73 13.16 21.74 8.85 30.74 14.37 24.48 26.07 21.05
5.26 15.15 10.03 6.88 8.03 8.34 11.15 16.58 10.04 7.30 21.11 20.35 12.26 20.17 4.24 27.70 9.83 3.26
14.07 7.18 8.83 25.73 10.92 21.52 19.47 4.83 21.64 12.01 7.19 16.67 6.90 27.25 14.68 18.57 28.10 21.39
13.19 18.06 16.04 9.07 13.72 2.71 6.94 23.19 3.91 14.74 23.61 18.37 17.14 12.79 10.88 26.46 13.27 6.05
14.00 6.17 10.95 21.06 10.27 12.26 8.33 15.54 11.35 13.34 9.57 5.30 9.18 14.10 12.19 12.36 24.85 15.91
18.70 14.19 17.53 21.30 16.06 10.83 6.70 23.23 9.05 18.86 17.18 7.45 16.51 6.15 16.26 15.04 25.51 16.71
1.63 13.01 6.29 11.95 5.51 13.08 14.46 11.43 14.42 2.78 18.54 20.87 9.06 24.02 4.14 27.16 13.63 9.09
19.82 8.04 14.88 29.35 15.67 21.50 17.71 15.08 20.70 18.30 3.42 8.95 12.11 22.08 18.97 7.98 32.75 24.27
15.17 15.09 15.80 15.32 13.77 4.90 2.58 22.55 3.02 15.96 19.73 12.41 15.79 7.41 12.57 20.47 19.56 11.11
21.83 18.58 21.39 22.22 19.69 12.00 8.98 27.43 10.13 22.29 21.60 11.45 20.64 1.89 19.27 18.30 26.44 18.25
7.79 4.32 2.65 18.77 3.89 14.31 12.79 7.22 14.61 6.09 9.69 13.87 0.44 21.51 7.67 18.88 21.53 14.19
25.99 23.20 25.91 24.87 24.13 15.32 13.10 32.05 13.55 26.61 26.03 15.52 25.25 3.52 23.40 21.53 29.00 21.50
13.17 22.68 18.06 1.54 16.00 10.39 14.78 24.55 12.16 15.27 28.64 25.86 20.20 21.33 12.21 33.76 4.81 5.82
5.47 7.19 0.47 17.10 2.71 14.32 13.70 6.76 14.98 3.50 12.36 16.47 2.94 22.92 6.16 21.74 19.48 12.95
10.10 21.13 15.44 3.42 13.74 12.30 16.14 21.20 14.18 12.18 27.06 26.22 17.93 24.15 10.08 33.72 3.93 6.13
19.21 20.49 20.73 15.91 18.56 7.50 7.87 27.67 6.27 20.37 25.06 16.89 21.00 6.60 16.67 24.69 19.98 13.11
17.30 9.17 14.41 23.36 13.68 13.72 9.33 18.72 12.42 16.74 11.02 2.21 12.57 12.41 15.34 10.20 27.32 18.28
18.60 15.00 17.84 20.41 16.22 9.94 6.09 23.81 8.10 18.91 18.31 8.84 17.03 5.09 16.09 16.46 24.64 15.98
13.84 8.67 11.94 19.15 10.68 9.65 5.44 17.50 8.52 13.64 12.63 6.41 10.78 11.41 11.64 14.33 23.13 14.08
6.55 5.59 3.55 16.29 2.53 11.22 9.89 10.09 11.55 5.59 11.54 13.04 3.53 18.95 5.48 19.18 19.38 11.48
4.77 11.87 7.76 9.94 5.48 6.99 8.48 14.82 8.26 6.14 17.84 16.84 9.50 17.95 2.29 24.14 13.29 5.11
16.30 8.04 13.28 22.77 12.61 13.39 9.12 17.58 12.21 15.68 10.22 3.02 11.42 13.12 14.40 10.62 26.68 17.65
16.46 21.75 19.67 9.60 17.35 6.33 10.08 26.82 7.00 18.16 27.22 21.30 20.85 13.45 14.32 29.40 13.40 8.52
21.72 18.85 21.45 21.78 19.71 11.65 8.83 27.60 9.79 22.25 22.02 11.98 20.79 1.33 19.15 18.92 26.00 17.91
13.07 23.91 18.38 3.26 16.62 13.68 17.85 24.17 15.53 15.15 29.86 28.43 20.83 25.11 12.91 36.10 1.10 7.96
9.76 11.00 6.66 21.44 8.81 20.38 19.90 2.70 21.14 7.79 14.01 21.22 7.41 29.02 11.55 24.97 22.92 18.11
20.15 9.47 16.13 27.77 16.12 18.62 14.34 18.55 17.44 19.12 8.19 3.62 13.69 16.93 18.63 5.67 31.57 22.63
0.89 11.77 5.72 11.28 4.15 10.87 12.11 12.04 12.14 2.77 17.56 18.88 8.25 21.67 1.79 25.49 13.64 7.59
14.93 16.71 16.43 13.28 14.24 3.41 4.11 23.42 1.94 16.04 21.70 14.92 16.83 8.69 12.37 23.00 17.51 9.55
13.75 10.81 12.87 17.39 11.23 7.39 2.98 19.06 6.07 13.95 15.16 8.46 12.23 9.66 11.31 16.55 21.50 12.48
7.60 19.01 12.99 5.67 11.46 12.27 15.59 18.52 14.10 9.63 24.87 24.91 15.58 24.25 8.01 32.13 6.52 6.10
14.25 25.02 19.55 3.85 17.77 14.32 18.58 25.36 16.15 16.34 30.98 29.32 21.99 25.53 14.04 37.05 0.75 8.84
7.49 15.49 11.45 6.52 9.22 5.68 9.04 18.39 7.47 9.32 21.44 19.21 13.27 17.63 5.64 26.90 10.33 1.40
3.72 9.07 2.12 15.57 2.78 13.94 13.94 7.78 14.83 1.63 14.34 17.96 4.89 23.40 5.05 23.55 17.72 11.75
18.56 22.99 21.47 11.87 19.16 7.71 10.74 28.63 7.85 20.18 28.25 21.51 22.45 12.26 16.32 29.54 15.53 10.80
13.29 2.78 8.02 24.02 9.34 18.14 15.46 8.26 17.95 11.53 4.27 11.91 5.26 22.66 13.02 14.74 26.96 19.22
20.65 19.69 21.21 19.16 19.24 9.59 8.00 27.80 7.88 21.47 23.57 14.32 20.98 2.81 18.05 21.74 23.33 15.74
5.52 13.82 9.43 7.99 7.23 6.72 9.20 16.34 8.30 7.29 19.79 18.45 11.35 18.35 3.59 25.90 11.40 3.25
10.00 1.81 5.15 20.32 5.88 14.59 12.31 8.60 14.56 8.48 7.57 11.57 2.57 20.35 9.41 16.35 23.36 15.49
13.85 24.84 19.20 4.28 17.49 14.72 18.90 24.83 16.58 15.91 30.78 29.48 21.69 26.11 13.81 37.13 0.25 9.02
11.67 6.38 9.33 18.42 8.22 9.96 6.49 14.88 9.29 11.25 11.12 7.73 8.13 13.90 9.70 15.01 22.20 13.27
15.48 9.89 13.58 20.29 12.35 10.40 5.97 18.98 9.04 15.31 13.26 5.45 12.33 10.26 13.24 13.55 24.34 15.29
14.54 2.78 9.70 24.30 10.40 17.19 13.93 11.29 16.70 13.07 3.72 8.86 6.98 20.23 13.73 12.01 27.58 19.28
27.04 16.52 23.19 33.69 23.09 23.80 19.33 25.33 22.30 26.11 14.12 8.15 20.75 18.48 25.36 3.19 37.68 28.63
25.58 21.06 24.69 26.26 23.16 16.07 12.88 30.30 14.19 25.89 23.18 12.37 23.64 4.69 23.06 17.76 30.48 22.31
13.48 12.75 9.99 25.14 12.26 23.88 23.06 3.23 24.53 11.49 14.25 22.95 10.02 31.91 15.21 25.60 26.50 21.82
11.92 23.07 17.29 3.94 15.65 13.87 17.86 22.86 15.75 13.98 28.99 28.12 19.83 25.56 12.02 35.65 2.19 7.84
3.91 7.98 2.91 14.37 0.59 11.06 10.81 10.05 11.81 3.14 13.82 15.56 4.75 20.26 3.27 21.82 17.17 9.90
25.91 26.38 27.30 21.49 25.17 14.18 14.16 34.13 12.96 27.06 30.35 20.85 27.37 7.66 23.37 27.83 25.26 19.47
19.12 7.58 14.53 27.98 14.98 19.65 15.69 15.85 18.74 17.80 4.86 6.57 11.86 19.71 17.99 7.13 31.54 22.85
23.60 13.20 19.79 30.47 19.65 20.78 16.34 22.25 19.37 22.69 11.45 4.94 17.40 16.80 21.93 3.42 34.41 25.38
7.70 14.55 11.07 7.78 8.77 4.55 7.64 18.14 6.25 9.34 20.46 17.84 12.65 16.40 5.51 25.58 11.69 2.65
12.08 10.89 11.81 15.43 9.95 5.69 1.80 18.38 4.68 12.48 15.82 10.25 11.59 10.69 9.57 18.27 19.51 10.48
11.77 17.58 14.98 7.67 12.66 3.02 7.49 22.11 4.73 13.42 23.29 18.83 16.29 14.27 9.58 26.88 11.91 4.37
10.09 5.08 7.38 17.92 6.41 10.44 7.63 13.00 10.11 9.47 10.50 9.21 6.21 15.72 8.36 15.96 21.50 12.80
14.53 25.33 19.85 4.16 18.07 14.62 18.89 25.62 16.45 16.62 31.29 29.64 22.29 25.80 14.35 37.38 0.77 9.17
9.59 12.97 11.32 10.99 9.05 2.62 4.09 18.43 3.44 10.67 18.60 14.60 12.14 13.20 7.01 22.52 15.07 6.05
6.18 5.97 0.98 17.44 2.57 13.84 12.85 7.23 14.35 4.41 11.35 15.17 1.87 21.93 6.35 20.48 20.05 13.05
12.58 8.66 11.06 17.75 9.62 8.44 4.47 17.01 7.47 12.50 13.18 7.82 10.20 11.71 10.31 15.68 21.71 12.66
20.76 9.21 16.16 29.49 16.62 20.94 16.87 17.26 19.94 19.44 5.88 6.89 13.48 20.20 19.60 5.64 33.09 24.35
21.17 9.44 16.35 30.33 17.02 22.07 18.09 16.80 21.15 19.73 5.15 8.40 13.61 21.70 20.18 6.29 33.84 25.21
8.80 15.57 12.24 7.21 9.94 4.02 7.70 19.32 5.85 10.49 21.44 18.35 13.79 16.00 6.66 26.19 11.28 2.33
12.74 4.83 9.47 20.44 8.90 12.21 8.64 14.07 11.52 11.97 8.95 6.67 7.67 15.27 11.08 13.24 24.12 15.30
11.44 10.97 11.43 14.69 9.49 5.12 1.84 18.13 4.32 11.92 16.08 10.94 11.38 11.19 8.90 18.92 18.76 9.72
26.71 17.34 23.50 32.04 23.00 21.79 17.36 26.68 20.13 26.07 16.24 7.45 21.34 15.01 24.74 6.79 36.16 27.13
20.95 11.43 17.55 27.30 17.14 17.53 13.08 20.88 16.12 20.20 11.21 1.75 15.38 14.16 19.12 6.55 31.28 22.23
25.15 16.04 22.05 30.40 21.49 20.17 15.73 25.49 18.52 24.56 15.40 5.96 19.96 13.79 23.15 7.03 34.52 25.49
21.07 21.28 22.18 18.23 20.09 9.51 9.01 28.97 8.06 22.09 25.46 16.53 22.21 4.73 18.49 24.03 22.29 15.33
1.43 11.12 4.39 13.26 3.74 12.90 13.69 9.98 14.05 0.87 16.62 19.26 7.14 23.27 3.64 25.36 15.27 9.80
12.66 10.16 11.84 16.67 10.16 6.97 2.83 18.14 5.87 12.86 14.82 8.97 11.31 10.64 10.23 16.98 20.73 11.68
7.68 5.39 2.29 19.14 4.31 15.44 14.18 5.79 15.86 5.74 10.18 15.28 1.25 23.01 8.06 19.96 21.65 14.78
14.42 11.53 10.19 26.26 12.51 24.02 22.75 3.07 24.49 12.33 12.20 21.51 9.54 31.24 15.83 23.59 27.93 22.58
17.09 5.33 12.08 26.95 12.96 19.64 16.16 12.51 19.03 15.52 1.71 9.22 9.31 21.65 16.36 10.38 30.23 21.92
15.96 4.76 11.57 24.77 11.83 16.73 12.99 13.90 15.96 14.72 5.08 6.25 9.02 18.25 14.76 9.90 28.30 19.65
22.18 20.61 22.52 20.82 20.61 11.25 9.40 28.98 9.52 22.94 24.17 14.45 22.15 1.53 19.58 21.52 24.97 17.41
3.19 9.26 4.29 12.90 2.05 9.97 10.22 11.36 10.88 3.32 15.16 16.13 6.23 19.78 1.83 22.73 15.77 8.43
9.06 7.14 4.24 20.89 6.55 18.01 16.88 3.09 18.51 6.96 10.63 17.37 3.80 25.69 10.06 21.27 23.03 16.85
19.80 21.38 21.48 15.93 19.29 8.04 8.73 28.46 6.96 21.01 25.99 17.81 21.82 7.13 17.28 25.59 19.93 13.41
4.43 8.37 4.40 13.53 2.11 9.51 9.30 11.55 10.24 4.35 14.32 14.90 5.81 18.80 2.76 21.56 16.60 8.81
8.05 17.60 12.81 4.21 10.75 7.94 11.63 19.39 9.80 10.11 23.57 21.85 14.96 19.89 6.96 29.48 7.72 1.68
9.56 3.63 6.05 18.50 5.56 11.80 9.31 11.27 11.64 8.61 9.42 10.09 4.53 17.47 8.23 16.17 21.87 13.47
25.78 15.96 22.32 31.71 21.96 21.63 17.16 25.19 20.06 25.03 14.55 6.50 20.06 15.83 23.92 5.11 35.77 26.72
9.66 19.59 14.63 2.27 12.64 9.25 13.24 21.04 11.13 11.76 25.56 23.73 16.86 21.03 8.84 31.42 5.81 3.26
6.73 11.58 5.42 18.15 6.98 18.03 18.19 5.81 19.01 5.01 15.77 21.35 7.38 27.62 8.86 26.10 19.52 15.10
12.02 9.46 7.61 23.89 9.94 21.44 20.23 0.76 21.92 9.92 11.21 19.65 7.03 28.85 13.31 22.47 25.74 20.09
9.32 20.74 14.72 5.09 13.20 13.23 16.81 20.12 15.09 11.33 26.60 26.45 17.31 25.18 9.72 33.76 4.96 6.98
15.40 8.30 12.82 21.37 11.90 11.89 7.60 17.66 10.70 14.95 11.26 4.22 11.22 12.14 13.38 12.08 25.32 16.27
14.02 25.05 19.37 4.53 17.68 14.98 19.16 24.97 16.83 16.08 30.99 29.72 21.88 26.36 14.01 37.37 0.38 9.27
21.50 20.45 22.05 19.81 20.09 10.38 8.85 28.62 8.69 22.33 24.24 14.80 21.80 2.48 18.90 22.07 23.96 16.49
12.53 2.95 7.20 23.46 8.66 17.97 15.51 7.34 17.89 10.71 5.18 12.66 4.49 23.02 12.40 15.72 26.31 18.74
20.33 13.54 18.20 24.40 17.13 14.06 9.67 23.03 12.38 20.12 15.27 4.56 16.66 8.90 18.08 11.48 28.56 19.59
7.08 4.98 1.98 18.14 3.24 13.98 12.67 7.30 14.36 5.39 10.40 14.32 1.00 21.55 7.03 19.50 20.86 13.61
12.27 19.30 16.08 5.80 13.79 5.20 9.67 23.11 6.88 14.11 25.10 21.00 17.66 16.06 10.38 29.03 9.98 4.02
12.03 7.14 9.96 18.27 8.73 9.49 5.84 15.63 8.72 11.72 11.75 7.58 8.86 13.14 9.95 15.10 22.11 13.13
10.05 7.47 5.26 21.89 7.57 18.99 17.76 2.26 19.45 7.94 10.36 17.73 4.58 26.45 11.08 21.26 23.99 17.88
23.01 23.20 24.18 19.60 22.09 11.37 11.00 30.97 10.00 24.07 27.24 17.98 24.20 5.25 20.44 25.24 23.57 17.02
19.46 13.57 17.70 23.00 16.46 12.60 8.27 22.91 10.89 19.39 15.89 5.60 16.37 7.72 17.12 12.95 27.18 18.26
18.52 7.08 14.01 27.26 14.38 18.90 14.95 15.63 17.99 17.24 5.02 6.08 11.38 19.11 17.34 7.52 30.84 22.13
13.22 21.12 17.46 4.40 15.22 7.31 11.78 24.37 8.95 15.19 26.98 23.10 19.23 17.80 11.63 31.13 8.35 4.86
15.14 4.43 9.82 25.91 11.22 19.85 16.98 9.03 19.58 13.34 2.74 12.19 7.10 23.70 14.92 13.90 28.85 21.10
8.47 4.75 3.08 19.85 4.96 15.81 14.33 5.73 16.14 6.56 9.36 14.80 1.11 22.98 8.75 19.26 22.42 15.42
18.22 8.28 14.54 25.49 14.29 16.30 12.04 17.73 15.14 17.33 8.57 2.34 12.28 15.28 16.57 7.88 29.32 20.35
8.33 3.84 3.16 19.27 4.42 14.63 12.96 7.16 14.87 6.63 9.15 13.57 0.47 21.55 8.18 18.42 22.06 14.66
16.10 20.27 18.79 10.88 16.48 4.97 8.18 25.93 5.19 17.62 25.58 19.26 19.72 11.48 13.77 27.35 14.90 8.77
18.90 21.49 21.00 14.25 18.75 7.21 8.84 28.07 6.52 20.25 26.38 18.78 21.57 8.87 16.45 26.69 18.20 12.05
4.15 14.25 8.94 7.96 6.99 8.81 11.21 15.46 10.40 6.18 20.19 19.89 11.22 20.44 3.23 27.08 10.73 4.28
3.74 11.86 7.18 10.03 4.99 8.02 9.49 14.12 9.31 5.22 17.83 17.45 9.15 18.99 1.39 24.58 13.13 5.49
10.92 3.22 5.55 22.03 7.15 17.08 14.97 6.36 17.15 9.06 6.86 13.46 2.92 22.98 10.93 17.13 24.77 17.41
11.44 14.61 13.30 11.05 11.04 0.86 3.74 20.41 1.66 12.62 20.07 15.05 14.05 11.80 8.90 23.11 15.26 6.59
5.86 7.51 1.31 17.63 3.52 15.14 14.54 6.00 15.82 3.79 12.41 17.06 3.22 23.75 6.81 22.10 19.88 13.61
25.75 23.55 25.92 24.09 24.07 14.79 12.92 32.22 13.08 26.46 26.62 16.29 25.40 3.51 23.15 22.54 28.18 20.90
25.21 15.30 21.69 31.32 21.37 21.30 16.83 24.52 19.76 24.43 13.88 5.97 19.41 15.88 23.38 4.71 35.36 26.30
15.56 11.85 11.16 27.42 13.48 24.90 23.46 4.18 25.30 13.46 11.90 21.61 10.27 31.76 16.89 23.26 29.14 23.66
3.52 15.08 8.90 8.74 7.46 11.39 13.70 14.62 12.99 5.56 20.87 21.75 11.52 23.01 4.35 28.62 10.54 6.38
24.06 20.46 23.54 24.19 21.89 14.11 11.21 29.47 12.26 24.51 23.12 12.59 22.71 2.51 21.50 18.76 28.40 20.37
12.66 1.68 8.21 22.04 8.52 14.92 11.80 11.26 14.49 11.37 6.01 8.58 5.73 18.68 11.63 13.26 25.39 17.00
22.53 19.64 22.29 22.36 20.54 12.33 9.63 28.42 10.48 23.07 22.72 12.56 21.62 0.91 19.95 19.31 26.57 18.58
19.82 19.34 20.56 18.15 18.54 8.63 7.33 27.24 6.96 20.71 23.43 14.51 20.44 3.79 17.23 22.10 22.31 14.75
8.11 4.65 4.98 17.21 4.17 11.11 9.15 10.92 11.18 7.23 10.59 11.40 4.10 17.83 6.78 17.63 20.50 12.24
25.41 15.99 22.16 30.96 21.68 20.78 16.33 25.35 19.17 24.75 15.02 6.12 19.99 14.66 23.47 6.21 35.05 26.01
24.23 16.17 21.63 28.60 20.80 18.22 13.87 25.73 16.50 23.85 16.47 5.93 19.78 11.20 22.07 9.43 32.77 23.81
16.37 14.07 16.05 17.98 14.27 7.50 3.64 22.37 5.69 16.82 18.08 9.79 15.54 6.40 13.82 17.78 22.20 13.50
10.86 4.38 7.73 18.93 7.03 11.35 8.31 12.87 10.92 10.10 9.57 8.53 6.21 15.97 9.25 15.03 22.50 13.82
25.22 23.56 25.63 23.13 23.71 14.06 12.49 32.05 12.41 26.01 26.87 16.73 25.22 3.54 22.62 23.25 27.20 20.09
16.91 5.19 12.12 26.33 12.76 18.66 15.03 13.31 17.96 15.47 3.11 7.84 9.41 20.28 15.98 9.70 29.73 21.26
6.70 16.22 11.38 5.62 9.32 7.74 11.02 18.00 9.53 8.73 22.20 20.82 13.52 19.70 5.52 28.35 8.92 1.97
17.68 6.81 13.51 25.89 13.60 17.26 13.23 15.97 16.29 16.56 6.33 4.58 11.03 17.36 16.30 8.05 29.56 20.74
21.03 12.01 17.88 26.91 17.33 16.97 12.50 21.54 15.49 20.40 12.20 1.80 15.83 13.08 19.10 7.40 30.94 21.88
28.28 27.34 29.09 24.83 27.09 16.74 15.86 35.66 15.28 29.23 30.72 20.54 28.84 7.39 25.69 26.82 28.70 22.42
13.63 24.11 18.86 2.60 16.99 13.03 17.32 24.88 14.86 15.74 30.08 28.14 21.22 24.22 13.22 35.92 1.89 7.69
7.79 12.47 6.56 18.99 8.18 19.21 19.39 5.72 20.21 6.17 16.36 22.37 8.35 28.82 10.01 26.91 20.16 16.13
17.41 10.24 14.96 22.68 14.00 12.76 8.31 19.70 11.34 17.04 12.50 3.17 13.34 10.89 15.30 11.27 26.73 17.67
12.16 21.63 17.01 1.13 14.94 9.62 13.96 23.53 11.43 14.25 27.59 24.94 19.14 20.83 11.16 32.81 5.22 4.77
23.49 13.73 20.02 29.66 19.66 19.72 15.25 23.05 18.22 22.73 12.73 4.24 17.79 15.01 21.65 5.16 33.68 24.63
10.85 19.96 15.53 2.35 13.41 8.14 12.39 22.18 9.99 12.91 25.92 23.28 17.57 19.64 9.64 31.12 6.57 3.09
12.91 17.61 15.66 9.27 13.35 2.25 6.51 22.81 3.49 14.43 23.14 17.93 16.72 12.61 10.58 26.03 13.49 6.00
22.96 11.90 18.74 30.71 18.89 21.45 17.12 20.49 20.21 21.84 9.28 5.88 16.19 18.74 21.52 2.77 34.52 25.57
21.33 21.10 22.25 18.86 20.20 9.89 9.03 28.97 8.35 22.29 25.13 16.00 22.18 3.94 18.74 23.41 22.95 15.83
12.53 10.85 8.53 24.35 10.84 22.43 21.40 1.43 22.99 10.47 12.49 21.05 8.26 30.13 14.04 23.80 25.99 20.76
8.03 4.75 4.96 17.10 4.10 11.03 9.10 10.96 11.10 7.17 10.70 11.46 4.14 17.81 6.68 17.72 20.40 12.13
14.65 19.78 17.71 9.05 15.39 4.39 8.39 24.86 5.29 16.28 25.30 19.75 18.86 13.05 12.43 27.86 13.12 7.00
4.63 15.67 9.89 7.31 8.19 10.25 12.93 15.95 11.93 6.74 21.56 21.66 12.37 22.05 4.64 28.79 9.48 4.89
9.59 9.38 9.33 14.41 7.40 6.08 3.91 16.07 5.85 9.91 14.84 11.25 9.36 13.25 7.14 18.95 18.30 9.28
21.90 13.96 19.30 26.62 18.46 16.35 11.92 23.53 14.71 21.51 14.72 3.88 17.49 10.81 19.78 9.37 30.75 21.75
8.66 5.81 3.41 20.30 5.60 16.82 15.51 4.49 17.23 6.62 9.87 15.98 2.35 24.24 9.29 20.16 22.68 16.05
27.81 16.69 23.58 35.26 23.75 25.66 21.23 24.91 24.26 26.70 13.33 9.81 20.99 21.13 26.34 2.11 39.15 30.14
15.69 21.13 18.94 9.03 16.62 5.75 9.67 26.08 6.57 17.39 26.66 20.98 20.16 13.63 13.56 29.09 12.92 7.76
26.91 15.97 22.79 34.15 22.87 24.50 20.05 24.43 23.08 25.86 12.98 8.66 20.25 19.93 25.37 1.61 38.07 29.05
21.06 9.37 16.31 30.08 16.91 21.73 17.72 16.96 20.78 19.66 5.37 7.93 13.59 21.24 20.02 6.02 33.63 24.96
20.54 9.28 16.17 28.83 16.43 20.02 15.86 17.82 18.95 19.34 6.80 5.55 13.57 18.87 19.23 5.31 32.52 23.68
9.49 4.76 4.11 20.95 6.08 16.88 15.26 5.05 17.16 7.52 8.69 15.00 2.13 23.73 9.86 19.00 23.48 16.54
26.48 16.20 22.77 32.87 22.57 22.91 18.43 25.20 21.38 25.62 14.19 7.40 20.40 17.43 24.73 3.81 36.89 27.83
15.59 5.25 10.23 26.53 11.75 20.67 17.85 8.77 20.42 13.73 2.96 12.98 7.57 24.59 15.49 14.33 29.40 21.77
24.44 16.95 22.12 28.21 21.16 17.77 13.51 26.53 15.99 24.18 17.61 6.86 20.41 9.99 22.20 10.84 32.41 23.52
27.67 26.06 28.17 25.03 26.24 16.36 15.01 34.60 14.78 28.51 29.23 18.90 27.77 5.99 25.08 25.03 29.00 22.27
23.07 11.35 18.27 32.10 18.92 23.63 19.54 18.53 22.62 21.64 6.83 9.19 15.53 22.46 22.05 5.07 35.66 26.97
23.94 15.46 21.13 28.77 20.41 18.47 14.06 25.00 16.80 23.47 15.50 5.19 19.19 12.07 21.85 8.37 32.91 23.90
10.70 22.04 16.09 4.63 14.53 13.78 17.57 21.50 15.66 12.72 27.93 27.50 18.67 25.64 11.00 34.91 3.62 7.58
19.71 23.43 22.34 13.44 20.05 8.45 10.91 29.48 8.25 21.24 28.51 21.23 23.16 11.16 17.39 29.17 17.12 12.17
11.71 13.82 13.06 12.22 10.87 2.00 2.53 20.09 1.48 12.71 19.15 13.85 13.57 11.07 9.12 21.92 16.41 7.63
9.45 12.03 10.72 11.86 8.50 3.43 3.66 17.78 3.83 10.36 17.63 13.70 11.37 13.09 6.85 21.58 15.88 6.83
3.35 14.50 7.65 12.07 7.14 14.42 16.06 11.94 15.86 4.22 19.89 22.58 10.43 25.59 5.77 28.78 13.20 9.90
25.90 16.84 22.84 31.00 22.26 20.72 16.30 26.28 19.05 25.33 16.13 6.75 20.75 13.92 23.88 7.38 35.13 26.11
10.28 17.37 14.01 6.08 11.72 4.42 8.67 21.04 6.29 12.08 23.22 19.72 15.61 16.16 8.32 27.66 10.29 2.38
3.88 8.82 4.41 13.15 2.09 9.60 9.63 11.56 10.42 3.93 14.77 15.46 6.06 19.17 2.25 22.11 16.15 8.52
23.32 16.97 21.51 26.26 20.32 15.78 11.70 26.46 13.96 23.26 18.44 7.54 20.06 7.55 20.97 12.92 30.48 21.71
11.10 12.52 12.02 12.90 9.88 3.17 2.04 18.98 2.70 11.93 17.85 12.85 12.39 11.41 8.51 20.87 17.03 8.07
16.88 5.17 11.82 26.88 12.78 19.73 16.32 12.08 19.17 15.28 1.35 9.64 9.04 21.98 16.22 10.82 30.12 21.88
18.40 7.71 14.34 26.31 14.35 17.44 13.29 16.91 16.38 17.34 7.11 3.84 11.91 16.89 16.94 7.35 30.04 21.16
7.09 16.97 11.96 4.96 9.95 8.35 11.77 18.45 10.18 9.17 22.94 21.65 14.17 20.33 6.15 29.17 8.11 2.26
24.82 21.97 24.67 24.03 22.91 14.30 11.92 30.81 12.50 25.41 24.86 14.44 24.00 2.36 22.24 20.67 28.19 20.52
12.17 16.88 14.87 9.18 12.55 1.67 6.10 22.02 3.24 13.65 22.45 17.51 15.94 12.83 9.80 25.58 13.42 5.52
19.44 14.83 18.27 21.87 16.80 11.39 7.34 23.93 9.58 19.60 17.66 7.67 17.22 5.72 16.99 15.04 26.09 17.34
7.79 11.12 5.58 19.38 7.45 18.80 18.68 4.52 19.69 5.92 14.93 21.11 7.08 28.00 9.76 25.50 20.81 16.17
10.78 1.03 5.93 20.99 6.66 14.98 12.49 8.95 14.86 9.27 6.84 11.02 3.29 20.26 10.14 15.59 24.08 16.12
18.10 17.64 18.76 17.11 16.75 7.18 5.53 25.44 5.40 18.94 21.88 13.42 18.65 4.82 15.50 21.22 21.33 13.40
20.39 17.15 19.89 21.23 18.21 10.88 7.60 25.95 9.00 20.82 20.34 10.46 19.15 3.00 17.84 17.67 25.47 17.10
15.03 13.68 15.05 16.49 13.16 6.03 2.17 21.58 4.27 15.60 18.10 10.62 14.76 7.51 12.46 18.70 20.71 11.98
9.45 8.65 5.22 21.33 7.53 19.12 18.22 1.97 19.71 7.35 11.77 18.89 5.28 27.13 10.78 22.63 23.22 17.54
4.96 11.94 5.18 16.21 6.11 16.54 17.06 7.57 17.64 3.54 16.66 21.25 7.64 26.59 7.28 26.52 17.60 13.27
23.79 21.66 23.94 22.54 22.09 12.98 10.94 30.26 11.23 24.49 24.90 14.78 23.43 1.59 21.20 21.43 26.69 19.15
26.90 15.51 22.45 34.90 22.79 25.60 21.23 23.34 24.31 25.67 11.67 9.86 19.79 22.01 25.57 1.84 38.69 29.76
5.78 6.22 3.07 15.78 1.76 11.21 10.19 9.91 11.67 4.83 12.14 13.80 3.64 19.39 4.84 19.95 18.78 11.05
7.01 16.47 11.68 5.35 9.61 7.65 11.04 18.31 9.46 9.05 22.45 20.95 13.81 19.62 5.82 28.51 8.73 1.72
13.10 3.49 7.75 24.10 9.27 18.62 16.12 7.32 18.52 11.25 4.80 12.91 5.08 23.52 13.03 15.61 26.92 19.39
14.63 16.35 16.08 13.25 13.89 3.21 3.76 23.07 1.62 15.72 21.35 14.67 16.47 8.81 12.07 22.76 17.48 9.41
8.12 5.17 5.42 16.80 4.34 10.47 8.49 11.55 10.51 7.41 11.06 11.24 4.74 17.24 6.59 17.71 20.16 11.78
8.30 18.64 13.40 3.57 11.49 9.58 13.27 19.67 11.45 10.42 24.60 23.35 15.72 21.52 7.71 30.90 6.39 3.33
6.04 11.79 8.46 10.20 6.13 5.80 7.17 15.59 6.97 7.25 17.73 15.96 9.88 16.63 3.48 23.43 13.81 5.12
14.12 19.75 17.38 8.20 15.06 4.51 8.73 24.52 5.67 15.81 25.35 20.15 18.64 13.85 11.98 28.25 12.28 6.29
9.71 3.28 6.01 18.79 5.66 12.15 9.64 11.04 11.99 8.68 9.09 10.09 4.34 17.73 8.45 16.02 22.14 13.78
16.92 19.75 19.03 12.91 16.78 5.22 7.19 26.12 4.63 18.26 24.79 17.74 19.66 9.29 14.46 25.76 16.99 10.26
9.71 16.92 13.46 6.13 11.17 4.51 8.61 20.49 6.39 11.51 22.80 19.52 15.09 16.37 7.76 27.42 10.30 1.95
15.37 6.19 9.98 26.66 11.77 21.42 18.87 7.40 21.31 13.40 4.59 14.65 7.54 25.99 15.56 15.97 29.33 22.05
13.59 23.88 18.76 2.17 16.85 12.51 16.82 24.89 14.32 15.71 29.85 27.72 21.08 23.62 13.06 35.52 2.52 7.31
10.36 7.76 9.01 16.30 7.44 7.94 4.96 15.29 7.46 10.29 12.99 9.55 8.47 13.50 8.14 17.08 20.13 11.16
10.39 9.96 6.56 22.21 8.84 20.46 19.65 1.27 21.09 8.32 12.63 20.23 6.74 28.58 11.92 23.68 23.90 18.62
13.66 18.05 16.32 9.79 14.01 2.63 6.57 23.47 3.48 15.15 23.52 17.97 17.31 12.07 11.30 26.07 13.98 6.73
12.06 21.37 16.85 1.48 14.76 9.24 13.58 23.43 11.05 14.14 27.33 24.59 18.94 20.44 10.98 32.47 5.61 4.50
25.47 21.12 24.66 26.02 23.11 15.86 12.74 30.33 13.99 25.82 23.33 12.55 23.65 4.38 22.94 18.05 30.23 22.11
10.78 22.20 16.17 5.07 14.66 14.19 17.94 21.47 16.06 12.77 28.07 27.79 18.78 26.06 11.17 35.16 3.78 7.97
21.43 13.01 18.58 26.67 17.86 16.54 12.07 22.58 14.97 20.93 13.55 2.79 16.66 11.80 19.38 8.46 30.76 21.72
6.29 6.15 0.91 17.72 2.94 14.32 13.37 6.73 14.85 4.42 11.36 15.55 1.91 22.44 6.66 20.71 20.24 13.40
18.84 7.23 14.18 27.86 14.69 19.67 15.77 15.37 18.80 17.48 4.35 6.96 11.49 20.02 17.77 7.58 31.38 22.74
19.70 15.20 18.59 21.93 17.10 11.45 7.48 24.28 9.62 19.89 18.03 8.00 17.57 5.36 17.24 15.30 26.16 17.45
3.90 14.58 7.65 12.86 7.41 15.22 16.74 11.44 16.62 4.37 19.83 22.93 10.42 26.29 6.42 28.96 13.85 10.76
18.60 7.17 13.35 28.98 14.57 22.07 18.70 12.35 21.53 16.87 1.20 11.51 10.59 24.19 18.16 11.13 32.10 24.03
22.29 16.46 20.68 24.97 19.40 14.50 10.46 25.87 12.67 22.30 18.35 7.56 19.35 6.58 19.90 13.64 29.20 20.46
14.50 21.92 18.58 5.62 16.31 7.45 11.88 25.55 8.91 16.43 27.71 23.30 20.23 17.15 12.79 31.37 9.32 6.11
11.55 5.53 8.83 18.84 7.91 10.67 7.31 14.16 10.07 10.97 10.33 7.75 7.46 14.70 9.71 14.74 22.54 13.69
19.37 23.20 22.05 13.09 19.74 8.16 10.73 29.19 8.02 20.91 28.32 21.15 22.89 11.29 17.06 29.12 16.78 11.81
4.69 13.24 6.35 15.21 6.87 16.45 17.37 9.01 17.68 3.92 18.11 22.29 8.96 26.95 7.24 27.80 16.34 12.66
10.19 7.24 8.60 16.55 7.12 8.40 5.49 14.80 7.97 10.02 12.52 9.49 7.98 13.96 8.05 16.89 20.32 11.40
22.41 20.44 22.58 21.38 20.72 11.67 9.56 28.95 9.90 23.11 23.85 13.97 22.12 0.81 19.82 20.93 25.55 17.87
19.54 8.94 15.56 27.19 15.52 18.08 13.83 18.10 16.93 18.52 7.97 3.40 13.13 16.70 18.02 6.27 30.98 22.04
6.15 17.90 11.45 8.18 10.27 13.52 16.30 16.41 15.25 7.96 23.61 24.72 14.16 25.39 7.33 31.59 8.75 7.71
20.47 19.14 20.85 19.42 18.92 9.64 7.70 27.37 7.86 21.23 22.93 13.60 20.54 2.44 17.87 21.01 23.61 15.84
21.41 15.79 19.87 24.14 18.56 13.66 9.59 25.15 11.85 21.44 17.90 7.24 18.59 6.40 19.01 13.78 28.36 19.60
12.58 5.66 9.70 19.78 8.89 11.32 7.68 14.69 10.58 11.96 9.92 6.72 8.13 14.42 10.76 13.72 23.52 14.63
12.69 23.25 17.93 2.13 16.08 12.59 16.80 23.93 14.44 14.80 29.22 27.49 20.31 23.98 12.32 35.21 2.12 7.01
28.41 17.85 24.55 34.98 24.45 25.02 20.55 26.60 23.49 27.48 15.28 9.47 22.10 19.25 26.71 4.04 38.98 29.93
28.36 17.86 24.54 34.85 24.42 24.87 20.40 26.66 23.33 27.45 15.38 9.36 22.10 19.02 26.65 4.19 38.86 29.81
21.01 10.34 17.01 28.51 16.99 19.24 14.91 19.36 18.00 19.99 8.80 3.84 14.56 17.03 19.47 4.87 32.34 23.37
7.70 5.87 5.50 16.11 4.13 9.85 8.06 11.91 9.96 7.15 11.77 11.60 5.16 17.00 6.03 18.25 19.50 11.08
3.21 14.12 7.23 12.49 6.83 14.53 16.03 11.45 15.93 3.85 19.47 22.32 10.01 25.59 5.72 28.44 13.68 10.18
24.61 16.43 21.97 29.04 21.17 18.66 14.30 25.99 16.94 24.22 16.59 6.17 20.09 11.54 22.47 9.25 33.20 24.24
9.25 20.34 14.59 3.92 12.91 12.02 15.72 20.34 13.89 11.32 26.26 25.62 17.10 23.94 9.28 33.05 4.78 5.78
27.37 25.43 27.71 25.12 25.82 16.20 14.62 34.06 14.56 28.15 28.48 18.09 27.23 5.37 24.77 24.15 29.14 22.20
4.17 15.72 9.56 8.21 8.11 11.49 13.98 15.22 13.14 6.20 21.52 22.27 12.17 23.21 4.92 29.20 9.90 6.20
10.36 2.13 5.19 21.08 6.37 15.69 13.49 7.60 15.71 8.67 7.11 12.35 2.42 21.50 10.05 16.61 23.99 16.34
17.61 14.71 17.11 19.20 15.40 8.73 4.95 23.27 6.89 18.01 18.37 9.43 16.46 5.44 15.08 17.24 23.43 14.78
18.73 20.37 20.38 15.23 18.19 6.98 7.69 27.37 5.87 19.93 25.05 17.12 20.74 7.23 16.20 24.99 19.29 12.48
12.84 23.61 18.14 2.87 16.35 13.28 17.46 23.99 15.14 14.94 29.56 28.06 20.57 24.72 12.62 35.74 1.47 7.59
11.07 11.15 7.62 22.80 9.86 21.47 20.78 1.88 22.16 9.07 13.58 21.41 7.94 29.76 12.77 24.73 24.30 19.40
8.00 19.22 13.36 4.93 11.74 11.82 15.27 19.05 13.67 10.06 25.12 24.83 15.90 23.80 8.18 32.15 6.04 5.59
17.88 16.40 18.05 18.01 16.15 7.71 5.00 24.54 5.84 18.54 20.41 11.72 17.72 4.60 15.29 19.52 22.24 13.96
19.38 22.83 21.89 13.55 19.60 7.98 10.28 29.01 7.68 20.87 27.87 20.53 22.64 10.54 17.03 28.47 17.32 12.01
17.56 17.65 18.44 16.25 16.38 6.42 5.25 25.22 4.70 18.47 22.08 13.94 18.46 5.64 14.96 21.82 20.46 12.61
9.52 2.81 5.47 19.05 5.40 12.76 10.38 10.25 12.67 8.35 8.75 10.63 3.60 18.53 8.47 16.26 22.29 14.09
5.12 9.12 5.83 12.70 3.54 8.08 8.04 12.97 8.83 5.51 15.08 14.62 7.04 17.60 2.84 21.63 16.01 7.79
10.66 6.87 8.78 17.19 7.43 8.93 5.81 14.77 8.42 10.39 12.01 8.89 7.95 13.94 8.59 16.25 20.96 12.04
2.89 11.29 4.34 14.49 4.51 14.43 15.08 8.84 15.55 1.56 16.51 20.01 7.10 24.64 5.17 25.76 16.22 11.26
11.15 16.47 14.07 8.40 11.75 2.08 6.49 21.21 3.92 12.70 22.16 17.76 15.28 13.81 8.84 25.79 12.63 4.45
12.24 8.92 10.96 17.20 9.42 7.90 4.01 17.06 6.97 12.25 13.59 8.36 10.23 11.66 9.93 16.23 21.17 12.12
10.00 13.81 12.02 10.45 9.73 1.89 4.37 19.15 3.06 11.21 19.44 15.24 12.92 13.10 7.46 23.20 14.58 5.65
12.96 5.65 9.97 20.18 9.23 11.66 7.95 14.81 10.88 12.30 9.69 6.35 8.32 14.44 11.16 13.31 23.93 15.03
11.92 21.41 16.78 1.09 14.71 9.52 13.83 23.30 11.34 14.01 27.37 24.78 18.90 20.79 10.92 32.64 5.27 4.57
3.33 9.03 4.11 13.13 1.85 10.07 10.23 11.21 10.95 3.33 14.94 15.97 6.01 19.77 2.05 22.54 16.00 8.63
26.51 25.99 27.47 22.99 25.43 14.92 14.24 34.13 13.50 27.51 29.61 19.70 27.32 6.39 23.94 26.35 26.88 20.57
5.08 6.89 0.76 16.37 1.61 13.15 12.49 7.90 13.78 3.40 12.41 15.69 2.96 21.75 5.29 21.29 18.95 12.04
15.29 8.12 12.67 21.35 11.77 11.92 7.66 17.49 10.75 14.82 11.10 4.27 11.05 12.31 13.28 12.07 25.29 16.25
2.62 14.02 7.96 9.32 6.42 10.88 12.91 13.93 12.40 4.72 19.84 20.71 10.52 22.32 3.30 27.55 11.42 6.36
4.36 11.69 7.40 10.12 5.14 7.41 8.81 14.44 8.66 5.72 17.67 16.93 9.20 18.30 1.87 24.15 13.38 5.38
24.56 20.46 23.83 25.06 22.25 14.90 11.80 29.60 13.03 24.93 22.86 12.18 22.88 3.53 22.03 18.05 29.28 21.15
11.29 9.31 10.48 15.94 8.76 6.82 3.37 16.90 6.08 11.46 14.33 9.62 10.08 11.97 8.90 17.47 19.91 10.86
19.39 11.20 16.58 24.91 15.83 14.95 10.48 20.77 13.47 18.89 12.38 1.61 14.72 11.72 17.36 9.29 28.96 19.90
12.75 5.51 7.40 24.25 9.37 19.77 17.70 5.04 19.88 10.73 6.69 15.31 5.24 25.55 13.16 17.86 26.76 19.81
17.98 17.36 18.56 17.20 16.57 7.18 5.33 25.22 5.37 18.79 21.58 13.10 18.42 4.80 15.38 20.92 21.42 13.42
28.21 17.74 24.40 34.69 24.27 24.71 20.23 26.55 23.17 27.31 15.30 9.21 21.97 18.87 26.50 4.15 38.70 29.65
14.47 19.87 17.64 8.63 15.32 4.54 8.65 24.78 5.56 16.13 25.43 20.04 18.85 13.48 12.29 28.14 12.69 6.70
15.50 7.06 10.15 26.97 12.07 22.10 19.69 6.74 22.06 13.48 5.61 15.74 7.88 26.98 15.86 16.98 29.51 22.46
15.67 9.71 13.62 20.67 12.46 10.83 6.41 18.89 9.48 15.44 12.92 5.02 12.28 10.53 13.47 13.11 24.72 15.66
19.98 18.58 20.31 19.17 18.39 9.27 7.18 26.81 7.47 20.72 22.40 13.15 19.98 2.72 17.39 20.63 23.38 15.50
14.98 19.69 17.86 9.74 15.55 4.27 8.02 25.02 4.93 16.56 25.14 19.32 18.92 12.37 12.70 27.43 13.81 7.53
8.11 16.88 12.51 5.02 10.35 6.66 10.36 19.30 8.52 10.08 22.85 20.71 14.49 18.63 6.63 28.41 8.82 0.44
2.62 9.15 2.99 13.91 1.57 11.80 12.00 9.75 12.73 1.65 14.85 17.06 5.48 21.52 3.01 23.22 16.41 9.80
9.90 5.96 7.67 17.22 6.45 9.56 6.80 13.61 9.23 9.46 11.36 9.44 6.79 15.10 7.99 16.46 20.86 12.08
12.99 6.78 7.77 24.67 9.89 20.67 18.77 4.04 20.85 10.91 7.70 16.61 5.96 26.77 13.64 18.99 27.01 20.37
20.60 10.55 16.93 27.53 16.69 18.01 13.62 19.88 16.70 19.73 9.90 2.29 14.63 15.39 18.90 5.91 31.43 22.42
24.49 22.29 24.63 23.13 22.78 13.65 11.64 30.93 11.90 25.19 25.45 15.23 24.11 2.22 21.89 21.73 27.26 19.80
11.62 6.84 6.52 23.37 8.73 19.81 18.19 2.98 20.11 9.53 8.80 16.98 5.07 26.51 12.41 19.92 25.62 19.18
6.24 15.04 10.52 6.77 8.36 6.85 9.84 17.33 8.57 8.16 21.01 19.49 12.51 18.72 4.63 27.02 10.23 2.18
22.30 17.11 21.00 24.39 19.60 13.94 10.10 26.42 12.08 22.43 19.29 8.61 19.81 5.35 19.86 14.88 28.63 20.01
27.01 16.40 23.11 33.79 23.04 23.94 19.47 25.16 22.45 26.06 13.89 8.23 20.65 18.77 25.36 2.85 37.76 28.71
20.90 10.86 17.24 27.76 16.99 18.20 13.79 20.18 16.87 20.04 10.14 2.40 14.95 15.36 19.19 5.73 31.68 22.65
17.64 6.66 13.41 25.97 13.55 17.42 13.41 15.76 16.47 16.49 6.04 4.87 10.91 17.64 16.30 8.10 29.62 20.82
3.32 10.58 3.62 15.10 4.08 14.55 14.96 8.17 15.59 1.50 15.73 19.46 6.35 24.49 5.34 25.08 16.93 11.69
8.22 9.04 8.14 13.78 6.12 6.46 5.12 15.03 6.60 8.55 14.74 12.18 8.45 14.58 5.80 19.67 17.53 8.63
5.11 13.57 6.71 15.45 7.29 16.87 17.81 9.03 18.11 4.36 18.36 22.69 9.28 27.39 7.67 28.14 16.48 13.01
9.12 20.66 14.51 5.79 13.08 13.70 17.18 19.73 15.56 11.08 26.49 26.63 17.15 25.67 9.70 33.86 5.45 7.46
14.03 19.81 17.36 7.97 15.04 4.63 8.89 24.49 5.83 15.74 25.43 20.31 18.65 14.08 11.92 28.41 12.05 6.14
15.96 6.28 10.57 27.15 12.27 21.64 18.95 8.19 21.46 14.02 3.89 14.23 8.04 25.83 16.05 15.27 29.88 22.48
11.46 1.58 6.29 22.07 7.44 16.35 13.90 8.04 16.26 9.78 6.01 11.78 3.51 21.56 11.09 15.66 25.03 17.27
17.29 5.52 12.39 26.89 13.14 19.33 15.74 13.18 18.66 15.79 2.47 8.44 9.64 20.98 16.44 9.73 30.25 21.83
21.16 22.12 22.62 17.49 20.47 9.44 9.62 29.52 8.21 22.31 26.49 17.82 22.81 6.15 18.62 25.40 21.48 14.95
15.56 17.71 17.28 13.09 15.06 3.84 5.13 24.31 2.74 16.75 22.72 15.84 17.76 8.77 13.02 23.90 17.28 9.69
14.20 15.41 15.37 13.67 13.23 3.30 2.78 22.30 1.43 15.18 20.37 13.73 15.65 8.75 11.62 21.83 17.90 9.55
12.57 17.26 15.30 9.24 12.98 1.95 6.30 22.45 3.34 14.08 22.82 17.72 16.36 12.69 10.22 25.80 13.47 5.79
24.57 13.75 20.52 31.84 20.55 22.28 17.86 22.46 20.91 23.54 11.26 6.43 18.02 18.44 23.01 1.76 35.73 26.72
22.03 22.57 23.33 18.53 21.21 10.35 10.21 30.17 9.03 23.13 26.78 17.80 23.43 5.57 19.47 25.24 22.51 15.95
3.57 15.02 8.94 8.54 7.42 11.06 13.40 14.77 12.67 5.65 20.84 21.56 11.52 22.70 4.20 28.48 10.46 6.06
22.61 15.10 20.23 26.78 19.29 16.40 12.05 24.67 14.69 22.31 16.01 5.14 18.51 9.90 20.41 10.33 30.95 22.00
20.09 10.95 16.86 26.26 16.34 16.47 12.03 20.49 15.07 19.41 11.29 0.79 14.78 13.39 18.21 7.58 30.25 21.20
8.64 4.69 3.24 20.01 5.13 15.95 14.43 5.66 16.27 6.72 9.23 14.78 1.22 23.05 8.91 19.18 22.59 15.58
10.02 20.98 15.34 3.23 13.61 12.04 15.89 21.16 13.92 12.11 26.91 26.00 17.82 23.88 9.94 33.51 4.03 5.87
7.73 7.33 3.06 19.56 5.38 16.94 16.05 4.10 17.52 5.63 11.45 17.39 3.41 25.05 8.78 21.76 21.71 15.57
22.34 17.35 21.13 24.23 19.69 13.79 10.03 26.62 11.92 22.51 19.62 8.97 19.98 4.96 19.88 15.28 28.47 19.90
8.24 9.94 8.71 13.00 6.58 5.60 4.76 15.70 5.88 8.79 15.65 12.79 9.21 14.32 5.72 20.40 16.81 7.85
15.31 15.74 16.20 14.86 14.11 4.56 3.11 23.03 2.69 16.20 20.46 13.19 16.30 7.49 12.71 21.25 19.10 10.81
17.98 10.27 15.32 23.50 14.48 13.62 9.17 19.81 12.20 17.53 12.12 2.32 13.58 11.42 15.93 10.41 27.53 18.47
11.38 8.56 6.78 23.25 9.10 20.55 19.29 1.09 21.00 9.27 10.64 18.78 6.08 27.89 12.55 21.81 25.21 19.34
24.17 12.88 19.80 32.17 20.07 22.99 18.66 21.08 21.75 22.98 9.58 7.43 17.18 20.17 22.82 1.82 35.95 27.03
16.99 6.39 12.94 25.06 12.93 16.43 12.41 15.73 15.47 15.92 6.68 4.37 10.54 16.79 15.55 8.75 28.75 19.92
17.33 6.87 11.95 28.29 13.51 22.28 19.31 9.87 21.96 15.44 2.72 13.55 9.32 25.67 17.25 13.86 31.15 23.51
13.27 4.10 9.57 21.45 9.29 13.38 9.83 13.59 12.71 12.32 7.78 6.55 7.50 16.19 11.78 12.51 25.05 16.31
17.97 18.80 19.22 15.68 17.09 6.43 6.21 26.10 4.95 19.02 23.36 15.34 19.40 6.23 15.39 23.22 19.85 12.40
7.50 7.93 3.19 19.36 5.48 17.09 16.35 4.05 17.73 5.39 12.04 17.95 3.94 25.42 8.71 22.37 21.41 15.49
3.68 8.58 3.82 13.55 1.51 10.22 10.18 10.95 11.03 3.45 14.49 15.62 5.60 19.69 2.50 22.12 16.45 9.01
9.48 14.66 12.16 8.95 9.84 2.44 5.87 19.31 4.14 10.91 20.41 16.68 13.36 14.31 7.07 24.60 13.08 4.17
25.84 14.49 21.42 33.80 21.73 24.52 20.16 22.50 23.24 24.63 10.88 8.81 18.79 21.16 24.48 1.11 37.59 28.65
4.88 6.90 1.80 15.71 0.81 12.13 11.47 8.91 12.74 3.56 12.63 15.14 3.42 20.76 4.60 21.04 18.45 11.24
26.04 25.19 26.84 22.95 24.84 14.55 13.61 33.44 13.06 26.98 28.73 18.76 26.62 5.46 23.45 25.38 26.90 20.33
21.35 9.58 16.36 30.93 17.22 23.00 19.13 16.18 22.16 19.81 4.49 9.83 13.59 23.10 20.54 7.40 34.33 25.84
8.61 9.97 5.31 20.40 7.46 19.04 18.54 3.04 19.79 6.58 13.45 20.12 6.19 27.69 10.28 24.18 22.05 16.91
5.20 9.86 6.52 11.97 4.20 7.44 7.75 13.67 8.29 5.87 15.82 14.98 7.82 17.33 2.70 22.14 15.35 7.02
5.08 6.72 2.23 15.63 0.93 11.75 11.01 9.29 12.32 3.92 12.53 14.73 3.51 20.28 4.55 20.73 18.47 11.07
6.65 10.34 4.38 18.37 6.17 17.53 17.41 5.08 18.41 4.71 14.55 20.17 6.16 26.76 8.52 24.85 19.99 15.01
4.72 13.15 8.59 8.68 6.40 7.27 9.39 15.49 8.76 6.45 19.12 18.18 10.55 18.70 2.74 25.51 11.93 4.08
14.31 13.87 14.70 15.36 12.71 4.89 1.47 21.39 3.14 15.00 18.55 11.57 14.62 8.16 11.72 19.67 19.58 10.89
4.27 7.77 1.16 15.74 1.49 13.07 12.71 8.11 13.81 2.53 13.26 16.44 3.79 22.08 4.76 22.14 18.21 11.55
1.97 9.91 4.01 12.89 2.28 11.06 11.57 10.74 12.08 2.02 15.69 17.36 6.41 21.14 2.02 23.76 15.44 8.79
3.58 8.20 2.49 14.51 0.58 11.64 11.48 9.56 12.44 2.53 13.95 16.11 4.68 20.94 3.43 22.23 17.17 10.19
14.19 13.03 14.21 15.99 12.31 5.59 1.39 20.78 3.96 14.74 17.60 10.61 13.97 8.36 11.62 18.71 20.19 11.37
19.67 20.01 20.78 17.20 18.69 8.16 7.63 27.59 6.67 20.69 24.32 15.72 20.84 5.02 17.10 23.39 21.32 14.09
10.35 8.55 9.42 15.71 7.71 7.14 4.23 15.87 6.66 10.44 13.79 9.99 9.07 13.03 8.02 17.65 19.58 10.57
20.82 9.34 16.28 29.41 16.68 20.77 16.66 17.53 19.74 19.53 6.23 6.53 13.63 19.84 19.62 5.38 33.04 24.27
27.89 16.88 23.73 35.14 23.84 25.46 21.01 25.24 24.03 26.81 13.71 9.63 21.18 20.66 26.36 2.35 39.06 30.03
6.36 5.85 1.11 17.64 2.77 13.99 12.96 7.08 14.49 4.58 11.18 15.13 1.70 22.00 6.54 20.38 20.24 13.24
23.66 14.21 20.36 29.49 19.90 19.44 14.97 23.61 17.89 22.97 13.49 4.36 18.19 14.27 21.75 5.95 33.54 24.49
12.86 9.74 8.38 24.73 10.70 22.15 20.84 1.57 22.59 10.75 11.02 19.84 7.62 29.34 14.12 22.36 26.58 20.90
22.37 16.34 20.68 25.23 19.43 14.76 10.67 25.78 12.94 22.35 18.10 7.28 19.30 6.98 20.00 13.26 29.46 20.69
27.92 27.18 28.81 24.34 26.79 16.34 15.58 35.43 14.91 28.90 30.65 20.55 28.61 7.32 25.34 26.94 28.20 21.98
9.82 7.58 5.10 21.67 7.41 18.88 17.70 2.27 19.36 7.71 10.60 17.85 4.56 26.44 10.89 21.45 23.75 17.69
17.93 7.09 12.58 28.73 14.04 22.41 19.30 10.79 22.02 16.09 2.10 13.00 9.89 25.36 17.74 12.97 31.67 23.89
19.04 19.14 20.01 17.06 17.93 7.67 6.82 26.78 6.07 19.99 23.44 14.91 20.02 4.88 16.45 22.64 21.22 13.73
7.78 4.78 2.44 19.03 4.12 14.94 13.54 6.45 15.30 5.95 9.83 14.56 0.52 22.30 7.92 19.36 21.67 14.56
15.73 10.92 14.20 19.80 12.82 9.69 5.22 19.85 8.22 15.71 14.43 6.31 13.13 9.17 13.39 14.41 23.91 14.90
15.35 7.95 10.10 27.00 12.17 22.63 20.44 5.77 22.69 13.28 6.95 16.99 8.10 27.99 15.94 18.31 29.37 22.63
17.31 19.38 19.10 13.98 16.88 5.56 6.71 26.12 4.56 18.54 24.25 16.82 19.55 8.10 14.80 24.80 18.10 11.07
22.64 12.40 18.90 29.44 18.71 19.77 15.33 21.57 18.38 21.75 11.04 3.92 16.55 16.10 20.94 4.30 33.38 24.35
21.17 11.42 17.66 27.70 17.32 17.99 13.55 20.81 16.60 20.38 10.93 2.15 15.44 14.69 19.38 6.03 31.66 22.62
22.48 15.62 20.40 26.08 19.32 15.64 11.38 25.15 13.88 22.31 16.93 6.03 18.84 8.59 20.20 11.64 30.28 21.39
10.44 21.15 15.70 2.38 13.89 11.57 15.53 21.68 13.45 12.55 27.11 25.85 18.12 23.33 10.16 33.44 3.83 5.51
8.92 6.05 3.74 20.62 5.97 17.23 15.92 4.09 17.64 6.86 9.87 16.26 2.74 24.63 9.63 20.30 22.95 16.41
22.35 21.16 22.88 20.55 20.92 11.22 9.68 29.41 9.54 23.17 24.83 15.21 22.59 2.30 19.75 22.32 24.67 17.31
13.42 5.45 8.05 24.84 9.94 20.10 17.87 5.72 20.14 11.42 5.99 14.97 5.75 25.52 13.74 17.23 27.41 20.34
11.44 4.94 8.48 19.10 7.69 11.14 7.87 13.63 10.59 10.76 9.81 7.88 6.98 15.26 9.71 14.63 22.74 13.96
12.92 5.80 10.02 20.05 9.23 11.49 7.77 14.93 10.70 12.30 9.87 6.38 8.40 14.28 11.10 13.42 23.81 14.91
3.86 12.17 5.24 15.00 5.70 15.56 16.31 8.66 16.72 2.79 17.17 21.13 7.90 25.88 6.30 26.70 16.43 12.10
17.48 5.72 12.51 27.25 13.35 19.81 16.26 12.98 19.16 15.94 1.95 8.97 9.75 21.55 16.71 9.91 30.56 22.21
12.39 6.40 9.88 19.11 8.87 10.47 6.79 15.21 9.70 11.92 10.81 6.99 8.53 13.72 10.44 14.29 22.91 13.97
8.00 11.62 6.04 19.47 7.86 19.14 19.10 4.75 20.06 6.19 15.37 21.62 7.58 28.44 10.05 25.99 20.81 16.38
4.80 13.77 6.86 14.93 7.27 16.54 17.59 9.52 17.81 4.26 18.67 22.74 9.49 27.18 7.38 28.32 15.95 12.55
7.62 17.60 12.56 4.35 10.57 8.63 12.20 19.00 10.48 9.72 23.57 22.21 14.79 20.60 6.77 29.76 7.50 2.40
11.11 7.48 9.43 17.15 8.01 8.56 5.22 15.46 7.93 10.93 12.47 8.68 8.64 13.25 8.95 16.22 20.99 12.01
13.98 3.24 9.73 22.84 9.87 15.10 11.62 12.77 14.48 12.79 5.98 7.04 7.31 17.79 12.76 11.80 26.33 17.73
18.48 15.86 18.16 19.44 16.40 9.02 5.65 24.39 7.14 18.96 19.48 10.30 17.57 4.32 15.92 17.96 23.67 15.20
26.70 16.77 23.19 32.66 22.87 22.56 18.09 25.93 20.97 25.93 15.12 7.43 20.90 16.51 24.86 5.07 36.72 27.67
21.40 10.00 16.93 29.83 17.28 21.04 16.87 18.25 19.96 20.15 6.93 6.40 14.29 19.70 20.15 4.67 33.50 24.68
21.85 14.12 19.34 26.38 18.46 16.07 11.66 23.70 14.41 21.49 15.04 4.16 17.58 10.36 19.69 9.81 30.52 21.53
22.63 11.77 18.54 30.16 18.59 20.81 16.45 20.56 19.53 21.57 9.54 5.15 16.04 17.96 21.12 3.20 34.00 25.03
7.56 11.43 5.69 19.06 7.46 18.71 18.69 4.97 19.63 5.75 15.34 21.37 7.34 28.06 9.61 25.86 20.44 15.94
17.43 14.66 16.98 18.97 15.25 8.50 4.74 23.18 6.66 17.85 18.39 9.55 16.36 5.53 14.89 17.40 23.20 14.56
18.07 15.93 17.95 18.75 16.13 8.36 5.18 24.29 6.48 18.62 19.75 10.82 17.47 4.51 15.50 18.57 22.98 14.56
19.02 12.19 16.82 23.50 15.76 13.28 8.82 21.66 11.68 18.77 14.19 3.85 15.27 9.49 16.81 11.45 27.62 18.61
9.75 20.30 14.95 2.45 13.10 10.75 14.66 21.05 12.63 11.86 26.26 24.94 17.32 22.57 9.34 32.54 4.72 4.63
4.02 8.83 4.57 13.10 2.24 9.42 9.44 11.71 10.24 4.12 14.79 15.34 6.16 18.98 2.27 22.04 16.14 8.43
23.94 19.64 23.10 24.78 21.55 14.52 11.25 28.81 12.64 24.27 22.02 11.36 22.11 3.65 21.42 17.33 29.01 20.75
24.66 14.34 20.91 31.30 20.73 21.48 17.01 23.39 20.02 23.77 12.52 5.74 18.53 16.86 22.94 3.38 35.27 26.22
13.70 22.88 18.48 2.38 16.37 10.06 14.50 25.07 11.78 15.78 28.82 25.69 20.53 20.73 12.60 33.64 5.57 6.01
15.54 16.14 16.52 14.77 14.42 4.57 3.49 23.38 2.75 16.46 20.87 13.56 16.67 7.42 12.94 21.61 19.00 10.82
12.52 20.54 16.79 4.09 14.56 7.04 11.50 23.67 8.76 14.49 26.42 22.76 18.58 17.87 10.94 30.76 8.18 4.16
21.77 20.46 22.22 20.28 20.28 10.76 9.05 28.73 9.04 22.56 24.13 14.56 21.90 1.98 19.18 21.75 24.43 16.90
16.97 13.33 16.09 19.49 14.49 9.06 4.84 22.06 7.32 17.22 16.90 8.09 15.27 6.74 14.49 16.03 23.70 14.87
3.56 14.49 8.74 8.32 7.01 10.01 12.33 14.93 11.60 5.67 20.38 20.67 11.20 21.62 3.48 27.70 10.66 5.25
7.70 9.20 4.18 19.54 6.34 17.93 17.41 3.71 18.66 5.62 13.08 19.25 5.24 26.58 9.24 23.58 21.35 15.92
13.56 21.87 17.99 3.78 15.78 8.28 12.75 24.81 9.93 15.57 27.75 24.05 19.84 18.72 12.11 32.07 7.52 5.32
20.80 15.66 19.45 23.26 18.06 12.78 8.77 24.92 10.96 20.90 18.08 7.63 18.28 5.76 18.37 14.49 27.49 18.76
9.24 7.42 7.94 15.72 6.31 8.02 5.63 14.39 7.81 9.14 12.94 10.46 7.60 14.52 7.07 17.79 19.44 10.58
24.98 25.96 26.56 20.24 24.41 13.22 13.55 33.47 12.11 26.19 30.13 20.91 26.76 7.98 22.46 28.10 23.98 18.34
9.55 3.40 5.90 18.65 5.51 12.05 9.58 11.02 11.90 8.54 9.23 10.21 4.29 17.74 8.29 16.17 21.99 13.63
15.19 7.13 9.86 26.72 11.83 22.02 19.70 6.26 22.02 13.15 6.04 16.03 7.67 27.12 15.62 17.42 29.20 22.25
27.21 15.92 22.84 34.98 23.11 25.56 21.16 23.92 24.23 26.02 12.28 9.75 20.21 21.60 25.81 1.64 38.81 29.85
19.35 17.27 19.33 19.45 17.50 9.23 6.45 25.68 7.36 19.95 20.94 11.65 18.85 3.15 16.77 19.18 23.68 15.48
1.24 12.98 6.45 11.32 5.38 12.31 13.79 11.97 13.68 2.98 18.62 20.52 9.16 23.34 3.50 26.97 13.17 8.32
9.02 20.07 14.35 3.91 12.66 11.76 15.44 20.15 13.63 11.10 25.99 25.33 16.85 23.69 9.01 32.76 5.01 5.52
20.71 23.46 22.95 15.22 20.69 9.10 10.79 30.03 8.50 22.12 28.28 20.40 23.55 9.52 18.30 28.21 18.98 13.55
3.84 14.35 7.41 13.10 7.23 15.28 16.72 11.13 16.66 4.18 19.57 22.77 10.17 26.28 6.40 28.75 14.14 10.92
14.75 10.95 13.59 18.50 12.06 8.41 3.94 19.55 6.97 14.86 14.93 7.51 12.75 9.20 12.35 15.62 22.62 13.61
25.85 21.00 24.81 26.79 23.34 16.54 13.23 30.32 14.66 26.11 22.95 12.09 23.69 5.34 23.34 17.24 31.01 22.78
26.50 24.97 27.00 24.01 25.07 15.22 13.84 33.45 13.62 27.34 28.24 18.02 26.63 4.93 23.90 24.37 28.01 21.16
6.58 8.60 2.92 18.46 5.03 16.62 16.15 4.82 17.36 4.48 12.98 18.44 4.41 25.37 7.98 23.13 20.42 14.71
24.58 18.55 22.96 26.94 21.70 16.48 12.60 28.02 14.62 24.60 20.03 9.13 21.57 7.06 22.18 14.09 31.17 22.54
5.52 13.07 8.97 8.76 6.71 6.37 8.51 15.99 7.83 7.12 19.03 17.60 10.75 17.79 3.29 25.04 12.24 3.86
12.13 6.92 9.93 18.52 8.77 9.78 6.12 15.50 9.01 11.77 11.48 7.39 8.76 13.30 10.09 14.86 22.35 13.38
23.40 17.44 21.77 25.95 20.51 15.47 11.51 26.89 13.63 23.41 19.10 8.23 20.41 6.78 21.01 13.75 30.18 21.49
19.61 7.84 14.69 29.11 15.46 21.25 17.46 14.99 20.46 18.10 3.37 8.76 11.93 21.87 18.74 8.02 32.52 24.03
5.93 16.38 11.00 5.95 9.11 9.23 12.31 17.31 10.99 8.03 22.32 21.68 13.34 21.16 5.37 29.03 8.59 3.46
19.23 9.85 15.85 25.80 15.42 16.21 11.82 19.37 14.90 18.48 10.25 0.69 13.72 13.99 17.42 7.70 29.73 20.70
26.61 16.66 23.09 32.61 22.78 22.52 18.06 25.81 20.95 25.84 14.99 7.36 20.79 16.54 24.78 4.95 36.67 27.61
13.83 18.20 16.48 9.85 14.17 2.78 6.66 23.63 3.57 15.32 23.65 18.04 17.47 12.01 11.47 26.15 14.04 6.86
9.97 7.26 8.44 16.36 6.92 8.31 5.51 14.70 7.93 9.81 12.61 9.71 7.87 14.09 7.82 17.09 20.12 11.21
23.21 23.55 24.46 19.59 22.35 11.54 11.30 31.27 10.21 24.30 27.62 18.39 24.51 5.64 20.65 25.65 23.53 17.11
15.80 9.21 13.48 21.22 12.44 11.50 7.11 18.51 10.20 15.46 12.19 4.37 12.00 11.19 13.67 12.42 25.23 16.17
16.70 5.25 12.17 25.66 12.56 17.65 13.89 14.06 16.87 15.40 4.46 6.55 9.55 18.93 15.57 9.33 29.17 20.55
5.44 12.57 5.86 16.42 6.81 17.11 17.72 7.73 18.24 4.18 17.19 21.94 8.28 27.26 7.85 27.15 17.64 13.66
10.57 2.06 6.38 20.00 6.44 13.36 10.69 10.57 13.14 9.36 7.85 9.83 4.23 18.43 9.50 15.24 23.29 15.00
19.53 22.52 21.83 14.18 19.56 7.96 9.89 28.94 7.45 20.95 27.45 19.89 22.49 9.69 17.13 27.79 18.01 12.38
12.39 8.62 10.91 17.58 9.45 8.32 4.41 16.90 7.39 12.33 13.21 7.99 10.09 11.81 10.12 15.83 21.54 12.49
13.08 16.91 15.43 10.40 13.13 1.55 5.39 22.56 2.32 14.46 22.33 16.80 16.30 11.56 10.64 24.90 14.63 6.79
2.93 11.63 4.68 14.38 4.83 14.57 15.30 9.01 15.72 1.83 16.83 20.34 7.43 24.87 5.31 26.10 16.03 11.26
13.72 5.59 8.35 25.14 10.23 20.34 18.07 5.91 20.36 11.73 5.81 14.97 6.04 25.65 14.03 17.09 27.72 20.62
18.80 20.18 20.34 15.56 18.17 7.08 7.53 27.29 5.87 19.96 24.80 16.76 20.64 6.80 16.26 24.60 19.64 12.71
8.95 7.92 8.01 15.15 6.24 7.50 5.36 14.61 7.37 8.97 13.50 10.94 7.86 14.45 6.70 18.34 18.88 10.00
25.10 14.21 21.01 32.41 21.06 22.84 18.42 22.83 21.48 24.05 11.53 7.00 18.49 18.89 23.56 1.28 36.30 27.29
18.20 6.57 13.06 28.33 14.12 21.19 17.72 12.66 20.60 16.55 0.96 10.42 10.27 23.10 17.62 10.46 31.54 23.34
11.22 10.30 10.94 15.06 9.07 5.72 2.45 17.56 4.99 11.59 15.41 10.51 10.79 11.58 8.73 18.44 19.09 10.03
8.45 8.08 4.10 20.32 6.41 18.01 17.15 3.08 18.61 6.34 11.73 18.24 4.39 26.13 9.69 22.33 22.32 16.46
26.17 24.39 26.55 23.99 24.65 15.00 13.43 32.94 13.35 26.96 27.59 17.33 26.11 4.32 23.57 23.65 28.04 21.01
21.06 20.89 21.99 18.61 19.94 9.61 8.78 28.73 8.07 22.02 24.97 15.91 21.94 4.05 18.47 23.36 22.71 15.56
22.92 15.96 20.81 26.51 19.75 16.07 11.82 25.50 14.30 22.74 17.15 6.25 19.22 8.77 20.64 11.54 30.71 21.84
5.26 16.39 10.57 6.79 8.90 10.55 13.42 16.53 12.28 7.36 22.28 22.33 13.07 22.43 5.36 29.49 8.80 4.90
14.02 15.37 15.24 13.45 13.08 3.07 2.79 22.19 1.20 15.01 20.38 13.85 15.56 8.97 11.43 21.96 17.68 9.32
0.62 12.30 6.00 11.28 4.67 11.53 12.88 11.97 12.85 2.72 18.02 19.63 8.63 22.44 2.57 26.16 13.41 7.89
18.30 15.76 18.01 19.26 16.25 8.84 5.47 24.26 6.97 18.79 19.44 10.33 17.44 4.46 15.75 18.03 23.50 15.02
12.33 15.41 14.24 11.20 11.98 0.77 3.94 21.34 1.12 13.55 20.79 15.36 14.95 11.21 9.80 23.45 15.43 7.03
21.11 19.46 21.37 20.16 19.48 10.36 8.28 27.81 8.58 21.83 23.09 13.53 20.99 1.70 18.51 20.79 24.34 16.57
21.86 10.59 17.49 30.02 17.75 21.05 16.81 19.01 19.91 20.66 7.76 6.01 14.89 19.23 20.53 4.00 33.75 24.87
9.90 17.25 13.73 5.83 11.45 4.74 8.90 20.74 6.62 11.73 23.13 19.84 15.39 16.55 7.99 27.75 10.02 1.92
2.12 11.77 6.27 10.63 4.35 9.64 10.98 12.93 10.93 3.78 17.67 18.27 8.57 20.52 0.84 25.11 13.30 6.58
11.66 20.88 16.41 1.76 14.30 8.80 13.12 23.02 10.62 13.74 26.84 24.10 18.48 20.10 10.53 31.98 5.97 4.01
19.41 11.39 16.67 24.78 15.88 14.77 10.30 20.96 13.27 18.94 12.66 1.92 14.86 11.40 17.35 9.55 28.84 19.79
9.81 3.07 4.52 20.81 5.95 15.90 13.93 6.75 16.02 8.03 7.75 13.27 1.77 22.17 9.72 17.52 23.59 16.17
21.46 22.22 22.83 17.91 20.70 9.76 9.77 29.71 8.48 22.58 26.51 17.71 22.98 5.83 18.91 25.24 21.90 15.33
14.22 17.05 16.17 11.85 13.91 2.46 4.83 23.25 1.87 15.47 22.27 16.04 16.81 10.06 11.71 24.14 16.07 8.28
4.57 16.34 9.79 9.38 8.72 13.32 15.69 14.72 14.95 6.28 21.99 23.52 12.52 24.99 6.10 30.20 10.37 7.98
20.73 18.09 20.52 20.87 18.75 10.69 7.84 26.73 8.82 21.27 21.44 11.67 19.92 1.99 18.15 18.87 25.10 16.94
22.86 24.15 24.52 18.33 22.34 11.10 11.61 31.47 10.03 24.09 28.51 19.69 24.79 7.39 20.35 27.15 22.15 16.26
8.57 9.50 4.99 20.40 7.20 18.80 18.21 2.90 19.51 6.50 13.00 19.66 5.75 27.32 10.14 23.71 22.14 16.81
21.79 10.33 17.28 30.25 17.66 21.47 17.29 18.47 20.38 20.52 7.06 6.75 14.62 20.03 20.55 4.42 33.92 25.10
25.85 16.42 22.60 31.36 22.12 21.16 16.71 25.77 19.53 25.19 15.38 6.57 20.42 14.84 23.91 6.30 35.45 26.41
16.33 7.00 12.84 23.57 12.45 14.55 10.41 16.57 13.49 15.51 8.63 3.30 10.74 14.72 14.63 9.82 27.38 18.43
3.86 14.78 9.05 8.01 7.31 9.97 12.40 15.23 11.59 5.97 20.67 20.87 11.50 21.64 3.75 27.94 10.35 5.06
12.24 23.13 17.56 3.00 15.81 13.22 17.32 23.35 15.09 14.33 29.08 27.79 20.03 24.79 12.11 35.42 1.84 7.37
4.28 13.47 6.54 14.57 6.83 16.02 17.08 9.61 17.29 3.80 18.47 22.34 9.21 26.66 6.86 28.00 15.69 12.09
19.14 7.69 13.90 29.50 15.11 22.51 19.09 12.82 21.95 17.41 1.72 11.61 11.14 24.41 18.69 10.85 32.63 24.54
5.40 16.74 10.77 6.93 9.19 11.17 14.04 16.53 12.91 7.47 22.60 22.86 13.33 23.05 5.76 29.97 8.63 5.45
9.12 4.85 6.31 17.47 5.35 10.58 8.18 12.11 10.44 8.42 10.58 10.22 5.28 16.61 7.52 16.76 20.93 12.40
15.57 5.22 10.20 26.50 11.73 20.63 17.82 8.77 20.39 13.71 2.96 12.96 7.54 24.57 15.46 14.32 29.37 21.74
22.57 17.86 21.50 24.14 20.02 13.73 10.11 27.08 11.86 22.79 20.22 9.60 20.41 4.39 20.09 15.90 28.38 19.89
21.31 21.40 22.38 18.51 20.30 9.77 9.19 29.15 8.30 22.32 25.53 16.51 22.38 4.54 18.73 23.97 22.58 15.61
13.06 14.19 14.08 13.45 11.95 2.99 1.77 21.00 1.35 13.97 19.25 13.13 14.35 9.61 10.47 21.23 17.67 9.02
24.00 21.06 23.78 23.49 22.03 13.62 11.10 29.89 11.80 24.56 23.99 13.63 23.10 1.65 21.42 20.02 27.67 19.86
6.37 6.08 3.98 15.75 2.57 10.57 9.33 10.69 10.92 5.63 12.05 13.02 4.18 18.47 5.07 19.38 18.91 10.89
14.52 17.11 16.38 12.21 14.13 2.78 4.76 23.44 1.94 15.74 22.27 15.87 16.97 9.68 12.00 23.97 16.43 8.66
17.75 16.55 18.04 17.66 16.11 7.41 4.90 24.59 5.54 18.45 20.65 12.08 17.77 4.76 15.15 19.90 21.89 13.66
13.97 17.12 16.05 11.40 13.78 2.22 5.07 23.16 2.02 15.27 22.40 16.35 16.77 10.50 11.48 24.46 15.62 7.87
4.23 10.40 3.55 15.99 4.51 15.35 15.60 7.30 16.34 2.35 15.34 19.60 6.12 25.09 6.20 24.97 17.76 12.60
13.58 18.94 16.69 8.46 14.36 3.68 7.94 23.83 4.89 15.22 24.53 19.36 17.89 13.44 11.37 27.46 12.61 6.00
9.14 2.85 4.12 19.81 5.11 14.63 12.67 7.77 14.75 7.53 8.32 12.63 1.47 21.01 8.78 17.42 22.72 15.08
7.38 6.46 5.63 15.53 4.05 9.33 7.73 12.24 9.50 6.99 12.36 11.93 5.56 16.82 5.58 18.71 18.95 10.50
19.54 21.49 21.37 15.37 19.16 7.78 8.81 28.39 6.84 20.80 26.19 18.21 21.80 7.76 17.04 26.03 19.34 12.97
22.90 11.60 18.51 31.03 18.79 21.97 17.70 19.88 20.79 21.70 8.47 6.68 15.89 19.73 21.57 3.03 34.77 25.88
27.62 17.17 23.82 34.12 23.68 24.17 19.69 26.01 22.64 26.72 14.80 8.63 21.40 18.52 25.90 3.80 38.13 29.08
26.55 24.32 26.73 24.76 24.88 15.55 13.73 33.02 13.86 27.27 27.32 16.91 26.20 4.31 23.95 23.00 28.83 21.64
9.31 4.44 6.25 17.84 5.45 10.99 8.53 11.86 10.83 8.52 10.17 10.11 5.06 16.85 7.79 16.50 21.28 12.78
13.55 8.39 11.61 19.02 10.36 9.62 5.48 17.19 8.55 13.33 12.44 6.55 10.46 11.70 11.37 14.42 22.98 13.93
25.24 15.49 21.81 31.18 21.44 21.10 16.64 24.76 19.54 24.50 14.22 5.96 19.57 15.47 23.38 5.19 35.23 26.18
12.10 8.09 7.25 23.94 9.53 20.81 19.33 2.03 21.18 9.99 9.70 18.21 6.14 27.74 13.11 20.94 26.02 19.91
25.42 21.97 25.02 25.08 23.33 15.19 12.54 30.98 13.36 25.92 24.57 13.97 24.21 3.24 22.85 19.85 29.26 21.44
6.60 12.59 6.20 17.65 7.50 18.17 18.59 6.81 19.25 5.15 16.88 22.25 8.35 28.09 8.92 27.14 18.81 14.87
16.86 22.66 20.32 9.11 18.00 7.29 11.19 27.44 8.10 18.63 28.20 22.46 21.61 14.54 14.82 30.56 12.72 8.70
16.80 22.23 20.09 9.59 17.77 6.82 10.58 27.23 7.50 18.52 27.71 21.79 21.30 13.79 14.69 29.89 13.30 8.78
10.62 22.04 16.01 5.01 14.50 14.05 17.79 21.34 15.93 12.62 27.91 27.63 18.62 25.93 11.01 35.00 3.87 7.83
13.92 25.06 19.30 4.89 17.65 15.29 19.43 24.79 17.15 15.97 30.99 29.91 21.83 26.74 14.01 37.52 0.89 9.49
14.97 21.95 18.87 6.51 16.58 7.15 11.51 25.90 8.47 16.86 27.68 22.93 20.43 16.39 13.16 31.02 10.21 6.61
18.74 17.02 18.86 18.73 16.98 8.50 5.85 25.29 6.64 19.38 20.88 11.86 18.46 3.74 16.15 19.52 22.96 14.76
13.60 7.94 8.53 25.38 10.73 21.70 19.89 3.63 21.93 11.50 8.46 17.71 6.95 27.94 14.42 19.83 27.58 21.19
16.91 21.52 19.84 10.72 17.52 6.15 9.49 26.99 6.49 18.52 26.87 20.55 20.86 12.28 14.66 28.62 14.57 9.23
21.56 22.35 22.95 17.94 20.81 9.85 9.90 29.83 8.59 22.69 26.66 17.85 23.11 5.93 19.01 25.37 21.92 15.39
11.99 3.12 6.64 23.03 8.18 17.78 15.46 6.82 17.76 10.15 5.81 13.09 3.98 23.17 11.95 16.32 25.82 18.36
12.81 9.21 8.17 24.68 10.48 21.86 20.45 1.79 22.27 10.70 10.45 19.28 7.25 28.89 13.97 21.78 26.62 20.77
9.23 2.68 4.27 19.80 5.16 14.50 12.49 8.00 14.59 7.65 8.25 12.40 1.68 20.79 8.80 17.24 22.75 15.05
18.65 16.78 18.69 18.83 16.83 8.55 5.75 25.09 6.68 19.26 20.59 11.56 18.26 3.84 16.07 19.22 23.06 14.80
19.90 15.16 18.70 22.29 17.24 11.81 7.80 24.30 9.99 20.06 17.87 7.72 17.62 5.61 17.46 14.93 26.51 17.78
3.70 10.01 5.59 11.89 3.30 8.70 9.26 12.68 9.69 4.41 15.97 16.08 7.35 18.84 1.35 22.98 14.96 7.24
10.95 21.13 16.04 1.03 14.10 10.50 14.63 22.30 12.37 13.06 27.10 25.24 18.33 22.10 10.31 32.97 4.31 4.76
3.49 8.99 2.10 15.28 2.42 13.53 13.55 8.12 14.42 1.45 14.36 17.72 4.88 23.01 4.67 23.42 17.51 11.40
21.53 13.58 18.91 26.33 18.07 16.09 11.65 23.15 14.46 21.12 14.41 3.54 17.09 10.84 19.41 9.36 30.45 21.44
11.94 2.11 7.76 21.06 7.82 13.88 10.82 11.50 13.47 10.76 7.05 8.56 5.49 17.97 10.77 13.84 24.45 16.00
21.13 13.30 18.56 25.92 17.70 15.68 11.24 22.88 14.06 20.74 14.30 3.39 16.77 10.65 19.00 9.61 30.04 21.02
11.63 1.10 6.56 22.08 7.57 16.14 13.59 8.53 16.00 10.01 5.85 11.29 3.79 21.14 11.16 15.25 25.11 17.24
10.44 13.69 12.22 11.01 9.96 1.77 3.77 19.33 2.57 11.57 19.24 14.74 12.99 12.52 7.88 22.73 15.16 6.26
12.21 17.42 15.16 8.52 12.84 2.39 6.84 22.31 3.97 13.78 23.05 18.24 16.34 13.41 9.93 26.31 12.75 5.14
15.20 17.39 16.91 12.92 14.70 3.50 4.84 23.95 2.38 16.39 22.43 15.67 17.41 8.95 12.67 23.75 17.13 9.42
21.95 14.29 19.48 26.39 18.57 16.07 11.67 23.86 14.39 21.61 15.24 4.35 17.73 10.21 19.77 9.96 30.54 21.55
27.04 24.57 27.13 25.39 25.31 16.13 14.19 33.35 14.42 27.73 27.44 16.94 26.54 4.68 24.45 22.85 29.47 22.24
7.15 16.67 11.86 5.16 9.79 7.75 11.19 18.47 9.58 9.19 22.65 21.14 14.00 19.73 6.00 28.71 8.53 1.73
15.81 19.03 18.04 11.95 15.77 4.16 6.67 25.16 3.84 17.18 24.20 17.59 18.76 10.04 13.37 25.67 16.07 9.14
19.38 7.84 14.78 28.23 15.24 19.87 15.89 16.06 18.94 18.06 4.98 6.62 12.11 19.80 18.25 6.90 31.79 23.09
11.84 4.55 6.46 23.23 8.32 18.61 16.56 5.36 18.72 9.87 6.75 14.59 4.14 24.50 12.12 17.63 25.82 18.72
13.78 7.17 8.56 25.46 10.67 21.35 19.36 4.50 21.50 11.70 7.45 16.78 6.69 27.23 14.42 18.81 27.80 21.14
5.54 8.22 1.79 17.39 3.76 15.34 14.93 6.01 16.09 3.43 13.06 17.73 3.92 24.21 6.75 22.80 19.51 13.51
11.28 1.63 6.96 20.70 7.14 13.89 11.06 10.73 13.60 10.03 7.19 9.39 4.66 18.52 10.23 14.57 24.01 15.69
10.10 12.55 11.40 11.89 9.19 2.87 3.22 18.46 3.14 11.04 18.07 13.73 12.01 12.50 7.50 21.68 15.98 6.97
3.01 13.55 7.95 8.98 6.12 9.59 11.63 14.35 11.09 5.07 19.45 19.72 10.33 21.01 2.52 26.73 11.52 5.41
8.34 4.05 4.77 17.77 4.28 11.78 9.76 10.39 11.83 7.31 10.02 11.40 3.56 18.33 7.19 17.39 21.00 12.83
6.03 7.36 5.00 14.46 3.04 9.16 8.25 11.97 9.61 5.79 13.32 13.30 5.61 17.60 4.22 20.06 17.76 9.53
14.19 24.36 19.33 2.56 17.39 12.65 17.02 25.51 14.44 16.31 30.33 28.00 21.62 23.59 13.60 35.85 2.82 7.69
15.82 5.83 10.44 26.90 12.06 21.23 18.48 8.46 21.02 13.91 3.44 13.68 7.85 25.29 15.83 14.82 29.70 22.19
3.53 9.84 5.29 12.10 3.01 8.99 9.48 12.38 9.97 4.14 15.80 16.10 7.09 19.07 1.34 22.94 15.13 7.50
4.48 14.26 9.13 7.79 7.12 8.37 10.84 15.74 9.98 6.48 20.22 19.69 11.35 20.04 3.33 26.95 10.71 3.91
11.31 21.16 16.29 0.65 14.28 9.95 14.16 22.68 11.80 13.41 27.13 24.94 18.50 21.43 10.49 32.72 4.76 4.51
5.78 6.38 3.39 15.55 1.89 10.86 9.85 10.26 11.31 4.95 12.32 13.69 3.97 19.07 4.68 19.94 18.60 10.79
14.05 8.55 12.02 19.49 10.82 10.00 5.78 17.48 8.87 13.80 12.38 6.07 10.79 11.53 11.88 13.98 23.46 14.41
11.72 8.86 10.56 16.71 8.96 7.56 3.89 16.78 6.74 11.76 13.72 8.87 9.95 11.97 9.39 16.69 20.66 11.62
18.33 16.48 18.36 18.62 16.51 8.31 5.43 24.77 6.43 18.94 20.34 11.41 17.94 4.16 15.75 19.12 22.86 14.55
24.13 22.01 24.29 22.79 22.44 13.29 11.29 30.61 11.54 24.84 25.22 15.06 23.79 1.93 21.54 21.65 26.93 19.45
8.36 9.58 4.90 20.18 7.07 18.67 18.12 3.13 19.40 6.31 13.17 19.72 5.77 27.26 9.96 23.84 21.91 16.62
9.14 18.29 13.77 3.61 11.65 7.50 11.47 20.45 9.38 11.18 24.25 22.03 15.82 19.35 7.89 29.78 7.52 1.55
6.82 6.08 1.46 18.35 3.63 15.01 13.99 6.05 15.52 4.87 11.04 15.75 1.79 22.99 7.32 20.67 20.82 14.08
6.10 14.57 10.18 7.25 7.99 6.57 9.41 17.06 8.25 7.95 20.54 18.98 12.12 18.37 4.32 26.51 10.74 2.49
8.30 16.58 12.48 5.50 10.26 5.94 9.66 19.36 7.80 10.22 22.53 20.12 14.34 17.91 6.62 27.87 9.43 0.37
24.48 20.40 23.76 24.97 22.17 14.80 11.71 29.53 12.93 24.85 22.82 12.16 22.81 3.44 21.94 18.06 29.19 21.05
12.27 11.73 8.72 23.99 10.98 22.60 21.80 2.16 23.25 10.26 13.65 21.98 8.81 30.70 13.96 24.93 25.45 20.59
7.73 8.18 7.20 14.25 5.25 7.42 6.04 14.04 7.60 7.85 13.96 12.12 7.44 15.39 5.46 19.40 17.89 9.13
24.76 20.84 24.12 25.03 22.50 14.93 11.95 29.94 13.07 25.16 23.30 12.65 23.21 3.33 22.21 18.53 29.24 21.18
17.94 6.17 13.04 27.52 13.80 19.86 16.21 13.68 19.15 16.45 2.56 8.46 10.29 21.20 17.09 9.21 30.89 22.45
16.32 17.15 17.47 14.87 15.35 5.02 4.50 24.36 3.35 17.32 21.85 14.32 17.66 7.05 13.74 22.33 19.09 11.19
23.85 25.06 25.51 19.14 23.33 12.09 12.56 32.44 11.02 25.08 29.35 20.36 25.75 7.74 21.34 27.71 22.91 17.19
1.87 13.59 7.01 11.07 6.00 12.61 14.25 12.33 14.03 3.52 19.21 21.14 9.74 23.77 4.02 27.60 12.74 8.34
24.12 13.83 20.38 30.79 20.19 21.00 16.54 22.91 19.56 23.23 12.13 5.23 18.01 16.62 22.40 3.56 34.76 25.71
9.70 8.07 5.17 21.57 7.50 19.03 17.97 2.01 19.56 7.58 11.10 18.33 4.90 26.78 10.88 21.97 23.56 17.67
24.74 18.94 23.23 26.84 21.93 16.40 12.61 28.39 14.54 24.81 20.53 9.63 21.90 6.65 22.32 14.65 31.08 22.51
24.33 14.11 20.63 30.89 20.42 21.06 16.59 23.22 19.59 23.46 12.46 5.34 18.28 16.47 22.59 3.73 34.87 25.82
2.35 12.89 7.21 9.72 5.41 9.84 11.60 13.64 11.26 4.36 18.77 19.31 9.61 21.06 1.94 26.22 12.24 6.04
16.47 5.02 11.26 26.82 12.42 20.10 16.89 10.95 19.65 14.77 1.00 10.83 8.49 22.94 15.99 12.00 29.94 21.89
19.78 14.44 18.29 22.73 16.94 12.28 8.08 23.70 10.50 19.82 16.94 6.67 17.08 6.64 17.38 13.91 26.94 18.11
18.68 14.02 17.44 21.42 15.99 10.96 6.78 23.09 9.19 18.81 16.96 7.20 16.39 6.38 16.25 14.80 25.63 16.80
10.72 12.08 11.55 12.96 9.42 3.51 2.26 18.50 3.17 11.50 17.44 12.69 11.91 11.76 8.13 20.67 17.06 8.05
4.45 12.45 5.57 15.44 6.20 16.16 16.89 8.43 17.32 3.36 17.32 21.56 8.17 26.46 6.90 27.02 16.75 12.64
20.66 12.44 17.88 25.91 17.12 15.80 11.33 22.01 14.25 20.18 13.28 2.38 16.01 11.50 18.61 8.93 29.99 20.94
8.83 19.99 14.18 4.32 12.54 12.03 15.64 19.89 13.90 10.90 25.90 25.41 16.71 23.98 8.94 32.80 5.20 5.78
6.91 18.38 12.30 6.22 10.80 12.17 15.33 17.81 13.97 8.93 24.22 24.44 14.91 24.14 7.41 31.60 7.23 6.10
6.75 5.18 3.22 16.78 2.62 11.80 10.41 9.56 12.12 5.62 11.11 13.09 2.95 19.38 5.87 19.03 19.81 12.00
27.77 16.61 23.50 35.28 23.69 25.71 21.28 24.78 24.33 26.64 13.18 9.86 20.91 21.27 26.31 2.04 39.16 30.16
4.93 7.84 4.30 14.01 2.11 9.62 9.14 11.42 10.25 4.68 13.81 14.38 5.45 18.59 3.32 21.01 17.13 9.23
9.37 19.79 14.52 2.61 12.63 10.25 14.12 20.71 12.13 11.48 25.76 24.38 16.86 22.10 8.86 31.98 5.26 4.09
6.17 17.77 11.56 7.11 10.16 12.43 15.37 16.93 14.19 8.14 23.57 24.15 14.20 24.34 6.92 31.19 8.11 6.53
24.46 21.69 24.34 23.68 22.57 13.94 11.57 30.50 12.14 25.06 24.64 14.28 23.69 2.00 21.88 20.61 27.84 20.15
15.87 14.02 15.73 17.33 13.89 6.85 3.06 22.15 5.05 16.39 18.21 10.23 15.32 6.75 13.31 18.26 21.55 12.86
8.27 3.65 4.16 18.22 4.13 12.63 10.70 9.45 12.73 7.02 9.60 11.93 2.63 19.26 7.41 17.57 21.33 13.36
24.71 16.09 21.85 29.55 21.15 19.24 14.83 25.61 17.56 24.22 15.90 5.84 19.87 12.55 22.63 8.18 33.69 24.69
18.50 13.65 17.16 21.47 15.74 11.03 6.78 22.75 9.29 18.59 16.55 6.83 16.07 6.78 16.09 14.48 25.66 16.81
6.08 17.86 11.30 8.80 10.23 14.02 16.70 16.03 15.73 7.78 23.50 24.90 14.04 25.85 7.48 31.67 9.24 8.29
5.12 16.41 10.47 7.08 8.87 10.95 13.75 16.30 12.67 7.20 22.27 22.52 13.01 22.81 5.42 29.63 8.91 5.33
10.61 15.66 13.34 8.83 11.02 1.75 5.92 20.49 3.63 12.08 21.35 17.09 14.50 13.72 8.23 25.10 13.04 4.50
6.53 17.77 11.88 5.92 10.26 11.25 14.40 17.66 13.04 8.60 23.65 23.61 14.42 23.21 6.74 30.83 7.50 5.22
9.17 9.45 9.07 14.05 7.09 5.97 4.17 15.89 5.88 9.54 14.99 11.66 9.22 13.59 6.71 19.32 17.91 8.91
9.08 3.07 5.01 18.74 4.95 12.68 10.47 9.97 12.66 7.88 9.04 11.08 3.24 18.77 8.08 16.72 21.94 13.81
21.32 10.21 17.05 29.32 17.23 20.29 16.04 18.85 19.14 20.17 7.83 5.25 14.49 18.50 19.93 4.42 33.07 24.18
13.37 5.92 10.39 20.48 9.66 11.81 8.00 15.16 10.97 12.73 9.72 5.93 8.71 14.21 11.55 12.97 24.25 15.33
18.34 9.81 15.33 24.41 14.68 14.70 10.28 19.39 13.35 17.75 11.10 1.15 13.40 12.64 16.41 9.24 28.39 19.34
14.66 8.70 9.61 26.45 11.81 22.73 20.84 4.31 22.93 12.55 8.51 18.22 7.99 28.75 15.50 19.90 28.63 22.27
10.71 17.13 14.14 6.95 11.83 3.52 7.86 21.24 5.37 12.42 22.92 19.03 15.59 15.21 8.60 27.01 11.18 3.23
27.86 26.26 28.36 25.17 26.44 16.54 15.21 34.80 14.96 28.71 29.42 19.08 27.97 6.19 25.27 25.18 29.14 22.44
15.40 7.71 10.12 27.01 12.14 22.50 20.25 6.04 22.53 13.34 6.58 16.65 8.04 27.72 15.93 17.94 29.42 22.60
12.22 0.45 7.40 22.19 8.08 15.67 12.83 9.85 15.38 10.74 5.59 9.97 4.73 20.04 11.47 14.15 25.38 17.25
22.14 18.35 21.47 22.96 19.85 12.66 9.39 27.35 10.78 22.52 21.14 10.79 20.60 2.74 19.60 17.45 27.19 18.88
7.42 15.36 11.34 6.66 9.10 5.63 8.94 18.29 7.41 9.24 21.30 19.08 13.15 17.57 5.54 26.77 10.46 1.54
12.24 0.69 7.28 22.43 8.13 16.11 13.35 9.34 15.87 10.68 5.37 10.48 4.55 20.63 11.61 14.41 25.55 17.52
9.47 10.65 6.28 21.19 8.44 20.02 19.51 2.66 20.77 7.48 13.78 20.86 7.03 28.64 11.22 24.69 22.73 17.80
15.39 21.09 18.74 8.54 16.42 5.76 9.81 25.87 6.71 17.12 26.65 21.17 20.01 14.06 13.29 29.28 12.43 7.37
25.90 16.20 22.50 31.69 22.11 21.57 17.10 25.47 19.97 25.18 14.89 6.60 20.27 15.56 24.01 5.51 35.76 26.71
13.11 1.59 8.07 23.37 9.02 16.97 14.09 9.49 16.67 11.51 4.44 10.45 5.30 21.11 12.54 13.85 26.48 18.46
13.52 13.39 13.97 14.82 11.96 4.40 0.75 20.71 2.80 14.22 18.22 11.70 13.96 8.96 10.93 19.81 19.02 10.24
17.01 14.87 16.82 18.16 15.01 7.70 4.17 23.17 5.84 17.52 18.83 10.29 16.34 5.64 14.45 18.20 22.39 13.81
11.95 10.91 8.13 23.75 10.42 22.03 21.13 1.34 22.64 9.90 12.87 21.15 8.07 29.96 13.53 24.13 25.34 20.22
5.04 8.06 1.27 16.83 3.06 14.64 14.26 6.66 15.39 2.96 13.12 17.35 3.78 23.57 6.10 22.62 19.05 12.88
11.09 20.04 15.71 2.55 13.56 7.93 12.22 22.41 9.77 13.14 25.98 23.18 17.71 19.35 9.82 31.05 6.79 3.16
14.45 12.06 13.92 17.20 12.17 6.92 2.47 20.22 5.38 14.79 16.37 9.14 13.40 8.55 11.95 17.24 21.36 12.43
7.85 5.65 2.51 19.41 4.65 15.87 14.64 5.33 16.30 5.87 10.22 15.63 1.66 23.47 8.36 20.18 21.86 15.11
7.51 18.88 12.89 5.60 11.34 12.09 15.40 18.47 13.91 9.54 24.74 24.73 15.47 24.06 7.86 31.97 6.58 5.92
18.90 9.81 15.65 25.30 15.14 15.67 11.27 19.36 14.34 18.21 10.53 0.46 13.59 13.51 17.05 8.25 29.25 20.21
23.54 12.45 19.30 31.30 19.47 22.02 17.67 20.94 20.76 22.42 9.63 6.38 16.74 19.11 22.11 2.18 35.11 26.16
22.33 17.35 21.12 24.21 19.69 13.77 10.01 26.62 11.90 22.50 19.62 8.98 19.98 4.94 19.86 15.29 28.45 19.88
17.89 6.20 12.79 27.91 13.79 20.69 17.21 12.68 20.09 16.26 1.10 9.96 10.01 22.58 17.25 10.32 31.15 22.91
8.00 18.98 13.31 4.40 11.58 11.07 14.59 19.21 12.92 10.10 24.91 24.31 15.78 23.04 7.93 31.71 6.07 4.83
4.77 16.48 9.78 10.10 8.90 14.10 16.37 14.35 15.71 6.27 22.03 23.94 12.55 25.72 6.58 30.49 10.86 8.81
9.33 3.51 5.70 18.47 5.29 11.98 9.59 10.91 11.86 8.32 9.38 10.42 4.16 17.82 8.08 16.39 21.80 13.47
23.99 24.55 25.36 19.92 23.23 12.26 12.24 32.20 11.02 25.12 28.65 19.40 25.46 6.53 21.44 26.62 23.78 17.67
4.58 16.32 9.69 9.82 8.72 13.71 16.01 14.43 15.33 6.17 21.92 23.67 12.44 25.35 6.28 30.27 10.71 8.43
14.08 24.26 19.22 2.47 17.29 12.59 16.95 25.40 14.38 16.20 30.24 27.93 21.52 23.56 13.49 35.77 2.80 7.60
25.78 22.03 25.25 25.66 23.61 15.71 12.92 31.11 13.86 26.23 24.48 13.78 24.37 3.81 23.22 19.46 29.85 21.96
21.88 10.49 17.42 30.22 17.75 21.36 17.15 18.73 20.25 20.63 7.37 6.50 14.78 19.74 20.60 4.18 33.91 25.07
27.85 16.91 23.74 35.00 23.81 25.28 20.82 25.35 23.84 26.80 13.85 9.47 21.20 20.37 26.29 2.46 38.93 29.90
4.26 13.12 6.20 14.81 6.58 16.02 16.97 9.24 17.25 3.59 18.09 22.06 8.86 26.56 6.81 27.66 16.01 12.22
25.69 20.27 24.38 27.24 23.01 16.88 13.31 29.67 15.00 25.85 21.94 11.04 23.13 6.26 23.23 15.92 31.47 23.06
13.20 24.39 18.57 4.70 16.95 14.96 19.02 24.04 16.83 15.23 30.31 29.39 21.12 26.52 13.34 36.95 1.35 9.03
12.53 11.48 8.79 24.29 11.07 22.69 21.79 1.93 23.30 10.49 13.22 21.70 8.72 30.61 14.14 24.52 25.82 20.82
21.89 14.30 19.45 26.28 18.53 15.96 11.56 23.87 14.28 21.56 15.29 4.40 17.72 10.09 19.71 10.08 30.44 21.45
24.90 16.44 22.13 29.55 21.39 19.20 14.82 25.98 17.50 24.45 16.35 6.18 20.18 12.23 22.80 8.64 33.71 24.72
14.84 3.46 10.32 24.01 10.70 16.38 12.88 12.63 15.75 13.54 4.75 7.35 7.74 18.78 13.77 11.15 27.45 18.93
13.28 24.24 18.62 3.82 16.90 14.21 18.37 24.30 16.07 15.35 30.19 28.90 21.11 25.67 13.22 36.55 0.74 8.45
14.22 13.46 14.44 15.64 12.49 5.19 1.33 21.08 3.50 14.85 18.10 11.12 14.29 8.26 11.65 19.23 19.85 11.09
7.39 6.66 5.80 15.36 4.15 9.10 7.53 12.45 9.28 7.06 12.55 11.95 5.78 16.65 5.52 18.79 18.81 10.32
25.43 15.98 22.16 31.02 21.70 20.86 16.40 25.33 19.25 24.77 14.97 6.14 19.99 14.76 23.50 6.11 35.11 26.07
15.63 17.51 17.23 13.43 15.03 3.98 4.88 24.23 2.70 16.78 22.46 15.46 17.65 8.43 13.08 23.53 17.64 9.95
21.48 17.61 20.74 22.56 19.14 12.20 8.79 26.61 10.32 21.83 20.44 10.18 19.86 3.19 18.95 17.01 26.80 18.40
19.10 11.60 16.59 24.11 15.68 14.01 9.54 21.14 12.48 18.72 13.25 2.74 14.89 10.58 16.97 10.42 28.19 19.15
22.41 18.27 21.59 23.49 20.02 13.15 9.75 27.36 11.27 22.73 20.88 10.41 20.64 3.34 19.89 16.91 27.73 19.36
5.83 15.83 10.69 6.21 8.71 8.47 11.50 17.19 10.22 7.90 21.80 20.92 12.94 20.38 4.92 28.31 9.16 2.95
19.79 8.04 14.94 29.11 15.64 21.09 17.23 15.46 20.25 18.33 3.91 8.26 12.20 21.42 18.85 7.49 32.57 24.01
25.21 22.57 25.17 24.11 23.38 14.53 12.32 31.36 12.76 25.84 25.52 15.12 24.55 2.74 22.62 21.34 28.25 20.71
10.60 4.12 5.21 21.94 7.03 17.42 15.52 5.45 17.59 8.66 7.53 14.38 2.85 23.71 10.83 18.01 24.55 17.43
24.06 21.26 23.92 23.40 22.15 13.60 11.16 30.06 11.79 24.65 24.24 13.91 23.26 1.63 21.48 20.33 27.58 19.83
10.13 21.60 15.52 5.31 14.04 13.99 17.64 20.79 15.86 12.10 27.45 27.34 18.14 25.91 10.59 34.65 4.43 7.74
14.32 12.20 13.90 16.91 12.12 6.61 2.17 20.27 5.07 14.71 16.59 9.45 13.44 8.55 11.80 17.56 21.08 12.16
16.34 4.89 11.14 26.70 12.30 19.98 16.78 10.88 19.54 14.64 1.12 10.80 8.37 22.87 15.87 12.05 29.81 21.77
23.04 23.42 24.30 19.43 22.19 11.37 11.15 31.12 10.04 24.13 27.51 18.32 24.36 5.64 20.48 25.61 23.37 16.94
9.51 5.87 4.29 21.18 6.47 17.63 16.20 3.94 18.00 7.45 9.40 16.12 2.99 24.80 10.17 19.96 23.53 16.93
21.73 11.04 17.73 29.16 17.71 19.81 15.46 20.01 18.54 20.71 9.28 4.21 15.27 17.21 20.18 4.20 33.01 24.03
20.18 21.43 21.73 16.55 19.56 8.45 8.83 28.66 7.26 21.35 25.93 17.54 21.99 6.54 17.65 25.25 20.56 13.94
22.52 11.04 17.99 30.96 18.38 22.12 17.92 19.07 21.01 21.24 7.56 7.20 15.33 20.40 21.28 3.84 34.64 25.81
19.80 16.45 19.23 20.95 17.56 10.55 7.08 25.25 8.67 20.20 19.67 9.90 18.46 3.68 17.27 17.24 25.19 16.72
27.42 16.14 23.06 35.17 23.32 25.72 21.31 24.15 24.38 26.24 12.51 9.89 20.43 21.66 26.02 1.81 39.00 30.03
9.33 5.56 4.05 20.95 6.19 17.27 15.82 4.32 17.63 7.30 9.29 15.80 2.60 24.41 9.91 19.74 23.35 16.66
4.38 10.47 3.64 16.12 4.66 15.52 15.76 7.19 16.51 2.51 15.36 19.71 6.18 25.25 6.37 25.04 17.86 12.75
13.15 1.69 8.54 22.68 9.00 15.61 12.46 11.13 15.16 11.79 5.32 8.69 5.95 19.19 12.20 12.94 26.01 17.66
13.67 15.32 15.00 13.05 12.83 2.65 2.87 21.99 0.78 14.70 20.40 14.08 15.39 9.38 11.09 22.19 17.28 8.90
10.31 21.03 15.57 2.47 13.76 11.52 15.47 21.55 13.40 12.41 26.99 25.76 17.99 23.30 10.04 33.35 3.95 5.44
14.47 23.43 19.18 3.23 17.04 10.19 14.66 25.82 11.85 16.54 29.35 25.94 21.18 20.52 13.29 33.93 6.10 6.61
15.98 6.38 12.35 23.51 12.05 14.68 10.63 15.95 13.69 15.09 8.06 3.89 10.19 15.27 14.35 9.98 27.27 18.36
12.96 1.86 7.81 23.42 8.91 17.28 14.52 8.88 17.04 11.29 4.51 11.09 5.03 21.68 12.51 14.35 26.46 18.56
4.44 7.39 2.47 14.99 0.36 11.43 10.95 9.62 12.10 3.43 13.21 15.20 4.14 20.32 3.89 21.33 17.80 10.49
18.56 21.80 20.94 13.30 18.66 7.05 9.25 28.06 6.66 20.01 26.84 19.57 21.66 10.00 16.17 27.54 17.18 11.39
8.95 9.37 8.87 13.96 6.88 6.05 4.37 15.71 6.02 9.32 14.95 11.79 9.06 13.81 6.50 19.41 17.80 8.82
15.74 8.58 13.16 21.60 12.25 12.05 7.73 17.97 10.82 15.29 11.40 3.96 11.55 11.97 13.70 11.89 25.57 16.52
7.66 17.86 12.69 4.23 10.74 9.08 12.65 19.04 10.93 9.77 23.83 22.60 14.98 21.05 6.96 30.13 7.17 2.84
16.41 7.24 11.03 27.75 12.85 22.52 19.92 7.90 22.39 14.42 4.77 15.27 8.63 26.89 16.65 16.05 30.39 23.16
15.53 7.05 10.18 26.99 12.09 22.10 19.69 6.80 22.06 13.51 5.55 15.70 7.90 26.96 15.89 16.92 29.54 22.48
20.62 23.10 22.74 15.47 20.49 8.95 10.42 29.80 8.24 21.99 27.87 19.88 23.27 8.95 18.18 27.68 19.28 13.62
9.72 16.40 13.20 6.90 10.90 3.77 7.84 20.28 5.65 11.44 22.24 18.77 14.72 15.69 7.62 26.69 11.07 2.53
8.68 8.90 8.39 14.18 6.43 6.53 4.84 15.20 6.53 8.95 14.53 11.72 8.54 14.22 6.28 19.24 17.96 9.03
23.23 11.59 18.54 31.98 19.08 23.31 19.15 19.12 22.24 21.86 7.44 8.54 15.82 21.75 22.11 4.19 35.60 26.84
13.06 2.92 7.75 23.89 9.15 18.18 15.59 7.86 18.03 11.27 4.58 12.28 5.02 22.90 12.86 15.14 26.78 19.12
2.92 14.69 8.17 10.13 7.07 12.60 14.59 13.42 14.13 4.68 20.35 21.98 10.89 24.03 4.64 28.59 11.63 7.85
4.58 7.35 2.85 14.85 0.75 11.05 10.53 9.99 11.70 3.74 13.22 14.91 4.32 19.91 3.79 21.15 17.73 10.27
11.70 17.06 14.68 8.31 12.36 2.32 6.79 21.83 4.04 13.28 22.72 18.14 15.90 13.71 9.42 26.19 12.55 4.71
8.21 14.02 11.07 8.73 8.75 3.66 6.53 18.20 5.25 9.68 19.87 16.84 12.43 15.36 5.83 24.63 12.72 3.66
22.73 15.96 20.71 26.18 19.60 15.72 11.50 25.49 13.94 22.58 17.30 6.40 19.16 8.38 20.43 11.90 30.38 21.52
19.28 12.48 17.10 23.66 16.04 13.41 8.97 21.95 11.79 19.04 14.43 3.99 15.56 9.33 17.06 11.47 27.79 18.79
10.96 21.62 16.21 2.10 14.39 11.74 15.77 22.20 13.62 13.07 27.58 26.20 18.61 23.43 10.65 33.83 3.40 5.79
18.24 7.12 13.94 26.61 14.13 18.04 14.01 16.06 17.07 17.06 5.93 5.04 11.39 18.01 16.92 7.54 30.26 21.47
20.22 15.94 19.24 22.07 17.71 11.61 7.81 24.99 9.76 20.46 18.78 8.67 18.26 4.65 17.73 15.83 26.31 17.69
23.82 15.17 20.93 28.84 20.25 18.58 14.15 24.70 16.94 23.31 15.09 4.92 18.94 12.44 21.77 7.94 32.97 23.95
2.22 10.74 3.87 14.05 3.65 13.52 14.11 9.19 14.61 0.60 16.12 19.20 6.65 23.67 4.28 25.10 16.02 10.58
10.35 14.60 12.64 9.87 10.34 1.41 4.87 19.79 3.01 11.66 20.24 15.93 13.64 13.17 7.86 23.92 14.04 5.25
17.24 21.89 20.20 10.83 17.88 6.52 9.85 27.35 6.85 18.86 27.24 20.86 21.23 12.41 15.00 28.94 14.63 9.50
9.78 17.23 13.65 5.75 11.37 4.86 8.99 20.64 6.74 11.62 23.11 19.90 15.32 16.68 7.90 27.80 9.92 1.77
8.27 15.40 11.85 7.05 9.56 4.55 8.06 18.90 6.36 9.99 21.31 18.52 13.48 16.52 6.19 26.32 11.03 1.99
13.47 24.45 18.81 3.99 17.10 14.40 18.56 24.48 16.26 15.54 30.39 29.11 21.31 25.84 13.42 36.76 0.56 8.66
3.47 8.55 3.44 13.75 1.18 10.66 10.63 10.55 11.48 3.04 14.42 15.87 5.38 20.14 2.65 22.26 16.56 9.30
5.45 13.03 6.28 16.18 7.12 17.18 17.90 8.18 18.35 4.36 17.69 22.34 8.74 27.46 7.92 27.62 17.30 13.56
4.94 13.75 6.85 15.12 7.32 16.69 17.71 9.38 17.95 4.34 18.61 22.78 9.47 27.29 7.51 28.31 16.12 12.73
15.02 8.44 12.62 20.76 11.61 11.25 6.97 17.68 10.06 14.64 11.69 4.80 11.15 11.81 12.94 12.71 24.73 15.68
26.82 25.81 27.57 23.74 25.58 15.35 14.35 34.13 13.85 27.75 29.25 19.16 27.31 5.92 24.24 25.61 27.67 21.14
3.26 9.30 4.42 12.82 2.16 9.82 10.09 11.50 10.74 3.45 15.21 16.09 6.32 19.65 1.76 22.72 15.71 8.31
11.65 17.53 14.88 7.58 12.56 3.07 7.53 22.01 4.80 13.31 23.25 18.86 16.21 14.38 9.46 26.90 11.81 4.23
25.77 21.64 25.07 26.04 23.48 15.96 12.98 30.81 14.10 26.16 23.92 13.16 24.10 4.25 23.23 18.67 30.24 22.22
25.74 18.05 23.36 29.48 22.43 19.02 14.80 27.63 17.24 25.46 18.41 7.86 21.59 10.74 23.51 10.85 33.68 24.82
15.27 21.62 18.91 7.58 16.60 6.49 10.72 26.00 7.64 17.09 27.27 22.13 20.32 15.23 13.31 30.23 11.36 7.04
6.03 17.65 11.41 7.29 10.03 12.49 15.39 16.75 14.24 7.98 23.44 24.10 14.06 24.39 6.83 31.11 8.29 6.63
16.69 8.35 13.66 23.09 13.00 13.65 9.34 17.91 12.43 16.07 10.34 2.63 11.78 13.03 14.79 10.32 27.01 17.98
26.19 23.50 26.15 24.93 24.36 15.45 13.31 32.32 13.69 26.83 26.34 15.85 25.51 3.73 23.60 21.85 29.05 21.61
12.34 10.10 8.10 24.20 10.42 21.97 20.82 0.97 22.48 10.25 11.74 20.29 7.64 29.48 13.73 23.04 25.96 20.49
10.56 9.41 6.44 22.42 8.75 20.34 19.39 0.83 20.92 8.47 11.96 19.67 6.35 28.24 11.97 23.04 24.21 18.71
12.31 7.81 10.47 18.08 9.15 9.06 5.25 16.26 8.19 12.10 12.35 7.59 9.47 12.49 10.14 15.28 21.98 12.96
18.83 7.35 14.29 27.59 14.69 19.23 15.26 15.80 18.31 17.53 5.01 6.23 11.64 19.32 17.66 7.28 31.17 22.46
8.84 8.90 4.86 20.70 7.13 18.75 17.99 2.54 19.39 6.74 12.31 19.10 5.29 27.01 10.26 23.05 22.55 16.99
24.35 21.41 24.15 23.76 22.40 13.94 11.45 30.25 12.12 24.92 24.30 13.90 23.46 1.96 21.77 20.21 27.94 20.17
2.09 9.79 3.91 12.99 2.16 11.05 11.52 10.68 12.06 2.04 15.57 17.25 6.30 21.09 2.08 23.64 15.55 8.85
9.00 5.84 6.80 16.72 5.52 9.58 7.21 12.93 9.43 8.53 11.50 10.31 6.10 15.83 7.16 17.18 20.27 11.61
16.13 6.78 12.62 23.44 12.24 14.47 10.36 16.36 13.44 15.30 8.52 3.53 10.51 14.82 14.44 9.98 27.23 18.29
6.44 18.15 11.79 7.60 10.52 13.21 16.12 16.89 14.97 8.32 23.90 24.76 14.48 25.12 7.44 31.71 8.22 7.31
22.25 11.38 18.14 29.83 18.20 20.53 16.18 20.18 19.27 21.18 9.22 4.94 15.64 17.89 20.75 3.55 33.66 24.69
13.28 4.30 7.89 24.47 9.58 19.27 16.87 6.70 19.22 11.37 5.14 13.72 5.35 24.35 13.37 16.19 27.19 19.83
18.47 6.81 13.34 28.54 14.38 21.31 17.81 12.97 20.70 16.82 1.27 10.31 10.55 23.06 17.86 10.17 31.77 23.54
17.68 10.15 15.08 23.15 14.20 13.27 8.83 19.66 11.87 17.25 12.17 2.64 13.38 11.29 15.61 10.74 27.18 18.12
12.07 2.00 7.84 21.24 7.95 14.07 11.00 11.45 13.66 10.87 6.86 8.56 5.52 18.09 10.93 13.72 24.63 16.18
9.21 18.81 14.04 3.00 11.98 8.37 12.32 20.58 10.25 11.29 24.78 22.80 16.19 20.21 8.19 30.51 6.73 2.33
20.86 11.72 17.65 26.88 17.13 17.00 12.54 21.24 15.54 20.20 11.85 1.57 15.57 13.34 18.96 7.24 30.89 21.84
12.69 12.62 9.40 24.30 11.63 23.24 22.55 3.05 23.94 10.73 14.49 22.86 9.64 31.50 14.48 25.79 25.63 21.05
7.69 8.62 3.79 19.56 6.01 17.63 17.00 3.71 18.32 5.58 12.55 18.67 4.67 26.11 9.08 23.00 21.47 15.82
9.02 8.54 8.42 14.70 6.56 6.89 4.85 15.12 6.77 9.18 14.09 11.20 8.41 14.08 6.67 18.72 18.49 9.55
23.65 19.86 23.03 24.06 21.40 13.89 10.84 28.90 12.02 24.05 22.48 11.95 22.15 2.67 21.10 18.18 28.28 20.15
5.36 8.08 1.51 17.19 3.45 15.04 14.62 6.26 15.78 3.27 13.02 17.51 3.78 23.91 6.49 22.66 19.36 13.26
13.18 22.17 17.87 2.40 15.74 9.31 13.74 24.53 11.04 15.25 28.10 24.93 19.88 20.09 11.99 32.88 6.06 5.32
23.18 19.71 22.70 23.40 21.02 13.27 10.33 28.67 11.40 23.63 22.52 12.12 21.89 1.99 20.62 18.56 27.61 19.52
12.01 3.78 6.62 23.21 8.32 18.23 16.01 6.19 18.26 10.10 6.12 13.75 4.09 23.81 12.11 16.84 25.92 18.61
8.45 9.01 8.29 13.94 6.29 6.45 4.96 15.14 6.53 8.76 14.68 11.98 8.53 14.38 6.03 19.49 17.71 8.79
13.66 10.17 9.16 25.54 11.48 22.90 21.51 2.34 23.31 11.56 11.02 20.17 8.30 29.92 14.92 22.40 27.38 21.70
14.04 12.28 10.19 25.80 12.49 24.09 23.06 3.09 24.66 12.00 13.36 22.39 9.89 31.74 15.63 24.74 27.30 22.32
7.24 17.76 12.38 4.64 10.51 9.64 13.07 18.60 11.47 9.36 23.71 22.82 14.74 21.61 6.77 30.27 7.21 3.46
22.23 20.60 22.55 20.91 20.65 11.33 9.44 28.99 9.59 22.98 24.14 14.39 22.16 1.42 19.63 21.44 25.07 17.50
6.12 5.71 1.61 17.03 2.14 13.02 11.95 8.09 13.49 4.58 11.34 14.51 2.10 21.02 5.92 20.07 19.79 12.50
28.14 27.12 28.91 24.80 26.92 16.63 15.69 35.47 15.15 29.08 30.48 20.29 28.65 7.15 25.55 26.56 28.69 22.35
2.88 13.80 8.01 9.01 6.29 10.07 12.14 14.26 11.59 4.98 19.68 20.16 10.47 21.52 2.84 27.11 11.38 5.70
14.23 5.58 10.86 21.71 10.37 13.09 9.22 15.08 12.22 13.44 8.67 5.23 8.91 14.91 12.54 11.82 25.45 16.56
7.39 7.05 6.10 15.05 4.35 8.69 7.18 12.82 8.87 7.18 12.92 12.02 6.18 16.37 5.41 18.98 18.53 9.98
18.40 12.35 16.51 22.42 15.31 12.13 7.70 21.69 10.50 18.26 14.83 4.91 15.14 8.60 16.11 12.66 26.56 17.58
12.55 15.52 14.43 11.34 12.17 0.97 3.90 21.52 0.98 13.75 20.88 15.33 15.11 11.01 10.02 23.42 15.58 7.22
11.43 15.86 13.93 9.55 11.62 0.93 5.36 21.08 2.79 12.84 21.44 16.70 14.94 12.80 9.01 24.75 13.78 5.42
5.93 16.10 10.88 6.03 8.93 8.73 11.81 17.31 10.49 8.02 22.06 21.24 13.16 20.65 5.15 28.63 8.88 3.07
26.41 15.96 22.60 33.03 22.47 23.14 18.68 24.85 21.65 25.50 13.73 7.49 20.18 17.96 24.71 3.15 37.02 27.97
14.10 16.64 15.90 12.16 13.66 2.40 4.35 22.96 1.46 15.30 21.81 15.54 16.48 9.82 11.57 23.65 16.39 8.43
1.98 13.58 7.36 10.03 5.95 11.31 13.14 13.23 12.77 4.06 19.35 20.56 9.98 22.60 3.17 27.28 12.05 7.02
16.87 5.18 11.79 26.91 12.77 19.80 16.41 11.98 19.25 15.26 1.24 9.78 9.01 22.10 16.23 10.93 30.14 21.91
8.53 3.83 3.28 19.54 4.66 14.94 13.26 6.91 15.18 6.78 8.98 13.68 0.50 21.81 8.44 18.41 22.30 14.95
1.60 10.53 4.69 12.21 2.93 10.71 11.48 11.36 11.82 2.37 16.34 17.73 7.09 21.06 1.49 24.26 14.76 8.16
13.02 23.97 18.36 3.62 16.64 13.98 18.12 24.07 15.85 15.10 29.92 28.64 20.84 25.47 12.95 36.28 1.00 8.20
26.63 23.63 26.47 25.59 24.72 16.02 13.74 32.55 14.25 27.23 26.32 15.73 25.76 4.16 24.05 21.52 29.72 22.21
23.24 20.84 23.25 22.40 21.43 12.64 10.36 29.50 10.84 23.88 24.03 13.91 22.68 0.80 20.65 20.61 26.57 18.86
19.91 22.08 21.86 15.35 19.63 8.18 9.40 28.90 7.33 21.22 26.81 18.84 22.33 8.21 17.44 26.65 19.28 13.16
8.99 7.26 7.64 15.68 6.01 8.17 5.90 14.11 8.01 8.86 12.84 10.63 7.32 14.82 6.85 17.89 19.36 10.54
7.02 8.29 3.03 18.89 5.24 16.86 16.26 4.43 17.55 4.91 12.55 18.22 4.19 25.41 8.34 22.79 20.89 15.09
5.14 7.87 1.10 16.91 2.99 14.59 14.15 6.65 15.32 3.08 12.96 17.17 3.60 23.45 6.12 22.44 19.16 12.91
14.51 3.26 10.06 23.61 10.37 15.98 12.50 12.58 15.36 13.23 5.11 7.31 7.51 18.52 13.40 11.41 27.06 18.53
11.71 21.30 16.60 0.89 14.55 9.61 13.90 23.09 11.45 13.81 27.27 24.80 18.75 20.96 10.76 32.64 5.12 4.50
11.12 7.98 9.69 16.80 8.17 8.07 4.71 15.84 7.42 11.03 12.98 8.92 9.01 12.89 8.88 16.56 20.67 11.67
24.03 24.90 25.54 19.64 23.39 12.28 12.49 32.43 11.12 25.21 29.08 19.93 25.71 7.15 21.50 27.20 23.46 17.55
2.85 14.15 8.16 9.06 6.57 10.68 12.78 14.18 12.21 4.96 19.99 20.72 10.70 22.16 3.33 27.61 11.21 6.09
9.91 3.15 6.18 18.98 5.86 12.27 9.70 11.09 12.08 8.88 8.92 9.92 4.44 17.71 8.65 15.81 22.34 13.96
11.41 0.97 6.87 21.11 7.25 14.49 11.71 10.21 14.23 10.06 6.71 9.76 4.40 19.17 10.50 14.60 24.35 16.13
14.09 8.63 12.09 19.48 10.88 9.97 5.73 17.56 8.82 13.86 12.46 6.08 10.87 11.44 11.92 14.01 23.46 14.41
18.64 7.91 14.57 26.55 14.59 17.67 13.51 17.07 16.59 17.58 7.14 3.87 12.12 16.99 17.19 7.10 30.29 21.40
21.04 22.09 22.52 17.31 20.37 9.31 9.55 29.44 8.10 22.19 26.49 17.87 22.74 6.30 18.50 25.47 21.29 14.79
5.86 17.62 11.16 8.30 9.98 13.39 16.12 16.15 15.11 7.67 23.32 24.47 13.88 25.24 7.07 31.32 8.98 7.65
4.18 7.61 1.77 15.27 0.61 12.22 11.83 8.90 12.94 2.81 13.29 15.87 3.95 21.21 4.19 21.80 17.90 10.93
7.86 7.79 7.04 14.63 5.18 7.77 6.20 13.81 7.89 7.87 13.57 11.84 7.16 15.47 5.66 19.06 18.25 9.52
19.27 17.83 19.54 18.78 17.63 8.73 6.44 26.03 6.89 19.98 21.70 12.61 19.21 3.28 16.68 20.20 23.00 14.98
19.21 22.12 21.46 14.07 19.20 7.60 9.49 28.56 7.06 20.61 27.05 19.52 22.10 9.48 16.79 27.43 17.95 12.14
12.78 22.44 17.72 1.06 15.68 10.43 14.79 24.16 12.23 14.89 28.40 25.80 19.89 21.52 11.89 33.67 4.55 5.61
17.37 14.64 16.93 18.91 15.20 8.44 4.68 23.14 6.60 17.79 18.39 9.57 16.32 5.57 14.84 17.43 23.14 14.50
19.82 15.36 18.74 21.97 17.24 11.50 7.56 24.44 9.66 20.02 18.19 8.14 17.72 5.21 17.35 15.40 26.20 17.51
10.97 7.17 9.17 17.25 7.80 8.79 5.52 15.16 8.20 10.74 12.20 8.69 8.34 13.55 8.85 16.15 21.06 12.10
4.42 9.09 2.22 16.29 3.46 14.77 14.69 6.99 15.63 2.31 14.14 18.29 4.82 24.10 5.88 23.65 18.34 12.55
7.73 10.06 4.79 19.49 6.82 18.34 18.00 3.93 19.14 5.72 13.88 20.09 6.06 27.24 9.47 24.43 21.14 16.05
20.29 23.34 22.65 14.59 20.37 8.76 10.70 29.75 8.28 21.73 28.26 20.58 23.31 10.00 17.90 28.44 18.33 13.01
8.11 18.64 13.27 3.83 11.41 9.96 13.59 19.45 11.83 10.22 24.59 23.55 15.64 21.92 7.66 31.05 6.34 3.71
8.48 19.41 13.78 3.97 12.04 11.15 14.77 19.70 13.01 10.58 25.35 24.62 16.25 23.10 8.37 32.06 5.60 4.89
10.54 14.39 12.64 10.31 10.35 1.27 4.42 19.78 2.66 11.79 19.98 15.52 13.55 12.80 8.02 23.52 14.48 5.69
13.12 15.63 14.82 11.96 12.59 1.64 3.62 21.88 0.52 14.27 20.88 15.00 15.41 10.34 10.57 23.10 16.19 7.89
10.49 21.82 15.88 4.55 14.31 13.59 17.36 21.32 15.47 12.52 27.71 27.27 18.46 25.46 10.78 34.68 3.76 7.38
6.41 6.35 4.39 15.46 2.81 10.12 8.89 11.14 10.46 5.81 12.33 12.92 4.63 18.07 4.93 19.41 18.68 10.56
10.31 17.60 14.14 5.76 11.86 4.73 8.99 21.15 6.59 12.14 23.47 20.03 15.78 16.43 8.41 27.96 9.98 2.25
7.63 6.87 2.71 19.40 5.03 16.55 15.58 4.49 17.09 5.55 11.15 16.88 2.89 24.54 8.53 21.34 21.64 15.33
3.65 12.01 5.08 14.87 5.48 15.33 16.07 8.71 16.49 2.56 17.06 20.93 7.76 25.64 6.07 26.54 16.36 11.91
3.03 14.78 8.36 9.72 7.15 12.24 14.31 13.76 13.78 4.91 20.49 21.90 11.05 23.72 4.50 28.58 11.30 7.41
18.85 18.80 19.74 17.12 17.69 7.59 6.53 26.49 5.94 19.78 23.07 14.53 19.72 4.76 16.26 22.27 21.30 13.70
8.43 12.05 10.09 11.07 7.81 3.82 4.78 17.21 4.65 9.45 17.79 14.51 10.98 14.18 5.84 22.29 15.02 5.97
21.26 17.92 20.76 21.90 19.08 11.62 8.45 26.78 9.74 21.69 20.98 10.90 19.99 2.42 18.71 17.87 26.14 17.85
13.58 11.49 9.55 25.39 11.87 23.44 22.34 2.41 23.98 11.52 12.66 21.61 9.15 30.98 15.09 24.03 26.99 21.81
27.27 26.91 28.31 23.43 26.26 15.63 15.08 35.00 14.26 28.30 30.54 20.62 28.20 7.31 24.70 27.21 27.25 21.17
6.07 6.80 4.46 15.00 2.68 9.81 8.77 11.35 10.23 5.60 12.78 13.23 4.95 18.04 4.51 19.81 18.23 10.11
16.87 18.01 18.20 14.78 16.05 5.33 5.35 25.12 3.85 17.93 22.73 15.12 18.45 7.07 14.30 23.10 18.97 11.35
16.25 21.69 19.52 9.28 17.20 6.29 10.13 26.66 7.04 17.96 27.19 21.40 20.73 13.72 14.12 29.50 13.08 8.26
15.17 14.65 15.60 15.76 13.61 5.30 2.37 22.28 3.44 15.89 19.21 11.80 15.49 7.32 12.58 19.87 19.99 11.44
4.23 15.89 9.62 8.48 8.26 11.98 14.44 15.10 13.62 6.20 21.66 22.61 12.27 23.69 5.22 29.48 9.96 6.66
21.59 9.85 16.75 30.79 17.44 22.54 18.56 17.06 21.61 20.14 5.37 8.77 14.01 22.08 20.63 6.18 34.30 25.68
10.27 11.37 7.20 21.92 9.36 20.93 20.43 2.66 21.69 8.31 14.20 21.62 7.88 29.54 12.09 25.23 23.35 18.63
12.03 7.43 10.10 18.06 8.81 9.21 5.52 15.86 8.41 11.78 12.07 7.70 9.07 12.89 9.91 15.30 21.93 12.93
17.32 5.92 12.09 27.72 13.29 20.96 17.69 11.40 20.48 15.60 0.33 11.18 9.32 23.54 16.88 11.72 30.83 22.79
10.47 16.91 13.89 6.98 11.58 3.51 7.79 20.99 5.38 12.18 22.71 18.91 15.35 15.28 8.35 26.88 11.20 3.07
10.97 14.07 12.74 11.14 10.49 1.35 3.60 19.84 2.05 12.11 19.56 14.77 13.48 12.07 8.41 22.80 15.32 6.52
15.77 5.89 10.38 26.88 12.03 21.27 18.55 8.31 21.08 13.85 3.61 13.83 7.81 25.41 15.80 14.99 29.66 22.18
3.98 8.54 4.12 13.46 1.80 9.85 9.76 11.27 10.63 3.85 14.48 15.33 5.75 19.28 2.51 21.92 16.44 8.84
7.94 4.01 2.94 18.76 3.95 14.08 12.47 7.59 14.34 6.32 9.52 13.46 0.76 21.13 7.69 18.54 21.59 14.13
17.22 6.97 11.84 28.27 13.45 22.39 19.49 9.55 22.11 15.32 3.11 13.91 9.24 25.96 17.21 14.26 31.09 23.52
25.90 24.34 26.37 23.57 24.45 14.66 13.22 32.82 13.04 26.73 27.64 17.47 25.99 4.32 23.31 23.90 27.60 20.64
11.50 17.46 14.76 7.48 12.44 3.12 7.57 21.89 4.88 13.17 23.19 18.88 16.11 14.50 9.33 26.91 11.72 4.08
20.42 11.01 17.06 26.78 16.62 17.04 12.60 20.49 15.65 19.69 11.02 1.22 14.92 13.95 18.58 6.98 30.75 21.70
22.84 21.81 23.45 20.73 21.48 11.59 10.24 30.02 9.96 23.70 25.50 15.85 23.20 2.80 20.24 22.92 24.82 17.62
13.64 4.53 10.02 21.63 9.68 13.39 9.73 14.04 12.65 12.73 7.94 6.10 7.96 15.85 12.09 12.18 25.27 16.49
22.30 10.59 17.52 31.31 18.15 22.87 18.80 17.94 21.88 20.88 6.26 8.63 14.79 21.93 21.26 5.32 34.86 26.18
16.93 21.27 19.74 11.06 17.43 5.96 9.15 26.89 6.18 18.50 26.58 20.14 20.70 11.81 14.65 28.21 14.96 9.38
12.53 20.10 16.60 4.91 14.34 6.26 10.72 23.56 7.94 14.45 25.94 22.03 18.29 17.02 10.81 30.05 9.03 4.15
23.06 14.02 19.96 28.59 19.39 18.47 14.01 23.51 16.90 22.46 13.76 3.87 17.89 13.22 21.09 6.97 32.67 23.62
5.67 17.44 10.87 9.01 9.82 13.87 16.46 15.62 15.56 7.35 23.08 24.54 13.61 25.67 7.12 31.28 9.59 8.25
9.07 18.53 13.84 3.29 11.76 8.05 11.98 20.42 9.93 11.14 24.50 22.47 15.96 19.91 7.97 30.19 7.06 2.00
13.46 1.85 8.78 23.06 9.31 15.99 12.82 11.11 15.54 12.06 4.93 8.74 6.15 19.46 12.55 12.73 26.37 18.04
14.07 7.59 8.89 25.78 11.02 21.76 19.79 4.47 21.92 11.99 7.67 17.15 7.08 27.65 14.76 19.05 28.08 21.50
9.19 9.03 5.20 21.05 7.48 19.09 18.30 2.20 19.73 7.09 12.26 19.25 5.52 27.29 10.62 23.08 22.88 17.35
19.97 17.50 19.81 20.22 18.02 9.98 7.08 26.06 8.11 20.52 20.99 11.42 19.24 2.65 17.40 18.80 24.45 16.23
20.74 15.39 19.30 23.41 17.94 12.94 8.86 24.68 11.13 20.81 17.72 7.24 18.08 6.16 18.33 14.10 27.63 18.87
22.58 19.36 22.19 22.73 20.49 12.61 9.72 28.23 10.74 23.07 22.32 12.06 21.45 1.54 20.02 18.71 26.95 18.86
7.44 16.42 11.90 5.41 9.76 6.93 10.43 18.65 8.76 9.42 22.39 20.54 13.92 18.91 6.01 28.17 9.03 1.03
16.18 17.40 17.50 14.39 15.35 4.71 4.72 24.44 3.17 17.24 22.18 14.81 17.78 7.49 13.61 22.84 18.60 10.81
18.62 12.64 16.77 22.51 15.56 12.19 7.78 21.97 10.54 18.50 15.10 5.09 15.42 8.35 16.31 12.77 26.66 17.69
11.60 8.52 10.31 16.85 8.75 7.82 4.22 16.47 7.04 11.58 13.39 8.76 9.65 12.26 9.31 16.53 20.78 11.74
18.76 7.05 13.99 28.00 14.61 19.99 16.16 14.90 19.17 17.34 3.71 7.61 11.27 20.62 17.77 8.00 31.46 22.89
25.94 24.20 26.33 23.78 24.43 14.77 13.21 32.74 13.13 26.74 27.43 17.20 25.91 4.14 23.34 23.57 27.83 20.79
24.99 13.42 20.37 33.45 20.85 24.50 20.24 21.02 23.34 23.67 9.33 9.17 17.68 22.04 23.79 2.81 37.15 28.31
25.24 23.58 25.65 23.15 23.74 14.08 12.52 32.07 12.43 26.04 26.89 16.75 25.25 3.56 22.64 23.26 27.22 20.11
12.02 20.77 16.58 2.69 14.42 8.08 12.47 23.32 9.87 14.06 26.70 23.58 18.54 19.20 10.70 31.51 6.84 3.96
3.00 12.89 5.95 13.63 5.87 14.74 15.84 10.04 16.01 2.80 18.12 21.43 8.71 25.42 5.59 27.32 15.03 10.91
20.39 11.72 17.39 26.08 16.74 16.12 11.65 21.29 14.63 19.81 12.33 1.49 15.42 12.41 18.41 8.23 30.12 21.07
12.05 19.67 16.13 4.82 13.87 6.05 10.50 23.08 7.78 13.97 25.53 21.76 17.83 17.04 10.33 29.76 9.00 3.68
21.93 22.73 23.34 18.19 21.20 10.21 10.29 30.22 8.96 23.06 27.01 18.14 23.50 6.04 19.38 25.63 22.14 15.71
28.06 27.38 28.98 24.40 26.96 16.47 15.75 35.61 15.05 29.06 30.87 20.78 28.79 7.55 25.48 27.17 28.23 22.08
21.30 12.83 18.43 26.62 17.72 16.51 12.04 22.40 14.95 20.79 13.37 2.61 16.50 11.91 19.26 8.38 30.70 21.65
14.46 11.38 13.60 17.79 11.96 7.63 3.16 19.74 6.17 14.68 15.56 8.32 12.92 8.97 12.01 16.43 21.93 12.94
26.38 25.16 27.02 23.59 25.05 14.99 13.82 33.54 13.44 27.27 28.55 18.44 26.71 5.22 23.78 24.90 27.57 20.86
21.57 10.01 16.96 30.26 17.43 21.64 17.52 17.93 20.61 20.25 6.43 7.25 14.27 20.55 20.41 4.98 33.88 25.12
20.82 11.97 17.75 26.59 17.15 16.62 12.15 21.52 15.14 20.22 12.33 1.71 15.73 12.74 18.86 7.77 30.62 21.57
19.08 7.50 13.90 29.27 15.02 22.12 18.62 13.15 21.51 17.40 1.64 10.96 11.12 23.81 18.54 10.29 32.47 24.29
18.78 8.98 15.18 25.82 14.88 16.47 12.15 18.44 15.25 17.94 9.17 1.75 12.96 14.92 17.08 7.54 29.69 20.69
18.06 6.31 13.04 27.89 13.94 20.46 16.89 13.23 19.80 16.49 1.77 9.33 10.27 22.05 17.33 9.72 31.19 22.85
24.48 21.51 24.27 23.89 22.52 14.07 11.58 30.37 12.26 25.05 24.38 13.97 23.57 2.09 21.90 20.24 28.06 20.30
17.02 8.19 13.80 23.70 13.25 14.34 10.05 17.76 13.15 16.32 9.78 2.30 11.80 13.65 15.20 9.68 27.59 18.58
9.06 17.89 13.54 4.13 11.39 6.90 10.86 20.31 8.78 11.07 23.84 21.46 15.52 18.77 7.66 29.23 8.11 1.03
9.71 12.32 11.03 11.79 8.81 3.13 3.51 18.10 3.52 10.65 17.88 13.79 11.68 12.87 7.11 21.70 15.85 6.81
19.84 8.22 15.17 28.77 15.69 20.44 16.47 16.21 19.52 18.48 4.92 7.07 12.48 20.30 18.75 6.68 32.32 23.64
9.40 7.66 4.75 21.26 7.07 18.58 17.50 2.48 19.10 7.29 10.89 17.91 4.42 26.31 10.51 21.67 23.32 17.30
18.56 7.95 14.55 26.37 14.53 17.43 13.26 17.17 16.35 17.52 7.37 3.60 12.13 16.70 17.07 7.21 30.12 21.22
4.98 16.71 10.03 9.92 9.12 14.12 16.45 14.61 15.74 6.51 22.27 24.11 12.79 25.78 6.73 30.70 10.63 8.75
13.27 6.94 10.76 19.71 9.78 10.75 6.83 15.96 9.84 12.82 10.93 6.17 9.34 13.14 11.28 13.65 23.56 14.57
9.21 3.31 3.96 20.19 5.33 15.37 13.52 6.89 15.54 7.46 8.30 13.36 1.18 21.90 9.10 17.87 22.98 15.56
25.76 25.72 26.91 21.91 24.83 14.09 13.70 33.66 12.75 26.83 29.54 19.86 26.87 6.60 23.20 26.73 25.76 19.61
27.77 16.65 23.53 35.23 23.71 25.63 21.20 24.87 24.24 26.66 13.28 9.79 20.95 21.12 26.30 2.07 39.11 30.11
4.55 10.81 4.01 16.20 5.04 15.82 16.12 7.19 16.83 2.78 15.64 20.09 6.51 25.61 6.63 25.39 17.85 12.93
4.43 16.16 9.78 8.71 8.53 12.49 14.95 15.06 14.14 6.32 21.89 23.03 12.47 24.21 5.62 29.85 9.98 7.12
6.98 13.20 9.89 9.00 7.57 4.82 7.10 17.00 6.26 8.42 19.11 16.77 11.36 16.25 4.57 24.42 12.79 3.86
19.95 17.52 19.80 20.17 18.01 9.94 7.06 26.07 8.07 20.51 21.02 11.47 19.24 2.65 17.38 18.86 24.40 16.19
18.77 9.56 15.46 25.29 14.98 15.72 11.33 19.11 14.41 18.05 10.26 0.71 13.37 13.74 16.94 8.20 29.22 20.19
14.79 16.94 16.46 12.82 14.24 3.14 4.43 23.49 1.92 15.96 22.00 15.37 16.94 9.10 12.25 23.46 17.05 9.18
4.16 8.42 1.48 15.92 2.42 13.85 13.66 7.57 14.67 2.13 13.71 17.37 4.25 23.06 5.19 22.91 18.18 11.96
18.48 6.71 13.55 28.07 14.34 20.38 16.69 14.01 19.65 16.97 2.62 8.65 10.80 21.53 17.64 8.90 31.44 23.00
16.39 13.06 15.60 18.92 13.97 8.50 4.25 21.66 6.79 16.67 16.81 8.34 14.86 7.07 13.91 16.34 23.12 14.27
18.27 22.98 21.29 11.34 18.97 7.62 10.85 28.44 7.90 19.91 28.29 21.74 22.33 12.73 16.06 29.79 14.99 10.41
13.66 19.66 17.07 7.55 14.75 4.62 8.98 24.18 5.96 15.39 25.32 20.40 18.41 14.45 11.57 28.49 11.65 5.70
19.21 12.20 16.93 23.79 15.91 13.59 9.13 21.69 12.00 18.93 14.06 3.60 15.34 9.72 17.02 11.14 27.91 18.89
21.12 9.67 16.61 29.64 16.99 20.93 16.79 17.89 19.87 19.85 6.56 6.49 13.96 19.80 19.90 5.03 33.29 24.49
12.14 22.89 17.43 2.50 15.63 12.76 16.89 23.31 14.63 14.24 28.85 27.42 19.86 24.30 11.91 35.08 2.13 6.96
21.94 18.68 21.50 22.32 19.81 12.11 9.10 27.54 10.24 22.41 21.68 11.50 20.75 1.86 19.38 18.32 26.54 18.36
8.99 8.54 8.41 14.67 6.54 6.88 4.86 15.11 6.77 9.16 14.11 11.23 8.40 14.11 6.64 18.75 18.46 9.53
25.55 19.88 24.13 27.36 22.80 16.96 13.29 29.32 15.08 25.66 21.45 10.55 22.82 6.65 23.11 15.33 31.60 23.12
23.66 24.87 25.31 18.99 23.13 11.90 12.36 32.24 10.82 24.88 29.17 20.20 25.55 7.63 21.15 27.57 22.78 17.02
16.64 5.20 11.43 27.01 12.60 20.28 17.05 11.03 19.82 14.93 0.83 10.90 8.65 23.07 16.17 11.94 30.12 22.08
7.51 8.40 7.18 13.96 5.18 7.27 6.07 14.08 7.52 7.69 14.21 12.41 7.54 15.48 5.21 19.70 17.59 8.84
11.55 0.77 6.95 21.31 7.40 14.71 11.92 10.14 14.44 10.18 6.50 9.79 4.44 19.33 10.68 14.51 24.54 16.33
7.12 6.37 1.91 18.77 4.19 15.64 14.64 5.41 16.16 5.09 11.06 16.21 2.17 23.63 7.80 20.94 21.14 14.58
22.53 22.15 23.43 19.85 21.39 11.07 10.20 30.12 9.55 23.49 26.06 16.68 23.32 3.93 19.95 23.90 23.90 16.95
14.01 2.53 9.42 23.41 9.86 16.08 12.77 11.77 15.55 12.66 4.85 8.11 6.81 19.11 13.02 12.07 26.78 18.36
17.67 6.38 12.40 28.17 13.67 21.50 18.25 11.39 21.03 15.92 0.77 11.67 9.65 24.09 17.29 11.90 31.24 23.26
10.15 18.91 14.65 3.41 12.49 7.15 11.33 21.41 9.02 12.16 24.86 22.17 16.61 18.82 8.76 30.01 7.58 2.05
14.68 2.93 9.71 24.64 10.55 17.72 14.52 10.89 17.27 13.13 3.22 9.43 6.96 20.88 13.97 12.23 27.87 19.66
7.75 8.23 7.25 14.22 5.30 7.36 5.98 14.10 7.54 7.88 14.01 12.13 7.50 15.34 5.47 19.42 17.86 9.09
9.51 19.27 14.41 2.55 12.38 8.82 12.80 20.89 10.70 11.60 25.24 23.31 16.60 20.62 8.59 31.02 6.22 2.84
24.88 15.29 21.53 30.70 21.11 20.60 16.13 24.61 19.03 24.18 14.22 5.58 19.32 14.95 22.99 5.59 34.76 25.71
17.69 16.93 18.18 17.19 16.21 7.05 4.97 24.81 5.21 18.46 21.14 12.71 18.01 4.96 15.09 20.56 21.42 13.30
24.93 19.08 23.40 27.03 22.10 16.59 12.80 28.53 14.73 24.99 20.62 9.72 22.05 6.78 22.50 14.64 31.27 22.70
11.68 0.70 6.69 21.98 7.58 15.87 13.25 8.91 15.70 10.11 5.86 10.91 3.96 20.75 11.11 14.99 25.06 17.11
14.01 8.25 11.87 19.67 10.72 10.26 6.08 17.24 9.16 13.72 12.04 5.91 10.58 11.83 11.88 13.76 23.62 14.58
22.32 11.10 17.98 30.36 18.22 21.30 17.02 19.54 20.12 21.14 8.27 6.05 15.39 19.17 20.95 3.49 34.11 25.21
7.65 18.78 12.99 4.90 11.32 11.33 14.75 18.80 13.17 9.74 24.68 24.31 15.50 23.31 7.73 31.64 6.37 5.12
5.58 7.25 0.68 17.25 2.93 14.54 13.91 6.56 15.20 3.57 12.35 16.61 2.97 23.13 6.33 21.81 19.60 13.13
14.87 14.43 15.31 15.56 13.32 5.09 2.08 22.00 3.25 15.59 19.04 11.78 15.22 7.62 12.28 19.87 19.79 11.20
8.32 4.44 5.08 17.44 4.35 11.27 9.23 10.89 11.30 7.41 10.37 11.23 4.07 17.84 7.01 17.41 20.73 12.46
18.27 18.30 19.17 16.70 17.11 7.05 5.97 25.93 5.37 19.20 22.65 14.29 19.17 5.15 15.68 22.10 20.90 13.19
13.78 18.74 16.71 9.05 14.39 3.37 7.48 23.86 4.41 15.37 24.27 18.89 17.83 12.83 11.51 26.99 13.22 6.42
1.36 13.03 6.44 11.46 5.45 12.53 13.99 11.86 13.89 2.95 18.64 20.66 9.17 23.54 3.69 27.06 13.25 8.51
21.18 10.79 17.34 28.36 17.21 18.92 14.55 19.95 17.63 20.24 9.57 3.25 14.96 16.29 19.56 5.02 32.24 23.24
21.42 15.55 19.76 24.38 18.50 13.91 9.77 24.94 12.10 21.41 17.54 6.83 18.42 6.86 19.05 13.31 28.59 19.79
16.55 20.85 19.32 10.92 17.01 5.53 8.76 26.47 5.77 18.10 26.17 19.79 20.27 11.71 14.25 27.87 14.87 9.07
19.69 15.33 18.65 21.79 17.13 11.32 7.39 24.38 9.48 19.90 18.22 8.23 17.66 5.15 17.21 15.53 26.02 17.34
8.95 8.09 4.54 20.82 6.86 18.44 17.50 2.61 19.01 6.84 11.50 18.31 4.60 26.42 10.18 22.21 22.81 16.96
9.44 13.57 11.55 10.20 9.25 2.40 4.76 18.69 3.63 10.66 19.26 15.39 12.53 13.64 6.90 23.31 14.29 5.30
18.28 21.23 20.51 13.47 18.25 6.65 8.63 27.61 6.13 19.67 26.22 18.90 21.16 9.46 15.85 26.87 17.42 11.31
15.22 22.25 19.15 6.54 16.87 7.44 11.79 26.17 8.74 17.12 27.99 23.21 20.72 16.55 13.42 31.31 10.16 6.85
24.67 19.25 23.34 26.42 21.97 16.02 12.36 28.64 14.14 24.81 21.04 10.17 22.09 5.90 22.22 15.42 30.66 22.17
18.02 20.12 19.85 14.31 17.63 6.26 7.44 26.88 5.31 19.27 24.95 17.36 20.31 8.04 15.51 25.30 18.38 11.61
9.14 3.07 3.99 19.96 5.17 14.97 13.06 7.35 15.11 7.45 8.33 12.99 1.24 21.43 8.89 17.65 22.81 15.28
9.70 5.09 7.02 17.65 6.02 10.36 7.70 12.75 10.10 9.08 10.63 9.61 5.94 15.96 7.98 16.31 21.20 12.54
20.04 16.51 19.40 21.27 17.75 10.86 7.35 25.37 8.98 20.41 19.64 9.77 18.59 3.69 17.51 17.04 25.51 17.03
22.59 11.23 18.16 30.82 18.47 21.85 17.60 19.46 20.70 21.36 8.04 6.71 15.53 19.85 21.29 3.44 34.54 25.67
2.80 9.35 2.63 14.55 2.25 12.92 13.11 8.85 13.86 0.94 14.85 17.77 5.37 22.63 3.96 23.67 16.82 10.66
24.55 14.07 20.71 31.41 20.59 21.67 17.22 23.02 20.24 23.62 12.05 5.86 18.29 17.34 22.89 2.85 35.35 26.32
14.92 8.87 9.87 26.72 12.07 22.97 21.06 4.52 23.16 12.82 8.52 18.32 8.24 28.94 15.76 19.90 28.89 22.53
11.58 15.31 13.74 10.40 11.46 0.18 4.49 20.88 2.00 12.87 20.82 15.85 14.61 12.12 9.09 23.91 14.62 6.13
1.15 12.89 6.54 10.89 5.25 11.67 13.21 12.36 13.05 3.19 18.60 20.17 9.19 22.74 2.97 26.73 12.91 7.73
7.51 13.09 10.13 9.38 7.81 4.25 6.45 17.28 5.63 8.87 18.96 16.28 11.46 15.60 5.04 23.99 13.25 4.24
25.29 13.74 20.70 33.71 21.16 24.72 20.44 21.35 23.54 23.99 9.66 9.32 18.00 22.10 24.08 2.63 37.42 28.56
23.74 22.30 24.20 21.80 22.27 12.60 11.04 30.68 10.93 24.55 25.79 15.88 23.85 2.58 21.14 22.71 25.90 18.66
6.47 7.28 1.74 18.25 4.04 15.64 14.91 5.44 16.27 4.39 11.98 17.01 3.02 24.04 7.41 21.85 20.48 14.21
27.85 16.71 23.60 35.32 23.78 25.74 21.30 24.90 24.34 26.73 13.31 9.89 21.00 21.23 26.38 2.13 39.21 30.20
9.68 8.98 5.56 21.54 7.86 19.46 18.58 1.71 20.07 7.58 11.98 19.24 5.66 27.50 11.07 22.90 23.38 17.81
19.78 23.23 22.30 13.80 20.01 8.40 10.66 29.43 8.08 21.28 28.25 20.84 23.06 10.65 17.43 28.76 17.52 12.36
19.36 7.67 14.24 29.36 15.27 21.98 18.39 13.78 21.32 17.73 2.12 10.37 11.46 23.32 18.73 9.55 32.62 24.34
5.60 8.15 5.36 13.67 3.19 8.61 8.07 12.43 9.18 5.64 14.12 13.86 6.26 17.54 3.58 20.75 16.98 8.74
19.87 10.32 16.43 26.46 16.03 16.84 12.43 19.79 15.50 19.10 10.37 1.06 14.25 14.28 18.07 7.09 30.40 21.36
10.72 16.90 14.03 7.30 11.71 3.18 7.51 21.14 5.04 12.39 22.67 18.69 15.43 14.91 8.56 26.68 11.52 3.45
9.12 16.30 12.80 6.47 10.52 4.46 8.36 19.84 6.33 10.89 22.19 19.11 14.43 16.41 7.12 26.96 10.57 1.80
16.18 9.14 13.69 21.78 12.74 12.09 7.70 18.54 10.79 15.78 11.85 3.79 12.11 11.49 14.10 11.83 25.78 16.73
26.66 24.60 26.93 24.67 25.06 15.58 13.88 33.25 13.91 27.42 27.66 17.29 26.43 4.55 24.06 23.42 28.73 21.63
15.24 12.30 14.53 18.01 12.86 7.67 3.27 20.71 6.06 15.53 16.36 8.60 13.88 8.01 12.75 16.69 22.18 13.27
6.47 5.70 3.60 16.16 2.48 11.10 9.81 10.19 11.44 5.55 11.66 13.07 3.65 18.88 5.37 19.25 19.27 11.35
19.54 19.53 20.48 17.48 18.42 8.17 7.28 27.24 6.57 20.49 23.77 15.07 20.47 4.55 16.95 22.74 21.62 14.20
5.34 8.95 2.44 17.21 4.17 15.63 15.40 6.06 16.45 3.23 13.73 18.46 4.66 24.75 6.82 23.54 19.19 13.50
12.47 10.20 11.73 16.43 10.02 6.76 2.68 18.08 5.69 12.70 14.93 9.20 11.26 10.73 10.03 17.20 20.48 11.44
8.71 17.80 13.29 4.08 11.17 7.27 11.14 20.00 9.14 10.74 23.76 21.61 15.33 19.17 7.41 29.33 7.93 1.13
21.95 12.85 18.79 27.74 18.25 17.73 13.26 22.35 16.21 21.32 12.75 2.70 16.71 13.27 20.02 6.98 31.78 22.73
21.23 20.93 22.11 18.86 20.07 9.82 8.89 28.82 8.26 22.17 24.96 15.82 22.03 3.82 18.64 23.24 22.96 15.78
19.48 10.34 16.23 25.79 15.72 16.09 11.67 19.88 14.72 18.79 10.85 0.24 14.15 13.49 17.62 7.87 29.76 20.71
4.20 13.05 8.25 8.85 6.11 7.81 9.84 15.08 9.28 5.98 19.01 18.39 10.30 19.19 2.36 25.64 11.95 4.44
17.08 18.51 18.55 14.58 16.38 5.44 5.83 25.51 4.10 18.20 23.26 15.68 18.87 7.31 14.53 23.65 18.75 11.32
23.20 18.68 22.23 24.44 20.72 14.08 10.62 27.87 12.20 23.47 21.04 10.40 21.19 3.98 20.70 16.53 28.67 20.28
16.87 13.96 16.31 18.81 14.61 8.33 4.34 22.48 6.54 17.24 17.73 9.10 15.66 6.23 14.35 17.03 23.02 14.29
5.69 14.11 9.69 7.70 7.50 6.72 9.33 16.58 8.34 7.50 20.08 18.69 11.63 18.42 3.83 26.16 11.12 2.98
4.89 7.10 2.97 15.01 1.03 10.98 10.33 10.06 11.57 4.06 12.99 14.59 4.21 19.67 3.99 20.83 17.94 10.38
16.70 17.55 17.88 15.02 15.76 5.32 4.91 24.77 3.71 17.71 22.22 14.57 18.07 6.85 14.12 22.55 19.23 11.44
3.33 9.68 2.73 15.20 3.15 13.99 14.18 8.07 14.94 1.22 14.94 18.49 5.50 23.68 4.93 24.15 17.26 11.52
0.67 11.38 4.84 12.54 3.83 12.25 13.20 10.71 13.44 1.46 17.00 19.19 7.54 22.78 3.00 25.47 14.64 9.04
25.79 20.69 24.64 27.00 23.21 16.70 13.27 30.04 14.82 26.00 22.51 11.63 23.45 5.74 23.31 16.66 31.23 22.92
4.36 12.29 5.41 15.44 6.04 16.06 16.76 8.35 17.21 3.22 17.17 21.39 8.00 26.32 6.79 26.85 16.80 12.59
23.74 22.86 24.45 21.25 22.46 12.38 11.23 31.05 10.81 24.64 26.52 16.79 24.23 3.57 21.15 23.74 25.29 18.32
18.66 7.60 14.40 26.92 14.57 18.23 14.15 16.55 17.22 17.51 6.30 4.77 11.87 17.87 17.32 7.09 30.59 21.77
14.78 11.94 10.60 26.61 12.92 24.44 23.19 3.47 24.92 12.70 12.51 21.90 9.97 31.68 16.22 23.90 28.24 22.97
15.63 8.67 13.13 21.39 12.17 11.81 7.48 18.02 10.57 15.21 11.59 4.17 11.56 11.79 13.56 12.12 25.36 16.31
22.71 16.34 20.87 25.79 19.69 15.32 11.19 25.83 13.52 22.63 17.90 7.01 19.42 7.59 20.37 12.70 30.01 21.21
13.87 6.75 11.11 20.52 10.26 11.55 7.57 15.99 10.60 13.32 10.36 5.47 9.50 13.41 11.95 12.85 24.36 15.38
24.28 12.95 19.87 32.33 20.17 23.17 18.85 21.08 21.95 23.07 9.54 7.64 17.24 20.39 22.94 1.85 36.10 27.19
17.87 6.99 13.69 26.05 13.79 17.39 13.34 16.13 16.41 16.75 6.39 4.51 11.22 17.37 16.48 7.86 29.73 20.90
5.66 17.34 11.02 7.79 9.71 12.68 15.46 16.27 14.41 7.57 23.10 23.97 13.70 24.55 6.63 30.90 8.77 6.94
16.38 18.50 18.13 13.48 15.92 4.63 5.86 25.16 3.60 17.59 23.44 16.29 18.61 8.42 13.86 24.32 17.64 10.32
21.40 12.89 18.51 26.73 17.81 16.62 12.16 22.46 15.06 20.88 13.38 2.65 16.57 11.98 19.37 8.29 30.82 21.77
16.63 20.81 19.35 11.11 17.04 5.53 8.66 26.50 5.70 18.17 26.10 19.66 20.28 11.50 14.31 27.74 15.07 9.21
18.21 19.57 19.71 15.24 17.54 6.51 6.91 26.66 5.25 19.35 24.23 16.32 20.01 6.88 15.66 24.21 19.36 12.24
2.23 12.82 7.11 9.83 5.32 9.93 11.65 13.52 11.34 4.24 18.70 19.30 9.52 21.13 1.90 26.18 12.33 6.16
3.45 9.03 2.14 15.25 2.44 13.53 13.57 8.14 14.43 1.41 14.40 17.76 4.92 23.03 4.66 23.46 17.48 11.38
3.23 12.56 7.42 9.53 5.37 8.68 10.42 14.16 10.07 5.01 18.51 18.44 9.60 19.87 1.58 25.51 12.41 5.36
9.66 8.88 9.09 14.88 7.24 6.61 4.23 15.74 6.33 9.86 14.30 10.84 8.99 13.40 7.27 18.48 18.74 9.75
20.81 23.06 22.83 15.85 20.60 9.10 10.38 29.88 8.31 22.15 27.77 19.66 23.32 8.56 18.35 27.41 19.68 13.91
6.20 6.49 4.25 15.33 2.61 10.13 9.00 11.07 10.52 5.61 12.46 13.13 4.62 18.21 4.75 19.61 18.52 10.45
20.00 21.07 21.45 16.61 19.30 8.29 8.50 28.37 7.04 21.14 25.54 17.13 21.68 6.22 17.45 24.84 20.66 13.89
11.60 22.87 16.99 4.39 15.39 14.08 17.99 22.45 15.96 13.63 28.77 28.12 19.55 25.84 11.81 35.59 2.69 7.97
16.73 16.40 17.36 16.27 15.35 6.07 4.13 24.07 4.22 17.55 20.81 12.82 17.29 5.96 14.13 20.77 20.51 12.32
18.78 19.39 19.97 16.38 17.86 7.26 6.89 26.83 5.77 19.82 23.84 15.53 20.10 5.65 16.21 23.32 20.52 13.20
17.20 21.09 19.81 11.76 17.51 5.94 8.79 26.95 5.92 18.71 26.31 19.62 20.68 11.04 14.86 27.67 15.69 9.85
25.40 15.77 22.04 31.18 21.63 21.06 16.60 25.08 19.48 24.69 14.60 6.10 19.82 15.20 23.51 5.59 35.25 26.20
11.57 20.62 16.24 2.15 14.11 8.40 12.73 22.91 10.22 13.63 26.56 23.73 18.27 19.70 10.36 31.62 6.38 3.74
4.95 16.71 10.09 9.58 9.11 13.81 16.20 14.82 15.45 6.57 22.32 23.99 12.84 25.50 6.59 30.64 10.36 8.41
21.20 23.27 23.15 16.30 20.93 9.47 10.60 30.18 8.62 22.51 27.92 19.67 23.60 8.32 18.73 27.38 20.14 14.34
19.21 7.74 13.97 29.54 15.18 22.53 19.09 12.92 21.95 17.48 1.77 11.55 11.21 24.37 18.75 10.75 32.69 24.58
11.36 4.03 8.01 19.55 7.46 11.91 8.76 12.85 11.43 10.52 9.01 8.13 6.30 16.14 9.81 14.47 23.11 14.44
18.68 14.92 17.85 20.62 16.26 10.14 6.25 23.77 8.31 18.97 18.16 8.62 17.00 5.21 16.19 16.21 24.85 16.17
3.04 9.51 2.63 14.88 2.71 13.48 13.67 8.44 14.43 0.95 14.89 18.14 5.41 23.17 4.46 23.92 17.04 11.10
20.24 22.06 22.04 15.96 19.84 8.48 9.39 29.05 7.51 21.50 26.69 18.51 22.43 7.60 17.74 26.27 19.90 13.65
21.48 9.77 16.69 30.58 17.33 22.25 18.24 17.16 21.30 20.06 5.50 8.38 13.95 21.69 20.47 5.95 34.10 25.45
12.62 9.86 8.23 24.49 10.55 22.05 20.80 1.27 22.52 10.52 11.30 20.00 7.59 29.37 13.93 22.62 26.31 20.70
10.19 19.09 14.76 3.16 12.61 7.42 11.60 21.48 9.29 12.22 25.04 22.42 16.75 19.07 8.87 30.25 7.32 2.21
3.61 14.59 8.81 8.26 7.09 10.07 12.42 14.98 11.67 5.73 20.47 20.77 11.28 21.70 3.58 27.81 10.57 5.26
6.43 6.07 1.04 17.87 3.08 14.44 13.46 6.61 14.96 4.55 11.24 15.53 1.81 22.51 6.80 20.64 20.39 13.55
10.72 12.42 11.73 12.61 9.57 3.11 2.43 18.71 2.89 11.57 17.82 13.07 12.16 11.80 8.12 21.06 16.73 7.74
27.95 17.73 24.29 34.13 24.07 24.07 19.60 26.71 22.49 27.12 15.62 8.78 21.92 17.94 26.17 4.78 38.18 29.12
14.71 5.87 11.31 22.13 10.84 13.41 9.46 15.40 12.49 13.91 8.62 4.78 9.31 14.84 13.02 11.37 25.88 16.98
25.20 13.89 20.81 33.17 21.10 23.92 19.57 21.98 22.65 24.00 10.40 8.25 18.18 20.74 23.85 1.13 36.96 28.03
19.74 17.66 19.74 19.70 17.91 9.52 6.84 26.09 7.66 20.35 21.30 11.90 19.27 2.75 17.16 19.36 23.92 15.78
2.82 14.01 8.08 9.06 6.45 10.47 12.55 14.19 11.99 4.94 19.85 20.51 10.60 21.93 3.14 27.41 11.28 5.97
22.58 13.13 19.26 28.58 18.81 18.62 14.15 22.55 17.11 21.88 12.61 3.28 17.09 14.10 20.69 6.10 32.61 23.55
10.81 5.56 5.53 22.43 7.63 18.50 16.80 4.03 18.76 8.77 8.30 15.79 3.75 25.12 11.38 19.13 24.84 18.10
18.20 19.76 19.80 15.02 17.61 6.48 7.09 26.77 5.30 19.38 24.46 16.63 20.14 7.17 15.67 24.53 19.13 12.11
4.85 15.57 9.99 7.02 8.18 9.62 12.37 16.23 11.32 6.96 21.49 21.29 12.40 21.45 4.51 28.50 9.46 4.28
2.63 9.24 2.79 14.18 1.83 12.30 12.49 9.35 13.23 1.25 14.85 17.38 5.41 22.01 3.41 23.43 16.58 10.17
25.59 23.62 25.86 23.74 23.99 14.54 12.80 32.21 12.85 26.34 26.78 16.52 25.39 3.54 22.99 22.88 27.82 20.62
20.36 18.63 20.55 19.75 18.67 9.78 7.50 26.98 7.96 21.05 22.31 12.88 20.15 2.20 17.77 20.26 23.95 16.02
9.21 13.35 11.29 10.27 8.99 2.65 4.81 18.44 3.83 10.42 19.05 15.31 12.28 13.78 6.67 23.20 14.33 5.31
5.78 10.59 4.19 17.45 5.71 16.85 16.93 5.99 17.80 3.91 15.07 20.21 6.32 26.35 7.75 25.15 19.07 14.16
20.90 23.75 23.19 15.24 20.93 9.33 11.08 30.29 8.76 22.33 28.59 20.72 23.81 9.77 18.50 28.52 18.96 13.68
24.86 20.74 24.13 25.32 22.55 15.17 12.09 29.89 13.30 25.24 23.10 12.40 23.18 3.70 22.33 18.17 29.53 21.42
18.27 17.47 18.78 17.56 16.81 7.53 5.57 25.40 5.71 19.06 21.61 12.99 18.60 4.45 15.68 20.76 21.78 13.77
10.37 10.59 10.53 14.02 8.52 5.01 2.72 17.33 4.60 10.88 15.93 11.54 10.64 12.22 7.84 19.42 18.03 8.97
12.75 6.27 7.48 24.38 9.56 20.23 18.29 4.31 20.40 10.70 7.39 16.13 5.56 26.27 13.32 18.63 26.78 20.03
22.88 15.96 20.79 26.45 19.72 16.00 11.76 25.50 14.23 22.70 17.18 6.27 19.21 8.70 20.60 11.61 30.65 21.77
3.48 12.86 5.91 14.17 6.04 15.24 16.25 9.60 16.49 2.99 17.98 21.58 8.63 25.83 6.05 27.34 15.51 11.46
22.28 24.38 24.28 17.02 22.06 10.57 11.72 31.32 9.75 23.62 28.99 20.58 24.73 8.79 19.82 28.21 20.76 15.29
25.00 20.50 24.10 25.79 22.58 15.56 12.32 29.73 13.68 25.31 22.69 11.91 23.06 4.36 22.48 17.49 30.01 21.80
19.21 12.28 16.97 23.73 15.94 13.51 9.05 21.76 11.91 18.94 14.18 3.73 15.40 9.59 17.01 11.26 27.85 18.84
23.73 13.19 19.84 30.75 19.75 21.12 16.68 22.14 19.73 22.77 11.22 5.27 17.41 17.27 22.10 2.97 34.67 25.65
17.41 11.10 15.34 22.00 14.21 11.89 7.42 20.44 10.38 17.20 13.71 4.34 13.92 9.64 15.19 12.37 26.10 17.07
11.86 20.42 16.34 3.10 14.16 7.62 12.01 23.12 9.41 13.88 26.34 23.14 18.26 18.77 10.46 31.07 7.28 3.68
18.23 20.68 20.24 14.03 18.00 6.50 8.02 27.30 5.73 19.55 25.57 18.06 20.78 8.59 15.76 26.00 18.05 11.57
20.58 15.89 19.43 22.70 17.96 12.23 8.33 25.04 10.38 20.76 18.52 8.22 18.36 5.10 18.11 15.22 26.93 18.26
26.93 15.80 22.68 34.46 22.86 24.93 20.51 24.04 23.57 25.81 12.48 9.09 20.09 20.73 25.47 1.21 38.33 29.34
4.57 13.40 8.67 8.47 6.52 7.57 9.78 15.50 9.09 6.38 19.37 18.56 10.70 19.06 2.78 25.86 11.63 4.02
10.16 9.75 6.29 22.00 8.57 20.19 19.38 1.37 20.82 8.09 12.51 20.01 6.48 28.32 11.67 23.53 23.72 18.38
19.00 22.71 21.61 13.01 19.31 7.71 10.23 28.75 7.53 20.52 27.82 20.67 22.43 10.96 16.67 28.64 16.76 11.54
12.87 10.20 8.55 24.74 10.87 22.38 21.15 1.49 22.86 10.78 11.54 20.33 7.94 29.73 14.22 22.88 26.51 20.99
7.81 7.43 6.76 14.91 4.96 8.15 6.52 13.47 8.26 7.73 13.22 11.75 6.80 15.72 5.69 18.88 18.48 9.80
13.59 2.47 9.15 22.79 9.45 15.38 12.06 11.96 14.85 12.31 5.55 7.86 6.64 18.51 12.50 12.32 26.20 17.72
17.66 17.96 18.65 16.08 16.56 6.39 5.50 25.46 4.73 18.61 22.43 14.32 18.71 5.77 15.07 22.21 20.28 12.54
8.54 12.11 6.66 19.92 8.49 19.76 19.73 4.76 20.68 6.78 15.70 22.16 8.13 29.08 10.64 26.42 21.16 16.92
25.77 15.60 22.11 32.11 21.88 22.15 17.68 24.67 20.63 24.93 13.79 6.65 19.76 16.84 24.00 3.94 36.13 27.07
20.51 23.50 22.85 14.82 20.58 8.97 10.85 29.95 8.46 21.95 28.39 20.64 23.50 9.93 18.12 28.49 18.55 13.25
6.86 17.50 12.03 5.05 10.20 9.79 13.13 18.21 11.61 8.98 23.44 22.73 14.42 21.77 6.48 30.12 7.48 3.69
12.57 8.16 7.67 24.40 9.94 21.16 19.60 2.37 21.50 10.45 9.46 18.20 6.45 27.92 13.54 20.75 26.49 20.34
17.00 19.26 18.86 13.61 16.63 5.24 6.62 25.90 4.33 18.25 24.19 16.91 19.36 8.44 14.50 24.91 17.73 10.70
20.01 21.19 21.52 16.50 19.35 8.29 8.60 28.45 7.07 21.17 25.69 17.32 21.77 6.42 17.47 25.03 20.53 13.83
15.95 19.24 18.22 11.91 15.94 4.33 6.88 25.34 4.05 17.33 24.41 17.80 18.96 10.13 13.51 25.87 16.02 9.19
2.91 10.65 3.71 14.70 3.92 14.18 14.66 8.55 15.24 1.14 15.90 19.39 6.47 24.20 4.96 25.11 16.58 11.28
19.13 7.38 14.28 28.50 14.98 20.56 16.76 14.91 19.76 17.67 3.48 8.14 11.54 21.20 18.20 8.00 31.94 23.40
16.97 5.58 11.75 27.38 12.95 20.66 17.42 11.16 20.19 15.25 0.55 11.11 8.98 23.37 16.53 11.88 30.48 22.45
1.87 11.35 5.78 11.12 3.87 9.92 11.07 12.45 11.15 3.34 17.22 18.04 8.09 20.63 0.75 24.80 13.77 7.06
17.82 19.93 19.64 14.19 17.42 6.06 7.25 26.68 5.11 19.07 24.77 17.23 20.11 8.08 15.31 25.19 18.27 11.44
8.10 5.42 5.60 16.60 4.41 10.19 8.22 11.80 10.23 7.47 11.29 11.22 5.00 17.01 6.50 17.78 20.00 11.57
20.05 19.64 20.83 18.21 18.81 8.79 7.60 27.52 7.15 20.95 23.73 14.79 20.73 3.81 17.45 22.35 22.36 14.88
14.25 5.21 10.72 21.97 10.33 13.47 9.66 14.75 12.64 13.39 8.19 5.38 8.68 15.37 12.64 11.67 25.67 16.82
21.34 23.88 23.50 15.88 21.25 9.69 11.19 30.57 9.01 22.73 28.63 20.55 24.05 9.31 18.91 28.30 19.62 14.22
4.15 9.10 5.00 12.77 2.67 9.00 9.11 12.14 9.84 4.43 15.06 15.33 6.54 18.67 2.15 22.13 15.88 8.06
19.00 7.23 14.08 28.54 14.86 20.77 17.03 14.47 20.01 17.49 2.94 8.67 11.32 21.66 18.15 8.48 31.94 23.47
12.82 17.50 15.56 9.28 13.24 2.15 6.43 22.71 3.42 14.33 23.04 17.85 16.61 12.61 10.48 25.94 13.50 5.95
20.56 17.58 20.19 21.10 18.47 10.82 7.71 26.31 8.94 21.04 20.83 10.99 19.51 2.52 18.00 18.18 25.33 17.05
21.95 10.87 17.71 29.83 17.87 20.70 16.41 19.51 19.50 20.82 8.42 5.39 15.16 18.52 20.53 3.78 33.61 24.69
8.83 20.12 14.20 4.73 12.61 12.47 16.03 19.78 14.33 10.87 26.00 25.70 16.77 24.42 9.07 33.04 5.26 6.21
10.73 7.65 9.23 16.70 7.73 8.21 5.04 15.40 7.65 10.61 12.76 9.13 8.57 13.34 8.54 16.67 20.54 11.56
23.63 16.21 21.33 27.49 20.35 17.07 12.78 25.78 15.31 23.37 17.03 6.20 19.63 9.73 21.39 10.75 31.68 22.78
16.13 7.39 10.77 27.57 12.66 22.56 20.06 7.34 22.48 14.12 5.34 15.73 8.46 27.19 16.46 16.65 30.14 23.03
21.32 22.18 22.73 17.71 20.59 9.61 9.70 29.62 8.35 22.45 26.51 17.77 22.91 5.99 18.77 25.33 21.69 15.15
7.04 9.25 3.76 18.89 5.82 17.38 16.97 4.36 18.15 4.97 13.38 19.18 5.14 26.21 8.62 23.72 20.71 15.28
15.73 12.06 14.73 18.88 13.16 8.57 4.15 20.70 6.97 15.91 15.85 7.73 13.91 8.06 13.29 15.80 23.04 14.10
12.04 23.04 17.38 3.38 15.68 13.46 17.50 23.08 15.33 14.11 28.98 27.88 19.88 25.09 12.00 35.46 1.98 7.51
11.05 21.08 16.09 0.83 14.12 10.20 14.36 22.41 12.07 13.16 27.05 25.05 18.34 21.76 10.32 32.80 4.55 4.57
26.12 15.76 22.36 32.66 22.20 22.76 18.29 24.72 21.25 25.24 13.68 7.14 19.97 17.56 24.40 3.37 36.66 27.61
25.42 14.05 20.98 33.47 21.31 24.26 19.92 22.03 23.00 24.20 10.41 8.62 18.34 21.13 24.09 1.37 37.24 28.33
8.17 9.70 8.51 13.18 6.40 5.85 4.89 15.48 6.10 8.66 15.41 12.67 8.97 14.44 5.67 20.24 16.97 8.03
17.61 13.67 16.63 20.12 15.07 9.67 5.50 22.51 7.90 17.82 17.04 7.88 15.74 6.42 15.14 15.71 24.33 15.51
13.35 10.18 12.31 17.43 10.71 7.62 3.31 18.44 6.40 13.48 14.59 8.26 11.62 10.27 10.95 16.30 21.50 12.45
11.90 22.10 17.01 0.74 15.08 11.14 15.35 23.23 12.99 14.01 28.07 26.09 19.31 22.57 11.29 33.85 3.57 5.63
4.94 16.47 10.33 7.65 8.87 11.68 14.37 15.92 13.38 6.96 22.29 22.90 12.94 23.50 5.62 29.89 9.16 6.11
18.76 7.86 14.60 26.83 14.69 18.02 13.89 16.91 16.97 17.65 6.79 4.29 12.11 17.43 17.35 6.96 30.54 21.68
1.90 12.04 6.39 10.51 4.55 9.91 11.33 12.94 11.23 3.71 17.92 18.64 8.76 20.87 1.22 25.45 13.09 6.62
16.46 5.00 11.27 26.81 12.41 20.07 16.85 10.98 19.61 14.77 1.00 10.78 8.49 22.89 15.98 11.96 29.93 21.87
19.33 20.89 20.98 15.67 18.79 7.58 8.23 27.95 6.47 20.53 25.52 17.42 21.31 7.07 16.80 25.23 19.71 13.03
16.84 5.99 12.66 25.17 12.76 16.71 12.76 15.24 15.80 15.71 6.08 4.97 10.20 17.36 15.49 8.89 28.81 20.03
14.14 2.53 9.08 24.33 10.04 17.72 14.68 10.07 17.35 12.53 3.45 10.16 6.30 21.34 13.55 13.03 27.48 19.40
26.74 15.85 22.66 33.92 22.71 24.24 19.79 24.38 22.81 25.70 12.97 8.40 20.13 19.63 25.18 1.67 37.84 28.81
5.70 17.08 11.08 6.78 9.52 11.39 14.32 16.78 13.14 7.76 22.93 23.20 13.65 23.30 6.11 30.32 8.34 5.58
11.92 21.45 16.80 0.99 14.74 9.61 13.92 23.30 11.44 14.01 27.42 24.86 18.93 20.89 10.94 32.72 5.16 4.62
9.70 10.23 6.20 21.49 8.42 20.03 19.40 2.12 20.74 7.67 13.23 20.46 6.73 28.45 11.35 24.17 23.11 18.00
7.67 11.20 5.57 19.23 7.41 18.73 18.64 4.70 19.63 5.82 15.06 21.18 7.14 27.98 9.66 25.61 20.65 16.05
11.17 22.51 16.56 4.65 15.01 14.07 17.91 21.96 15.95 13.19 28.40 27.91 19.15 25.89 11.46 35.34 3.21 7.90
10.15 3.69 4.77 21.37 6.47 16.73 14.83 5.95 16.89 8.27 7.68 13.95 2.24 23.06 10.26 17.87 24.05 16.82
24.59 21.16 24.17 24.43 22.49 14.46 11.72 30.14 12.62 25.08 23.84 13.30 23.37 2.59 22.03 19.39 28.63 20.71
6.60 10.49 4.48 18.29 6.23 17.54 17.47 5.20 18.44 4.68 14.72 20.30 6.30 26.83 8.51 25.01 19.88 14.97
21.68 11.19 17.79 28.90 17.69 19.45 15.07 20.27 18.15 20.72 9.72 3.73 15.38 16.63 20.07 4.49 32.77 23.77
10.26 10.60 10.46 13.91 8.44 4.96 2.80 17.28 4.60 10.78 15.96 11.65 10.60 12.31 7.72 19.52 17.91 8.86
10.86 10.26 7.05 22.68 9.33 20.95 20.11 1.08 21.58 8.81 12.70 20.52 7.15 29.02 12.42 23.83 24.33 19.11
14.71 10.22 10.01 26.58 12.31 23.58 21.98 3.53 23.91 12.60 10.37 19.96 8.86 30.17 15.85 21.76 28.51 22.64
8.93 13.71 11.32 9.62 9.00 2.83 5.45 18.47 4.26 10.24 19.47 15.94 12.45 14.32 6.43 23.81 13.67 4.65
2.31 9.47 3.38 13.52 1.85 11.55 11.88 10.11 12.52 1.68 15.19 17.22 5.85 21.43 2.65 23.47 16.03 9.43
14.98 13.15 14.76 16.92 12.94 6.49 2.33 21.19 4.79 15.45 17.48 9.96 14.37 7.70 12.43 18.05 21.12 12.31
20.50 8.77 15.41 30.36 16.39 22.75 19.04 14.94 22.01 18.89 3.32 10.37 12.63 23.52 19.81 8.65 33.67 25.31
6.99 15.66 11.27 6.18 9.09 6.55 9.83 18.09 8.33 8.92 21.63 19.80 13.23 18.50 5.39 27.41 9.79 1.42
29.12 28.62 30.15 25.09 28.11 17.47 16.92 36.81 16.11 30.16 32.12 22.01 30.00 8.80 26.55 28.34 28.85 22.96
9.73 21.13 15.12 4.97 13.59 13.43 17.07 20.51 15.30 11.73 27.00 26.79 17.72 25.35 10.11 34.12 4.58 7.18
9.16 12.50 10.79 11.15 8.53 3.15 4.23 17.90 3.90 10.20 18.16 14.41 11.61 13.51 6.57 22.28 15.17 6.12
6.25 8.62 2.70 18.13 4.75 16.32 15.90 5.15 17.08 4.14 13.12 18.38 4.39 25.15 7.65 23.18 20.10 14.37
9.66 10.53 6.34 21.41 8.53 20.12 19.56 2.38 20.85 7.65 13.56 20.75 6.98 28.65 11.37 24.50 22.97 17.98
5.38 13.12 6.34 16.05 7.13 17.12 17.88 8.32 18.30 4.35 17.80 22.39 8.82 27.44 7.87 27.70 17.16 13.46
18.09 15.59 17.80 19.09 16.03 8.66 5.26 24.06 6.79 18.57 19.30 10.28 17.24 4.66 15.53 18.02 23.33 14.83
6.24 15.60 10.81 6.24 8.72 7.52 10.62 17.49 9.28 8.25 21.57 20.27 12.92 19.44 4.94 27.76 9.53 2.20
12.92 20.99 17.23 4.05 15.00 7.40 11.86 24.10 9.08 14.90 26.87 23.15 19.03 18.05 11.37 31.16 8.04 4.59
19.94 20.14 21.00 17.52 18.91 8.46 7.82 27.79 6.94 20.94 24.39 15.67 21.03 4.75 17.36 23.31 21.64 14.40
14.45 19.66 17.53 8.89 15.21 4.28 8.34 24.68 5.25 16.09 25.19 19.72 18.70 13.17 12.24 27.83 12.97 6.80
10.62 21.76 15.98 3.77 14.33 13.00 16.86 21.61 14.88 12.68 27.68 26.94 18.51 24.82 10.71 34.42 3.43 6.84
24.06 14.13 20.52 30.34 20.21 20.41 15.94 23.37 18.92 23.27 12.86 4.88 18.24 15.60 22.26 4.62 34.35 25.30
19.87 17.35 19.68 20.20 17.89 9.93 6.98 25.92 8.06 20.41 20.84 11.29 19.10 2.79 17.29 18.69 24.43 16.18
18.19 7.43 14.09 26.20 14.13 17.42 13.30 16.61 16.38 17.11 6.84 4.09 11.64 17.07 16.76 7.54 29.92 21.06
25.83 20.95 24.78 26.81 23.31 16.56 13.23 30.27 14.68 26.08 22.88 12.03 23.65 5.39 23.33 17.16 31.04 22.79
8.35 5.26 5.75 16.81 4.63 10.29 8.21 11.86 10.28 7.69 11.11 10.98 5.05 16.91 6.74 17.54 20.22 11.77
25.11 23.28 25.44 23.23 23.55 14.04 12.34 31.83 12.36 25.88 26.53 16.36 25.00 3.23 22.51 22.85 27.31 20.11
27.08 25.81 27.71 24.21 25.75 15.68 14.52 34.22 14.14 27.97 29.13 18.94 27.39 5.81 24.49 25.28 28.17 21.53
5.63 6.20 1.35 16.62 1.71 12.86 11.96 8.19 13.39 4.10 11.83 14.88 2.52 21.12 5.51 20.52 19.33 12.14
12.97 4.24 9.40 21.02 9.02 12.95 9.42 13.64 12.28 12.07 8.18 6.69 7.42 15.93 11.43 12.85 24.65 15.89
17.48 18.33 18.71 15.41 16.58 5.99 5.72 25.60 4.47 18.52 22.93 15.05 18.89 6.45 14.90 22.97 19.59 12.02
15.11 5.24 9.73 26.19 11.35 20.60 17.92 8.02 20.42 13.21 3.71 13.51 7.13 24.89 15.12 15.06 28.98 21.49
23.18 13.22 19.61 29.63 19.31 19.79 15.33 22.47 18.33 22.37 12.06 4.09 17.32 15.49 21.41 4.70 33.61 24.56
11.41 8.80 10.31 16.46 8.69 7.42 3.90 16.59 6.67 11.47 13.74 9.12 9.76 12.19 9.08 16.92 20.41 11.36
7.74 12.79 10.09 9.85 7.77 4.05 5.97 17.24 5.31 9.00 18.63 15.79 11.31 15.19 5.21 23.52 13.74 4.71
14.65 19.75 17.69 9.11 15.37 4.35 8.33 24.84 5.23 16.28 25.26 19.69 18.83 12.98 12.43 27.80 13.18 7.03
10.16 6.50 5.08 21.92 7.32 18.55 17.12 3.12 18.92 8.07 9.47 16.77 3.91 25.68 10.97 20.29 24.17 17.75
29.16 18.31 25.12 36.10 25.15 26.26 21.79 26.76 24.77 28.15 15.25 10.54 22.59 20.77 27.57 3.88 40.07 31.02
7.20 15.62 11.36 6.27 9.16 6.21 9.54 18.23 8.00 9.09 21.58 19.59 13.27 18.17 5.49 27.24 9.97 1.32
24.13 16.89 21.93 27.72 20.91 17.27 13.04 26.46 15.48 23.91 17.75 6.92 20.27 9.42 21.86 11.30 31.93 23.06
12.50 13.15 13.21 13.81 11.13 3.53 0.94 20.07 2.25 13.28 18.22 12.35 13.39 10.01 9.90 20.44 18.00 9.16
15.37 16.98 16.82 13.62 14.64 3.85 4.33 23.80 2.37 16.46 21.91 14.93 17.19 8.30 12.81 23.00 17.84 9.96
25.20 22.36 25.07 24.31 23.30 14.63 12.30 31.20 12.84 25.80 25.22 14.77 24.40 2.73 22.61 20.93 28.46 20.84
16.65 21.92 19.86 9.72 17.54 6.50 10.21 27.01 7.14 18.35 27.39 21.42 21.04 13.46 14.51 29.52 13.49 8.70
14.23 3.52 10.01 23.00 10.12 15.17 11.63 13.04 14.51 13.06 6.01 6.77 7.59 17.65 12.98 11.54 26.51 17.89
22.34 20.01 22.35 21.69 20.53 11.82 9.46 28.63 10.01 22.98 23.31 13.33 21.80 0.17 19.76 20.23 25.88 18.05
11.07 9.96 10.67 15.20 8.82 6.00 2.78 17.26 5.31 11.39 15.09 10.36 10.47 11.82 8.61 18.25 19.21 10.15
14.63 5.98 11.30 21.95 10.79 13.19 9.24 15.50 12.27 13.86 8.84 4.80 9.35 14.64 12.91 11.51 25.72 16.80
2.23 9.56 3.27 13.68 2.00 11.91 12.25 9.85 12.89 1.32 15.23 17.48 5.83 21.79 2.93 23.65 16.10 9.67
18.12 16.46 18.22 18.31 16.35 8.02 5.23 24.67 6.14 18.75 20.40 11.58 17.85 4.36 15.53 19.34 22.55 14.26
5.05 11.39 4.69 16.51 5.79 16.48 16.85 7.09 17.52 3.43 16.08 20.78 7.10 26.35 7.26 25.98 18.00 13.42
8.05 17.27 12.66 4.55 10.55 7.35 11.05 19.34 9.21 10.08 23.24 21.32 14.73 19.31 6.78 28.99 8.22 1.10
9.21 9.42 5.42 21.06 7.68 19.30 18.58 2.22 19.96 7.14 12.63 19.64 5.87 27.61 10.73 23.48 22.81 17.43
22.98 16.44 21.07 26.15 19.92 15.68 11.53 25.95 13.88 22.87 17.87 6.97 19.58 7.91 20.65 12.45 30.37 21.55
14.18 21.85 18.36 5.10 16.10 7.62 12.07 25.29 9.14 16.14 27.67 23.46 20.07 17.57 12.54 31.52 8.82 5.81
9.03 12.43 10.68 11.11 8.41 3.25 4.33 17.79 4.03 10.07 18.11 14.45 11.51 13.63 6.45 22.30 15.13 6.08
28.28 27.62 29.22 24.55 27.19 16.68 15.98 35.85 15.27 29.28 31.11 21.01 29.03 7.78 25.70 27.38 28.38 22.27
14.53 5.13 10.88 22.37 10.58 13.90 10.08 14.70 13.07 13.62 7.83 5.28 8.76 15.67 12.96 11.32 26.06 17.22
8.50 8.80 4.54 20.37 6.80 18.42 17.69 2.88 19.08 6.41 12.36 18.96 5.08 26.74 9.92 23.02 22.24 16.65
11.99 8.55 10.60 17.22 9.10 8.08 4.31 16.68 7.22 11.95 13.28 8.37 9.85 12.04 9.72 16.17 21.17 12.12
1.24 11.19 5.30 11.62 3.59 10.63 11.66 11.83 11.83 2.65 17.01 18.27 7.74 21.24 1.38 24.87 14.11 7.71
17.87 18.23 18.89 16.13 16.80 6.54 5.75 25.71 4.91 18.83 22.69 14.54 18.97 5.72 15.28 22.41 20.32 12.65
13.95 3.50 8.63 24.75 10.03 18.89 16.17 8.30 18.69 12.15 3.77 12.21 5.91 23.24 13.74 14.60 27.67 19.97
7.92 5.09 2.53 19.32 4.45 15.46 14.11 5.88 15.84 6.01 9.88 15.01 1.02 22.87 8.23 19.65 21.88 14.92
15.24 22.81 19.41 5.73 17.15 8.32 12.73 26.35 9.72 17.20 28.61 24.15 21.10 17.69 13.60 32.23 9.15 6.87
24.52 24.10 25.47 21.35 23.43 12.97 12.24 32.15 11.52 25.51 27.86 18.20 25.34 4.97 21.94 25.14 25.31 18.72
2.54 14.31 7.88 10.07 6.67 12.15 14.09 13.34 13.66 4.43 20.00 21.50 10.57 23.54 4.13 28.14 11.74 7.53
10.25 11.95 7.52 21.80 9.61 21.12 20.75 3.29 21.93 8.36 14.84 22.18 8.36 29.92 12.18 25.86 23.12 18.64
22.23 11.98 18.49 29.11 18.30 19.48 15.05 21.16 18.11 21.34 10.69 3.63 16.14 16.06 20.54 4.50 33.03 24.01
11.07 3.06 5.72 22.14 7.28 17.09 14.94 6.54 17.14 9.23 6.66 13.28 3.06 22.89 11.05 16.92 24.91 17.50
22.39 22.63 23.57 19.10 21.47 10.77 10.40 30.36 9.38 23.45 26.73 17.58 23.60 5.10 19.83 24.93 23.10 16.45
20.94 20.71 21.85 18.61 19.80 9.54 8.62 28.57 7.97 21.89 24.77 15.71 21.78 3.93 18.36 23.17 22.72 15.51
24.14 15.35 21.18 29.23 20.54 18.99 14.55 24.86 17.34 23.60 15.12 5.13 19.17 12.80 22.10 7.65 33.35 24.33
1.93 10.38 3.65 13.79 3.09 12.90 13.44 9.48 13.96 0.19 15.89 18.64 6.40 23.00 3.69 24.66 15.92 10.14
21.34 16.31 20.06 23.54 18.65 13.07 9.17 25.56 11.22 21.47 18.69 8.17 18.92 5.33 18.89 14.85 27.77 19.11
6.08 17.30 11.42 6.23 9.79 11.03 14.09 17.25 12.81 8.16 23.18 23.19 13.95 22.97 6.27 30.38 7.95 5.11
10.25 2.43 5.03 21.08 6.30 15.84 13.71 7.29 15.89 8.53 7.23 12.65 2.25 21.78 10.02 16.87 23.94 16.37
15.98 4.71 11.55 24.85 11.85 16.85 13.14 13.80 16.10 14.73 4.92 6.40 8.99 18.42 14.81 9.91 28.37 19.74
24.89 13.64 20.55 32.76 20.79 23.47 19.11 21.86 22.20 23.71 10.34 7.78 17.94 20.27 23.50 1.05 36.56 27.62
22.93 12.59 19.15 29.82 18.99 20.16 15.73 21.69 18.78 22.02 11.04 4.32 16.77 16.47 21.26 3.89 33.75 24.72
14.06 20.96 17.90 6.29 15.60 6.27 10.69 24.93 7.70 15.92 26.71 22.10 19.44 16.04 12.20 30.19 10.22 5.74
9.41 19.93 14.59 2.68 12.73 10.51 14.37 20.72 12.39 11.52 25.89 24.60 16.96 22.37 8.97 32.18 5.08 4.35
18.04 6.28 13.05 27.81 13.91 20.33 16.74 13.34 19.66 16.49 1.95 9.13 10.28 21.86 17.28 9.59 31.13 22.77
13.81 17.12 15.96 11.18 13.68 2.08 5.16 23.07 2.08 15.13 22.43 16.48 16.71 10.73 11.33 24.59 15.40 7.65
14.75 4.83 10.90 22.86 10.73 14.52 10.73 14.40 13.71 13.75 7.18 5.45 8.66 16.27 13.27 11.01 26.50 17.71
11.80 17.26 14.84 8.16 12.52 2.52 6.99 21.98 4.22 13.40 22.93 18.35 16.08 13.82 9.54 26.40 12.40 4.67
8.48 6.19 3.32 20.18 5.57 16.91 15.69 4.28 17.36 6.42 10.22 16.34 2.60 24.48 9.21 20.55 22.50 15.99
12.21 9.52 11.22 16.69 9.58 7.25 3.33 17.48 6.28 12.33 14.27 8.87 10.65 11.28 9.83 16.81 20.71 11.65
13.23 9.13 8.50 25.09 10.79 22.10 20.59 2.31 22.46 11.12 10.09 19.12 7.42 28.93 14.33 21.44 27.08 21.13
11.34 22.38 16.69 3.35 14.99 13.09 17.06 22.39 14.97 13.42 28.31 27.33 19.19 24.82 11.33 34.88 2.68 7.04
6.08 12.78 9.11 9.16 6.81 5.70 7.71 16.20 7.10 7.54 18.73 16.92 10.71 17.00 3.68 24.44 12.78 4.10
7.64 4.36 2.59 18.55 3.70 14.06 12.56 7.45 14.36 5.98 9.82 13.78 0.69 21.30 7.46 18.89 21.34 13.96
2.85 13.33 7.73 9.19 5.89 9.59 11.54 14.16 11.07 4.88 19.23 19.54 10.11 20.95 2.30 26.53 11.75 5.55
11.81 20.62 16.39 2.60 14.23 8.07 12.44 23.11 9.87 13.85 26.55 23.52 18.36 19.27 10.50 31.43 6.78 3.78
9.55 11.96 10.74 12.01 8.53 3.48 3.52 17.79 3.80 10.43 17.54 13.55 11.35 12.97 6.95 21.43 16.05 6.99
23.34 20.23 23.03 23.18 21.30 13.17 10.45 29.10 11.33 23.86 23.15 12.82 22.30 1.43 20.77 19.32 27.38 19.42
5.54 6.24 1.90 16.24 1.42 12.26 11.36 8.79 12.78 4.20 11.99 14.57 2.90 20.55 5.14 20.40 19.05 11.69
23.84 16.38 21.52 27.71 20.56 17.27 12.99 25.95 15.51 23.57 17.14 6.34 19.81 9.85 21.61 10.71 31.90 22.99
10.38 16.35 13.56 7.66 11.24 2.87 7.09 20.68 4.75 12.00 22.12 18.20 14.92 14.74 8.15 26.18 11.87 3.49
15.23 10.67 13.77 19.35 12.36 9.30 4.83 19.50 7.87 15.23 14.36 6.62 12.75 9.40 12.89 14.73 23.45 14.42
14.64 9.58 12.89 19.45 11.59 9.67 5.29 18.48 8.38 14.52 13.31 6.19 11.76 10.49 12.39 14.25 23.50 14.44
25.79 26.29 27.18 21.37 25.06 14.05 14.06 34.02 12.84 26.94 30.28 20.79 27.27 7.62 23.25 27.79 25.14 19.34
17.03 20.81 19.58 11.80 17.29 5.69 8.49 26.72 5.64 18.52 26.02 19.32 20.42 10.85 14.67 27.37 15.77 9.77
14.08 2.69 9.54 23.38 9.93 15.96 12.60 12.00 15.41 12.76 5.00 7.87 6.96 18.88 13.05 11.93 26.77 18.32
19.15 14.87 18.11 21.37 16.59 10.89 6.90 23.88 9.07 19.36 17.87 8.05 17.14 5.46 16.68 15.52 25.59 16.87
18.72 9.77 15.53 25.05 14.98 15.40 11.00 19.34 14.07 18.05 10.66 0.58 13.50 13.28 16.85 8.52 29.00 19.96
12.85 1.23 8.14 22.57 8.70 15.70 12.66 10.62 15.32 11.43 5.31 9.20 5.52 19.57 11.98 13.36 25.84 17.57
7.77 18.13 12.86 4.10 10.95 9.44 13.02 19.14 11.30 9.88 24.09 22.96 15.19 21.41 7.18 30.47 6.87 3.20
11.97 11.29 8.31 23.72 10.58 22.20 21.37 1.73 22.84 9.94 13.30 21.54 8.37 30.25 13.61 24.55 25.25 20.27
12.61 5.72 9.74 19.77 8.93 11.28 7.63 14.75 10.53 11.99 9.97 6.70 8.18 14.36 10.78 13.72 23.51 14.62
15.18 18.83 17.58 11.17 15.29 3.67 6.70 24.71 3.71 16.60 24.10 17.83 18.39 10.76 12.77 25.93 15.32 8.36
26.74 16.72 23.18 32.80 22.89 22.72 18.26 25.84 21.15 25.95 14.97 7.50 20.87 16.78 24.92 4.80 36.85 27.79
24.54 22.76 24.87 22.75 22.98 13.49 11.78 31.27 11.80 25.31 26.07 15.96 24.44 2.74 21.95 22.57 26.85 19.58
16.23 7.88 13.17 22.79 12.52 13.46 9.20 17.43 12.29 15.59 10.05 3.07 11.29 13.28 14.36 10.59 26.68 17.67
13.88 12.15 13.60 16.40 11.77 6.14 1.68 20.05 4.65 14.31 16.68 9.84 13.23 8.87 11.35 17.95 20.57 11.64
19.00 14.61 17.91 21.38 16.40 10.91 6.85 23.64 9.10 19.19 17.59 7.79 16.91 5.74 16.54 15.30 25.60 16.85
2.97 14.71 8.32 9.66 7.08 12.10 14.17 13.78 13.64 4.88 20.43 21.79 11.00 23.58 4.38 28.48 11.29 7.30
14.62 6.45 11.50 21.63 10.86 12.72 8.70 15.92 11.74 13.94 9.45 4.69 9.66 14.04 12.82 11.76 25.44 16.49
11.01 12.95 12.18 12.37 10.00 2.62 2.46 19.19 2.39 11.92 18.34 13.42 12.66 11.60 8.41 21.44 16.51 7.58
15.57 4.29 10.34 26.05 11.55 19.57 16.51 10.08 19.20 13.84 1.93 11.15 7.57 22.91 15.16 12.82 29.11 21.16
20.03 9.23 15.94 27.80 15.98 18.73 14.48 18.25 17.58 18.96 7.82 3.93 13.47 17.24 18.55 5.73 31.57 22.65
13.66 23.24 18.59 1.88 16.54 10.89 15.30 25.04 12.65 15.76 29.20 26.40 20.74 21.72 12.74 34.31 4.55 6.38
16.01 21.44 19.27 9.19 16.94 6.04 9.91 26.40 6.82 17.71 26.95 21.19 20.47 13.65 13.88 29.30 13.03 8.05
17.06 22.50 20.36 9.71 18.04 7.09 10.82 27.50 7.75 18.79 27.98 22.01 21.57 13.87 14.96 30.11 13.37 9.01
9.98 3.51 4.62 21.14 6.24 16.44 14.53 6.18 16.59 8.13 7.75 13.76 2.01 22.78 10.04 17.80 23.85 16.57
13.02 8.47 8.14 24.86 10.41 21.62 20.03 2.56 21.94 10.91 9.48 18.44 6.90 28.30 14.01 20.82 26.93 20.80
15.26 15.20 15.91 15.34 13.88 4.93 2.70 22.67 3.05 16.07 19.83 12.47 15.91 7.33 12.67 20.54 19.58 11.15
24.72 20.75 24.06 25.06 22.45 14.94 11.92 29.86 13.07 25.12 23.19 12.53 23.14 3.40 22.18 18.40 29.27 21.19
18.35 6.58 13.42 27.96 14.21 20.29 16.62 13.89 19.57 16.84 2.53 8.66 10.66 21.51 17.52 9.01 31.33 22.89
8.78 9.94 9.08 13.34 7.00 5.50 4.27 16.01 5.60 9.29 15.56 12.36 9.44 13.81 6.26 20.02 17.21 8.20
24.02 15.12 21.01 29.24 20.39 19.02 14.58 24.62 17.39 23.46 14.82 4.93 18.96 13.03 22.00 7.36 33.35 24.32
9.73 3.38 6.09 18.75 5.70 12.05 9.52 11.16 11.87 8.73 9.16 10.01 4.46 17.60 8.44 16.00 22.11 13.72
18.74 16.98 18.83 18.77 16.96 8.53 5.85 25.26 6.67 19.37 20.82 11.79 18.43 3.74 16.15 19.44 23.00 14.79
14.01 19.97 17.41 7.70 15.10 4.85 9.15 24.53 6.10 15.74 25.61 20.57 18.75 14.38 11.92 28.67 11.76 6.03
17.31 19.88 19.32 13.40 17.08 5.57 7.26 26.39 4.84 18.62 24.85 17.60 19.89 8.86 14.83 25.60 17.47 10.74
12.21 11.72 8.67 23.93 10.93 22.55 21.76 2.14 23.20 10.20 13.66 21.96 8.78 30.66 13.90 24.93 25.39 20.53
9.59 19.45 14.54 2.38 12.53 9.07 13.06 20.97 10.95 11.69 25.42 23.55 16.75 20.86 8.73 31.25 5.98 3.08
14.27 12.35 10.38 26.05 12.69 24.28 23.22 3.26 24.84 12.23 13.31 22.43 10.04 31.87 15.85 24.70 27.55 22.55
14.69 11.74 10.47 26.54 12.79 24.30 23.01 3.36 24.76 12.61 12.29 21.68 9.80 31.48 16.11 23.68 28.19 22.87
18.48 6.96 13.28 28.76 14.43 21.75 18.34 12.51 21.19 16.78 1.02 11.07 10.50 23.76 17.98 10.82 31.92 23.79
3.66 9.08 4.52 12.93 2.21 9.58 9.73 11.64 10.44 3.82 15.01 15.70 6.26 19.28 1.99 22.38 15.90 8.33
17.80 16.38 17.99 17.90 16.09 7.61 4.92 24.49 5.73 18.46 20.42 11.77 17.67 4.68 15.21 19.58 22.13 13.85
8.07 19.65 13.45 6.26 12.05 13.31 16.61 18.68 15.14 10.02 25.47 25.81 16.10 25.29 8.74 32.96 6.44 7.13
16.73 9.15 14.04 22.54 13.20 12.86 8.48 18.64 11.56 16.25 11.46 3.02 12.33 11.88 14.70 11.05 26.52 17.47
22.03 11.34 18.03 29.43 18.02 20.04 15.68 20.29 18.76 21.02 9.50 4.38 15.58 17.28 20.48 3.93 33.28 24.30
11.47 21.30 16.45 0.54 14.44 9.98 14.21 22.85 11.83 13.58 27.27 25.02 18.65 21.42 10.64 32.82 4.73 4.61
4.93 14.98 9.76 7.14 7.79 8.61 11.31 16.26 10.28 6.98 20.94 20.36 12.03 20.40 4.01 27.65 9.99 3.62
4.97 7.22 3.41 14.76 1.39 10.54 9.90 10.50 11.13 4.32 13.15 14.41 4.55 19.26 3.83 20.77 17.76 10.07
22.27 22.20 23.30 19.34 21.24 10.73 10.09 30.05 9.27 23.28 26.22 16.98 23.26 4.45 19.69 24.29 23.38 16.53
21.01 9.40 16.35 29.84 16.86 21.36 17.30 17.26 20.37 19.66 5.77 7.33 13.65 20.64 19.89 5.65 33.42 24.71
20.74 8.97 15.81 30.19 16.60 22.20 18.33 15.94 21.35 19.23 4.24 9.10 13.05 22.35 19.87 7.28 33.62 25.10
9.25 16.78 13.12 5.91 10.85 4.91 8.89 20.11 6.79 11.08 22.68 19.67 14.82 16.83 7.36 27.53 10.02 1.43
11.29 3.44 5.91 22.45 7.56 17.51 15.38 6.21 17.58 9.41 6.62 13.61 3.33 23.32 11.35 17.08 25.17 17.85
12.47 12.46 9.19 24.10 11.42 23.03 22.35 2.90 23.73 10.51 14.41 22.72 9.45 31.31 14.27 25.69 25.44 20.83
20.56 17.98 20.37 20.71 18.59 10.52 7.67 26.60 8.65 21.11 21.36 11.64 19.78 2.12 17.99 18.88 24.94 16.77
26.07 25.03 26.78 23.17 24.80 14.64 13.56 33.34 13.11 26.98 28.50 18.46 26.51 5.19 23.48 25.02 27.14 20.47
9.60 18.05 13.94 4.30 11.74 6.41 10.50 20.77 8.28 11.57 23.99 21.27 15.83 18.20 8.06 29.10 8.41 1.27
23.90 13.59 20.14 30.63 19.97 20.87 16.42 22.66 19.44 23.01 11.89 5.07 17.77 16.63 22.20 3.55 34.59 25.55
19.12 7.35 14.22 28.61 14.98 20.78 17.02 14.66 20.01 17.63 3.14 8.54 11.46 21.57 18.25 8.28 32.02 23.53
6.99 8.78 3.37 18.86 5.50 17.10 16.60 4.40 17.83 4.89 12.98 18.71 4.67 25.80 8.44 23.27 20.76 15.15
8.10 17.63 12.85 4.18 10.79 7.92 11.62 19.44 9.78 10.16 23.60 21.85 14.99 19.87 7.00 29.49 7.71 1.66
9.10 9.78 9.21 13.71 7.18 5.64 4.06 16.08 5.61 9.55 15.34 11.96 9.46 13.55 6.61 19.65 17.59 8.58
7.27 4.51 2.97 17.67 3.13 12.79 11.26 8.72 13.06 5.90 10.32 13.12 1.98 20.08 6.68 18.71 20.63 12.95
9.92 5.08 4.58 21.46 6.62 17.48 15.85 4.57 17.76 7.91 8.60 15.35 2.73 24.29 10.39 19.12 23.93 17.09
19.46 10.42 16.25 25.68 15.72 15.95 11.52 19.97 14.57 18.79 11.01 0.16 14.20 13.29 17.57 8.03 29.66 20.61
7.91 7.40 6.83 14.98 5.05 8.15 6.47 13.52 8.24 7.82 13.18 11.65 6.83 15.65 5.80 18.78 18.57 9.87
23.28 14.33 20.22 28.67 19.63 18.51 14.05 23.83 16.92 22.70 14.11 4.14 18.17 13.02 21.28 7.20 32.76 23.72
8.68 10.91 5.94 20.33 7.98 19.47 19.16 3.58 20.29 6.74 14.38 21.04 7.06 28.39 10.54 25.14 21.81 17.04
20.63 9.87 16.58 28.28 16.59 19.10 14.81 18.87 17.91 19.58 8.32 3.94 14.11 17.22 19.13 5.16 32.08 23.14
4.81 8.25 1.39 16.61 3.00 14.53 14.22 6.84 15.31 2.72 13.35 17.48 3.99 23.56 5.92 22.81 18.82 12.68
10.41 2.30 6.31 19.77 6.29 13.12 10.47 10.67 12.90 9.23 8.09 9.85 4.24 18.28 9.30 15.37 23.08 14.77
19.95 19.36 20.65 18.34 18.64 8.80 7.41 27.30 7.11 20.82 23.40 14.42 20.50 3.58 17.36 21.98 22.51 14.93
6.04 7.15 1.15 17.76 3.45 15.05 14.35 6.03 15.68 4.00 12.08 16.71 2.86 23.51 6.87 21.74 20.07 13.66
10.64 1.54 5.59 21.15 6.58 15.48 13.13 8.18 15.43 9.03 6.83 11.74 2.85 21.01 10.19 16.08 24.14 16.35
17.96 12.71 16.41 21.48 15.07 11.12 6.74 21.87 9.45 17.96 15.57 6.00 15.22 7.76 15.60 13.81 25.65 16.71
3.96 8.25 3.63 13.86 1.31 10.33 10.15 10.78 11.09 3.58 14.15 15.35 5.30 19.64 2.83 21.81 16.78 9.29
8.28 18.02 13.14 3.81 11.11 8.35 12.09 19.65 10.22 10.36 23.99 22.33 15.32 20.29 7.31 29.96 7.25 2.10
4.72 7.34 3.15 14.74 1.06 10.77 10.21 10.27 11.39 3.99 13.24 14.70 4.47 19.59 3.74 21.01 17.69 10.11
25.51 21.39 24.80 25.82 23.22 15.73 12.72 30.55 13.87 25.90 23.69 12.95 23.84 4.07 22.97 18.53 30.03 21.98
18.41 20.07 20.06 15.01 17.87 6.66 7.40 27.05 5.54 19.60 24.79 16.94 20.43 7.31 15.88 24.83 19.10 12.20
15.78 7.94 12.91 22.12 12.15 12.76 8.50 17.43 11.59 15.22 10.51 3.59 11.15 12.83 13.85 11.27 26.04 17.01
16.75 14.37 16.43 18.24 14.65 7.77 4.00 22.73 5.94 17.21 18.31 9.83 15.90 6.03 14.20 17.77 22.47 13.81
15.05 9.50 10.11 26.88 12.35 23.39 21.58 4.28 23.63 12.93 9.23 19.03 8.64 29.55 16.00 20.60 28.96 22.78
23.88 19.65 23.07 24.67 21.51 14.42 11.18 28.80 12.54 24.22 22.07 11.42 22.10 3.52 21.36 17.44 28.90 20.66
10.66 5.40 8.04 18.16 7.04 10.33 7.28 13.60 9.88 10.10 10.58 8.64 6.83 15.14 8.85 15.54 21.80 13.02
14.96 5.16 9.57 26.05 11.20 20.49 17.83 7.88 20.33 13.05 3.83 13.54 6.98 24.86 14.97 15.17 28.83 21.35
13.66 5.46 8.29 25.06 10.16 20.23 17.95 5.96 20.24 11.68 5.74 14.85 5.96 25.52 13.95 17.01 27.65 20.53
20.96 14.90 19.20 24.21 17.97 13.76 9.53 24.31 11.99 20.90 16.88 6.20 17.82 7.35 18.61 12.87 28.41 19.55
7.40 15.17 11.24 6.87 8.99 5.46 8.72 18.21 7.23 9.19 21.12 18.85 13.01 17.39 5.46 26.54 10.68 1.74
14.41 9.57 9.59 26.26 11.87 23.06 21.39 3.46 23.36 12.29 9.78 19.31 8.32 29.54 15.45 21.17 28.27 22.25
23.01 17.60 21.63 25.14 20.27 14.68 10.85 26.96 12.82 23.12 19.58 8.80 20.39 5.71 20.58 14.71 29.37 20.77
22.98 22.04 23.64 20.74 21.66 11.69 10.42 30.23 10.08 23.86 25.75 16.10 23.41 3.03 20.39 23.16 24.83 17.69
4.42 9.01 5.14 12.83 2.82 8.81 8.85 12.29 9.61 4.70 14.98 15.09 6.58 18.40 2.35 21.93 15.98 8.05
15.24 22.76 19.38 5.81 17.12 8.23 12.63 26.33 9.63 17.19 28.55 24.05 21.06 17.58 13.58 32.14 9.25 6.86
8.66 12.06 10.23 11.23 7.97 3.70 4.54 17.35 4.45 9.66 17.77 14.35 11.08 13.94 6.07 22.15 15.19 6.14
14.17 2.55 9.49 23.69 10.02 16.44 13.14 11.61 15.92 12.78 4.48 8.34 6.85 19.46 13.24 12.04 27.03 18.65
8.61 16.29 12.51 6.09 10.25 5.12 8.89 19.48 6.98 10.44 22.21 19.47 14.25 17.09 6.73 27.27 10.11 1.15
15.87 17.56 17.39 13.74 15.21 4.25 4.90 24.38 2.90 17.00 22.46 15.34 17.78 8.13 13.32 23.38 17.94 10.25
5.12 15.37 10.06 6.84 8.13 8.86 11.67 16.49 10.56 7.20 21.32 20.78 12.37 20.70 4.37 28.07 9.60 3.62
12.85 21.16 17.26 3.60 15.05 7.78 12.23 24.08 9.48 14.86 27.05 23.49 19.11 18.51 11.39 31.48 7.58 4.59
16.62 16.48 17.33 16.02 15.29 5.84 4.11 24.07 4.01 17.46 20.95 13.04 17.30 6.16 14.02 21.01 20.25 12.10
12.26 9.49 7.82 24.13 10.14 21.62 20.37 1.00 22.09 10.15 11.11 19.66 7.16 28.96 13.53 22.39 25.99 20.31
21.81 13.00 18.79 27.35 18.17 17.28 12.81 22.53 15.74 21.24 13.16 2.74 16.77 12.63 19.83 7.60 31.42 22.37
23.76 15.06 20.84 28.84 20.17 18.60 14.16 24.58 16.96 23.24 14.95 4.81 18.85 12.55 21.72 7.81 32.96 23.93
4.55 16.30 9.66 9.82 8.70 13.70 15.99 14.42 15.31 6.15 21.89 23.64 12.42 25.33 6.26 30.25 10.72 8.42
24.54 16.14 21.79 29.19 21.04 18.85 14.46 25.69 17.15 24.10 16.15 5.88 19.86 12.01 22.44 8.70 33.34 24.36
11.32 6.84 9.27 17.79 8.02 9.30 5.91 15.07 8.67 11.00 11.74 8.22 8.28 13.65 9.26 15.62 21.59 12.64
27.24 27.00 28.34 23.27 26.28 15.57 15.12 35.05 14.23 28.29 30.68 20.80 28.25 7.49 24.67 27.44 27.08 21.07
21.15 17.65 20.57 21.99 18.91 11.66 8.38 26.54 9.78 21.55 20.65 10.55 19.76 2.77 18.60 17.53 26.22 17.88
24.25 21.30 24.04 23.70 22.29 13.86 11.35 30.15 12.04 24.82 24.20 13.81 23.35 1.88 21.67 20.14 27.88 20.09
2.95 11.82 6.73 10.27 4.64 8.81 10.22 13.55 10.10 4.52 17.76 17.86 8.86 19.74 0.85 24.85 13.16 5.97
13.67 12.00 9.81 25.45 12.12 23.72 22.70 2.73 24.29 11.63 13.22 22.13 9.54 31.40 15.26 24.59 26.96 21.95
10.31 4.30 4.92 21.69 6.79 17.30 15.48 5.29 17.50 8.36 7.85 14.57 2.65 23.75 10.59 18.29 24.28 17.21
9.55 7.28 8.12 16.04 6.54 8.20 5.63 14.47 7.91 9.41 12.73 10.12 7.66 14.37 7.40 17.45 19.77 10.89
10.13 19.70 14.97 2.15 12.92 8.70 12.81 21.50 10.57 12.22 25.67 23.48 17.12 20.39 9.12 31.24 6.11 3.02
16.69 7.02 13.07 24.09 12.76 15.11 10.97 16.57 14.05 15.81 8.26 3.25 10.88 15.14 15.04 9.34 27.88 18.94
18.62 15.75 18.20 19.77 16.47 9.34 5.85 24.36 7.46 19.06 19.28 9.98 17.55 4.36 16.08 17.60 24.00 15.49
5.40 6.57 2.94 15.48 1.40 11.15 10.29 9.91 11.67 4.47 12.48 14.15 3.82 19.55 4.50 20.33 18.45 10.80
3.40 8.88 2.06 15.13 2.14 13.25 13.26 8.33 14.13 1.45 14.31 17.51 4.83 22.72 4.44 23.27 17.42 11.19
18.33 19.47 19.74 15.55 17.59 6.68 6.84 26.67 5.34 19.44 24.08 16.07 19.99 6.54 15.77 23.93 19.67 12.48
11.08 17.09 14.34 7.46 12.02 3.04 7.44 21.46 4.86 12.74 22.84 18.69 15.70 14.64 8.90 26.70 11.69 3.78
7.99 6.40 2.88 19.71 5.16 16.57 15.47 4.52 17.06 5.92 10.63 16.47 2.55 24.34 8.76 20.84 22.01 15.55
10.79 11.99 11.55 13.11 9.43 3.63 2.16 18.48 3.23 11.55 17.34 12.55 11.87 11.68 8.20 20.53 17.21 8.19
4.81 16.59 10.05 9.16 8.96 13.32 15.76 15.00 14.97 6.55 22.25 23.70 12.78 25.03 6.28 30.42 10.10 7.89
11.57 8.84 7.04 23.45 9.36 20.83 19.58 0.89 21.29 9.46 10.82 19.05 6.38 28.20 12.78 22.02 25.37 19.57
14.43 11.07 10.05 26.30 12.37 23.82 22.45 3.05 24.25 12.34 11.62 20.99 9.24 30.86 15.76 23.01 28.05 22.54
3.11 9.83 2.90 14.98 3.17 13.86 14.12 8.28 14.84 1.01 15.13 18.57 5.68 23.63 4.76 24.28 17.03 11.32
7.67 4.20 2.80 18.42 3.64 13.74 12.18 7.84 14.01 6.09 9.80 13.45 1.04 20.90 7.35 18.67 21.27 13.77
12.53 12.48 12.90 14.49 10.89 4.32 0.37 19.66 3.08 13.18 17.47 11.53 12.93 9.95 9.95 19.62 18.66 9.74
6.88 15.09 10.90 6.80 8.69 6.06 9.19 17.82 7.80 8.73 21.05 19.12 12.77 17.96 5.06 26.74 10.47 1.81
19.71 20.30 20.93 16.95 18.82 8.12 7.84 27.79 6.70 20.76 24.68 16.15 21.05 5.43 17.14 23.85 21.05 13.95
5.88 17.65 11.06 9.04 10.03 14.07 16.69 15.75 15.77 7.55 23.28 24.78 13.81 25.88 7.36 31.51 9.52 8.41
18.50 6.85 13.36 28.59 14.41 21.38 17.89 12.95 20.77 16.84 1.25 10.39 10.58 23.14 17.90 10.23 31.81 23.59
14.74 21.22 18.41 7.16 16.10 6.21 10.52 25.49 7.46 16.56 26.90 21.94 19.86 15.38 12.79 30.04 11.03 6.49
13.33 17.04 15.63 10.58 13.34 1.73 5.38 22.76 2.29 14.70 22.43 16.77 16.48 11.34 10.88 24.88 14.81 7.03
19.40 7.63 14.40 29.09 15.27 21.42 17.71 14.45 20.68 17.84 2.77 9.32 11.62 22.35 18.62 8.64 32.45 24.03
18.84 21.72 21.07 13.89 18.80 7.21 9.09 28.16 6.66 20.24 26.66 19.19 21.70 9.37 16.42 27.13 17.80 11.84
19.72 10.06 16.22 26.45 15.86 16.90 12.51 19.52 15.58 18.93 10.05 1.25 14.02 14.53 17.96 7.02 30.37 21.34
9.33 4.56 3.94 20.73 5.84 16.58 14.94 5.34 16.85 7.38 8.70 14.77 1.83 23.43 9.63 18.88 23.29 16.29
12.80 22.43 17.73 1.11 15.69 10.39 14.75 24.18 12.19 14.90 28.39 25.76 19.89 21.46 11.89 33.64 4.60 5.59
23.31 11.88 18.82 31.62 19.19 22.65 18.39 19.92 21.49 22.06 8.38 7.43 16.17 20.48 22.04 3.01 35.33 26.47
9.78 6.21 7.71 16.96 6.40 9.29 6.58 13.74 8.98 9.40 11.64 9.60 6.92 14.98 7.82 16.68 20.62 11.82
7.94 13.89 10.84 8.71 8.52 3.93 6.70 17.97 5.50 9.41 19.76 16.88 12.23 15.60 5.56 24.65 12.65 3.60
11.97 10.34 11.46 15.78 9.67 6.20 2.37 17.95 5.24 12.27 15.24 9.83 11.14 10.99 9.50 17.81 19.83 10.78
1.89 10.19 3.55 13.71 2.80 12.60 13.11 9.60 13.65 0.45 15.74 18.34 6.27 22.66 3.42 24.41 15.92 9.96
21.94 16.88 20.68 24.01 19.26 13.55 9.71 26.15 11.69 22.08 19.17 8.56 19.52 5.19 19.49 14.99 28.24 19.62
10.57 3.60 7.09 19.15 6.60 11.94 9.08 12.03 11.61 9.66 9.03 9.03 5.41 16.84 9.13 15.19 22.62 14.07
22.80 13.71 19.66 28.41 19.11 18.33 13.86 23.20 16.77 22.18 13.46 3.57 17.58 13.29 20.84 6.88 32.48 23.43
16.34 13.98 16.00 18.02 14.22 7.55 3.65 22.30 5.75 16.78 17.98 9.69 15.47 6.46 13.80 17.68 22.24 13.53
2.94 10.43 5.49 11.63 3.31 9.19 9.97 12.48 10.28 3.85 16.37 16.80 7.50 19.56 0.65 23.63 14.55 7.18
20.56 14.72 18.88 23.72 17.61 13.27 9.05 24.09 11.50 20.53 16.86 6.30 17.55 7.11 18.19 13.19 27.92 19.08
14.17 5.87 8.80 25.59 10.68 20.74 18.42 6.15 20.73 12.17 5.62 15.06 6.48 25.91 14.48 16.96 28.17 21.06
13.13 8.57 11.40 18.41 10.06 9.03 4.94 17.17 7.99 12.98 12.84 7.15 10.39 11.61 10.90 15.03 22.38 13.33
14.36 6.08 8.99 25.79 10.89 20.96 18.63 6.17 20.95 12.35 5.65 15.21 6.69 26.11 14.68 17.01 28.36 21.28
21.12 15.12 19.39 24.27 18.15 13.81 9.61 24.53 12.03 21.07 17.10 6.41 18.02 7.19 18.76 13.01 28.47 19.64
23.27 13.21 19.64 29.81 19.38 20.00 15.54 22.42 18.55 22.43 11.92 4.25 17.33 15.78 21.52 4.42 33.78 24.74
8.40 8.48 7.92 14.36 5.99 6.98 5.32 14.70 7.02 8.58 14.15 11.71 8.05 14.65 6.06 19.13 18.09 9.21
6.97 6.05 1.62 18.52 3.80 15.17 14.13 5.90 15.67 5.00 10.94 15.78 1.78 23.11 7.49 20.63 20.97 14.25
17.47 6.00 12.93 26.38 13.33 18.24 14.40 14.65 17.41 16.17 4.51 6.40 10.30 19.08 16.33 8.59 29.91 21.25
26.24 17.02 23.11 31.47 22.57 21.21 16.78 26.42 19.55 25.64 16.13 7.03 20.98 14.45 24.25 7.04 35.59 26.57
12.32 3.53 6.95 23.43 8.56 18.25 15.93 6.63 18.24 10.44 5.67 13.37 4.34 23.60 12.34 16.38 26.19 18.79
22.06 17.65 21.10 23.48 19.58 13.08 9.51 26.79 11.20 22.32 20.20 9.72 20.09 3.93 19.56 16.26 27.72 19.25
19.99 8.31 14.85 30.00 15.90 22.59 18.96 14.22 21.90 18.34 2.66 10.69 12.07 23.73 19.36 9.36 33.26 24.98
11.67 10.70 7.84 23.47 10.13 21.74 20.85 1.14 22.35 9.62 12.78 20.95 7.80 29.69 13.23 24.01 25.09 19.93
0.20 11.84 5.52 11.69 4.21 11.58 12.76 11.57 12.84 2.29 17.55 19.27 8.15 22.33 2.45 25.74 13.87 8.18
23.47 15.90 21.09 27.51 20.15 17.11 12.79 25.47 15.37 23.17 16.64 5.84 19.35 10.05 21.26 10.37 31.70 22.77
15.64 21.98 19.29 7.75 16.98 6.82 11.01 26.38 7.92 17.46 27.63 22.40 20.70 15.30 13.69 30.51 11.46 7.39
20.84 9.23 16.18 29.68 16.69 21.21 17.16 17.12 20.23 19.49 5.65 7.27 13.49 20.57 19.72 5.78 33.26 24.54
15.99 18.96 18.12 12.33 15.86 4.28 6.51 25.22 3.79 17.33 24.07 17.32 18.78 9.65 13.53 25.39 16.46 9.45
13.04 3.39 9.12 21.58 8.99 13.79 10.37 12.91 13.19 12.00 7.22 7.11 6.93 16.91 11.67 12.68 25.12 16.47
7.76 17.01 12.37 4.80 10.26 7.37 10.98 19.05 9.22 9.79 22.98 21.17 14.45 19.34 6.49 28.81 8.40 1.17
23.33 14.05 20.11 29.04 19.60 18.96 14.49 23.50 17.40 22.68 13.55 4.05 17.99 13.79 21.39 6.41 33.10 24.05
24.04 15.67 21.29 28.75 20.54 18.43 14.03 25.22 16.74 23.59 15.77 5.40 19.37 11.85 21.94 8.65 32.89 23.90
25.77 14.40 21.34 33.79 21.66 24.54 20.19 22.37 23.27 24.55 10.74 8.86 18.69 21.26 24.44 1.28 37.57 28.64
9.89 19.64 14.80 2.17 12.77 8.96 13.01 21.27 10.84 11.99 25.61 23.59 16.99 20.70 8.98 31.33 5.95 3.11
6.31 11.51 8.44 10.57 6.12 5.65 6.79 15.59 6.72 7.42 17.43 15.52 9.74 16.27 3.73 23.01 14.21 5.46
10.35 6.59 5.28 22.11 7.52 18.74 17.30 3.00 19.11 8.26 9.43 16.85 4.09 25.84 11.16 20.30 24.35 17.95
21.23 21.16 22.22 18.62 20.15 9.74 9.01 28.97 8.23 22.21 25.25 16.20 22.19 4.24 18.64 23.64 22.70 15.63
11.33 7.20 9.46 17.55 8.13 8.96 5.54 15.36 8.30 11.08 12.10 8.34 8.55 13.35 9.22 15.83 21.38 12.41
20.27 21.50 21.81 16.62 19.65 8.54 8.91 28.75 7.35 21.44 26.00 17.59 22.07 6.52 17.74 25.29 20.63 14.03
10.86 10.34 10.72 14.69 8.80 5.49 2.56 17.41 4.88 11.27 15.54 10.87 10.66 11.86 8.36 18.78 18.70 9.65
26.58 25.90 27.46 23.20 25.44 15.02 14.23 34.09 13.57 27.55 29.46 19.49 27.28 6.20 23.99 26.09 27.10 20.72
28.16 27.94 29.29 24.01 27.22 16.47 16.07 36.00 15.15 29.22 31.57 21.63 29.20 8.33 25.59 28.16 27.77 21.91
14.52 17.82 16.71 11.38 14.43 2.83 5.69 23.83 2.69 15.86 23.08 16.90 17.46 10.48 12.05 25.00 15.57 8.13
7.93 6.72 2.96 19.70 5.26 16.74 15.70 4.31 17.26 5.85 10.89 16.80 2.86 24.62 8.80 21.15 21.95 15.60
13.01 11.09 8.98 24.83 11.29 22.87 21.79 1.84 23.41 10.94 12.50 21.25 8.62 30.48 14.50 23.84 26.46 21.23
2.90 13.96 8.11 8.97 6.43 10.26 12.36 14.28 11.79 5.02 19.83 20.38 10.60 21.74 3.04 27.31 11.27 5.79
8.30 8.35 7.77 14.41 5.85 7.12 5.47 14.55 7.18 8.45 14.04 11.72 7.89 14.79 5.98 19.11 18.11 9.26
13.98 12.40 10.19 25.73 12.49 24.10 23.10 3.13 24.68 11.95 13.53 22.52 9.95 31.81 15.60 24.91 27.20 22.28
22.50 13.53 19.42 28.06 18.83 17.97 13.50 23.04 16.41 21.90 13.44 3.34 17.37 13.00 20.53 7.18 32.13 23.08
13.42 14.10 14.25 13.98 12.16 3.51 1.49 21.12 1.81 14.26 19.07 12.71 14.43 9.17 10.82 20.82 18.20 9.54
9.50 4.68 4.12 20.94 6.06 16.83 15.20 5.13 17.11 7.53 8.65 14.92 2.08 23.66 9.85 18.93 23.48 16.52
12.51 4.38 7.12 23.81 8.90 18.92 16.70 5.96 18.95 10.57 6.00 14.18 4.68 24.44 12.70 16.96 26.46 19.24
14.35 3.00 9.84 23.57 10.21 16.05 12.63 12.29 15.46 13.04 4.97 7.61 7.27 18.76 13.29 11.63 26.99 18.50
24.23 16.44 21.77 28.33 20.87 17.92 13.61 26.02 16.18 23.91 16.94 6.27 19.98 10.59 22.04 10.08 32.51 23.58
15.22 4.38 10.99 23.86 11.12 15.80 12.09 13.78 15.04 14.06 5.79 6.10 8.54 17.60 13.94 10.54 27.42 18.74
25.02 23.03 25.27 23.31 23.39 14.02 12.21 31.62 12.32 25.76 26.23 16.02 24.79 2.96 22.42 22.48 27.41 20.12
25.05 25.41 26.36 20.95 24.25 13.34 13.21 33.17 12.07 26.17 29.38 19.93 26.41 6.81 22.50 26.98 24.78 18.75
2.69 9.85 3.00 14.55 2.88 13.36 13.68 8.74 14.36 0.58 15.26 18.39 5.78 23.21 4.26 24.23 16.68 10.84
21.62 18.85 21.39 21.61 19.63 11.50 8.72 27.56 9.64 22.16 22.06 12.08 20.75 1.27 19.04 19.06 25.83 17.75
26.55 16.56 23.01 32.59 22.70 22.52 18.05 25.70 20.94 25.76 14.87 7.30 20.70 16.60 24.72 4.82 36.64 27.59
25.61 16.16 22.35 31.18 21.88 21.00 16.55 25.51 19.38 24.95 15.13 6.33 20.17 14.82 23.68 6.16 35.27 26.22
12.35 14.11 13.60 12.66 11.43 2.25 2.24 20.60 1.08 13.33 19.34 13.66 14.03 10.43 9.76 21.75 16.87 8.17
12.21 10.45 8.14 24.05 10.45 22.03 20.98 1.01 22.58 10.14 12.21 20.66 7.83 29.71 13.68 23.49 25.74 20.41
5.01 11.23 4.53 16.52 5.64 16.39 16.72 7.03 17.42 3.34 15.93 20.62 6.93 26.22 7.17 25.81 18.05 13.38
27.53 16.49 23.35 34.87 23.48 25.24 20.80 24.81 23.83 26.44 13.28 9.40 20.78 20.65 26.02 1.93 38.78 29.76
14.49 5.17 10.87 22.30 10.55 13.82 9.99 14.73 12.98 13.60 7.91 5.27 8.77 15.59 12.92 11.37 25.99 17.15
10.84 5.94 8.46 17.96 7.34 9.90 6.75 14.13 9.40 10.37 11.03 8.50 7.35 14.60 8.92 15.60 21.66 12.81
14.04 20.27 17.57 7.32 15.26 5.25 9.59 24.67 6.56 15.82 25.94 21.01 18.96 14.83 12.02 29.11 11.34 5.94
11.38 11.65 11.74 14.02 9.71 4.33 1.54 18.55 3.57 12.00 16.83 11.67 11.85 11.12 8.81 19.68 18.12 9.11
16.65 7.61 11.27 28.04 13.13 22.87 20.29 7.90 22.75 14.64 5.05 15.62 8.91 27.27 16.93 16.28 30.64 23.47
9.24 19.42 14.30 2.63 12.35 9.61 13.50 20.61 11.49 11.35 25.39 23.83 16.58 21.46 8.56 31.46 5.75 3.48
13.17 1.40 8.29 23.15 9.04 16.46 13.46 10.18 16.10 11.66 4.65 9.70 5.57 20.34 12.45 13.39 26.35 18.18
16.34 21.45 19.47 9.77 17.15 6.03 9.72 26.61 6.65 18.00 26.91 20.94 20.61 13.13 14.16 29.04 13.61 8.48
18.02 12.53 16.37 21.71 15.07 11.38 6.98 21.75 9.73 17.98 15.31 5.67 15.13 8.04 15.68 13.48 25.87 16.91
23.17 13.01 19.49 29.83 19.26 20.07 15.62 22.18 18.64 22.31 11.62 4.27 17.15 16.02 21.44 4.21 33.79 24.75
25.76 14.41 21.34 33.73 21.65 24.46 20.10 22.42 23.19 24.55 10.80 8.76 18.70 21.14 24.41 1.13 37.52 28.59
5.42 15.92 10.49 6.46 8.62 9.27 12.19 16.80 11.00 7.53 21.86 21.38 12.85 21.15 4.89 28.67 9.06 3.73
13.26 13.63 13.93 14.25 11.86 3.82 0.99 20.75 2.23 14.03 18.58 12.25 14.04 9.25 10.66 20.36 18.46 9.71
12.83 11.35 12.54 15.86 10.70 5.86 1.55 19.05 4.63 13.24 16.11 9.99 12.24 9.94 10.32 18.06 19.98 10.98
24.84 14.50 21.08 31.50 20.91 21.67 17.21 23.52 20.21 23.95 12.62 5.94 18.69 17.01 23.13 3.27 35.47 26.42
19.59 21.65 21.48 15.28 19.26 7.84 8.97 28.50 6.94 20.88 26.37 18.42 21.92 7.96 17.11 26.24 19.24 12.96
25.22 14.76 21.40 31.98 21.27 22.18 17.72 23.70 20.72 24.30 12.67 6.42 18.98 17.51 23.54 2.85 35.94 26.90
10.10 3.62 6.63 18.82 6.12 11.82 9.13 11.71 11.57 9.18 9.23 9.51 5.03 17.08 8.70 15.65 22.25 13.76
17.12 14.16 16.56 18.98 14.86 8.50 4.56 22.71 6.70 17.49 17.88 9.13 15.89 6.00 14.60 17.02 23.20 14.49
8.49 15.03 11.78 7.67 9.47 3.93 7.36 18.88 5.70 10.12 20.90 17.88 13.29 15.87 6.28 25.71 11.70 2.68
14.63 20.53 18.04 7.97 15.72 5.32 9.53 25.16 6.45 16.37 26.15 20.93 19.36 14.33 12.55 29.04 11.95 6.60
22.33 11.65 18.34 29.66 18.32 20.23 15.85 20.60 18.93 21.32 9.78 4.51 15.89 17.28 20.76 3.70 33.53 24.54
28.78 28.11 29.73 24.98 27.70 17.17 16.49 36.35 15.77 29.79 31.56 21.43 29.54 8.23 26.21 27.73 28.78 22.74
8.32 10.02 8.81 12.97 6.68 5.51 4.66 15.80 5.77 8.88 15.72 12.79 9.31 14.23 5.79 20.41 16.80 7.83
10.26 1.51 5.54 20.38 6.13 14.40 11.99 9.10 14.31 8.81 7.43 11.06 3.04 19.91 9.56 15.92 23.49 15.50
10.08 9.00 5.89 21.95 8.20 19.79 18.84 1.31 20.37 7.98 11.80 19.27 5.83 27.71 11.45 22.79 23.79 18.20
7.07 15.24 11.09 6.67 8.87 5.97 9.18 18.01 7.73 8.92 21.20 19.18 12.95 17.89 5.25 26.82 10.38 1.65
17.49 12.47 16.02 20.99 14.64 10.65 6.25 21.57 8.99 17.52 15.52 6.23 14.89 7.82 15.12 14.13 25.15 16.21
8.67 13.17 10.87 10.04 8.56 3.14 5.25 18.02 4.38 9.91 18.93 15.52 11.95 14.32 6.14 23.36 14.05 5.00
22.70 15.23 20.34 26.80 19.39 16.42 12.07 24.80 14.69 22.41 16.16 5.29 18.64 9.80 20.48 10.44 30.98 22.03
12.40 6.13 9.77 19.30 8.83 10.73 7.08 15.00 9.98 11.88 10.52 6.93 8.35 13.97 10.50 14.14 23.08 14.15
15.14 8.67 12.81 20.76 11.77 11.18 6.87 17.91 9.96 14.79 11.91 4.80 11.36 11.58 13.04 12.75 24.74 15.69
15.73 16.16 16.65 15.04 14.56 4.83 3.55 23.48 3.00 16.64 20.83 13.40 16.75 7.16 13.14 21.44 19.27 11.09
23.12 20.97 23.24 22.06 21.39 12.39 10.26 29.56 10.62 23.80 24.27 14.23 22.73 0.94 20.53 21.01 26.22 18.59
13.61 14.44 14.53 13.88 12.43 3.40 1.82 21.42 1.62 14.48 19.40 12.97 14.74 9.06 11.01 21.08 18.11 9.52
27.29 27.01 28.37 23.36 26.31 15.63 15.15 35.08 14.28 28.34 30.67 20.77 28.27 7.46 24.72 27.39 27.18 21.15
13.01 23.52 18.24 2.20 16.38 12.68 16.92 24.26 14.52 15.12 29.49 27.67 20.61 24.00 12.62 35.42 2.05 7.20
3.60 9.19 4.61 12.81 2.31 9.51 9.72 11.73 10.39 3.83 15.13 15.78 6.38 19.28 1.87 22.48 15.78 8.22
6.93 8.13 6.51 13.97 4.49 7.78 6.76 13.45 8.13 7.03 14.01 12.77 6.98 16.17 4.71 19.90 17.49 8.89
6.95 11.55 5.50 18.39 7.11 18.22 18.33 5.59 19.19 5.21 15.67 21.37 7.37 27.75 9.07 26.05 19.76 15.33
15.83 22.56 19.66 7.29 17.36 7.53 11.78 26.71 8.70 17.70 28.25 23.19 21.15 16.11 13.98 31.29 10.85 7.49
8.10 10.31 8.84 12.58 6.66 5.31 4.82 15.87 5.71 8.75 16.04 13.19 9.45 14.40 5.55 20.81 16.40 7.43
25.98 16.28 22.58 31.76 22.19 21.64 17.17 25.54 20.04 25.26 14.96 6.68 20.35 15.60 24.09 5.52 35.84 26.79
3.71 11.06 4.14 15.33 4.74 15.13 15.61 8.03 16.20 2.10 16.10 20.07 6.80 25.15 5.90 25.60 17.01 12.09
20.50 8.81 15.75 29.57 16.35 21.30 17.32 16.46 20.37 19.10 4.93 7.78 13.03 21.05 19.47 6.47 33.10 24.45
23.65 24.87 25.30 18.98 23.13 11.89 12.36 32.24 10.82 24.88 29.17 20.22 25.55 7.65 21.14 27.59 22.76 17.00
8.27 5.30 2.91 19.78 4.96 16.05 14.70 5.30 16.44 6.30 9.78 15.36 1.55 23.43 8.72 19.79 22.27 15.44
6.18 6.66 0.92 17.79 3.22 14.75 13.93 6.29 15.33 4.21 11.70 16.17 2.37 23.04 6.80 21.24 20.19 13.58
4.09 11.62 7.19 10.21 4.95 7.69 9.05 14.21 8.93 5.45 17.59 17.03 9.05 18.56 1.60 24.20 13.41 5.54
10.49 1.39 5.89 20.42 6.34 14.21 11.70 9.54 14.07 9.10 7.36 10.62 3.46 19.52 9.68 15.58 23.58 15.50
2.55 9.39 2.85 14.19 2.05 12.47 12.71 9.27 13.43 1.03 14.97 17.60 5.52 22.24 3.51 23.62 16.53 10.24
15.22 14.67 15.63 15.80 13.65 5.34 2.41 22.31 3.48 15.93 19.22 11.78 15.52 7.27 12.62 19.85 20.03 11.49
9.96 8.72 5.67 21.84 7.99 19.56 18.58 1.49 20.13 7.86 11.58 18.98 5.55 27.43 11.28 22.53 23.73 18.04
4.65 12.96 8.43 8.87 6.23 7.28 9.31 15.35 8.73 6.34 18.93 18.02 10.37 18.65 2.59 25.34 12.12 4.25
15.49 8.58 10.31 27.21 12.44 23.09 20.99 5.46 23.19 13.40 7.65 17.71 8.46 28.64 16.18 19.00 29.49 22.92
15.84 22.79 19.76 6.98 17.47 7.86 12.15 26.79 9.08 17.74 28.51 23.56 21.31 16.56 14.04 31.66 10.46 7.48
17.63 20.54 19.82 13.18 17.55 5.97 7.96 26.91 5.43 19.00 25.55 18.35 20.46 9.37 15.19 26.35 17.19 10.80
21.28 19.48 21.48 20.43 19.60 10.60 8.44 27.89 8.80 21.98 23.05 13.41 21.06 1.42 18.69 20.61 24.62 16.82
15.71 10.36 13.94 20.23 12.66 10.24 5.78 19.41 8.82 15.59 13.72 5.67 12.74 9.78 13.44 13.78 24.31 15.27
15.90 17.99 17.61 13.31 15.40 4.18 5.37 24.64 3.07 17.09 22.96 15.94 18.08 8.55 13.37 23.99 17.49 9.99
12.95 1.36 8.26 22.63 8.80 15.70 12.64 10.75 15.30 11.55 5.27 9.07 5.64 19.49 12.07 13.24 25.91 17.62
3.28 11.20 4.25 14.88 4.63 14.77 15.35 8.46 15.87 1.80 16.33 20.06 6.97 24.90 5.52 25.70 16.58 11.66
1.40 12.41 5.67 12.46 4.97 13.11 14.30 10.87 14.40 2.15 17.92 20.41 8.43 23.88 4.00 26.61 14.22 9.40
27.11 26.44 28.01 23.61 25.99 15.54 14.78 34.64 14.10 28.09 29.98 19.97 27.83 6.69 24.53 26.49 27.49 21.20
17.62 9.88 14.93 23.27 14.10 13.46 9.03 19.41 12.08 17.15 11.83 2.40 13.18 11.64 15.58 10.51 27.28 18.23
12.69 15.32 14.41 11.76 12.18 1.33 3.52 21.48 0.56 13.84 20.62 14.94 15.03 10.67 10.14 23.04 15.99 7.58
6.90 14.67 10.68 7.29 8.43 5.65 8.66 17.66 7.35 8.66 20.62 18.56 12.46 17.50 4.91 26.20 11.01 2.21
13.33 12.15 9.63 25.07 11.92 23.54 22.62 2.69 24.15 11.31 13.59 22.33 9.52 31.40 14.98 24.94 26.53 21.64
25.10 16.52 22.27 29.84 21.56 19.50 15.11 26.04 17.81 24.62 16.31 6.27 20.29 12.56 23.01 8.39 33.99 25.00
7.01 8.35 6.73 13.81 4.69 7.53 6.55 13.69 7.89 7.18 14.21 12.79 7.22 15.99 4.74 19.99 17.36 8.72
10.26 7.00 8.53 16.77 7.10 8.66 5.71 14.65 8.22 10.03 12.26 9.34 7.82 14.09 8.16 16.68 20.53 11.62
11.82 17.30 14.87 8.14 12.54 2.56 7.03 22.01 4.25 13.42 22.97 18.39 16.11 13.84 9.56 26.44 12.37 4.67
7.53 18.58 12.85 4.86 11.15 11.07 14.49 18.72 12.91 9.62 24.49 24.06 15.34 23.05 7.53 31.41 6.52 4.87
17.13 16.97 17.87 16.30 15.83 6.24 4.65 24.61 4.44 17.99 21.38 13.29 17.83 5.74 14.54 21.21 20.52 12.48
16.55 7.74 13.31 23.35 12.77 14.09 9.85 17.31 12.95 15.84 9.55 2.79 11.32 13.81 14.75 10.01 27.22 18.22
23.91 18.91 22.75 25.43 21.31 15.05 11.47 28.22 13.17 24.11 20.98 10.20 21.60 4.95 21.44 15.92 29.67 21.22
3.51 8.54 1.88 15.10 1.67 12.91 12.83 8.50 13.75 1.75 14.05 17.06 4.57 22.28 4.26 22.87 17.49 11.04
15.24 21.23 18.72 8.08 16.40 5.99 10.14 25.83 7.05 17.01 26.84 21.52 20.05 14.55 13.20 29.63 11.95 7.13
14.63 3.64 9.37 25.25 10.65 19.05 16.15 9.20 18.76 12.88 2.92 11.55 6.61 22.91 14.30 13.70 28.25 20.40
16.54 5.03 11.96 25.62 12.40 17.70 13.99 13.76 16.95 15.22 4.20 6.85 9.33 19.15 15.46 9.57 29.10 20.51
24.64 21.39 24.31 24.29 22.60 14.39 11.75 30.33 12.56 25.16 24.13 13.63 23.55 2.44 22.07 19.78 28.48 20.63
16.99 5.78 12.62 25.64 12.87 17.37 13.50 14.79 16.52 15.77 5.24 5.72 10.06 18.22 15.75 8.85 29.22 20.51
13.20 24.20 18.55 3.90 16.84 14.27 18.41 24.20 16.14 15.27 30.14 28.92 21.04 25.75 13.17 36.54 0.84 8.48
9.71 4.76 6.84 17.87 5.94 10.68 8.04 12.46 10.43 9.01 10.33 9.63 5.67 16.25 8.07 16.21 21.38 12.77
15.23 13.64 11.55 26.92 13.85 25.46 24.47 4.50 26.05 13.22 14.40 23.69 11.31 33.16 16.91 25.79 28.27 23.55
10.21 15.36 12.96 8.80 10.64 1.98 5.93 20.11 3.82 11.69 21.07 17.00 14.14 13.95 7.84 24.98 12.98 4.31
16.09 7.24 10.72 27.50 12.59 22.43 19.91 7.42 22.34 14.09 5.16 15.54 8.38 27.01 16.39 16.48 30.09 22.95
15.26 3.49 10.33 25.12 11.13 18.02 14.72 11.43 17.51 13.74 2.89 9.09 7.58 20.81 14.51 11.63 28.39 20.12
20.78 22.42 22.52 16.49 20.33 9.02 9.78 29.51 8.00 22.02 26.99 18.65 22.88 7.38 18.27 26.34 20.42 14.21
1.47 11.69 4.91 13.07 4.34 13.19 14.13 10.20 14.39 1.41 17.16 19.85 7.68 23.71 3.95 25.95 14.94 9.81
15.67 8.46 10.46 27.36 12.55 23.10 20.94 5.79 23.18 13.59 7.33 17.47 8.52 28.50 16.31 18.66 29.68 23.03
11.93 5.41 6.60 23.47 8.61 19.19 17.26 4.57 19.36 9.91 7.31 15.44 4.55 25.31 12.39 18.34 25.95 19.07
24.42 15.81 21.56 29.29 20.86 18.99 14.58 25.33 17.32 23.93 15.67 5.56 19.58 12.45 22.35 8.15 33.43 24.42
19.20 21.19 21.04 15.11 18.82 7.44 8.51 28.06 6.50 20.47 25.93 18.03 21.47 7.81 16.70 25.88 19.11 12.66
12.94 6.53 7.70 24.60 9.79 20.50 18.56 4.23 20.67 10.88 7.48 16.36 5.81 26.54 13.55 18.76 26.97 20.27
14.22 7.15 8.97 25.86 11.04 21.58 19.49 5.03 21.69 12.16 7.02 16.57 6.99 27.22 14.80 18.40 28.25 21.50
2.56 9.21 3.11 13.79 1.60 11.67 11.89 9.89 12.60 1.72 14.92 17.05 5.57 21.42 2.87 23.24 16.31 9.66
15.60 14.39 15.73 16.61 13.82 6.13 2.70 22.28 4.30 16.21 18.75 11.01 15.47 6.89 13.02 19.06 20.84 12.22
14.78 4.04 10.58 23.43 10.68 15.44 11.79 13.52 14.72 13.62 5.96 6.32 8.15 17.52 13.49 10.98 26.98 18.31
15.94 4.31 10.83 26.10 11.85 19.22 15.97 11.11 18.74 14.30 1.71 10.07 8.05 22.04 15.35 11.78 29.27 21.13
12.73 23.88 18.10 4.28 16.46 14.46 18.51 23.62 16.34 14.77 29.80 28.86 20.64 26.07 12.83 36.42 1.52 8.52
6.77 12.22 5.96 17.98 7.38 18.24 18.54 6.32 19.27 5.20 16.43 21.95 8.00 28.01 9.02 26.75 19.22 15.09
23.53 18.80 22.48 24.88 21.00 14.52 11.01 28.04 12.64 23.77 21.03 10.32 21.39 4.39 21.04 16.28 29.12 20.71
23.47 11.80 18.74 32.29 19.32 23.65 19.50 19.20 22.58 22.09 7.51 8.89 16.02 22.09 22.38 4.29 35.90 27.15
6.90 9.15 7.23 13.06 5.07 6.84 6.26 14.27 7.32 7.31 15.01 13.30 7.91 15.79 4.48 20.62 16.66 7.95
26.70 26.95 28.01 22.36 25.90 14.98 14.83 34.80 13.73 27.83 30.81 21.14 28.03 7.86 24.16 27.97 26.12 20.32
13.49 9.89 12.27 17.83 10.74 8.07 3.77 18.29 6.87 13.55 14.19 7.82 11.48 10.43 11.13 15.85 21.89 12.83
10.22 1.84 5.81 19.99 6.07 13.70 11.20 9.85 13.56 8.91 7.79 10.50 3.54 19.10 9.32 15.71 23.19 15.05
25.63 21.32 24.84 26.10 23.28 15.96 12.88 30.53 14.09 25.98 23.53 12.76 23.84 4.40 23.10 18.23 30.31 22.22
22.81 21.13 23.13 21.36 21.23 11.86 10.02 29.56 10.14 23.56 24.61 14.76 22.73 1.54 20.21 21.70 25.51 18.01
8.34 13.40 10.80 9.54 8.48 3.42 5.81 17.95 4.81 9.66 19.21 16.03 12.00 14.82 5.85 23.84 13.52 4.47
4.87 8.40 4.90 13.42 2.64 9.01 8.72 12.04 9.69 4.91 14.37 14.53 6.11 18.23 2.96 21.32 16.61 8.60
14.95 17.12 16.64 12.85 14.42 3.28 4.60 23.67 2.10 16.13 22.18 15.50 17.13 9.05 12.41 23.59 17.06 9.27
24.03 14.61 20.75 29.79 20.29 19.70 15.23 24.00 18.13 23.36 13.84 4.74 18.59 14.30 22.12 6.00 33.85 24.80
10.07 3.53 6.56 18.85 6.08 11.90 9.23 11.61 11.66 9.13 9.17 9.57 4.93 17.19 8.69 15.67 22.27 13.80
13.72 2.91 8.46 24.37 9.74 18.33 15.56 8.67 18.10 11.97 3.81 11.64 5.70 22.59 13.40 14.29 27.34 19.54
21.24 21.48 22.37 18.31 20.28 9.66 9.20 29.16 8.23 22.27 25.65 16.69 22.40 4.80 18.67 24.18 22.37 15.46
8.61 20.15 14.00 5.85 12.57 13.37 16.78 19.28 15.21 10.58 25.98 26.15 16.64 25.35 9.19 33.36 5.84 7.14
24.20 20.77 23.76 24.12 22.08 14.11 11.32 29.74 12.26 24.68 23.48 12.98 22.97 2.33 21.63 19.18 28.33 20.37
16.42 5.32 12.10 25.06 12.31 16.84 13.01 14.48 16.01 15.22 5.39 5.75 9.57 17.97 15.17 9.38 28.63 19.93
24.45 23.15 24.99 22.19 23.04 13.19 11.81 31.50 11.57 25.29 26.63 16.68 24.67 3.37 21.85 23.42 26.25 19.19
19.42 22.71 21.85 13.75 19.57 7.95 10.13 28.97 7.58 20.88 27.72 20.30 22.58 10.25 17.04 28.23 17.54 12.12
15.93 6.99 12.59 23.00 12.10 13.95 9.81 16.56 12.89 15.17 9.03 3.50 10.57 14.30 14.17 10.38 26.83 17.86
11.75 0.69 7.12 21.51 7.60 14.88 12.05 10.18 14.59 10.36 6.30 9.72 4.58 19.38 10.88 14.35 24.75 16.53
13.16 4.09 9.49 21.32 9.18 13.28 9.74 13.56 12.61 12.22 7.86 6.63 7.43 16.16 11.66 12.62 24.93 16.19
17.07 8.28 13.87 23.69 13.31 14.31 10.01 17.86 13.10 16.38 9.89 2.25 11.88 13.54 15.23 9.69 27.59 18.57
5.11 6.72 1.26 16.17 1.28 12.69 11.97 8.35 13.29 3.60 12.35 15.28 3.01 21.22 5.06 21.01 18.84 11.75
21.60 11.79 18.07 28.13 17.74 18.39 13.95 21.15 16.99 20.80 11.12 2.57 15.83 14.88 19.82 5.68 32.09 23.05
4.63 16.01 10.00 7.60 8.44 11.09 13.75 15.79 12.78 6.70 21.86 22.31 12.57 22.89 5.09 29.34 9.40 5.65
22.67 12.92 19.20 28.98 18.84 19.11 14.65 22.26 17.65 21.90 12.07 3.48 16.96 14.87 20.86 5.35 32.98 23.92
10.78 3.66 5.40 22.01 7.10 17.26 15.25 5.92 17.38 8.89 7.15 13.90 2.88 23.34 10.90 17.54 24.69 17.44
14.00 13.91 14.52 14.92 12.50 4.45 1.31 21.27 2.71 14.74 18.69 11.91 14.52 8.49 11.41 20.02 19.14 10.45
11.91 3.39 8.22 20.40 7.91 12.80 9.59 12.57 12.30 10.94 8.12 7.88 6.24 16.69 10.49 13.83 23.92 15.29
6.46 11.24 5.04 17.98 6.60 17.70 17.81 5.78 18.66 4.69 15.51 20.99 7.02 27.24 8.55 25.78 19.42 14.85
23.81 19.25 22.85 24.93 21.34 14.61 11.21 28.47 12.73 24.09 21.53 10.82 21.79 4.11 21.30 16.75 29.16 20.82
24.17 12.76 19.70 32.38 20.05 23.31 19.01 20.77 22.11 22.93 9.18 7.88 17.05 20.75 22.88 2.25 36.11 27.23
21.45 22.36 22.89 17.73 20.74 9.73 9.87 29.79 8.49 22.59 26.70 17.96 23.08 6.13 18.90 25.51 21.71 15.22
4.14 12.80 5.87 14.91 6.29 15.89 16.77 9.00 17.10 3.33 17.76 21.75 8.53 26.35 6.66 27.34 16.19 12.21
3.87 13.53 8.38 8.55 6.36 8.49 10.65 15.03 10.01 5.80 19.48 19.15 10.59 19.98 2.56 26.33 11.44 4.53
19.22 21.48 21.18 14.81 18.95 7.48 8.81 28.23 6.66 20.53 26.28 18.49 21.68 8.31 16.74 26.36 18.77 12.51
3.25 9.11 4.14 13.07 1.89 10.08 10.27 11.22 10.97 3.28 15.01 16.06 6.06 19.82 1.98 22.62 15.93 8.59
12.42 16.17 14.67 10.40 12.38 0.78 4.90 21.80 1.97 13.75 21.63 16.32 15.53 11.75 9.95 24.41 14.64 6.48
14.58 4.74 9.20 25.64 10.80 20.06 17.42 7.80 19.90 12.69 3.91 13.31 6.59 24.51 14.56 15.16 28.43 20.93
21.99 12.84 18.81 27.81 18.27 17.81 13.34 22.33 16.30 21.35 12.70 2.72 16.71 13.36 20.06 6.88 31.85 22.79
15.94 7.59 12.86 22.59 12.22 13.34 9.11 17.13 12.21 15.29 9.89 3.36 10.97 13.44 14.08 10.77 26.47 17.46
7.74 11.02 5.48 19.34 7.36 18.72 18.59 4.50 19.60 5.85 14.85 21.02 6.98 27.91 9.69 25.42 20.80 16.12
7.68 13.36 10.39 9.17 8.07 4.09 6.48 17.53 5.53 9.08 19.23 16.45 11.73 15.55 5.24 24.19 13.08 4.04
8.50 6.47 3.44 20.25 5.72 17.11 15.94 4.02 17.58 6.42 10.41 16.63 2.89 24.76 9.32 20.80 22.52 16.11
20.71 14.20 18.73 24.42 17.59 14.02 9.70 23.67 12.30 20.56 16.00 5.28 17.25 8.25 18.41 12.02 28.60 19.68
8.84 17.23 13.10 4.93 10.90 6.15 10.05 19.96 8.02 10.78 23.17 20.64 14.99 18.07 7.23 28.42 8.94 0.45
15.29 3.57 10.51 24.85 11.14 17.48 14.07 12.08 16.91 13.85 3.54 8.25 7.81 19.99 14.40 11.16 28.20 19.81
19.19 7.83 14.74 27.76 15.07 19.22 15.18 16.40 18.25 17.94 5.64 5.76 12.13 18.94 17.96 6.76 31.38 22.62
9.12 3.67 5.54 18.28 5.09 11.86 9.54 10.87 11.77 8.12 9.56 10.59 4.09 17.85 7.87 16.60 21.59 13.28
19.79 9.76 16.11 26.83 15.86 17.41 13.06 19.13 16.14 18.91 9.39 2.01 13.82 15.32 18.10 6.55 30.71 21.70
9.98 3.21 6.28 18.99 5.94 12.21 9.61 11.21 12.01 8.96 8.94 9.81 4.56 17.59 8.69 15.75 22.36 13.96
4.02 15.36 8.52 11.60 7.95 14.63 16.48 12.73 16.13 5.07 20.77 23.31 11.31 25.97 6.29 29.60 12.51 9.80
26.79 17.40 23.57 32.14 23.08 21.89 17.46 26.74 20.23 26.16 16.28 7.53 21.41 15.10 24.83 6.76 36.25 27.23
24.92 16.63 22.23 29.40 21.45 19.02 14.66 26.18 17.30 24.50 16.67 6.36 20.32 11.85 22.79 9.07 33.56 24.59
20.40 8.63 15.47 29.88 16.26 21.94 18.10 15.62 21.12 18.89 3.93 9.04 12.70 22.25 19.54 7.54 33.30 24.79
12.62 2.99 7.29 23.55 8.75 18.04 15.56 7.38 17.95 10.80 5.10 12.65 4.58 23.05 12.49 15.66 26.40 18.82
25.36 20.86 24.47 26.07 22.95 15.87 12.67 30.10 14.00 25.68 23.01 12.22 23.43 4.54 22.84 17.68 30.29 22.12
15.24 20.42 18.35 9.20 16.03 5.02 8.92 25.50 5.82 16.89 25.92 20.24 19.51 13.14 13.04 28.35 13.19 7.48
18.87 12.28 16.76 23.20 15.67 12.95 8.51 21.71 11.34 18.66 14.42 4.18 15.27 9.18 16.63 11.82 27.33 18.33
24.22 13.88 20.45 30.94 20.29 21.17 16.71 22.93 19.73 23.33 12.10 5.38 18.07 16.80 22.52 3.38 34.90 25.86
6.20 17.88 11.56 7.52 10.25 12.91 15.80 16.76 14.66 8.10 23.64 24.44 14.24 24.81 7.13 31.41 8.31 7.04
14.28 12.90 10.60 25.99 12.89 24.51 23.56 3.60 25.11 12.27 13.99 23.02 10.42 32.29 15.95 25.37 27.39 22.60
13.35 23.82 18.57 2.35 16.70 12.81 17.09 24.60 14.65 15.46 29.79 27.88 20.93 24.05 12.93 35.65 2.01 7.42
27.78 26.38 28.37 24.90 26.43 16.40 15.19 34.85 14.85 28.66 29.62 19.34 28.02 6.33 25.19 25.53 28.85 22.25
21.73 12.26 18.38 27.90 17.94 18.03 13.57 21.70 16.57 21.01 11.89 2.45 16.21 14.09 19.87 6.29 31.91 22.85
2.56 14.33 7.86 10.20 6.70 12.33 14.25 13.24 13.83 4.39 20.01 21.59 10.56 23.71 4.25 28.20 11.83 7.72
25.96 17.60 23.25 30.33 22.48 19.94 15.60 27.13 18.20 25.54 17.45 7.33 21.33 12.30 23.82 9.26 34.51 25.56
16.46 7.46 13.13 23.41 12.64 14.24 10.03 17.04 13.13 15.71 9.22 2.96 11.10 14.13 14.69 9.95 27.26 18.28
25.41 24.48 26.15 22.54 24.16 13.97 12.93 32.73 12.44 26.33 28.02 18.09 25.91 4.78 22.82 24.78 26.53 19.82
19.78 10.82 16.62 25.87 16.06 16.07 11.62 20.37 14.66 19.14 11.37 0.56 14.59 13.09 17.88 7.98 29.87 20.81
13.19 21.80 17.73 3.13 15.55 8.57 13.02 24.49 10.27 15.23 27.71 24.26 19.65 19.24 11.85 32.25 6.92 5.08
1.08 11.16 5.18 11.76 3.54 10.82 11.83 11.65 12.02 2.45 16.95 18.34 7.66 21.41 1.58 24.89 14.21 7.89
8.81 4.39 3.42 20.12 5.22 15.90 14.30 5.86 16.18 6.92 8.98 14.50 1.15 22.86 9.01 18.88 22.74 15.65
2.32 14.06 7.69 10.06 6.42 11.89 13.78 13.28 13.38 4.27 19.78 21.19 10.36 23.24 3.82 27.85 11.85 7.37
21.39 13.12 18.62 26.50 17.86 16.34 11.88 22.70 14.75 20.92 13.78 2.96 16.73 11.49 19.32 8.76 30.60 21.57
23.35 15.27 20.72 27.91 19.91 17.58 13.19 24.84 15.89 22.96 15.68 5.05 18.87 11.13 21.22 9.19 32.06 23.08
23.75 12.48 19.39 31.76 19.65 22.60 18.28 20.73 21.37 22.56 9.27 7.09 16.77 19.92 22.39 2.16 35.53 26.61
2.07 11.47 4.59 13.69 4.33 13.71 14.51 9.60 14.87 1.26 16.84 19.88 7.37 24.09 4.45 25.83 15.50 10.43
11.12 8.74 6.62 22.99 8.95 20.45 19.27 0.84 20.93 9.01 10.98 18.98 6.08 27.94 12.35 22.12 24.91 19.13
17.29 20.70 19.69 12.39 17.40 5.78 8.25 26.81 5.52 18.73 25.83 18.92 20.44 10.22 14.89 26.95 16.38 10.20
18.04 7.06 13.82 26.29 13.95 17.67 13.62 16.12 16.68 16.90 6.22 4.70 11.31 17.62 16.68 7.70 29.96 21.15
23.34 22.71 24.15 20.69 22.14 11.91 10.92 30.80 10.37 24.27 26.48 16.89 23.99 3.81 20.75 23.96 24.73 17.81
3.40 11.93 4.98 14.68 5.30 15.09 15.84 8.84 16.25 2.34 17.03 20.77 7.69 25.41 5.83 26.44 16.21 11.68
25.34 20.40 24.24 26.48 22.79 16.18 12.78 29.72 14.30 25.57 22.34 11.50 23.10 5.25 22.84 16.76 30.71 22.40
1.13 12.88 6.37 11.32 5.27 12.20 13.66 11.96 13.57 2.92 18.53 20.40 9.07 23.21 3.37 26.85 13.21 8.26
17.35 14.09 16.67 19.38 15.01 8.90 4.90 22.74 7.10 17.68 17.70 8.78 15.94 6.01 14.84 16.64 23.60 14.86
20.06 12.15 17.40 25.17 16.58 15.06 10.59 21.72 13.51 19.63 13.33 2.46 15.61 11.02 17.97 9.58 29.26 20.22
4.45 8.74 4.88 13.11 2.57 9.05 8.98 12.03 9.82 4.59 14.71 14.97 6.29 18.51 2.52 21.76 16.24 8.34
16.37 17.27 17.56 14.82 15.43 5.03 4.61 24.45 3.39 17.38 21.97 14.44 17.76 7.08 13.79 22.45 19.04 11.18
5.00 16.74 10.34 8.45 9.10 12.77 15.35 15.53 14.45 6.87 22.47 23.57 13.04 24.55 6.17 30.41 9.52 7.23
10.46 20.07 15.33 1.79 13.28 8.95 13.09 21.83 10.81 12.55 26.03 23.81 17.48 20.57 9.48 31.59 5.81 3.37
21.42 16.73 20.31 23.30 18.83 12.85 9.07 25.91 10.98 21.62 19.23 8.78 19.23 4.70 18.95 15.48 27.54 18.94
25.72 16.45 22.55 31.07 22.03 20.84 16.40 25.85 19.20 25.10 15.59 6.48 20.42 14.38 23.75 6.73 35.18 26.15
7.96 12.86 10.26 9.90 7.95 3.84 5.79 17.42 5.09 9.21 18.68 15.71 11.44 14.98 5.43 23.46 13.82 4.78
29.58 18.60 25.45 36.69 25.55 26.90 22.43 26.91 25.42 28.53 15.33 11.13 22.89 21.53 28.03 4.04 40.63 31.60
5.64 17.41 10.81 9.18 9.79 14.00 16.56 15.51 15.68 7.30 23.03 24.57 13.56 25.78 7.15 31.28 9.74 8.40
13.30 1.55 8.37 23.32 9.17 16.66 13.67 10.12 16.31 11.77 4.46 9.80 5.64 20.53 12.60 13.36 26.51 18.37
15.33 9.84 13.46 20.12 12.21 10.25 5.83 18.90 8.90 15.17 13.28 5.60 12.23 10.28 13.09 13.69 24.18 15.12
19.42 10.80 16.41 25.29 15.76 15.44 10.98 20.38 14.01 18.83 11.70 0.84 14.45 12.49 17.46 8.65 29.30 20.25
4.04 8.43 4.04 13.57 1.72 9.92 9.79 11.19 10.69 3.86 14.37 15.27 5.64 19.30 2.62 21.83 16.55 8.95
8.67 20.02 14.06 4.99 12.49 12.59 16.11 19.58 14.44 10.70 25.89 25.70 16.63 24.55 8.99 33.01 5.46 6.34
8.01 19.56 13.40 6.08 11.96 13.09 16.40 18.70 14.92 9.98 25.38 25.64 16.03 25.07 8.62 32.81 6.39 6.90
18.70 18.25 19.40 17.45 17.39 7.66 6.17 26.08 5.93 19.56 22.44 13.81 19.29 4.41 16.11 21.54 21.64 13.85
9.89 17.41 13.80 5.58 11.54 4.99 9.15 20.79 6.87 11.74 23.30 20.09 15.50 16.79 8.04 27.99 9.76 1.78
13.30 19.10 16.60 7.79 14.28 4.04 8.41 23.73 5.40 15.00 24.75 19.83 17.90 14.11 11.17 27.92 11.94 5.52
21.47 20.19 21.92 20.03 19.98 10.47 8.75 28.44 8.75 22.26 23.91 14.40 21.61 2.09 18.87 21.64 24.19 16.62
15.86 12.85 11.71 27.67 14.03 25.55 24.25 4.58 26.01 13.79 13.02 22.69 11.04 32.68 17.33 24.37 29.25 24.07
14.57 9.98 13.02 19.05 11.63 9.18 4.77 18.75 7.86 14.52 13.83 6.67 12.00 10.11 12.26 14.75 23.12 14.07
15.12 7.80 12.41 21.34 11.56 12.01 7.79 17.18 10.88 14.61 10.82 4.34 10.77 12.62 13.14 12.04 25.26 16.23
13.08 6.20 10.30 19.98 9.45 11.27 7.47 15.30 10.43 12.51 10.21 6.23 8.75 13.88 11.20 13.44 23.77 14.83
20.06 10.44 16.59 26.67 16.22 17.06 12.65 19.90 15.71 19.28 10.38 1.26 14.40 14.40 18.28 6.87 30.61 21.58
17.70 22.21 20.61 11.27 18.30 6.88 10.06 27.76 7.11 19.31 27.51 20.97 21.61 12.21 15.45 29.03 15.03 9.99
20.71 18.34 20.63 20.59 18.82 10.48 7.81 26.90 8.63 21.29 21.79 12.09 20.08 1.83 18.12 19.33 24.81 16.74
14.44 6.34 9.08 25.91 11.02 21.17 18.88 6.01 21.18 12.42 5.87 15.49 6.84 26.38 14.81 17.24 28.45 21.42
20.21 21.92 21.96 16.05 19.76 8.45 9.26 28.95 7.43 21.45 26.53 18.32 22.33 7.40 17.70 26.07 20.00 13.68
22.71 12.42 18.95 29.57 18.77 19.91 15.48 21.55 18.52 21.81 10.97 4.06 16.58 16.27 21.02 4.13 33.50 24.47
23.58 16.08 21.24 27.53 20.28 17.11 12.81 25.66 15.36 23.30 16.86 6.05 19.52 9.89 21.35 10.57 31.71 22.80
11.26 11.69 8.01 22.92 10.22 21.82 21.21 2.40 22.54 9.29 14.10 21.96 8.44 30.23 13.04 25.27 24.33 19.61
10.93 15.02 13.20 9.99 10.90 0.85 4.77 20.35 2.59 12.25 20.60 16.00 14.15 12.75 8.44 24.03 14.19 5.55
20.19 18.24 20.27 19.85 18.42 9.79 7.30 26.65 7.95 20.83 21.86 12.41 19.82 2.29 17.60 19.79 24.07 16.04
11.80 3.25 8.06 20.36 7.78 12.84 9.67 12.40 12.36 10.81 8.07 8.04 6.08 16.83 10.40 13.94 23.87 15.26
11.58 19.43 15.73 4.46 13.49 6.19 10.60 22.66 7.97 13.51 25.31 21.78 17.49 17.40 9.91 29.75 8.68 3.19
8.38 19.95 13.77 6.08 12.36 13.40 16.76 19.00 15.24 10.34 25.77 26.04 16.42 25.38 9.02 33.22 6.13 7.19
25.11 20.07 23.97 26.40 22.53 16.07 12.61 29.41 14.19 25.33 21.99 11.14 22.80 5.34 22.63 16.43 30.64 22.28
4.89 11.88 7.84 9.93 5.55 6.88 8.37 14.91 8.14 6.25 17.85 16.78 9.55 17.83 2.41 24.09 13.30 5.07
20.06 19.80 20.91 18.06 18.87 8.74 7.68 27.63 7.12 20.98 23.93 15.04 20.84 4.03 17.46 22.61 22.20 14.79
21.56 15.76 19.94 24.42 18.66 13.94 9.84 25.15 12.13 21.56 17.76 7.05 18.62 6.70 19.18 13.48 28.63 19.85
16.81 19.73 18.96 12.74 16.70 5.12 7.20 26.05 4.59 18.16 24.79 17.81 19.61 9.45 14.35 25.84 16.82 10.11
10.68 11.18 7.37 22.38 9.58 21.18 20.57 2.17 21.90 8.69 13.80 21.44 7.84 29.61 12.42 24.90 23.86 19.02
19.95 8.41 15.36 28.74 15.81 20.30 16.27 16.56 19.34 18.63 5.34 6.68 12.68 19.94 18.81 6.36 32.32 23.60
17.99 11.13 15.71 22.81 14.68 12.73 8.26 20.58 11.22 17.69 13.37 3.58 14.16 10.07 15.81 11.55 26.90 17.86
3.73 12.61 5.66 14.61 5.97 15.49 16.38 9.15 16.70 2.97 17.66 21.46 8.36 25.96 6.26 27.13 15.97 11.84
11.11 19.82 15.63 2.99 13.46 7.51 11.82 22.38 9.34 13.13 25.76 22.82 17.58 18.91 9.74 30.71 7.22 3.00
17.72 13.06 16.42 20.82 14.98 10.42 6.10 22.08 8.71 17.81 16.17 6.83 15.37 7.18 15.31 14.66 25.00 16.11
25.03 17.36 22.64 28.87 21.72 18.43 14.17 26.94 16.65 24.74 17.83 7.19 20.88 10.50 22.81 10.62 33.07 24.18
23.78 13.36 19.96 30.66 19.83 20.96 16.52 22.37 19.56 22.86 11.53 5.13 17.56 16.93 22.12 3.27 34.60 25.57
16.07 5.48 10.72 26.93 12.20 20.89 17.98 9.32 20.60 14.23 2.44 12.73 8.04 24.54 15.92 13.83 29.84 22.14
9.60 6.95 4.67 21.40 6.96 18.35 17.10 2.91 18.79 7.49 10.18 17.21 3.92 25.80 10.53 20.93 23.58 17.32
21.13 9.71 16.64 29.58 17.00 20.84 16.68 17.98 19.77 19.87 6.70 6.33 14.00 19.64 19.88 4.95 33.25 24.44
9.77 2.47 4.64 20.50 5.77 15.25 13.17 7.57 15.31 8.10 7.69 12.54 1.88 21.34 9.46 17.04 23.40 15.77
22.29 21.81 23.14 19.78 21.11 10.88 9.90 29.81 9.33 23.23 25.71 16.32 23.01 3.65 19.70 23.57 23.85 16.80
11.97 10.91 11.76 15.30 9.88 5.58 1.77 18.35 4.60 12.39 15.87 10.37 11.56 10.76 9.46 18.38 19.38 10.35
9.08 11.30 6.43 20.68 8.46 19.95 19.64 3.55 20.77 7.17 14.63 21.46 7.51 28.87 10.99 25.46 22.09 17.46
5.20 10.85 4.23 16.82 5.49 16.43 16.65 6.64 17.42 3.41 15.50 20.31 6.56 26.11 7.26 25.43 18.41 13.58
16.26 20.02 18.77 11.48 16.47 4.88 7.77 25.91 4.86 17.73 25.25 18.73 19.60 10.80 13.89 26.80 15.53 9.15
12.67 19.28 16.31 6.49 14.01 4.78 9.25 23.39 6.37 14.47 25.03 20.63 17.79 15.38 10.69 28.69 10.66 4.56
15.23 3.78 10.07 25.58 11.18 18.99 15.89 10.25 18.59 13.56 2.24 10.64 7.28 22.30 14.74 12.65 28.69 20.66
21.87 15.52 20.01 25.15 18.83 14.69 10.49 24.99 12.91 21.78 17.21 6.37 18.56 7.67 19.54 12.51 29.35 20.51
18.99 22.62 21.56 13.10 19.27 7.66 10.12 28.69 7.44 20.50 27.71 20.52 22.36 10.80 16.65 28.50 16.87 11.57
14.71 20.82 18.22 7.71 15.90 5.67 9.91 25.33 6.84 16.49 26.46 21.32 19.58 14.70 12.68 29.42 11.64 6.60
25.60 22.66 25.44 24.73 23.68 15.06 12.71 31.54 13.27 26.19 25.45 14.94 24.74 3.14 23.02 20.96 28.88 21.27
12.20 2.75 8.22 21.01 8.13 13.56 10.36 12.14 13.07 11.12 7.36 7.99 6.05 17.34 10.91 13.52 24.48 15.92
6.43 9.66 7.25 12.42 5.00 6.68 6.56 14.36 7.33 7.00 15.57 13.98 8.17 16.13 3.93 21.31 15.99 7.33
6.41 5.36 2.33 16.96 2.28 12.51 11.29 8.70 12.91 5.05 11.15 13.84 2.32 20.31 5.91 19.55 19.84 12.32
8.08 7.64 7.13 14.87 5.32 7.87 6.15 13.83 7.94 8.05 13.38 11.59 7.15 15.35 5.91 18.80 18.50 9.75
22.78 13.10 19.35 28.99 18.97 19.08 14.62 22.46 17.60 22.03 12.32 3.54 17.13 14.69 20.95 5.51 33.00 23.94
12.60 12.46 9.28 24.24 11.51 23.12 22.42 2.89 23.81 10.64 14.34 22.71 9.49 31.36 14.38 25.64 25.59 20.96
11.53 8.80 6.99 23.41 9.31 20.78 19.53 0.91 21.24 9.42 10.79 19.01 6.32 28.14 12.74 21.99 25.34 19.53
26.75 16.87 23.27 32.65 22.93 22.54 18.07 26.05 20.94 26.00 15.27 7.48 20.99 16.40 24.90 5.24 36.72 27.67
26.24 26.31 27.45 22.17 25.37 14.55 14.26 34.22 13.25 27.33 30.14 20.45 27.44 7.17 23.69 27.29 25.99 19.99
6.13 6.96 4.70 14.85 2.87 9.56 8.53 11.60 9.97 5.74 12.93 13.17 5.20 17.82 4.46 19.82 18.11 9.94
21.56 23.57 23.50 16.63 21.28 9.83 10.90 30.52 8.96 22.88 28.18 19.84 23.93 8.31 19.09 27.52 20.44 14.70
23.94 15.14 20.98 29.08 20.34 18.85 14.40 24.65 17.21 23.40 14.94 4.92 18.96 12.79 21.91 7.60 33.20 24.17
3.98 9.03 2.08 15.83 2.98 14.22 14.18 7.49 15.09 1.87 14.23 18.03 4.81 23.62 5.34 23.54 17.96 12.03
15.37 16.33 16.51 14.33 14.38 4.21 3.65 23.41 2.45 16.35 21.14 13.98 16.73 7.77 12.78 22.04 18.56 10.45
5.80 17.33 11.19 7.09 9.73 11.98 14.88 16.70 13.73 7.80 23.15 23.64 13.81 23.88 6.44 30.69 8.35 6.16
11.13 8.99 6.73 23.01 9.05 20.58 19.44 0.59 21.09 9.03 11.23 19.24 6.28 28.15 12.41 22.37 24.89 19.19
13.10 24.23 18.47 4.39 16.82 14.67 18.75 24.00 16.54 15.15 30.16 29.15 21.00 26.22 13.19 36.73 1.19 8.77
7.57 7.40 2.93 19.40 5.25 16.83 15.98 4.22 17.42 5.46 11.58 17.43 3.42 25.00 8.63 21.86 21.54 15.42
16.18 9.53 13.86 21.49 12.83 11.70 7.28 18.86 10.36 15.85 12.37 4.15 12.37 10.98 14.04 12.24 25.52 16.46
14.61 16.17 15.97 13.41 13.80 3.28 3.56 22.95 1.60 15.66 21.15 14.43 16.34 8.71 12.03 22.53 17.64 9.51
13.50 12.67 9.97 25.18 12.24 23.86 23.02 3.16 24.50 11.51 14.13 22.86 9.96 31.85 15.22 25.48 26.55 21.84
27.52 16.28 23.19 35.20 23.43 25.71 21.30 24.34 24.36 26.36 12.71 9.88 20.57 21.54 26.10 1.84 39.05 30.07
17.72 6.96 12.36 28.55 13.84 22.31 19.24 10.53 21.94 15.87 2.19 13.09 9.68 25.38 17.55 13.18 31.48 23.73
22.22 16.68 20.75 24.66 19.42 14.19 10.23 26.04 12.35 22.29 18.71 7.97 19.48 6.04 19.81 14.17 28.89 20.20
5.21 16.92 10.23 9.95 9.35 14.31 16.68 14.73 15.95 6.72 22.48 24.35 13.00 25.99 6.97 30.93 10.56 8.90
10.94 22.26 16.32 4.57 14.76 13.88 17.69 21.74 15.76 12.96 28.15 27.67 18.90 25.71 11.22 35.09 3.38 7.69
16.62 15.54 16.90 16.95 14.96 6.56 3.76 23.47 4.68 17.30 19.81 11.67 16.66 5.87 14.03 19.63 21.18 12.78
5.66 7.60 4.85 14.21 2.79 9.19 8.45 11.88 9.70 5.46 13.57 13.68 5.65 17.86 3.86 20.42 17.46 9.32
24.10 24.31 25.32 20.38 23.22 12.43 12.14 32.11 11.10 25.18 28.29 18.89 25.34 5.89 21.54 26.02 24.29 17.98
11.62 4.69 6.25 23.05 8.15 18.55 16.56 5.13 18.68 9.64 7.03 14.78 4.00 24.58 11.95 17.89 25.61 18.57
14.73 11.72 10.49 26.58 12.81 24.32 23.02 3.39 24.78 12.65 12.25 21.66 9.81 31.48 16.15 23.64 28.24 22.90
11.42 21.72 16.56 1.02 14.65 11.08 15.24 22.75 12.95 13.53 27.69 25.88 18.88 22.62 10.87 33.60 3.68 5.39
10.96 11.44 11.36 13.80 9.31 4.33 1.96 18.20 3.75 11.58 16.70 11.83 11.52 11.54 8.39 19.80 17.87 8.84
13.95 16.49 15.74 12.13 13.50 2.27 4.23 22.80 1.30 15.15 21.68 15.46 16.32 9.89 11.42 23.56 16.36 8.35
8.33 12.71 10.40 10.31 8.09 3.57 5.28 17.55 4.69 9.50 18.48 15.27 11.46 14.50 5.77 23.06 14.27 5.21
3.14 14.13 7.26 12.37 6.82 14.43 15.95 11.54 15.83 3.85 19.50 22.29 10.04 25.50 5.64 28.44 13.58 10.06
29.13 28.36 30.03 25.36 28.02 17.53 16.80 36.64 16.12 30.12 31.76 21.57 29.82 8.43 26.55 27.80 29.17 23.11
15.57 9.68 13.54 20.57 12.37 10.73 6.31 18.84 9.39 15.35 12.94 5.12 12.22 10.53 13.37 13.21 24.61 15.56
11.59 12.76 12.45 13.17 10.33 3.19 1.63 19.38 2.42 12.40 18.01 12.71 12.76 10.92 8.99 20.75 17.33 8.40
6.83 12.71 9.50 9.49 7.18 4.93 6.88 16.64 6.27 8.18 18.62 16.34 10.91 16.15 4.35 23.96 13.25 4.35
13.49 12.95 13.74 15.20 11.77 4.84 0.60 20.42 3.30 14.11 17.73 11.19 13.64 9.00 10.91 19.29 19.38 10.55
10.19 13.07 11.74 11.44 9.50 2.36 3.49 18.83 2.87 11.23 18.61 14.23 12.44 12.55 7.61 22.19 15.55 6.58
23.00 19.31 22.41 23.49 20.77 13.29 10.20 28.31 11.41 23.41 22.03 11.60 21.55 2.40 20.45 18.03 27.71 19.53
9.46 5.87 4.24 21.13 6.42 17.58 16.16 3.97 17.95 7.40 9.42 16.12 2.95 24.76 10.12 19.97 23.48 16.88
19.26 8.10 14.94 27.57 15.16 18.86 14.76 16.88 17.84 18.08 6.31 5.05 12.38 18.27 17.94 6.52 31.24 22.42
17.43 14.00 16.67 19.57 15.04 9.10 5.05 22.70 7.30 17.73 17.55 8.56 15.90 6.08 14.93 16.42 23.78 15.03
17.93 17.00 18.36 17.49 16.40 7.35 5.17 24.96 5.51 18.69 21.15 12.60 18.15 4.68 15.34 20.41 21.72 13.60
13.45 20.77 17.45 5.45 15.17 6.48 10.94 24.44 8.03 15.35 26.57 22.32 19.08 16.72 11.68 30.38 9.43 5.08
26.19 16.46 22.78 31.99 22.40 21.86 17.40 25.70 20.27 25.47 15.07 6.90 20.54 15.77 24.31 5.48 36.07 27.02
17.64 14.59 17.07 19.34 15.38 8.87 5.03 23.20 7.04 18.01 18.21 9.22 16.39 5.53 15.11 17.04 23.57 14.90
27.12 25.24 27.48 24.86 25.59 15.94 14.38 33.85 14.31 27.91 28.34 17.98 27.02 5.17 24.53 24.10 28.88 21.94
13.16 10.02 12.11 17.34 10.51 7.59 3.34 18.25 6.42 13.28 14.48 8.31 11.42 10.47 10.77 16.34 21.39 12.35
8.02 19.12 13.36 4.61 11.68 11.43 14.92 19.17 13.28 10.11 25.03 24.58 15.87 23.40 8.07 31.94 6.01 5.19
10.94 20.77 15.91 1.04 13.90 9.68 13.86 22.32 11.54 13.05 26.74 24.59 18.11 21.23 10.10 32.36 5.05 4.14
22.43 19.98 22.39 21.87 20.58 11.98 9.54 28.63 10.16 23.05 23.22 13.20 21.81 0.12 19.85 20.05 26.07 18.21
14.53 3.68 9.25 25.21 10.57 19.10 16.25 8.97 18.83 12.76 3.09 11.77 6.50 23.07 14.24 13.93 28.18 20.38
10.51 8.36 9.44 15.98 7.77 7.39 4.36 15.82 6.87 10.55 13.56 9.73 9.00 13.03 8.21 17.38 19.85 10.84
20.27 22.53 22.27 15.47 20.04 8.55 9.85 29.32 7.75 21.60 27.27 19.27 22.76 8.46 17.80 27.07 19.34 13.42
21.87 20.20 22.16 20.69 20.26 11.03 9.06 28.59 9.27 22.60 23.76 14.06 21.76 1.37 19.27 21.18 24.86 17.21
19.18 10.98 16.35 24.76 15.61 14.82 10.36 20.56 13.36 18.67 12.22 1.53 14.49 11.78 17.16 9.35 28.79 19.74
3.27 9.11 4.17 13.05 1.91 10.04 10.23 11.26 10.93 3.32 15.02 16.04 6.09 19.78 1.97 22.61 15.92 8.56
18.64 7.29 14.19 27.26 14.51 18.80 14.81 15.93 17.86 17.39 5.38 5.75 11.58 18.82 17.42 7.30 30.86 22.12
8.81 4.26 3.44 20.08 5.17 15.78 14.16 6.02 16.05 6.94 8.92 14.34 1.04 22.71 8.97 18.76 22.72 15.58
15.34 10.25 10.54 27.20 12.80 23.96 22.24 4.27 24.24 13.23 9.96 19.81 9.22 30.28 16.40 21.32 29.19 23.19
18.85 10.18 15.79 24.91 15.17 15.15 10.72 19.76 13.78 18.24 11.22 0.71 13.83 12.73 16.92 8.82 28.90 19.84
11.33 11.27 7.85 23.06 10.10 21.71 21.00 1.88 22.39 9.32 13.59 21.53 8.12 29.96 13.03 24.77 24.55 19.65
2.00 12.18 6.54 10.36 4.70 9.85 11.33 13.08 11.18 3.85 18.06 18.72 8.91 20.85 1.30 25.56 12.94 6.48
3.02 14.76 8.17 10.42 7.17 12.98 14.93 13.23 14.49 4.66 20.38 22.20 10.91 24.38 4.90 28.74 11.80 8.22
4.11 10.26 3.38 15.90 4.31 15.17 15.40 7.37 16.15 2.18 15.25 19.42 5.99 24.88 6.03 24.82 17.72 12.47
21.78 18.82 21.47 21.90 19.74 11.76 8.90 27.59 9.90 22.29 21.95 11.89 20.79 1.43 19.21 18.80 26.12 18.01
24.67 18.41 22.95 27.23 21.73 16.76 12.82 27.91 14.91 24.65 19.76 8.86 21.51 7.53 22.29 13.64 31.46 22.79
23.85 12.55 19.47 31.88 19.74 22.73 18.41 20.77 21.51 22.65 9.29 7.22 16.85 20.05 22.50 2.12 35.65 26.73
12.35 11.63 12.37 15.07 10.44 5.11 1.05 19.02 3.97 12.86 16.56 10.75 12.24 10.24 9.81 18.81 19.20 10.21
20.38 10.44 16.76 27.24 16.48 17.70 13.31 19.81 16.38 19.54 9.97 1.97 14.50 15.11 18.66 6.22 31.15 22.13
20.14 8.85 15.74 28.50 16.02 19.76 15.62 17.41 18.71 18.92 6.46 5.55 13.14 18.85 18.84 5.74 32.17 23.35
17.73 7.73 14.00 25.14 13.78 16.07 11.86 17.20 14.96 16.82 8.20 2.78 11.74 15.46 16.11 8.27 28.95 20.00
6.43 12.16 5.79 17.65 7.14 17.93 18.27 6.54 18.97 4.89 16.47 21.82 7.91 27.75 8.70 26.71 18.91 14.76
19.34 21.05 21.06 15.50 18.86 7.58 8.39 28.05 6.53 20.56 25.72 17.68 21.43 7.34 16.82 25.51 19.52 12.94
15.96 13.06 11.86 27.77 14.18 25.71 24.44 4.72 26.19 13.90 13.23 22.90 11.22 32.88 17.46 24.58 29.31 24.19
13.59 2.51 8.39 24.11 9.56 17.93 15.11 8.98 17.67 11.89 3.88 11.20 5.61 22.10 13.18 14.06 27.13 19.25
22.81 14.30 19.96 27.87 19.25 17.65 13.21 23.85 16.03 22.32 14.50 4.03 18.01 12.01 20.75 8.19 31.99 22.96
3.92 15.44 8.66 11.11 7.95 14.23 16.18 13.09 15.75 5.17 20.91 23.22 11.43 25.64 6.07 29.60 12.08 9.33
11.43 22.10 16.69 2.10 14.87 12.07 16.15 22.65 13.94 13.53 28.06 26.63 19.09 23.69 11.13 34.28 2.93 6.19
23.12 17.24 21.52 25.65 20.24 15.18 11.21 26.67 13.34 23.14 18.98 8.13 20.17 6.62 20.72 13.82 29.88 21.19
16.45 5.78 12.35 24.70 12.38 16.23 12.30 15.14 15.33 15.36 6.34 4.88 9.93 17.03 15.06 9.27 28.35 19.55
22.70 16.47 20.93 25.67 19.72 15.19 11.09 25.94 13.38 22.65 18.09 7.22 19.50 7.33 20.35 12.96 29.89 21.11
16.16 6.21 10.77 27.27 12.42 21.61 18.84 8.59 21.39 14.25 3.48 13.90 8.20 25.61 16.19 14.85 30.05 22.57
14.74 12.28 14.20 17.38 12.47 7.06 2.65 20.49 5.48 15.09 16.52 9.10 13.66 8.26 12.24 17.20 21.55 12.64
2.21 12.03 5.14 13.50 4.88 13.95 14.90 9.87 15.17 1.82 17.38 20.44 7.92 24.48 4.73 26.40 15.18 10.44
21.14 19.17 21.26 20.51 19.40 10.59 8.27 27.63 8.77 21.81 22.70 13.03 20.80 1.39 18.55 20.23 24.71 16.82
18.16 6.94 12.86 28.72 14.18 22.07 18.81 11.58 21.60 16.38 1.26 12.07 10.12 24.58 17.82 11.95 31.77 23.81
26.26 14.85 21.79 34.32 22.14 25.08 20.72 22.70 23.81 25.02 11.04 9.39 19.13 21.73 24.94 1.61 38.09 29.17
12.18 3.27 8.40 20.72 8.15 13.09 9.83 12.58 12.58 11.18 7.83 7.72 6.35 16.81 10.78 13.56 24.23 15.61
9.18 6.28 4.06 20.91 6.31 17.60 16.30 3.72 18.02 7.10 9.89 16.52 3.11 24.99 9.95 20.44 23.20 16.73
15.40 19.40 17.98 10.81 15.67 4.12 7.36 25.12 4.34 16.88 24.72 18.52 18.87 11.25 13.04 26.62 14.91 8.30
6.81 10.75 4.80 18.45 6.54 17.83 17.78 5.15 18.73 4.93 14.90 20.59 6.58 27.15 8.77 25.25 19.98 15.19
16.25 19.89 18.70 11.63 16.41 4.80 7.60 25.84 4.72 17.70 25.11 18.53 19.51 10.61 13.86 26.61 15.68 9.22
21.56 10.87 17.56 29.02 17.54 19.69 15.35 19.84 18.44 20.54 9.14 4.14 15.10 17.19 20.02 4.34 32.86 23.89
4.07 15.46 8.63 11.48 8.03 14.59 16.48 12.87 16.10 5.17 20.88 23.37 11.41 25.96 6.31 29.68 12.38 9.72
19.55 8.47 15.29 27.71 15.46 18.90 14.75 17.31 17.83 18.40 6.74 4.76 12.75 18.03 18.19 6.20 31.41 22.56
11.78 9.22 7.33 23.65 9.65 21.15 19.94 0.68 21.63 9.67 11.09 19.42 6.74 28.57 13.04 22.32 25.52 19.82
21.22 9.45 16.26 30.72 17.08 22.73 18.86 16.21 21.88 19.69 4.51 9.51 13.49 22.79 20.37 7.22 34.14 25.63
13.32 23.37 18.40 1.56 16.44 11.72 16.06 24.66 13.53 15.43 29.34 27.01 20.66 22.81 12.64 34.84 3.31 6.67
2.48 9.49 3.84 13.09 1.90 10.81 11.16 10.75 11.77 2.38 15.31 16.84 6.11 20.72 2.05 23.26 15.75 8.84
6.54 8.37 6.37 13.63 4.27 7.75 6.98 13.38 8.20 6.71 14.28 13.19 7.00 16.44 4.30 20.31 17.12 8.58
1.81 13.36 6.68 11.59 5.82 12.98 14.49 11.84 14.36 3.17 18.92 21.11 9.44 24.03 4.19 27.46 13.22 8.83
4.13 11.06 4.18 15.73 4.98 15.53 15.94 7.67 16.58 2.48 15.99 20.20 6.77 25.47 6.30 25.62 17.37 12.52
8.07 5.32 2.70 19.56 4.74 15.84 14.52 5.46 16.24 6.11 9.91 15.32 1.41 23.28 8.50 19.84 22.06 15.22
14.01 14.45 14.79 14.39 12.71 3.92 1.77 21.62 2.10 14.84 19.31 12.62 14.90 8.59 11.41 20.72 18.62 10.04
19.84 13.01 17.67 24.07 16.61 13.78 9.36 22.50 12.13 19.61 14.83 4.22 16.13 9.13 17.60 11.42 28.22 19.23
20.02 9.70 16.20 27.30 16.05 17.98 13.65 18.96 16.75 19.08 8.93 2.70 13.84 16.00 18.40 6.06 31.15 22.17
21.66 12.69 18.56 27.38 17.98 17.37 12.89 22.21 15.85 21.05 12.76 2.47 16.51 12.97 19.71 7.31 31.43 22.37
23.63 13.64 20.05 30.05 19.76 20.18 15.72 22.86 18.71 22.82 12.36 4.52 17.75 15.68 21.85 4.49 34.04 24.99
25.75 23.96 26.11 23.68 24.21 14.61 13.00 32.50 12.95 26.53 27.18 16.95 25.68 3.89 23.15 23.34 27.74 20.65
23.47 18.90 22.49 24.68 20.98 14.34 10.89 28.11 12.46 23.73 21.21 10.53 21.43 4.09 20.97 16.56 28.92 20.54
10.31 9.07 6.10 22.17 8.41 19.99 19.02 1.09 20.56 8.21 11.75 19.33 5.98 27.86 11.67 22.77 24.01 18.42
16.53 16.03 17.07 16.35 15.08 6.06 3.84 23.75 4.19 17.31 20.43 12.46 16.96 6.06 13.94 20.43 20.58 12.31
16.30 14.21 16.08 17.76 14.27 7.28 3.52 22.44 5.46 16.79 18.28 10.06 15.62 6.37 13.75 18.05 21.99 13.31
9.21 6.07 7.13 16.68 5.80 9.35 6.90 13.27 9.16 8.80 11.66 10.13 6.44 15.49 7.31 17.11 20.28 11.56
5.33 7.98 4.90 13.83 2.74 9.05 8.51 11.99 9.64 5.24 13.95 14.04 5.89 17.97 3.46 20.82 17.06 8.96
10.13 13.78 12.08 10.60 9.80 1.83 4.21 19.21 2.92 11.31 19.39 15.10 12.95 12.94 7.58 23.07 14.73 5.82
11.95 13.59 13.10 12.73 10.94 2.48 2.02 20.08 1.59 12.88 18.85 13.37 13.50 10.71 9.36 21.44 16.92 8.12
8.16 11.09 9.35 11.87 7.12 4.64 4.77 16.44 5.22 8.99 16.83 13.80 10.11 14.32 5.57 21.50 15.74 6.73
25.17 21.99 24.89 24.63 23.16 14.81 12.28 30.92 13.00 25.71 24.72 14.19 24.14 2.83 22.60 20.23 28.80 21.05
15.67 18.48 17.71 12.38 15.45 3.93 6.03 24.79 3.32 16.97 23.59 16.88 18.34 9.52 13.19 24.96 16.54 9.31
17.03 17.88 18.24 15.19 16.11 5.60 5.26 25.12 4.03 18.06 22.52 14.77 18.42 6.67 14.46 22.73 19.38 11.69
17.14 20.34 19.44 12.57 17.16 5.55 7.85 26.55 5.17 18.55 25.44 18.48 20.15 9.87 14.72 26.51 16.60 10.21
19.33 13.09 17.40 23.21 16.23 12.87 8.48 22.48 11.19 19.19 15.28 4.95 15.99 8.37 17.04 12.37 27.37 18.41
22.49 11.09 18.02 30.82 18.37 21.91 17.68 19.24 20.78 21.25 7.79 6.88 15.38 20.05 21.22 3.65 34.52 25.67
14.04 6.01 8.68 25.50 10.60 20.77 18.51 5.85 20.79 12.03 5.92 15.31 6.43 26.07 14.40 17.26 28.04 21.01
6.44 8.33 6.25 13.65 4.15 7.86 7.10 13.26 8.31 6.59 14.24 13.24 6.90 16.56 4.22 20.34 17.12 8.61
19.59 9.91 16.08 26.35 15.72 16.82 12.44 19.37 15.52 18.79 9.94 1.26 13.88 14.57 17.83 7.10 30.26 21.24
24.06 20.14 23.40 24.50 21.79 14.34 11.27 29.23 12.47 24.46 22.67 12.07 22.49 3.02 21.52 18.14 28.72 20.59
11.36 8.64 10.19 16.53 8.59 7.55 4.06 16.44 6.82 11.39 13.59 9.07 9.62 12.32 9.04 16.84 20.46 11.42
3.41 15.15 8.54 10.27 7.55 13.16 15.20 13.51 14.71 5.03 20.76 22.57 11.28 24.63 5.25 29.12 11.53 8.26
22.63 24.56 24.57 17.48 22.35 10.91 11.91 31.58 10.03 23.95 29.09 20.56 24.98 8.57 20.17 28.13 21.22 15.71
12.60 19.51 16.37 6.00 14.08 5.22 9.70 23.42 6.85 14.43 25.30 21.05 17.92 15.89 10.69 29.10 10.15 4.36
23.24 18.05 21.96 25.09 20.56 14.66 10.93 27.37 12.79 23.39 20.11 9.35 20.77 5.26 20.78 15.25 29.33 20.79
8.69 5.99 3.49 20.37 5.70 16.97 15.69 4.30 17.39 6.64 9.96 16.16 2.53 24.42 9.37 20.31 22.71 16.15
23.73 20.72 23.48 23.36 21.74 13.44 10.83 29.57 11.61 24.27 23.64 13.29 22.77 1.51 21.15 19.73 27.55 19.68
8.19 5.56 5.80 16.52 4.56 10.01 8.00 12.03 10.02 7.60 11.41 11.12 5.23 16.79 6.52 17.75 19.95 11.48
6.98 9.26 3.73 18.83 5.78 17.34 16.94 4.42 18.11 4.91 13.42 19.19 5.15 26.18 8.57 23.74 20.64 15.23
20.70 9.29 16.22 29.17 16.57 20.47 16.33 17.63 19.42 19.44 6.44 6.14 13.59 19.45 19.45 5.34 32.83 24.02
12.83 8.56 8.01 24.68 10.29 21.55 20.01 2.28 21.90 10.71 9.72 18.58 6.85 28.34 13.86 21.04 26.72 20.66
18.18 8.27 14.51 25.43 14.25 16.24 11.98 17.73 15.07 17.30 8.61 2.31 12.26 15.23 16.53 7.94 29.27 20.30
22.91 13.39 19.56 28.93 19.13 18.96 14.49 22.79 17.45 22.20 12.74 3.61 17.38 14.31 21.03 5.86 32.96 23.90
13.23 2.13 8.78 22.51 9.09 15.21 11.97 11.67 14.72 11.94 5.70 8.15 6.28 18.59 12.17 12.69 25.90 17.45
27.70 17.62 24.11 33.72 23.84 23.62 19.15 26.68 22.03 26.90 15.70 8.46 21.78 17.38 25.88 5.10 37.78 28.73
7.16 15.60 11.32 6.28 9.13 6.25 9.56 18.19 8.04 9.05 21.56 19.60 13.24 18.20 5.46 27.24 9.97 1.35
8.91 3.64 3.63 19.95 5.07 15.29 13.54 6.74 15.50 7.14 8.63 13.63 0.87 22.00 8.85 18.20 22.70 15.36
10.69 18.66 14.86 4.51 12.62 5.96 10.27 21.77 7.81 12.62 24.56 21.31 16.64 17.49 9.02 29.23 8.75 2.31
27.43 16.09 23.02 35.28 23.32 25.89 21.49 24.01 24.56 26.23 12.34 10.08 20.38 21.97 26.06 1.97 39.10 30.14
27.06 15.79 22.71 34.82 22.97 25.39 20.98 23.84 24.05 25.89 12.21 9.57 20.09 21.43 25.66 1.47 38.65 29.68
23.45 20.59 23.25 23.00 21.49 13.09 10.55 29.39 11.27 24.01 23.60 13.33 22.59 1.15 20.87 19.87 27.19 19.33
13.01 17.92 15.87 8.99 13.55 2.60 6.88 23.02 3.86 14.56 23.47 18.30 16.97 12.87 10.70 26.40 13.20 5.90
23.41 14.27 20.26 28.97 19.72 18.85 14.38 23.74 17.27 22.79 13.87 4.18 18.17 13.48 21.45 6.74 33.05 24.00
14.90 19.23 17.60 10.20 15.29 3.85 7.42 24.75 4.35 16.42 24.63 18.69 18.57 11.80 12.56 26.80 14.31 7.69
23.90 24.28 25.19 20.05 23.08 12.21 12.04 32.00 10.91 25.01 28.33 19.02 25.25 6.10 21.35 26.21 23.95 17.70
26.07 26.59 27.48 21.56 25.35 14.32 14.35 34.32 13.12 27.22 30.57 21.07 27.56 7.88 23.53 28.04 25.31 19.58
4.27 15.29 9.52 7.63 7.81 10.17 12.74 15.62 11.83 6.39 21.18 21.35 12.00 21.92 4.27 28.45 9.86 4.99
15.35 13.13 14.99 17.43 13.21 7.00 2.82 21.33 5.30 15.77 17.31 9.55 14.50 7.47 12.82 17.62 21.63 12.82
28.56 27.92 29.51 24.76 27.49 16.95 16.28 36.15 15.55 29.57 31.40 21.29 29.33 8.07 25.99 27.63 28.57 22.52
2.30 12.02 5.12 13.59 4.91 14.04 14.97 9.79 15.25 1.84 17.35 20.46 7.90 24.56 4.81 26.40 15.25 10.53
16.66 14.15 16.27 18.33 14.52 7.85 3.98 22.54 6.04 17.09 18.06 9.59 15.71 6.20 14.12 17.54 22.55 13.86
7.22 8.74 3.51 19.09 5.68 17.28 16.74 4.16 18.00 5.12 12.85 18.71 4.68 25.92 8.66 23.20 21.00 15.38
6.93 8.29 6.63 13.83 4.58 7.63 6.66 13.58 7.99 7.08 14.17 12.84 7.13 16.10 4.67 20.01 17.37 8.75
26.36 15.61 22.37 33.39 22.36 23.65 19.20 24.28 22.22 25.36 12.97 7.84 19.87 18.97 24.76 1.96 37.32 28.29
7.14 16.80 11.91 5.06 9.86 7.98 11.42 18.48 9.81 9.20 22.77 21.34 14.08 19.96 6.07 28.90 8.35 1.92
22.46 15.51 20.34 26.15 19.28 15.72 11.44 25.05 13.96 22.27 16.78 5.87 18.75 8.77 20.19 11.45 30.34 21.45
13.96 7.57 11.53 20.08 10.52 10.87 6.77 16.68 9.83 13.55 11.26 5.61 10.09 12.54 11.93 13.29 23.99 14.96
24.52 18.17 22.74 27.19 21.54 16.72 12.74 27.67 14.87 24.48 19.49 8.58 21.28 7.68 22.15 13.38 31.42 22.72
7.86 10.27 8.65 12.47 6.46 5.44 5.06 15.70 5.89 8.51 16.03 13.35 9.32 14.64 5.30 20.94 16.27 7.32
7.21 12.47 6.32 18.37 7.81 18.70 18.98 6.18 19.73 5.65 16.55 22.26 8.28 28.44 9.48 26.96 19.55 15.53
7.25 10.79 8.57 11.66 6.30 5.34 5.66 15.69 6.07 8.08 16.62 14.23 9.50 15.23 4.66 21.79 15.42 6.52
7.92 18.49 13.10 4.02 11.25 9.99 13.57 19.26 11.84 10.04 24.45 23.47 15.47 21.95 7.50 30.95 6.48 3.74
12.04 8.44 10.58 17.35 9.11 8.22 4.45 16.62 7.36 11.98 13.14 8.24 9.80 12.09 9.78 16.03 21.29 12.25
21.47 10.14 17.05 29.76 17.35 20.89 16.68 18.52 19.78 20.25 7.26 6.08 14.44 19.36 20.17 4.47 33.46 24.61
24.82 20.18 23.85 25.78 22.35 15.51 12.19 29.43 13.63 25.10 22.32 11.53 22.78 4.53 22.31 17.10 30.01 21.74
22.58 23.79 24.19 18.21 22.02 10.82 11.26 31.13 9.72 23.79 28.14 19.33 24.44 7.09 20.06 26.80 22.07 16.05
4.14 13.08 8.24 8.84 6.11 7.90 9.93 15.05 9.36 5.93 19.04 18.46 10.31 19.28 2.35 25.70 11.91 4.47
15.83 16.73 16.97 14.58 14.85 4.59 4.06 23.87 2.88 16.82 21.48 14.14 17.18 7.42 13.24 22.18 18.81 10.80
18.47 19.00 19.61 16.29 17.50 7.00 6.51 26.45 5.47 19.49 23.45 15.20 19.72 5.65 15.89 23.02 20.45 13.00
12.21 16.00 14.46 10.35 12.17 0.58 4.83 21.60 1.98 13.55 21.47 16.25 15.33 11.87 9.74 24.33 14.59 6.35
10.03 20.33 15.15 1.93 13.23 10.28 14.27 21.38 12.16 12.14 26.30 24.70 17.46 22.04 9.45 32.36 4.85 4.27
25.28 16.83 22.52 29.86 21.78 19.50 15.13 26.36 17.79 24.84 16.69 6.57 20.58 12.31 23.17 8.78 34.02 25.05
16.06 10.76 14.34 20.38 13.05 10.30 5.83 19.83 8.83 15.97 14.05 5.70 13.16 9.41 13.77 13.80 24.48 15.45
10.92 20.15 15.65 2.08 13.54 8.40 12.65 22.27 10.25 12.99 26.11 23.53 17.72 19.90 9.77 31.37 6.30 3.29
16.91 19.61 18.97 13.06 16.71 5.19 7.03 26.04 4.52 18.23 24.62 17.52 19.56 9.09 14.44 25.55 17.16 10.35
16.17 8.30 13.32 22.40 12.55 12.94 8.63 17.80 11.73 15.62 10.70 3.25 11.54 12.63 14.22 11.03 26.33 17.30
14.17 21.73 18.30 5.27 16.04 7.42 11.88 25.25 8.93 16.12 27.54 23.27 19.99 17.35 12.50 31.34 9.03 5.79
19.18 16.99 19.10 19.45 17.28 9.18 6.28 25.43 7.30 19.75 20.65 11.37 18.60 3.36 16.60 18.93 23.68 15.42
26.14 16.97 23.03 31.33 22.48 21.06 16.64 26.38 19.40 25.55 16.13 6.95 20.92 14.29 24.14 7.15 35.46 26.44
12.09 3.30 8.33 20.62 8.07 13.00 9.76 12.56 12.49 11.10 7.92 7.78 6.30 16.78 10.68 13.65 24.13 15.51
19.78 15.34 18.71 21.93 17.21 11.46 7.52 24.41 9.62 19.99 18.19 8.14 17.70 5.21 17.32 15.42 26.16 17.47
25.55 14.32 21.22 33.35 21.46 24.00 19.62 22.51 22.70 24.38 10.96 8.24 18.61 20.51 24.15 0.54 37.17 28.21
25.68 17.18 22.90 30.23 22.17 19.86 15.50 26.71 18.14 25.23 16.96 6.93 20.95 12.52 23.57 8.81 34.40 25.43
13.03 9.28 11.67 17.77 10.18 8.22 4.07 17.66 7.13 13.02 13.69 7.80 10.85 11.06 10.71 15.76 21.78 12.73
9.31 7.33 4.53 21.14 6.85 18.32 17.19 2.78 18.81 7.20 10.66 17.57 4.08 25.97 10.34 21.38 23.26 17.13
25.73 20.10 24.33 27.46 22.99 17.07 13.43 29.54 15.20 25.84 21.67 10.77 23.03 6.64 23.28 15.51 31.70 23.24
26.46 17.45 23.44 31.45 22.84 21.14 16.73 26.88 19.45 25.91 16.70 7.35 21.36 14.03 24.43 7.70 35.59 26.59
13.04 23.88 18.35 3.26 16.59 13.67 17.84 24.14 15.53 15.12 29.84 28.42 20.81 25.11 12.88 36.09 1.12 7.95
25.43 17.77 23.06 29.20 22.12 18.74 14.51 27.34 16.96 25.15 18.18 7.59 21.29 10.60 23.20 10.78 33.40 24.52
14.15 22.81 18.74 3.47 16.56 9.36 13.83 25.47 11.00 16.20 28.71 25.13 20.67 19.68 12.85 33.14 6.79 6.09
3.90 14.73 9.05 7.98 7.28 9.82 12.25 15.28 11.44 6.01 20.63 20.76 11.48 21.49 3.69 27.85 10.37 4.94
22.09 23.14 23.62 18.03 21.46 10.35 10.64 30.53 9.18 23.27 27.48 18.68 23.83 6.59 19.56 26.18 21.95 15.71
14.59 14.01 14.93 15.59 12.96 5.12 1.73 21.61 3.33 15.27 18.63 11.49 14.82 7.89 12.00 19.59 19.81 11.15
2.66 14.02 7.98 9.27 6.43 10.80 12.84 13.98 12.32 4.77 19.84 20.67 10.54 22.24 3.26 27.53 11.39 6.28
3.91 14.80 7.89 12.53 7.55 15.07 16.68 11.79 16.50 4.55 20.09 23.05 10.66 26.22 6.39 29.15 13.50 10.51
13.02 15.47 14.69 12.02 12.46 1.64 3.47 21.74 0.37 14.16 20.72 14.86 15.26 10.34 10.47 22.96 16.25 7.90
5.74 17.14 11.12 6.78 9.58 11.46 14.39 16.80 13.21 7.79 22.99 23.27 13.70 23.37 6.18 30.39 8.30 5.64
24.98 23.61 25.51 22.65 23.56 13.71 12.33 32.00 12.10 25.82 27.03 17.01 25.17 3.72 22.38 23.65 26.70 19.70
9.91 21.15 15.28 4.26 13.67 12.93 16.66 20.85 14.80 11.95 27.05 26.55 17.83 24.82 10.10 33.96 4.19 6.70
9.27 15.77 12.62 7.34 10.31 3.62 7.46 19.71 5.48 10.93 21.61 18.26 14.10 15.60 7.10 26.15 11.46 2.65
17.71 5.95 12.84 27.24 13.57 19.57 15.92 13.62 18.86 16.23 2.68 8.27 10.10 20.95 16.84 9.28 30.63 22.17
15.55 16.56 16.73 14.35 14.60 4.32 3.88 23.64 2.60 16.55 21.36 14.15 16.96 7.68 12.97 22.20 18.58 10.53
16.51 14.27 16.24 17.99 14.44 7.52 3.74 22.57 5.69 16.98 18.28 9.93 15.74 6.22 13.96 17.90 22.22 13.55
13.52 13.22 13.89 14.98 11.89 4.59 0.66 20.61 3.01 14.19 18.03 11.49 13.84 8.95 10.94 19.60 19.18 10.37
12.69 11.28 12.41 15.76 10.56 5.80 1.55 18.93 4.61 13.09 16.07 10.05 12.12 10.08 10.17 18.12 19.87 10.87
8.44 5.74 6.19 16.49 4.90 9.74 7.63 12.42 9.71 7.92 11.53 10.86 5.61 16.39 6.68 17.61 19.98 11.42
15.72 4.16 11.10 24.96 11.57 17.27 13.70 12.97 16.60 14.37 4.09 7.35 8.46 19.28 14.69 10.44 28.39 19.88
12.36 23.40 17.71 3.61 16.02 13.78 17.84 23.37 15.65 14.43 29.33 28.24 20.22 25.38 12.36 35.83 1.67 7.86
11.90 20.68 16.47 2.64 14.31 8.07 12.45 23.20 9.87 13.94 26.61 23.54 18.44 19.24 10.58 31.47 6.81 3.86
11.47 11.21 11.58 14.51 9.61 4.88 1.66 18.31 4.07 11.99 16.34 11.14 11.57 11.10 8.92 19.14 18.59 9.56
11.89 3.13 6.54 22.94 8.09 17.72 15.43 6.76 17.71 10.05 5.91 13.13 3.88 23.16 11.86 16.40 25.73 18.28
25.01 25.90 26.56 20.37 24.40 13.26 13.51 33.45 12.12 26.21 30.03 20.78 26.72 7.81 22.49 27.95 24.12 18.43
12.33 6.79 10.01 18.79 8.91 10.05 6.35 15.49 9.26 11.93 11.25 7.15 8.77 13.37 10.31 14.58 22.62 13.65
14.96 10.23 13.39 19.35 12.02 9.40 4.97 19.08 8.03 14.91 13.95 6.46 12.34 9.85 12.65 14.56 23.43 14.39
13.55 5.74 8.19 25.02 10.12 20.35 18.15 5.57 20.40 11.54 6.14 15.24 5.95 25.82 13.92 17.42 27.55 20.53
19.81 8.58 15.46 28.12 15.70 19.38 15.25 17.25 18.33 18.61 6.46 5.27 12.88 18.55 18.50 6.01 31.80 22.97
14.66 12.99 10.91 26.39 13.21 24.81 23.80 3.84 25.39 12.64 13.90 23.07 10.64 32.49 16.31 25.29 27.81 22.97
6.54 8.78 6.69 13.27 4.54 7.37 6.75 13.73 7.86 6.84 14.68 13.38 7.40 16.26 4.21 20.58 16.79 8.19
2.46 11.47 6.19 10.75 4.16 9.31 10.55 12.98 10.55 3.94 17.39 17.83 8.39 20.10 0.43 24.71 13.54 6.54
22.92 22.98 24.03 19.67 21.96 11.32 10.84 30.80 9.91 23.96 27.00 17.70 24.02 4.96 20.35 24.95 23.66 17.02
26.68 16.17 22.84 33.34 22.73 23.46 18.99 25.02 21.97 25.76 13.85 7.79 20.41 18.25 24.99 3.07 37.32 28.27
5.67 9.95 3.57 17.46 5.19 16.48 16.42 5.84 17.37 3.68 14.50 19.56 5.68 25.81 7.47 24.52 19.21 14.00
0.91 12.68 6.26 11.24 5.06 11.91 13.34 12.01 13.26 2.87 18.37 20.11 8.93 22.89 3.05 26.61 13.23 8.06
18.17 15.58 17.85 19.24 16.09 8.80 5.36 24.09 6.93 18.65 19.25 10.17 17.26 4.63 15.62 17.89 23.47 14.96
23.10 19.47 22.54 23.50 20.89 13.32 10.28 28.46 11.45 23.53 22.22 11.78 21.70 2.29 20.55 18.21 27.72 19.57
15.59 8.43 10.39 27.28 12.49 23.05 20.90 5.70 23.13 13.51 7.37 17.48 8.46 28.48 16.24 18.71 29.60 22.96
15.08 13.46 11.38 26.78 13.68 25.29 24.29 4.32 25.87 13.07 14.27 23.52 11.13 32.98 16.75 25.65 28.15 23.40
13.80 9.89 12.47 18.19 10.99 8.40 4.06 18.41 7.15 13.83 14.07 7.47 11.61 10.33 11.46 15.52 22.25 13.20
16.68 7.51 13.29 23.71 12.84 14.54 10.33 17.09 13.43 15.91 9.06 2.82 11.22 14.32 14.94 9.66 27.55 18.57
10.48 6.34 8.36 17.40 7.11 9.37 6.35 14.25 8.92 10.11 11.54 8.93 7.44 14.46 8.49 16.12 21.12 12.26
13.59 17.27 15.90 10.67 13.61 2.00 5.52 23.03 2.43 14.96 22.65 16.89 16.74 11.22 11.14 25.00 14.89 7.22
16.33 13.57 15.80 18.38 14.08 7.92 3.83 22.00 6.15 16.70 17.47 9.12 15.18 6.71 13.81 17.12 22.59 13.81
9.05 16.92 13.07 5.53 10.83 5.39 9.33 20.02 7.27 10.92 22.84 20.03 14.85 17.31 7.26 27.85 9.61 0.97
12.82 16.45 15.04 10.61 12.76 1.14 4.94 22.17 1.91 14.15 21.86 16.36 15.87 11.45 10.35 24.46 14.84 6.81
21.48 14.14 19.14 25.74 18.17 15.41 11.02 23.69 13.72 21.19 15.35 4.45 17.47 9.65 19.27 10.54 29.90 20.93
9.41 13.14 11.30 10.66 9.02 2.60 4.41 18.43 3.60 10.56 18.81 14.92 12.20 13.46 6.85 22.82 14.74 5.72
8.39 4.24 5.01 17.61 4.38 11.49 9.42 10.73 11.51 7.44 10.18 11.23 3.90 18.00 7.14 17.33 20.89 12.65
2.31 13.07 6.22 12.70 5.76 13.94 15.21 10.84 15.26 2.79 18.47 21.27 9.00 24.79 4.90 27.37 14.20 9.97
7.75 19.39 13.12 6.67 11.77 13.43 16.64 18.27 15.24 9.67 25.18 25.69 15.79 25.41 8.53 32.78 6.87 7.30
26.45 15.61 22.40 33.58 22.43 23.89 19.44 24.21 22.47 25.43 12.84 8.06 19.89 19.31 24.88 1.67 37.51 28.48
14.07 13.67 14.44 15.24 12.46 4.79 1.22 21.15 3.08 14.75 18.39 11.54 14.37 8.41 11.48 19.64 19.46 10.73
2.18 12.68 5.82 12.96 5.42 13.90 15.06 10.50 15.18 2.41 18.07 20.94 8.60 24.64 4.78 27.00 14.54 10.10
13.71 3.59 9.69 22.27 9.64 14.38 10.85 13.16 13.72 12.63 6.76 6.71 7.40 17.06 12.37 12.02 25.82 17.15
16.77 7.06 13.14 24.18 12.84 15.20 11.06 16.60 14.14 15.89 8.23 3.21 10.94 15.18 15.13 9.25 27.97 19.04
15.90 4.78 10.63 26.49 11.92 20.10 17.05 10.00 19.74 14.14 1.76 11.59 7.87 23.44 15.56 12.96 29.51 21.62
9.70 14.49 12.20 9.37 9.88 2.11 5.43 19.35 3.75 11.07 20.20 16.29 13.31 13.90 7.24 24.24 13.50 4.61
15.00 15.76 16.02 14.41 13.91 4.12 3.08 22.90 2.27 15.94 20.57 13.50 16.20 7.90 12.41 21.58 18.64 10.37
5.31 11.94 5.27 16.57 6.32 16.87 17.33 7.28 17.95 3.85 16.57 21.35 7.65 26.85 7.62 26.53 17.93 13.63
17.66 14.66 17.12 19.31 15.42 8.84 5.03 23.26 7.00 18.05 18.29 9.31 16.44 5.46 15.13 17.11 23.54 14.89
9.24 2.65 4.30 19.78 5.16 14.45 12.42 8.08 14.53 7.67 8.25 12.33 1.73 20.71 8.78 17.20 22.73 15.02
8.81 4.44 3.42 20.13 5.23 15.93 14.34 5.81 16.22 6.91 8.99 14.54 1.18 22.91 9.03 18.92 22.74 15.66
19.07 21.40 21.06 14.66 18.82 7.34 8.72 28.11 6.54 20.39 26.21 18.47 21.57 8.40 16.60 26.36 18.62 12.35
11.97 7.68 7.03 23.79 9.29 20.51 18.98 2.32 20.85 9.86 9.38 17.81 5.81 27.35 12.91 20.59 25.92 19.70
7.30 10.38 4.77 19.02 6.69 18.11 17.91 4.49 18.96 5.35 14.36 20.33 6.30 27.21 9.15 24.82 20.61 15.66
11.95 10.54 11.56 15.59 9.73 5.96 2.15 18.08 5.01 12.29 15.47 10.03 11.28 10.92 9.46 18.03 19.65 10.61
23.89 25.24 25.61 19.01 23.42 12.13 12.71 32.56 11.10 25.14 29.57 20.63 25.89 8.06 21.39 28.01 22.76 17.15
14.92 3.60 9.72 25.36 10.89 18.91 15.89 9.85 18.55 13.22 2.54 10.93 6.95 22.44 14.48 13.06 28.43 20.46
17.52 18.09 18.63 15.73 16.52 6.15 5.54 25.47 4.54 18.52 22.63 14.65 18.75 6.12 14.94 22.56 19.92 12.25
2.86 10.99 4.05 14.56 4.22 14.29 14.86 8.72 15.38 1.32 16.23 19.71 6.81 24.42 5.04 25.45 16.37 11.24
19.53 14.94 18.37 21.90 16.90 11.42 7.39 24.03 9.60 19.69 17.77 7.76 17.33 5.62 17.07 15.11 26.12 17.38
23.41 24.27 24.89 19.17 22.75 11.66 11.85 31.78 10.48 24.58 28.49 19.43 25.06 6.80 20.87 26.76 23.03 16.98
12.52 8.35 7.68 24.37 9.96 21.23 19.71 2.16 21.59 10.41 9.69 18.41 6.54 28.08 13.54 20.99 26.43 20.34
8.81 3.05 4.45 18.83 4.65 13.14 11.08 9.26 13.19 7.48 8.99 11.70 2.53 19.47 8.01 17.13 21.93 13.97
13.18 1.49 8.44 22.91 9.03 15.99 12.91 10.73 15.59 11.75 4.98 9.11 5.79 19.70 12.33 13.10 26.18 17.91
20.44 22.44 22.34 15.89 20.12 8.70 9.76 29.36 7.80 21.74 27.10 18.96 22.77 7.98 17.96 26.72 19.79 13.73
15.37 4.90 10.02 26.25 11.50 20.32 17.48 8.83 20.06 13.53 2.87 12.67 7.34 24.23 15.22 14.18 29.14 21.47
14.20 13.81 14.60 15.28 12.61 4.81 1.37 21.30 3.07 14.90 18.52 11.60 14.53 8.27 11.62 19.70 19.49 10.79
12.35 3.76 6.96 23.52 8.63 18.42 16.13 6.43 18.42 10.45 5.77 13.60 4.40 23.82 12.42 16.55 26.24 18.89
22.08 11.68 18.25 29.15 18.12 19.61 15.20 20.79 18.27 21.15 10.23 3.80 15.86 16.46 20.44 4.32 33.05 24.03
14.48 23.34 19.16 3.37 17.01 10.00 14.47 25.83 11.65 16.55 29.26 25.77 21.14 20.29 13.27 33.77 6.34 6.56
22.76 11.57 18.45 30.71 18.67 21.57 17.27 20.03 20.36 21.60 8.73 6.16 15.87 19.17 21.37 3.01 34.48 25.57
16.60 8.35 13.61 22.96 12.92 13.51 9.19 17.90 12.29 15.99 10.42 2.74 11.75 12.93 14.69 10.46 26.88 17.85
9.87 3.12 6.12 18.98 5.81 12.30 9.75 11.03 12.12 8.83 8.91 9.98 4.37 17.77 8.63 15.85 22.33 13.96
16.76 5.01 11.92 26.29 12.61 18.72 15.15 13.00 18.06 15.30 2.83 8.15 9.19 20.52 15.87 9.98 29.66 21.23
25.51 20.23 24.26 26.94 22.86 16.59 13.07 29.61 14.71 25.68 22.00 11.12 23.04 5.91 23.03 16.15 31.17 22.79
6.52 8.10 2.46 18.38 4.65 16.27 15.70 4.99 16.96 4.40 12.59 17.91 3.90 24.89 7.76 22.65 20.44 14.52
26.02 17.56 23.27 30.48 22.52 20.09 15.75 27.09 18.36 25.58 17.33 7.31 21.32 12.54 23.90 9.04 34.65 25.70
9.42 2.38 4.60 19.81 5.31 14.28 12.15 8.45 14.31 7.91 8.12 11.95 2.11 20.37 8.87 16.87 22.82 15.01
24.75 25.23 26.10 20.58 23.99 13.02 12.97 32.94 11.78 25.88 29.26 19.89 26.18 6.85 22.20 27.00 24.41 18.40
12.74 11.93 9.13 24.46 11.40 23.02 22.18 2.37 23.66 10.73 13.64 22.15 9.13 31.02 14.41 24.95 25.92 21.06
1.45 10.56 3.98 13.28 3.08 12.39 13.05 10.01 13.49 0.74 16.15 18.57 6.68 22.62 3.16 24.72 15.47 9.59
13.14 5.86 7.81 24.67 9.79 20.21 18.11 5.06 20.30 11.11 6.65 15.54 5.67 25.92 13.58 17.90 27.16 20.24
14.57 5.62 11.11 22.11 10.68 13.47 9.57 15.16 12.58 13.74 8.43 4.98 9.09 15.06 12.91 11.44 25.84 16.96
22.79 11.43 18.36 31.00 18.67 22.01 17.76 19.65 20.85 21.56 8.21 6.81 15.73 19.92 21.48 3.25 34.73 25.86
14.36 21.83 18.45 5.47 16.19 7.43 11.88 25.42 8.91 16.29 27.63 23.28 20.12 17.23 12.66 31.35 9.20 5.97
12.99 10.79 8.85 24.83 11.17 22.73 21.59 1.70 23.25 10.91 12.15 20.93 8.40 30.23 14.43 23.49 26.52 21.18
14.09 21.25 18.04 5.88 15.75 6.71 11.14 25.05 8.17 15.98 27.02 22.55 19.64 16.55 12.29 30.63 9.75 5.72
14.28 12.85 10.59 26.00 12.88 24.49 23.53 3.56 25.08 12.27 13.93 22.97 10.39 32.26 15.95 25.31 27.41 22.60
24.54 22.84 24.91 22.67 23.00 13.45 11.79 31.33 11.78 25.32 26.17 16.10 24.50 2.84 21.94 22.72 26.76 19.53
13.20 10.03 12.14 17.38 10.55 7.63 3.36 18.28 6.45 13.32 14.47 8.27 11.45 10.44 10.82 16.30 21.44 12.39
10.77 9.29 10.11 15.48 8.33 6.56 3.46 16.63 5.96 10.98 14.45 10.10 9.83 12.35 8.37 17.90 19.43 10.38
9.74 3.31 4.41 20.81 5.93 16.02 14.11 6.51 16.17 7.93 7.87 13.52 1.71 22.39 9.71 17.73 23.56 16.21
12.28 20.66 16.70 3.40 14.50 7.55 11.98 23.51 9.30 14.28 26.57 23.17 18.57 18.53 10.82 31.14 7.52 4.03
13.32 2.59 9.02 22.35 9.19 14.86 11.53 12.16 14.32 12.10 6.08 7.68 6.60 18.05 12.15 12.49 25.79 17.27
12.15 11.56 8.56 23.89 10.83 22.44 21.63 1.98 23.09 10.14 13.51 21.80 8.64 30.52 13.82 24.78 25.37 20.47
8.46 12.11 6.62 19.83 8.43 19.69 19.67 4.82 20.62 6.71 15.73 22.14 8.11 29.02 10.56 26.43 21.08 16.83
16.76 5.08 12.03 26.09 12.61 18.36 14.71 13.40 17.65 15.35 3.41 7.56 9.33 19.95 15.79 9.68 29.52 21.01
11.76 5.01 6.41 23.25 8.36 18.85 16.88 4.87 18.99 9.76 7.15 15.08 4.25 24.91 12.15 18.09 25.77 18.80
11.46 20.37 16.07 2.47 13.93 8.07 12.41 22.77 9.89 13.50 26.32 23.42 18.07 19.39 10.19 31.31 6.69 3.51
1.72 13.47 6.94 10.98 5.86 12.39 14.02 12.37 13.80 3.46 19.11 20.94 9.65 23.54 3.79 27.44 12.73 8.16
6.16 16.09 11.01 5.90 9.01 8.35 11.48 17.52 10.12 8.23 22.05 21.04 13.24 20.28 5.22 28.48 8.92 2.68
10.81 5.79 8.36 18.04 7.28 10.04 6.91 13.99 9.54 10.32 10.89 8.51 7.21 14.75 8.93 15.56 21.73 12.89
15.23 3.68 10.10 25.49 11.16 18.81 15.67 10.46 18.39 13.58 2.29 10.35 7.32 22.02 14.69 12.45 28.63 20.55
7.95 6.85 3.03 19.73 5.35 16.84 15.83 4.20 17.37 5.86 10.97 16.93 3.00 24.75 8.86 21.27 21.96 15.66
17.19 10.62 14.99 22.05 13.91 12.04 7.57 19.99 10.57 16.91 13.19 4.00 13.51 10.15 15.00 12.08 26.13 17.08
15.30 13.30 11.47 27.03 13.78 25.37 24.29 4.35 25.92 13.27 13.93 23.31 11.10 32.91 16.92 25.32 28.46 23.59
14.05 13.05 14.13 15.80 12.21 5.40 1.22 20.73 3.78 14.62 17.67 10.77 13.93 8.48 11.48 18.87 20.00 11.18
24.05 12.91 19.79 31.82 19.97 22.51 18.16 21.33 21.24 22.91 9.95 6.84 17.21 19.45 22.62 1.68 35.63 26.68
18.66 7.17 13.44 28.97 14.62 21.98 18.57 12.57 21.42 16.95 1.21 11.25 10.67 23.97 18.18 10.85 32.12 24.01
16.17 6.05 10.79 27.22 12.40 21.46 18.66 8.80 21.23 14.27 3.20 13.62 8.19 25.36 16.16 14.57 30.04 22.49
1.48 10.84 4.15 13.36 3.45 12.77 13.48 9.90 13.89 0.66 16.37 18.97 6.89 23.05 3.51 25.07 15.43 9.80
10.74 3.93 5.35 22.03 7.13 17.41 15.46 5.65 17.55 8.82 7.32 14.17 2.92 23.59 10.93 17.78 24.68 17.50
28.06 17.22 24.01 35.07 24.05 25.28 20.82 25.73 23.81 27.04 14.27 9.51 21.50 20.13 26.47 2.89 39.02 29.98
21.31 13.63 18.81 25.92 17.91 15.64 11.22 23.20 14.00 20.95 14.67 3.77 17.06 10.33 19.15 9.89 30.05 21.05
18.05 21.77 20.63 12.43 18.33 6.73 9.35 27.76 6.59 19.55 26.92 19.97 21.45 10.81 15.71 27.98 16.29 10.69
7.41 7.95 6.78 14.31 4.84 7.76 6.46 13.63 7.99 7.47 13.78 12.29 7.06 15.80 5.20 19.46 17.88 9.21
6.72 12.23 9.14 9.97 6.82 5.09 6.69 16.29 6.30 7.97 18.13 15.92 10.48 16.06 4.18 23.50 13.70 4.83
27.87 26.39 28.43 25.06 26.49 16.51 15.26 34.89 14.95 28.74 29.59 19.29 28.06 6.33 25.28 25.43 29.01 22.37
16.74 10.72 14.75 21.35 13.58 11.29 6.82 19.97 9.82 16.55 13.61 4.75 13.40 9.73 14.50 12.84 25.44 16.40
24.76 15.06 21.35 30.71 20.97 20.66 16.19 24.36 19.10 24.03 13.91 5.48 19.12 15.20 22.90 5.26 34.76 25.71
2.31 14.07 7.51 10.66 6.46 12.60 14.39 12.80 14.06 4.02 19.70 21.50 10.24 23.88 4.26 28.03 12.26 8.11
9.26 4.52 3.87 20.65 5.76 16.48 14.85 5.42 16.75 7.33 8.72 14.72 1.73 23.34 9.55 18.87 23.23 16.21
9.99 7.15 8.39 16.46 6.90 8.43 5.62 14.62 8.04 9.81 12.48 9.65 7.79 14.15 7.86 17.00 20.21 11.31
21.30 9.62 16.56 30.29 17.15 21.90 17.87 17.21 20.93 19.90 5.60 7.96 13.84 21.27 20.25 5.79 33.84 25.16
15.06 21.99 18.94 6.62 16.65 7.15 11.50 25.97 8.46 16.94 27.72 22.92 20.49 16.32 13.23 31.02 10.30 6.70
17.80 15.95 17.79 18.32 15.94 7.94 4.90 24.20 6.06 18.39 19.87 11.11 17.38 4.71 15.22 18.91 22.55 14.16
8.84 15.68 12.32 7.09 10.02 4.10 7.81 19.39 5.93 10.54 21.55 18.47 13.88 16.07 6.72 26.32 11.17 2.23
7.91 5.31 5.28 16.62 4.15 10.40 8.51 11.50 10.48 7.21 11.22 11.44 4.70 17.33 6.38 17.92 19.97 11.61
9.73 5.41 7.22 17.46 6.12 10.06 7.38 13.04 9.78 9.17 10.91 9.57 6.22 15.67 7.94 16.40 21.04 12.34
10.93 9.00 10.08 15.86 8.36 6.94 3.70 16.50 6.30 11.07 14.11 9.74 9.69 12.38 8.56 17.52 19.79 10.75
5.21 8.37 5.20 13.44 2.97 8.72 8.35 12.31 9.36 5.28 14.34 14.25 6.28 17.85 3.19 21.11 16.69 8.55
7.76 19.26 13.15 5.95 11.68 12.73 16.03 18.54 14.56 9.75 25.09 25.28 15.77 24.71 8.29 32.47 6.51 6.56
14.43 11.22 10.10 26.29 12.42 23.89 22.56 3.06 24.33 12.34 11.82 21.17 9.35 30.99 15.79 23.20 28.01 22.56
12.09 12.38 8.90 23.70 11.10 22.70 22.08 2.88 23.42 10.14 14.49 22.64 9.25 31.08 13.91 25.74 25.02 20.45
24.63 21.50 24.35 24.15 22.62 14.29 11.73 30.40 12.47 25.17 24.30 13.83 23.62 2.32 22.05 20.02 28.33 20.53
20.31 15.39 19.04 22.73 17.62 12.26 8.24 24.58 10.43 20.44 17.96 7.67 17.92 5.65 17.88 14.73 26.96 18.23
11.49 1.36 6.37 22.03 7.45 16.21 13.72 8.25 16.10 9.84 5.97 11.57 3.59 21.35 11.07 15.50 25.02 17.21
9.78 5.96 7.58 17.13 6.34 9.53 6.81 13.55 9.22 9.35 11.41 9.56 6.72 15.17 7.88 16.57 20.77 12.00
20.62 11.02 17.18 27.11 16.79 17.41 12.98 20.47 16.03 19.85 10.81 1.56 14.99 14.34 18.81 6.58 31.07 22.02
11.65 8.29 6.92 23.51 9.22 20.60 19.24 1.51 21.02 9.53 10.20 18.47 6.03 27.76 12.74 21.39 25.53 19.54
19.19 10.03 15.91 25.58 15.42 15.93 11.52 19.57 14.59 18.49 10.61 0.30 13.83 13.58 17.34 8.00 29.54 20.49
25.61 14.54 21.40 33.14 21.55 23.65 19.24 22.95 22.30 24.51 11.50 7.82 18.84 19.80 24.13 0.38 37.00 28.01
22.22 14.07 19.53 27.05 18.73 16.79 12.36 23.65 15.15 21.79 14.65 3.90 17.67 11.19 20.11 8.98 31.17 22.16
20.11 12.01 17.37 25.37 16.58 15.29 10.82 21.59 13.76 19.64 13.07 2.18 15.53 11.36 18.04 9.26 29.45 20.40
12.83 10.72 12.22 16.39 10.47 6.54 2.29 18.60 5.36 13.11 15.39 9.34 11.78 10.23 10.36 17.39 20.48 11.45
6.09 7.89 1.90 17.92 4.07 15.68 15.13 5.54 16.38 3.98 12.59 17.55 3.61 24.34 7.22 22.46 20.06 14.00
20.78 17.64 20.35 21.40 18.65 11.11 7.95 26.43 9.23 21.24 20.82 10.88 19.63 2.51 18.23 18.01 25.63 17.34
11.47 1.71 7.19 20.82 7.34 13.92 11.02 10.93 13.59 10.24 7.11 9.17 4.88 18.39 10.39 14.36 24.16 15.80
9.88 19.76 14.84 2.07 12.84 9.25 13.29 21.26 11.13 11.98 25.74 23.83 17.06 21.00 9.04 31.54 5.71 3.35
9.35 2.87 5.28 18.95 5.23 12.77 10.46 10.10 12.70 8.16 8.83 10.83 3.42 18.66 8.33 16.44 22.18 14.01
13.38 11.50 12.96 16.38 11.17 6.28 1.84 19.39 4.93 13.75 16.09 9.59 12.57 9.49 10.88 17.68 20.51 11.53
17.80 16.91 18.24 17.37 16.28 7.22 5.04 24.85 5.37 18.55 21.09 12.59 18.04 4.82 15.20 20.42 21.60 13.47
1.93 11.61 4.75 13.50 4.41 13.61 14.47 9.79 14.80 1.35 17.00 19.96 7.53 24.05 4.36 25.95 15.31 10.28
17.92 10.26 15.27 23.41 14.42 13.53 9.08 19.79 12.11 17.47 12.15 2.41 13.54 11.37 15.86 10.50 27.44 18.39
21.78 15.61 20.00 24.92 18.79 14.45 10.28 25.06 12.66 21.72 17.40 6.60 18.59 7.34 19.43 12.84 29.13 20.30
10.33 1.85 5.97 20.01 6.18 13.62 11.08 10.04 13.46 9.04 7.78 10.31 3.73 18.93 9.38 15.56 23.24 15.05
20.19 8.60 15.55 29.03 16.04 20.61 16.59 16.63 19.66 18.85 5.31 6.95 12.87 20.23 19.07 6.27 32.61 23.90
24.81 25.65 26.32 20.25 24.18 13.05 13.27 33.21 11.90 25.99 29.79 20.54 26.49 7.59 22.28 27.72 24.02 18.26
8.05 6.40 6.26 15.83 4.74 9.15 7.25 12.73 9.19 7.69 12.21 11.29 5.97 16.21 6.17 18.18 19.33 10.75
13.01 23.81 18.31 3.06 16.54 13.49 17.67 24.14 15.35 15.10 29.76 28.28 20.76 24.91 12.82 35.96 1.25 7.80
13.29 10.50 12.42 17.10 10.76 7.23 2.90 18.64 5.99 13.48 14.98 8.63 11.82 10.09 10.86 16.69 21.19 12.15
25.12 13.87 20.78 32.98 21.02 23.67 19.31 22.07 22.39 23.94 10.53 7.96 18.16 20.38 23.73 0.88 36.78 27.83
8.56 11.43 9.81 11.80 7.58 4.21 4.41 16.89 4.76 9.43 17.12 13.80 10.54 13.93 5.97 21.56 15.73 6.68
2.78 11.99 6.77 10.17 4.74 9.00 10.48 13.53 10.32 4.43 17.92 18.12 8.97 19.99 0.95 25.09 13.00 5.98
17.48 6.02 12.27 27.83 13.45 20.99 17.68 11.65 20.49 15.78 0.11 11.02 9.50 23.44 17.02 11.46 30.96 22.89
24.97 24.32 25.83 21.92 23.81 13.47 12.59 32.46 11.98 25.93 27.99 18.19 25.65 4.90 22.39 25.02 25.89 19.25
18.92 22.91 21.65 12.61 19.34 7.79 10.51 28.79 7.73 20.48 28.08 21.07 22.53 11.49 16.62 29.06 16.33 11.32
12.53 8.90 7.85 24.40 10.15 21.52 20.10 1.70 21.92 10.42 10.28 18.99 6.90 28.55 13.66 21.59 26.37 20.46
26.59 25.82 27.44 23.31 25.43 15.06 14.21 34.05 13.60 27.55 29.35 19.36 27.23 6.07 24.01 25.92 27.22 20.79
13.64 23.13 18.53 1.93 16.47 10.68 15.10 25.02 12.44 15.74 29.09 26.22 20.66 21.49 12.68 34.14 4.78 6.26
22.25 11.19 18.03 30.07 18.18 20.89 16.58 19.83 19.67 21.13 8.71 5.47 15.48 18.52 20.82 3.48 33.86 24.93
6.34 11.29 5.02 17.84 6.54 17.60 17.75 5.92 18.57 4.59 15.59 21.00 7.05 27.18 8.44 25.83 19.28 14.72
13.35 1.58 8.45 23.33 9.22 16.62 13.60 10.24 16.25 11.83 4.47 9.68 5.72 20.42 12.63 13.26 26.53 18.37
16.50 4.79 11.73 25.92 12.35 18.29 14.70 13.06 17.61 15.07 3.24 7.81 9.03 20.09 15.56 10.01 29.32 20.85
12.07 14.51 13.64 11.89 11.41 1.47 3.01 20.69 0.94 13.16 19.84 14.41 14.21 10.96 9.50 22.49 16.11 7.47
19.63 7.86 14.64 29.30 15.50 21.59 17.86 14.67 20.83 18.08 2.98 9.33 11.86 22.41 18.84 8.45 32.67 24.24
23.58 17.37 21.85 26.32 20.62 15.84 11.82 26.85 14.00 23.55 18.89 7.99 20.42 7.27 21.21 13.32 30.54 21.82
4.89 14.35 9.40 7.58 7.33 7.94 10.50 16.08 9.56 6.85 20.32 19.53 11.55 19.64 3.54 26.86 10.65 3.50
20.28 14.55 18.64 23.43 17.36 12.99 8.76 23.90 11.22 20.27 16.79 6.31 17.34 7.04 17.92 13.33 27.64 18.78
17.80 21.38 20.30 12.47 18.01 6.40 8.94 27.43 6.19 19.28 26.51 19.55 21.09 10.52 15.44 27.57 16.38 10.55
22.45 13.22 19.23 28.26 18.72 18.24 13.77 22.69 16.72 21.79 12.92 3.16 17.12 13.58 20.52 6.61 32.31 23.25
13.91 22.61 18.51 3.24 16.34 9.28 13.75 25.23 10.95 15.96 28.53 25.03 20.45 19.72 12.62 33.02 6.65 5.87
18.03 20.72 20.14 13.63 17.88 6.33 8.10 27.22 5.68 19.38 25.67 18.31 20.73 9.01 15.57 26.28 17.64 11.25
7.64 9.88 4.61 19.42 6.66 18.19 17.82 3.95 18.98 5.62 13.75 19.91 5.88 27.06 9.35 24.27 21.10 15.95
10.71 2.38 5.45 21.56 6.78 16.28 14.08 7.21 16.30 8.96 6.80 12.64 2.68 22.03 10.51 16.63 24.42 16.86
17.10 12.17 15.63 20.67 14.25 10.37 5.95 21.22 8.74 17.12 15.33 6.27 14.53 8.05 14.73 14.24 24.83 15.87
8.28 19.25 13.58 4.19 11.86 11.17 14.75 19.47 13.03 10.37 25.17 24.53 16.06 23.13 8.20 31.94 5.79 4.92
13.74 22.80 18.47 2.57 16.35 9.86 14.31 25.10 11.57 15.81 28.74 25.52 20.50 20.49 12.59 33.49 5.83 5.95
6.49 6.01 4.08 15.80 2.69 10.55 9.26 10.75 10.88 5.75 11.98 12.91 4.21 18.38 5.16 19.27 18.98 10.93
20.84 11.98 17.76 26.60 17.16 16.64 12.17 21.53 15.15 20.23 12.34 1.72 15.74 12.75 18.88 7.76 30.64 21.59
8.51 3.38 4.28 18.48 4.36 12.84 10.86 9.38 12.92 7.23 9.33 11.82 2.58 19.34 7.67 17.37 21.59 13.63
8.26 16.47 12.40 5.63 10.18 5.84 9.54 19.30 7.69 10.16 22.41 19.99 14.25 17.81 6.55 27.74 9.55 0.50
2.28 9.99 4.48 12.46 2.49 10.34 10.92 11.36 11.38 2.72 15.85 17.05 6.71 20.49 1.41 23.61 15.16 8.21
6.42 6.22 1.04 17.92 3.19 14.61 13.66 6.44 15.14 4.51 11.33 15.72 1.94 22.72 6.88 20.80 20.40 13.64
13.67 23.69 18.75 1.88 16.78 11.89 16.25 25.02 13.68 15.79 29.66 27.24 21.01 22.88 12.98 35.10 3.34 6.96
5.80 17.55 11.11 8.28 9.92 13.32 16.04 16.12 15.04 7.62 23.26 24.39 13.82 25.17 7.00 31.24 9.00 7.59
8.97 3.73 5.39 18.18 4.93 11.84 9.58 10.77 11.78 7.96 9.64 10.75 3.97 17.95 7.73 16.75 21.48 13.19
14.69 20.27 17.96 8.46 15.64 4.96 9.08 25.09 5.99 16.39 25.84 20.47 19.20 13.78 12.55 28.57 12.47 6.81
14.60 8.26 12.27 20.37 11.22 10.92 6.68 17.43 9.77 14.24 11.72 5.21 10.85 11.90 12.51 13.07 24.33 15.28
19.18 15.57 18.45 20.79 16.83 10.33 6.61 24.41 8.47 19.51 18.79 9.13 17.63 4.56 16.67 16.61 25.03 16.43
21.57 14.08 19.17 25.94 18.23 15.62 11.22 23.65 13.94 21.25 15.20 4.30 17.46 9.91 19.38 10.27 30.09 21.11
1.54 12.66 6.67 10.38 5.06 10.63 12.21 12.90 12.01 3.62 18.47 19.50 9.19 21.73 2.11 26.24 12.70 6.87
18.21 6.46 13.36 27.64 14.06 19.85 16.12 14.13 19.09 16.74 3.01 8.09 10.62 20.93 17.30 8.76 31.06 22.56
15.03 7.46 9.75 26.64 11.78 22.17 19.96 5.76 22.22 12.98 6.62 16.55 7.68 27.50 15.56 18.01 29.06 22.24
17.04 7.27 13.39 24.43 13.11 15.42 11.25 16.80 14.34 16.16 8.25 3.03 11.18 15.21 15.40 8.99 28.23 19.29
20.95 10.88 17.27 27.84 17.03 18.28 13.88 20.18 16.95 20.08 10.11 2.49 14.97 15.45 19.25 5.64 31.75 22.73
22.38 14.46 19.80 26.97 18.95 16.67 12.26 24.04 15.00 22.00 15.16 4.35 17.99 10.73 20.24 9.45 31.12 22.12
3.31 12.95 7.72 9.20 5.72 8.76 10.66 14.39 10.20 5.19 18.89 18.81 9.95 20.07 1.93 25.90 12.03 5.14
25.86 15.03 21.81 33.04 21.84 23.38 18.94 23.65 21.98 24.83 12.32 7.54 19.30 19.03 24.29 1.45 36.95 27.93
26.50 23.20 26.19 25.78 24.48 16.07 13.60 32.19 14.27 27.04 25.78 15.13 25.42 4.11 23.92 20.82 29.94 22.29
10.14 8.48 5.71 22.01 8.03 19.58 18.52 1.46 20.11 8.03 11.26 18.74 5.43 27.32 11.39 22.23 23.95 18.17
14.72 3.62 9.48 25.29 10.72 19.01 16.07 9.40 18.70 12.99 2.79 11.36 6.71 22.76 14.36 13.49 28.31 20.42
21.93 13.40 19.05 27.17 18.35 17.02 12.56 22.96 15.44 21.42 13.77 3.15 17.10 12.01 19.89 8.19 31.27 22.23
9.76 18.51 14.24 3.71 12.07 6.98 11.09 21.01 8.86 11.77 24.46 21.85 16.20 18.73 8.35 29.67 7.82 1.64
20.03 8.76 15.65 28.37 15.91 19.64 15.50 17.35 18.59 18.82 6.46 5.46 13.05 18.76 18.73 5.83 32.05 23.23
11.12 21.82 16.39 2.19 14.58 11.95 15.99 22.34 13.83 13.23 27.78 26.42 18.80 23.63 10.84 34.05 3.18 6.01
17.98 12.73 16.43 21.48 15.09 11.13 6.75 21.90 9.45 17.98 15.60 6.02 15.25 7.73 15.62 13.83 25.65 16.72
3.64 8.17 2.68 14.40 0.54 11.40 11.23 9.78 12.19 2.72 13.96 15.94 4.75 20.69 3.30 22.13 17.11 10.03
17.50 5.74 12.53 27.27 13.37 19.84 16.28 12.99 19.19 15.96 1.93 8.99 9.76 21.57 16.74 9.91 30.59 22.23
19.53 12.24 17.14 24.24 16.17 14.05 9.59 21.77 12.47 19.20 13.90 3.27 15.48 10.05 17.36 10.69 28.35 19.33
14.51 13.40 10.97 26.17 13.25 24.87 23.98 4.04 25.49 12.53 14.50 23.54 10.87 32.75 16.24 25.88 27.50 22.86
23.27 20.02 22.89 23.26 21.19 13.21 10.40 28.92 11.35 23.77 22.90 12.54 22.14 1.64 20.71 19.02 27.47 19.46
21.07 9.31 16.19 30.38 16.92 22.26 18.33 16.44 21.37 19.59 4.76 8.83 13.44 22.12 20.14 6.75 33.85 25.28
2.86 10.18 3.26 14.72 3.40 13.84 14.22 8.52 14.86 0.83 15.49 18.86 6.04 23.75 4.68 24.62 16.72 11.15
15.79 10.84 14.21 19.94 12.85 9.85 5.38 19.81 8.38 15.75 14.30 6.14 13.10 9.26 13.46 14.25 24.05 15.03
24.42 13.05 19.99 32.53 20.31 23.40 19.08 21.12 22.17 23.20 9.55 7.88 17.34 20.64 23.10 1.88 36.29 27.38
23.58 23.18 24.50 20.63 22.47 12.07 11.27 31.19 10.58 24.55 27.00 17.46 24.39 4.39 21.00 24.54 24.64 17.88
14.67 9.55 9.81 26.52 12.07 23.20 21.48 3.79 23.48 12.56 9.56 19.20 8.45 29.56 15.68 20.95 28.56 22.47
21.08 22.30 22.65 17.16 20.48 9.34 9.74 29.59 8.18 22.27 26.74 18.18 22.91 6.63 18.55 25.80 21.12 14.73
9.10 11.08 9.95 12.52 7.79 4.37 3.81 16.97 4.60 9.83 16.68 13.06 10.49 13.38 6.52 20.85 16.47 7.42
29.00 17.81 24.72 36.48 24.92 26.86 22.42 25.89 25.45 27.87 14.24 11.02 22.11 22.09 27.54 3.28 40.37 31.36
9.94 7.82 5.29 21.80 7.61 19.10 17.95 2.02 19.59 7.83 10.74 18.08 4.81 26.70 11.06 21.64 23.84 17.85
16.69 18.53 18.33 13.95 16.13 4.98 5.85 25.34 3.81 17.87 23.39 16.05 18.74 7.95 14.16 24.06 18.11 10.75
22.94 24.87 24.89 17.69 22.67 11.22 12.23 31.90 10.35 24.26 29.39 20.82 25.29 8.73 20.47 28.37 21.41 15.99
27.10 16.39 23.13 33.99 23.11 24.19 19.73 25.06 22.72 26.12 13.73 8.44 20.65 19.15 25.47 2.56 37.95 28.91
8.00 14.96 11.46 7.45 9.16 4.49 7.80 18.52 6.25 9.68 20.86 18.14 13.06 16.41 5.85 25.91 11.40 2.34
11.33 20.39 16.00 2.23 13.87 8.27 12.58 22.67 10.10 13.39 26.34 23.55 18.03 19.64 10.12 31.43 6.46 3.51
11.86 20.92 16.55 2.06 14.42 8.59 12.95 23.20 10.40 13.92 26.86 23.98 18.57 19.81 10.66 31.88 6.24 4.04
12.74 10.21 11.92 16.72 10.24 6.99 2.82 18.21 5.87 12.94 14.85 8.93 11.38 10.56 10.32 16.95 20.78 11.73
5.32 11.73 7.98 10.12 5.67 6.49 7.88 15.09 7.70 6.58 17.69 16.37 9.56 17.35 2.78 23.74 13.59 5.16
25.64 20.04 24.25 27.37 22.90 16.98 13.34 29.47 15.10 25.76 21.63 10.72 22.95 6.56 23.19 15.52 31.60 23.14
23.06 23.85 24.50 19.00 22.36 11.32 11.44 31.38 10.11 24.21 28.07 19.03 24.66 6.48 20.52 26.38 22.88 16.71
1.89 12.34 6.62 10.30 4.83 10.02 11.55 13.08 11.37 3.82 18.21 18.94 9.02 21.07 1.52 25.77 12.82 6.52
14.47 10.70 9.96 26.34 12.27 23.67 22.22 3.12 24.06 12.37 11.14 20.58 9.03 30.56 15.73 22.53 28.16 22.51
3.38 11.48 6.68 10.47 4.50 8.40 9.68 13.62 9.64 4.76 17.43 17.32 8.68 19.21 0.91 24.36 13.49 5.99
15.23 4.88 9.87 26.15 11.38 20.30 17.50 8.61 20.06 13.37 3.09 12.83 7.20 24.32 15.11 14.40 29.02 21.39
13.41 4.12 9.68 21.60 9.42 13.52 9.95 13.63 12.83 12.45 7.67 6.46 7.58 16.23 11.93 12.36 25.21 16.47
11.78 3.64 8.21 20.14 7.81 12.49 9.28 12.72 11.99 10.86 8.43 7.88 6.32 16.44 10.30 13.99 23.68 15.03
4.11 14.93 9.26 7.77 7.49 9.80 12.30 15.48 11.43 6.22 20.83 20.90 11.69 21.51 3.88 28.01 10.16 4.80
2.27 12.77 5.90 12.97 5.52 13.97 15.15 10.53 15.26 2.51 18.15 21.04 8.68 24.73 4.86 27.10 14.51 10.14
10.42 21.41 15.75 3.22 14.03 12.37 16.25 21.53 14.25 12.50 27.34 26.41 18.23 24.18 10.36 33.94 3.62 6.23
27.69 26.10 28.19 25.01 26.26 16.37 15.03 34.63 14.79 28.53 29.27 18.95 27.80 6.03 25.09 25.09 28.98 22.27
7.94 4.69 4.78 17.14 3.98 11.17 9.28 10.77 11.27 7.04 10.65 11.59 3.95 18.00 6.65 17.79 20.41 12.19
17.66 5.89 12.76 27.24 13.51 19.62 15.99 13.48 18.92 16.16 2.52 8.42 10.01 21.08 16.81 9.42 30.61 22.17
26.40 15.10 22.02 34.24 22.30 24.88 20.50 23.15 23.57 25.21 11.53 9.11 19.40 21.22 25.02 1.05 38.06 29.10
20.17 9.39 16.10 27.90 16.12 18.79 14.53 18.41 17.63 19.11 7.96 3.89 13.63 17.20 18.68 5.60 31.68 22.75
12.93 4.36 9.42 20.91 9.00 12.80 9.27 13.73 12.13 12.05 8.33 6.67 7.47 15.80 11.36 12.92 24.55 15.78
18.76 21.19 20.78 14.36 18.54 7.04 8.52 27.84 6.27 20.08 26.04 18.41 21.31 8.57 16.29 26.32 18.34 12.03
10.55 11.08 7.23 22.26 9.44 21.04 20.43 2.15 21.76 8.56 13.75 21.34 7.71 29.47 12.29 24.83 23.75 18.88
27.72 16.81 23.63 34.84 23.69 25.10 20.65 25.28 23.66 26.67 13.80 9.30 21.09 20.18 26.15 2.42 38.77 29.74
13.91 11.21 13.17 17.25 11.48 7.16 2.70 19.41 5.77 14.16 15.57 8.72 12.58 9.33 11.45 16.82 21.38 12.38
15.86 17.12 17.18 14.21 15.03 4.42 4.44 24.12 2.85 16.91 21.94 14.69 17.47 7.70 13.29 22.73 18.42 10.56
0.86 12.60 6.09 11.52 4.99 12.17 13.54 11.74 13.50 2.65 18.24 20.16 8.79 23.10 3.23 26.59 13.46 8.36
26.16 16.76 22.93 31.60 22.44 21.38 16.94 26.11 19.75 25.52 15.70 6.89 20.76 14.89 24.21 6.48 35.71 26.67
17.58 15.23 17.33 18.66 15.54 8.21 4.74 23.63 6.34 18.07 19.06 10.26 16.80 5.12 15.02 18.08 22.89 14.35
6.92 12.42 6.17 18.07 7.60 18.43 18.75 6.38 19.47 5.38 16.59 22.16 8.20 28.22 9.19 26.94 19.26 15.23
17.82 11.67 15.85 22.12 14.68 11.93 7.46 21.00 10.36 17.65 14.24 4.62 14.47 9.12 15.56 12.55 26.25 17.24
28.22 26.93 28.87 25.15 26.91 16.78 15.67 35.37 15.26 29.12 30.18 19.90 28.54 6.89 25.63 26.07 29.06 22.58
10.76 17.69 14.44 6.17 12.15 4.31 8.66 21.49 6.15 12.55 23.52 19.80 16.00 15.90 8.78 27.77 10.40 2.83
20.57 21.75 22.10 16.87 19.94 8.84 9.18 29.03 7.65 21.74 26.21 17.73 22.35 6.46 18.04 25.39 20.86 14.31
21.52 17.02 20.50 23.19 18.99 12.75 9.07 26.17 10.88 21.76 19.60 9.18 19.47 4.30 19.03 15.88 27.42 18.88
17.54 6.43 13.23 26.02 13.44 17.57 13.62 15.44 16.66 16.36 5.66 5.25 10.70 17.98 16.25 8.24 29.64 20.88
26.25 23.06 25.99 25.47 24.26 15.78 13.35 32.02 13.98 26.80 25.71 15.10 25.24 3.83 23.67 20.89 29.62 21.99
10.59 11.06 10.93 13.79 8.89 4.58 2.37 17.77 4.13 11.18 16.38 11.78 11.09 11.93 8.04 19.71 17.84 8.79
11.88 5.95 9.29 18.89 8.31 10.50 7.01 14.64 9.83 11.36 10.59 7.45 7.95 14.23 9.98 14.59 22.64 13.74
17.62 10.99 15.42 22.39 14.35 12.32 7.85 20.39 10.82 17.36 13.41 3.88 13.93 9.97 15.43 11.91 26.48 17.44
5.06 12.77 8.53 9.04 6.28 6.78 8.75 15.52 8.20 6.64 18.74 17.56 10.35 18.09 2.81 24.94 12.42 4.23
13.55 23.93 18.74 2.31 16.85 12.71 17.01 24.82 14.53 15.66 29.90 27.87 21.08 23.88 13.07 35.66 2.24 7.43
24.84 18.84 23.24 27.11 21.97 16.66 12.81 28.31 14.80 24.87 20.30 9.40 21.86 7.06 22.43 14.27 31.35 22.74
15.75 6.20 12.13 23.31 11.81 14.52 10.50 15.78 13.55 14.86 8.05 4.09 9.98 15.28 14.12 10.21 27.06 18.16
17.29 8.75 14.21 23.66 13.58 14.15 9.81 18.32 12.90 16.66 10.39 2.02 12.28 13.06 15.40 9.78 27.60 18.56
25.54 20.08 24.21 27.15 22.84 16.78 13.18 29.49 14.90 25.68 21.75 10.86 22.95 6.26 23.08 15.77 31.39 22.96
19.22 11.17 16.47 24.67 15.68 14.69 10.22 20.74 13.21 18.74 12.48 1.80 14.64 11.52 17.18 9.55 28.72 19.67
17.21 10.29 14.85 22.35 13.85 12.41 7.95 19.72 10.98 16.88 12.72 3.53 13.29 10.64 15.07 11.63 26.41 17.35
21.41 13.72 18.91 26.01 18.02 15.73 11.30 23.29 14.08 21.06 14.74 3.84 17.16 10.34 19.26 9.87 30.15 21.14
11.92 5.84 9.27 19.00 8.33 10.63 7.14 14.57 9.96 11.38 10.46 7.39 7.89 14.32 10.04 14.49 22.74 13.85
4.40 15.37 9.63 7.49 7.91 10.08 12.69 15.75 11.75 6.52 21.27 21.37 12.10 21.85 4.34 28.49 9.75 4.86
6.13 12.80 6.24 17.05 7.35 17.79 18.34 7.39 18.90 4.82 17.24 22.32 8.53 27.87 8.52 27.38 18.18 14.34
8.61 7.20 7.29 15.50 5.63 8.24 6.16 13.82 8.17 8.47 12.86 10.96 7.05 15.17 6.50 18.15 19.14 10.37
18.64 7.19 14.12 27.41 14.51 19.05 15.10 15.68 18.14 17.36 4.99 6.17 11.48 19.22 17.47 7.43 30.98 22.27
20.19 18.49 20.39 19.61 18.51 9.63 7.34 26.82 7.81 20.88 22.19 12.81 20.00 2.36 17.60 20.22 23.82 15.87
15.85 13.16 15.31 18.08 13.59 7.64 3.45 21.54 5.92 16.21 17.16 9.07 14.72 7.18 13.33 17.12 22.28 13.46
1.93 13.65 7.07 11.02 6.06 12.61 14.27 12.38 14.04 3.58 19.27 21.19 9.80 23.79 4.05 27.66 12.69 8.32
22.11 23.28 23.69 17.91 21.52 10.35 10.74 30.62 9.22 23.30 27.65 18.89 23.93 6.83 19.58 26.41 21.81 15.65
8.23 18.86 13.43 3.79 11.60 10.26 13.89 19.55 12.12 10.34 24.81 23.83 15.82 22.21 7.86 31.32 6.11 4.00
11.61 1.90 6.39 22.32 7.63 16.69 14.26 7.78 16.61 9.89 5.87 12.04 3.61 21.92 11.31 15.75 25.25 17.55
3.24 12.14 5.18 14.41 5.38 14.97 15.80 9.13 16.15 2.37 17.27 20.90 7.91 25.37 5.72 26.62 15.92 11.46
24.54 15.77 21.60 29.55 20.95 19.27 14.85 25.28 17.61 24.02 15.50 5.55 19.59 12.84 22.49 7.78 33.68 24.66
21.55 23.68 23.54 16.48 21.31 9.83 11.01 30.58 9.01 22.88 28.32 20.05 24.00 8.56 19.09 27.73 20.27 14.63
21.98 12.06 18.41 28.56 18.11 18.83 14.38 21.37 17.42 21.17 11.19 3.01 16.13 15.19 20.22 5.28 32.53 23.48
11.62 13.82 13.01 12.11 10.80 1.93 2.63 20.04 1.53 12.63 19.17 13.93 13.54 11.18 9.03 21.99 16.30 7.52
18.01 6.60 12.77 28.41 13.98 21.58 18.26 11.88 21.07 16.28 0.67 11.38 10.00 23.92 17.57 11.42 31.52 23.47
0.52 11.25 4.90 12.26 3.63 11.72 12.68 11.03 12.91 1.74 16.94 18.84 7.53 22.26 2.47 25.22 14.49 8.62
14.83 15.17 15.63 14.77 13.56 4.36 2.53 22.45 2.48 15.68 19.92 12.84 15.72 7.84 12.23 20.92 19.01 10.58
20.73 9.31 16.24 29.23 16.60 20.55 16.42 17.61 19.50 19.47 6.38 6.24 13.60 19.55 19.50 5.35 32.88 24.09
12.20 3.34 6.84 23.28 8.42 18.06 15.73 6.73 18.04 10.34 5.69 13.23 4.20 23.40 12.19 16.32 26.05 18.62
19.24 9.25 15.56 26.34 15.31 16.99 12.66 18.66 15.76 18.36 9.11 1.96 13.29 15.25 17.56 7.02 30.21 21.21
21.80 11.00 17.73 29.35 17.76 20.05 15.71 19.88 18.80 20.75 9.05 4.52 15.25 17.56 20.28 4.03 33.18 24.21
6.41 11.09 4.89 17.97 6.47 17.60 17.69 5.72 18.55 4.61 15.37 20.83 6.87 27.10 8.46 25.62 19.44 14.79
11.22 4.27 8.00 19.29 7.36 11.61 8.48 12.98 11.14 10.43 9.30 8.20 6.38 15.95 9.62 14.66 22.87 14.17
15.12 5.04 9.75 26.13 11.32 20.43 17.70 8.25 20.23 13.24 3.46 13.21 7.11 24.62 15.07 14.78 28.96 21.40
22.72 17.00 21.19 25.21 19.88 14.74 10.77 26.40 12.89 22.77 18.87 8.06 19.87 6.33 20.32 13.98 29.44 20.75
18.26 21.92 20.82 12.62 18.52 6.92 9.47 27.95 6.74 19.76 27.05 20.03 21.63 10.74 15.91 28.03 16.47 10.90
13.99 21.42 18.05 5.41 15.79 7.07 11.52 25.03 8.58 15.91 27.22 22.92 19.71 17.05 12.27 30.99 9.25 5.61
11.06 7.86 6.28 22.91 8.58 19.96 18.63 1.74 20.38 8.95 10.13 18.09 5.41 27.20 12.11 21.23 24.97 18.91
23.68 20.83 23.49 23.17 21.73 13.29 10.78 29.63 11.47 24.25 23.81 13.51 22.83 1.32 21.09 20.00 27.35 19.53
16.01 5.23 10.69 26.79 12.10 20.63 17.67 9.54 20.32 14.20 2.17 12.35 7.97 24.18 15.80 13.53 29.73 21.97
5.16 11.76 5.06 16.49 6.11 16.68 17.13 7.26 17.75 3.65 16.42 21.15 7.46 26.64 7.44 26.34 17.90 13.50
11.39 11.97 11.91 13.73 9.85 3.97 1.52 18.77 3.23 12.07 17.18 12.01 12.09 11.09 8.80 20.02 17.84 8.85
9.35 17.55 13.55 4.84 11.33 5.95 9.98 20.44 7.83 11.28 23.48 20.72 15.40 17.80 7.70 28.55 8.94 0.97
9.18 19.05 14.12 2.80 12.11 8.90 12.82 20.56 10.78 11.28 25.02 23.23 16.33 20.75 8.31 30.91 6.30 2.81
13.99 23.37 18.85 2.35 16.77 10.68 15.12 25.37 12.41 16.09 29.32 26.30 20.95 21.34 12.99 34.24 5.06 6.49
9.88 6.97 4.95 21.69 7.23 18.59 17.30 2.76 19.02 7.78 10.03 17.24 4.10 25.96 10.81 20.85 23.86 17.60
0.87 10.91 4.54 12.58 3.31 11.80 12.63 10.73 12.95 1.46 16.59 18.60 7.17 22.22 2.54 24.92 14.85 8.87
11.17 14.24 12.95 11.17 10.70 1.20 3.58 20.05 1.86 12.32 19.71 14.82 13.68 11.92 8.62 22.86 15.36 6.60
5.73 17.12 11.11 6.76 9.56 11.42 14.35 16.80 13.17 7.79 22.97 23.24 13.68 23.33 6.15 30.35 8.31 5.60
18.77 9.09 15.23 25.69 14.89 16.30 11.96 18.58 15.06 17.95 9.40 1.51 13.03 14.66 17.04 7.68 29.58 20.57
1.69 11.40 4.58 13.40 4.12 13.31 14.14 9.86 14.48 1.11 16.84 19.66 7.36 23.72 4.05 25.70 15.29 10.07
21.64 10.04 16.99 30.39 17.49 21.81 17.71 17.87 20.79 20.30 6.33 7.47 14.30 20.78 20.50 5.06 34.00 25.25
17.73 18.93 19.14 15.16 16.98 6.10 6.28 26.07 4.74 18.84 23.59 15.75 19.40 6.79 15.17 23.67 19.32 11.98
14.10 16.21 15.69 12.65 13.48 2.59 3.79 22.72 1.15 15.23 21.32 14.93 16.17 9.44 11.54 23.04 16.89 8.78
8.30 4.20 4.85 17.63 4.27 11.60 9.58 10.55 11.65 7.31 10.16 11.37 3.72 18.17 7.09 17.42 20.88 12.68
17.42 15.62 17.42 18.06 15.56 7.66 4.53 23.84 5.78 18.01 19.61 11.00 17.02 5.09 14.85 18.85 22.30 13.86
6.55 10.04 4.09 18.32 5.92 17.32 17.15 5.04 18.18 4.57 14.30 19.86 5.86 26.49 8.35 24.56 20.00 14.89
18.99 17.78 19.35 18.37 17.42 8.34 6.20 25.90 6.52 19.73 21.75 12.81 19.07 3.64 16.39 20.46 22.58 14.59
10.48 5.47 7.92 17.97 6.88 10.20 7.21 13.56 9.78 9.93 10.71 8.82 6.77 15.17 8.66 15.74 21.61 12.83
9.64 5.10 4.30 21.18 6.35 17.25 15.66 4.64 17.55 7.64 8.79 15.35 2.50 24.15 10.11 19.23 23.65 16.82
5.20 9.62 6.33 12.21 4.02 7.60 7.79 13.48 8.42 5.79 15.59 14.83 7.59 17.36 2.76 21.95 15.58 7.27
8.48 3.94 3.21 19.54 4.65 15.01 13.36 6.79 15.26 6.72 9.05 13.81 0.44 21.93 8.44 18.52 22.28 14.97
20.75 13.89 18.61 24.77 17.55 14.41 10.04 23.40 12.72 20.54 15.51 4.71 17.05 8.89 18.50 11.39 28.94 19.98
19.48 11.35 16.69 24.92 15.93 14.93 10.46 20.92 13.44 18.99 12.54 1.76 14.85 11.58 17.44 9.36 28.98 19.92
12.98 23.60 18.24 2.51 16.41 12.97 17.19 24.19 14.82 15.08 29.57 27.88 20.64 24.34 12.66 35.60 1.73 7.40
9.94 7.77 5.27 21.80 7.59 19.07 17.91 2.07 19.56 7.83 10.70 18.03 4.76 26.65 11.05 21.59 23.85 17.84
7.34 4.60 3.56 17.31 3.20 12.07 10.46 9.52 12.30 6.16 10.53 12.61 2.76 19.29 6.46 18.46 20.38 12.50
10.76 8.51 6.24 22.63 8.57 20.07 18.91 1.10 20.56 8.65 10.95 18.76 5.74 27.61 11.97 22.03 24.58 18.76
3.97 13.64 6.69 14.06 6.81 15.67 16.84 10.07 16.97 3.74 18.73 22.35 9.40 26.42 6.57 28.13 15.19 11.63
15.60 22.24 19.38 7.29 17.07 7.20 11.46 26.44 8.38 17.45 27.92 22.87 20.86 15.88 13.71 30.97 10.93 7.27
21.85 21.70 22.83 19.14 20.77 10.36 9.61 29.56 8.86 22.84 25.72 16.52 22.77 4.16 19.27 23.87 23.21 16.23
18.88 12.36 16.81 23.15 15.70 12.89 8.45 21.79 11.27 18.68 14.53 4.30 15.33 9.06 16.64 11.93 27.28 18.29
9.63 10.18 6.13 21.42 8.34 19.95 19.32 2.16 20.66 7.59 13.21 20.41 6.66 28.38 11.27 24.14 23.05 17.92
19.11 20.99 20.89 15.18 18.68 7.35 8.31 27.90 6.35 20.35 25.70 17.78 21.30 7.62 16.60 25.63 19.19 12.64
15.30 16.75 16.67 13.78 14.50 3.87 4.08 23.63 2.29 16.36 21.65 14.65 17.00 8.19 12.73 22.72 18.00 10.04
2.69 10.08 3.19 14.56 3.17 13.57 13.95 8.70 14.59 0.60 15.45 18.67 5.98 23.48 4.42 24.48 16.62 10.93
16.72 5.50 12.33 25.42 12.59 17.22 13.39 14.53 16.39 15.49 5.14 5.89 9.77 18.26 15.49 9.14 28.99 20.30
17.14 6.17 12.90 25.52 13.04 17.06 13.11 15.34 16.15 15.99 5.91 5.05 10.41 17.60 15.81 8.61 29.15 20.38
12.35 23.29 17.68 3.25 15.95 13.47 17.56 23.42 15.34 14.43 29.23 28.01 20.16 25.04 12.26 35.63 1.69 7.60
13.36 11.03 12.73 16.74 11.00 6.74 2.35 19.06 5.44 13.65 15.57 9.11 12.23 9.73 10.89 17.19 20.86 11.85
1.27 12.97 6.66 10.73 5.33 11.54 13.12 12.52 12.93 3.34 18.70 20.18 9.30 22.64 2.92 26.78 12.77 7.56
26.87 24.50 27.00 25.16 25.17 15.92 14.03 33.25 14.22 27.58 27.42 16.95 26.43 4.55 24.28 22.94 29.23 22.02
8.39 5.13 3.01 19.86 5.02 16.04 14.64 5.38 16.41 6.43 9.62 15.20 1.45 23.34 8.79 19.62 22.37 15.50
4.79 13.15 6.27 15.38 6.85 16.54 17.42 8.83 17.76 3.94 17.98 22.25 8.86 26.99 7.32 27.72 16.52 12.80
24.94 25.83 26.48 20.30 24.33 13.18 13.44 33.37 12.05 26.14 29.97 20.73 26.65 7.77 22.42 27.91 24.06 18.35
24.04 16.29 21.59 28.14 20.69 17.73 13.41 25.87 15.98 23.72 16.84 6.14 19.81 10.47 21.84 10.13 32.32 23.38
12.16 0.43 7.38 22.10 8.02 15.55 12.70 9.92 15.26 10.70 5.69 9.91 4.73 19.93 11.40 14.15 25.30 17.15
5.48 11.39 4.81 16.94 6.05 16.87 17.17 6.73 17.89 3.82 15.95 20.89 7.10 26.65 7.66 25.97 18.41 13.85
14.97 19.67 17.85 9.75 15.53 4.25 8.00 25.00 4.91 16.55 25.11 19.30 18.90 12.35 12.69 27.41 13.83 7.53
6.43 18.09 11.81 7.24 10.46 12.84 15.80 17.05 14.60 8.36 23.86 24.55 14.47 24.76 7.29 31.56 8.01 6.91
13.55 3.05 8.26 24.30 9.61 18.42 15.73 8.29 18.23 11.78 4.05 12.00 5.52 22.86 13.30 14.66 27.24 19.51
16.43 11.35 14.84 20.41 13.50 10.23 5.76 20.39 8.69 16.39 14.61 5.97 13.70 8.82 14.10 14.04 24.54 15.53
1.31 12.32 5.59 12.46 4.87 13.04 14.20 10.85 14.31 2.08 17.84 20.30 8.35 23.78 3.91 26.52 14.25 9.36
18.14 11.49 15.97 22.76 14.89 12.61 8.14 20.91 11.07 17.89 13.77 3.89 14.46 9.68 15.94 11.80 26.86 17.83
3.45 8.56 1.95 15.02 1.62 12.82 12.75 8.60 13.66 1.73 14.09 17.03 4.62 22.20 4.16 22.88 17.42 10.95
15.25 7.66 9.97 26.86 12.01 22.40 20.17 5.87 22.44 13.19 6.67 16.68 7.91 27.69 15.79 18.04 29.27 22.46
15.96 20.11 18.64 10.85 16.33 4.81 8.04 25.78 5.04 17.48 25.43 19.13 19.56 11.44 13.63 27.22 14.88 8.67
9.37 5.31 6.83 17.29 5.74 10.11 7.59 12.72 9.91 8.79 10.93 9.94 5.89 16.00 7.62 16.68 20.83 12.19
20.93 10.64 17.14 28.04 16.97 18.58 14.20 19.86 17.28 20.00 9.62 2.91 14.78 15.99 19.28 5.35 31.92 22.91
15.86 7.44 10.52 27.35 12.45 22.50 20.09 6.90 22.46 13.83 5.73 16.01 8.27 27.34 16.25 17.07 29.87 22.86
25.67 25.34 26.69 22.13 24.64 14.06 13.46 33.38 12.66 26.69 29.07 19.30 26.58 6.01 23.10 26.11 26.03 19.70
21.77 10.00 16.83 31.18 17.63 23.09 19.16 16.80 22.20 20.26 5.10 9.54 14.07 22.85 20.89 6.74 34.63 26.08
17.64 11.54 15.68 21.98 14.51 11.80 7.33 20.85 10.24 17.47 14.16 4.65 14.30 9.19 15.38 12.62 26.10 17.08
17.82 20.86 20.08 13.12 17.81 6.20 8.30 27.18 5.73 19.22 25.89 18.71 20.75 9.60 15.39 26.70 17.10 10.87
23.47 15.77 21.03 27.64 20.12 17.25 12.91 25.34 15.52 23.15 16.42 5.66 19.26 10.32 21.28 10.08 31.81 22.87
12.90 14.62 14.19 12.78 12.01 2.31 2.45 21.18 0.65 13.90 19.79 13.84 14.60 9.99 10.31 21.95 17.01 8.44
10.08 18.12 14.24 4.67 12.01 5.86 10.06 21.15 7.73 12.01 24.03 20.98 16.05 17.57 8.41 28.87 8.87 1.70
12.21 4.63 6.82 23.58 8.68 18.89 16.78 5.50 18.97 10.24 6.47 14.56 4.48 24.64 12.47 17.43 26.18 19.06
16.15 4.55 11.02 26.35 12.07 19.49 16.24 11.14 19.02 14.50 1.44 10.23 8.24 22.27 15.59 11.75 29.52 21.39
6.63 15.32 10.88 6.50 8.71 6.64 9.78 17.71 8.39 8.54 21.29 19.60 12.85 18.56 5.00 27.17 10.04 1.80
15.23 10.92 13.88 19.16 12.43 9.06 4.59 19.69 7.60 15.27 14.66 6.90 12.92 9.16 12.87 15.01 23.27 14.26
14.81 9.64 13.02 19.61 11.73 9.80 5.41 18.57 8.50 14.67 13.30 6.05 11.87 10.44 12.55 14.12 23.66 14.60
15.34 10.46 13.75 19.66 12.39 9.65 5.19 19.38 8.23 15.29 14.05 6.25 12.66 9.62 13.03 14.36 23.75 14.71
16.99 18.22 18.37 14.76 16.21 5.42 5.55 25.30 3.98 18.08 22.94 15.32 18.64 7.10 14.43 23.29 18.94 11.39
22.12 14.12 19.50 26.84 18.67 16.57 12.14 23.70 14.92 21.72 14.81 4.00 17.67 10.91 20.00 9.26 30.98 21.97
19.48 14.25 18.03 22.44 16.66 11.99 7.78 23.48 10.22 19.53 16.84 6.69 16.84 6.65 17.08 14.03 26.64 17.80
25.58 23.92 26.00 23.43 24.09 14.41 12.87 32.42 12.76 26.39 27.19 17.02 25.59 3.88 22.99 23.47 27.48 20.43
24.52 13.76 20.50 31.72 20.50 22.12 17.70 22.52 20.75 23.51 11.36 6.28 18.02 18.22 22.94 1.97 35.62 26.60
23.23 18.64 22.23 24.52 20.73 14.16 10.67 27.85 12.28 23.49 20.97 10.31 21.17 4.11 20.73 16.42 28.75 20.35
10.64 13.01 11.99 11.94 9.78 2.44 2.92 19.04 2.55 11.62 18.47 13.79 12.57 12.02 8.05 21.79 16.07 7.12
25.05 20.29 24.04 26.08 22.55 15.80 12.45 29.58 13.92 25.31 22.35 11.54 22.93 4.82 22.55 16.98 30.31 22.03
5.15 13.10 8.79 8.70 6.56 6.78 8.92 15.76 8.26 6.81 19.08 17.87 10.66 18.21 3.02 25.26 12.08 3.93
14.41 14.70 15.15 14.67 13.09 4.21 2.04 21.96 2.35 15.23 19.49 12.59 15.23 8.19 11.81 20.68 18.90 10.37
8.86 3.36 4.93 18.45 4.74 12.41 10.24 10.09 12.40 7.71 9.33 11.16 3.32 18.62 7.81 16.91 21.66 13.52
14.69 3.05 10.00 24.17 10.54 16.81 13.43 11.94 16.25 13.30 4.16 8.12 7.34 19.53 13.75 11.56 27.53 19.12
15.77 4.01 10.82 25.64 11.64 18.48 15.12 11.71 17.93 14.24 2.48 9.09 8.06 21.04 15.03 11.26 28.90 20.62
14.13 25.22 19.50 4.84 17.83 15.28 19.44 25.04 17.13 16.18 31.16 29.98 22.02 26.68 14.18 37.61 0.68 9.53
9.71 16.63 13.31 6.56 11.01 4.10 8.18 20.37 5.98 11.46 22.48 19.10 14.88 15.99 7.67 27.01 10.73 2.26
19.26 9.02 15.46 26.59 15.29 17.35 13.05 18.35 16.15 18.32 8.61 2.53 13.13 15.81 17.64 6.78 30.42 21.45
20.72 8.95 15.72 30.33 16.58 22.48 18.67 15.60 21.67 19.17 3.90 9.63 12.95 22.85 19.91 7.78 33.72 25.25
20.36 23.62 22.81 14.40 20.53 8.91 11.00 29.93 8.51 21.84 28.57 20.98 23.53 10.43 17.99 28.85 18.10 12.98
22.16 16.01 20.40 25.18 19.18 14.71 10.58 25.46 12.91 22.11 17.75 6.92 19.00 7.23 19.80 12.97 29.40 20.60
13.20 18.94 16.46 7.85 14.14 3.88 8.25 23.59 5.26 14.89 24.59 19.67 17.75 14.03 11.05 27.76 12.02 5.47
1.98 9.90 3.42 13.65 2.42 12.24 12.68 9.74 13.26 0.86 15.52 17.94 6.07 22.23 3.13 24.06 15.97 9.78
6.69 9.73 7.48 12.44 5.25 6.47 6.29 14.58 7.08 7.27 15.61 13.83 8.34 15.86 4.18 21.20 16.06 7.34
19.75 18.69 20.22 18.69 18.26 8.87 7.03 26.79 7.10 20.53 22.62 13.54 19.97 3.17 17.15 21.09 22.88 15.08
9.33 20.61 14.71 4.54 13.12 12.73 16.37 20.26 14.60 11.37 26.50 26.14 17.27 24.66 9.57 33.50 4.77 6.48
7.84 4.27 4.15 17.56 3.74 11.95 10.13 9.92 12.09 6.73 10.24 12.01 3.10 18.83 6.82 17.91 20.71 12.68
2.69 11.48 4.54 14.23 4.58 14.30 15.02 9.10 15.44 1.56 16.73 20.12 7.30 24.60 5.04 25.92 15.95 11.04
14.98 3.71 9.77 25.45 10.96 19.03 16.02 9.79 18.68 13.27 2.49 11.05 6.99 22.58 14.56 13.11 28.51 20.57
20.22 9.64 16.26 27.74 16.21 18.52 14.22 18.77 17.32 19.22 8.47 3.38 13.84 16.68 18.68 5.66 31.56 22.60
12.85 18.32 15.96 8.20 13.64 3.22 7.61 23.10 4.64 14.48 23.94 19.03 17.19 13.65 10.63 27.11 12.40 5.38
11.23 21.99 16.51 2.35 14.72 12.17 16.21 22.43 14.05 13.33 27.94 26.63 18.94 23.84 10.99 34.25 3.00 6.22
23.63 19.04 22.65 24.83 21.14 14.49 11.05 28.26 12.61 23.90 21.32 10.63 21.59 4.14 21.13 16.60 29.06 20.70
11.46 12.40 12.18 13.39 10.08 3.52 1.56 19.08 2.78 12.22 17.64 12.41 12.44 11.03 8.87 20.45 17.52 8.56
8.83 20.20 14.22 5.00 12.67 12.75 16.28 19.71 14.61 10.86 26.07 25.89 16.80 24.71 9.17 33.20 5.33 6.50
25.13 25.21 26.32 21.29 24.24 13.46 13.13 33.09 12.13 26.21 29.10 19.54 26.31 6.35 22.57 26.52 25.16 18.98
20.46 9.13 16.04 28.85 16.34 20.11 15.97 17.59 19.05 19.23 6.53 5.79 13.42 19.10 19.18 5.47 32.52 23.70
27.87 17.35 24.02 34.44 23.92 24.50 20.03 26.13 22.98 26.95 14.87 8.93 21.59 18.87 26.17 3.73 38.44 29.39
8.67 11.25 9.77 12.04 7.56 4.31 4.27 16.84 4.77 9.48 16.93 13.56 10.45 13.81 6.08 21.32 15.97 6.93
10.63 2.35 5.39 21.47 6.70 16.18 13.99 7.25 16.21 8.89 6.87 12.61 2.61 21.96 10.42 16.65 24.34 16.76
17.78 6.40 12.53 28.20 13.76 21.42 18.13 11.66 20.93 16.04 0.55 11.40 9.77 23.87 17.35 11.59 31.30 23.27
6.24 12.96 9.32 9.01 7.01 5.56 7.68 16.40 6.98 7.72 18.90 17.01 10.91 16.93 3.87 24.55 12.66 3.94
16.10 13.68 12.19 27.86 14.50 26.07 24.90 5.04 26.59 14.07 13.97 23.59 11.69 33.43 17.69 25.33 29.30 24.38
26.32 16.83 23.04 31.82 22.58 21.61 17.17 26.16 19.98 25.65 15.69 7.03 20.86 15.14 24.38 6.30 35.92 26.88
25.05 25.17 26.25 21.18 24.16 13.37 13.07 33.03 12.05 26.13 29.08 19.54 26.25 6.37 22.49 26.54 25.05 18.87
25.30 21.00 24.50 25.82 22.94 15.66 12.55 30.20 13.79 25.65 23.25 12.50 23.51 4.19 22.77 18.07 30.03 21.91
14.79 15.35 15.69 14.53 13.60 4.15 2.68 22.54 2.27 15.68 20.15 13.12 15.83 7.97 12.19 21.21 18.76 10.39
22.92 11.27 18.21 31.73 18.77 23.11 18.98 18.77 22.07 21.54 7.10 8.48 15.49 21.72 21.82 4.49 35.34 26.59
26.76 16.00 22.76 33.76 22.76 24.01 19.55 24.64 22.56 25.76 13.30 8.21 20.26 19.18 25.16 2.14 37.70 28.67
7.85 10.15 8.56 12.58 6.38 5.55 5.09 15.61 5.98 8.47 15.91 13.26 9.21 14.67 5.30 20.84 16.37 7.43
11.37 3.14 6.01 22.45 7.59 17.38 15.18 6.53 17.41 9.52 6.42 13.30 3.37 23.06 11.36 16.79 25.21 17.81
24.79 14.40 21.00 31.50 20.85 21.70 17.24 23.40 20.24 23.88 12.48 5.94 18.60 17.12 23.09 3.13 35.47 26.42
24.39 18.39 22.77 26.75 21.51 16.29 12.40 27.85 14.43 24.41 19.91 9.01 21.39 6.95 21.98 14.08 30.98 22.35
0.66 11.30 4.79 12.54 3.73 12.15 13.08 10.72 13.34 1.45 16.93 19.08 7.48 22.67 2.90 25.37 14.67 8.99
16.03 6.92 12.62 23.20 12.17 14.18 10.05 16.49 13.13 15.24 8.82 3.48 10.56 14.51 14.30 10.19 27.01 18.06
13.73 9.55 12.27 18.37 10.83 8.66 4.37 18.13 7.46 13.70 13.70 7.24 11.34 10.63 11.42 15.27 22.41 13.35
16.87 7.96 13.60 23.65 13.08 14.35 10.08 17.54 13.18 16.15 9.58 2.49 11.59 13.83 15.07 9.72 27.53 18.52
20.15 16.64 19.52 21.32 17.87 10.92 7.44 25.50 9.04 20.53 19.77 9.87 18.72 3.56 17.62 17.12 25.56 17.09
8.35 16.16 12.30 6.09 10.05 5.31 9.00 19.26 7.16 10.20 22.09 19.49 14.07 17.29 6.50 27.27 10.06 1.03
8.50 7.16 3.71 20.33 6.03 17.54 16.50 3.51 18.06 6.40 10.93 17.33 3.54 25.38 9.51 21.43 22.48 16.30
11.22 11.87 8.08 22.85 10.27 21.85 21.29 2.62 22.59 9.27 14.32 22.13 8.57 30.34 13.04 25.48 24.23 19.58
3.65 12.51 5.57 14.59 5.86 15.40 16.28 9.13 16.60 2.86 17.57 21.35 8.27 25.85 6.16 27.02 15.97 11.78
10.59 20.11 15.43 1.80 13.37 8.83 13.00 21.97 10.69 12.68 26.08 23.76 17.57 20.42 9.58 31.56 5.90 3.36
24.43 23.00 24.92 22.31 22.98 13.23 11.75 31.39 11.59 25.25 26.43 16.45 24.57 3.14 21.83 23.16 26.39 19.26
7.31 18.88 12.70 6.41 11.28 12.80 15.98 18.03 14.61 9.28 24.69 25.07 15.34 24.77 7.96 32.19 7.02 6.69
11.21 8.46 6.60 23.07 8.92 20.37 19.13 1.14 20.83 9.09 10.64 18.69 5.92 27.75 12.37 21.79 25.05 19.16
16.76 8.16 13.62 23.34 13.02 13.96 9.68 17.73 12.77 16.10 9.98 2.54 11.68 13.40 14.91 10.04 27.24 18.22
11.60 5.45 6.29 23.17 8.32 19.00 17.14 4.36 19.20 9.57 7.62 15.56 4.31 25.28 12.10 18.60 25.62 18.79
16.10 4.49 10.97 26.29 12.02 19.43 16.18 11.13 18.95 14.45 1.51 10.20 8.19 22.22 15.53 11.77 29.46 21.33
20.82 14.84 19.09 24.04 17.85 13.59 9.37 24.23 11.82 20.77 16.87 6.23 17.72 7.27 18.47 12.98 28.24 19.39
23.99 24.59 25.38 19.88 23.25 12.26 12.27 32.23 11.03 25.13 28.70 19.47 25.49 6.60 21.45 26.69 23.74 17.65
15.53 5.53 10.15 26.60 11.76 20.92 18.19 8.34 20.72 13.64 3.46 13.52 7.55 25.05 15.52 14.84 29.40 21.88
9.17 6.21 4.03 20.88 6.27 17.55 16.23 3.79 17.96 7.09 9.85 16.44 3.04 24.92 9.92 20.38 23.18 16.70
19.86 20.43 21.08 17.06 18.97 8.26 7.98 27.93 6.85 20.91 24.79 16.22 21.19 5.38 17.29 23.90 21.16 14.09
10.03 6.08 7.85 17.23 6.61 9.48 6.65 13.79 9.12 9.62 11.44 9.33 6.96 14.93 8.10 16.40 20.90 12.09
21.12 22.59 22.80 16.92 20.62 9.37 9.98 29.77 8.30 22.35 27.09 18.61 23.11 7.11 18.61 26.26 20.85 14.62
10.34 13.98 12.31 10.59 10.03 1.59 4.17 19.44 2.72 11.54 19.56 15.16 13.17 12.78 7.80 23.15 14.74 5.87
7.36 4.43 3.15 17.67 3.22 12.67 11.10 8.89 12.92 6.03 10.28 12.94 2.13 19.89 6.70 18.57 20.65 12.92
16.37 7.25 12.98 23.44 12.53 14.34 10.16 16.83 13.25 15.59 8.98 3.12 10.92 14.37 14.63 9.93 27.28 18.31
23.87 16.65 21.67 27.50 20.65 17.05 12.81 26.22 15.27 23.65 17.55 6.71 20.01 9.35 21.60 11.25 31.70 22.83
22.16 10.89 17.79 30.31 18.06 21.31 17.05 19.28 20.15 20.97 7.98 6.17 15.19 19.35 20.83 3.70 34.04 25.16
12.36 3.91 8.79 20.56 8.40 12.69 9.32 13.17 12.11 11.45 8.29 7.30 6.85 16.18 10.84 13.44 24.14 15.43
26.92 16.47 23.11 33.50 22.98 23.58 19.11 25.34 22.07 26.02 14.18 7.97 20.69 18.20 25.22 3.38 37.49 28.44
13.68 11.20 9.52 25.52 11.84 23.38 22.20 2.38 23.89 11.61 12.25 21.28 8.99 30.78 15.12 23.62 27.18 21.87
5.19 11.92 5.21 16.46 6.24 16.75 17.23 7.37 17.83 3.73 16.58 21.30 7.63 26.75 7.50 26.50 17.83 13.51
12.12 11.21 8.38 23.89 10.66 22.28 21.40 1.63 22.90 10.08 13.13 21.45 8.36 30.25 13.73 24.40 25.44 20.40
9.82 6.81 8.07 16.57 6.63 8.71 5.98 14.26 8.37 9.57 12.21 9.70 7.43 14.50 7.75 16.96 20.28 11.42
14.35 4.84 8.97 25.49 10.62 20.08 17.52 7.39 19.96 12.44 4.32 13.64 6.40 24.72 14.40 15.58 28.24 20.82
17.61 8.91 14.48 24.02 13.89 14.50 10.14 18.48 13.23 16.96 10.34 1.69 12.51 13.20 15.74 9.43 27.96 18.92
18.10 16.22 18.10 18.52 16.25 8.17 5.20 24.50 6.29 18.69 20.10 11.23 17.68 4.40 15.52 18.98 22.75 14.40
17.02 5.70 12.58 25.80 12.89 17.62 13.78 14.59 16.78 15.77 4.90 6.05 9.99 18.56 15.83 8.90 29.35 20.67
7.55 4.54 3.95 17.30 3.45 11.82 10.11 9.90 12.00 6.46 10.50 12.26 3.10 18.89 6.54 18.20 20.43 12.44
12.84 8.45 11.15 18.18 9.78 8.87 4.86 16.96 7.88 12.70 12.84 7.40 10.18 11.79 10.61 15.24 22.13 13.09
26.39 15.35 22.20 33.82 22.33 24.26 19.84 23.73 22.89 25.30 12.25 8.41 19.64 20.08 24.89 0.87 37.70 28.70
16.07 21.08 19.14 9.77 16.82 5.66 9.35 26.29 6.28 17.71 26.53 20.58 20.26 12.91 13.86 28.68 13.67 8.29
9.44 2.40 4.93 19.47 5.29 13.60 11.37 9.25 13.58 8.07 8.34 11.33 2.73 19.55 8.66 16.57 22.58 14.59
4.85 12.79 8.43 9.02 6.20 7.01 8.98 15.39 8.43 6.46 18.76 17.71 10.30 18.33 2.66 25.06 12.34 4.29
23.16 12.21 19.02 30.74 19.11 21.39 17.03 20.89 20.11 22.08 9.74 5.70 16.49 18.41 21.67 2.63 34.58 25.61
17.82 10.75 15.44 22.88 14.46 12.87 8.40 20.21 11.40 17.48 12.94 3.25 13.84 10.50 15.68 11.29 26.95 17.90
23.44 18.58 22.33 24.94 20.87 14.55 10.98 27.85 12.68 23.66 20.76 10.04 21.21 4.64 20.96 15.98 29.18 20.73
11.86 20.99 16.58 1.90 14.46 8.74 13.09 23.21 10.55 13.93 26.94 24.11 18.62 19.97 10.69 32.00 6.08 4.11
15.67 9.55 13.55 20.80 12.42 10.99 6.58 18.76 9.66 15.41 12.71 4.86 12.18 10.72 13.49 12.94 24.83 15.77
27.66 25.75 28.02 25.31 26.13 16.46 14.92 34.38 14.83 28.45 28.81 18.40 27.55 5.69 25.06 24.42 29.32 22.44
25.82 21.10 24.85 26.65 23.35 16.43 13.17 30.39 14.55 26.10 23.11 12.27 23.75 5.13 23.31 17.48 30.87 22.67
25.01 24.85 26.09 21.43 24.02 13.38 12.87 32.82 11.99 26.04 28.68 19.05 26.02 5.82 22.44 25.99 25.34 18.99
16.03 8.27 13.21 22.23 12.43 12.77 8.47 17.75 11.57 15.49 10.76 3.41 11.46 12.57 14.07 11.20 26.17 17.13
7.03 12.23 9.34 10.09 7.01 4.80 6.37 16.49 5.98 8.25 18.12 15.71 10.60 15.73 4.48 23.34 13.87 4.94
20.43 8.82 15.77 29.31 16.28 20.90 16.88 16.75 19.94 19.08 5.34 7.18 13.07 20.46 19.33 6.15 32.88 24.18
15.25 19.45 17.91 10.51 15.60 4.10 7.50 25.06 4.46 16.76 24.80 18.71 18.85 11.55 12.91 26.81 14.61 8.07
10.95 12.81 12.07 12.46 9.90 2.77 2.41 19.07 2.51 11.85 18.19 13.30 12.54 11.62 8.35 21.31 16.60 7.65
27.18 25.04 27.42 25.17 25.56 16.11 14.39 33.73 14.44 27.93 28.04 17.60 26.91 5.02 24.59 23.62 29.22 22.15
6.96 12.14 9.23 10.16 6.91 4.89 6.39 16.38 6.05 8.16 18.02 15.66 10.50 15.77 4.41 23.27 13.93 5.01
26.15 15.02 21.90 33.73 22.08 24.25 19.84 23.32 22.91 25.03 11.80 8.42 19.32 20.32 24.69 0.44 37.59 28.60
26.09 24.19 26.41 24.07 24.53 14.98 13.33 32.78 13.32 26.86 27.34 17.06 25.95 4.11 23.49 23.35 28.12 21.03
12.31 3.03 8.41 20.97 8.25 13.40 10.15 12.42 12.89 11.26 7.52 7.76 6.28 17.07 10.96 13.42 24.47 15.87
11.99 18.47 15.53 6.68 13.22 4.15 8.62 22.62 5.84 13.75 24.23 19.96 16.99 15.18 9.95 28.00 10.90 4.06
23.39 15.70 20.95 27.56 20.04 17.17 12.83 25.28 15.45 23.07 16.38 5.61 19.19 10.29 21.20 10.09 31.74 22.79
17.30 6.56 13.19 25.45 13.23 16.83 12.80 15.82 15.86 16.21 6.48 4.47 10.75 17.07 15.89 8.43 29.13 20.30
12.70 23.54 18.01 3.06 16.25 13.42 17.56 23.81 15.28 14.79 29.50 28.11 20.47 24.91 12.54 35.77 1.45 7.65
18.19 7.24 12.85 28.93 14.28 22.51 19.34 11.15 22.09 16.37 1.95 12.83 10.15 25.27 17.96 12.64 31.90 24.07
16.23 6.56 10.83 27.43 12.55 21.93 19.23 8.30 21.75 14.28 3.96 14.41 8.32 26.07 16.33 15.30 30.15 22.76
13.01 14.35 14.13 13.22 11.98 2.75 2.01 21.07 1.10 13.95 19.45 13.38 14.45 9.73 10.42 21.49 17.44 8.82
3.78 12.79 5.85 14.53 6.12 15.54 16.47 9.30 16.76 3.11 17.84 21.63 8.54 26.05 6.32 27.31 15.84 11.82
25.54 17.22 22.85 29.93 22.07 19.54 15.20 26.77 17.81 25.12 17.16 6.96 20.94 12.06 23.40 9.22 34.11 25.15
10.46 7.52 8.96 16.56 7.45 8.21 5.18 15.16 7.72 10.33 12.72 9.35 8.33 13.60 8.27 16.83 20.37 11.41
18.13 6.81 13.70 26.77 14.01 18.38 14.42 15.55 17.46 16.89 5.25 5.72 11.10 18.65 16.91 7.78 30.37 21.63
8.33 17.96 13.14 3.86 11.09 8.14 11.91 19.69 10.01 10.41 23.93 22.18 15.30 20.08 7.30 29.83 7.38 1.90
26.95 17.63 23.77 32.21 23.26 21.93 17.51 26.98 20.27 26.33 16.55 7.71 21.62 15.00 24.97 7.03 36.33 27.31
14.52 7.02 9.23 26.11 11.25 21.65 19.47 5.50 21.71 12.47 6.59 16.28 7.15 27.08 15.03 17.97 28.54 21.70
8.32 13.19 10.67 9.77 8.35 3.46 5.65 17.82 4.77 9.60 18.98 15.80 11.83 14.73 5.81 23.60 13.75 4.69
22.64 15.97 20.66 26.02 19.54 15.57 11.36 25.49 13.78 22.51 17.37 6.47 19.14 8.19 20.33 12.07 30.23 21.38
11.39 3.61 7.86 19.81 7.43 12.28 9.17 12.51 11.83 10.48 8.63 8.24 6.03 16.54 9.92 14.38 23.33 14.70
17.56 8.04 14.05 24.62 13.68 15.39 11.13 17.58 14.23 16.74 8.97 2.24 11.89 14.61 15.84 8.74 28.47 19.49
22.09 19.54 21.99 21.72 20.20 11.74 9.19 28.21 9.91 22.68 22.79 12.79 21.39 0.54 19.51 19.70 25.93 17.99
20.88 13.94 18.70 24.93 17.65 14.58 10.20 23.45 12.88 20.65 15.49 4.67 17.12 9.00 18.63 11.25 29.10 20.14
24.34 13.10 20.00 32.25 20.25 23.01 18.67 21.36 21.75 23.17 9.87 7.38 17.40 20.02 22.96 1.53 36.04 27.11
18.15 6.48 13.42 27.36 14.00 19.38 15.59 14.54 18.58 16.75 3.67 7.37 10.72 20.23 17.15 8.40 30.83 22.26
18.80 13.08 17.09 22.42 15.82 12.05 7.68 22.37 10.36 18.74 15.59 5.56 15.79 7.85 16.47 13.16 26.59 17.65
2.22 10.72 3.85 14.06 3.63 13.51 14.09 9.19 14.59 0.58 16.11 19.18 6.63 23.65 4.27 25.08 16.03 10.57
14.32 10.84 9.89 26.19 12.21 23.64 22.25 2.95 24.06 12.22 11.41 20.77 9.05 30.64 15.62 22.80 27.97 22.40
11.10 9.19 10.29 15.86 8.56 6.83 3.50 16.72 6.14 11.26 14.26 9.71 9.91 12.16 8.72 17.53 19.82 10.77
14.75 3.48 9.55 25.22 10.72 18.82 15.84 9.68 18.48 13.05 2.71 11.02 6.77 22.46 14.33 13.23 28.28 20.33
10.28 1.56 5.68 20.26 6.13 14.14 11.68 9.42 14.02 8.88 7.53 10.80 3.26 19.58 9.49 15.79 23.41 15.35
14.37 4.85 10.65 22.34 10.39 13.98 10.21 14.42 13.17 13.43 7.62 5.54 8.51 15.92 12.84 11.44 26.00 17.20
19.88 22.88 22.20 14.40 19.93 8.33 10.24 29.31 7.82 21.32 27.80 20.17 22.86 9.78 17.48 28.05 18.19 12.69
24.68 18.10 22.81 27.54 21.65 17.06 13.03 27.64 15.22 24.60 19.28 8.39 21.29 8.16 22.33 12.96 31.76 23.04
13.02 23.09 18.11 1.29 16.15 11.57 15.89 24.37 13.38 15.13 29.06 26.80 20.38 22.73 12.35 34.62 3.33 6.43
25.81 16.46 22.60 31.23 22.10 21.02 16.57 25.83 19.38 25.17 15.50 6.54 20.44 14.61 23.85 6.53 35.33 26.30
11.93 5.34 6.59 23.46 8.59 19.16 17.21 4.64 19.31 9.91 7.26 15.37 4.52 25.25 12.38 18.28 25.94 19.05
6.08 17.74 11.45 7.47 10.12 12.74 15.62 16.71 14.49 8.00 23.51 24.27 14.12 24.64 6.97 31.25 8.35 6.88
25.81 26.42 27.25 21.27 25.12 14.06 14.15 34.11 12.88 26.98 30.44 21.00 27.36 7.85 23.28 28.02 25.01 19.30
5.52 8.45 2.02 17.38 3.93 15.48 15.12 5.96 16.25 3.40 13.25 17.98 4.15 24.42 6.82 23.03 19.45 13.56
25.65 24.13 26.14 23.34 24.21 14.41 12.98 32.59 12.79 26.48 27.46 17.32 25.76 4.13 23.06 23.80 27.37 20.40
24.48 15.55 21.46 29.67 20.85 19.43 14.99 25.03 17.79 23.92 15.14 5.38 19.41 13.22 22.47 7.34 33.78 24.76
16.80 8.54 13.82 23.10 13.13 13.61 9.27 18.09 12.37 16.20 10.53 2.56 11.95 12.84 14.88 10.34 27.03 18.00
3.94 15.62 8.93 10.45 8.06 13.75 15.83 13.63 15.30 5.42 21.18 23.16 11.70 25.25 5.87 29.67 11.48 8.72
13.35 16.40 15.34 11.38 13.08 1.60 4.49 22.44 1.39 14.61 21.71 15.86 16.04 10.66 10.84 23.96 15.62 7.58
17.54 9.22 14.58 23.66 13.89 14.04 9.65 18.79 12.73 16.96 10.90 1.90 12.70 12.59 15.60 9.88 27.63 18.58
12.99 4.19 9.40 21.08 9.04 13.02 9.49 13.61 12.35 12.09 8.11 6.69 7.40 15.99 11.46 12.82 24.70 15.94
11.18 6.25 8.88 18.05 7.73 9.79 6.49 14.55 9.21 10.76 11.20 8.21 7.77 14.20 9.21 15.43 21.80 12.90
25.15 18.35 23.18 28.13 22.07 17.65 13.60 27.90 15.82 25.03 19.33 8.48 21.61 8.73 22.82 12.65 32.36 23.61
6.73 16.57 11.56 5.35 9.55 8.24 11.56 18.09 10.05 8.80 22.54 21.33 13.78 20.21 5.75 28.82 8.49 2.31
15.45 4.51 11.19 24.12 11.35 16.04 12.32 13.86 15.28 14.27 5.63 6.07 8.71 17.73 14.19 10.32 27.67 19.00
3.11 11.40 4.45 14.65 4.72 14.68 15.33 8.71 15.81 1.80 16.56 20.19 7.18 24.89 5.42 25.89 16.33 11.48
10.27 21.64 15.66 4.77 14.12 13.63 17.36 21.07 15.51 12.29 27.52 27.19 18.25 25.52 10.61 34.57 4.04 7.40
8.94 8.06 8.08 15.03 6.29 7.36 5.25 14.71 7.24 8.99 13.64 11.02 7.97 14.39 6.66 18.44 18.77 9.88
12.22 12.14 8.87 23.88 11.11 22.72 22.02 2.59 23.41 10.25 14.15 22.39 9.11 30.97 13.99 25.41 25.27 20.57
7.52 17.43 12.42 4.49 10.42 8.48 12.03 18.90 10.33 9.61 23.40 22.02 14.65 20.45 6.63 29.58 7.68 2.27
13.77 6.76 8.50 25.39 10.56 21.11 19.04 4.86 21.22 11.71 7.00 16.31 6.51 26.83 14.33 18.35 27.80 21.02
10.17 8.13 5.60 22.03 7.92 19.43 18.30 1.67 19.93 8.05 10.91 18.39 5.16 27.05 11.34 21.87 24.03 18.13
22.74 11.82 18.61 30.33 18.69 21.00 16.65 20.55 19.73 21.66 9.48 5.36 16.09 18.19 21.25 3.05 34.16 25.19
25.01 22.59 25.07 23.75 23.25 14.23 12.14 31.31 12.48 25.68 25.63 15.30 24.49 2.61 22.42 21.63 27.88 20.40
24.47 13.34 20.21 32.18 20.39 22.83 18.46 21.75 21.54 23.33 10.33 7.10 17.63 19.56 23.03 1.26 36.00 27.04
14.23 12.40 10.37 25.99 12.68 24.27 23.23 3.27 24.83 12.19 13.41 22.50 10.05 31.90 15.82 24.79 27.48 22.51
16.42 5.03 11.92 25.35 12.28 17.34 13.60 13.95 16.57 15.13 4.62 6.48 9.33 18.73 15.27 9.56 28.86 20.23
19.27 8.78 15.34 26.83 15.26 17.71 13.46 18.02 16.55 18.27 8.07 3.12 12.95 16.39 17.72 6.60 30.63 21.69
24.15 15.23 21.13 29.38 20.52 19.16 14.71 24.72 17.53 23.59 14.89 5.05 19.08 13.12 22.14 7.32 33.49 24.46
11.40 20.22 15.98 2.68 13.82 7.85 12.19 22.70 9.67 13.44 26.16 23.21 17.95 19.18 10.09 31.11 6.91 3.37
11.62 12.57 12.37 13.39 10.27 3.43 1.47 19.27 2.62 12.39 17.79 12.46 12.62 10.87 9.02 20.51 17.54 8.60
15.41 4.64 10.09 26.16 11.48 20.05 17.14 9.23 19.75 13.60 2.50 12.16 7.37 23.78 15.17 13.73 29.11 21.34
12.85 9.38 11.59 17.50 10.06 7.95 3.84 17.65 6.89 12.88 13.87 8.08 10.83 11.06 10.51 16.04 21.51 12.46
9.10 13.14 11.11 10.41 8.82 2.81 4.75 18.25 3.92 10.28 18.84 15.15 12.08 13.81 6.55 23.03 14.46 5.42
12.34 8.65 10.89 17.50 9.42 8.25 4.36 16.90 7.32 12.28 13.26 8.07 10.08 11.81 10.06 15.91 21.46 12.41
20.74 17.25 20.15 21.71 18.49 11.35 8.00 26.13 9.47 21.14 20.30 10.28 19.35 3.06 18.21 17.37 25.95 17.55
17.39 22.72 20.65 10.04 18.33 7.30 10.94 27.79 7.89 19.10 28.17 22.08 21.84 13.73 15.27 30.17 13.67 9.36
8.45 19.69 13.82 4.73 12.20 12.09 15.61 19.47 13.94 10.51 25.58 25.25 16.36 24.05 8.64 32.59 5.60 5.84
5.21 9.36 2.80 17.07 4.39 15.75 15.62 6.18 16.61 3.13 14.12 18.85 5.07 25.00 6.83 23.95 18.97 13.45
6.30 16.15 11.12 5.80 9.11 8.23 11.41 17.65 10.01 8.37 22.12 21.03 13.33 20.18 5.31 28.48 8.88 2.52
12.68 10.57 8.53 24.52 10.85 22.41 21.29 1.38 22.93 10.60 12.08 20.74 8.11 29.96 14.11 23.40 26.22 20.86
4.64 16.29 10.03 8.17 8.66 12.05 14.63 15.48 13.73 6.61 22.06 22.94 12.68 23.82 5.57 29.84 9.57 6.59
5.26 16.71 10.65 7.23 9.13 11.48 14.28 16.31 13.20 7.31 22.55 22.98 13.24 23.34 5.79 30.04 8.80 5.80
2.76 12.38 7.06 9.86 5.07 9.11 10.74 13.73 10.48 4.56 18.30 18.51 9.30 20.22 1.33 25.50 12.63 5.79
16.60 9.43 14.09 22.15 13.15 12.40 7.99 18.86 11.07 16.19 11.94 3.45 12.47 11.39 14.52 11.53 26.16 17.11
21.72 16.37 20.31 24.12 18.95 13.64 9.68 25.69 11.80 21.81 18.55 7.91 19.09 5.80 19.29 14.37 28.35 19.65
12.92 13.20 13.50 14.27 11.45 3.92 0.62 20.31 2.48 13.66 18.17 12.02 13.59 9.56 10.33 20.12 18.46 9.64
25.56 17.25 22.87 29.94 22.09 19.55 15.21 26.80 17.82 25.15 17.19 6.99 20.96 12.05 23.42 9.25 34.12 25.17
22.78 12.27 18.90 29.87 18.80 20.30 15.89 21.29 18.95 21.82 10.54 4.47 16.48 16.90 21.15 3.64 33.77 24.76
26.34 15.42 22.23 33.60 22.30 23.97 19.53 23.93 22.56 25.29 12.52 8.12 19.70 19.58 24.80 1.27 37.50 28.49
22.80 17.00 21.23 25.34 19.94 14.86 10.88 26.42 13.02 22.83 18.83 8.00 19.90 6.47 20.40 13.87 29.56 20.87
15.49 17.47 17.12 13.26 14.92 3.82 4.86 24.14 2.59 16.65 22.45 15.53 17.57 8.60 12.95 23.60 17.47 9.77
26.58 26.34 27.66 22.75 25.60 14.93 14.44 34.37 13.57 27.62 30.05 20.23 27.57 6.92 24.01 26.95 26.59 20.47
2.52 9.91 3.10 14.37 2.83 13.20 13.55 8.92 14.20 0.43 15.35 18.37 5.87 23.08 4.08 24.25 16.52 10.65
18.76 19.40 19.96 16.33 17.85 7.22 6.89 26.82 5.75 19.80 23.86 15.57 20.10 5.70 16.19 23.36 20.48 13.16
12.18 0.51 7.26 22.30 8.05 15.93 13.15 9.48 15.68 10.65 5.49 10.34 4.55 20.43 11.51 14.37 25.44 17.38
20.98 10.14 16.88 28.69 16.94 19.52 15.23 19.05 18.33 19.92 8.33 4.30 14.39 17.54 19.50 4.78 32.49 23.55
18.64 10.06 15.61 24.67 14.97 14.92 10.49 19.64 13.55 18.04 11.22 0.93 13.67 12.63 16.70 9.04 28.66 19.61
25.59 22.73 25.46 24.62 23.69 14.99 12.69 31.59 13.21 26.19 25.56 15.07 24.79 3.11 23.00 21.14 28.77 21.19
3.11 8.66 2.65 14.26 1.09 11.79 11.80 9.57 12.65 2.04 14.37 16.61 5.03 21.30 3.25 22.74 16.83 10.05
15.98 18.74 18.01 12.56 15.76 4.24 6.24 25.09 3.60 17.28 23.82 17.01 18.63 9.37 13.50 25.07 16.71 9.57
7.36 5.76 5.01 16.11 3.69 10.16 8.51 11.45 10.33 6.73 11.70 11.97 4.74 17.49 5.82 18.49 19.43 11.13
17.45 9.06 14.45 23.66 13.78 14.07 9.69 18.63 12.78 16.85 10.73 1.93 12.55 12.75 15.52 9.85 27.61 18.57
6.33 16.81 11.43 5.54 9.55 9.33 12.53 17.71 11.12 8.44 22.75 22.03 13.78 21.29 5.80 29.41 8.16 3.40
13.27 15.50 14.85 12.30 12.63 1.95 3.34 21.89 0.32 14.38 20.70 14.69 15.37 10.04 10.70 22.79 16.54 8.20
22.46 18.15 21.56 23.69 20.02 13.33 9.86 27.28 11.45 22.75 20.69 10.17 20.57 3.65 19.95 16.61 27.93 19.52
15.60 13.64 11.82 27.32 14.12 25.72 24.65 4.71 26.28 13.59 14.20 23.64 11.46 33.27 17.24 25.58 28.72 23.91
22.27 10.94 17.85 30.49 18.15 21.52 17.28 19.23 20.38 21.05 7.87 6.44 15.23 19.62 20.96 3.69 34.20 25.34
25.38 25.83 26.74 21.09 24.62 13.65 13.60 33.57 12.41 26.51 29.83 20.37 26.81 7.23 22.83 27.41 24.89 18.99
11.41 1.72 7.13 20.76 7.28 13.87 10.99 10.91 13.55 10.18 7.17 9.21 4.84 18.39 10.33 14.42 24.10 15.74
25.19 13.94 20.85 33.04 21.09 23.74 19.37 22.13 22.45 24.01 10.59 8.02 18.23 20.42 23.80 0.83 36.85 27.90
21.51 9.87 16.82 30.39 17.36 21.90 17.83 17.57 20.90 20.14 5.99 7.74 14.11 21.06 20.42 5.40 33.97 25.25
17.42 5.80 12.29 27.57 13.34 20.51 17.12 12.09 19.96 15.77 0.64 10.27 9.50 22.73 16.84 10.90 30.77 22.59
26.18 25.44 27.02 22.95 25.01 14.65 13.79 33.64 13.18 27.14 29.00 19.05 26.83 5.75 23.59 25.68 26.88 20.39
16.12 4.71 11.60 25.12 11.98 17.20 13.51 13.64 16.46 14.82 4.53 6.70 9.00 18.81 15.00 9.88 28.61 20.02
5.42 7.06 3.89 14.81 1.97 10.16 9.37 10.90 10.68 4.88 13.02 13.90 4.74 18.70 4.05 20.37 17.91 10.02
21.68 11.35 17.88 28.73 17.73 19.20 14.81 20.52 17.88 20.76 10.08 3.41 15.51 16.20 20.03 4.72 32.63 23.62
18.11 6.88 13.74 26.63 13.99 18.16 14.18 15.73 17.23 16.90 5.55 5.41 11.17 18.33 16.84 7.73 30.25 21.49
1.55 12.71 6.71 10.35 5.11 10.66 12.26 12.92 12.04 3.64 18.52 19.56 9.23 21.77 2.17 26.30 12.66 6.87
19.49 20.41 20.85 16.47 18.71 7.83 7.86 27.75 6.50 20.59 24.88 16.52 21.05 5.98 16.93 24.26 20.55 13.56
22.04 11.37 18.05 29.41 18.03 20.01 15.64 20.33 18.72 21.03 9.57 4.33 15.60 17.22 20.48 3.95 33.27 24.28
26.55 24.52 26.82 24.55 24.95 15.46 13.77 33.16 13.79 27.31 27.60 17.24 26.34 4.46 23.95 23.41 28.61 21.51
8.04 16.64 12.36 5.31 10.17 6.38 10.05 19.18 8.23 9.99 22.59 20.39 14.29 18.35 6.48 28.10 9.14 0.34
7.34 8.00 3.10 19.21 5.37 16.98 16.28 4.18 17.64 5.23 12.17 18.00 3.97 25.38 8.57 22.46 21.25 15.34
24.96 22.33 24.91 23.91 23.12 14.29 12.07 31.10 12.52 25.59 25.29 14.91 24.29 2.49 22.37 21.19 28.06 20.49
25.61 23.79 25.96 23.60 24.06 14.50 12.86 32.35 12.83 26.39 27.01 16.79 25.52 3.73 23.01 23.20 27.67 20.54
11.80 15.94 14.19 9.90 11.88 0.66 5.13 21.33 2.42 13.17 21.47 16.51 15.14 12.38 9.35 24.58 14.13 5.84
5.50 6.72 3.46 15.21 1.73 10.65 9.77 10.43 11.15 4.76 12.66 13.91 4.25 19.05 4.34 20.24 18.26 10.46
6.03 12.86 9.14 9.06 6.84 5.76 7.82 16.22 7.17 7.52 18.81 17.04 10.76 17.10 3.66 24.56 12.67 4.02
12.96 8.60 11.30 18.21 9.93 8.84 4.79 17.12 7.82 12.84 12.95 7.36 10.34 11.63 10.72 15.23 22.18 13.13
13.22 6.61 7.96 24.86 10.05 20.70 18.73 4.42 20.86 11.16 7.33 16.35 6.04 26.64 13.81 18.63 27.24 20.52
23.76 20.59 23.43 23.54 21.71 13.56 10.87 29.48 11.72 24.28 23.45 13.05 22.69 1.73 21.19 19.43 27.74 19.82
14.46 23.53 19.21 3.07 17.09 10.41 14.87 25.82 12.08 16.54 29.46 26.14 21.24 20.80 13.33 34.12 5.82 6.69
3.11 10.02 5.17 12.03 2.94 9.30 9.89 12.20 10.32 3.78 15.95 16.47 7.11 19.47 1.05 23.25 14.97 7.53
19.26 18.07 19.65 18.51 17.71 8.55 6.48 26.19 6.74 20.01 22.02 13.01 19.37 3.43 16.66 20.62 22.72 14.78
9.14 12.33 7.12 20.51 9.01 20.33 20.24 4.51 21.23 7.37 15.72 22.44 8.44 29.56 11.22 26.54 21.71 17.52
16.95 8.20 13.76 23.59 13.20 14.22 9.93 17.77 13.03 16.27 9.86 2.36 11.78 13.55 15.12 9.79 27.49 18.47
22.20 16.92 20.85 24.40 19.46 13.93 10.05 26.24 12.08 22.31 19.07 8.39 19.64 5.54 19.76 14.67 28.63 19.99
11.50 12.15 12.08 13.68 10.01 3.84 1.42 18.94 3.06 12.21 17.35 12.09 12.27 10.97 8.92 20.12 17.80 8.83
16.50 12.97 15.63 19.15 14.02 8.74 4.46 21.64 7.03 16.75 16.65 8.09 14.84 7.13 14.03 16.09 23.34 14.48
13.08 8.38 8.18 24.92 10.44 21.61 19.99 2.71 21.92 10.97 9.33 18.33 6.88 28.24 14.05 20.67 27.01 20.84
21.35 22.21 22.76 17.72 20.62 9.63 9.73 29.65 8.38 22.48 26.54 17.80 22.94 6.01 18.80 25.35 21.70 15.17
16.83 5.07 11.86 26.64 12.70 19.32 15.84 12.46 18.71 15.29 1.96 9.02 9.09 21.38 16.08 10.44 29.94 21.61
23.40 13.45 19.84 29.80 19.54 19.93 15.47 22.71 18.47 22.60 12.27 4.28 17.55 15.50 21.62 4.68 33.79 24.74
9.83 3.20 6.11 18.91 5.78 12.23 9.67 11.07 12.04 8.80 8.99 9.99 4.40 17.72 8.57 15.90 22.26 13.89
28.58 17.67 24.49 35.63 24.55 25.85 21.39 26.10 24.38 27.54 14.59 10.08 21.95 20.64 27.00 3.21 39.58 30.54
15.70 12.32 14.83 18.60 13.21 8.26 3.87 20.89 6.63 15.93 16.19 8.12 14.08 7.84 13.23 16.19 22.78 13.86
12.48 5.32 7.12 23.97 9.08 19.49 17.43 5.02 19.60 10.47 6.77 15.19 4.95 25.33 12.87 17.87 26.48 19.51
13.05 22.29 17.84 1.89 15.73 9.73 14.14 24.42 11.49 15.13 28.24 25.27 19.91 20.63 11.96 33.19 5.50 5.41
15.16 13.16 14.88 17.15 13.08 6.72 2.55 21.27 5.01 15.61 17.42 9.79 14.44 7.58 12.62 17.87 21.35 12.54
3.96 15.45 9.34 8.28 7.85 11.26 13.71 15.09 12.90 6.02 21.27 21.97 11.94 22.96 4.63 28.91 10.08 6.07
11.31 10.48 11.10 14.99 9.20 5.58 2.27 17.73 4.82 11.71 15.58 10.59 10.96 11.44 8.81 18.54 19.03 9.98
13.28 5.01 7.89 24.63 9.72 19.74 17.47 6.01 19.75 11.31 5.72 14.53 5.51 25.08 13.52 16.90 27.25 20.08
13.11 11.93 13.00 15.68 11.12 5.53 1.09 19.56 4.18 13.59 16.67 10.34 12.76 9.53 10.57 18.44 19.83 10.87
4.59 13.57 6.65 14.84 7.04 16.34 17.37 9.47 17.60 4.03 18.50 22.52 9.30 26.95 7.17 28.12 15.92 12.40
7.53 17.59 12.49 4.40 10.52 8.78 12.32 18.91 10.62 9.63 23.56 22.28 14.75 20.75 6.73 29.81 7.47 2.56
25.12 16.14 22.09 30.26 21.49 20.00 15.57 25.61 18.35 24.56 15.61 6.01 20.03 13.50 23.11 7.35 34.39 25.36
9.27 6.88 4.34 21.07 6.64 18.04 16.83 3.15 18.50 7.17 10.30 17.12 3.68 25.57 10.20 20.96 23.26 16.99
21.97 11.13 17.88 29.56 17.93 20.26 15.93 19.97 19.02 20.91 9.08 4.72 15.39 17.74 20.47 3.83 33.38 24.42
10.39 3.57 6.90 19.04 6.42 11.92 9.13 11.88 11.62 9.47 9.08 9.22 5.24 16.95 8.97 15.36 22.49 13.97
5.19 8.79 5.59 13.02 3.33 8.32 8.12 12.72 9.01 5.45 14.76 14.42 6.73 17.65 3.01 21.37 16.32 8.11
8.08 3.87 4.08 17.99 3.94 12.43 10.56 9.55 12.55 6.87 9.82 12.02 2.72 19.17 7.19 17.73 21.10 13.13
11.30 4.30 8.08 19.35 7.44 11.63 8.47 13.04 11.15 10.51 9.28 8.12 6.44 15.90 9.70 14.59 22.93 14.23
9.56 11.61 10.56 12.37 8.38 3.81 3.40 17.58 4.00 10.37 17.17 13.19 11.09 12.92 6.97 21.06 16.39 7.33
24.12 21.30 23.96 23.46 22.20 13.65 11.22 30.11 11.85 24.70 24.27 13.93 23.30 1.68 21.53 20.33 27.64 19.88
25.62 17.69 23.12 29.62 22.25 19.18 14.91 27.26 17.41 25.29 17.90 7.45 21.29 11.23 23.42 10.21 33.81 24.91
26.30 15.23 22.09 33.77 22.24 24.24 19.82 23.59 22.87 25.20 12.10 8.39 19.52 20.13 24.81 0.71 37.65 28.65
3.56 14.64 7.77 12.19 7.31 14.64 16.28 11.93 16.08 4.36 20.00 22.76 10.55 25.81 5.99 28.94 13.26 10.09
22.19 11.16 17.98 29.98 18.12 20.79 16.48 19.83 19.57 21.08 8.74 5.36 15.44 18.42 20.75 3.54 33.78 24.84
11.62 11.43 11.79 14.46 9.81 4.74 1.45 18.53 3.87 12.17 16.54 11.23 11.79 10.93 9.06 19.24 18.56 9.54
17.60 22.17 20.54 11.13 18.22 6.82 10.05 27.69 7.09 19.21 27.48 21.00 21.55 12.31 15.36 29.06 14.90 9.87
12.09 18.87 15.78 6.21 13.48 4.69 9.15 22.84 6.37 13.89 24.65 20.48 17.30 15.64 10.13 28.51 10.42 3.97
8.11 11.12 5.75 19.70 7.67 19.07 18.90 4.25 19.94 6.22 14.82 21.17 7.14 28.20 10.05 25.46 21.14 16.49
3.74 15.23 8.44 11.24 7.75 14.19 16.08 12.89 15.70 4.96 20.70 23.04 11.22 25.56 5.93 29.40 12.26 9.36
22.91 20.42 22.86 22.24 21.06 12.40 10.01 29.10 10.59 23.52 23.61 13.51 22.28 0.43 20.32 20.26 26.43 18.63
20.49 12.53 17.83 25.54 17.01 15.39 10.93 22.10 13.82 20.06 13.57 2.67 16.01 11.02 18.39 9.42 29.64 20.60
12.72 11.02 8.74 24.54 11.05 22.64 21.60 1.64 23.20 10.66 12.58 21.20 8.45 30.33 14.24 23.90 26.16 20.96
8.20 12.27 6.60 19.50 8.34 19.51 19.58 5.19 20.47 6.49 16.00 22.26 8.22 28.96 10.35 26.64 20.71 16.56
13.18 8.00 11.18 18.88 9.95 9.64 5.61 16.75 8.65 12.93 12.17 6.73 10.02 12.11 11.03 14.51 22.81 13.78
19.29 23.22 22.00 12.92 19.70 8.13 10.77 29.14 8.03 20.84 28.35 21.25 22.87 11.46 16.99 29.22 16.60 11.69
19.22 7.61 14.57 28.19 15.08 19.94 16.01 15.71 19.05 17.87 4.58 6.95 11.88 20.09 18.14 7.21 31.73 23.07
19.24 19.63 20.35 16.89 18.26 7.75 7.21 27.17 6.24 20.26 23.99 15.50 20.43 5.20 16.67 23.22 21.02 13.71
23.69 17.28 21.87 26.60 20.68 16.12 12.06 26.78 14.29 23.63 18.67 7.77 20.40 7.69 21.34 12.93 30.82 22.07
28.54 18.01 24.70 35.06 24.59 25.08 20.61 26.77 23.54 27.62 15.47 9.57 22.26 19.23 26.84 4.23 39.07 30.02
10.86 18.74 15.00 4.61 12.75 5.88 10.21 21.92 7.71 12.79 24.63 21.29 16.76 17.35 9.17 29.22 8.85 2.49
8.10 12.04 9.88 10.87 7.59 4.03 5.13 17.01 4.95 9.16 17.82 14.75 10.85 14.52 5.52 22.49 14.78 5.75
14.31 2.66 9.61 23.85 10.16 16.59 13.27 11.64 16.06 12.91 4.34 8.34 6.96 19.55 13.39 11.94 27.19 18.81
9.42 10.15 5.96 21.20 8.17 19.77 19.17 2.34 20.48 7.38 13.27 20.37 6.57 28.25 11.07 24.17 22.83 17.71
12.22 4.02 6.83 23.46 8.56 18.51 16.29 6.09 18.54 10.29 6.06 13.92 4.33 24.06 12.35 16.88 26.14 18.87
26.85 16.58 23.15 33.19 22.94 23.21 18.73 25.56 21.67 25.99 14.53 7.74 20.77 17.57 25.09 3.99 37.22 28.16
8.00 4.14 4.28 17.68 3.89 11.99 10.12 9.96 12.11 6.89 10.11 11.87 3.14 18.77 6.97 17.75 20.84 12.79
13.32 7.98 11.26 19.05 10.06 9.79 5.74 16.79 8.78 13.04 12.09 6.57 10.07 12.11 11.18 14.34 22.98 13.94
12.12 7.69 10.28 17.98 8.96 9.03 5.29 16.09 8.20 11.91 12.30 7.72 9.30 12.65 9.97 15.38 21.87 12.85
12.68 23.58 18.01 3.23 16.26 13.56 17.69 23.77 15.42 14.77 29.52 28.20 20.47 25.07 12.56 35.85 1.40 7.76
23.03 22.38 23.83 20.48 21.81 11.63 10.59 30.47 10.07 23.96 26.17 16.62 23.66 3.62 20.44 23.72 24.54 17.55
12.69 21.91 17.47 1.78 15.36 9.45 13.84 24.06 11.23 14.77 27.86 24.94 19.53 20.45 11.59 32.86 5.62 5.04
14.59 13.59 14.73 16.00 12.81 5.54 1.70 21.33 3.81 15.20 18.13 10.92 14.52 7.91 12.02 19.02 20.21 11.47
18.91 10.56 16.00 24.69 15.30 14.83 10.38 20.14 13.41 18.37 11.78 1.22 14.11 12.14 16.93 9.23 28.70 19.65
22.24 21.23 22.84 20.29 20.87 11.04 9.63 29.41 9.39 23.09 24.96 15.41 22.59 2.61 19.65 22.57 24.41 17.10
11.36 22.44 16.72 3.54 15.04 13.26 17.22 22.38 15.14 13.43 28.37 27.46 19.23 25.00 11.40 34.99 2.67 7.20
18.27 17.94 19.00 17.08 16.98 7.24 5.77 25.70 5.50 19.14 22.20 13.72 18.92 4.80 15.68 21.51 21.29 13.44
20.21 8.70 15.64 28.90 16.07 20.38 16.32 16.90 19.39 18.90 5.67 6.53 12.98 19.82 19.03 6.03 32.51 23.76
15.57 13.56 11.76 27.30 14.07 25.66 24.58 4.64 26.22 13.55 14.11 23.55 11.39 33.19 17.20 25.49 28.70 23.87
4.53 15.95 9.90 7.73 8.37 11.17 13.79 15.67 12.85 6.59 21.78 22.30 12.48 22.96 5.04 29.31 9.50 5.76
7.35 5.78 1.99 18.88 4.11 15.39 14.25 5.73 15.86 5.39 10.58 15.61 1.57 23.16 7.83 20.35 21.34 14.58
5.83 8.81 2.59 17.70 4.50 16.03 15.70 5.57 16.81 3.72 13.44 18.46 4.54 25.00 7.28 23.39 19.67 13.98
18.29 20.00 19.96 14.91 17.77 6.55 7.32 26.95 5.44 19.49 24.73 16.93 20.34 7.39 15.77 24.83 18.99 12.09
15.31 7.86 12.56 21.55 11.73 12.20 7.97 17.27 11.06 14.79 10.75 4.13 10.89 12.64 13.34 11.84 25.47 16.44
10.73 3.06 5.39 21.80 6.93 16.81 14.71 6.51 16.88 8.90 6.96 13.32 2.72 22.74 10.71 17.11 24.56 17.17
16.54 22.59 20.09 8.62 17.78 7.27 11.29 27.20 8.19 18.34 28.17 22.61 21.44 14.93 14.55 30.71 12.22 8.33
19.57 14.16 18.04 22.66 16.71 12.21 7.98 23.43 10.45 19.60 16.67 6.45 16.82 6.88 17.19 13.75 26.86 18.00
15.14 4.10 10.81 23.96 11.02 16.02 12.38 13.44 15.31 13.93 5.41 6.49 8.31 18.00 13.93 10.67 27.48 18.84
12.96 2.49 7.70 23.67 8.99 17.81 15.17 8.19 17.64 11.21 4.57 11.86 4.94 22.45 12.67 14.89 26.61 18.87
10.46 14.92 12.88 9.61 10.57 1.36 5.13 20.03 3.10 11.82 20.56 16.24 13.91 13.26 8.00 24.24 13.79 5.07
7.18 18.06 12.44 4.92 10.68 10.49 13.86 18.45 12.32 9.28 23.99 23.44 14.89 22.47 7.01 30.80 6.96 4.32
23.00 13.70 19.77 28.80 19.27 18.75 14.28 23.15 17.21 22.34 13.23 3.72 17.64 13.81 21.08 6.36 32.85 23.79
17.94 12.20 16.17 21.87 14.92 11.59 7.16 21.46 9.97 17.85 14.89 5.25 14.87 8.46 15.63 13.11 26.02 17.04
23.16 16.65 21.27 26.27 20.11 15.80 11.67 26.15 13.99 23.06 18.06 7.15 19.78 7.86 20.82 12.54 30.49 21.69
13.19 21.15 17.46 4.29 15.22 7.39 11.86 24.35 9.04 15.16 27.02 23.18 19.24 17.91 11.61 31.20 8.23 4.84
5.16 15.51 10.15 6.77 8.24 9.01 11.84 16.53 10.72 7.25 21.45 20.95 12.47 20.86 4.49 28.24 9.47 3.69
6.42 10.55 4.45 18.10 6.14 17.41 17.38 5.39 18.32 4.52 14.83 20.32 6.34 26.76 8.36 25.08 19.69 14.80
27.87 17.08 23.86 34.82 23.87 25.02 20.55 25.64 23.55 26.87 14.22 9.27 21.35 19.85 26.27 2.86 38.78 29.74
8.70 3.27 4.53 18.56 4.55 12.77 10.71 9.58 12.82 7.45 9.23 11.57 2.81 19.13 7.80 17.15 21.70 13.68
25.00 14.61 21.21 31.69 21.06 21.88 17.41 23.59 20.42 24.09 12.64 6.13 18.81 17.21 23.30 3.10 35.66 26.61
2.14 11.76 4.87 13.60 4.62 13.85 14.72 9.72 15.04 1.55 17.11 20.17 7.65 24.30 4.60 26.13 15.34 10.45
25.75 15.06 21.78 32.74 21.75 23.02 18.56 23.81 21.59 24.76 12.58 7.20 19.31 18.47 24.13 2.02 36.68 27.64
22.15 13.06 19.00 27.88 18.45 17.86 13.38 22.56 16.33 21.52 12.94 2.91 16.92 13.24 20.21 6.97 31.94 22.88
5.39 16.82 10.77 7.11 9.25 11.46 14.30 16.44 13.19 7.44 22.66 23.05 13.36 23.34 5.89 30.12 8.66 5.75
15.06 21.95 18.93 6.69 16.64 7.09 11.43 25.97 8.39 16.94 27.68 22.85 20.47 16.23 13.23 30.95 10.39 6.72
13.28 7.23 8.11 25.00 10.26 21.10 19.22 3.91 21.30 11.19 7.93 17.01 6.38 27.23 13.99 19.26 27.29 20.74
23.91 16.55 21.64 27.66 20.65 17.22 12.96 26.12 15.45 23.66 17.36 6.54 19.95 9.65 21.66 10.95 31.86 22.97
5.13 16.80 10.50 7.99 9.17 12.37 15.04 15.85 14.07 7.06 22.56 23.44 13.17 24.19 6.09 30.36 9.19 6.76
14.41 25.20 19.72 4.06 17.95 14.53 18.79 25.50 16.36 16.49 31.16 29.53 22.16 25.73 14.22 37.26 0.69 9.05
3.03 9.37 2.53 14.84 2.50 13.31 13.47 8.52 14.25 0.99 14.79 17.95 5.30 22.97 4.33 23.75 17.04 11.01
14.07 10.84 9.69 25.93 12.01 23.47 22.13 2.69 23.91 11.97 11.57 20.81 8.92 30.58 15.39 22.95 27.69 22.17
15.47 7.83 12.66 21.79 11.86 12.45 8.22 17.27 11.31 14.93 10.59 3.92 10.94 12.78 13.52 11.59 25.70 16.68
22.31 16.11 20.54 25.34 19.33 14.87 10.73 25.57 13.06 22.26 17.81 6.96 19.12 7.30 19.96 12.92 29.55 20.76
10.79 12.14 11.62 12.96 9.49 3.46 2.22 18.57 3.10 11.57 17.50 12.71 11.98 11.70 8.19 20.70 17.06 8.06
18.87 15.03 18.02 20.81 16.43 10.33 6.45 23.91 8.50 19.15 18.21 8.59 17.15 5.13 16.38 16.14 25.04 16.36
13.52 5.52 10.33 20.90 9.72 12.34 8.56 14.87 11.53 12.79 9.16 5.84 8.52 14.68 11.78 12.62 24.64 15.75
5.82 9.42 6.62 12.49 4.36 7.28 7.22 13.75 7.98 6.33 15.37 14.28 7.67 16.79 3.39 21.47 15.95 7.47
11.98 12.57 8.92 23.55 11.11 22.69 22.13 3.12 23.43 10.05 14.77 22.83 9.37 31.17 13.84 26.00 24.83 20.35
4.32 14.00 7.05 14.14 7.20 15.98 17.20 10.22 17.30 4.14 19.05 22.75 9.76 26.78 6.92 28.50 15.15 11.84
12.67 22.58 17.70 0.80 15.70 10.93 15.25 24.04 12.75 14.78 28.55 26.18 19.92 22.12 11.91 34.01 3.93 5.85
15.18 18.80 17.56 11.20 15.28 3.66 6.66 24.70 3.68 16.60 24.08 17.79 18.38 10.73 12.76 25.89 15.35 8.38
26.01 14.62 21.56 34.04 21.89 24.80 20.44 22.54 23.53 24.78 10.90 9.11 18.91 21.48 24.68 1.41 37.82 28.90
15.30 5.12 11.38 23.43 11.27 15.03 11.19 14.66 14.19 14.28 6.92 5.15 9.08 16.44 13.85 10.44 27.09 18.29
12.62 19.83 16.53 5.52 14.25 5.71 10.18 23.54 7.36 14.50 25.64 21.53 18.15 16.39 10.80 29.56 9.66 4.30
2.20 12.71 7.02 9.90 5.22 9.89 11.58 13.46 11.29 4.19 18.59 19.19 9.42 21.06 1.79 26.07 12.43 6.19
4.86 10.29 3.59 16.62 4.85 15.89 16.03 6.69 16.85 2.94 15.07 19.68 6.00 25.48 6.79 24.88 18.35 13.23
10.79 3.35 5.42 21.94 7.05 17.06 15.00 6.23 17.15 8.93 7.01 13.59 2.82 23.05 10.84 17.29 24.66 17.34
5.75 13.35 9.28 8.50 7.02 6.21 8.51 16.28 7.72 7.38 19.31 17.76 11.05 17.72 3.57 25.24 12.01 3.56
15.03 5.36 11.31 22.89 11.06 14.36 10.48 14.94 13.49 14.09 7.60 4.94 9.13 15.79 13.48 10.80 26.58 17.74
9.79 20.32 14.99 2.39 13.13 10.73 14.64 21.10 12.61 11.90 26.28 24.94 17.36 22.54 9.37 32.54 4.70 4.62
20.07 12.66 17.64 24.74 16.70 14.53 10.08 22.20 12.92 19.73 14.12 3.34 15.96 10.09 17.90 10.43 28.87 19.85
27.79 27.04 28.67 24.25 26.66 16.22 15.44 35.29 14.79 28.77 30.51 20.42 28.47 7.19 25.21 26.82 28.11 21.88
22.66 22.45 23.64 19.76 21.58 11.13 10.41 30.36 9.65 23.65 26.40 17.05 23.57 4.32 20.08 24.29 23.79 16.95
24.47 13.95 20.60 31.38 20.50 21.67 17.22 22.88 20.25 23.53 11.89 5.84 18.17 17.44 22.82 2.74 35.32 26.29
14.98 11.73 10.68 26.83 13.00 24.48 23.13 3.61 24.92 12.89 12.12 21.62 9.92 31.54 16.36 23.50 28.51 23.12
14.64 14.37 15.13 15.32 13.13 4.84 1.90 21.86 3.01 15.38 19.03 11.91 15.09 7.86 12.05 20.01 19.54 10.94
5.68 17.45 10.91 8.81 9.82 13.71 16.34 15.74 15.41 7.41 23.11 24.48 13.65 25.52 7.06 31.25 9.44 8.06
24.29 14.55 20.85 30.33 20.48 20.32 15.85 23.85 18.79 23.54 13.44 5.01 18.61 15.15 22.44 5.15 34.37 25.31
13.08 11.44 9.16 24.87 11.47 23.07 22.05 2.08 23.63 11.02 12.88 21.61 8.90 30.78 14.63 24.22 26.44 21.33
14.78 9.15 12.79 19.94 11.59 10.25 5.91 18.19 9.00 14.56 12.72 5.65 11.53 10.95 12.58 13.67 23.96 14.90
5.24 12.95 6.16 16.00 6.95 16.97 17.71 8.26 18.15 4.18 17.65 22.21 8.65 27.27 7.72 27.53 17.16 13.36
8.88 3.16 3.81 19.62 4.87 14.61 12.74 7.58 14.76 7.23 8.58 12.92 1.16 21.16 8.57 17.74 22.50 14.93
19.23 8.61 15.23 26.93 15.20 17.88 13.66 17.79 16.75 18.20 7.75 3.46 12.81 16.72 17.72 6.57 30.71 21.79
15.09 3.88 9.86 25.61 11.08 19.23 16.22 9.73 18.88 13.37 2.40 11.21 7.09 22.78 14.70 13.16 28.65 20.73
24.24 19.13 23.04 25.79 21.62 15.41 11.82 28.46 13.53 24.43 21.11 10.29 21.86 5.22 21.77 15.85 30.03 21.58
10.30 1.55 5.41 20.64 6.19 14.85 12.51 8.60 14.79 8.76 7.25 11.47 2.77 20.45 9.73 16.11 23.68 15.80
22.16 23.06 23.62 18.24 21.48 10.43 10.60 30.52 9.22 23.32 27.35 18.49 23.80 6.32 19.62 25.96 22.17 15.86
13.70 4.62 10.10 21.65 9.75 13.38 9.70 14.13 12.63 12.80 7.98 6.01 8.04 15.78 12.15 12.13 25.31 16.51
21.98 14.98 19.82 25.82 18.77 15.41 11.10 24.52 13.68 21.77 16.30 5.40 18.22 8.91 19.72 11.26 30.00 21.08
14.61 3.39 10.17 23.68 10.48 16.00 12.49 12.71 15.36 13.34 5.13 7.19 7.63 18.45 13.49 11.29 27.13 18.58
5.31 11.52 7.84 10.33 5.52 6.53 7.80 14.95 7.70 6.52 17.48 16.18 9.38 17.30 2.75 23.54 13.80 5.36
10.06 7.03 8.38 16.60 6.93 8.56 5.72 14.56 8.17 9.85 12.35 9.54 7.74 14.19 7.95 16.87 20.35 11.45
16.46 13.21 15.71 18.88 14.07 8.45 4.23 21.80 6.72 16.75 16.97 8.48 14.99 6.93 13.97 16.47 23.08 14.25
24.09 17.63 22.25 26.94 21.08 16.47 12.42 27.15 14.63 24.02 18.95 8.05 20.77 7.81 21.73 12.99 31.17 22.43
6.79 12.63 6.30 17.84 7.64 18.36 18.75 6.69 19.42 5.33 16.86 22.33 8.40 28.25 9.11 27.17 18.99 15.07
10.23 1.64 5.32 20.60 6.13 14.86 12.55 8.51 14.82 8.68 7.31 11.57 2.67 20.52 9.68 16.21 23.63 15.77
5.06 16.43 10.43 7.25 8.87 11.17 13.94 16.19 12.89 7.12 22.28 22.64 12.99 23.02 5.48 29.71 8.97 5.57
12.06 10.93 8.22 23.86 10.51 22.12 21.20 1.35 22.72 10.01 12.83 21.16 8.12 30.01 13.63 24.10 25.45 20.32
24.56 24.89 25.84 20.60 23.74 12.86 12.69 32.65 11.58 25.67 28.88 19.47 25.89 6.42 22.01 26.57 24.47 18.32
5.65 6.94 0.39 17.23 2.72 14.30 13.60 6.76 14.92 3.70 12.13 16.24 2.69 22.79 6.25 21.49 19.65 13.04
16.61 19.22 18.60 13.02 16.36 4.86 6.64 25.68 4.14 17.91 24.23 17.19 19.18 9.02 14.12 25.22 17.13 10.16
21.64 18.47 21.23 22.01 19.53 11.80 8.79 27.30 9.93 22.11 21.54 11.44 20.50 1.87 19.08 18.35 26.24 18.05
15.95 13.91 15.72 17.54 13.91 7.06 3.19 22.10 5.27 16.43 18.05 10.00 15.27 6.74 13.39 18.03 21.76 13.04
22.95 20.68 23.00 22.06 21.17 12.31 10.07 29.29 10.52 23.60 23.94 13.89 22.47 0.61 20.36 20.68 26.23 18.52
27.73 26.72 28.49 24.46 26.50 16.22 15.27 35.05 14.74 28.66 30.10 19.94 28.23 6.77 25.14 26.27 28.36 21.96
11.95 20.59 16.46 2.91 14.29 7.83 12.23 23.22 9.62 13.97 26.51 23.35 18.40 18.96 10.58 31.28 7.08 3.81
5.22 7.52 4.24 14.32 2.15 9.73 9.09 11.32 10.30 4.87 13.48 14.08 5.23 18.49 3.66 20.68 17.46 9.52
14.07 17.13 16.12 11.53 13.85 2.31 5.02 23.22 1.99 15.36 22.39 16.28 16.81 10.37 11.57 24.39 15.75 8.00
24.86 22.26 24.83 23.81 23.03 14.20 11.98 31.02 12.42 25.50 25.24 14.88 24.21 2.40 22.27 21.18 27.96 20.39
27.75 16.85 23.66 34.85 23.72 25.11 20.66 25.32 23.67 26.71 13.85 9.31 21.13 20.17 26.18 2.47 38.79 29.76
24.80 22.47 24.89 23.50 23.06 14.00 11.94 31.16 12.25 25.48 25.56 15.28 24.34 2.45 22.21 21.67 27.63 20.16
8.14 18.56 13.27 3.75 11.38 9.72 13.37 19.50 11.59 10.25 24.52 23.38 15.61 21.68 7.61 30.90 6.43 3.47
19.37 16.37 18.93 20.33 17.22 9.94 6.57 25.05 8.06 19.81 19.77 10.21 18.25 3.70 16.82 17.68 24.57 16.13
6.17 9.67 7.07 12.33 4.81 6.84 6.81 14.19 7.54 6.75 15.59 14.18 8.06 16.39 3.68 21.46 15.87 7.27
12.08 11.77 8.61 23.79 10.86 22.47 21.72 2.21 23.14 10.09 13.79 22.02 8.78 30.65 13.80 25.05 25.23 20.42
4.73 11.67 4.88 16.09 5.80 16.27 16.75 7.56 17.35 3.25 16.45 20.95 7.38 26.28 7.02 26.25 17.55 13.07
10.97 9.15 6.66 22.84 8.98 20.53 19.46 0.51 21.06 8.87 11.48 19.40 6.32 28.21 12.30 22.61 24.69 19.06
7.31 15.49 11.35 6.46 9.13 5.91 9.23 18.27 7.70 9.17 21.44 19.33 13.21 17.86 5.51 27.00 10.21 1.40
20.74 23.84 23.13 14.83 20.86 9.24 11.20 30.24 8.78 22.20 28.75 21.02 23.81 10.25 18.36 28.86 18.52 13.39
14.58 14.03 14.94 15.56 12.96 5.08 1.72 21.61 3.30 15.26 18.66 11.53 14.83 7.90 11.99 19.62 19.78 11.12
8.15 10.46 5.32 19.87 7.36 18.86 18.53 3.74 19.67 6.18 14.12 20.54 6.53 27.77 9.96 24.77 21.43 16.50
11.36 10.83 11.31 14.74 9.37 5.24 1.98 17.99 4.46 11.82 15.94 10.87 11.24 11.29 8.83 18.84 18.80 9.76
15.89 5.25 11.78 24.23 11.82 15.88 12.02 14.66 15.03 14.79 6.26 5.25 9.37 17.07 14.52 9.84 27.85 19.09
9.38 5.18 4.04 20.92 6.10 17.06 15.53 4.67 17.39 7.37 9.02 15.42 2.34 24.08 9.86 19.40 23.39 16.58
9.16 7.17 4.34 20.98 6.65 18.11 16.97 3.00 18.60 7.05 10.61 17.41 3.88 25.76 10.16 21.28 23.13 16.95
9.38 2.41 4.77 19.53 5.23 13.80 11.61 8.97 13.80 7.96 8.31 11.57 2.48 19.83 8.67 16.71 22.61 14.68
18.21 22.72 21.14 11.54 18.83 7.41 10.53 28.29 7.61 19.82 28.01 21.38 22.14 12.34 15.97 29.43 15.24 10.44
3.01 9.82 4.88 12.29 2.66 9.57 10.07 11.91 10.56 3.54 15.74 16.44 6.85 19.65 1.23 23.16 15.18 7.82
16.83 9.44 14.24 22.47 13.35 12.72 8.31 18.91 11.38 16.39 11.79 3.13 12.57 11.55 14.77 11.21 26.47 17.42
24.50 16.11 21.75 29.15 21.00 18.81 14.42 25.65 17.11 24.06 16.13 5.84 19.82 11.98 22.39 8.70 33.30 24.31
5.16 16.60 10.54 7.29 9.02 11.42 14.19 16.22 13.13 7.21 22.44 22.87 13.13 23.27 5.68 29.92 8.89 5.77
4.52 9.38 5.59 12.44 3.27 8.39 8.57 12.74 9.23 4.98 15.35 15.18 7.03 18.14 2.25 22.13 15.65 7.63
19.89 13.64 17.99 23.61 16.81 13.22 8.87 23.05 11.52 19.76 15.72 5.22 16.57 8.11 17.58 12.39 27.78 18.85
19.50 15.69 18.70 21.19 17.10 10.72 6.98 24.60 8.87 19.81 18.79 8.98 17.83 4.54 17.00 16.37 25.42 16.82
17.12 5.35 12.25 26.69 12.97 19.12 15.53 13.14 18.44 15.63 2.61 8.31 9.51 20.80 16.25 9.79 30.05 21.63
3.44 11.02 4.07 15.09 4.55 14.86 15.36 8.24 15.93 1.84 16.12 19.94 6.77 24.90 5.62 25.54 16.81 11.82
25.29 13.78 20.73 33.63 21.16 24.59 20.30 21.48 23.39 24.00 9.80 9.13 18.05 21.87 24.06 2.35 37.35 28.48
18.52 13.19 16.97 21.90 15.64 11.51 7.17 22.40 9.80 18.53 15.92 6.08 15.76 7.45 16.16 13.74 26.08 17.17
17.74 6.52 13.37 26.31 13.63 17.90 13.95 15.43 16.99 16.53 5.43 5.48 10.81 18.29 16.49 8.09 29.91 21.17
21.40 9.63 16.47 30.82 17.25 22.76 18.85 16.49 21.89 19.89 4.79 9.37 13.70 22.66 20.52 6.92 34.27 25.72
6.95 11.64 8.92 10.67 6.61 5.07 6.17 16.07 6.09 8.03 17.52 15.20 10.09 15.64 4.36 22.78 14.42 5.53
23.50 21.15 23.54 22.55 21.71 12.84 10.62 29.80 11.06 24.15 24.33 14.19 22.98 1.09 20.91 20.84 26.71 19.05
21.16 18.18 20.82 21.50 19.09 11.28 8.30 26.94 9.41 21.66 21.37 11.41 20.14 1.96 18.60 18.46 25.73 17.53
10.81 17.71 14.48 6.21 12.18 4.27 8.63 21.54 6.11 12.60 23.53 19.78 16.03 15.84 8.83 27.76 10.45 2.89
13.56 16.13 15.33 11.98 13.09 1.92 3.99 22.40 0.96 14.74 21.36 15.30 15.92 10.14 11.02 23.41 16.22 8.08
19.37 12.14 17.00 24.09 16.03 13.91 9.45 21.66 12.33 19.05 13.85 3.28 15.36 10.03 17.21 10.78 28.20 19.18
19.01 13.08 17.21 22.73 15.98 12.37 8.00 22.42 10.69 18.92 15.48 5.32 15.87 8.04 16.69 12.85 26.90 17.95
4.24 12.71 8.05 9.15 5.87 7.64 9.53 14.94 9.06 5.92 18.68 18.01 10.04 18.92 2.19 25.25 12.31 4.62
14.67 11.48 10.36 26.52 12.69 24.16 22.83 3.30 24.61 12.58 11.99 21.41 9.62 31.26 16.05 23.38 28.22 22.81
20.00 8.22 15.06 29.52 15.85 21.64 17.84 15.24 20.84 18.48 3.57 8.98 12.29 22.14 19.14 7.86 32.92 24.43
17.99 16.61 18.22 17.96 16.31 7.71 5.13 24.73 5.84 18.67 20.64 11.94 17.91 4.50 15.40 19.73 22.20 13.96
25.64 22.99 25.61 24.45 23.82 14.92 12.76 31.79 13.16 26.28 25.90 15.46 24.98 3.18 23.05 21.59 28.58 21.10
22.51 11.04 17.98 30.96 18.38 22.12 17.91 19.06 21.01 21.23 7.55 7.19 15.32 20.40 21.28 3.84 34.63 25.81
7.73 6.30 5.87 15.77 4.35 9.36 7.59 12.37 9.46 7.32 12.16 11.58 5.64 16.60 5.92 18.38 19.22 10.72
15.52 4.09 10.34 25.89 11.48 19.27 16.15 10.38 18.87 13.84 1.94 10.71 7.56 22.48 15.05 12.51 28.99 20.97
13.38 17.74 16.00 9.78 13.69 2.31 6.32 23.15 3.25 14.86 23.21 17.73 16.98 12.08 11.01 25.84 13.99 6.57
22.41 23.83 24.11 17.86 21.93 10.65 11.26 31.07 9.60 23.65 28.25 19.55 24.41 7.46 19.90 27.07 21.70 15.78
10.63 10.43 10.62 14.39 8.66 5.28 2.62 17.36 4.76 11.09 15.70 11.17 10.63 12.02 8.12 19.06 18.40 9.35
17.50 10.70 15.22 22.44 14.18 12.42 7.95 20.12 10.95 17.20 13.10 3.67 13.68 10.27 15.33 11.73 26.51 17.46
22.14 16.15 20.46 25.02 19.21 14.55 10.45 25.58 12.73 22.12 17.97 7.17 19.09 6.93 19.77 13.27 29.24 20.47
24.32 23.20 24.94 21.90 22.97 13.00 11.73 31.49 11.41 25.19 26.76 16.89 24.66 3.58 21.72 23.70 25.95 18.96
12.16 15.85 14.35 10.46 12.07 0.45 4.68 21.49 1.87 13.47 21.32 16.10 15.20 11.81 9.67 24.18 14.69 6.40
8.57 18.82 13.64 3.30 11.71 9.50 13.26 19.94 11.37 10.68 24.79 23.42 15.94 21.42 7.93 31.00 6.25 3.26
14.55 8.04 12.14 20.46 11.13 11.08 6.87 17.24 9.95 14.16 11.49 5.14 10.68 12.13 12.49 12.95 24.40 15.36
7.46 5.72 5.09 16.16 3.79 10.15 8.46 11.51 10.30 6.83 11.65 11.87 4.78 17.41 5.90 18.40 19.50 11.18
11.78 1.36 6.65 22.31 7.74 16.43 13.89 8.35 16.30 10.12 5.68 11.47 3.87 21.43 11.36 15.28 25.31 17.49
15.01 12.87 11.11 26.77 13.42 25.00 23.89 3.97 25.54 12.97 13.55 22.89 10.70 32.49 16.59 24.94 28.25 23.29
9.53 20.88 14.91 4.76 13.36 13.09 16.73 20.38 14.96 11.55 26.76 26.47 17.49 25.02 9.84 33.82 4.67 6.84
18.29 15.90 18.07 19.11 16.28 8.71 5.43 24.36 6.83 18.81 19.62 10.55 17.53 4.38 15.73 18.26 23.35 14.90
2.16 9.61 3.46 13.45 2.00 11.62 11.99 10.12 12.60 1.55 15.33 17.38 5.96 21.55 2.64 23.63 15.93 9.40
25.74 24.18 26.21 23.45 24.28 14.51 13.06 32.65 12.89 26.56 27.48 17.32 25.82 4.16 23.15 23.78 27.49 20.50
20.55 8.80 15.49 30.33 16.43 22.64 18.89 15.15 21.87 18.96 3.48 10.11 12.71 23.28 19.82 8.36 33.67 25.27
14.24 4.64 8.86 25.34 10.49 19.89 17.32 7.45 19.76 12.34 4.27 13.47 6.27 24.52 14.26 15.49 28.12 20.66
5.89 15.16 10.39 6.68 8.29 7.47 10.42 17.10 9.19 7.86 21.14 19.92 12.49 19.34 4.51 27.38 9.94 2.50
17.85 14.32 17.08 19.91 15.46 9.43 5.45 23.07 7.62 18.15 17.77 8.59 16.28 5.75 15.35 16.36 24.13 15.40
5.43 10.20 6.95 11.66 4.63 7.02 7.48 14.10 7.91 6.21 16.16 15.06 8.24 17.06 2.87 22.30 15.11 6.67
26.63 26.08 27.57 23.11 25.54 15.04 14.34 34.23 13.62 27.62 29.68 19.75 27.41 6.44 24.05 26.37 26.99 20.69
12.91 11.01 12.42 16.24 10.64 6.31 2.01 18.84 5.09 13.24 15.69 9.55 12.02 10.03 10.42 17.61 20.35 11.33
18.73 9.14 15.23 25.60 14.87 16.18 11.83 18.64 14.93 17.93 9.53 1.38 13.05 14.51 16.99 7.79 29.49 20.48
25.23 15.09 21.59 31.61 21.34 21.68 17.21 24.19 20.17 24.40 13.39 6.12 19.25 16.56 23.46 3.94 35.62 26.56
19.40 10.88 16.44 25.20 15.77 15.32 10.86 20.46 13.88 18.84 11.85 1.01 14.50 12.31 17.43 8.79 29.22 20.16
24.09 25.33 25.76 19.28 23.59 12.33 12.82 32.70 11.27 25.32 29.61 20.60 26.01 7.94 21.58 27.94 23.03 17.39
19.60 21.41 21.38 15.57 19.17 7.84 8.74 28.38 6.84 20.85 26.08 18.02 21.77 7.50 17.10 25.83 19.56 13.11
8.12 5.23 2.74 19.60 4.76 15.82 14.48 5.51 16.21 6.17 9.83 15.24 1.35 23.23 8.52 19.75 22.11 15.24
10.14 6.69 5.11 21.92 7.37 18.64 17.25 2.94 19.03 8.05 9.64 16.96 4.04 25.84 10.99 20.48 24.14 17.78
9.78 2.86 4.54 20.69 5.88 15.67 13.67 7.02 15.78 8.04 7.72 13.03 1.76 21.89 9.62 17.36 23.52 16.03
15.64 4.54 10.37 26.24 11.66 19.89 16.87 9.82 19.54 13.88 2.00 11.58 7.61 23.34 15.30 13.12 29.25 21.37
12.71 10.29 8.45 24.57 10.77 22.31 21.13 1.34 22.81 10.62 11.74 20.44 7.93 29.75 14.09 23.06 26.32 20.85
12.02 1.09 7.49 21.60 7.87 14.76 11.83 10.63 14.42 10.68 6.28 9.26 4.99 19.02 11.06 13.98 24.89 16.59
15.38 9.63 10.42 27.20 12.65 23.65 21.79 4.62 23.87 13.26 9.14 19.06 8.90 29.70 16.31 20.50 29.30 23.09
11.39 7.12 6.38 23.18 8.62 19.81 18.28 2.60 20.15 9.29 9.21 17.30 5.10 26.68 12.26 20.32 25.38 19.05
12.61 9.92 11.69 16.81 10.04 7.17 3.08 17.95 6.10 12.77 14.57 8.80 11.12 10.81 10.21 16.79 20.85 11.80
11.07 1.29 6.01 21.56 7.01 15.77 13.33 8.31 15.68 9.45 6.41 11.55 3.25 21.07 10.61 15.72 24.56 16.74
9.46 7.51 4.74 21.30 7.06 18.54 17.42 2.55 19.04 7.34 10.73 17.77 4.32 26.21 10.53 21.51 23.39 17.32
7.01 18.56 12.40 6.48 10.97 12.58 15.72 17.78 14.38 8.99 24.38 24.76 15.03 24.55 7.65 31.87 7.26 6.51
13.81 19.57 17.12 7.95 14.80 4.40 8.70 24.25 5.65 15.52 25.19 20.12 18.41 14.04 11.69 28.22 12.06 5.97
13.26 23.12 18.28 1.39 16.28 11.22 15.58 24.63 13.02 15.37 29.09 26.58 20.50 22.25 12.48 34.45 3.87 6.34
14.83 14.10 15.12 15.82 13.16 5.34 1.95 21.77 3.54 15.49 18.66 11.38 14.97 7.65 12.24 19.47 20.05 11.39
18.60 15.66 18.14 19.81 16.43 9.37 5.85 24.29 7.50 19.03 19.17 9.86 17.48 4.44 16.06 17.49 24.05 15.52
18.36 19.55 19.80 15.51 17.64 6.69 6.92 26.73 5.38 19.48 24.17 16.17 20.05 6.60 15.81 24.03 19.63 12.47
12.17 23.03 17.48 2.89 15.72 13.10 17.20 23.29 14.97 14.25 28.98 27.67 19.94 24.67 12.02 35.31 1.95 7.24
7.50 17.84 12.58 4.37 10.67 9.34 12.86 18.87 11.19 9.61 23.80 22.73 14.90 21.32 6.90 30.22 7.15 3.12
3.17 8.66 2.37 14.53 1.27 12.21 12.20 9.19 13.07 1.81 14.30 16.82 4.89 21.68 3.59 22.84 17.03 10.39
11.68 16.81 14.55 8.63 12.23 1.97 6.44 21.70 3.71 13.22 22.45 17.80 15.71 13.44 9.37 25.85 12.87 4.90
27.41 27.19 28.52 23.40 26.46 15.74 15.30 35.24 14.40 28.47 30.86 20.98 28.44 7.67 24.85 27.60 27.20 21.22
11.09 3.12 7.38 19.81 7.07 12.55 9.58 11.94 12.18 10.10 8.39 8.71 5.48 17.09 9.73 14.64 23.27 14.73
6.73 18.49 12.01 8.14 10.85 13.94 16.81 16.85 15.69 8.50 24.18 25.31 14.73 25.84 7.93 32.18 8.42 8.04
3.59 14.26 7.34 12.86 7.07 14.99 16.45 11.26 16.38 4.04 19.53 22.60 10.11 26.01 6.14 28.64 13.95 10.63
16.85 5.40 12.32 25.81 12.71 17.77 14.00 14.17 16.98 15.55 4.45 6.52 9.70 18.96 15.73 9.18 29.32 20.69
6.65 17.01 11.71 5.23 9.80 9.15 12.45 18.03 10.96 8.76 22.96 22.08 14.03 21.12 6.03 29.50 7.97 3.13
27.15 26.36 28.00 23.76 25.99 15.60 14.77 34.61 14.15 28.11 29.86 19.81 27.79 6.55 24.56 26.29 27.66 21.30
10.14 1.65 5.32 20.41 6.02 14.59 12.26 8.74 14.54 8.64 7.45 11.40 2.75 20.25 9.53 16.17 23.47 15.56
11.77 10.63 7.87 23.58 10.17 21.78 20.85 1.05 22.38 9.71 12.64 20.87 7.78 29.67 13.31 23.88 25.21 20.01
22.90 16.24 20.93 26.20 19.80 15.74 11.55 25.76 13.95 22.77 17.61 6.71 19.41 8.15 20.58 12.17 30.41 21.58
27.14 25.69 27.70 24.44 25.76 15.80 14.52 34.17 14.23 28.00 28.95 18.71 27.34 5.65 24.55 24.97 28.41 21.69
14.70 6.03 9.32 26.07 11.17 21.07 18.65 6.64 21.02 12.71 5.21 14.93 6.95 25.99 14.96 16.58 28.68 21.52
20.10 19.45 20.78 18.50 18.78 8.96 7.55 27.42 7.27 20.97 23.46 14.43 20.62 3.44 17.51 21.96 22.67 15.10
15.05 22.37 19.11 6.02 16.83 7.75 12.15 26.09 9.13 16.98 28.15 23.57 20.74 17.11 13.33 31.66 9.59 6.67
5.72 11.48 8.06 10.44 5.74 6.17 7.37 15.20 7.30 6.88 17.43 15.89 9.50 16.87 3.15 23.29 13.98 5.40
10.12 19.67 14.96 2.18 12.90 8.66 12.77 21.49 10.53 12.21 25.64 23.44 17.10 20.35 9.11 31.21 6.15 2.98
6.11 14.33 10.05 7.50 7.84 6.37 9.13 16.97 8.02 7.91 20.30 18.69 11.94 18.13 4.22 26.21 11.02 2.64
12.21 1.71 7.86 21.52 8.07 14.42 11.37 11.24 14.02 10.96 6.52 8.69 5.46 18.42 11.13 13.65 24.88 16.47
18.60 10.69 15.88 24.10 15.08 14.17 9.71 20.25 12.72 18.13 12.25 1.95 14.09 11.48 16.56 9.95 28.14 19.08
22.60 20.58 22.75 21.56 20.89 11.86 9.74 29.10 10.08 23.29 23.96 14.03 22.28 0.78 20.00 20.95 25.73 18.06
27.28 16.93 23.54 33.70 23.36 23.72 19.25 25.84 22.19 26.41 14.72 8.23 21.14 18.05 25.55 3.92 37.72 28.66
12.43 19.42 16.23 5.88 13.94 5.23 9.70 23.27 6.88 14.27 25.21 21.04 17.80 16.00 10.54 29.08 10.05 4.18
6.14 7.79 5.53 14.07 3.49 8.59 7.76 12.53 9.05 6.09 13.75 13.30 6.18 17.17 4.13 20.21 17.44 9.09
9.28 4.53 3.89 20.68 5.79 16.52 14.88 5.39 16.79 7.34 8.72 14.74 1.77 23.38 9.58 18.88 23.25 16.24
25.87 18.18 23.49 29.60 22.57 19.14 14.92 27.75 17.35 25.59 18.51 7.97 21.72 10.80 23.64 10.88 33.80 24.94
8.73 3.14 3.82 19.33 4.67 14.19 12.30 7.99 14.33 7.16 8.75 12.67 1.37 20.74 8.31 17.66 22.25 14.60
5.79 6.57 0.41 17.25 2.55 14.05 13.25 6.98 14.63 3.93 11.85 15.81 2.37 22.40 6.21 21.10 19.75 12.97
10.59 9.42 6.48 22.45 8.78 20.38 19.42 0.80 20.96 8.50 11.96 19.69 6.38 28.27 12.01 23.04 24.24 18.75
12.76 1.85 8.34 22.07 8.62 14.88 11.72 11.42 14.43 11.48 6.04 8.42 5.87 18.55 11.70 13.14 25.44 17.02
5.51 10.59 7.29 11.30 4.97 6.73 7.40 14.44 7.69 6.41 16.54 15.29 8.63 16.97 2.92 22.58 14.77 6.29
8.22 4.45 2.87 19.43 4.53 15.20 13.69 6.36 15.51 6.38 9.41 14.35 0.47 22.35 8.33 19.03 22.09 14.94
21.90 16.65 20.55 24.15 19.16 13.68 9.78 25.95 11.83 22.01 18.86 8.21 19.35 5.56 19.46 14.62 28.39 19.72
1.76 12.45 5.63 12.77 5.09 13.49 14.64 10.60 14.77 2.16 17.89 20.59 8.41 24.22 4.36 26.71 14.45 9.78
14.78 7.41 9.52 26.41 11.57 22.03 19.86 5.48 22.10 12.72 6.81 16.62 7.49 27.48 15.34 18.20 28.81 22.03
5.59 12.12 5.50 16.78 6.61 17.16 17.63 7.20 18.24 4.15 16.68 21.59 7.84 27.15 7.91 26.71 18.09 13.89
6.30 13.03 9.39 8.95 7.09 5.51 7.68 16.48 6.95 7.79 18.98 17.05 10.99 16.91 3.93 24.60 12.61 3.87
7.94 4.69 4.77 17.15 3.97 11.18 9.29 10.76 11.27 7.04 10.64 11.60 3.94 18.01 6.65 17.79 20.41 12.19
24.57 15.26 21.36 30.13 20.86 19.98 15.52 24.66 18.38 23.93 14.51 5.30 19.22 14.16 22.63 6.34 34.22 25.17
17.18 10.33 14.85 22.28 13.84 12.33 7.87 19.74 10.90 16.86 12.79 3.63 13.31 10.56 15.03 11.72 26.34 17.29
17.62 10.41 15.16 22.85 14.21 12.91 8.45 19.89 11.47 17.25 12.60 3.08 13.54 10.82 15.51 11.17 26.90 17.85
6.57 11.32 5.15 18.07 6.72 17.82 17.93 5.74 18.78 4.81 15.55 21.08 7.11 27.36 8.67 25.84 19.50 14.95
24.79 13.45 20.38 32.83 20.68 23.64 19.31 21.52 22.40 23.58 9.95 8.05 17.74 20.68 23.46 1.52 36.60 27.69
11.96 0.79 6.95 22.27 7.87 16.12 13.45 8.97 15.92 10.37 5.57 10.85 4.20 20.86 11.40 14.79 25.35 17.39
20.68 12.72 18.03 25.69 17.20 15.52 11.06 22.29 13.94 20.25 13.72 2.82 16.21 10.99 18.58 9.40 29.79 20.76
23.71 18.26 22.33 25.70 20.97 15.26 11.49 27.64 13.39 23.82 20.14 9.31 21.08 5.79 21.26 14.92 29.93 21.37
22.55 22.83 23.75 19.18 21.65 10.91 10.58 30.55 9.54 23.62 26.92 17.77 23.79 5.23 19.99 25.10 23.16 16.57
25.02 14.00 20.84 32.55 20.97 23.08 18.68 22.48 21.75 23.93 11.08 7.27 18.28 19.41 23.54 0.84 36.41 27.42
22.70 21.86 23.40 20.44 21.40 11.39 10.17 30.00 9.79 23.59 25.61 16.05 23.18 3.09 20.11 23.17 24.53 17.38
27.42 17.15 23.72 33.71 23.52 23.69 19.21 26.12 22.13 26.57 15.04 8.29 21.35 17.83 25.65 4.30 37.74 28.68
24.73 17.22 22.41 28.47 21.45 18.02 13.78 26.79 16.24 24.46 17.82 7.10 20.68 10.10 22.49 10.88 32.67 23.79
25.17 17.50 22.79 28.99 21.86 18.55 14.30 27.08 16.77 24.88 17.94 7.32 21.02 10.55 22.95 10.66 33.19 24.31
16.13 5.00 11.78 24.84 12.01 16.71 12.94 14.17 15.92 14.92 5.27 5.99 9.25 18.06 14.90 9.69 28.40 19.72
5.98 8.38 2.29 17.85 4.33 15.91 15.48 5.48 16.66 3.87 13.03 18.06 4.12 24.73 7.29 22.96 19.89 14.03
3.78 9.11 2.16 15.63 2.88 14.04 14.05 7.70 14.93 1.67 14.35 18.03 4.92 23.50 5.14 23.60 17.77 11.83
19.61 21.28 21.32 15.71 19.12 7.85 8.62 28.31 6.79 20.83 25.92 17.82 21.68 7.28 17.09 25.61 19.71 13.19
16.74 15.06 16.74 17.59 14.88 7.14 3.84 23.19 5.28 17.32 19.16 10.84 16.37 5.78 14.16 18.78 21.83 13.30
10.52 8.54 9.54 15.85 7.85 7.21 4.19 15.96 6.69 10.59 13.74 9.83 9.15 12.92 8.19 17.51 19.73 10.72
20.73 9.80 16.58 28.56 16.67 19.47 15.21 18.67 18.31 19.64 7.95 4.45 14.07 17.74 19.28 5.00 32.33 23.41
15.11 17.90 17.10 12.19 14.85 3.35 5.51 24.19 2.73 16.39 23.05 16.50 17.73 9.67 12.62 24.59 16.38 8.92
5.53 17.05 10.92 7.20 9.45 11.80 14.65 16.48 13.54 7.55 22.87 23.37 13.53 23.69 6.15 30.41 8.58 6.05
19.28 13.22 17.44 23.03 16.23 12.67 8.30 22.58 10.99 19.18 15.50 5.21 16.06 8.11 16.97 12.65 27.20 18.26
16.76 12.68 15.66 19.76 14.13 9.38 5.03 21.51 7.70 16.92 16.17 7.40 14.74 7.39 14.32 15.39 23.94 15.04
28.17 17.40 24.17 35.07 24.17 25.24 20.77 25.97 23.75 27.18 14.54 9.51 21.67 19.93 26.56 3.18 39.03 29.99
10.60 4.65 5.22 22.05 7.16 17.77 15.95 4.92 17.97 8.61 7.84 14.90 3.08 24.20 10.95 18.45 24.59 17.61
21.29 12.95 18.48 26.50 17.74 16.36 11.89 22.53 14.78 20.81 13.58 2.77 16.58 11.65 19.24 8.63 30.59 21.55
17.73 19.94 19.60 14.04 17.38 5.98 7.27 26.64 5.07 19.00 24.81 17.33 20.09 8.24 15.23 25.29 18.12 11.31
9.08 4.96 3.71 20.56 5.71 16.63 15.10 5.06 16.94 7.10 9.09 15.16 1.90 23.67 9.48 19.30 23.07 16.18
14.54 22.62 18.90 4.58 16.68 8.61 13.08 25.76 10.16 16.54 28.48 24.45 20.71 18.55 13.04 32.50 8.03 6.25
26.03 16.67 22.82 31.43 22.32 21.21 16.77 26.04 19.57 25.39 15.68 6.76 20.66 14.71 24.07 6.57 35.54 26.50
16.02 22.76 19.85 7.37 17.55 7.71 11.95 26.90 8.87 17.89 28.44 23.35 21.35 16.19 14.17 31.46 10.88 7.67
13.91 8.03 8.83 25.68 11.01 21.93 20.07 3.92 22.14 11.81 8.31 17.71 7.19 28.05 14.71 19.69 27.90 21.48
25.26 15.03 21.57 31.75 21.36 21.85 17.38 24.09 20.35 24.40 13.21 6.23 19.20 16.85 23.52 3.63 35.74 26.69
6.61 11.89 5.63 17.93 7.09 18.02 18.27 6.15 19.03 4.98 16.13 21.61 7.67 27.72 8.81 26.42 19.24 14.96
8.23 8.85 8.03 13.96 6.03 6.65 5.22 14.89 6.77 8.51 14.54 12.06 8.28 14.64 5.84 19.52 17.69 8.81
14.52 21.58 18.44 6.20 16.15 6.89 11.29 25.46 8.29 16.41 27.33 22.71 20.02 16.44 12.71 30.80 9.99 6.16
6.83 15.87 11.28 5.94 9.15 7.05 10.33 18.03 8.84 8.80 21.84 20.22 13.32 19.00 5.39 27.79 9.43 1.58
14.10 9.01 9.19 25.93 11.45 22.57 20.86 3.41 22.85 11.98 9.33 18.76 7.82 28.98 15.07 20.72 28.01 21.86
8.76 14.84 11.83 8.13 9.52 3.43 6.83 18.96 5.18 10.32 20.67 17.43 13.24 15.34 6.46 25.29 12.19 3.20
20.17 13.05 17.89 24.57 16.88 14.29 9.86 22.58 12.65 19.90 14.65 3.90 16.27 9.54 17.97 10.91 28.71 19.71
24.42 20.32 23.69 24.95 22.10 14.77 11.66 29.46 12.90 24.79 22.74 12.07 22.74 3.46 21.89 17.98 29.17 21.02
13.04 10.12 12.07 17.13 10.44 7.38 3.14 18.27 6.22 13.19 14.63 8.52 11.44 10.46 10.64 16.55 21.19 12.14
5.10 16.87 10.37 8.88 9.24 13.29 15.82 15.34 14.96 6.87 22.55 23.89 13.09 25.05 6.47 30.66 9.76 7.77
17.59 5.93 12.48 27.68 13.50 20.55 17.11 12.34 19.97 15.96 0.84 10.09 9.70 22.62 16.98 10.64 30.90 22.69
22.54 14.68 20.00 27.05 19.13 16.72 12.32 24.26 15.04 22.17 15.39 4.58 18.20 10.61 20.39 9.59 31.20 22.21
14.95 14.48 15.38 15.62 13.39 5.15 2.15 22.07 3.31 15.67 19.08 11.78 15.29 7.54 12.36 19.86 19.85 11.27
13.09 8.18 8.13 24.91 10.38 21.51 19.85 2.88 21.81 10.98 9.11 18.11 6.77 28.06 14.02 20.45 27.04 20.80
9.75 13.03 11.45 11.08 9.19 2.51 3.94 18.56 3.27 10.83 18.63 14.53 12.24 13.03 7.18 22.46 15.17 6.17
2.37 13.96 7.27 11.30 6.42 13.20 14.87 12.26 14.63 3.75 19.51 21.67 10.03 24.39 4.63 28.06 12.78 8.80
21.85 11.09 17.81 29.34 17.82 20.01 15.66 20.01 18.75 20.81 9.21 4.43 15.34 17.43 20.32 4.03 33.18 24.20
10.27 3.58 6.79 18.95 6.30 11.89 9.13 11.80 11.61 9.35 9.13 9.34 5.15 17.01 8.86 15.48 22.40 13.88
16.44 22.22 19.88 8.93 17.55 6.86 10.80 27.00 7.71 18.20 27.77 22.10 21.16 14.39 14.39 30.20 12.62 8.31
16.90 21.18 19.68 11.11 17.37 5.88 9.04 26.83 6.08 18.46 26.48 20.02 20.63 11.71 14.60 28.10 15.02 9.38
2.12 9.89 4.16 12.75 2.30 10.76 11.28 10.97 11.78 2.32 15.71 17.19 6.49 20.85 1.78 23.65 15.36 8.57
14.38 22.47 18.74 4.49 16.51 8.50 12.96 25.59 10.06 16.38 28.33 24.33 20.54 18.51 12.88 32.38 8.00 6.08
18.47 22.20 21.07 12.67 18.77 7.17 9.75 28.20 7.02 19.99 27.33 20.29 21.89 10.89 16.14 28.29 16.48 11.06
4.61 16.17 9.39 10.85 8.67 14.54 16.65 13.71 16.11 5.90 21.65 23.89 12.17 26.07 6.66 30.31 11.59 9.42
10.12 7.52 8.70 16.29 7.14 8.09 5.23 14.98 7.68 10.01 12.82 9.67 8.15 13.82 7.93 17.13 20.08 11.14
21.38 9.61 16.45 30.79 17.24 22.73 18.82 16.50 21.85 19.87 4.79 9.33 13.69 22.61 20.50 6.90 34.24 25.69
5.30 13.11 6.32 15.97 7.09 17.04 17.82 8.38 18.23 4.29 17.81 22.37 8.82 27.38 7.79 27.70 17.08 13.37
6.07 5.76 1.58 16.99 2.10 13.00 11.95 8.10 13.47 4.53 11.39 14.54 2.14 21.03 5.88 20.11 19.74 12.46
15.33 3.84 10.76 24.53 11.18 16.86 13.31 12.83 16.20 14.00 4.39 7.31 8.14 19.03 14.28 10.74 27.97 19.44
10.09 15.46 12.94 8.54 10.62 2.22 6.19 20.09 4.08 11.60 21.20 17.23 14.17 14.20 7.74 25.19 12.72 4.05
6.54 17.87 11.91 6.08 10.33 11.51 14.65 17.61 13.31 8.60 23.73 23.80 14.47 23.47 6.86 30.99 7.50 5.49
24.64 23.81 25.40 21.85 23.40 13.20 12.17 32.00 11.67 25.56 27.43 17.61 25.18 4.32 22.05 24.44 25.86 19.07
23.12 22.99 24.15 20.01 22.09 11.56 10.94 30.89 10.11 24.13 26.94 17.55 24.10 4.68 20.55 24.74 24.01 17.31
14.59 13.96 14.91 15.64 12.94 5.17 1.72 21.57 3.39 15.26 18.57 11.42 14.78 7.89 12.00 19.51 19.87 11.19
11.60 20.31 16.13 2.84 13.96 7.76 12.12 22.88 9.57 13.63 26.24 23.18 18.08 19.01 10.24 31.10 7.05 3.50
25.89 15.18 21.91 32.89 21.89 23.17 18.71 23.91 21.73 24.90 12.66 7.35 19.44 18.59 24.27 1.98 36.83 27.79
13.51 13.92 14.22 14.28 12.15 3.82 1.25 21.05 2.14 14.31 18.84 12.38 14.34 9.03 10.91 20.49 18.50 9.81
20.23 20.97 21.54 17.12 19.41 8.58 8.48 28.41 7.23 21.32 25.34 16.76 21.69 5.64 17.67 24.41 21.18 14.30
10.88 13.00 12.13 12.20 9.94 2.52 2.64 19.16 2.42 11.82 18.41 13.57 12.65 11.75 8.29 21.59 16.34 7.40
6.51 8.01 6.06 13.95 4.01 8.13 7.23 13.03 8.54 6.56 13.93 13.06 6.62 16.65 4.37 20.09 17.40 8.92
10.51 1.60 5.48 21.01 6.44 15.35 13.03 8.20 15.31 8.90 6.97 11.76 2.74 20.94 10.05 16.16 24.00 16.21
22.94 24.84 24.87 17.73 22.66 11.22 12.20 31.89 10.34 24.26 29.35 20.76 25.28 8.66 20.48 28.31 21.45 16.01
10.54 21.20 15.78 2.22 13.96 11.49 15.47 21.79 13.37 12.64 27.16 25.83 18.19 23.23 10.22 33.44 3.80 5.46
18.48 9.19 15.12 25.14 14.67 15.66 11.30 18.73 14.39 17.73 9.91 1.09 13.01 13.97 16.68 8.28 29.06 20.03
15.76 18.42 17.73 12.59 15.48 4.00 5.92 24.81 3.29 17.04 23.50 16.71 18.33 9.30 13.27 24.78 16.75 9.48
23.68 17.74 22.07 26.13 20.80 15.66 11.73 27.19 13.81 23.70 19.39 8.51 20.71 6.74 21.28 13.92 30.37 21.70
7.70 7.00 2.85 19.49 5.17 16.70 15.75 4.33 17.26 5.61 11.21 17.04 3.06 24.72 8.64 21.46 21.70 15.44
25.66 16.36 22.47 31.06 21.96 20.84 16.39 25.74 19.20 25.03 15.46 6.41 20.33 14.45 23.69 6.61 35.16 26.13
17.88 14.82 17.32 19.49 15.63 9.02 5.24 23.45 7.18 18.26 18.40 9.32 16.63 5.29 15.35 17.09 23.72 15.08
13.27 10.42 8.93 25.13 11.25 22.75 21.49 1.89 23.22 11.17 11.57 20.51 8.28 30.03 14.61 22.92 26.90 21.38
23.72 20.40 23.32 23.66 21.63 13.63 10.84 29.33 11.78 24.21 23.21 12.78 22.55 1.91 21.15 19.13 27.86 19.88
24.05 19.39 23.05 25.21 21.55 14.88 11.46 28.63 13.00 24.31 21.60 10.86 21.97 4.33 21.55 16.67 29.44 21.10
11.45 5.71 6.17 23.06 8.25 19.05 17.26 4.04 19.27 9.40 7.95 15.86 4.32 25.47 12.01 18.93 25.47 18.72
17.79 8.58 14.43 24.55 13.97 15.17 10.85 18.14 13.95 17.04 9.62 1.70 12.35 14.01 16.00 8.82 28.45 19.44
22.81 15.63 20.59 26.63 19.58 16.21 11.91 25.19 14.45 22.58 16.71 5.82 18.95 9.22 20.56 11.06 30.82 21.91
4.65 14.94 9.58 7.32 7.67 8.95 11.59 16.02 10.61 6.73 20.88 20.49 11.90 20.71 3.92 27.74 10.04 3.97
8.25 3.58 3.42 18.85 4.18 13.84 12.08 8.07 14.03 6.71 9.24 12.89 1.27 20.65 7.82 18.04 21.77 14.14
8.90 16.33 12.69 6.26 10.42 4.78 8.62 19.70 6.64 10.70 22.23 19.30 14.37 16.74 6.96 27.14 10.33 1.48
6.66 11.85 5.62 17.99 7.10 18.05 18.28 6.09 19.06 5.01 16.08 21.59 7.64 27.73 8.85 26.38 19.31 15.01
21.74 22.10 22.94 18.52 20.84 10.10 9.79 29.76 8.73 22.80 26.27 17.28 23.00 5.13 19.17 24.72 22.53 15.81
4.51 9.95 3.15 16.33 4.32 15.39 15.49 6.93 16.33 2.51 14.85 19.23 5.66 24.95 6.32 24.53 18.17 12.83
22.62 16.20 20.75 25.77 19.58 15.30 11.14 25.69 13.50 22.53 17.74 6.86 19.29 7.69 20.28 12.58 29.98 21.17
5.52 17.22 10.88 7.93 9.59 12.70 15.44 16.12 14.42 7.42 22.97 23.88 13.56 24.55 6.53 30.80 8.93 7.00
10.97 13.15 12.27 12.12 10.07 2.38 2.67 19.30 2.27 11.93 18.56 13.68 12.80 11.69 8.38 21.70 16.27 7.36
23.21 11.62 18.57 31.84 19.06 23.08 18.89 19.31 21.99 21.87 7.67 8.18 15.87 21.36 22.05 3.85 35.48 26.69
5.09 9.51 6.15 12.31 3.85 7.78 7.93 13.30 8.59 5.63 15.48 14.85 7.43 17.51 2.69 21.93 15.64 7.38
25.57 25.76 26.82 21.51 24.72 13.86 13.64 33.60 12.57 26.66 29.66 20.09 26.83 6.88 23.01 27.04 25.34 19.30
15.96 10.61 14.21 20.36 12.92 10.31 5.85 19.68 8.86 15.85 13.91 5.65 13.01 9.56 13.67 13.75 24.45 15.42
11.47 19.11 15.52 4.84 13.27 5.78 10.19 22.48 7.56 13.38 24.98 21.37 17.24 17.02 9.73 29.35 9.07 3.10
14.87 7.03 9.55 26.42 11.54 21.81 19.55 5.93 21.84 12.83 6.24 16.09 7.40 27.06 15.33 17.63 28.89 21.98
27.15 25.53 27.63 24.62 25.70 15.87 14.48 34.05 14.27 27.98 28.72 18.43 27.23 5.46 24.55 24.64 28.61 21.80
3.94 15.68 9.28 9.07 8.04 12.40 14.73 14.59 14.02 5.82 21.40 22.64 11.97 24.04 5.22 29.41 10.45 7.21
12.58 21.51 17.23 2.34 15.09 8.79 13.20 23.91 10.55 14.64 27.44 24.34 19.23 19.75 11.35 32.27 6.31 4.66
15.74 9.12 13.40 21.21 12.37 11.51 7.13 18.42 10.22 15.39 12.11 4.38 11.91 11.28 13.62 12.41 25.21 16.15
20.57 22.48 22.42 16.06 20.21 8.82 9.81 29.44 7.89 21.85 27.12 18.92 22.84 7.84 18.08 26.66 19.97 13.88
24.36 24.19 25.41 20.97 23.35 12.76 12.19 32.14 11.35 25.39 28.04 18.48 25.35 5.32 21.79 25.49 24.91 18.43
24.27 24.89 25.68 20.08 23.55 12.54 12.57 32.53 11.32 25.42 28.99 19.72 25.79 6.80 21.73 26.91 23.92 17.90
3.30 9.87 5.15 12.13 2.90 9.21 9.72 12.22 10.20 3.91 15.81 16.27 7.03 19.31 1.23 23.06 15.10 7.58
24.76 21.62 24.48 24.27 22.76 14.42 11.87 30.53 12.60 25.31 24.41 13.92 23.75 2.45 22.19 20.07 28.45 20.66
3.22 8.55 2.55 14.36 0.99 11.82 11.79 9.50 12.67 2.11 14.26 16.53 4.92 21.28 3.34 22.64 16.94 10.13
19.79 8.02 14.81 29.43 15.66 21.67 17.91 14.87 20.89 18.25 3.18 9.27 12.04 22.38 18.99 8.26 32.80 24.35
11.91 10.28 7.83 23.75 10.15 21.73 20.71 0.75 22.29 9.83 12.18 20.50 7.58 29.46 13.37 23.44 25.45 20.10
12.38 9.97 11.56 16.53 9.87 6.93 2.91 17.88 5.90 12.57 14.70 9.07 11.05 10.91 9.97 17.05 20.57 11.52
15.49 3.85 10.40 25.64 11.39 18.81 15.60 10.87 18.35 13.87 2.16 10.01 7.62 21.80 14.89 12.04 28.82 20.68
12.00 13.16 12.91 13.23 10.79 3.05 1.50 19.84 2.05 12.84 18.35 12.80 13.20 10.54 9.41 20.87 17.41 8.55
12.69 6.11 9.98 19.61 9.08 10.99 7.28 15.09 10.20 12.14 10.35 6.63 8.49 13.96 10.80 13.82 23.39 14.46
7.24 17.30 12.19 4.71 10.22 8.70 12.16 18.62 10.53 9.34 23.26 22.04 14.45 20.68 6.43 29.56 7.75 2.54
27.20 26.08 27.90 24.15 25.93 15.75 14.69 34.44 14.23 28.11 29.45 19.30 27.62 6.12 24.61 25.67 28.08 21.55
5.45 6.47 0.95 16.61 1.73 13.11 12.31 7.92 13.68 3.82 12.02 15.28 2.61 21.50 5.51 20.86 19.25 12.21
3.12 9.01 3.83 13.29 1.63 10.43 10.59 10.89 11.32 2.97 14.89 16.18 5.85 20.13 2.18 22.66 16.08 8.87
14.72 14.89 15.43 14.91 13.38 4.47 2.27 22.22 2.60 15.54 19.62 12.54 15.48 7.88 12.12 20.63 19.15 10.66
7.56 9.07 7.66 13.41 5.57 6.62 5.68 14.63 6.94 7.92 14.86 12.74 8.15 15.19 5.14 20.14 17.09 8.27
16.43 12.19 15.23 19.72 13.73 9.40 4.99 21.04 7.77 16.54 15.69 7.10 14.28 7.89 14.02 15.13 23.88 14.94
2.84 10.16 5.14 11.96 2.97 9.48 10.14 12.13 10.52 3.58 16.08 16.72 7.17 19.72 0.89 23.47 14.84 7.53
4.19 13.23 6.30 14.66 6.62 15.95 16.95 9.42 17.20 3.61 18.23 22.12 8.97 26.53 6.76 27.76 15.84 12.10
14.02 20.19 17.52 7.39 15.21 5.16 9.49 24.63 6.46 15.78 25.86 20.92 18.90 14.74 11.98 29.01 11.42 5.94
9.37 2.72 5.17 19.09 5.22 12.99 10.70 9.87 12.94 8.12 8.69 10.96 3.23 18.90 8.41 16.47 22.28 14.16
12.27 1.66 7.09 22.83 8.24 16.91 14.30 8.37 16.75 10.58 5.20 11.49 4.31 21.71 11.88 15.01 25.82 18.01
17.44 17.50 18.30 16.22 16.24 6.34 5.10 25.07 4.60 18.34 21.93 13.81 18.31 5.69 14.84 21.71 20.43 12.54
6.34 7.07 5.05 14.77 3.20 9.26 8.18 11.94 9.64 6.03 13.03 12.98 5.49 17.47 4.56 19.72 18.08 9.81
9.21 20.76 14.60 5.81 13.17 13.79 17.27 19.80 15.64 11.16 26.59 26.73 17.24 25.75 9.80 33.96 5.40 7.54
28.14 17.52 24.24 34.81 24.17 24.90 20.43 26.23 23.39 27.19 14.89 9.28 21.77 19.33 26.46 3.63 38.80 29.75
18.17 11.42 15.95 22.85 14.90 12.73 8.26 20.86 11.19 17.91 13.65 3.75 14.43 9.81 15.98 11.66 26.96 17.92
13.93 3.57 9.83 22.57 9.85 14.69 11.15 13.14 14.03 12.82 6.47 6.70 7.49 17.27 12.62 11.80 26.10 17.45
27.50 26.68 28.35 24.09 26.34 15.96 15.12 34.95 14.50 28.47 30.14 20.05 28.13 6.82 24.92 26.48 27.97 21.65
6.69 14.26 10.33 7.70 8.07 5.60 8.42 17.34 7.25 8.40 20.21 18.20 12.08 17.37 4.61 25.81 11.39 2.62
5.84 16.41 10.96 6.03 9.11 9.46 12.51 17.21 11.22 7.95 22.35 21.82 13.33 21.38 5.38 29.14 8.57 3.69
17.30 6.28 11.98 27.98 13.36 21.56 18.44 10.67 21.16 15.50 1.43 12.28 9.26 24.53 17.03 12.69 30.97 23.12
18.37 9.52 15.20 24.69 14.63 15.07 10.68 19.09 13.76 17.71 10.59 0.94 13.20 13.19 16.48 8.85 28.64 19.60
13.27 2.59 8.98 22.29 9.15 14.79 11.47 12.16 14.25 12.06 6.15 7.68 6.57 18.00 12.09 12.54 25.73 17.21
24.72 20.43 23.91 25.36 22.35 15.16 11.99 29.61 13.28 25.06 22.74 12.02 22.91 3.88 22.19 17.77 29.58 21.40
5.96 7.46 1.36 17.73 3.60 15.21 14.59 5.91 15.88 3.89 12.33 17.03 3.17 23.78 6.91 22.04 19.98 13.70
27.98 27.13 28.83 24.51 26.82 16.43 15.60 35.42 14.98 28.95 30.56 20.42 28.60 7.23 25.40 26.77 28.38 22.11
13.28 21.51 17.67 3.82 15.45 7.94 12.41 24.50 9.61 15.28 27.40 23.71 19.51 18.49 11.80 31.72 7.68 5.00
11.41 0.36 6.61 21.47 7.28 15.18 12.52 9.43 14.98 9.93 6.31 10.45 3.97 20.04 10.70 14.91 24.62 16.55
14.11 17.29 16.22 11.41 13.95 2.38 5.21 23.33 2.17 15.42 22.57 16.47 16.94 10.47 11.63 24.58 15.63 7.95
14.10 11.71 10.02 25.92 12.34 23.89 22.73 2.87 24.40 12.03 12.62 21.77 9.52 31.31 15.59 24.01 27.53 22.32
4.63 9.83 3.06 16.47 4.31 15.45 15.51 6.78 16.37 2.61 14.71 19.15 5.54 24.95 6.41 24.41 18.32 12.94
15.63 12.72 14.97 18.16 13.28 7.77 3.46 21.15 6.10 15.94 16.71 8.72 14.33 7.56 13.13 16.79 22.35 13.48
26.85 26.06 27.69 23.53 25.68 15.31 14.46 34.30 13.85 27.81 29.57 19.55 27.48 6.27 24.26 26.07 27.43 21.03
25.80 16.22 22.47 31.49 22.04 21.34 16.88 25.52 19.74 25.11 15.03 6.50 20.26 15.24 23.90 5.81 35.57 26.52
8.17 9.93 8.65 12.96 6.52 5.63 4.83 15.65 5.93 8.72 15.64 12.84 9.17 14.39 5.65 20.43 16.77 7.82
2.51 12.10 6.73 10.19 4.75 9.29 10.79 13.41 10.62 4.25 18.01 18.37 8.98 20.30 1.05 25.30 12.93 6.11
21.54 13.73 18.99 26.21 18.12 15.95 11.51 23.30 14.30 21.16 14.65 3.76 17.21 10.56 19.40 9.64 30.35 21.34
2.67 13.38 7.68 9.28 5.90 9.87 11.81 14.03 11.34 4.74 19.27 19.73 10.10 21.23 2.41 26.67 11.75 5.76
12.22 22.84 17.47 2.06 15.64 12.41 16.58 23.45 14.27 14.33 28.80 27.19 19.87 23.90 11.89 34.89 2.35 6.71
8.79 17.84 13.36 4.06 11.23 7.22 11.11 20.07 9.10 10.82 23.80 21.61 15.39 19.12 7.47 29.34 7.93 1.13
20.34 9.49 16.23 28.14 16.29 19.05 14.80 18.44 17.89 19.26 7.88 4.14 13.74 17.45 18.88 5.40 31.91 22.99
20.64 8.88 15.77 29.96 16.49 21.87 17.97 16.09 21.00 19.16 4.43 8.65 13.01 21.90 19.71 7.00 33.43 24.86
16.87 5.51 11.63 27.31 12.85 20.63 17.42 11.01 20.18 15.14 0.70 11.21 8.87 23.42 16.45 12.03 30.39 22.39
11.37 12.25 12.05 13.45 9.96 3.64 1.60 18.94 2.94 12.11 17.49 12.32 12.29 11.10 8.78 20.35 17.57 8.60
10.71 10.67 10.80 14.26 8.82 5.06 2.44 17.56 4.52 11.21 15.94 11.31 10.85 11.89 8.18 19.22 18.28 9.23
14.79 3.94 10.54 23.52 10.68 15.58 11.96 13.39 14.88 13.61 5.77 6.46 8.09 17.71 13.54 10.98 27.05 18.41
5.92 13.91 9.71 7.92 7.48 6.30 8.87 16.66 7.90 7.66 19.88 18.30 11.55 17.97 3.91 25.81 11.44 3.03
12.50 22.98 17.71 1.77 15.84 12.23 16.44 23.77 14.08 14.61 28.94 27.15 20.08 23.62 12.07 34.88 2.48 6.67
9.56 9.29 5.62 21.42 7.90 19.52 18.72 1.84 20.15 7.48 12.34 19.54 5.88 27.68 11.03 23.25 23.20 17.75
15.53 8.33 12.92 21.51 12.02 12.02 7.72 17.72 10.82 15.07 11.22 4.08 11.30 12.16 13.51 11.94 25.46 16.41
7.42 16.66 12.00 5.15 9.90 7.33 10.83 18.69 9.16 9.43 22.63 20.91 14.08 19.30 6.12 28.52 8.68 1.28
16.53 7.48 13.18 23.51 12.71 14.35 10.14 17.05 13.23 15.77 9.16 2.91 11.14 14.20 14.77 9.85 27.36 18.38
14.29 14.01 14.74 15.20 12.74 4.73 1.51 21.46 2.95 15.00 18.72 11.77 14.70 8.20 11.70 19.87 19.42 10.75
15.80 18.67 17.87 12.36 15.61 4.07 6.22 24.96 3.50 17.12 23.78 17.05 18.51 9.56 13.33 25.12 16.51 9.37
1.86 13.40 6.71 11.59 5.87 13.02 14.54 11.84 14.41 3.20 18.95 21.16 9.47 24.08 4.24 27.51 13.21 8.86
9.84 20.98 15.20 3.87 13.54 12.51 16.28 20.87 14.39 11.90 26.89 26.24 17.72 24.40 9.92 33.69 4.19 6.30
12.36 3.65 8.69 20.71 8.37 12.92 9.58 12.96 12.36 11.41 8.04 7.40 6.70 16.44 10.90 13.40 24.27 15.59
20.26 22.41 22.21 15.59 19.99 8.52 9.73 29.25 7.68 21.57 27.12 19.08 22.68 8.24 17.78 26.87 19.49 13.47
6.46 10.77 8.04 11.36 5.74 5.89 6.46 15.19 6.76 7.35 16.67 14.78 9.16 16.02 3.87 22.23 15.00 6.25
14.51 8.50 12.32 20.09 11.20 10.58 6.32 17.60 9.41 14.21 12.07 5.48 10.97 11.61 12.38 13.39 24.06 15.01
20.87 16.76 20.00 22.36 18.44 11.94 8.31 25.80 10.06 21.16 19.58 9.37 19.06 3.95 18.36 16.34 26.60 18.08
26.49 15.09 22.03 34.52 22.37 25.26 20.90 22.94 23.98 25.26 11.28 9.55 19.37 21.82 25.17 1.66 38.31 29.38
23.56 13.90 20.15 29.63 19.76 19.65 15.18 23.24 18.14 22.82 12.98 4.28 17.93 14.79 21.70 5.40 33.66 24.60
2.07 10.23 3.49 13.93 2.97 12.93 13.42 9.35 13.98 0.13 15.72 18.52 6.24 22.97 3.75 24.51 16.08 10.25
25.02 20.08 23.92 26.23 22.47 15.92 12.48 29.40 14.03 25.25 22.06 11.23 22.78 5.13 22.53 16.60 30.46 22.13
20.48 15.45 19.16 22.94 17.76 12.46 8.44 24.67 10.64 20.59 17.95 7.60 18.02 5.74 18.04 14.59 27.16 18.43
13.10 17.40 15.67 9.80 13.37 1.98 6.07 22.82 3.02 14.56 22.89 17.49 16.65 12.09 10.71 25.59 14.02 6.42
20.99 21.66 22.31 17.69 20.18 9.32 9.23 29.17 8.00 22.09 25.97 17.22 22.44 5.58 18.44 24.78 21.71 14.98
11.17 21.92 16.45 2.33 14.65 12.12 16.15 22.37 13.99 13.27 27.88 26.56 18.87 23.79 10.93 34.18 3.07 6.16
11.73 21.94 16.85 0.74 14.91 11.05 15.25 23.07 12.91 13.84 27.92 25.97 19.14 22.52 11.12 33.72 3.66 5.49
4.32 15.49 9.62 7.66 7.97 10.50 13.08 15.61 12.16 6.42 21.36 21.65 12.13 22.25 4.50 28.71 9.75 5.24
25.66 25.78 26.88 21.65 24.79 13.97 13.69 33.65 12.66 26.75 29.65 20.05 26.88 6.82 23.10 26.97 25.49 19.43
8.82 10.95 9.70 12.44 7.52 4.54 4.08 16.73 4.85 9.56 16.60 13.17 10.27 13.65 6.24 20.92 16.36 7.32
23.04 16.55 21.16 26.16 19.99 15.69 11.55 26.05 13.88 22.95 17.99 7.09 19.67 7.82 20.70 12.55 30.38 21.57
15.00 11.85 14.17 18.08 12.53 7.82 3.37 20.29 6.27 15.24 15.91 8.29 13.48 8.42 12.54 16.39 22.24 13.29
25.95 14.82 21.70 33.56 21.88 24.11 19.70 23.11 22.77 24.82 11.60 8.28 19.11 20.27 24.50 0.23 37.41 28.43
17.32 20.70 19.71 12.46 17.42 5.81 8.24 26.83 5.52 18.76 25.81 18.88 20.45 10.15 14.92 26.91 16.45 10.26
25.65 14.37 21.28 33.52 21.55 24.20 19.83 22.48 22.92 24.47 10.90 8.47 18.66 20.78 24.27 0.78 37.33 28.38
19.56 7.98 14.93 28.45 15.42 20.10 16.13 16.11 19.18 18.22 4.93 6.81 12.25 20.01 18.45 6.81 32.01 23.32
10.93 2.16 6.81 20.18 6.81 13.33 10.53 10.97 13.04 9.76 7.75 9.38 4.67 18.12 9.79 14.85 23.52 15.15
6.72 7.39 5.73 14.55 3.83 8.66 7.50 12.61 8.99 6.57 13.31 12.69 6.10 16.82 4.74 19.61 17.97 9.53
17.32 12.61 15.97 20.61 14.54 10.25 5.88 21.63 8.58 17.39 15.80 6.65 14.91 7.58 14.92 14.56 24.79 15.86
13.52 15.79 15.14 12.32 12.92 2.07 3.56 22.18 0.62 14.65 20.97 14.86 15.67 9.91 10.97 22.97 16.56 8.31
2.42 9.86 4.42 12.54 2.39 10.30 10.82 11.34 11.31 2.79 15.73 16.90 6.62 20.39 1.47 23.47 15.27 8.26
21.28 19.50 21.49 20.41 19.61 10.59 8.44 27.90 8.79 21.98 23.07 13.44 21.07 1.45 18.69 20.65 24.60 16.81
18.47 6.89 13.29 28.68 14.41 21.59 18.14 12.67 21.01 16.79 1.05 10.80 10.51 23.51 17.93 10.59 31.86 23.70
18.31 6.81 13.10 28.61 14.27 21.65 18.25 12.33 21.10 16.60 0.85 11.10 10.33 23.75 17.82 10.97 31.76 23.65
25.51 14.99 21.65 32.30 21.54 22.51 18.05 23.87 21.06 24.57 12.78 6.75 19.22 17.81 23.84 2.65 36.27 27.22
28.05 17.09 23.93 35.22 24.01 25.49 21.04 25.50 24.05 26.99 13.98 9.68 21.38 20.55 26.50 2.60 39.14 30.12
11.53 18.59 15.32 5.81 13.03 4.83 9.27 22.35 6.59 13.36 24.41 20.51 16.90 16.07 9.62 28.52 10.04 3.36
3.14 9.08 3.96 13.18 1.74 10.29 10.48 11.02 11.19 3.07 14.96 16.16 5.95 20.03 2.07 22.67 16.00 8.74
22.75 21.13 23.09 21.26 21.18 11.78 9.97 29.54 10.06 23.51 24.63 14.81 22.71 1.62 20.15 21.78 25.40 17.92
14.92 19.31 17.65 10.13 15.34 3.92 7.52 24.80 4.44 16.45 24.72 18.80 18.63 11.88 12.59 26.90 14.24 7.67
21.30 15.53 19.68 24.19 18.40 13.72 9.59 24.90 11.92 21.30 17.59 6.92 18.37 6.71 18.92 13.47 28.41 19.61
4.62 10.51 6.65 11.30 4.33 7.55 8.28 13.77 8.56 5.54 16.48 15.81 8.20 17.86 2.04 22.95 14.60 6.45
12.85 22.85 17.91 1.04 15.93 11.27 15.59 24.21 13.08 14.96 28.82 26.50 20.16 22.44 12.14 34.33 3.61 6.15
28.99 28.44 29.99 25.04 27.96 17.36 16.76 36.64 15.98 30.02 31.92 21.80 29.83 8.59 26.42 28.12 28.82 22.87
13.72 11.27 13.07 16.97 11.35 6.88 2.43 19.37 5.51 14.01 15.71 8.99 12.54 9.40 11.25 17.09 21.10 12.10
7.40 11.02 8.81 11.50 6.54 5.10 5.55 15.94 5.86 8.27 16.85 14.32 9.75 15.09 4.80 21.92 15.29 6.35
8.40 7.27 3.67 20.23 5.99 17.51 16.51 3.52 18.05 6.29 11.08 17.43 3.61 25.42 9.44 21.57 22.37 16.23
23.03 11.43 18.38 31.71 18.88 22.99 18.82 19.09 21.91 21.69 7.44 8.18 15.68 21.39 21.88 4.06 35.34 26.56
17.83 14.42 17.11 19.79 15.47 9.31 5.37 23.14 7.49 18.15 17.90 8.76 16.34 5.66 15.32 16.53 24.01 15.30
10.36 1.53 5.79 20.28 6.21 14.09 11.60 9.55 13.96 8.98 7.50 10.67 3.39 19.47 9.54 15.68 23.45 15.36
6.46 7.68 2.06 18.29 4.31 15.93 15.28 5.22 16.59 4.36 12.28 17.45 3.45 24.44 7.56 22.24 20.44 14.34
18.64 13.26 17.07 22.02 15.75 11.62 7.29 22.48 9.92 18.64 15.94 6.05 15.86 7.44 16.28 13.68 26.20 17.29
15.65 5.71 11.85 23.52 11.65 14.92 10.97 15.26 14.00 14.68 7.39 4.56 9.60 15.94 14.12 10.16 27.22 18.37
22.78 11.44 18.36 30.97 18.67 21.97 17.71 19.68 20.80 21.56 8.25 6.75 15.73 19.85 21.47 3.22 34.70 25.82
19.52 19.59 20.50 17.40 18.43 8.13 7.30 27.27 6.55 20.49 23.84 15.18 20.50 4.65 16.94 22.85 21.54 14.15
17.78 11.48 15.74 22.22 14.60 12.05 7.59 20.83 10.50 17.58 14.00 4.39 14.32 9.37 15.54 12.35 26.33 17.31
7.78 9.66 8.21 12.99 6.07 6.00 5.26 15.22 6.36 8.28 15.43 12.96 8.77 14.82 5.28 20.47 16.74 7.84
8.58 4.14 3.24 19.75 4.84 15.36 13.74 6.40 15.63 6.75 9.04 14.11 0.64 22.32 8.64 18.70 22.44 15.22
24.55 13.84 20.57 31.67 20.54 22.05 17.61 22.65 20.66 23.55 11.52 6.20 18.10 18.04 22.95 2.13 35.58 26.56
10.30 17.96 14.30 5.18 12.04 5.31 9.56 21.27 7.17 12.18 23.85 20.56 16.02 16.98 8.51 28.48 9.40 2.02
15.62 11.91 11.22 27.48 13.54 24.97 23.52 4.24 25.37 13.53 11.93 21.67 10.34 31.82 16.95 23.29 29.20 23.73
14.16 23.97 19.18 2.29 17.17 11.77 16.18 25.53 13.53 16.27 29.94 27.27 21.38 22.56 13.37 35.17 3.89 7.15
13.55 20.70 17.48 5.76 15.19 6.27 10.73 24.49 7.79 15.44 26.48 22.12 19.07 16.41 11.74 30.18 9.75 5.20
6.16 7.28 5.07 14.55 3.14 9.14 8.17 12.01 9.56 5.91 13.24 13.17 5.62 17.51 4.34 19.94 17.86 9.60
7.92 7.37 3.26 19.76 5.58 17.14 16.23 3.90 17.71 5.81 11.39 17.46 3.51 25.20 8.98 21.76 21.89 15.77
8.56 19.82 13.93 4.73 12.33 12.21 15.75 19.56 14.07 10.61 25.71 25.40 16.48 24.17 8.77 32.73 5.49 5.96
25.32 15.68 21.95 31.12 21.54 21.02 16.55 24.98 19.43 24.61 14.50 6.02 19.73 15.21 23.43 5.53 35.19 26.14
13.34 4.47 7.95 24.56 9.67 19.41 17.02 6.60 19.37 11.42 5.20 13.88 5.44 24.52 13.46 16.30 27.26 19.94
13.35 2.13 8.86 22.67 9.20 15.39 12.15 11.62 14.90 12.04 5.52 8.19 6.32 18.74 12.31 12.61 26.05 17.62
21.01 21.00 22.02 18.42 19.95 9.52 8.81 28.77 8.01 22.00 25.12 16.12 22.00 4.33 18.43 23.60 22.51 15.42
25.56 24.92 26.44 22.37 24.42 14.03 13.20 33.07 12.56 26.53 28.55 18.69 26.26 5.38 22.98 25.44 26.31 19.78
10.70 2.14 6.56 20.03 6.58 13.29 10.57 10.77 13.04 9.51 7.85 9.63 4.43 18.26 9.59 15.09 23.35 15.02
6.50 12.10 5.76 17.74 7.14 17.97 18.29 6.43 19.01 4.92 16.38 21.78 7.86 27.76 8.75 26.64 19.01 14.83
4.09 15.20 8.31 12.12 7.87 14.98 16.72 12.30 16.45 4.92 20.54 23.32 11.09 26.24 6.47 29.50 13.01 10.26
4.20 15.37 8.49 12.00 8.02 14.99 16.78 12.48 16.47 5.09 20.72 23.45 11.27 26.29 6.55 29.66 12.85 10.21
12.84 8.22 11.04 18.34 9.71 9.10 5.12 16.79 8.13 12.65 12.58 7.25 10.01 11.99 10.64 15.05 22.28 13.24
9.86 18.51 14.30 3.81 12.12 6.83 10.96 21.09 8.70 11.86 24.45 21.76 16.24 18.56 8.41 29.59 7.95 1.65
7.44 14.26 10.76 7.99 8.46 4.68 7.61 17.84 6.34 9.06 20.18 17.68 12.34 16.47 5.22 25.39 11.85 2.84
14.05 13.68 14.44 15.20 12.45 4.75 1.21 21.14 3.04 14.73 18.41 11.57 14.37 8.43 11.46 19.68 19.42 10.69
11.72 10.37 11.32 15.50 9.48 5.98 2.31 17.85 5.09 12.06 15.34 10.09 11.05 11.16 9.24 18.06 19.55 10.50
22.32 10.92 17.85 30.66 18.20 21.77 17.54 19.09 20.64 21.08 7.66 6.78 15.21 19.98 21.05 3.80 34.36 25.51
27.98 17.09 23.90 35.06 23.96 25.31 20.85 25.56 23.85 26.95 14.08 9.52 21.37 20.27 26.41 2.69 39.00 29.97
9.59 2.93 5.65 18.98 5.48 12.57 10.15 10.50 12.46 8.46 8.84 10.45 3.84 18.28 8.46 16.17 22.25 14.00
18.07 20.24 19.94 14.27 17.72 6.32 7.57 26.98 5.41 19.34 25.08 17.50 20.42 8.14 15.58 25.44 18.33 11.61
21.74 17.29 20.75 23.29 19.23 12.87 9.24 26.43 11.00 21.99 19.86 9.41 19.73 4.12 19.24 16.06 27.53 19.02
23.68 23.39 24.66 20.58 22.61 12.13 11.43 31.37 10.68 24.67 27.25 17.74 24.57 4.68 21.10 24.82 24.57 17.89
4.80 7.90 4.22 13.98 2.00 9.69 9.26 11.34 10.34 4.54 13.86 14.51 5.43 18.71 3.23 21.12 17.07 9.22
8.19 16.47 12.36 5.59 10.14 5.94 9.63 19.24 7.79 10.10 22.42 20.04 14.23 17.91 6.50 27.78 9.50 0.45
16.82 21.38 19.72 10.71 17.40 6.02 9.36 26.87 6.36 18.42 26.73 20.41 20.73 12.20 14.56 28.49 14.59 9.17
23.85 21.76 24.02 22.55 22.16 13.02 11.01 30.35 11.27 24.55 25.00 14.89 23.52 1.69 21.26 21.54 26.69 19.18
12.11 5.86 9.42 19.17 8.50 10.75 7.21 14.66 10.05 11.56 10.39 7.20 8.01 14.27 10.23 14.31 22.92 14.02
18.71 11.26 16.20 23.79 15.29 13.74 9.27 20.79 12.23 18.33 13.03 2.72 14.52 10.66 16.59 10.57 27.87 18.82
6.43 8.03 5.99 13.91 3.94 8.16 7.30 12.98 8.59 6.48 13.95 13.14 6.59 16.73 4.29 20.16 17.35 8.89
14.14 11.20 9.86 25.99 12.19 23.69 22.41 2.77 24.15 12.05 11.96 21.20 9.19 30.90 15.53 23.35 27.69 22.29
20.27 16.50 19.53 21.64 17.91 11.21 7.64 25.43 9.34 20.60 19.52 9.54 18.67 3.83 17.75 16.72 25.87 17.37
22.50 18.22 21.62 23.69 20.07 13.33 9.88 27.34 11.45 22.80 20.76 10.25 20.63 3.59 19.99 16.68 27.93 19.53
13.41 7.11 8.22 25.11 10.34 21.11 19.18 4.16 21.29 11.34 7.69 16.84 6.41 27.13 14.08 19.02 27.43 20.82
20.67 15.38 19.25 23.31 17.88 12.84 8.76 24.65 11.02 20.74 17.74 7.28 18.04 6.10 18.25 14.18 27.53 18.77
22.71 11.53 18.41 30.66 18.62 21.53 17.23 19.99 20.32 21.55 8.71 6.13 15.83 19.14 21.33 3.06 34.43 25.52
13.73 20.17 17.34 6.92 15.03 5.31 9.70 24.43 6.70 15.53 25.87 21.12 18.78 15.17 11.74 29.21 10.97 5.57
26.83 16.91 23.33 32.77 23.00 22.66 18.19 26.07 21.07 26.07 15.25 7.56 21.04 16.54 24.98 5.15 36.83 27.78
14.55 13.30 10.95 26.23 13.24 24.85 23.93 3.98 25.47 12.55 14.34 23.42 10.81 32.68 16.26 25.73 27.58 22.88
24.52 23.08 25.01 22.38 23.07 13.32 11.84 31.48 11.68 25.34 26.51 16.52 24.66 3.22 21.92 23.22 26.45 19.34
19.21 18.26 19.71 18.25 17.74 8.36 6.50 26.30 6.58 20.00 22.28 13.36 19.48 3.64 16.61 20.99 22.45 14.58
8.99 17.41 13.28 4.77 11.08 6.23 10.17 20.12 8.11 10.94 23.36 20.80 15.17 18.13 7.41 28.59 8.79 0.61
12.66 19.17 16.25 6.65 13.95 4.62 9.08 23.34 6.20 14.44 24.91 20.47 17.71 15.22 10.66 28.53 10.82 4.60
16.39 14.85 16.44 17.29 14.56 6.83 3.50 22.92 4.97 16.98 19.04 10.89 16.10 6.11 13.82 18.86 21.52 12.97
1.87 13.61 7.24 10.39 5.98 11.82 13.58 12.90 13.27 3.84 19.33 20.81 9.91 23.07 3.49 27.43 12.27 7.52
15.73 5.25 11.69 23.97 11.67 15.58 11.72 14.72 14.72 14.66 6.53 5.14 9.32 16.81 14.32 10.00 27.61 18.83
18.20 21.45 20.57 13.08 18.29 6.67 8.91 27.68 6.30 19.64 26.50 19.32 21.29 9.98 15.80 27.31 17.00 11.07
10.64 21.93 16.02 4.38 14.44 13.54 17.34 21.50 15.42 12.67 27.82 27.31 18.59 25.38 10.88 34.74 3.57 7.34
15.75 7.84 12.85 22.16 12.11 12.82 8.57 17.34 11.66 15.18 10.40 3.60 11.07 12.95 13.83 11.23 26.06 17.04
11.03 14.88 13.19 10.27 10.90 0.74 4.50 20.33 2.35 12.31 20.43 15.74 14.09 12.51 8.52 23.77 14.47 5.81
23.28 18.84 22.35 24.42 20.83 14.08 10.67 28.02 12.20 23.57 21.23 10.59 21.33 3.83 20.77 16.73 28.65 20.29
21.20 11.66 17.81 27.53 17.39 17.74 13.29 21.11 16.32 20.46 11.36 1.99 15.63 14.21 19.37 6.38 31.52 22.47
12.37 1.30 7.27 22.78 8.30 16.67 13.98 8.82 16.47 10.73 5.11 11.03 4.50 21.29 11.88 14.66 25.83 17.92
10.80 8.57 6.30 22.68 8.62 20.13 18.98 1.04 20.63 8.69 10.98 18.83 5.81 27.68 12.02 22.07 24.61 18.81
5.85 13.15 9.21 8.72 6.94 6.03 8.24 16.25 7.50 7.43 19.11 17.47 10.93 17.47 3.59 24.97 12.27 3.73
16.89 20.71 19.46 11.71 17.16 5.57 8.41 26.60 5.54 18.38 25.92 19.26 20.30 10.88 14.54 27.32 15.68 9.64
8.02 13.40 10.61 9.33 8.28 3.75 6.15 17.75 5.17 9.38 19.23 16.26 11.88 15.19 5.55 24.03 13.28 4.23
23.96 13.21 19.94 31.22 19.95 21.67 17.26 22.00 20.32 22.95 10.90 5.83 17.46 18.02 22.39 2.29 35.11 26.10
22.47 19.57 22.22 22.33 20.47 12.28 9.57 28.35 10.44 23.01 22.66 12.50 21.55 0.94 19.89 19.26 26.54 18.54
3.83 12.12 7.42 9.77 5.24 7.94 9.54 14.34 9.27 5.39 18.09 17.65 9.41 19.01 1.59 24.81 12.87 5.25
19.81 17.77 19.83 19.70 17.99 9.55 6.91 26.19 7.69 20.43 21.41 12.01 19.36 2.67 17.22 19.46 23.92 15.80
9.53 12.04 10.77 11.92 8.56 3.41 3.58 17.83 3.77 10.43 17.62 13.65 11.41 13.00 6.94 21.53 15.95 6.90
15.90 21.27 19.13 9.21 16.80 5.87 9.74 26.27 6.65 17.59 26.78 21.03 20.32 13.54 13.75 29.13 13.08 7.97
15.11 13.47 11.41 26.81 13.70 25.31 24.31 4.34 25.90 13.10 14.26 23.53 11.15 32.99 16.78 25.64 28.18 23.43
5.30 14.87 9.91 7.06 7.85 7.93 10.69 16.55 9.61 7.30 20.83 19.92 12.07 19.73 4.06 27.30 10.15 3.10
19.96 8.53 15.46 28.54 15.83 19.96 15.88 16.91 18.96 18.69 5.85 6.09 12.82 19.36 18.74 6.10 32.17 23.40
26.22 24.39 26.58 24.10 24.68 15.08 13.48 32.96 13.42 27.01 27.56 17.28 26.13 4.32 23.63 23.57 28.15 21.10
15.85 16.95 17.09 14.37 14.95 4.49 4.27 24.01 2.86 16.87 21.74 14.45 17.34 7.57 13.27 22.49 18.59 10.66
11.11 17.26 14.44 7.26 12.12 3.24 7.65 21.55 5.06 12.79 23.01 18.89 15.82 14.80 8.96 26.90 11.50 3.69
11.45 16.61 14.31 8.60 11.99 1.93 6.38 21.46 3.72 12.98 22.26 17.71 15.49 13.54 9.13 25.75 12.83 4.75
16.54 11.04 14.77 20.81 13.50 10.68 6.21 20.18 9.18 16.43 14.15 5.43 13.53 9.23 14.25 13.51 24.92 15.90
6.19 12.66 6.13 17.18 7.30 17.82 18.32 7.20 18.91 4.82 17.07 22.21 8.39 27.84 8.56 27.23 18.34 14.43
12.03 12.92 12.81 13.49 10.71 3.35 1.25 19.70 2.32 12.82 18.09 12.51 13.04 10.48 9.43 20.57 17.66 8.78
25.18 21.31 24.58 25.31 22.95 15.26 12.35 30.41 13.40 25.60 23.76 13.08 23.68 3.52 22.63 18.86 29.51 21.52
7.05 16.71 11.82 5.15 9.77 7.97 11.38 18.39 9.79 9.11 22.68 21.28 13.99 19.94 5.98 28.82 8.43 1.95
9.46 19.41 14.44 2.46 12.44 9.21 13.17 20.84 11.09 11.56 25.38 23.61 16.67 21.03 8.65 31.29 5.93 3.17
8.67 20.15 14.06 5.57 12.58 13.15 16.60 19.41 15.00 10.66 26.00 26.05 16.68 25.12 9.16 33.29 5.67 6.91
3.15 8.89 2.25 14.78 1.82 12.79 12.84 8.75 13.68 1.41 14.41 17.31 4.94 22.32 4.01 23.19 17.14 10.77
8.05 8.87 7.91 13.83 5.89 6.66 5.35 14.80 6.83 8.35 14.60 12.22 8.22 14.79 5.66 19.66 17.56 8.69
12.97 18.22 15.99 8.52 13.67 3.02 7.36 23.13 4.37 14.57 23.82 18.79 17.17 13.34 10.72 26.88 12.72 5.62
24.47 16.71 22.03 28.51 21.13 18.08 13.78 26.29 16.33 24.16 17.19 6.54 20.25 10.58 22.27 10.22 32.69 23.77
7.75 4.34 4.06 17.50 3.64 11.94 10.16 9.87 12.10 6.63 10.30 12.11 3.06 18.89 6.74 18.01 20.63 12.63
22.08 13.86 19.35 27.02 18.58 16.79 12.34 23.43 15.16 21.63 14.41 3.66 17.47 11.37 19.99 8.80 31.14 22.11
25.47 24.95 26.40 22.18 24.37 13.92 13.17 33.06 12.47 26.46 28.63 18.82 26.25 5.52 22.89 25.61 26.11 19.63
15.37 6.98 10.02 26.85 11.95 22.00 19.61 6.64 21.97 13.35 5.64 15.72 7.76 26.92 15.74 17.02 29.38 22.34
19.00 7.34 13.87 29.07 14.92 21.78 18.24 13.38 21.14 17.35 1.72 10.46 11.08 23.32 18.40 9.90 32.30 24.06
24.68 14.27 20.88 31.44 20.74 21.66 17.21 23.25 20.22 23.77 12.31 5.88 18.47 17.18 23.00 3.04 35.40 26.36
6.44 11.38 8.44 10.74 6.12 5.59 6.61 15.59 6.61 7.50 17.29 15.31 9.68 16.11 3.85 22.81 14.41 5.63
20.84 9.12 16.04 29.98 16.69 21.74 17.77 16.58 20.82 19.41 4.96 8.18 13.31 21.46 19.84 6.43 33.49 24.86
13.95 24.59 19.22 3.28 17.40 13.74 18.01 25.12 15.57 16.05 30.56 28.79 21.63 24.95 13.65 36.53 1.21 8.31
2.37 11.53 6.20 10.73 4.19 9.39 10.65 12.96 10.64 3.89 17.44 17.92 8.42 20.20 0.51 24.79 13.50 6.56
8.16 3.66 3.36 18.74 4.07 13.74 12.00 8.12 13.94 6.63 9.34 12.91 1.31 20.59 7.72 18.10 21.66 14.03
22.76 14.28 19.92 27.80 19.20 17.57 13.13 23.83 15.95 22.27 14.51 4.01 17.98 11.93 20.69 8.26 31.91 22.89
12.52 7.86 7.56 24.33 9.81 20.98 19.37 2.59 21.29 10.41 9.18 17.90 6.24 27.66 13.44 20.46 26.47 20.23
5.39 6.45 2.44 15.79 1.25 11.66 10.80 9.39 12.19 4.26 12.29 14.38 3.41 20.03 4.73 20.40 18.68 11.17
13.17 10.41 12.30 17.04 10.64 7.20 2.91 18.53 5.99 13.36 14.92 8.67 11.70 10.21 10.74 16.72 21.12 12.08
7.63 10.92 8.90 11.72 6.64 5.03 5.30 16.01 5.71 8.46 16.72 14.06 9.76 14.85 5.03 21.68 15.53 6.57
5.11 9.02 2.39 16.98 4.02 15.44 15.25 6.28 16.27 3.01 13.86 18.45 4.72 24.62 6.60 23.60 18.97 13.28
13.27 13.98 14.10 13.92 12.01 3.46 1.39 20.97 1.81 14.11 18.97 12.68 14.29 9.31 10.67 20.79 18.14 9.45
4.35 13.00 8.30 8.87 6.14 7.62 9.64 15.16 9.08 6.09 18.97 18.25 10.31 18.99 2.42 25.51 12.02 4.38
16.47 5.38 11.18 27.09 12.50 20.68 17.60 10.27 20.30 14.69 1.44 11.83 8.44 23.85 16.15 12.80 30.10 22.22
4.12 15.15 8.25 12.27 7.86 15.09 16.80 12.17 16.55 4.89 20.47 23.33 11.03 26.32 6.53 29.48 13.16 10.40
7.50 6.07 2.23 19.12 4.45 15.81 14.71 5.28 16.30 5.48 10.67 15.98 1.96 23.62 8.11 20.61 21.52 14.88
19.55 14.28 18.08 22.53 16.73 12.08 7.87 23.51 10.31 19.60 16.84 6.65 16.89 6.68 17.16 13.97 26.73 17.89
21.99 21.46 22.80 19.62 20.78 10.61 9.56 29.46 9.04 22.91 25.36 16.01 22.66 3.48 19.40 23.29 23.71 16.58
28.43 17.61 24.40 35.37 24.42 25.54 21.08 26.13 24.06 27.42 14.67 9.81 21.88 20.23 26.82 3.28 39.33 30.29
23.84 20.60 23.48 23.67 21.77 13.68 10.95 29.51 11.83 24.34 23.42 13.00 22.73 1.87 21.27 19.35 27.87 19.93
11.30 4.74 8.27 19.09 7.52 11.23 8.03 13.40 10.72 10.59 9.69 8.04 6.75 15.49 9.61 14.71 22.71 13.96
10.84 1.10 6.24 20.72 6.69 14.38 11.77 9.72 14.20 9.45 7.06 10.35 3.77 19.46 10.01 15.23 23.91 15.78
13.75 9.61 9.06 25.62 11.36 22.67 21.16 2.65 23.03 11.64 10.29 19.53 7.99 29.46 14.89 21.67 27.56 21.68
18.56 17.87 19.14 17.61 17.15 7.69 5.92 25.78 5.90 19.38 22.01 13.35 18.98 4.31 15.97 21.08 21.82 13.91
12.95 1.35 7.95 23.14 8.84 16.71 13.83 9.57 16.41 11.37 4.65 10.32 5.19 20.88 12.34 13.88 26.27 18.22
16.64 20.68 19.30 11.31 16.99 5.45 8.48 26.44 5.55 18.16 25.95 19.44 20.20 11.26 14.31 27.51 15.28 9.30
24.23 22.21 24.44 22.76 22.58 13.32 11.41 30.79 11.60 24.95 25.45 15.31 23.96 2.14 21.64 21.91 26.89 19.47
11.57 10.66 11.36 15.10 9.47 5.56 2.06 17.98 4.71 11.97 15.70 10.51 11.20 11.17 9.06 18.48 19.16 10.11
15.47 13.65 15.30 17.11 13.47 6.65 2.70 21.73 4.88 15.97 17.90 10.13 14.90 7.17 12.91 18.19 21.33 12.59
12.66 18.42 15.90 7.76 13.58 3.50 7.93 23.03 5.01 14.34 24.09 19.34 17.20 14.09 10.50 27.42 11.96 5.04
5.02 14.82 9.73 7.19 7.71 8.27 10.97 16.31 9.94 7.04 20.78 20.07 11.94 20.05 3.92 27.39 10.16 3.42
11.04 1.66 5.89 21.67 7.03 16.05 13.68 7.92 15.99 9.37 6.42 11.93 3.12 21.47 10.68 15.98 24.63 16.89
4.25 14.78 7.84 13.12 7.68 15.59 17.10 11.38 17.00 4.63 19.98 23.22 10.59 26.66 6.79 29.20 14.01 11.10
10.28 19.65 15.05 2.31 12.96 8.36 12.51 21.64 10.23 12.35 25.61 23.25 17.14 20.01 9.18 31.05 6.40 2.85
14.91 19.08 17.53 10.42 15.23 3.72 7.19 24.68 4.13 16.40 24.45 18.44 18.47 11.55 12.55 26.55 14.55 7.81
24.36 21.92 24.38 23.27 22.57 13.66 11.48 30.62 11.89 25.01 25.00 14.73 23.81 1.93 21.77 21.19 27.42 19.85
11.32 16.15 14.01 9.04 11.69 1.45 5.87 21.16 3.29 12.79 21.78 17.18 15.11 13.24 8.94 25.22 13.27 4.99
12.79 1.16 8.08 22.53 8.64 15.69 12.67 10.56 15.31 11.37 5.33 9.26 5.45 19.60 11.93 13.43 25.79 17.53
26.86 24.96 27.20 24.68 25.32 15.71 14.11 33.57 14.06 27.65 28.06 17.71 26.74 4.89 24.27 23.87 28.71 21.72
9.59 16.95 13.40 5.98 11.12 4.69 8.77 20.41 6.57 11.41 22.83 19.64 15.06 16.57 7.67 27.53 10.14 1.76
5.02 16.55 10.41 7.59 8.95 11.69 14.41 16.00 13.40 7.04 22.36 22.96 13.02 23.52 5.69 29.96 9.08 6.10
19.89 14.44 18.36 22.90 17.03 12.45 8.24 23.72 10.67 19.91 16.88 6.56 17.12 6.75 17.50 13.75 27.11 18.27
15.06 22.91 19.34 5.23 17.10 8.62 13.06 26.24 10.09 17.05 28.74 24.47 21.09 18.22 13.50 32.54 8.58 6.73
16.83 20.54 19.35 11.80 17.05 5.45 8.22 26.48 5.36 18.31 25.74 19.06 20.17 10.71 14.46 27.12 15.79 9.65
11.17 0.70 6.48 21.11 7.02 14.76 12.10 9.65 14.55 9.74 6.67 10.31 3.92 19.68 10.38 15.00 24.29 16.18
15.90 17.02 17.15 14.37 15.01 4.52 4.34 24.08 2.90 16.93 21.81 14.50 17.41 7.56 13.32 22.54 18.59 10.69
6.62 5.18 2.11 17.36 2.56 13.02 11.76 8.22 13.41 5.13 10.87 13.98 1.83 20.73 6.28 19.51 20.19 12.76
10.24 13.17 11.83 11.38 9.58 2.26 3.51 18.92 2.81 11.29 18.71 14.30 12.54 12.52 7.66 22.27 15.50 6.54
4.43 7.74 0.97 15.97 1.75 13.34 12.96 7.84 14.08 2.60 13.17 16.54 3.68 22.31 5.01 22.16 18.40 11.81
19.11 14.84 18.07 21.34 16.55 10.86 6.87 23.84 9.04 19.32 17.85 8.04 17.10 5.49 16.64 15.52 25.56 16.84
14.45 4.76 9.07 25.54 10.69 20.04 17.44 7.61 19.90 12.56 4.10 13.45 6.47 24.58 14.46 15.35 28.32 20.85
20.31 19.59 20.96 18.70 18.97 9.17 7.73 27.59 7.48 21.16 23.57 14.47 20.79 3.27 17.71 21.96 22.86 15.30
21.30 15.92 19.87 23.85 18.51 13.37 9.35 25.23 11.54 21.38 18.15 7.56 18.64 6.00 18.89 14.18 28.07 19.34
12.21 18.46 15.66 7.02 13.34 3.93 8.40 22.76 5.57 13.94 24.19 19.77 17.06 14.84 10.13 27.82 11.23 4.37
18.61 12.21 16.58 22.86 15.44 12.61 8.16 21.61 11.00 18.42 14.49 4.41 15.13 9.01 16.36 12.13 26.99 17.99
14.40 14.27 14.94 15.09 12.92 4.62 1.72 21.69 2.81 15.15 18.99 12.01 14.93 8.10 11.81 20.11 19.32 10.70
10.78 2.12 6.64 20.10 6.66 13.33 10.57 10.82 13.06 9.59 7.80 9.56 4.50 18.23 9.66 15.00 23.42 15.08
21.30 17.94 20.79 21.97 19.12 11.68 8.50 26.80 9.80 21.74 20.97 10.88 20.02 2.43 18.76 17.84 26.20 17.91
2.38 11.02 4.11 14.13 4.02 13.83 14.48 9.13 14.95 0.98 16.35 19.56 6.89 24.04 4.58 25.42 16.00 10.77
11.51 9.20 10.59 16.25 8.91 7.07 3.49 16.93 6.28 11.64 14.15 9.32 10.11 11.88 9.14 17.17 20.22 11.16
20.46 14.59 18.76 23.68 17.50 13.24 9.00 23.96 11.47 20.42 16.74 6.19 17.43 7.20 18.10 13.12 27.88 19.02
15.72 9.60 10.70 27.53 12.91 23.81 21.87 5.08 23.99 13.61 8.82 18.88 9.09 29.67 16.59 20.15 29.67 23.37
8.16 11.83 9.79 11.12 7.51 4.12 4.98 16.92 4.94 9.16 17.59 14.50 10.71 14.42 5.57 22.24 15.03 6.00
8.07 19.50 13.46 5.54 11.94 12.59 15.98 18.92 14.43 10.08 25.35 25.37 16.06 24.57 8.50 32.61 6.12 6.38
22.99 11.31 18.25 31.89 18.84 23.32 19.20 18.69 22.29 21.60 7.00 8.76 15.52 22.01 21.92 4.69 35.47 26.75
16.59 6.12 11.22 27.52 12.75 21.54 18.62 9.44 21.24 14.72 2.60 13.19 8.57 25.12 16.48 13.95 30.39 22.74
21.21 23.72 23.36 15.83 21.11 9.56 11.04 30.43 8.86 22.59 28.47 20.40 23.90 9.20 18.78 28.15 19.59 14.13
6.07 14.27 10.00 7.56 7.78 6.36 9.09 16.92 8.00 7.87 20.24 18.63 11.88 18.11 4.17 26.15 11.08 2.70
10.31 2.03 5.18 20.97 6.29 15.53 13.32 7.75 15.54 8.64 7.16 12.22 2.41 21.33 9.96 16.56 23.90 16.21
12.72 6.29 10.08 19.53 9.15 10.86 7.12 15.25 10.05 12.20 10.51 6.62 8.63 13.79 10.81 13.88 23.33 14.39
3.51 15.25 8.87 9.26 7.61 12.18 14.42 14.28 13.77 5.42 20.97 22.23 11.55 23.77 4.81 28.98 10.78 7.15
12.68 11.30 8.82 24.47 11.12 22.72 21.76 1.81 23.31 10.63 12.92 21.50 8.64 30.53 14.25 24.24 26.04 20.94
3.53 10.80 3.86 15.24 4.41 14.85 15.29 8.06 15.91 1.81 15.89 19.76 6.55 24.82 5.64 25.32 17.00 11.91
21.89 23.78 23.79 16.98 21.57 10.15 11.13 30.80 9.25 23.19 28.35 19.92 24.19 8.21 19.41 27.55 20.78 15.06
22.99 16.26 21.00 26.35 19.88 15.89 11.70 25.79 14.10 22.85 17.58 6.67 19.46 8.31 20.69 12.04 30.56 21.72
26.33 17.66 23.48 30.96 22.78 20.59 16.23 27.16 18.87 25.85 17.23 7.44 21.48 13.13 24.24 8.61 35.12 26.15
11.17 5.89 8.70 18.28 7.64 10.12 6.85 14.26 9.56 10.68 10.85 8.16 7.50 14.50 9.27 15.26 21.99 13.13
17.46 6.39 12.14 28.11 13.51 21.65 18.50 10.84 21.24 15.66 1.35 12.24 9.42 24.54 17.17 12.55 31.12 23.24
25.25 16.57 22.37 30.07 21.69 19.74 15.34 26.08 18.05 24.76 16.26 6.34 20.38 12.83 23.18 8.17 34.21 25.22
5.28 13.16 6.36 15.91 7.11 17.02 17.82 8.45 18.21 4.29 17.87 22.40 8.87 27.38 7.78 27.74 17.02 13.34
8.10 8.15 7.48 14.46 5.58 7.35 5.76 14.26 7.44 8.20 13.88 11.80 7.62 15.06 5.82 19.12 18.13 9.32
8.75 8.88 8.43 14.25 6.49 6.55 4.80 15.23 6.53 9.01 14.49 11.63 8.56 14.16 6.36 19.17 18.04 9.10
25.39 14.68 21.41 32.45 21.39 22.77 18.32 23.43 21.35 24.40 12.21 6.93 18.93 18.41 23.79 1.90 36.38 27.35
15.15 20.39 18.28 9.09 15.96 4.99 8.93 25.43 5.84 16.81 25.90 20.27 19.45 13.23 12.96 28.38 13.08 7.37
7.47 10.46 8.51 12.09 6.27 5.46 5.43 15.60 6.06 8.20 16.26 13.79 9.31 15.01 4.90 21.35 15.86 6.95
11.47 6.31 9.14 18.27 8.02 9.89 6.49 14.74 9.26 11.04 11.14 7.93 7.98 14.03 9.50 15.18 22.04 13.12
18.54 6.82 13.47 28.46 14.43 21.07 17.50 13.37 20.42 16.94 1.70 9.78 10.69 22.59 17.86 9.69 31.74 23.44
12.38 1.30 7.86 21.90 8.23 14.94 11.92 10.87 14.56 11.05 6.04 8.98 5.34 18.96 11.41 13.61 25.21 16.88
20.14 20.49 21.27 17.48 19.18 8.59 8.12 28.09 7.13 21.16 24.77 16.06 21.33 4.97 17.56 23.69 21.58 14.47
14.33 4.56 8.96 25.39 10.55 19.85 17.24 7.66 19.71 12.45 4.07 13.28 6.34 24.39 14.32 15.27 28.19 20.69
9.96 2.45 5.84 19.46 5.84 13.03 10.53 10.35 12.88 8.77 8.35 10.30 3.82 18.51 8.91 15.83 22.72 14.48
26.50 23.67 26.41 25.31 24.63 15.80 13.61 32.54 14.04 27.12 26.45 15.90 25.74 4.02 23.91 21.78 29.43 21.97
8.77 15.23 12.05 7.63 9.74 3.74 7.31 19.15 5.54 10.40 21.09 17.94 13.53 15.70 6.56 25.79 11.69 2.72
11.99 9.95 11.28 16.13 9.55 6.63 2.79 17.68 5.69 12.21 14.80 9.45 10.86 11.17 9.56 17.41 20.16 11.10
7.24 12.66 9.72 9.73 7.39 4.53 6.41 16.86 5.81 8.53 18.53 16.00 11.02 15.67 4.73 23.66 13.56 4.58
17.41 7.53 13.73 24.79 13.47 15.73 11.54 17.04 14.63 16.51 8.26 2.85 11.49 15.30 15.77 8.62 28.60 19.65
5.88 11.55 8.20 10.41 5.88 6.01 7.23 15.34 7.14 7.04 17.49 15.84 9.61 16.72 3.31 23.27 13.99 5.35
6.20 15.68 10.83 6.18 8.76 7.68 10.78 17.48 9.44 8.22 21.65 20.40 12.96 19.60 4.97 27.88 9.42 2.28
3.30 9.58 4.82 12.46 2.56 9.46 9.85 11.90 10.41 3.72 15.51 16.14 6.69 19.42 1.48 22.86 15.41 7.93
14.63 16.60 16.20 12.97 14.00 3.08 4.07 23.21 1.67 15.76 21.65 15.03 16.65 9.02 12.08 23.12 17.20 9.21
14.08 2.39 9.06 24.19 9.97 17.49 14.43 10.25 17.11 12.50 3.60 9.91 6.30 21.06 13.44 12.91 27.36 19.24
17.05 12.11 15.58 20.66 14.20 10.36 5.94 21.16 8.74 17.07 15.27 6.24 14.46 8.11 14.69 14.21 24.82 15.85
7.98 8.72 4.09 19.85 6.32 17.94 17.28 3.40 18.62 5.88 12.52 18.82 4.85 26.38 9.40 23.06 21.74 16.13
19.49 21.91 21.53 14.80 19.29 7.78 9.23 28.59 7.03 20.83 26.73 18.94 22.06 8.62 17.03 26.80 18.72 12.65
10.57 7.69 9.13 16.53 7.60 8.09 5.00 15.35 7.57 10.47 12.86 9.31 8.52 13.41 8.36 16.85 20.36 11.39
7.89 18.77 13.17 4.32 11.41 10.74 14.26 19.15 12.59 10.00 24.70 24.01 15.62 22.71 7.72 31.43 6.24 4.49
10.25 16.15 13.38 7.79 11.06 2.78 6.95 20.51 4.66 11.85 21.92 18.03 14.73 14.70 8.00 26.00 11.99 3.52
7.31 8.83 7.31 13.50 5.23 6.94 6.02 14.29 7.29 7.61 14.65 12.80 7.82 15.50 4.93 20.13 17.14 8.38
26.11 15.18 22.00 33.39 22.07 23.78 19.34 23.70 22.39 25.05 12.30 7.93 19.46 19.49 24.57 1.13 37.29 28.28
12.47 18.32 15.74 7.61 13.42 3.50 7.96 22.87 5.06 14.15 24.01 19.35 17.06 14.24 10.31 27.42 11.82 4.83
27.75 26.29 28.31 24.93 26.37 16.38 15.13 34.78 14.82 28.61 29.51 19.22 27.95 6.23 25.15 25.40 28.88 22.24
19.80 9.93 16.20 26.70 15.90 17.22 12.85 19.34 15.93 18.96 9.70 1.69 13.95 14.98 18.08 6.71 30.60 21.58
9.87 10.48 10.13 13.69 8.09 4.99 3.15 16.99 4.77 10.41 15.92 11.88 10.34 12.69 7.34 19.71 17.66 8.61
14.67 13.12 14.56 16.53 12.70 6.11 1.95 21.05 4.43 15.18 17.55 10.24 14.23 7.94 12.12 18.34 20.73 11.92
23.73 14.42 20.50 29.42 20.00 19.32 14.85 23.84 17.75 23.07 13.80 4.45 18.37 13.96 21.80 6.29 33.48 24.43
20.87 19.75 21.36 19.47 19.41 9.87 8.17 27.92 8.14 21.67 23.56 14.21 21.09 2.49 18.27 21.58 23.64 16.03
23.10 15.33 20.62 27.41 19.73 17.05 12.68 24.91 15.34 22.76 16.00 5.22 18.84 10.44 20.93 9.85 31.58 22.61
5.68 6.90 0.40 17.25 2.72 14.30 13.58 6.75 14.92 3.74 12.08 16.20 2.65 22.77 6.27 21.45 19.68 13.06
10.72 5.25 8.02 18.30 7.07 10.49 7.43 13.51 10.04 10.13 10.42 8.58 6.76 15.24 8.93 15.43 21.93 13.16
9.50 8.75 8.91 14.87 7.07 6.71 4.41 15.56 6.47 9.69 14.21 10.90 8.82 13.58 7.13 18.50 18.71 9.73
7.60 14.62 11.05 7.64 8.76 4.73 7.84 18.11 6.44 9.26 20.54 18.01 12.67 16.59 5.44 25.73 11.52 2.49
6.32 12.33 5.89 17.46 7.17 17.87 18.27 6.79 18.93 4.83 16.68 21.95 8.07 27.76 8.62 26.89 18.69 14.62
10.24 12.04 11.21 12.54 9.05 3.42 2.79 18.21 3.37 11.06 17.49 13.06 11.68 12.26 7.64 21.01 16.61 7.58
25.49 17.39 22.90 29.68 22.07 19.27 14.96 26.95 17.52 25.12 17.49 7.13 21.04 11.57 23.32 9.74 33.86 24.93
13.01 19.53 16.63 6.66 14.32 4.89 9.34 23.71 6.41 14.80 25.27 20.74 18.09 15.26 11.02 28.81 10.79 4.89
20.06 8.38 14.93 30.06 15.97 22.63 18.99 14.31 21.93 18.42 2.74 10.67 12.15 23.73 19.43 9.28 33.33 25.04
27.65 17.13 23.81 34.23 23.70 24.30 19.83 25.93 22.78 26.73 14.68 8.71 21.37 18.74 25.95 3.61 38.23 29.18
10.60 6.05 5.40 22.29 7.57 18.62 17.05 3.53 18.94 8.53 8.82 16.30 3.89 25.47 11.28 19.68 24.62 18.04
7.13 15.21 11.11 6.73 8.88 5.85 9.06 18.04 7.61 8.97 21.16 19.09 12.94 17.77 5.28 26.74 10.47 1.67
14.80 11.87 14.05 17.80 12.38 7.54 3.09 20.23 6.00 15.06 16.01 8.53 13.40 8.49 12.32 16.64 21.96 13.01
12.98 8.20 11.13 18.51 9.83 9.25 5.23 16.83 8.26 12.78 12.50 7.08 10.07 11.97 10.79 14.89 22.45 13.41
20.56 20.99 21.75 17.67 19.64 8.97 8.61 28.57 7.55 21.61 25.25 16.50 21.83 5.09 17.99 24.08 21.74 14.77
24.27 14.11 20.60 30.78 20.37 20.92 16.46 23.25 19.45 23.42 12.54 5.24 18.26 16.29 22.52 3.92 34.76 25.71
3.16 10.99 4.03 14.84 4.37 14.58 15.11 8.46 15.66 1.58 16.15 19.81 6.77 24.66 5.34 25.48 16.61 11.55
19.77 8.13 15.09 28.75 15.62 20.46 16.49 16.09 19.54 18.40 4.78 7.17 12.39 20.39 18.69 6.81 32.29 23.62
23.69 12.38 19.30 31.76 19.58 22.64 18.33 20.59 21.43 22.49 9.10 7.18 16.67 20.06 22.35 2.31 35.52 26.61
8.72 9.07 4.86 20.58 7.11 18.73 18.03 2.67 19.40 6.63 12.52 19.26 5.40 27.07 10.18 23.25 22.39 16.90
14.21 3.05 9.00 24.72 10.19 18.45 15.55 9.28 18.15 12.50 3.26 11.17 6.22 22.36 13.80 13.67 27.75 19.85
8.60 17.02 12.86 5.08 10.66 6.16 9.99 19.72 8.03 10.54 22.96 20.52 14.76 18.10 6.99 28.28 9.04 0.22
7.54 4.47 2.48 18.48 3.62 14.05 12.59 7.41 14.37 5.88 9.92 13.88 0.71 21.36 7.39 19.00 21.26 13.90
14.44 7.98 9.28 26.17 11.43 22.19 20.21 4.58 22.35 12.35 7.82 17.45 7.50 28.04 15.16 19.20 28.44 21.90
25.61 25.56 26.75 21.81 24.68 13.95 13.55 33.50 12.61 26.68 29.38 19.71 26.71 6.45 23.05 26.60 25.67 19.49
21.13 22.59 22.81 16.93 20.63 9.37 9.99 29.78 8.30 22.36 27.09 18.62 23.12 7.11 18.62 26.26 20.85 14.63
11.23 15.74 13.75 9.45 11.44 1.03 5.40 20.90 2.91 12.64 21.34 16.70 14.78 12.96 8.80 24.74 13.68 5.26
10.52 21.64 15.88 3.67 14.22 12.85 16.70 21.54 14.73 12.59 27.56 26.79 18.40 24.67 10.59 34.28 3.51 6.69
7.03 8.70 3.33 18.90 5.49 17.09 16.57 4.36 17.81 4.93 12.89 18.63 4.59 25.76 8.46 23.18 20.82 15.18
1.31 10.64 4.10 13.14 3.13 12.29 12.98 10.16 13.39 0.88 16.25 18.59 6.79 22.55 3.04 24.78 15.34 9.45
14.73 19.04 17.41 10.19 15.10 3.65 7.25 24.56 4.16 16.24 24.44 18.53 18.38 11.77 12.39 26.64 14.32 7.58
17.23 19.76 19.23 13.41 16.98 5.49 7.15 26.29 4.74 18.54 24.73 17.49 19.79 8.80 14.75 25.49 17.49 10.70
25.95 23.78 26.14 24.22 24.29 14.97 13.13 32.45 13.27 26.67 26.84 16.50 25.62 3.74 23.35 22.73 28.31 21.07
21.13 11.22 17.54 27.84 17.25 18.19 13.77 20.57 16.83 20.31 10.57 2.35 15.28 15.08 19.39 5.77 31.78 22.74
21.47 19.80 21.74 20.43 19.84 10.68 8.65 28.17 8.91 22.19 23.39 13.76 21.34 1.48 18.87 20.94 24.60 16.89
9.40 12.10 10.72 11.75 8.49 3.38 3.75 17.79 3.84 10.33 17.70 13.81 11.40 13.16 6.80 21.68 15.78 6.73
12.38 9.64 11.40 16.79 9.76 7.27 3.28 17.64 6.27 12.51 14.33 8.79 10.81 11.11 10.00 16.74 20.81 11.75
15.13 4.28 9.83 25.84 11.19 19.69 16.79 9.21 19.40 13.35 2.61 11.94 7.09 23.47 14.86 13.70 28.81 21.01
22.85 13.23 19.45 28.99 19.05 19.06 14.59 22.60 17.57 22.12 12.48 3.58 17.24 14.56 21.00 5.62 33.01 23.95
11.31 16.07 13.97 9.14 11.65 1.34 5.77 21.12 3.19 12.77 21.69 17.08 15.05 13.16 8.93 25.12 13.36 5.06
8.33 10.59 5.52 20.03 7.56 19.06 18.73 3.66 19.87 6.37 14.18 20.69 6.69 27.97 10.15 24.87 21.57 16.68
20.75 10.06 16.74 28.32 16.73 19.09 14.78 19.09 17.88 19.72 8.56 3.81 14.28 17.06 19.23 5.09 32.13 23.18
2.71 9.80 2.95 14.56 2.83 13.34 13.64 8.73 14.32 0.61 15.21 18.33 5.73 23.16 4.24 24.17 16.70 10.83
21.68 19.67 21.80 20.90 19.95 11.06 8.81 28.16 9.25 22.35 23.14 13.37 21.33 0.95 19.08 20.46 25.09 17.28
10.11 16.15 13.30 7.64 10.98 2.96 7.09 20.42 4.84 11.73 21.94 18.14 14.68 14.89 7.89 26.10 11.83 3.33
15.59 14.29 15.68 16.68 13.78 6.20 2.69 22.22 4.37 16.19 18.64 10.90 15.40 6.91 13.01 18.94 20.90 12.27
8.36 5.35 3.01 19.89 5.09 16.19 14.83 5.17 16.57 6.38 9.75 15.43 1.66 23.56 8.83 19.82 22.37 15.56
25.10 23.81 25.67 22.67 23.72 13.80 12.48 32.18 12.20 25.95 27.25 17.24 25.35 3.95 22.50 23.88 26.70 19.75
23.21 12.98 19.49 29.93 19.29 20.20 15.75 22.12 18.78 22.33 11.51 4.38 17.14 16.21 21.50 4.03 33.89 24.85
20.91 22.24 22.52 16.92 20.34 9.15 9.64 29.47 8.03 22.10 26.72 18.23 22.80 6.81 18.38 25.88 20.88 14.51
7.82 3.98 3.50 18.07 3.67 12.87 11.15 8.91 13.06 6.47 9.85 12.60 2.08 19.83 7.13 18.14 21.08 13.29
11.21 20.86 16.12 1.07 14.07 9.44 13.68 22.59 11.30 13.31 26.83 24.49 18.28 20.91 10.28 32.30 5.26 4.11
26.41 26.85 27.79 21.93 25.67 14.67 14.65 34.62 13.46 27.56 30.78 21.21 27.86 7.98 23.87 28.13 25.67 19.95
28.07 27.34 28.97 24.45 26.95 16.49 15.74 35.59 15.06 29.06 30.81 20.71 28.77 7.48 25.49 27.08 28.30 22.11
4.46 10.29 6.37 11.52 4.05 7.80 8.44 13.50 8.79 5.31 16.26 15.76 7.94 18.02 1.92 22.85 14.78 6.70
12.92 18.93 16.30 7.42 13.98 4.05 8.48 23.41 5.53 14.64 24.62 19.89 17.65 14.45 10.82 27.97 11.59 5.08
13.06 18.77 16.30 7.89 13.98 3.71 8.10 23.43 5.12 14.74 24.41 19.52 17.58 13.97 10.90 27.61 12.07 5.39
10.74 21.72 16.07 3.14 14.35 12.53 16.46 21.84 14.41 12.82 27.65 26.67 18.55 24.31 10.68 34.21 3.30 6.43
14.81 8.47 9.70 26.57 11.87 22.68 20.71 4.67 22.85 12.72 8.10 17.89 7.98 28.54 15.59 19.48 28.80 22.34
16.39 18.17 17.99 13.87 15.79 4.71 5.50 24.99 3.47 17.55 23.04 15.78 18.38 7.99 13.85 23.80 18.05 10.57
23.81 16.82 21.71 27.23 20.65 16.77 12.57 26.37 14.97 23.63 17.87 6.99 20.11 8.86 21.51 11.75 31.44 22.60
15.56 6.76 12.25 22.66 11.74 13.67 9.56 16.32 12.63 14.81 9.05 3.84 10.27 14.30 13.81 10.73 26.48 17.52
21.49 22.82 23.12 17.31 20.94 9.73 10.24 30.07 8.63 22.70 27.26 18.68 23.40 6.95 18.97 26.27 21.23 15.01
8.86 11.37 9.96 12.06 7.75 4.16 4.09 17.02 4.58 9.68 17.02 13.52 10.61 13.63 6.26 21.31 16.01 6.96
18.18 7.84 14.30 25.80 14.18 16.80 12.61 17.19 15.70 17.20 7.76 3.15 11.95 16.11 16.63 7.68 29.58 20.65
14.00 24.81 19.31 3.78 17.54 14.26 18.50 25.09 16.10 16.08 30.77 29.19 21.76 25.53 13.82 36.90 0.57 8.71
12.68 1.31 8.08 22.26 8.52 15.30 12.25 10.85 14.91 11.31 5.67 8.98 5.51 19.18 11.74 13.39 25.56 17.24
14.14 5.00 8.75 25.36 10.47 20.12 17.64 6.96 20.04 12.20 4.74 14.01 6.24 24.96 14.26 16.01 28.07 20.73
15.18 12.22 11.00 27.01 13.32 24.83 23.55 3.87 25.30 13.11 12.61 22.12 10.33 32.00 16.63 23.99 28.63 23.38
2.55 10.87 3.95 14.32 3.95 13.93 14.52 8.94 15.02 0.98 16.18 19.48 6.73 24.07 4.69 25.29 16.20 10.93
13.60 6.96 8.36 25.26 10.46 21.13 19.14 4.48 21.28 11.53 7.38 16.61 6.47 27.01 14.22 18.72 27.62 20.93
3.37 14.65 8.68 8.58 7.08 10.65 12.93 14.68 12.23 5.48 20.49 21.09 11.22 22.24 3.76 28.03 10.68 5.81
25.32 16.90 22.57 29.86 21.82 19.49 15.12 26.44 17.77 24.88 16.79 6.64 20.63 12.24 23.20 8.88 34.02 25.05
4.44 13.44 8.62 8.45 6.50 7.76 9.97 15.42 9.28 6.27 19.41 18.70 10.70 19.26 2.73 25.98 11.57 4.10
14.17 13.30 14.33 15.73 12.40 5.30 1.29 20.95 3.63 14.77 17.92 10.96 14.15 8.33 11.60 19.07 19.93 11.15
27.71 25.82 28.08 25.34 26.19 16.50 14.98 34.44 14.88 28.51 28.88 18.48 27.62 5.76 25.11 24.50 29.34 22.47
18.87 7.49 14.40 27.51 14.74 19.05 15.05 16.06 18.10 17.61 5.37 5.87 11.78 18.98 17.66 7.11 31.11 22.37
4.65 16.27 10.04 8.08 8.65 11.94 14.53 15.53 13.61 6.63 22.05 22.87 12.68 23.71 5.52 29.80 9.52 6.47
12.62 2.21 7.38 23.30 8.64 17.48 14.87 8.14 17.32 10.88 4.88 11.82 4.61 22.23 12.31 15.04 26.26 18.51
13.25 11.85 13.05 15.91 11.20 5.75 1.30 19.58 4.39 13.70 16.54 10.12 12.77 9.44 10.72 18.22 20.05 11.10
4.63 7.15 2.14 15.34 0.49 11.77 11.20 9.27 12.41 3.47 12.93 15.17 3.79 20.54 4.23 21.19 18.11 10.85
14.81 11.37 10.43 26.67 12.76 24.20 22.82 3.43 24.63 12.72 11.76 21.25 9.62 31.20 16.15 23.15 28.41 22.92
12.06 14.43 13.59 11.98 11.37 1.57 2.91 20.64 0.97 13.13 19.75 14.31 14.15 10.93 9.49 22.39 16.19 7.53
17.60 17.50 18.40 16.46 16.35 6.56 5.18 25.14 4.80 18.48 21.88 13.68 18.37 5.46 15.00 21.55 20.68 12.77
10.68 21.08 15.85 1.56 13.96 10.88 14.94 22.00 12.76 12.80 27.05 25.44 18.19 22.56 10.18 33.11 4.10 4.99
12.16 9.89 11.37 16.36 9.67 6.83 2.91 17.72 5.86 12.36 14.68 9.23 10.89 11.09 9.74 17.19 20.39 11.33
4.91 13.70 6.80 15.12 7.27 16.66 17.67 9.34 17.92 4.30 18.56 22.72 9.41 27.26 7.48 28.26 16.14 12.72
8.81 4.22 3.43 20.06 5.15 15.74 14.11 6.07 16.01 6.94 8.90 14.30 1.00 22.66 8.95 18.73 22.71 15.56
11.95 15.14 13.87 11.04 11.61 0.57 3.92 20.98 1.36 13.16 20.56 15.32 14.62 11.52 9.42 23.40 15.26 6.76
21.02 20.65 21.86 18.80 19.83 9.66 8.63 28.55 8.07 21.95 24.66 15.54 21.76 3.69 18.43 22.98 22.91 15.66
8.58 13.17 10.82 9.97 8.51 3.22 5.35 17.97 4.48 9.83 18.94 15.59 11.91 14.42 6.05 23.42 13.97 4.92
28.11 17.05 23.92 35.45 24.06 25.79 21.34 25.32 24.37 27.02 13.75 9.95 21.34 21.04 26.61 2.47 39.35 30.34
21.71 11.18 17.80 28.96 17.72 19.52 15.15 20.25 18.23 20.74 9.66 3.82 15.38 16.74 20.11 4.41 32.83 23.83
21.52 9.99 16.94 30.16 17.38 21.50 17.37 17.99 20.46 20.21 6.52 7.06 14.26 20.36 20.34 4.91 33.79 25.01
16.32 4.87 11.13 26.67 12.28 19.96 16.75 10.88 19.51 14.63 1.14 10.77 8.35 22.84 15.84 12.05 29.79 21.74
18.78 20.39 20.43 15.30 18.24 7.04 7.72 27.41 5.91 19.98 25.06 17.11 20.78 7.17 16.26 24.97 19.36 12.55
6.30 8.59 6.34 13.38 4.19 7.69 7.08 13.39 8.20 6.54 14.51 13.47 7.09 16.58 4.03 20.59 16.85 8.34
10.92 6.34 5.76 22.64 7.95 19.03 17.45 3.26 19.34 8.84 8.85 16.56 4.30 25.84 11.65 19.80 24.93 18.41
26.32 26.34 27.51 22.28 25.43 14.63 14.31 34.27 13.32 27.40 30.14 20.44 27.48 7.15 23.76 27.26 26.09 20.08
25.77 15.47 22.04 32.26 21.85 22.35 17.88 24.48 20.85 24.90 13.52 6.75 19.66 17.21 24.03 3.51 36.26 27.21
3.59 15.09 8.32 11.22 7.61 14.06 15.93 12.84 15.56 4.83 20.58 22.89 11.09 25.41 5.78 29.25 12.29 9.27
21.38 20.88 22.18 19.17 20.16 10.03 8.95 28.85 8.44 22.29 24.84 15.61 22.05 3.47 18.78 22.98 23.28 16.04
24.23 23.04 24.82 21.91 22.86 12.95 11.62 31.35 11.34 25.09 26.57 16.69 24.52 3.38 21.63 23.49 25.97 18.93
25.16 22.24 24.99 24.36 23.24 14.64 12.26 31.10 12.85 25.75 25.08 14.61 24.31 2.71 22.58 20.74 28.52 20.86
6.19 17.88 11.54 7.59 10.25 12.97 15.85 16.72 14.72 8.08 23.64 24.47 14.23 24.87 7.15 31.43 8.35 7.11
17.57 5.92 12.87 26.77 13.42 18.84 15.09 14.17 18.07 16.19 3.67 7.24 10.18 19.94 16.56 8.85 30.24 21.67
1.27 12.62 5.94 12.07 5.11 12.85 14.14 11.25 14.17 2.43 18.17 20.47 8.69 23.71 3.82 26.76 13.85 9.04
15.51 12.87 14.97 17.88 13.24 7.48 3.20 21.21 5.79 15.87 16.94 9.04 14.38 7.52 13.00 17.10 22.07 13.22
4.71 8.58 4.95 13.24 2.66 8.96 8.78 12.09 9.68 4.81 14.55 14.71 6.24 18.30 2.76 21.52 16.42 8.44
24.44 23.83 25.30 21.48 23.28 12.95 12.06 31.94 11.45 25.39 27.54 17.81 25.13 4.56 21.85 24.72 25.47 18.76
10.81 21.29 16.00 1.66 14.13 11.16 15.21 22.11 13.03 12.92 27.26 25.70 18.36 22.83 10.37 33.36 3.84 5.25
8.34 8.73 4.37 20.21 6.63 18.25 17.54 3.04 18.91 6.24 12.36 18.87 4.96 26.59 9.75 22.99 22.09 16.48
9.68 13.79 11.81 10.17 9.51 2.14 4.70 18.95 3.42 10.92 19.46 15.46 12.78 13.47 7.15 23.40 14.28 5.33
19.11 14.31 17.83 21.81 16.40 11.35 7.20 23.43 9.57 19.23 17.13 7.19 16.75 6.24 16.68 14.66 26.02 17.22
15.96 10.36 14.10 20.56 12.86 10.56 6.10 19.48 9.14 15.81 13.59 5.35 12.84 9.85 13.70 13.46 24.64 15.59
10.44 2.17 6.28 19.86 6.31 13.25 10.61 10.56 13.04 9.24 7.98 9.90 4.17 18.40 9.37 15.35 23.16 14.87
16.95 12.08 15.50 20.54 14.11 10.24 5.81 21.11 8.62 16.98 15.29 6.33 14.41 8.10 14.58 14.32 24.69 15.73
23.19 12.44 19.17 30.52 19.17 21.05 16.65 21.28 19.72 22.17 10.27 5.25 16.69 17.76 21.63 2.87 34.39 25.40
21.02 21.58 22.28 17.82 20.17 9.37 9.18 29.13 8.01 22.10 25.85 17.06 22.39 5.37 18.46 24.61 21.86 15.07
16.39 13.21 15.67 18.78 14.01 8.35 4.14 21.77 6.62 16.69 17.00 8.56 14.96 6.95 13.89 16.56 22.98 14.16
24.77 13.27 20.22 33.13 20.64 24.12 19.84 21.02 22.94 23.49 9.36 8.73 17.54 21.57 23.54 2.46 36.84 27.98
24.44 16.89 22.09 28.28 21.14 17.84 13.58 26.46 16.07 24.16 17.50 6.77 20.36 10.14 22.21 10.68 32.48 23.58
18.65 9.75 15.48 24.95 14.92 15.30 10.90 19.32 13.97 17.99 10.69 0.65 13.46 13.21 16.77 8.62 28.91 19.87
14.50 9.66 12.83 19.21 11.49 9.41 5.04 18.49 8.13 14.40 13.49 6.45 11.76 10.41 12.22 14.51 23.26 14.20
17.13 15.18 17.04 18.06 15.20 7.61 4.26 23.43 5.74 17.68 19.16 10.62 16.60 5.44 14.56 18.51 22.29 13.77
17.81 17.91 18.71 16.38 16.65 6.63 5.52 25.49 4.93 18.74 22.32 14.10 18.73 5.48 15.22 21.97 20.58 12.79
10.44 4.41 5.06 21.85 6.95 17.49 15.66 5.17 17.68 8.48 7.81 14.67 2.83 23.91 10.75 18.32 24.42 17.38
12.65 5.68 7.32 24.19 9.32 19.81 17.79 4.79 19.94 10.62 6.93 15.53 5.23 25.70 13.10 18.11 26.66 19.77
7.28 12.01 9.35 10.44 7.03 4.66 5.99 16.50 5.74 8.41 17.86 15.31 10.51 15.39 4.71 22.96 14.26 5.29
3.99 12.67 5.74 14.84 6.13 15.75 16.61 9.00 16.95 3.17 17.66 21.60 8.41 26.19 6.51 27.21 16.15 12.10
12.66 22.10 17.52 1.34 15.45 9.89 14.26 24.04 11.68 14.76 28.06 25.31 19.64 20.95 11.66 33.20 5.11 5.24
22.21 23.90 24.03 17.41 21.82 10.45 11.28 31.02 9.49 23.48 28.41 19.85 24.39 7.94 19.72 27.43 21.22 15.44
10.88 4.40 5.50 22.28 7.38 17.83 15.93 5.19 18.00 8.92 7.46 14.63 3.23 24.09 11.17 18.09 24.86 17.80
23.28 11.84 18.78 31.61 19.15 22.66 18.41 19.86 21.50 22.02 8.31 7.46 16.12 20.53 22.02 3.08 35.31 26.46
15.12 8.53 12.74 20.84 11.72 11.30 7.00 17.79 10.10 14.75 11.74 4.72 11.26 11.74 13.04 12.65 24.81 15.76
10.15 21.50 15.54 4.66 13.98 13.46 17.18 20.98 15.33 12.17 27.38 27.02 18.12 25.35 10.46 34.40 4.10 7.23
16.63 18.65 18.35 13.70 16.14 4.89 6.00 25.37 3.81 17.83 23.56 16.30 18.80 8.22 14.10 24.32 17.85 10.57
22.67 18.18 21.70 24.01 20.18 13.64 10.12 27.36 11.76 22.94 20.62 10.04 20.67 3.96 20.17 16.36 28.25 19.82
12.93 3.08 7.60 23.83 9.05 18.24 15.71 7.56 18.13 11.11 4.80 12.56 4.89 23.10 12.78 15.43 26.69 19.09
17.58 7.55 13.83 25.05 13.62 16.02 11.84 17.02 14.93 16.65 8.06 2.95 11.56 15.56 15.97 8.38 28.84 19.91
3.42 15.08 8.38 10.75 7.52 13.59 15.53 13.14 15.10 4.86 20.62 22.68 11.14 24.99 5.46 29.14 11.93 8.76
28.01 26.48 28.55 25.23 26.62 16.66 15.38 35.00 15.10 28.87 29.65 19.32 28.17 6.41 25.42 25.42 29.18 22.54
9.62 20.69 14.96 3.72 13.28 12.17 15.92 20.71 14.04 11.69 26.61 25.90 17.47 24.06 9.64 33.36 4.41 5.94
18.93 16.19 18.59 19.82 16.84 9.43 6.11 24.78 7.55 19.41 19.72 10.37 17.97 3.93 16.38 17.94 24.06 15.62
15.56 8.33 12.93 21.55 12.04 12.06 7.77 17.72 10.86 15.09 11.19 4.04 11.31 12.19 13.54 11.90 25.50 16.45
9.61 11.34 6.77 21.23 8.86 20.39 20.00 3.15 21.19 7.68 14.45 21.54 7.67 29.18 11.48 25.38 22.64 17.98
16.35 7.35 10.98 27.74 12.83 22.59 20.03 7.70 22.48 14.35 5.02 15.49 8.62 27.06 16.63 16.30 30.34 23.17
14.40 7.01 11.58 20.99 10.77 11.91 7.83 16.34 10.89 13.84 10.31 4.94 9.92 13.27 12.48 12.37 24.85 15.85
5.50 6.37 1.16 16.57 1.67 12.95 12.12 8.08 13.51 3.93 11.96 15.10 2.60 21.30 5.46 20.72 19.25 12.13
19.20 16.36 18.82 20.07 17.09 9.69 6.37 24.99 7.81 19.66 19.83 10.37 18.18 3.73 16.64 17.89 24.31 15.89
10.39 18.29 14.51 4.75 12.26 5.74 10.00 21.43 7.60 12.30 24.19 21.00 16.28 17.37 8.68 28.91 8.96 2.02
14.43 13.19 14.44 16.16 12.54 5.74 1.62 20.99 4.06 14.98 17.71 10.57 14.18 8.12 11.86 18.67 20.36 11.56
25.78 23.29 25.83 24.41 24.01 14.97 12.92 32.05 13.23 26.45 26.24 15.83 25.23 3.38 23.19 21.98 28.53 21.13
10.30 17.45 14.06 5.98 11.77 4.52 8.77 21.09 6.38 12.11 23.31 19.82 15.67 16.24 8.36 27.75 10.19 2.35
19.29 12.40 17.07 23.74 16.02 13.50 9.06 21.88 11.90 19.03 14.30 3.84 15.50 9.47 17.08 11.33 27.87 18.86
5.93 9.72 6.93 12.23 4.65 6.97 7.03 14.07 7.71 6.54 15.65 14.37 8.00 16.61 3.44 21.63 15.74 7.19
6.16 7.28 5.07 14.55 3.14 9.15 8.17 12.01 9.57 5.91 13.24 13.17 5.61 17.51 4.34 19.94 17.86 9.60
10.40 15.11 12.94 9.30 10.63 1.55 5.43 20.09 3.35 11.80 20.78 16.54 14.03 13.50 7.97 24.53 13.49 4.80
11.44 16.51 14.26 8.71 11.94 1.81 6.26 21.41 3.61 12.96 22.16 17.58 15.41 13.45 9.10 25.63 12.95 4.82
5.85 17.56 11.21 7.85 9.93 12.94 15.73 16.37 14.67 7.74 23.31 24.23 13.89 24.81 6.88 31.15 8.70 7.16
19.06 22.62 21.60 13.21 19.31 7.70 10.10 28.73 7.45 20.56 27.69 20.47 22.38 10.69 16.71 28.43 16.99 11.66
24.50 18.02 22.66 27.30 21.49 16.82 12.80 27.54 14.98 24.43 19.27 8.37 21.17 7.93 22.14 13.09 31.52 22.80
15.45 12.65 11.34 27.26 13.66 25.20 23.95 4.20 25.68 13.38 13.01 22.55 10.73 32.42 16.94 24.38 28.82 23.67
22.76 23.11 24.00 19.25 21.89 11.10 10.84 30.81 9.76 23.84 27.22 18.06 24.05 5.46 20.20 25.38 23.21 16.71
22.96 14.96 20.36 27.51 19.53 17.18 12.78 24.54 15.50 22.57 15.51 4.79 18.53 10.91 20.82 9.34 31.66 22.67
7.13 4.95 2.00 18.19 3.29 14.03 12.72 7.25 14.41 5.42 10.36 14.32 0.94 21.59 7.08 19.49 20.91 13.67
24.86 18.22 22.96 27.74 21.81 17.26 13.23 27.76 15.43 24.77 19.33 8.45 21.43 8.33 22.52 12.89 31.97 23.24
24.01 24.56 25.37 19.95 23.25 12.28 12.26 32.22 11.04 25.14 28.65 19.39 25.47 6.51 21.46 26.60 23.81 17.69
15.10 5.69 9.71 26.32 11.43 20.95 18.37 7.53 20.82 13.16 4.28 14.16 7.20 25.47 15.22 15.66 29.03 21.67
5.90 6.58 3.93 15.26 2.25 10.33 9.30 10.82 10.76 5.26 12.55 13.45 4.47 18.55 4.56 19.87 18.40 10.43
9.52 13.84 11.75 9.97 9.44 2.26 4.93 18.89 3.62 10.79 19.53 15.64 12.76 13.68 7.01 23.56 14.08 5.11
14.00 21.71 18.19 4.96 15.94 7.55 12.01 25.12 9.09 15.96 27.54 23.39 19.91 17.61 12.37 31.45 8.73 5.63
16.69 5.08 11.56 26.86 12.61 19.91 16.60 11.55 19.40 15.04 1.00 10.21 8.78 22.44 16.12 11.37 30.05 21.89
21.96 18.93 21.63 22.11 19.90 11.96 9.09 27.73 10.10 22.47 22.01 11.89 20.93 1.44 19.40 18.74 26.33 18.22
6.79 18.23 12.18 6.20 10.67 12.01 15.16 17.73 13.81 8.82 24.08 24.27 14.78 23.97 7.26 31.43 7.31 5.95
4.74 9.23 5.63 12.58 3.31 8.31 8.39 12.78 9.11 5.15 15.20 14.95 6.98 17.96 2.49 21.91 15.83 7.73
29.48 18.37 25.26 36.80 25.42 27.10 22.65 26.53 25.66 28.38 14.90 11.28 22.67 22.02 27.98 3.79 40.72 31.70
15.62 7.95 10.35 27.24 12.39 22.75 20.50 6.13 22.79 13.56 6.69 16.85 8.29 27.96 16.17 18.04 29.65 22.84
21.26 15.69 19.74 23.98 18.42 13.51 9.43 25.04 11.69 21.30 17.85 7.23 18.47 6.35 18.86 13.84 28.20 19.44
9.54 20.22 14.78 2.79 12.96 10.97 14.82 20.82 12.84 11.65 26.17 25.00 17.18 22.82 9.22 32.56 4.76 4.80
27.85 17.11 23.87 34.73 23.86 24.90 20.43 25.72 23.42 26.87 14.33 9.17 21.38 19.64 26.23 3.01 38.70 29.65
20.72 21.54 22.09 17.35 19.96 9.03 9.06 28.98 7.74 21.84 25.91 17.26 22.26 5.82 18.17 24.87 21.37 14.66
11.14 16.72 14.19 8.06 11.86 2.43 6.84 21.33 4.26 12.73 22.43 18.11 15.45 14.10 8.88 26.14 12.29 4.21
18.35 11.57 16.13 22.99 15.08 12.84 8.37 21.02 11.29 18.08 13.75 3.74 14.60 9.75 16.15 11.60 27.10 18.07
17.65 10.75 15.33 22.62 14.31 12.60 8.13 20.18 11.13 17.33 13.06 3.51 13.77 10.34 15.49 11.55 26.70 17.65
7.45 4.34 2.82 18.05 3.35 13.28 11.74 8.25 13.56 5.96 10.06 13.30 1.49 20.52 7.00 18.70 20.94 13.37
23.30 12.21 19.06 31.07 19.23 21.81 17.47 20.73 20.56 22.17 9.45 6.20 16.50 19.00 21.87 2.42 34.88 25.93
6.26 18.00 11.58 7.96 10.36 13.40 16.23 16.60 15.14 8.09 23.72 24.74 14.29 25.29 7.37 31.64 8.54 7.55
12.86 1.61 8.32 22.32 8.71 15.23 12.11 11.16 14.80 11.53 5.70 8.67 5.78 18.94 11.87 13.14 25.65 17.29
11.21 21.79 16.44 1.80 14.60 11.66 15.74 22.48 13.53 13.32 27.75 26.24 18.82 23.29 10.84 33.90 3.31 5.79
4.24 14.78 9.27 7.67 7.42 9.35 11.87 15.62 10.99 6.34 20.71 20.57 11.64 21.06 3.73 27.74 10.23 4.45
24.69 22.68 24.92 23.09 23.05 13.73 11.88 31.27 12.02 25.42 25.90 15.71 24.44 2.61 22.09 22.23 27.20 19.85
9.12 12.58 10.81 11.03 8.54 3.11 4.32 17.93 3.92 10.18 18.25 14.53 11.66 13.58 6.54 22.40 15.06 6.01
15.17 17.86 17.12 12.33 14.87 3.41 5.44 24.20 2.70 16.44 22.99 16.39 17.72 9.53 12.67 24.48 16.52 9.03
13.88 17.15 16.02 11.25 13.74 2.15 5.16 23.13 2.08 15.20 22.45 16.46 16.76 10.65 11.41 24.57 15.47 7.73
22.34 12.25 18.68 29.04 18.44 19.34 14.90 21.48 17.94 21.49 11.11 3.50 16.37 15.68 20.61 4.74 32.99 23.95
24.96 15.70 21.79 30.41 21.26 20.22 15.77 25.12 18.60 24.34 14.95 5.71 19.66 14.12 23.00 6.56 34.50 25.47
19.87 8.30 15.25 28.71 15.72 20.31 16.31 16.40 19.36 18.53 5.17 6.80 12.57 20.05 18.74 6.51 32.28 23.57
22.99 22.87 24.02 19.90 21.96 11.42 10.80 30.76 9.98 24.00 26.82 17.46 23.97 4.64 20.41 24.67 23.90 17.18
20.59 12.71 17.97 25.54 17.13 15.37 10.91 22.29 13.78 20.18 13.79 2.89 16.18 10.83 18.48 9.57 29.65 20.61
24.70 16.18 21.89 29.45 21.17 19.12 14.72 25.71 17.43 24.23 16.07 5.92 19.93 12.32 22.61 8.43 33.59 24.60
19.01 9.16 15.40 26.04 15.11 16.67 12.34 18.61 15.43 18.16 9.23 1.74 13.16 14.99 17.31 7.33 29.91 20.91
12.18 1.98 7.93 21.36 8.06 14.18 11.09 11.47 13.76 10.97 6.75 8.51 5.59 18.14 11.05 13.62 24.75 16.31
23.82 17.23 21.91 26.87 20.76 16.39 12.29 26.75 14.57 23.72 18.50 7.60 20.40 8.06 21.48 12.59 31.09 22.31
7.32 8.83 7.32 13.51 5.23 6.94 6.01 14.29 7.28 7.62 14.65 12.79 7.82 15.50 4.94 20.12 17.14 8.39
18.13 13.79 17.00 20.79 15.50 10.34 6.15 22.76 8.58 18.30 16.93 7.46 16.02 6.42 15.68 15.19 25.00 16.18
8.22 16.19 12.23 5.98 10.00 5.53 9.19 19.17 7.37 10.08 22.13 19.63 14.04 17.50 6.42 27.39 9.91 0.86
22.43 10.72 17.64 31.45 18.28 23.01 18.95 18.02 22.02 21.01 6.33 8.75 14.90 22.05 21.40 5.30 35.01 26.32
22.60 13.27 19.34 28.49 18.86 18.50 14.02 22.72 16.98 21.93 12.84 3.31 17.21 13.84 20.70 6.35 32.54 23.48
16.02 6.19 10.63 27.16 12.30 21.57 18.84 8.38 21.37 14.09 3.67 14.03 8.07 25.67 16.07 15.04 29.92 22.47
16.24 6.94 12.76 23.48 12.36 14.48 10.34 16.52 13.42 15.42 8.64 3.38 10.66 14.70 14.54 9.92 27.29 18.34
23.44 13.51 19.89 29.80 19.58 19.93 15.46 22.77 18.46 22.64 12.35 4.29 17.61 15.45 21.65 4.73 33.80 24.75
3.95 14.80 9.11 7.92 7.35 9.85 12.30 15.33 11.47 6.06 20.70 20.83 11.55 21.53 3.76 27.92 10.30 4.93
12.96 1.79 8.46 22.35 8.81 15.19 12.02 11.34 14.73 11.65 5.73 8.48 5.94 18.79 11.94 13.01 25.70 17.31
25.20 14.50 21.23 32.26 21.21 22.58 18.14 23.27 21.17 24.21 12.09 6.74 18.76 18.28 23.60 1.97 36.19 27.16
24.60 24.70 25.78 20.86 23.69 12.93 12.59 32.55 11.59 25.67 28.63 19.13 25.78 6.01 22.04 26.18 24.76 18.48
12.02 1.35 6.89 22.52 7.97 16.56 13.96 8.49 16.40 10.36 5.45 11.34 4.12 21.42 11.58 15.06 25.53 17.68
21.16 10.23 17.01 28.95 17.10 19.81 15.53 19.06 18.63 20.07 8.23 4.62 14.50 17.84 19.71 4.57 32.74 23.81
27.56 26.50 28.30 24.39 26.32 16.08 15.08 34.85 14.59 28.49 29.87 19.70 28.02 6.54 24.98 26.03 28.30 21.85
11.57 4.12 8.23 19.68 7.67 11.94 8.73 13.02 11.44 10.74 8.98 7.91 6.50 16.01 10.00 14.28 23.26 14.56
8.31 6.53 3.27 20.06 5.56 16.97 15.84 4.13 17.46 6.24 10.55 16.66 2.84 24.69 9.14 20.89 22.33 15.93
3.46 14.30 7.39 12.60 7.05 14.78 16.29 11.46 16.18 4.05 19.61 22.55 10.17 25.84 5.98 28.64 13.72 10.38
11.72 5.38 6.39 23.27 8.41 19.04 17.14 4.49 19.21 9.69 7.46 15.46 4.36 25.24 12.19 18.45 25.74 18.87
17.92 6.88 13.66 26.26 13.83 17.70 13.68 15.91 16.74 16.76 6.00 4.91 11.14 17.79 16.59 7.83 29.91 21.12
9.19 17.11 13.25 5.36 11.01 5.49 9.47 20.18 7.37 11.08 23.04 20.20 15.03 17.39 7.43 28.04 9.45 0.99
26.27 16.70 22.95 31.87 22.51 21.69 17.24 26.00 20.07 25.58 15.47 6.97 20.74 15.36 24.35 6.02 35.97 26.92
11.40 22.26 16.71 2.72 14.95 12.59 16.62 22.54 14.47 13.49 28.21 27.00 19.16 24.26 11.24 34.60 2.71 6.62
13.92 22.34 18.40 3.73 16.21 8.75 13.22 25.19 10.39 15.95 28.23 24.54 20.28 19.08 12.52 32.55 7.28 5.73
10.81 20.75 15.81 1.09 13.82 9.85 14.00 22.18 11.72 12.92 26.72 24.68 18.04 21.44 10.02 32.43 4.91 4.20
15.20 6.16 11.76 22.58 11.33 13.77 9.76 15.73 12.81 14.39 8.56 4.33 9.72 14.81 13.51 10.89 26.35 17.43
23.82 21.82 24.03 22.43 22.16 12.94 11.00 30.38 11.20 24.54 25.11 15.02 23.56 1.78 21.23 21.70 26.56 19.09
23.39 12.92 19.53 30.36 19.42 20.72 16.29 21.93 19.34 22.45 11.11 4.87 17.12 16.95 21.74 3.34 34.29 25.26
12.66 18.56 15.97 7.55 13.65 3.70 8.15 23.09 5.23 14.35 24.24 19.55 17.29 14.30 10.52 27.62 11.75 4.94
15.61 6.49 10.23 26.93 12.03 21.72 19.17 7.44 21.61 13.64 4.69 14.87 7.81 26.27 15.83 16.06 29.58 22.34
19.86 20.98 21.33 16.47 19.17 8.14 8.40 28.25 6.90 21.00 25.47 17.11 21.57 6.31 17.31 24.84 20.52 13.74
8.00 4.58 4.76 17.25 4.01 11.29 9.38 10.68 11.37 7.07 10.54 11.57 3.86 18.07 6.74 17.73 20.51 12.30
10.78 4.77 5.41 22.25 7.37 17.98 16.15 4.82 18.18 8.79 7.77 15.00 3.30 24.38 11.16 18.45 24.77 17.82
24.87 25.29 26.20 20.73 24.08 13.15 13.06 33.02 11.89 25.99 29.30 19.89 26.27 6.81 22.32 26.97 24.57 18.54
10.98 20.60 15.87 1.32 13.82 9.24 13.45 22.36 11.09 13.07 26.56 24.24 18.02 20.75 10.02 32.04 5.47 3.85
25.71 16.06 22.34 31.48 21.93 21.36 16.89 25.34 19.76 25.00 14.82 6.41 20.11 15.38 23.82 5.58 35.56 26.51
13.48 10.30 9.06 25.35 11.38 22.84 21.51 2.12 23.28 11.38 11.29 20.34 8.29 29.98 14.78 22.66 27.15 21.56
22.15 20.89 22.63 20.48 20.69 11.07 9.45 29.15 9.37 22.96 24.55 14.94 22.33 2.12 19.55 22.07 24.61 17.18
18.48 17.99 19.14 17.36 17.13 7.50 5.91 25.82 5.74 19.32 22.19 13.60 19.03 4.53 15.88 21.36 21.56 13.71
23.84 17.42 22.01 26.73 20.83 16.25 12.20 26.92 14.42 23.78 18.78 7.87 20.54 7.73 21.49 12.95 30.95 22.21
15.75 13.39 11.83 27.51 14.14 25.71 24.56 4.68 26.24 13.71 13.78 23.32 11.35 33.10 17.33 25.15 28.97 24.03
15.43 4.05 10.93 24.50 11.29 16.71 13.12 13.13 16.03 14.14 4.66 6.98 8.34 18.73 14.32 10.55 27.97 19.40
26.22 17.94 23.56 30.48 22.77 20.06 15.75 27.48 18.31 25.82 17.82 7.68 21.65 12.21 24.07 9.58 34.66 25.73
23.03 11.47 18.42 31.61 18.89 22.84 18.65 19.24 21.74 21.71 7.62 7.94 15.73 21.12 21.85 3.82 35.27 26.47
27.12 16.28 23.07 34.20 23.10 24.47 20.01 24.83 23.03 26.10 13.42 8.66 20.55 19.65 25.54 2.10 38.14 29.10
13.49 7.00 8.27 25.17 10.38 21.09 19.13 4.34 21.25 11.41 7.51 16.69 6.41 27.04 14.13 18.85 27.51 20.85
26.42 23.33 26.21 25.52 24.47 15.88 13.52 32.26 14.10 27.00 25.99 15.39 25.48 3.97 23.84 21.19 29.66 22.09
26.65 15.39 22.31 34.42 22.56 25.01 20.62 23.47 23.69 25.48 11.86 9.21 19.69 21.18 25.25 1.10 38.25 29.28
25.27 25.36 26.47 21.39 24.38 13.59 13.27 33.24 12.27 26.35 29.24 19.67 26.46 6.46 22.71 26.63 25.25 19.10
24.23 20.92 23.86 24.03 22.16 14.06 11.35 29.86 12.22 24.73 23.69 13.21 23.09 2.20 21.66 19.44 28.23 20.31
18.87 16.25 18.58 19.68 16.82 9.29 6.03 24.81 7.41 19.37 19.83 10.52 17.99 3.90 16.31 18.11 23.91 15.49
5.67 11.89 8.30 10.01 5.99 6.12 7.60 15.42 7.35 6.95 17.85 16.30 9.83 17.04 3.14 23.73 13.55 4.99
10.19 19.64 14.99 2.26 12.91 8.49 12.62 21.55 10.36 12.27 25.61 23.33 17.11 20.16 9.13 31.11 6.29 2.89
26.12 22.70 25.75 25.60 24.06 15.80 13.23 31.72 13.98 26.64 25.26 14.61 24.95 3.82 23.55 20.35 29.77 22.03
2.42 13.58 7.65 9.45 6.01 10.47 12.40 13.80 11.95 4.53 19.42 20.17 10.16 21.83 2.77 27.03 11.72 6.20
5.52 6.59 0.50 16.86 2.09 13.57 12.80 7.47 14.16 3.76 12.01 15.61 2.53 21.98 5.79 21.06 19.42 12.54
11.70 12.18 12.22 13.86 10.17 3.95 1.21 19.06 3.06 12.39 17.34 11.95 12.37 10.77 9.12 19.99 18.00 9.03
15.15 6.94 9.81 26.65 11.75 21.88 19.53 6.39 21.87 13.13 5.83 15.81 7.58 26.92 15.55 17.21 29.17 22.16
16.09 7.24 10.72 27.50 12.59 22.43 19.92 7.41 22.34 14.08 5.18 15.56 8.38 27.03 16.39 16.50 30.08 22.94
20.79 11.44 17.48 27.02 17.01 17.22 12.77 20.93 15.79 20.08 11.41 1.52 15.34 13.80 18.93 6.90 31.01 21.96
17.68 20.59 19.87 13.20 17.60 6.02 8.01 26.96 5.48 19.05 25.60 18.39 20.51 9.37 15.24 26.39 17.21 10.84
2.14 9.74 3.88 13.02 2.11 11.04 11.49 10.67 12.04 2.07 15.53 17.20 6.26 21.05 2.09 23.58 15.59 8.87
20.82 20.37 21.62 18.76 19.60 9.51 8.39 28.30 7.90 21.74 24.38 15.26 21.50 3.56 18.23 22.72 22.89 15.55
8.76 5.69 3.49 20.38 5.65 16.83 15.48 4.53 17.23 6.73 9.73 15.87 2.30 24.18 9.36 20.03 22.78 16.11
24.87 25.25 26.19 20.78 24.07 13.16 13.04 33.00 11.89 25.99 29.25 19.82 26.24 6.73 22.32 26.89 24.62 18.57
10.95 3.14 7.25 19.69 6.93 12.48 9.55 11.87 12.12 9.96 8.47 8.84 5.38 17.12 9.59 14.78 23.14 14.62
8.93 18.35 13.67 3.47 11.59 7.92 11.83 20.27 9.80 10.99 24.32 22.29 15.78 19.80 7.80 30.00 7.24 1.83
15.95 18.77 18.01 12.48 15.75 4.21 6.29 25.09 3.62 17.26 23.87 17.08 18.64 9.46 13.47 25.15 16.62 9.51
15.05 3.45 9.96 25.25 10.97 18.51 15.37 10.53 18.09 13.43 2.53 10.13 7.18 21.73 14.48 12.41 28.41 20.30
18.05 18.89 19.30 15.72 17.17 6.50 6.30 26.19 5.04 19.10 23.44 15.40 19.49 6.21 15.48 23.28 19.88 12.46
8.41 4.04 3.13 19.49 4.60 15.02 13.39 6.73 15.28 6.64 9.13 13.91 0.37 21.99 8.39 18.62 22.22 14.93
26.82 26.80 28.00 22.71 25.92 15.12 14.80 34.76 13.82 27.90 30.57 20.80 27.97 7.50 24.26 27.55 26.51 20.56
12.26 1.51 7.83 21.67 8.12 14.64 11.60 11.06 14.25 10.98 6.32 8.83 5.38 18.66 11.23 13.65 25.00 16.64
15.62 16.58 16.78 14.43 14.65 4.40 3.90 23.68 2.68 16.61 21.37 14.11 17.00 7.60 13.04 22.16 18.66 10.62
8.03 16.02 12.04 6.11 9.80 5.56 9.15 18.97 7.39 9.89 21.96 19.52 13.85 17.54 6.22 27.26 10.01 0.96
12.12 0.48 7.21 22.26 8.00 15.90 13.14 9.44 15.66 10.59 5.53 10.38 4.50 20.44 11.47 14.42 25.40 17.34
9.96 11.12 6.86 21.63 9.02 20.59 20.09 2.65 21.35 7.99 14.06 21.35 7.57 29.21 11.75 25.05 23.10 18.31
16.47 20.07 18.92 11.78 16.63 5.01 7.74 26.05 4.89 17.92 25.27 18.62 19.72 10.53 14.08 26.69 15.82 9.42
19.15 7.38 14.24 28.65 15.00 20.83 17.07 14.65 20.06 17.65 3.12 8.59 11.48 21.62 18.28 8.30 32.06 23.57
11.67 9.81 11.00 15.92 9.24 6.54 2.88 17.43 5.69 11.90 14.75 9.65 10.62 11.45 9.24 17.57 19.93 10.87
18.50 20.29 20.22 14.94 18.02 6.75 7.61 27.22 5.69 19.72 25.02 17.20 20.61 7.49 15.98 25.09 19.00 12.20
17.77 13.89 16.83 20.16 15.26 9.70 5.58 22.73 7.92 18.00 17.25 8.03 15.96 6.20 15.29 15.83 24.37 15.59
5.30 17.07 10.52 9.06 9.45 13.63 16.16 15.35 15.30 7.01 22.72 24.18 13.25 25.39 6.76 30.91 9.80 8.09
23.71 21.29 23.72 22.77 21.91 13.07 10.83 29.97 11.28 24.35 24.43 14.24 23.15 1.27 21.12 20.84 26.93 19.27
13.12 13.37 13.71 14.34 11.67 3.95 0.73 20.52 2.43 13.87 18.32 12.05 13.80 9.37 10.53 20.16 18.54 9.75
14.47 9.45 9.62 26.32 11.88 23.03 21.33 3.59 23.32 12.35 9.60 19.16 8.29 29.44 15.48 20.99 28.35 22.28
19.95 9.12 15.84 27.78 15.90 18.75 14.51 18.11 17.61 18.88 7.66 4.04 13.36 17.36 18.49 5.79 31.55 22.63
13.24 3.13 7.92 24.10 9.34 18.40 15.81 7.83 18.26 11.43 4.47 12.39 5.20 23.09 13.06 15.13 26.98 19.34
21.34 21.04 22.23 18.94 20.19 9.92 9.00 28.93 8.37 22.29 25.05 15.90 22.14 3.82 18.75 23.30 23.03 15.88
9.66 20.85 15.03 4.09 13.39 12.57 16.29 20.66 14.44 11.72 26.75 26.20 17.56 24.47 9.79 33.62 4.39 6.34
9.13 3.52 5.45 18.38 5.07 12.03 9.72 10.70 11.95 8.09 9.43 10.66 3.93 18.02 7.92 16.60 21.68 13.40
17.46 16.99 18.08 16.78 16.07 6.69 4.84 24.76 4.87 18.28 21.29 13.02 17.97 5.29 14.87 20.89 21.01 12.94
15.94 5.33 10.59 26.79 12.06 20.74 17.83 9.28 20.45 14.10 2.46 12.65 7.90 24.41 15.77 13.83 29.70 21.99
9.35 12.38 10.84 11.42 8.60 3.16 3.95 17.94 3.77 10.34 18.01 14.14 11.59 13.27 6.76 22.02 15.46 6.41
16.26 12.02 15.04 19.62 13.55 9.32 4.90 20.85 7.72 16.37 15.56 7.07 14.09 8.06 13.85 15.12 23.78 14.83
17.80 17.54 18.53 16.75 16.50 6.82 5.30 25.25 5.05 18.66 21.86 13.54 18.47 5.18 15.20 21.39 20.96 13.04
20.95 9.25 16.18 30.03 16.80 21.73 17.74 16.78 20.80 19.54 5.18 8.05 13.45 21.34 19.93 6.21 33.56 24.91
23.91 18.08 22.36 26.21 21.07 15.75 11.87 27.52 13.89 23.95 19.76 8.88 21.02 6.54 21.49 14.24 30.44 21.81
10.79 22.06 16.17 4.32 14.58 13.58 17.40 21.66 15.46 12.82 27.96 27.41 18.74 25.41 11.01 34.85 3.41 7.40
21.36 12.31 18.21 27.21 17.66 17.24 12.77 21.83 15.75 20.73 12.39 2.12 16.14 13.14 19.43 7.24 31.24 22.19
21.07 9.67 16.59 29.51 16.94 20.75 16.60 17.97 19.69 19.81 6.71 6.25 13.96 19.55 19.81 4.98 33.17 24.36
11.12 3.35 7.50 19.71 7.12 12.37 9.36 12.15 11.97 10.17 8.56 8.59 5.66 16.86 9.71 14.62 23.20 14.62
22.94 20.14 22.75 22.57 20.99 12.62 10.04 28.90 10.79 23.50 23.21 13.02 22.10 0.78 20.36 19.69 26.77 18.87
21.26 10.02 16.91 29.44 17.16 20.51 16.30 18.54 19.39 20.07 7.41 5.66 14.32 18.94 19.93 4.56 33.16 24.29
15.82 4.39 10.63 26.19 11.78 19.55 16.40 10.54 19.13 14.13 1.64 10.76 7.86 22.65 15.35 12.36 29.30 21.27
17.51 5.74 12.53 27.28 13.38 19.85 16.30 12.98 19.21 15.96 1.91 9.01 9.76 21.59 16.74 9.92 30.60 22.24
17.16 11.32 15.29 21.46 14.07 11.30 6.83 20.57 9.76 17.02 14.16 4.99 13.97 9.17 14.89 13.02 25.58 16.56
22.27 24.45 24.30 16.93 22.07 10.57 11.78 31.35 9.77 23.62 29.07 20.70 24.77 8.94 19.82 28.33 20.65 15.25
3.63 15.05 9.00 8.45 7.46 10.99 13.35 14.85 12.60 5.72 20.88 21.55 11.57 22.63 4.20 28.48 10.39 5.96
6.17 7.66 1.76 17.99 3.99 15.61 14.99 5.55 16.28 4.08 12.38 17.33 3.38 24.18 7.23 22.24 20.17 14.02
6.90 17.38 12.01 4.98 10.14 9.47 12.82 18.27 11.29 9.01 23.33 22.49 14.36 21.44 6.38 29.91 7.59 3.36
27.88 27.07 28.74 24.39 26.73 16.33 15.51 35.34 14.88 28.86 30.52 20.40 28.52 7.19 25.30 26.78 28.25 21.99
12.92 13.99 13.89 13.48 11.77 3.03 1.61 20.81 1.49 13.80 19.06 13.01 14.16 9.72 10.32 21.11 17.69 8.99
12.45 8.96 7.80 24.32 10.11 21.49 20.11 1.56 21.91 10.33 10.41 19.07 6.90 28.58 13.60 21.70 26.27 20.39
5.45 10.18 6.95 11.69 4.63 7.02 7.45 14.10 7.90 6.23 16.13 15.02 8.23 17.03 2.90 22.26 15.14 6.70
17.05 16.51 17.61 16.64 15.61 6.44 4.38 24.28 4.59 17.84 20.84 12.68 17.49 5.60 14.46 20.60 20.87 12.70
11.44 1.75 7.17 20.78 7.31 13.87 10.97 10.94 13.54 10.21 7.16 9.17 4.88 18.36 10.35 14.38 24.11 15.75
9.07 19.64 14.27 3.00 12.42 10.46 14.26 20.39 12.34 11.19 25.60 24.41 16.64 22.35 8.67 31.96 5.35 4.25
6.99 11.42 8.81 10.91 6.50 5.14 6.06 15.95 6.09 8.01 17.29 14.96 9.92 15.55 4.40 22.54 14.66 5.77
4.69 7.09 1.93 15.49 0.59 11.97 11.39 9.07 12.61 3.43 12.84 15.23 3.64 20.71 4.38 21.19 18.24 11.03
12.11 0.57 7.17 22.30 8.00 15.99 13.25 9.32 15.76 10.57 5.50 10.50 4.44 20.57 11.49 14.50 25.42 17.39
8.38 6.89 6.89 15.61 5.28 8.57 6.57 13.40 8.55 8.16 12.61 11.08 6.64 15.56 6.35 18.16 19.20 10.49
24.76 15.50 21.58 30.24 21.06 20.06 15.61 24.91 18.45 24.13 14.77 5.51 19.45 14.08 22.80 6.51 34.33 25.29
5.36 16.60 10.70 6.83 9.08 10.89 13.76 16.55 12.62 7.44 22.48 22.64 13.24 22.77 5.60 29.77 8.67 5.19
11.77 17.77 15.07 7.41 12.75 3.30 7.77 22.19 5.01 13.46 23.50 19.11 16.43 14.51 9.62 27.15 11.64 4.23
17.63 9.60 14.80 23.51 14.04 13.78 9.36 19.15 12.43 17.11 11.39 2.07 12.99 12.10 15.64 10.16 27.50 18.45
16.25 15.20 16.51 16.75 14.58 6.32 3.38 23.09 4.45 16.92 19.52 11.53 16.28 6.23 13.66 19.52 20.98 12.51
18.09 9.92 15.22 23.94 14.49 14.16 9.73 19.49 12.79 17.55 11.49 1.69 13.38 12.12 16.10 9.80 27.94 18.88
17.93 9.25 14.83 24.23 14.22 14.64 10.26 18.83 13.34 17.29 10.59 1.39 12.86 13.04 16.04 9.28 28.19 19.14
2.04 13.39 6.64 11.91 5.92 13.36 14.82 11.59 14.73 3.13 18.89 21.29 9.41 24.37 4.51 27.56 13.45 9.21
5.81 10.23 3.89 17.55 5.49 16.74 16.72 5.80 17.64 3.87 14.72 19.87 5.97 26.12 7.69 24.80 19.23 14.17
7.66 4.99 2.29 18.97 4.08 15.01 13.66 6.31 15.39 5.81 10.00 14.76 0.73 22.46 7.87 19.57 21.58 14.53
9.51 2.76 4.36 20.30 5.53 15.18 13.19 7.40 15.29 7.83 7.95 12.78 1.59 21.45 9.25 17.33 23.17 15.60
27.05 15.86 22.76 34.68 22.97 25.19 20.77 24.01 23.83 25.91 12.42 9.35 20.15 21.07 25.62 1.34 38.53 29.55
11.94 4.69 6.56 23.35 8.44 18.76 16.71 5.28 18.87 9.96 6.76 14.70 4.27 24.65 12.24 17.68 25.92 18.85
26.70 16.86 23.24 32.56 22.89 22.43 17.97 26.05 20.84 25.95 15.30 7.42 20.97 16.27 24.84 5.35 36.63 27.58
6.49 7.47 1.92 18.30 4.20 15.81 15.12 5.30 16.46 4.40 12.11 17.23 3.23 24.26 7.51 22.04 20.49 14.30
21.56 10.41 17.27 29.58 17.47 20.55 16.29 19.00 19.39 20.41 7.91 5.46 14.70 18.68 20.18 4.19 33.33 24.44
17.34 5.58 12.33 27.19 13.21 19.84 16.33 12.70 19.22 15.77 1.68 9.22 9.56 21.73 16.61 10.19 30.48 22.16
4.81 6.96 1.77 15.68 0.77 12.15 11.52 8.89 12.77 3.49 12.69 15.22 3.46 20.82 4.57 21.12 18.41 11.22
20.60 19.56 21.12 19.20 19.16 9.58 7.92 27.69 7.86 21.41 23.43 14.16 20.87 2.73 18.00 21.58 23.38 15.75
20.06 23.24 22.47 14.29 20.19 8.58 10.63 29.58 8.15 21.52 28.20 20.62 23.17 10.19 17.68 28.50 18.04 12.75
21.19 16.69 20.15 22.95 18.65 12.50 8.77 25.83 10.63 21.42 19.32 8.95 19.13 4.44 18.70 15.77 27.18 18.61
4.82 12.81 8.43 9.00 6.20 7.05 9.02 15.39 8.48 6.45 18.78 17.76 10.31 18.37 2.65 25.10 12.31 4.28
18.30 13.17 16.82 21.58 15.46 11.19 6.86 22.32 9.48 18.33 16.01 6.31 15.66 7.33 15.92 14.02 25.77 16.86
15.88 8.25 13.11 22.04 12.30 12.58 8.28 17.71 11.38 15.36 10.85 3.59 11.39 12.49 13.91 11.39 25.97 16.94
0.73 11.35 5.22 11.79 3.71 11.13 12.18 11.55 12.34 2.29 17.11 18.65 7.76 21.76 1.90 25.16 14.15 8.05
13.89 8.56 8.92 25.71 11.15 22.21 20.46 3.48 22.47 11.78 8.96 18.32 7.46 28.55 14.80 20.34 27.84 21.59
22.80 21.30 23.20 21.17 21.28 11.76 10.05 29.67 10.06 23.58 24.84 15.05 22.84 1.87 20.20 22.03 25.31 17.88
22.77 23.20 24.04 19.17 21.93 11.09 10.90 30.87 9.77 23.86 27.33 18.19 24.12 5.62 20.21 25.52 23.13 16.67
2.36 12.43 6.90 10.00 5.01 9.55 11.16 13.47 10.92 4.24 18.33 18.78 9.23 20.66 1.42 25.70 12.64 6.09
5.73 17.19 11.12 6.92 9.61 11.66 14.57 16.74 13.41 7.77 23.03 23.40 13.71 23.56 6.25 30.48 8.34 5.84
9.65 20.50 14.94 3.08 13.17 11.50 15.33 20.86 13.38 11.75 26.44 25.45 17.39 23.36 9.47 32.97 4.48 5.31
10.43 8.79 9.61 15.58 7.86 6.92 3.98 16.09 6.42 10.56 14.03 10.08 9.29 12.84 8.07 17.78 19.47 10.45
18.26 12.30 16.40 22.25 15.19 11.97 7.54 21.61 10.34 18.14 14.84 5.01 15.06 8.56 15.96 12.79 26.40 17.42
13.00 4.83 7.61 24.34 9.44 19.48 17.23 5.92 19.50 11.04 5.86 14.46 5.22 24.90 13.23 16.98 26.97 19.79
26.89 24.93 27.21 24.75 25.32 15.75 14.13 33.56 14.10 27.66 28.01 17.65 26.73 4.87 24.29 23.78 28.79 21.77
11.14 5.01 5.79 22.65 7.78 18.41 16.55 4.65 18.60 9.14 7.65 15.19 3.72 24.73 11.56 18.46 25.15 18.24
14.73 13.96 14.99 15.82 13.04 5.34 1.84 21.63 3.56 15.38 18.53 11.29 14.84 7.75 12.14 19.38 20.04 11.36
25.25 18.77 23.43 27.90 22.25 17.43 13.47 28.29 15.58 25.19 19.93 9.04 21.94 8.11 22.88 13.42 32.13 23.45
8.98 20.09 14.33 4.07 12.65 11.92 15.57 20.08 13.78 11.06 26.00 25.41 16.84 23.85 9.03 32.83 5.04 5.66
5.58 10.86 7.53 11.04 5.21 6.54 7.36 14.68 7.54 6.56 16.81 15.45 8.90 16.91 2.98 22.79 14.54 6.02
1.56 10.88 5.13 11.77 3.32 10.43 11.36 11.78 11.59 2.71 16.72 17.90 7.51 20.94 1.17 24.51 14.34 7.73
19.36 7.61 14.31 29.17 15.24 21.61 17.94 14.18 20.89 17.77 2.48 9.70 11.53 22.70 18.63 8.99 32.49 24.12
13.27 23.17 18.30 1.41 16.31 11.34 15.70 24.63 13.14 15.38 29.14 26.68 20.53 22.39 12.51 34.54 3.73 6.41
6.19 14.90 10.42 6.91 8.25 6.77 9.72 17.25 8.48 8.09 20.88 19.35 12.40 18.63 4.54 26.88 10.37 2.26
21.70 21.23 22.52 19.35 20.50 10.32 9.29 29.20 8.74 22.62 25.17 15.89 22.40 3.55 19.11 23.22 23.45 16.29
5.89 17.54 11.27 7.46 9.91 12.55 15.40 16.58 14.29 7.83 23.31 24.04 13.93 24.44 6.75 31.02 8.46 6.73
6.72 5.13 3.00 16.91 2.58 12.06 10.69 9.28 12.39 5.52 11.02 13.24 2.69 19.65 5.96 19.09 19.91 12.17
14.74 4.31 9.40 25.61 10.86 19.72 16.95 8.53 19.50 12.92 3.25 12.51 6.71 23.84 14.58 14.39 28.50 20.83
15.03 22.23 19.03 6.19 16.75 7.54 11.93 26.03 8.91 16.95 27.99 23.35 20.64 16.85 13.28 31.44 9.81 6.65
7.18 18.84 12.55 7.02 11.22 13.29 16.37 17.69 15.08 9.09 24.62 25.26 15.22 25.24 8.03 32.30 7.43 7.23
9.19 7.86 4.64 21.05 6.97 18.51 17.50 2.52 19.05 7.08 11.18 18.09 4.49 26.36 10.35 21.92 23.08 17.14
3.84 8.26 3.45 13.93 1.13 10.53 10.36 10.60 11.30 3.39 14.14 15.49 5.21 19.85 2.86 21.90 16.80 9.40
26.31 25.40 27.09 23.23 25.09 14.83 13.86 33.67 13.33 27.25 28.90 18.88 26.85 5.60 23.73 25.44 27.18 20.62
25.06 22.37 24.99 24.05 23.21 14.42 12.17 31.17 12.64 25.68 25.30 14.90 24.36 2.59 22.47 21.13 28.20 20.62
13.60 10.94 12.84 17.11 11.15 7.10 2.68 19.09 5.78 13.84 15.37 8.76 12.26 9.65 11.15 16.84 21.22 12.20
23.28 16.43 21.24 26.69 20.15 16.22 12.03 25.97 14.43 23.12 17.64 6.74 19.67 8.55 20.98 11.88 30.89 22.05
17.85 9.67 14.97 23.79 14.24 14.06 9.64 19.23 12.71 17.31 11.31 1.79 13.12 12.25 15.88 9.88 27.77 18.72
6.26 13.77 9.81 8.13 7.55 5.83 8.38 16.83 7.40 7.92 19.73 17.91 11.56 17.47 4.11 25.47 11.75 3.11
24.07 24.54 25.40 20.08 23.28 12.36 12.27 32.23 11.09 25.19 28.60 19.30 25.48 6.38 21.52 26.49 23.96 17.80
21.42 16.57 20.23 23.44 18.78 12.97 9.14 25.78 11.12 21.59 19.01 8.52 19.12 4.98 18.95 15.20 27.67 19.05
0.77 12.00 5.39 12.27 4.47 12.52 13.65 10.98 13.78 1.91 17.59 19.82 8.12 23.23 3.36 26.11 14.22 9.00
20.61 17.13 20.02 21.59 18.36 11.23 7.86 26.00 9.35 21.00 20.21 10.23 19.22 3.13 18.07 17.35 25.83 17.43
24.99 24.85 26.07 21.40 24.01 13.35 12.86 32.81 11.97 26.03 28.69 19.06 26.02 5.84 22.42 26.01 25.30 18.96
8.25 4.39 4.94 17.46 4.25 11.38 9.37 10.74 11.42 7.31 10.34 11.34 3.92 17.99 6.98 17.48 20.73 12.50
14.95 17.13 16.64 12.83 14.43 3.27 4.61 23.68 2.11 16.12 22.19 15.51 17.14 9.06 12.41 23.60 17.05 9.26
25.16 18.34 23.18 28.15 22.07 17.67 13.61 27.89 15.84 25.04 19.32 8.47 21.61 8.75 22.83 12.63 32.37 23.62
7.30 18.97 12.67 6.98 11.34 13.35 16.46 17.80 15.15 9.21 24.74 25.38 15.35 25.31 8.15 32.42 7.33 7.28
1.17 10.92 4.32 13.05 3.43 12.44 13.22 10.22 13.58 0.94 16.50 18.90 7.04 22.80 3.18 25.08 15.17 9.45
27.00 17.19 23.56 32.79 23.20 22.64 18.18 26.39 21.03 26.27 15.64 7.71 21.30 16.30 25.13 5.59 36.87 27.82
20.09 12.11 17.40 25.25 16.59 15.15 10.68 21.68 13.61 19.64 13.24 2.36 15.59 11.14 18.01 9.46 29.34 20.29
2.09 12.82 5.98 12.73 5.50 13.77 14.99 10.74 15.07 2.53 18.23 21.00 8.76 24.57 4.69 27.11 14.30 9.90
18.22 15.56 17.88 19.32 16.12 8.89 5.42 24.09 7.02 18.69 19.21 10.10 17.27 4.62 15.67 17.81 23.56 15.04
24.99 25.55 26.39 20.68 24.26 13.25 13.27 33.23 12.03 26.13 29.59 20.22 26.48 7.16 22.45 27.32 24.48 18.57
1.45 12.02 6.17 10.77 4.45 10.37 11.74 12.60 11.67 3.33 17.86 18.85 8.62 21.28 1.50 25.57 13.23 7.01
12.02 21.48 16.87 1.15 14.80 9.52 13.84 23.40 11.34 14.11 27.44 24.81 18.99 20.76 11.01 32.68 5.29 4.63
23.19 18.56 22.17 24.54 20.68 14.17 10.65 27.77 12.29 23.44 20.87 10.21 21.11 4.20 20.70 16.31 28.77 20.36
9.32 9.50 5.54 21.16 7.80 19.42 18.70 2.14 20.08 7.25 12.66 19.73 5.98 27.72 10.84 23.53 22.90 17.55
2.77 10.31 5.26 11.82 3.10 9.45 10.18 12.22 10.52 3.60 16.24 16.84 7.31 19.76 0.74 23.61 14.69 7.42
20.76 13.29 18.34 25.32 17.40 15.05 10.62 22.85 13.41 20.43 14.57 3.69 16.64 10.03 18.59 10.28 29.45 20.45
13.47 3.22 9.38 22.19 9.39 14.44 10.99 12.80 13.83 12.35 6.60 7.08 7.06 17.36 12.18 12.26 25.70 17.08
15.92 13.51 15.52 17.86 13.76 7.41 3.33 21.81 5.65 16.34 17.56 9.47 14.98 6.94 13.39 17.50 22.07 13.30
10.77 10.70 7.20 22.54 9.45 21.06 20.33 1.60 21.73 8.74 13.23 20.97 7.48 29.31 12.42 24.35 24.11 19.07
13.95 3.63 9.88 22.56 9.88 14.65 11.10 13.20 13.99 12.85 6.52 6.64 7.55 17.21 12.63 11.78 26.10 17.44
17.63 6.24 12.39 28.04 13.61 21.27 17.98 11.58 20.78 15.90 0.43 11.32 9.62 23.76 17.20 11.62 31.15 23.11
11.36 9.35 7.04 23.23 9.36 20.91 19.80 0.24 21.43 9.26 11.47 19.58 6.64 28.52 12.69 22.66 25.06 19.45
16.59 20.20 19.04 11.80 16.75 5.14 7.87 26.18 5.02 18.04 25.40 18.73 19.85 10.56 14.20 26.80 15.83 9.50
7.17 6.31 5.28 15.60 3.73 9.61 8.08 11.89 9.82 6.71 12.24 12.13 5.23 17.17 5.47 18.81 18.96 10.60
10.64 22.02 16.03 4.84 14.50 13.92 17.67 21.40 15.79 12.65 27.90 27.55 18.63 25.79 10.99 34.94 3.77 7.70
5.17 6.62 1.52 16.10 1.19 12.47 11.72 8.57 13.05 3.74 12.30 15.06 3.04 20.96 4.99 20.85 18.82 11.64
13.68 14.83 14.77 13.56 12.63 3.10 2.27 21.70 1.24 14.62 19.84 13.43 15.05 9.13 11.08 21.54 17.79 9.29
14.04 6.38 8.71 25.58 10.69 21.01 18.81 5.52 21.06 12.01 6.31 15.74 6.55 26.44 14.48 17.67 28.06 21.13
16.81 20.76 19.43 11.50 17.13 5.57 8.51 26.58 5.61 18.32 26.01 19.42 20.31 11.11 14.47 27.49 15.46 9.50
17.40 9.20 14.48 23.47 13.76 13.83 9.44 18.76 12.52 16.83 11.00 2.10 12.63 12.46 15.44 10.09 27.43 18.39
6.37 13.25 9.57 8.73 7.27 5.48 7.77 16.64 6.96 7.91 19.19 17.24 11.19 16.96 4.05 24.81 12.40 3.65
19.38 11.42 16.68 24.71 15.87 14.69 10.22 20.99 13.19 18.92 12.74 2.02 14.87 11.30 17.32 9.65 28.77 19.72
9.98 2.38 4.83 20.72 5.99 15.45 13.33 7.52 15.50 8.30 7.48 12.52 2.05 21.45 9.69 16.92 23.62 16.00
9.36 11.28 6.58 20.98 8.66 20.17 19.81 3.30 20.98 7.44 14.49 21.47 7.56 29.01 11.24 25.38 22.40 17.73
12.37 4.23 8.93 20.39 8.45 12.42 9.00 13.45 11.81 11.51 8.60 7.17 7.07 15.85 10.79 13.49 24.00 15.26
9.57 3.46 5.96 18.61 5.54 11.98 9.50 11.10 11.83 8.57 9.28 10.16 4.37 17.65 8.28 16.15 21.96 13.59
21.46 14.38 19.24 25.49 18.22 15.11 10.75 23.92 13.40 21.22 15.76 4.87 17.63 9.13 19.22 11.05 29.66 20.71
14.59 8.47 12.35 20.20 11.26 10.70 6.44 17.59 9.53 14.27 11.99 5.36 10.98 11.66 12.47 13.27 24.17 15.12
5.11 13.33 6.49 15.62 7.13 16.87 17.74 8.77 18.08 4.25 18.10 22.49 9.04 27.31 7.64 27.91 16.70 13.10
24.24 15.80 21.46 28.98 20.73 18.66 14.25 25.35 16.97 23.78 15.83 5.54 19.53 12.03 22.15 8.54 33.12 24.13
16.59 13.68 16.01 18.65 14.31 8.19 4.12 22.18 6.41 16.95 17.50 9.00 15.36 6.53 14.08 16.97 22.86 14.09
14.52 8.20 12.19 20.31 11.13 10.88 6.65 17.36 9.74 14.15 11.70 5.28 10.77 11.94 12.43 13.13 24.26 15.21
8.21 17.72 12.96 4.09 10.89 7.90 11.63 19.55 9.77 10.27 23.69 21.90 15.09 19.85 7.10 29.55 7.65 1.65
14.25 18.03 16.65 10.72 14.36 2.76 6.13 23.79 3.06 15.66 23.38 17.43 17.50 11.14 11.83 25.54 14.91 7.59
15.18 4.06 10.81 24.05 11.05 16.15 12.52 13.36 15.44 13.95 5.27 6.59 8.29 18.14 13.99 10.66 27.56 18.94
6.68 17.62 11.95 5.40 10.22 10.47 13.72 17.95 12.28 8.79 23.54 23.14 14.42 22.44 6.57 30.46 7.43 4.40
6.54 16.83 11.57 5.35 9.64 9.01 12.27 17.92 10.81 8.65 22.79 21.89 13.87 20.97 5.87 29.31 8.15 3.03
18.86 7.74 14.57 27.16 14.76 18.48 14.40 16.61 17.47 17.69 6.24 4.93 12.02 18.07 17.53 6.91 30.83 22.01
12.49 9.83 8.12 24.36 10.44 21.94 20.72 1.14 22.42 10.39 11.35 19.98 7.51 29.31 13.81 22.65 26.17 20.58
10.96 22.13 16.33 3.87 14.69 13.31 17.19 21.92 15.19 13.01 28.04 27.31 18.86 25.10 11.08 34.79 3.12 7.17
16.03 5.35 10.69 26.85 12.13 20.76 17.83 9.41 20.46 14.20 2.33 12.56 7.99 24.37 15.84 13.70 29.77 22.04
13.86 4.94 8.47 25.11 10.22 19.96 17.54 6.69 19.91 11.92 5.02 14.12 5.98 24.95 14.01 16.25 27.80 20.50
23.72 18.97 22.66 25.04 21.18 14.68 11.19 28.22 12.80 23.96 21.18 10.45 21.57 4.44 21.22 16.33 29.27 20.88
12.32 10.38 8.19 24.17 10.51 22.08 20.99 1.04 22.61 10.24 12.07 20.58 7.83 29.69 13.76 23.36 25.88 20.50
13.02 21.98 17.70 2.41 15.56 9.13 13.56 24.37 10.87 15.09 27.91 24.73 19.70 19.95 11.81 32.69 6.17 5.14
6.23 17.80 11.62 6.98 10.19 12.33 15.30 17.03 14.10 8.21 23.61 24.13 14.25 24.26 6.92 31.18 8.01 6.41
17.84 20.50 19.93 13.57 17.67 6.13 7.88 27.00 5.47 19.18 25.46 18.12 20.51 8.96 15.38 26.10 17.59 11.11
14.55 3.30 9.35 25.03 10.53 18.66 15.70 9.56 18.33 12.85 2.91 11.03 6.57 22.38 14.13 13.36 28.08 20.14
21.88 10.59 17.49 30.06 17.77 21.10 16.87 18.99 19.96 20.67 7.72 6.08 14.89 19.30 20.55 4.00 33.78 24.91
11.58 19.03 15.55 5.16 13.28 5.50 9.93 22.54 7.27 13.46 24.88 21.15 17.22 16.71 9.78 29.14 9.38 3.25
16.53 6.52 11.14 27.64 12.79 21.93 19.13 8.86 21.70 14.61 3.41 13.99 8.57 25.81 16.56 14.73 30.42 22.93
15.95 17.94 17.62 13.43 15.41 4.24 5.31 24.64 3.08 17.13 22.89 15.83 18.07 8.42 13.41 23.88 17.62 10.09
16.77 21.30 19.65 10.74 17.34 5.94 9.26 26.81 6.26 18.36 26.64 20.31 20.66 12.12 14.51 28.40 14.63 9.15
17.98 6.85 12.68 28.60 14.03 22.05 18.84 11.31 21.60 16.19 1.38 12.26 9.95 24.71 17.68 12.23 31.63 23.72
8.41 15.98 12.23 6.38 9.97 5.00 8.67 19.22 6.84 10.21 21.89 19.19 13.95 16.98 6.48 26.98 10.38 1.35
10.40 2.91 5.08 21.40 6.55 16.39 14.32 6.71 16.47 8.59 7.21 13.17 2.36 22.41 10.32 17.17 24.19 16.76
23.00 12.12 18.90 30.53 18.96 21.15 16.78 20.86 19.87 21.94 9.77 5.45 16.39 18.16 21.50 2.83 34.37 25.39
12.16 23.40 17.54 4.45 15.94 14.38 18.35 23.00 16.26 14.19 29.31 28.56 20.10 26.08 12.35 36.07 2.19 8.33
17.57 5.83 12.53 27.47 13.45 20.16 16.65 12.73 19.54 15.99 1.47 9.46 9.75 22.03 16.87 10.19 30.75 22.45
28.66 17.49 24.39 36.12 24.59 26.51 22.07 25.61 25.10 27.53 13.98 10.66 21.79 21.80 27.19 2.94 40.01 31.01
12.34 17.11 15.08 9.12 12.77 1.87 6.27 22.24 3.36 13.85 22.68 17.68 16.16 12.84 9.99 25.76 13.35 5.58
25.49 21.40 24.79 25.77 23.20 15.68 12.69 30.56 13.82 25.88 23.72 12.99 23.84 4.01 22.95 18.60 29.98 21.94
11.36 6.44 9.12 18.09 7.95 9.71 6.33 14.79 9.09 10.97 11.31 8.06 8.01 13.96 9.37 15.35 21.86 12.95
21.12 12.16 18.01 26.93 17.43 16.97 12.50 21.69 15.48 20.50 12.37 1.93 15.96 12.95 19.18 7.47 30.97 21.91
8.74 7.80 4.22 20.60 6.54 18.10 17.15 2.94 18.67 6.62 11.36 18.00 4.25 26.06 9.90 21.99 22.64 16.69
20.81 23.36 22.96 15.51 20.71 9.16 10.68 30.04 8.48 22.19 28.14 20.16 23.52 9.16 18.38 27.94 19.29 13.74
1.69 12.40 5.59 12.75 5.03 13.43 14.57 10.61 14.70 2.11 17.85 20.52 8.37 24.15 4.29 26.66 14.45 9.73
15.06 19.10 17.64 10.64 15.33 3.79 7.14 24.78 4.09 16.54 24.45 18.35 18.54 11.34 12.69 26.45 14.76 8.01
8.43 20.00 13.81 6.07 12.40 13.42 16.79 19.05 15.26 10.38 25.81 26.08 16.46 25.40 9.06 33.26 6.09 7.21
18.57 8.76 14.96 25.65 14.67 16.34 12.03 18.23 15.13 17.72 9.04 1.87 12.74 14.95 16.88 7.71 29.51 20.52
20.44 15.03 18.95 23.26 17.61 12.79 8.66 24.32 10.99 20.49 17.38 6.94 17.72 6.41 18.04 13.91 27.48 18.68
5.52 12.98 8.92 8.85 6.66 6.33 8.44 15.95 7.78 7.10 18.95 17.50 10.68 17.72 3.26 24.94 12.33 3.93
7.44 18.49 12.76 4.91 11.06 11.02 14.42 18.64 12.85 9.54 24.40 23.97 15.25 23.00 7.43 31.32 6.61 4.82
7.83 16.62 12.23 5.26 10.06 6.65 10.26 19.02 8.50 9.80 22.58 20.53 14.20 18.63 6.34 28.21 9.01 0.60
9.01 2.85 4.62 19.01 4.85 13.24 11.12 9.30 13.27 7.67 8.80 11.55 2.62 19.44 8.20 16.93 22.12 14.14
13.17 1.41 8.34 23.06 9.03 16.28 13.26 10.39 15.91 11.69 4.76 9.48 5.65 20.10 12.40 13.27 26.29 18.08
7.32 18.60 12.69 5.45 11.09 11.68 14.99 18.38 13.50 9.38 24.48 24.36 15.24 23.65 7.57 31.62 6.71 5.52
9.79 3.22 6.07 18.88 5.73 12.21 9.68 11.04 12.04 8.75 9.01 10.03 4.37 17.74 8.53 15.94 22.23 13.86
15.75 14.04 15.66 17.14 13.81 6.66 2.91 22.11 4.85 16.28 18.28 10.39 15.29 6.83 13.18 18.42 21.36 12.68
14.02 7.68 11.62 20.07 10.59 10.83 6.71 16.79 9.77 13.62 11.36 5.59 10.19 12.43 11.97 13.30 23.99 14.96
9.73 3.32 6.06 18.78 5.68 12.11 9.58 11.10 11.94 8.71 9.12 10.05 4.40 17.67 8.45 16.00 22.13 13.76
8.73 17.90 13.35 3.96 11.23 7.42 11.29 20.03 9.30 10.76 23.87 21.75 15.41 19.32 7.47 29.47 7.78 1.28
21.12 20.87 22.02 18.74 19.97 9.70 8.79 28.74 8.14 22.07 24.92 15.82 21.95 3.90 18.53 23.25 22.84 15.66
17.95 6.46 12.74 28.27 13.91 21.35 17.99 12.04 20.82 16.25 0.50 11.04 9.97 23.60 17.47 11.17 31.41 23.32
9.18 7.74 8.08 15.44 6.37 7.69 5.38 14.61 7.50 9.15 13.27 10.65 7.83 14.37 6.95 18.04 19.17 10.29
25.05 18.01 22.96 28.28 21.90 17.81 13.69 27.57 15.99 24.89 18.86 8.05 21.35 9.20 22.75 12.07 32.50 23.71
21.83 11.56 18.07 28.78 17.89 19.21 14.79 20.75 17.86 20.92 10.34 3.38 15.71 16.04 20.15 4.73 32.69 23.67
14.13 22.83 18.73 3.38 16.57 9.43 13.90 25.45 11.08 16.18 28.74 25.20 20.68 19.78 12.85 33.20 6.67 6.10
12.49 23.04 17.72 1.98 15.87 12.42 16.62 23.74 14.27 14.60 29.00 27.29 20.10 23.84 12.11 35.01 2.29 6.81
12.51 23.62 17.88 3.99 16.21 14.14 18.19 23.46 16.02 14.57 29.55 28.55 20.40 25.75 12.57 36.12 1.60 8.20
24.99 22.73 25.12 23.56 23.28 14.13 12.14 31.40 12.39 25.68 25.84 15.56 24.58 2.69 22.39 21.94 27.68 20.27
15.52 5.40 10.14 26.54 11.73 20.80 18.04 8.47 20.59 13.64 3.29 13.32 7.52 24.87 15.48 14.67 29.37 21.81
17.74 5.99 12.70 27.62 13.62 20.28 16.75 12.88 19.65 16.15 1.53 9.44 9.92 22.06 17.03 10.05 30.91 22.60
3.36 13.21 7.92 8.99 5.94 8.87 10.86 14.53 10.35 5.29 19.15 19.09 10.17 20.25 2.18 26.18 11.77 5.04
17.36 18.98 18.94 14.51 16.75 5.66 6.30 25.92 4.44 18.52 23.75 16.16 19.30 7.46 14.82 24.12 18.66 11.41
25.01 15.38 21.64 30.83 21.23 20.74 16.27 24.70 19.17 24.30 14.28 5.71 19.43 15.06 23.12 5.53 34.90 25.85
2.93 13.62 7.94 9.01 6.15 9.77 11.81 14.29 11.28 5.00 19.51 19.87 10.36 21.20 2.61 26.85 11.50 5.54
2.66 10.48 5.36 11.69 3.23 9.46 10.26 12.29 10.56 3.58 16.39 17.00 7.44 19.84 0.59 23.78 14.53 7.31
14.20 6.72 11.32 20.94 10.55 11.96 7.94 16.05 10.98 13.61 10.09 5.11 9.64 13.54 12.32 12.43 24.78 15.80
20.56 15.08 19.05 23.41 17.71 12.94 8.80 24.39 11.14 20.60 17.38 6.90 17.80 6.48 18.17 13.82 27.62 18.82
14.64 4.41 10.65 22.99 10.59 14.82 11.10 13.97 14.05 13.59 6.70 5.86 8.34 16.78 13.25 11.08 26.60 17.86
11.85 5.50 6.53 23.42 8.56 19.20 17.30 4.44 19.38 9.82 7.46 15.56 4.53 25.38 12.34 18.49 25.87 19.03
11.81 22.40 17.05 1.87 15.21 12.09 16.22 23.06 13.95 13.92 28.37 26.79 19.44 23.63 11.46 34.47 2.74 6.32
20.43 12.19 17.64 25.74 16.89 15.66 11.19 21.77 14.12 19.95 13.08 2.18 15.77 11.56 18.38 8.95 29.82 20.77
4.22 8.37 1.42 15.97 2.42 13.87 13.66 7.53 14.68 2.20 13.65 17.32 4.19 23.05 5.23 22.86 18.24 12.00
25.43 25.35 26.55 21.70 24.48 13.78 13.34 33.29 12.42 26.49 29.17 19.51 26.50 6.26 22.87 26.41 25.58 19.34
20.34 11.60 17.31 26.11 16.68 16.18 11.71 21.16 14.70 19.75 12.17 1.35 15.32 12.57 18.38 8.11 30.15 21.09
20.66 9.62 16.43 28.64 16.58 19.64 15.41 18.39 18.50 19.53 7.57 4.80 13.90 18.10 19.26 5.07 32.39 23.49
22.85 21.32 23.24 21.24 21.32 11.82 10.10 29.70 10.12 23.62 24.85 15.04 22.87 1.84 20.25 22.00 25.37 17.95
16.93 6.07 11.59 27.69 13.02 21.42 18.37 10.18 21.06 15.11 1.80 12.53 8.89 24.64 16.71 13.14 30.65 22.85
10.40 2.06 5.24 21.09 6.39 15.67 13.45 7.66 15.68 8.72 7.07 12.27 2.47 21.45 10.07 16.55 24.01 16.34
21.97 16.88 20.70 24.06 19.28 13.60 9.76 26.15 11.75 22.11 19.14 8.52 19.53 5.25 19.52 14.94 28.30 19.67
21.97 19.35 21.83 21.70 20.05 11.68 9.07 28.04 9.84 22.54 22.58 12.58 21.22 0.75 19.39 19.51 25.91 17.94
17.40 11.81 15.65 21.40 14.38 11.16 6.71 21.01 9.57 17.31 14.68 5.37 14.40 8.65 15.09 13.34 25.54 16.55
18.31 12.25 16.41 22.38 15.22 12.11 7.67 21.58 10.49 18.18 14.73 4.85 15.04 8.68 16.03 12.64 26.52 17.53
22.61 14.16 19.79 27.64 19.06 17.42 12.98 23.72 15.80 22.12 14.46 3.91 17.86 11.84 20.54 8.34 31.76 22.73
26.94 24.23 26.92 25.56 25.13 16.16 14.07 33.07 14.42 27.59 27.01 16.46 26.27 4.49 24.35 22.29 29.66 22.31
23.01 18.55 22.07 24.24 20.54 13.88 10.42 27.73 12.00 23.29 20.96 10.35 21.04 3.87 20.51 16.56 28.47 20.08
25.19 23.69 25.67 22.96 23.74 13.97 12.51 32.13 12.34 26.01 27.05 16.96 25.30 3.72 22.59 23.53 27.01 19.97
8.95 20.22 14.32 4.63 12.72 12.47 16.06 19.91 14.34 10.99 26.11 25.77 16.88 24.42 9.18 33.12 5.13 6.22
25.45 20.61 24.41 26.47 22.93 16.20 12.85 29.92 14.32 25.71 22.59 11.75 23.29 5.14 22.95 17.03 30.70 22.43
16.00 15.13 16.33 16.46 14.38 6.03 3.15 22.94 4.15 16.69 19.52 11.67 16.14 6.48 13.41 19.69 20.69 12.22
18.15 10.71 15.62 23.39 14.71 13.42 8.96 20.22 11.96 17.75 12.64 2.69 13.93 10.91 16.05 10.72 27.45 18.40
5.96 6.78 0.69 17.55 3.01 14.56 13.79 6.48 15.16 3.99 11.88 16.20 2.50 22.94 6.57 21.35 19.96 13.35
4.78 6.99 1.88 15.59 0.69 12.03 11.41 9.01 12.66 3.50 12.74 15.17 3.54 20.72 4.48 21.11 18.34 11.12
13.04 18.24 16.04 8.60 13.71 3.00 7.33 23.18 4.32 14.64 23.83 18.75 17.21 13.26 10.78 26.84 12.80 5.70
25.05 14.91 21.41 31.45 21.17 21.53 17.06 24.03 20.02 24.22 13.24 5.95 19.07 16.49 23.29 3.94 35.45 26.40
9.81 2.49 4.66 20.56 5.82 15.33 13.25 7.50 15.40 8.13 7.65 12.59 1.89 21.42 9.52 17.05 23.45 15.84
15.77 9.04 13.38 21.31 12.38 11.64 7.27 18.36 10.36 15.41 11.98 4.26 11.87 11.40 13.67 12.28 25.31 16.26
24.52 13.97 20.63 31.46 20.55 21.76 17.31 22.88 20.34 23.57 11.87 5.92 18.20 17.54 22.88 2.64 35.39 26.36
11.66 19.20 15.68 5.00 13.41 5.69 10.12 22.65 7.45 13.56 25.05 21.34 17.37 16.85 9.90 29.33 9.22 3.31
7.92 6.22 6.00 15.91 4.52 9.38 7.53 12.45 9.44 7.50 12.06 11.40 5.69 16.48 6.10 18.21 19.38 10.85
24.70 14.69 21.12 30.99 20.84 21.05 16.58 23.88 19.54 23.90 13.22 5.53 18.82 16.01 22.91 4.34 35.01 25.95
9.31 4.74 3.93 20.76 5.88 16.69 15.09 5.16 16.98 7.35 8.81 14.96 1.94 23.60 9.67 19.04 23.29 16.35
26.56 26.39 27.67 22.67 25.61 14.90 14.46 34.40 13.55 27.62 30.12 20.32 27.60 7.01 24.00 27.06 26.51 20.42
7.19 8.16 6.75 14.04 4.75 7.63 6.50 13.66 7.93 7.30 14.01 12.56 7.14 15.90 4.95 19.75 17.60 8.94
18.44 6.96 13.90 27.25 14.30 18.95 15.03 15.45 18.06 17.14 4.81 6.27 11.26 19.26 17.28 7.66 30.82 22.12
24.11 13.14 19.96 31.64 20.06 22.21 17.82 21.73 20.90 23.03 10.46 6.43 17.42 18.83 22.62 1.72 35.49 26.51
6.86 7.43 5.90 14.56 4.01 8.53 7.33 12.76 8.84 6.74 13.34 12.58 6.23 16.64 4.84 19.54 18.00 9.52
12.25 16.14 14.55 10.22 12.26 0.71 4.99 21.69 2.12 13.60 21.62 16.41 15.44 11.95 9.79 24.50 14.46 6.28
21.28 11.32 17.67 28.01 17.39 18.37 13.94 20.65 17.00 20.45 10.58 2.52 15.39 15.21 19.55 5.60 31.95 22.91
21.20 23.19 23.12 16.40 20.90 9.46 10.52 30.14 8.58 22.51 27.81 19.53 23.54 8.16 18.72 27.23 20.24 14.39
7.13 10.03 8.00 12.33 5.77 5.97 5.80 15.09 6.55 7.77 15.87 13.72 8.80 15.38 4.59 21.19 16.03 7.20
14.00 7.91 11.70 19.88 10.62 10.57 6.43 16.96 9.50 13.64 11.65 5.74 10.34 12.18 11.91 13.51 23.82 14.78
5.84 5.94 1.95 16.52 1.73 12.41 11.41 8.68 12.89 4.47 11.69 14.36 2.63 20.54 5.44 20.13 19.35 11.95
9.82 14.02 12.02 10.04 9.72 1.96 4.78 19.17 3.34 11.09 19.68 15.62 13.01 13.43 7.31 23.57 14.17 5.24
24.85 25.24 26.17 20.75 24.06 13.13 13.02 32.99 11.87 25.97 29.24 19.82 26.23 6.74 22.30 26.90 24.59 18.54
11.76 17.53 14.94 7.73 12.62 2.95 7.42 22.07 4.67 13.40 23.23 18.77 16.25 14.22 9.56 26.81 11.97 4.39
18.40 15.08 17.76 20.04 16.10 9.56 5.80 23.80 7.72 18.75 18.51 9.17 17.01 4.99 15.88 16.84 24.27 15.64
19.31 9.35 15.65 26.38 15.39 17.01 12.67 18.76 15.77 18.44 9.20 1.90 13.39 15.19 17.63 6.98 30.25 21.25
18.97 14.21 17.70 21.68 16.26 11.22 7.06 23.31 9.44 19.09 17.06 7.19 16.62 6.29 16.54 14.70 25.89 17.08
4.09 7.68 2.20 14.95 0.16 11.76 11.40 9.34 12.48 2.95 13.44 15.68 4.20 20.80 3.85 21.74 17.66 10.55
15.47 4.14 11.00 24.49 11.33 16.66 13.04 13.25 15.96 14.19 4.77 6.84 8.42 18.61 14.35 10.47 27.97 19.39
21.63 16.54 20.34 23.81 18.93 13.34 9.45 25.81 11.49 21.76 18.86 8.28 19.18 5.34 19.18 14.84 28.04 19.39
7.20 18.86 12.56 7.04 11.24 13.32 16.40 17.70 15.11 9.10 24.64 25.29 15.24 25.27 8.06 32.33 7.43 7.26
5.23 7.02 0.21 16.70 2.12 13.71 13.07 7.35 14.35 3.38 12.38 16.06 2.90 22.31 5.68 21.51 19.18 12.46
6.44 17.24 11.66 5.51 9.88 10.05 13.26 17.77 11.85 8.56 23.17 22.68 14.09 22.01 6.19 30.01 7.77 4.04
2.71 13.74 6.89 12.33 6.39 14.08 15.54 11.39 15.46 3.45 19.14 21.85 9.67 25.10 5.22 28.01 13.67 9.84
8.13 5.59 2.80 19.70 4.93 16.13 14.85 5.13 16.54 6.14 10.03 15.64 1.76 23.63 8.66 20.07 22.14 15.40
3.91 9.12 4.80 12.81 2.48 9.24 9.39 11.94 10.10 4.15 15.07 15.52 6.44 18.95 2.02 22.27 15.85 8.14
4.48 12.50 8.03 9.32 5.82 7.33 9.14 14.99 8.72 6.06 18.47 17.64 9.94 18.55 2.25 24.92 12.57 4.66
27.96 26.91 28.71 24.68 26.73 16.46 15.49 35.27 14.97 28.89 30.27 20.08 28.44 6.94 25.37 26.37 28.57 22.19
12.05 5.72 6.75 23.64 8.80 19.47 17.57 4.34 19.65 10.01 7.47 15.74 4.78 25.63 12.57 18.56 26.08 19.27
14.41 20.94 18.09 6.98 15.79 6.00 10.34 25.17 7.31 16.23 26.64 21.77 19.55 15.42 12.47 29.86 10.90 6.17
18.85 9.54 15.49 25.44 15.04 15.89 11.51 19.08 14.59 18.11 10.13 0.79 13.38 13.92 17.04 8.03 29.36 20.33
9.00 18.66 13.85 3.15 11.80 8.40 12.31 20.37 10.28 11.09 24.63 22.74 16.01 20.27 8.01 30.43 6.79 2.30
12.64 10.96 8.66 24.46 10.97 22.55 21.53 1.56 23.12 10.58 12.55 21.15 8.38 30.25 14.15 23.87 26.09 20.87
11.25 14.14 12.95 11.36 10.70 1.33 3.38 20.04 1.76 12.37 19.59 14.63 13.64 11.77 8.69 22.68 15.55 6.78
8.64 3.16 3.87 19.11 4.54 13.87 11.97 8.30 14.00 7.13 8.88 12.47 1.61 20.42 8.13 17.60 22.08 14.36
28.47 17.43 24.29 35.74 24.42 26.05 21.60 25.71 24.62 27.38 14.14 10.22 21.72 21.14 26.95 2.85 39.66 30.64
4.45 8.12 4.09 13.81 1.81 9.82 9.52 11.24 10.52 4.21 14.06 14.85 5.49 19.00 2.96 21.43 16.86 9.12
3.50 10.63 3.69 15.25 4.24 14.75 15.15 8.02 15.79 1.71 15.74 19.58 6.39 24.68 5.55 25.15 17.06 11.88
19.13 16.58 18.88 19.76 17.11 9.42 6.26 25.12 7.53 19.64 20.14 10.78 18.30 3.59 16.56 18.32 24.00 15.64
17.08 16.73 17.73 16.46 15.71 6.33 4.50 24.43 4.50 17.91 21.10 12.98 17.65 5.67 14.48 20.90 20.69 12.58
10.46 18.15 14.48 5.07 12.23 5.41 9.69 21.44 7.26 12.35 24.03 20.72 16.21 17.03 8.69 28.64 9.30 2.15
9.16 13.77 11.49 9.74 9.18 2.61 5.25 18.64 4.01 10.46 19.50 15.84 12.58 14.08 6.66 23.73 13.82 4.81
4.28 15.89 9.15 10.69 8.37 14.19 16.27 13.63 15.75 5.65 21.40 23.54 11.92 25.69 6.28 29.99 11.57 9.11
26.07 15.94 22.44 32.33 22.19 22.34 17.86 25.03 20.80 25.24 14.15 6.91 20.10 16.83 24.28 4.17 36.36 27.30
8.81 9.87 5.39 20.61 7.57 19.17 18.61 2.79 19.89 6.77 13.26 20.05 6.15 27.73 10.45 24.04 22.29 17.10
8.56 17.11 12.88 4.93 10.69 6.36 10.19 19.71 8.24 10.52 23.06 20.69 14.81 18.31 7.00 28.44 8.86 0.23
20.03 23.35 22.50 14.12 20.22 8.60 10.75 29.62 8.23 21.51 28.33 20.82 23.23 10.45 17.67 28.72 17.84 12.65
10.00 16.94 13.64 6.41 11.34 4.15 8.32 20.69 6.03 11.77 22.79 19.32 15.20 15.98 7.99 27.25 10.60 2.36
18.09 10.37 15.43 23.59 14.59 13.70 9.24 19.90 12.27 17.64 12.17 2.28 13.68 11.40 16.04 10.36 27.62 18.57
13.56 11.90 9.70 25.34 12.00 23.60 22.59 2.62 24.17 11.52 13.16 22.04 9.43 31.29 15.14 24.53 26.87 21.84
19.09 16.61 18.88 19.68 17.10 9.34 6.22 25.13 7.46 19.62 20.20 10.86 18.31 3.59 16.53 18.41 23.92 15.57
15.17 3.55 10.50 24.54 11.01 17.03 13.57 12.39 16.43 13.79 4.06 7.79 7.84 19.44 14.18 11.05 27.93 19.48
12.89 2.02 8.50 22.13 8.75 14.86 11.66 11.60 14.39 11.62 6.05 8.24 6.04 18.42 11.80 12.99 25.52 17.07
12.41 5.79 9.63 19.52 8.76 11.05 7.44 14.73 10.32 11.83 10.16 6.89 8.13 14.29 10.56 13.96 23.27 14.37
2.71 9.16 2.72 14.24 1.76 12.30 12.48 9.31 13.23 1.31 14.77 17.32 5.33 21.99 3.45 23.35 16.64 10.21
14.84 6.66 9.49 26.33 11.43 21.56 19.24 6.22 21.56 12.82 5.82 15.65 7.25 26.67 15.22 17.21 28.85 21.84
9.42 2.86 5.35 18.98 5.29 12.75 10.41 10.17 12.68 8.23 8.81 10.75 3.50 18.60 8.38 16.37 22.21 14.03
9.01 7.26 4.23 20.84 6.55 18.03 16.93 3.04 18.54 6.90 10.76 17.49 3.88 25.76 10.03 21.40 22.97 16.83
10.42 14.65 12.71 9.89 10.41 1.34 4.85 19.85 2.95 11.73 20.28 15.93 13.69 13.12 7.93 23.92 14.06 5.29
12.31 21.49 17.06 1.78 14.95 9.12 13.49 23.67 10.91 14.39 27.44 24.56 19.12 20.22 11.18 32.46 5.82 4.62
25.61 20.93 24.65 26.45 23.15 16.22 12.96 30.21 14.34 25.90 22.97 12.14 23.56 4.96 23.10 17.44 30.67 22.46
22.49 19.58 22.24 22.37 20.49 12.32 9.60 28.36 10.47 23.03 22.65 12.49 21.56 0.98 19.92 19.23 26.58 18.58
21.48 22.47 22.96 17.68 20.81 9.75 9.97 29.87 8.54 22.64 26.83 18.11 23.17 6.29 18.95 25.67 21.64 15.21
13.03 4.02 9.36 21.23 9.05 13.22 9.71 13.46 12.56 12.09 7.89 6.75 7.31 16.20 11.54 12.74 24.83 16.09
20.71 9.95 16.65 28.36 16.67 19.17 14.88 18.93 17.98 19.66 8.35 3.98 14.18 17.25 19.21 5.08 32.16 23.21
6.55 17.18 11.71 5.35 9.87 9.71 12.96 17.90 11.51 8.66 23.12 22.47 14.10 21.67 6.15 29.84 7.80 3.68
19.78 9.86 16.15 26.73 15.88 17.28 12.91 19.25 16.00 18.93 9.58 1.80 13.89 15.10 18.08 6.66 30.63 21.62
17.51 18.01 18.58 15.80 16.48 6.17 5.48 25.42 4.54 18.49 22.54 14.54 18.69 6.06 14.93 22.44 19.99 12.29
10.23 18.86 14.67 3.59 12.50 6.94 11.14 21.46 8.81 12.23 24.80 22.01 16.61 18.59 8.79 29.87 7.78 2.03
9.38 14.85 12.20 8.63 9.88 2.66 6.19 19.35 4.41 10.86 20.63 16.99 13.47 14.58 7.01 24.90 12.75 3.85
22.31 20.66 22.62 20.98 20.72 11.40 9.52 29.06 9.66 23.06 24.19 14.43 22.23 1.41 19.71 21.47 25.14 17.57
10.79 2.37 5.53 21.65 6.87 16.35 14.14 7.21 16.37 9.04 6.73 12.63 2.76 22.07 10.59 16.58 24.51 16.94
3.66 11.40 4.47 15.16 4.99 15.20 15.77 8.26 16.30 2.23 16.44 20.38 7.14 25.32 5.94 25.93 16.78 12.02
27.68 16.36 23.29 35.47 23.58 26.04 21.64 24.30 24.70 26.48 12.64 10.22 20.65 21.99 26.29 2.13 39.30 30.34
15.50 19.73 18.19 10.57 15.88 4.39 7.75 25.34 4.72 17.02 25.08 18.93 19.13 11.58 13.17 27.03 14.64 8.25
18.33 22.86 21.28 11.60 18.96 7.55 10.67 28.43 7.75 19.96 28.15 21.50 22.28 12.40 16.10 29.54 15.28 10.55
24.03 13.54 20.17 30.95 20.07 21.26 16.82 22.51 19.86 23.09 11.59 5.43 17.76 17.20 22.38 2.99 34.89 25.86
11.27 19.05 15.38 4.64 13.13 5.92 10.30 22.32 7.72 13.19 24.93 21.45 17.12 17.25 9.56 29.41 8.88 2.89
11.97 14.64 13.64 11.63 11.41 1.21 3.27 20.72 1.05 13.09 20.01 14.66 14.27 11.16 9.41 22.74 15.85 7.23
10.92 1.73 6.63 20.40 6.78 13.71 10.97 10.55 13.46 9.67 7.45 9.67 4.36 18.58 9.89 14.92 23.69 15.40
18.39 8.27 14.62 25.77 14.43 16.62 12.38 17.68 15.47 17.46 8.33 2.58 12.33 15.61 16.77 7.62 29.59 20.63
21.10 9.72 16.65 29.50 16.98 20.73 16.56 18.05 19.65 19.86 6.81 6.17 14.02 19.47 19.84 4.91 33.18 24.36
12.03 8.10 7.20 23.88 9.48 20.77 19.31 1.96 21.15 9.92 9.76 18.23 6.11 27.73 13.05 21.00 25.95 19.85
9.88 11.40 6.97 21.51 9.09 20.63 20.21 2.98 21.42 7.95 14.39 21.62 7.79 29.36 11.74 25.37 22.92 18.25
24.05 23.03 24.71 21.60 22.73 12.71 11.49 31.28 11.13 24.93 26.63 16.83 24.45 3.55 21.45 23.70 25.65 18.66
13.41 15.18 14.78 12.85 12.60 2.42 2.83 21.78 0.54 14.45 20.31 14.13 15.20 9.64 10.83 22.24 17.08 8.66
18.35 10.21 15.51 24.10 14.76 14.27 9.83 19.77 12.87 17.82 11.72 1.64 13.67 11.97 16.34 9.73 28.11 19.06
14.21 17.23 16.25 11.63 13.98 2.45 5.07 23.34 2.07 15.50 22.47 16.29 16.93 10.25 11.72 24.40 15.85 8.14
16.62 20.08 19.01 11.99 16.72 5.11 7.71 26.13 4.90 18.05 25.26 18.53 19.78 10.32 14.21 26.59 16.04 9.62
3.44 9.76 5.14 12.21 2.86 9.15 9.61 12.22 10.12 4.00 15.71 16.12 6.97 19.19 1.36 22.92 15.21 7.63
5.98 12.82 9.09 9.10 6.79 5.81 7.84 16.16 7.21 7.46 18.78 17.03 10.71 17.13 3.61 24.54 12.69 4.06
23.61 15.90 21.17 27.77 20.26 17.37 13.04 25.47 15.64 23.29 16.52 5.77 19.40 10.37 21.42 10.08 31.95 23.00
3.68 15.31 8.59 10.77 7.77 13.80 15.78 13.25 15.33 5.08 20.84 22.95 11.36 25.23 5.72 29.40 11.86 8.90
14.81 8.31 12.43 20.59 11.41 11.12 6.86 17.53 9.95 14.43 11.67 4.98 10.97 11.89 12.73 12.86 24.55 15.50
25.71 20.94 24.71 26.61 23.22 16.37 13.08 30.24 14.49 25.98 22.93 12.09 23.60 5.15 23.20 17.32 30.83 22.60
15.14 13.32 11.37 26.87 13.68 25.28 24.24 4.28 25.84 13.13 14.05 23.36 11.06 32.88 16.78 25.43 28.27 23.45
14.32 15.22 15.35 14.02 13.23 3.61 2.55 22.24 1.73 15.24 20.12 13.37 15.56 8.50 11.72 21.47 18.25 9.85
15.20 11.95 14.34 18.26 12.71 7.97 3.53 20.44 6.40 15.43 15.95 8.19 13.62 8.28 12.74 16.29 22.42 13.47
24.87 22.49 24.94 23.59 23.11 14.08 12.00 31.19 12.33 25.54 25.56 15.26 24.38 2.49 22.27 21.63 27.72 20.25
16.20 16.34 17.02 15.53 14.96 5.35 3.84 23.80 3.52 17.07 20.92 13.24 17.05 6.64 13.60 21.25 19.76 11.60
7.60 6.74 6.08 15.37 4.42 8.93 7.27 12.70 9.06 7.32 12.60 11.76 6.01 16.38 5.68 18.67 18.85 10.31
14.20 4.63 10.45 22.26 10.21 13.97 10.24 14.20 13.19 13.24 7.52 5.75 8.29 16.07 12.69 11.59 25.90 17.12
6.34 15.69 10.91 6.14 8.82 7.51 10.65 17.59 9.27 8.34 21.67 20.33 13.02 19.44 5.04 27.83 9.45 2.12
10.27 20.67 15.43 1.84 13.53 10.64 14.65 21.60 12.52 12.39 26.63 25.08 17.77 22.38 9.76 32.74 4.47 4.66
13.64 22.59 18.33 2.70 16.19 9.55 14.01 24.99 11.26 15.71 28.52 25.23 20.33 20.17 12.44 33.20 6.11 5.76
7.82 19.00 13.17 4.92 11.52 11.58 15.02 18.92 13.43 9.89 24.90 24.57 15.70 23.56 7.95 31.90 6.21 5.36
16.44 10.59 14.50 21.04 13.30 11.00 6.53 19.79 9.54 16.27 13.61 4.99 13.19 9.76 14.19 13.09 25.12 16.08
23.89 18.75 22.67 25.55 21.25 15.15 11.51 28.08 13.27 24.07 20.76 9.96 21.48 5.21 21.43 15.63 29.79 21.31
6.88 11.34 8.68 10.95 6.38 5.26 6.15 15.83 6.21 7.89 17.21 14.97 9.81 15.65 4.28 22.52 14.68 5.81
12.93 8.47 8.07 24.77 10.34 21.57 19.99 2.46 21.90 10.82 9.55 18.47 6.85 28.29 13.93 20.88 26.84 20.73
6.72 13.93 10.16 8.08 7.88 5.37 8.04 17.21 6.97 8.36 19.87 17.78 11.84 17.06 4.53 25.40 11.80 2.97
22.08 13.57 19.21 27.28 18.51 17.11 12.65 23.13 15.52 21.57 13.91 3.31 17.27 11.98 20.04 8.20 31.38 22.34
6.87 14.71 10.69 7.23 8.44 5.73 8.74 17.66 7.43 8.64 20.67 18.64 12.49 17.58 4.91 26.27 10.93 2.16
11.32 16.84 14.35 8.11 12.03 2.41 6.85 21.49 4.21 12.91 22.54 18.14 15.61 14.00 9.05 26.18 12.35 4.35
4.81 11.67 4.90 16.17 5.84 16.34 16.82 7.49 17.42 3.32 16.43 20.97 7.38 26.34 7.09 26.26 17.62 13.15
4.30 14.74 9.28 7.64 7.41 9.20 11.72 15.67 10.83 6.39 20.67 20.46 11.63 20.91 3.69 27.65 10.26 4.32
9.59 6.61 7.77 16.55 6.35 8.86 6.24 13.96 8.58 9.30 12.08 9.87 7.14 14.80 7.57 17.04 20.23 11.41
25.38 20.94 24.52 26.02 22.98 15.84 12.66 30.17 13.96 25.70 23.12 12.33 23.49 4.45 22.85 17.82 30.24 22.08
12.84 8.37 7.97 24.68 10.24 21.46 19.88 2.46 21.79 10.73 9.50 18.38 6.74 28.18 13.84 20.82 26.76 20.63
2.81 10.64 5.62 11.46 3.47 9.22 10.09 12.56 10.33 3.84 16.57 17.01 7.67 19.67 0.43 23.85 14.35 7.05
8.28 19.74 13.67 5.58 12.18 12.83 16.23 19.08 14.67 10.28 25.59 25.64 16.28 24.80 8.75 32.87 5.97 6.61
26.30 16.10 22.63 32.62 22.41 22.64 18.17 25.14 21.11 25.46 14.19 7.18 20.28 17.14 24.53 4.00 36.65 27.59
18.04 17.14 18.49 17.53 16.53 7.42 5.29 25.10 5.58 18.81 21.28 12.70 18.29 4.59 15.45 20.49 21.75 13.67
3.45 12.79 7.69 9.27 5.63 8.54 10.39 14.42 9.96 5.26 18.74 18.56 9.86 19.81 1.84 25.67 12.18 5.09
21.81 18.00 21.11 22.74 19.50 12.41 9.08 26.99 10.53 22.17 20.81 10.51 20.24 2.92 19.27 17.25 26.98 18.63
10.01 3.32 6.37 18.93 5.98 12.10 9.47 11.35 11.88 9.01 9.02 9.73 4.69 17.45 8.69 15.72 22.32 13.89
25.97 23.49 26.03 24.54 24.21 15.14 13.11 32.25 13.40 26.64 26.44 16.01 25.44 3.57 23.37 22.13 28.65 21.28
10.97 7.83 9.50 16.78 8.00 8.15 4.86 15.65 7.53 10.87 12.87 8.99 8.83 13.08 8.75 16.58 20.64 11.64
3.71 11.97 7.24 9.93 5.06 8.06 9.58 14.17 9.36 5.23 17.93 17.58 9.23 19.06 1.42 24.71 13.01 5.43
23.94 15.02 20.91 29.19 20.30 18.98 14.53 24.52 17.36 23.37 14.72 4.84 18.87 13.05 21.93 7.32 33.30 24.26
20.74 17.78 20.39 21.19 18.66 10.93 7.88 26.51 9.06 21.22 21.02 11.15 19.71 2.32 18.18 18.31 25.42 17.17
13.80 2.94 8.55 24.44 9.82 18.36 15.57 8.76 18.12 12.06 3.71 11.57 5.79 22.57 13.47 14.20 27.42 19.60
16.08 16.26 16.91 15.43 14.84 5.24 3.74 23.70 3.41 16.96 20.86 13.23 16.95 6.76 13.48 21.25 19.67 11.49
16.38 4.75 11.27 26.54 12.30 19.60 16.30 11.41 19.09 14.75 1.31 10.08 8.49 22.22 15.80 11.49 29.72 21.56
10.10 21.08 15.42 3.30 13.71 12.18 16.02 21.22 14.06 12.18 27.02 26.13 17.91 24.01 10.04 33.64 3.94 6.00
21.18 22.96 23.00 16.61 20.80 9.43 10.31 30.00 8.47 22.45 27.54 19.18 23.38 7.75 18.69 26.86 20.49 14.49
3.47 13.25 6.30 13.83 6.32 15.19 16.32 10.04 16.48 3.25 18.41 21.87 9.04 25.91 6.06 27.71 15.10 11.25
23.30 18.86 22.37 24.43 20.84 14.09 10.68 28.04 12.21 23.58 21.24 10.61 21.35 3.82 20.79 16.74 28.66 20.30
14.87 13.56 11.28 26.54 13.56 25.18 24.25 4.29 25.79 12.88 14.50 23.66 11.12 32.99 16.58 25.89 27.87 23.21
6.36 12.69 9.22 9.34 6.91 5.40 7.35 16.33 6.76 7.77 18.62 16.64 10.73 16.65 3.92 24.19 13.02 4.24
11.61 1.99 7.42 20.81 7.49 13.76 10.79 11.25 13.40 10.42 7.21 8.88 5.17 18.09 10.47 14.18 24.18 15.76
13.01 19.81 16.76 6.23 14.46 5.32 9.78 23.81 6.87 14.84 25.57 21.16 18.28 15.72 11.09 29.22 10.34 4.79
15.94 5.45 10.58 26.84 12.08 20.87 17.99 9.12 20.59 14.08 2.65 12.88 7.91 24.62 15.81 14.03 29.72 22.06
25.00 13.85 20.73 32.71 20.92 23.34 18.96 22.19 22.03 23.87 10.72 7.58 18.15 19.90 23.57 0.73 36.54 27.58
2.42 12.46 6.95 9.95 5.05 9.50 11.12 13.53 10.87 4.30 18.36 18.78 9.27 20.61 1.44 25.70 12.60 6.03
14.59 23.01 19.09 4.10 16.90 9.25 13.72 25.88 10.83 16.63 28.89 25.07 20.97 19.30 13.21 33.10 7.34 6.42
22.59 10.86 17.76 31.70 18.44 23.32 19.27 18.00 22.34 21.15 6.30 9.11 15.01 22.41 21.60 5.50 35.23 26.57
16.83 5.76 12.53 25.38 12.73 17.05 13.17 14.88 16.19 15.65 5.54 5.47 10.01 17.89 15.55 8.95 28.98 20.24
13.11 2.33 8.78 22.24 8.98 14.85 11.58 11.90 14.34 11.88 6.07 7.93 6.34 18.21 11.98 12.72 25.66 17.17
4.25 10.00 5.97 11.82 3.65 8.17 8.69 13.10 9.13 4.98 15.97 15.71 7.56 18.27 1.80 22.72 15.02 7.05
14.54 3.08 9.40 24.88 10.48 18.36 15.33 9.92 18.00 12.88 2.94 10.57 6.62 21.94 14.03 13.05 27.98 19.96
18.49 16.81 18.61 18.54 16.73 8.29 5.60 25.05 6.42 19.13 20.70 11.76 18.22 3.99 15.90 19.46 22.78 14.54
10.30 14.42 12.52 10.03 10.22 1.47 4.71 19.66 2.97 11.58 20.05 15.75 13.48 13.11 7.80 23.73 14.19 5.37
18.49 6.76 13.68 27.82 14.34 19.92 16.15 14.52 19.13 17.05 3.35 7.85 10.95 20.78 17.54 8.38 31.27 22.73
11.36 22.11 16.64 2.35 14.84 12.25 16.30 22.55 14.13 13.46 28.07 26.73 19.07 23.90 11.12 34.36 2.88 6.32
8.98 7.42 7.74 15.56 6.07 8.00 5.76 14.24 7.85 8.89 13.00 10.70 7.46 14.72 6.82 17.99 19.25 10.41
15.61 11.42 11.07 27.49 13.38 24.72 23.18 4.26 25.08 13.51 11.30 21.10 10.03 31.38 16.86 22.65 29.29 23.64
1.82 11.00 4.19 13.64 3.75 13.25 13.96 9.61 14.38 0.71 16.44 19.30 6.96 23.53 3.99 25.31 15.60 10.19
20.08 14.61 18.55 23.07 17.22 12.61 8.42 23.90 10.83 20.11 16.99 6.62 17.31 6.70 17.70 13.73 27.27 18.44
15.77 18.91 17.97 12.03 15.70 4.10 6.53 25.07 3.72 17.13 24.07 17.45 18.67 9.94 13.32 25.52 16.16 9.16
12.55 0.93 7.58 22.72 8.43 16.33 13.51 9.49 16.06 10.99 5.07 10.35 4.84 20.68 11.92 14.15 25.85 17.80
13.31 23.73 18.52 2.19 16.63 12.64 16.92 24.59 14.46 15.43 29.70 27.73 20.86 23.86 12.86 35.51 2.20 7.28
24.78 13.81 20.63 32.25 20.73 22.76 18.36 22.36 21.43 23.70 11.02 6.95 18.09 19.10 23.28 1.17 36.11 27.12
12.50 13.67 13.47 13.30 11.34 2.93 1.56 20.40 1.62 13.38 18.80 12.98 13.77 10.11 9.90 21.07 17.50 8.73
17.84 19.01 19.24 15.26 17.08 6.21 6.36 26.17 4.85 18.94 23.65 15.77 19.49 6.71 15.28 23.68 19.41 12.08
10.71 9.39 10.12 15.35 8.32 6.42 3.38 16.67 5.84 10.95 14.58 10.23 9.88 12.34 8.29 18.04 19.30 10.25
13.18 23.31 18.29 1.53 16.34 11.83 16.15 24.51 13.64 15.29 29.29 27.05 20.57 22.98 12.55 34.87 3.10 6.68
15.97 8.47 10.73 27.63 12.80 23.24 21.01 6.18 23.29 13.89 7.06 17.32 8.73 28.48 16.57 18.37 29.99 23.26
20.91 20.78 21.86 18.47 19.80 9.46 8.64 28.60 7.92 21.87 24.88 15.86 21.81 4.12 18.32 23.34 22.57 15.41
1.00 10.95 4.86 12.11 3.31 11.12 12.02 11.29 12.28 2.09 16.71 18.30 7.38 21.61 1.86 24.78 14.51 8.25
21.48 10.91 17.54 28.81 17.48 19.42 15.06 19.96 18.14 20.49 9.38 3.80 15.12 16.82 19.90 4.55 32.67 23.68
28.15 16.99 23.89 35.64 24.08 26.05 21.61 25.14 24.65 27.02 13.53 10.20 21.29 21.49 26.69 2.43 39.52 30.52
19.03 7.75 14.64 27.49 14.91 18.91 14.85 16.45 17.92 17.81 5.85 5.43 12.05 18.59 17.76 6.83 31.13 22.35
22.00 22.74 23.38 18.31 21.25 10.29 10.31 30.25 9.03 23.13 26.99 18.09 23.53 5.94 19.45 25.56 22.27 15.81
20.20 11.39 17.13 26.06 16.52 16.16 11.70 20.95 14.71 19.59 11.94 1.13 15.12 12.72 18.25 8.05 30.09 21.03
14.59 3.06 9.97 23.94 10.44 16.49 13.08 12.14 15.91 13.23 4.51 7.85 7.35 19.17 13.58 11.53 27.33 18.87
9.55 12.82 11.21 11.13 8.94 2.75 4.01 18.31 3.50 10.61 18.44 14.46 12.00 13.19 6.96 22.37 15.19 6.17
17.26 9.24 14.41 23.23 13.66 13.57 9.18 18.79 12.26 16.72 11.17 2.33 12.61 12.25 15.28 10.35 27.21 18.16
18.53 18.53 19.43 16.88 17.37 7.28 6.22 26.19 5.62 19.46 22.85 14.41 19.42 4.98 15.94 22.19 21.06 13.41
19.55 18.24 19.89 18.81 17.97 8.86 6.75 26.41 7.05 20.28 22.12 13.01 19.59 3.12 16.95 20.56 23.02 15.09
10.39 15.23 13.00 9.15 10.68 1.64 5.59 20.15 3.46 11.82 20.91 16.70 14.11 13.61 7.98 24.69 13.34 4.66
28.23 17.86 24.48 34.57 24.31 24.55 20.08 26.74 22.99 27.36 15.54 9.14 22.08 18.56 26.49 4.49 38.60 29.55
5.98 10.20 7.32 11.78 5.02 6.60 6.92 14.46 7.42 6.73 16.12 14.67 8.46 16.51 3.42 21.99 15.32 6.72
14.90 5.74 11.38 22.46 10.99 13.79 9.85 15.30 12.88 14.05 8.27 4.73 9.32 15.15 13.26 11.08 26.20 17.31
21.68 11.22 17.81 28.87 17.70 19.40 15.02 20.32 18.10 20.73 9.78 3.67 15.41 16.56 20.07 4.52 32.75 23.75
18.21 9.20 14.96 24.70 14.44 15.17 10.80 18.77 13.88 17.51 10.22 1.13 12.92 13.52 16.36 8.76 28.63 19.60
26.96 15.70 22.61 34.69 22.86 25.26 20.85 23.78 23.92 25.79 12.16 9.44 19.99 21.31 25.55 1.34 38.53 29.56
12.99 19.77 16.73 6.25 14.43 5.28 9.74 23.78 6.83 14.82 25.53 21.12 18.24 15.69 11.07 29.18 10.37 4.77
9.50 14.06 11.85 9.69 9.54 2.26 5.18 19.00 3.74 10.82 19.77 15.93 12.92 13.85 7.01 23.85 13.80 4.85
13.36 23.95 18.61 2.67 16.77 13.14 17.39 24.57 14.98 15.46 29.91 28.14 21.00 24.43 13.02 35.88 1.62 7.66
12.27 1.06 7.69 21.88 8.11 15.03 12.06 10.64 14.67 10.91 6.00 9.21 5.15 19.16 11.34 13.78 25.17 16.88
7.43 14.56 10.92 7.62 8.64 4.90 7.96 17.97 6.60 9.10 20.49 18.06 12.57 16.75 5.29 25.76 11.47 2.47
20.93 12.95 18.28 25.90 17.46 15.71 11.25 22.53 14.12 20.51 13.89 2.99 16.46 10.98 18.83 9.34 30.00 20.97
20.44 11.43 17.28 26.42 16.72 16.55 12.09 20.97 15.11 19.79 11.77 1.19 15.23 13.10 18.52 7.63 30.44 21.38
6.95 5.73 4.43 16.08 3.16 10.51 9.02 10.95 10.76 6.22 11.70 12.43 4.29 18.05 5.56 18.82 19.32 11.17
18.55 15.19 17.90 20.18 16.25 9.71 5.96 23.93 7.86 18.91 18.58 9.18 17.14 4.89 16.03 16.81 24.41 15.79
7.95 7.79 3.51 19.81 5.81 17.41 16.58 3.67 18.02 5.83 11.72 17.89 3.94 25.59 9.12 22.16 21.86 15.90
15.25 12.15 14.46 18.15 12.81 7.84 3.42 20.60 6.25 15.51 16.16 8.39 13.78 8.12 12.77 16.48 22.32 13.40
10.06 21.02 15.38 3.23 13.66 12.08 15.93 21.19 13.96 12.15 26.96 26.05 17.86 23.92 9.98 33.56 3.99 5.91
24.93 24.28 25.79 21.89 23.77 13.43 12.55 32.43 11.94 25.89 27.95 18.16 25.61 4.87 22.35 24.99 25.87 19.22
15.18 16.85 16.64 13.49 14.46 3.67 4.21 23.63 2.18 16.28 21.80 14.90 17.02 8.45 12.62 22.97 17.72 9.80
2.46 10.68 5.45 11.54 3.37 9.55 10.44 12.33 10.68 3.51 16.59 17.25 7.60 20.02 0.44 24.02 14.35 7.23
12.75 10.06 11.85 16.85 10.19 7.16 3.00 18.10 6.05 12.92 14.68 8.78 11.27 10.65 10.33 16.79 20.90 11.85
7.44 8.07 3.23 19.31 5.50 17.12 16.41 4.06 17.77 5.33 12.18 18.08 4.06 25.51 8.70 22.51 21.33 15.46
23.12 13.61 19.78 29.10 19.34 19.11 14.64 23.00 17.59 22.41 12.92 3.82 17.60 14.33 21.24 5.84 33.14 24.08
13.24 9.95 8.75 25.11 11.07 22.51 21.16 1.93 22.94 11.13 11.02 20.00 7.95 29.62 14.50 22.38 26.96 21.28
13.93 6.62 11.09 20.67 10.29 11.74 7.76 15.90 10.79 13.35 10.16 5.39 9.45 13.56 12.03 12.70 24.50 15.53
12.08 16.57 14.67 9.46 12.36 1.31 5.75 21.82 2.91 13.53 22.13 17.15 15.69 12.61 9.69 25.22 13.70 5.67
23.33 14.76 20.47 28.36 19.77 18.12 13.68 24.30 16.48 22.83 14.83 4.50 18.50 12.19 21.28 8.08 32.48 23.46
8.24 17.62 12.93 4.19 10.84 7.68 11.42 19.56 9.54 10.29 23.59 21.72 15.04 19.62 7.06 29.38 7.82 1.42
19.39 7.77 14.22 29.52 15.32 22.27 18.73 13.52 21.63 17.72 1.98 10.85 11.44 23.77 18.82 9.97 32.74 24.52
22.22 10.98 17.88 30.30 18.12 21.25 16.99 19.42 20.08 21.04 8.15 6.05 15.28 19.20 20.86 3.60 34.04 25.15
15.02 3.35 9.97 25.13 10.92 18.30 15.12 10.73 17.86 13.43 2.67 9.84 7.20 21.44 14.40 12.25 28.31 20.16
2.44 11.73 6.40 10.53 4.39 9.32 10.66 13.14 10.59 4.04 17.64 18.05 8.63 20.20 0.68 24.95 13.30 6.38
0.64 12.32 5.80 11.76 4.72 12.19 13.47 11.49 13.49 2.37 17.96 19.94 8.50 23.04 3.15 26.33 13.74 8.52
19.11 18.19 19.61 18.16 17.65 8.26 6.41 26.21 6.48 19.90 22.22 13.34 19.40 3.73 16.51 20.99 22.36 14.49
23.49 16.48 21.38 27.00 20.32 16.54 12.32 26.04 14.76 23.31 17.57 6.68 19.77 8.88 21.21 11.60 31.20 22.35
23.04 20.65 23.04 22.24 21.22 12.46 10.15 29.30 10.66 23.67 23.86 13.76 22.48 0.59 20.45 20.51 26.42 18.68
11.47 9.60 10.76 15.89 9.01 6.63 3.08 17.19 5.83 11.68 14.59 9.67 10.38 11.70 9.05 17.56 19.88 10.82
17.30 17.79 18.35 15.71 16.26 6.01 5.25 25.19 4.35 18.28 22.32 14.38 18.46 6.15 14.72 22.30 19.91 12.15
24.27 16.80 21.96 28.06 20.99 17.62 13.36 26.38 15.84 24.01 17.50 6.73 20.25 9.92 22.03 10.83 32.25 23.37
1.30 12.98 6.42 11.44 5.40 12.46 13.92 11.87 13.82 2.93 18.60 20.59 9.14 23.47 3.62 27.01 13.25 8.47
13.45 1.68 8.55 23.41 9.32 16.66 13.62 10.33 16.28 11.94 4.40 9.59 5.83 20.39 12.72 13.15 26.62 18.44
5.17 14.74 9.76 7.20 7.71 7.96 10.67 16.41 9.63 7.16 20.70 19.84 11.93 19.74 3.91 27.20 10.27 3.23
24.88 20.23 23.91 25.84 22.41 15.57 12.25 29.49 13.69 25.16 22.36 11.57 22.84 4.57 22.37 17.12 30.07 21.80
15.06 3.42 9.99 25.21 10.97 18.42 15.25 10.66 17.99 13.45 2.58 9.97 7.22 21.59 14.46 12.30 28.38 20.25
20.90 21.23 22.06 17.98 19.96 9.31 8.90 28.87 7.89 21.94 25.45 16.60 22.11 4.94 18.33 24.14 22.05 15.11
15.31 11.08 10.73 27.18 13.04 24.37 22.82 3.98 24.73 13.20 11.07 20.79 9.68 31.04 16.53 22.43 29.02 23.32
6.53 18.12 11.92 6.89 10.51 12.56 15.58 17.27 14.33 8.50 23.93 24.45 14.56 24.49 7.25 31.51 7.77 6.58
13.00 17.99 15.90 8.87 13.58 2.70 7.00 23.05 3.99 14.57 23.56 18.42 17.02 12.98 10.71 26.52 13.08 5.83
8.85 20.16 14.23 4.81 12.65 12.57 16.13 19.78 14.43 10.88 26.04 25.78 16.80 24.53 9.12 33.11 5.26 6.31
26.87 25.84 27.60 23.78 25.62 15.40 14.38 34.16 13.89 27.79 29.27 19.17 27.34 5.94 24.28 25.62 27.72 21.19
13.49 6.68 10.80 20.13 9.91 11.22 7.30 15.82 10.30 12.97 10.50 5.87 9.27 13.42 11.56 13.24 23.96 14.99
17.00 15.52 17.12 17.53 15.23 7.13 4.10 23.61 5.25 17.63 19.64 11.26 16.79 5.48 14.42 19.17 21.77 13.33
16.54 18.57 18.27 13.64 16.05 4.80 5.92 25.29 3.73 17.74 23.49 16.27 18.72 8.26 14.01 24.29 17.80 10.49
8.54 5.27 3.18 20.06 5.25 16.31 14.91 5.11 16.68 6.56 9.60 15.38 1.72 23.60 9.00 19.70 22.54 15.72
16.11 17.90 17.70 13.74 15.50 4.45 5.23 24.69 3.18 17.26 22.79 15.61 18.10 8.11 13.57 23.65 17.93 10.36
17.25 9.35 14.46 23.13 13.67 13.44 9.04 18.89 12.11 16.73 11.34 2.43 12.68 12.07 15.25 10.49 27.12 18.07
11.28 2.93 5.93 22.31 7.46 17.16 14.95 6.70 17.19 9.45 6.43 13.12 3.25 22.83 11.22 16.69 25.09 17.65
8.34 17.41 12.90 4.45 10.77 7.15 10.93 19.61 9.02 10.36 23.37 21.30 14.93 19.10 7.01 29.00 8.23 0.91
11.38 5.68 6.10 22.99 8.18 18.98 17.20 4.05 19.21 9.33 7.97 15.83 4.25 25.41 11.94 18.94 25.40 18.65
25.89 15.53 22.13 32.45 21.96 22.56 18.09 24.50 21.07 25.00 13.48 6.92 19.73 17.46 24.17 3.31 36.44 27.39
16.93 12.65 15.74 20.03 14.25 9.66 5.30 21.54 7.98 17.06 16.04 7.15 14.78 7.45 14.50 15.12 24.21 15.30
13.69 11.91 9.79 25.48 12.10 23.69 22.65 2.69 24.25 11.65 13.09 22.03 9.49 31.34 15.26 24.46 27.01 21.96
23.77 12.21 19.16 32.30 19.63 23.45 19.23 19.92 22.33 22.45 8.27 8.35 16.47 21.43 22.58 3.32 35.97 27.15
19.05 23.12 21.82 12.61 19.51 7.97 10.73 28.97 7.94 20.62 28.29 21.30 22.72 11.67 16.77 29.29 16.29 11.41
22.93 14.00 19.87 28.37 19.27 18.23 13.77 23.51 16.65 22.35 13.86 3.80 17.83 12.94 20.94 7.24 32.45 23.41
14.73 3.07 10.02 24.22 10.57 16.86 13.48 11.93 16.30 13.32 4.11 8.15 7.36 19.58 13.79 11.54 27.57 19.17
18.37 6.60 13.45 27.96 14.23 20.28 16.59 13.95 19.55 16.86 2.60 8.61 10.69 21.46 17.53 8.96 31.33 22.89
18.67 22.13 21.15 13.10 18.87 7.25 9.62 28.28 6.97 20.15 27.21 20.01 21.92 10.43 16.30 27.99 16.94 11.37
15.64 6.83 10.27 27.04 12.13 21.98 19.49 7.16 21.90 13.64 5.11 15.32 7.92 26.67 15.93 16.48 29.64 22.48
4.91 7.43 0.50 16.49 2.15 13.77 13.26 7.36 14.46 3.01 12.76 16.46 3.28 22.55 5.54 21.92 18.91 12.33
15.24 5.31 11.42 23.22 11.24 14.73 10.85 14.87 13.86 14.27 7.28 4.95 9.18 16.08 13.74 10.54 26.90 18.07
9.87 12.23 11.09 12.02 8.88 3.19 3.29 18.14 3.45 10.77 17.77 13.57 11.68 12.68 7.27 21.48 16.08 7.05
16.96 17.92 18.21 15.03 16.08 5.49 5.28 25.11 3.95 18.00 22.59 14.90 18.43 6.83 14.39 22.87 19.22 11.55
11.91 7.55 6.95 23.72 9.20 20.40 18.85 2.43 20.74 9.80 9.28 17.67 5.69 27.22 12.83 20.48 25.87 19.62
21.07 11.39 17.60 27.56 17.23 17.84 13.40 20.80 16.44 20.29 10.98 2.01 15.39 14.54 19.28 6.19 31.53 22.48
12.96 22.52 17.87 1.31 15.82 10.36 14.73 24.34 12.14 15.06 28.48 25.78 20.01 21.37 12.02 33.67 4.73 5.67
2.80 14.55 8.16 9.77 6.91 12.06 14.09 13.65 13.59 4.72 20.26 21.64 10.84 23.51 4.24 28.33 11.44 7.32
6.96 6.42 1.75 18.61 4.03 15.50 14.53 5.55 16.03 4.94 11.17 16.21 2.19 23.54 7.63 20.99 20.98 14.42
8.62 5.14 3.26 20.12 5.29 16.30 14.87 5.18 16.66 6.65 9.47 15.27 1.66 23.53 9.05 19.57 22.62 15.76
12.58 4.44 9.19 20.50 8.69 12.42 8.93 13.69 11.77 11.75 8.66 6.92 7.33 15.65 10.98 13.30 24.14 15.36
6.19 11.73 5.34 17.55 6.72 17.60 17.88 6.38 18.62 4.56 16.09 21.38 7.48 27.35 8.39 26.29 18.91 14.55
17.53 10.15 14.99 22.93 14.08 13.05 8.60 19.64 11.64 17.12 12.28 2.87 13.32 11.14 15.45 10.97 26.97 17.91
14.29 6.43 8.96 25.81 10.92 21.16 18.92 5.76 21.20 12.27 6.12 15.68 6.76 26.49 14.71 17.49 28.31 21.34
18.74 22.40 21.32 12.91 19.02 7.42 9.92 28.45 7.22 20.25 27.51 20.38 22.12 10.81 16.40 28.37 16.71 11.33
12.54 4.31 9.10 20.52 8.62 12.49 9.03 13.57 11.86 11.69 8.57 7.00 7.22 15.78 10.95 13.33 24.14 15.38
20.41 23.48 22.78 14.65 20.51 8.89 10.84 29.89 8.42 21.86 28.39 20.71 23.45 10.07 18.02 28.56 18.38 13.12
10.02 17.22 13.78 6.02 11.50 4.52 8.71 20.81 6.40 11.83 23.08 19.70 15.40 16.32 8.08 27.62 10.22 2.14
7.42 7.81 3.04 19.28 5.33 16.94 16.19 4.17 17.58 5.31 11.97 17.81 3.79 25.26 8.60 22.26 21.35 15.38
4.54 10.34 3.55 16.30 4.67 15.62 15.81 7.00 16.59 2.64 15.20 19.63 6.05 25.28 6.49 24.92 18.06 12.91
14.00 2.97 8.77 24.56 9.99 18.38 15.53 9.04 18.11 12.28 3.48 11.34 6.00 22.43 13.63 13.91 27.58 19.71
16.65 18.85 18.46 13.52 16.24 4.90 6.21 25.50 3.92 17.89 23.78 16.58 18.95 8.44 14.14 24.60 17.66 10.47
25.60 21.85 25.07 25.52 23.42 15.55 12.75 30.93 13.71 26.05 24.31 13.63 24.19 3.68 23.04 19.35 29.72 21.80
5.59 8.14 5.33 13.68 3.17 8.64 8.09 12.41 9.21 5.61 14.11 13.86 6.24 17.56 3.57 20.75 16.98 8.75
4.14 12.99 6.06 14.78 6.43 15.90 16.84 9.20 17.13 3.44 17.97 21.91 8.73 26.42 6.69 27.53 16.02 12.14
6.52 12.56 9.23 9.53 6.91 5.24 7.10 16.36 6.56 7.87 18.48 16.40 10.68 16.41 4.04 23.97 13.24 4.41
14.28 24.27 19.36 2.48 17.39 12.28 16.68 25.63 14.05 16.40 30.24 27.72 21.61 23.12 13.59 35.60 3.37 7.51
11.82 1.43 6.68 22.37 7.79 16.51 13.97 8.30 16.38 10.16 5.64 11.52 3.90 21.50 11.42 15.29 25.37 17.55
4.89 7.91 1.02 16.64 2.73 14.31 13.91 6.94 15.05 2.86 13.08 17.10 3.67 23.23 5.83 22.45 18.92 12.62
25.78 14.35 21.29 33.93 21.66 24.75 20.42 22.18 23.51 24.53 10.52 9.13 18.63 21.64 24.49 1.73 37.69 28.78
9.71 6.88 4.75 21.50 7.03 18.39 17.11 2.92 18.83 7.61 10.05 17.14 3.92 25.79 10.62 20.82 23.69 17.41
20.09 11.99 17.35 25.35 16.56 15.28 10.81 21.56 13.75 19.62 13.05 2.16 15.51 11.36 18.02 9.26 29.43 20.38
16.25 13.48 15.71 18.36 14.00 7.90 3.79 21.92 6.15 16.62 17.39 9.08 15.09 6.80 13.74 17.08 22.57 13.78
19.88 11.34 16.92 25.57 16.25 15.63 11.17 20.91 14.17 19.32 12.17 1.26 14.98 12.24 17.89 8.60 29.61 20.55
16.62 13.99 16.18 18.41 14.44 7.93 4.00 22.41 6.13 17.03 17.89 9.42 15.59 6.31 14.09 17.38 22.63 13.91
6.89 12.55 9.45 9.68 7.12 4.88 6.71 16.59 6.17 8.20 18.45 16.14 10.81 16.01 4.39 23.76 13.45 4.54
14.47 19.79 17.61 8.75 15.29 4.44 8.52 24.75 5.43 16.13 25.34 19.91 18.80 13.34 12.28 28.02 12.82 6.76
10.31 1.46 5.53 20.50 6.18 14.57 12.17 8.95 14.49 8.83 7.33 11.17 2.98 20.09 9.65 15.95 23.59 15.63
8.85 5.49 3.54 20.44 5.67 16.78 15.39 4.66 17.16 6.83 9.55 15.68 2.18 24.05 9.40 19.83 22.87 16.14
15.00 12.50 10.96 26.80 13.28 24.84 23.65 3.81 25.34 12.94 13.08 22.48 10.44 32.19 16.52 24.47 28.35 23.24
11.80 17.86 15.13 7.31 12.81 3.41 7.88 22.24 5.12 13.49 23.59 19.21 16.49 14.60 9.66 27.25 11.55 4.20
13.61 11.21 9.47 25.45 11.79 23.34 22.17 2.32 23.84 11.54 12.29 21.29 8.96 30.76 15.06 23.66 27.10 21.80
11.65 18.75 15.47 5.73 13.18 4.96 9.40 22.49 6.71 13.49 24.57 20.66 17.06 16.14 9.76 28.67 9.95 3.44
14.39 21.10 18.15 6.68 15.85 6.26 10.63 25.21 7.61 16.23 26.82 22.05 19.65 15.76 12.49 30.15 10.57 6.10
13.11 8.57 8.24 24.95 10.52 21.73 20.14 2.57 22.06 10.99 9.54 18.54 7.01 28.41 14.11 20.88 27.01 20.90
14.99 15.26 15.77 14.90 13.71 4.51 2.64 22.58 2.62 15.84 19.98 12.81 15.84 7.68 12.39 20.89 19.14 10.73
14.85 12.91 11.01 26.60 13.32 24.91 23.84 3.89 25.46 12.82 13.68 22.95 10.65 32.48 16.46 25.07 28.06 23.14
17.87 6.30 12.69 28.09 13.80 21.08 17.69 12.20 20.53 16.19 0.50 10.68 9.91 23.24 17.34 10.92 31.27 23.12
23.27 16.26 21.15 26.83 20.09 16.38 12.15 25.81 14.60 23.08 17.37 6.48 19.54 8.88 20.99 11.53 31.03 22.17
6.44 6.64 4.74 15.18 3.03 9.71 8.51 11.54 10.06 5.97 12.61 12.86 5.04 17.74 4.81 19.48 18.45 10.24
24.47 21.57 24.29 23.81 22.53 14.02 11.57 30.41 12.21 25.05 24.48 14.08 23.61 2.05 21.89 20.37 27.98 20.24
24.20 20.34 23.57 24.55 21.95 14.42 11.40 29.42 12.55 24.61 22.88 12.28 22.68 2.98 21.66 18.33 28.77 20.67
19.98 9.41 16.02 27.52 15.96 18.33 14.05 18.55 17.14 18.97 8.33 3.33 13.60 16.64 18.43 5.89 31.33 22.38
14.26 23.85 19.20 2.43 17.16 11.35 15.78 25.64 13.09 16.37 29.81 26.93 21.36 22.02 13.36 34.86 4.49 6.99
13.02 6.79 10.52 19.53 9.52 10.65 6.79 15.75 9.77 12.56 10.90 6.40 9.12 13.29 11.04 13.84 23.37 14.39
7.25 8.37 6.94 13.88 4.91 7.41 6.33 13.87 7.72 7.42 14.21 12.61 7.37 15.75 4.96 19.85 17.47 8.78
22.28 14.65 19.83 26.62 18.92 16.27 11.89 24.22 14.58 21.95 15.55 4.68 18.09 10.13 20.09 10.05 30.78 21.80
22.34 12.71 18.92 28.56 18.53 18.68 14.21 22.10 17.21 21.59 12.07 3.09 16.72 14.50 20.50 5.76 32.56 23.51
12.41 23.61 17.79 4.34 16.17 14.40 18.41 23.29 16.27 14.45 29.53 28.68 20.34 26.05 12.56 36.22 1.87 8.39
10.27 21.40 15.63 3.74 13.97 12.73 16.55 21.29 14.61 12.33 27.31 26.60 18.15 24.58 10.34 34.07 3.77 6.55
5.58 13.55 9.30 8.26 7.07 6.50 8.88 16.26 8.04 7.28 19.52 18.10 11.16 18.07 3.51 25.56 11.72 3.43
9.38 11.55 6.76 20.95 8.80 20.28 19.98 3.54 21.11 7.49 14.77 21.73 7.80 29.20 11.31 25.66 22.31 17.76
2.25 12.55 6.94 9.97 5.09 9.73 11.37 13.44 11.11 4.18 18.44 18.98 9.30 20.86 1.59 25.87 12.55 6.16
20.89 23.69 23.16 15.27 20.89 9.30 11.02 30.25 8.72 22.31 28.52 20.64 23.77 9.69 18.48 28.45 19.00 13.68
8.58 3.27 4.27 18.62 4.43 13.00 11.00 9.25 13.08 7.27 9.21 11.84 2.48 19.46 7.78 17.33 21.71 13.77
22.08 15.10 19.94 25.88 18.88 15.46 11.16 24.64 13.72 21.88 16.42 5.52 18.34 8.86 19.82 11.32 30.06 21.15
23.51 11.90 18.84 32.19 19.36 23.45 19.27 19.47 22.36 22.16 7.80 8.55 16.14 21.70 22.37 3.86 35.83 27.05
9.20 6.03 7.09 16.70 5.78 9.39 6.94 13.23 9.20 8.78 11.63 10.14 6.40 15.53 7.30 17.10 20.29 11.58
13.77 13.08 10.33 25.41 12.59 24.21 23.40 3.57 24.87 11.80 14.49 23.27 10.36 32.25 15.53 25.85 26.74 22.13
17.56 16.50 17.91 17.42 15.97 7.18 4.75 24.48 5.31 18.28 20.66 12.18 17.67 4.96 14.97 20.03 21.66 13.43
12.35 4.78 6.97 23.75 8.84 19.08 16.96 5.45 19.16 10.37 6.45 14.67 4.66 24.81 12.64 17.46 26.33 19.24
11.86 9.88 11.16 16.05 9.42 6.60 2.83 17.58 5.70 12.09 14.77 9.52 10.76 11.29 9.43 17.47 20.07 11.01
6.38 17.87 11.77 6.62 10.29 12.06 15.10 17.28 13.84 8.39 23.70 24.05 14.38 24.00 6.94 31.16 7.77 6.10
13.52 9.93 12.31 17.83 10.77 8.05 3.75 18.33 6.84 13.58 14.23 7.83 11.52 10.38 11.16 15.87 21.89 12.84
24.34 23.95 25.29 21.18 23.25 12.79 12.06 31.98 11.34 25.33 27.73 18.10 25.18 4.90 21.76 25.07 25.15 18.54
25.72 15.41 21.99 32.25 21.81 22.35 17.88 24.41 20.85 24.85 13.44 6.72 19.61 17.25 24.00 3.44 36.24 27.19
25.40 14.65 21.40 32.52 21.40 22.85 18.41 23.36 21.45 24.40 12.12 7.01 18.91 18.56 23.81 1.73 36.44 27.41
24.45 22.97 24.92 22.37 22.99 13.27 11.76 31.38 11.62 25.26 26.39 16.39 24.56 3.09 21.85 23.09 26.45 19.31
4.36 15.70 8.85 11.58 8.30 14.85 16.77 12.95 16.37 5.41 21.10 23.66 11.63 26.24 6.61 29.94 12.37 9.93
18.49 22.07 21.02 12.86 18.73 7.12 9.58 28.15 6.89 19.98 27.17 20.06 21.81 10.61 16.14 28.05 16.70 11.15
7.02 4.79 2.40 17.72 2.95 13.19 11.80 8.16 13.53 5.51 10.47 13.70 1.58 20.68 6.65 19.15 20.57 13.08
24.40 13.23 20.11 32.20 20.32 22.90 18.54 21.57 21.63 23.25 10.12 7.21 17.52 19.76 22.99 1.36 36.01 27.06
13.56 24.70 18.93 4.68 17.29 15.03 19.14 24.44 16.89 15.60 30.63 29.58 21.47 26.53 13.65 37.18 0.97 9.18
17.03 17.61 18.11 15.47 16.01 5.73 5.04 24.96 4.08 18.01 22.19 14.36 18.24 6.40 14.45 22.31 19.68 11.88
14.89 22.80 19.19 5.04 16.95 8.59 13.03 26.07 10.08 16.88 28.63 24.43 20.95 18.29 13.34 32.50 8.43 6.56
7.82 5.45 2.45 19.32 4.51 15.66 14.39 5.58 16.08 5.86 10.13 15.39 1.40 23.20 8.25 19.99 21.81 14.98
21.45 21.30 22.41 18.87 20.36 9.98 9.19 29.14 8.46 22.43 25.34 16.21 22.36 4.09 18.87 23.62 22.95 15.89
21.21 9.56 16.51 30.14 17.07 21.70 17.66 17.26 20.72 19.84 5.70 7.71 13.80 21.02 20.14 5.69 33.70 25.00
14.70 7.81 12.13 20.81 11.20 11.49 7.29 17.08 10.38 14.25 11.10 4.85 10.59 12.44 12.68 12.58 24.73 15.70
22.47 10.75 17.66 31.54 18.32 23.13 19.08 17.97 22.15 21.04 6.27 8.92 14.92 22.22 21.46 5.42 35.08 26.41
22.21 22.68 23.48 18.74 21.37 10.54 10.35 30.31 9.21 23.30 26.85 17.82 23.57 5.48 19.65 25.22 22.72 16.16
25.44 26.18 26.93 20.84 24.79 13.68 13.85 33.80 12.52 26.62 30.25 20.90 27.06 7.83 22.91 27.99 24.59 18.89
6.05 9.67 3.51 17.87 5.29 16.70 16.53 5.40 17.55 4.03 14.12 19.39 5.43 25.87 7.77 24.23 19.65 14.36
8.26 4.65 2.88 19.57 4.67 15.47 13.99 6.05 15.79 6.38 9.46 14.61 0.78 22.66 8.46 19.21 22.18 15.11
7.47 5.93 5.29 15.99 3.90 9.89 8.21 11.76 10.04 6.92 11.85 11.83 5.04 17.19 5.83 18.45 19.36 10.99
2.84 12.21 6.97 9.96 4.95 8.98 10.55 13.70 10.32 4.57 18.14 18.30 9.18 20.04 1.17 25.29 12.78 5.81
13.52 3.48 9.51 22.10 9.45 14.24 10.75 13.05 13.61 12.44 6.85 6.85 7.24 17.06 12.18 12.21 25.63 16.98
25.87 14.76 21.63 33.44 21.80 23.96 19.56 23.10 22.62 24.75 11.60 8.14 19.05 20.10 24.40 0.23 37.29 28.31
25.66 25.93 26.95 21.50 24.84 13.94 13.78 33.75 12.67 26.77 29.85 20.30 26.98 7.10 23.11 27.26 25.31 19.34
14.57 7.42 11.88 20.92 11.01 11.71 7.57 16.73 10.65 14.06 10.70 4.85 10.27 12.85 12.60 12.45 24.81 15.80
6.59 15.98 11.19 5.85 9.11 7.54 10.77 17.86 9.32 8.60 21.95 20.55 13.31 19.49 5.32 28.07 9.19 1.94
11.87 20.27 16.28 3.40 14.08 7.33 11.73 23.10 9.11 13.87 26.18 22.88 18.16 18.46 10.41 30.83 7.59 3.61
10.46 20.45 15.48 1.42 13.49 9.78 13.88 21.83 11.66 12.57 26.42 24.49 17.72 21.45 9.70 32.22 5.06 4.01
26.52 17.45 23.47 31.56 22.88 21.25 16.84 26.87 19.57 25.96 16.65 7.38 21.37 14.19 24.50 7.57 35.69 26.69
12.94 23.47 18.17 2.21 16.32 12.69 16.92 24.18 14.53 15.04 29.44 27.65 20.55 24.02 12.55 35.39 2.03 7.17
12.97 12.85 9.70 24.58 11.93 23.54 22.85 3.28 24.24 11.02 14.62 23.09 9.91 31.79 14.78 25.94 25.88 21.34
5.77 6.47 3.53 15.43 1.95 10.70 9.71 10.42 11.15 5.00 12.42 13.66 4.13 18.94 4.60 19.96 18.50 10.65
19.77 8.04 14.96 29.03 15.62 20.95 17.07 15.59 20.09 18.33 4.08 8.03 12.22 21.20 18.81 7.34 32.50 23.92
24.68 17.27 22.41 28.35 21.43 17.89 13.67 26.84 16.11 24.44 17.94 7.19 20.71 9.89 22.43 11.08 32.55 23.68
17.54 14.78 17.10 19.02 15.37 8.55 4.83 23.30 6.70 17.96 18.50 9.62 16.48 5.41 15.00 17.45 23.25 14.62
2.11 13.76 7.50 9.99 6.13 11.48 13.33 13.28 12.95 4.15 19.51 20.78 10.13 22.79 3.38 27.48 11.94 7.10
3.00 9.65 4.65 12.50 2.44 9.76 10.18 11.69 10.73 3.39 15.56 16.39 6.63 19.76 1.42 23.05 15.37 8.04
9.25 19.87 14.46 2.93 12.63 10.69 14.51 20.54 12.57 11.36 25.83 24.66 16.85 22.57 8.89 32.22 5.11 4.49
6.95 11.11 8.58 11.21 6.28 5.34 6.02 15.72 6.21 7.89 16.98 14.72 9.65 15.56 4.35 22.27 14.94 6.07
15.66 10.40 10.83 27.51 13.09 24.22 22.46 4.59 24.48 13.54 9.93 19.88 9.47 30.45 16.70 21.27 29.51 23.49
11.61 8.60 6.99 23.48 9.31 20.74 19.44 1.16 21.18 9.50 10.54 18.80 6.23 28.01 12.77 21.74 25.45 19.57
13.63 23.87 18.79 2.12 16.86 12.41 16.74 24.94 14.22 15.75 29.84 27.65 21.09 23.50 13.07 35.47 2.67 7.27
16.75 5.14 12.09 25.96 12.60 18.11 14.43 13.65 17.38 15.38 3.79 7.19 9.42 19.59 15.72 9.52 29.41 20.86
20.16 12.45 17.60 25.07 16.72 14.90 10.44 22.01 13.32 19.77 13.73 2.88 15.85 10.62 18.03 9.91 29.17 20.14
8.76 6.57 3.73 20.52 6.02 17.41 16.22 3.75 17.88 6.67 10.35 16.77 3.13 25.01 9.61 20.83 22.77 16.40
5.06 10.17 6.68 11.65 4.35 7.34 7.84 13.83 8.26 5.85 16.14 15.28 8.06 17.42 2.52 22.46 15.03 6.72
26.87 16.75 23.26 33.04 23.00 23.00 18.53 25.81 21.44 26.06 14.87 7.68 20.92 17.14 25.08 4.51 37.08 28.03
14.76 21.10 18.37 7.37 16.06 6.04 10.32 25.46 7.26 16.56 26.77 21.74 19.79 15.14 12.78 29.84 11.26 6.55
19.29 7.52 14.39 28.77 15.14 20.92 17.14 14.80 20.13 17.79 3.25 8.56 11.63 21.62 18.41 8.16 32.18 23.68
1.66 10.11 3.91 13.04 2.49 11.56 12.12 10.43 12.61 1.49 15.83 17.79 6.45 21.69 2.42 24.10 15.46 9.08
17.08 14.98 16.91 18.17 15.10 7.71 4.23 23.27 5.85 17.60 18.93 10.37 16.44 5.54 14.52 18.27 22.40 13.84
25.62 14.97 21.68 32.58 21.63 22.84 18.39 23.75 21.41 24.65 12.56 7.03 19.22 18.30 23.99 2.15 36.52 27.48
9.96 9.42 5.99 21.81 8.28 19.89 19.05 1.45 20.51 7.88 12.28 19.68 6.14 27.98 11.42 23.26 23.58 18.15
7.74 4.11 2.90 18.45 3.70 13.71 12.12 7.91 13.97 6.18 9.73 13.34 1.10 20.82 7.40 18.57 21.32 13.79
15.52 6.17 10.13 26.77 11.88 21.44 18.85 7.63 21.31 13.56 4.36 14.49 7.65 25.90 15.67 15.75 29.46 22.14
18.05 6.56 12.84 28.36 14.01 21.43 18.06 12.13 20.89 16.35 0.59 11.04 10.07 23.63 17.57 11.10 31.51 23.41
10.46 8.27 5.91 22.33 8.23 19.73 18.57 1.42 20.22 8.35 10.87 18.53 5.41 27.29 11.65 21.90 24.31 18.43
19.37 20.18 20.68 16.51 18.55 7.75 7.65 27.57 6.37 20.46 24.64 16.26 20.85 5.82 16.81 24.01 20.61 13.54
25.26 20.79 24.38 25.96 22.85 15.76 12.56 30.02 13.88 25.58 22.96 12.18 23.35 4.44 22.74 17.69 30.18 22.00
10.90 4.40 5.52 22.30 7.40 17.85 15.94 5.20 18.01 8.94 7.45 14.62 3.25 24.09 11.19 18.07 24.88 17.82
10.77 1.59 6.39 20.38 6.62 13.83 11.16 10.26 13.62 9.48 7.43 9.96 4.09 18.84 9.80 15.12 23.64 15.40
26.06 16.84 22.92 31.30 22.38 21.05 16.62 26.24 19.39 25.45 15.98 6.84 20.80 14.36 24.07 6.99 35.42 26.40
14.49 16.50 16.06 12.87 13.86 2.94 4.00 23.08 1.53 15.62 21.57 15.01 16.53 9.14 11.93 23.11 17.10 9.09
24.20 21.81 24.24 23.10 22.42 13.48 11.32 30.49 11.71 24.86 24.92 14.69 23.68 1.79 21.60 21.19 27.25 19.67
6.44 15.77 11.01 6.06 8.91 7.46 10.63 17.69 9.23 8.44 21.74 20.36 13.11 19.39 5.13 27.87 9.40 2.02
11.51 13.98 13.02 11.82 10.80 1.66 2.93 20.08 1.54 12.56 19.37 14.22 13.61 11.38 8.93 22.28 16.01 7.24
18.23 7.64 14.23 26.08 14.20 17.19 13.04 16.90 16.12 17.20 7.25 3.67 11.82 16.66 16.75 7.53 29.82 20.93
7.70 4.18 2.80 18.46 3.67 13.78 12.22 7.80 14.06 6.11 9.77 13.46 1.00 20.94 7.39 18.66 21.31 13.82
27.00 16.57 23.21 33.53 23.06 23.60 19.13 25.45 22.08 26.10 14.30 8.02 20.79 18.15 25.28 3.51 37.53 28.48
8.07 18.60 13.24 3.86 11.37 9.94 13.56 19.42 11.80 10.19 24.56 23.51 15.60 21.90 7.62 31.01 6.38 3.69
27.99 17.44 24.13 34.58 24.03 24.64 20.17 26.21 23.12 27.06 14.92 9.06 21.68 19.01 26.29 3.74 38.58 29.53
4.05 15.58 8.80 11.06 8.09 14.29 16.27 13.21 15.82 5.31 21.06 23.35 11.58 25.72 6.18 29.73 11.99 9.35
6.82 4.97 2.79 17.18 2.67 12.41 11.03 8.94 12.74 5.52 10.82 13.35 2.34 19.96 6.18 19.08 20.13 12.47
14.03 9.09 12.26 19.07 10.95 9.44 5.16 17.89 8.26 13.88 13.03 6.51 11.16 11.00 11.79 14.50 23.08 14.02
3.26 10.23 3.28 15.11 3.71 14.30 14.64 8.14 15.31 1.29 15.44 19.08 6.03 24.16 5.14 24.72 17.03 11.59
18.96 18.99 19.89 17.09 17.83 7.64 6.69 26.65 6.01 19.90 23.28 14.74 19.89 4.82 16.37 22.47 21.26 13.72
25.76 22.14 25.29 25.52 23.62 15.61 12.89 31.19 13.77 26.23 24.64 13.97 24.44 3.67 23.19 19.71 29.70 21.85
14.62 17.13 16.45 12.34 14.21 2.89 4.74 23.51 1.98 15.84 22.27 15.81 17.02 9.55 12.10 23.90 16.56 8.79
10.17 1.80 5.19 20.65 6.10 15.04 12.77 8.23 15.02 8.59 7.32 11.82 2.49 20.79 9.69 16.39 23.64 15.85
11.49 19.64 15.78 3.94 13.55 6.66 11.05 22.65 8.46 13.46 25.54 22.18 17.60 17.91 9.92 30.13 8.17 3.14
7.94 5.39 2.57 19.44 4.62 15.75 14.46 5.51 16.16 5.98 10.03 15.37 1.41 23.25 8.37 19.93 21.93 15.10
7.57 4.64 2.35 18.67 3.76 14.42 12.99 6.99 14.76 5.83 9.93 14.21 0.47 21.77 7.56 19.21 21.38 14.14
18.05 6.43 12.89 28.21 13.97 21.11 17.67 12.48 20.53 16.38 0.78 10.49 10.11 23.12 17.48 10.63 31.40 23.22
18.82 7.10 14.03 28.12 14.67 20.15 16.33 14.84 19.33 17.39 3.58 7.80 11.30 20.81 17.86 8.06 31.57 23.02
19.30 22.03 21.48 14.34 19.22 7.65 9.38 28.56 7.03 20.68 26.92 19.29 22.08 9.16 16.87 27.19 18.23 12.32
20.72 15.23 19.21 23.53 17.88 13.06 8.94 24.54 11.26 20.76 17.50 6.98 17.96 6.43 18.32 13.83 27.75 18.96
4.21 9.89 3.02 16.05 4.04 15.06 15.19 7.19 16.01 2.19 14.88 19.07 5.61 24.66 5.99 24.45 17.94 12.52
15.75 22.48 19.57 7.23 17.27 7.47 11.73 26.62 8.65 17.62 28.18 23.14 21.07 16.11 13.89 31.24 10.81 7.41
9.60 20.35 14.86 2.91 13.06 11.21 15.05 20.84 13.09 11.70 26.30 25.21 17.28 23.07 9.34 32.75 4.62 5.03
20.55 15.87 19.41 22.67 17.94 12.20 8.30 25.03 10.36 20.73 18.51 8.22 18.34 5.10 18.09 15.23 26.90 18.24
21.03 10.46 17.09 28.41 17.02 19.08 14.73 19.55 17.82 20.03 9.06 3.58 14.67 16.73 19.45 4.95 32.26 23.28
20.16 17.15 19.76 20.86 18.04 10.53 7.33 25.87 8.65 20.62 20.44 10.68 19.07 2.93 17.60 17.97 25.09 16.75
20.31 9.33 16.12 28.27 16.24 19.28 15.05 18.18 18.15 19.20 7.50 4.54 13.60 17.85 18.89 5.41 32.01 23.12
23.17 17.75 21.79 25.25 20.42 14.80 10.99 27.11 12.94 23.27 19.72 8.92 20.54 5.70 20.73 14.77 29.49 20.89
21.98 24.15 24.01 16.74 21.78 10.28 11.48 31.05 9.48 23.33 28.78 20.45 24.47 8.80 19.53 28.11 20.49 15.00
11.33 5.94 6.09 22.98 8.21 19.10 17.37 3.77 19.35 9.27 8.22 16.10 4.35 25.63 11.95 19.21 25.35 18.68
12.81 22.04 17.59 1.81 15.49 9.54 13.94 24.18 11.31 14.89 27.99 25.05 19.66 20.51 11.71 32.97 5.58 5.16
25.62 22.76 25.49 24.66 23.73 15.03 12.73 31.62 13.25 26.23 25.58 15.09 24.82 3.15 23.04 21.14 28.81 21.23
25.49 14.19 21.11 33.41 21.39 24.13 19.77 22.28 22.85 24.30 10.69 8.42 18.48 20.81 24.13 0.94 37.21 28.27
18.48 17.08 18.73 18.27 16.82 8.09 5.63 25.23 6.23 19.17 21.04 12.19 18.41 4.02 15.89 19.90 22.50 14.35
17.43 19.47 19.21 14.07 16.99 5.67 6.80 26.23 4.67 18.66 24.33 16.86 19.66 8.04 14.92 24.84 18.18 11.18
24.43 17.05 22.17 28.11 21.18 17.66 13.42 26.62 15.88 24.19 17.77 7.00 20.47 9.78 22.18 11.07 32.31 23.44
21.86 16.36 20.39 24.37 19.06 13.89 9.90 25.70 12.06 21.93 18.45 7.76 19.13 6.06 19.45 14.12 28.60 19.89
13.55 7.64 11.27 19.55 10.18 10.36 6.31 16.61 9.36 13.20 11.58 6.12 9.95 12.43 11.48 13.82 23.46 14.44
20.42 13.34 18.16 24.72 17.15 14.42 10.01 22.86 12.76 20.16 14.90 4.11 16.55 9.40 18.21 10.97 28.87 19.89
12.55 8.08 10.77 18.13 9.43 8.98 5.08 16.57 8.06 12.37 12.56 7.49 9.78 12.18 10.35 15.25 22.06 13.02
7.86 11.90 6.18 19.25 7.92 19.12 19.16 5.12 20.06 6.12 15.73 21.86 7.83 28.54 9.97 26.31 20.53 16.23
6.59 7.24 1.84 18.37 4.15 15.74 14.99 5.33 16.37 4.51 11.90 17.01 3.00 24.11 7.54 21.81 20.60 14.33
13.21 11.34 12.78 16.31 10.99 6.26 1.86 19.21 4.95 13.57 15.97 9.60 12.39 9.67 10.71 17.68 20.43 11.44
4.97 16.74 10.18 9.23 9.12 13.51 15.96 15.05 15.16 6.67 22.38 23.89 12.92 25.23 6.47 30.59 10.08 8.06
9.10 14.78 12.00 8.48 9.68 2.97 6.40 19.14 4.70 10.61 20.58 17.11 13.31 14.87 6.75 24.99 12.57 3.62
26.45 24.43 26.73 24.46 24.85 15.36 13.67 33.07 13.69 27.21 27.52 17.18 26.24 4.37 23.85 23.37 28.52 21.41
12.59 1.67 8.15 21.96 8.45 14.84 11.73 11.25 14.42 11.30 6.09 8.61 5.67 18.65 11.55 13.33 25.31 16.92
27.09 16.10 22.94 34.39 23.05 24.75 20.31 24.51 23.34 26.02 13.02 8.91 20.39 20.21 25.57 1.63 38.30 29.28
14.76 13.14 11.03 26.47 13.33 24.93 23.93 3.97 25.52 12.74 14.03 23.21 10.77 32.63 16.41 25.42 27.87 23.07
12.81 20.23 16.82 5.17 14.55 6.20 10.67 23.80 7.84 14.71 26.06 22.01 18.48 16.81 11.05 30.05 9.26 4.43
6.94 12.83 9.64 9.40 7.32 4.82 6.85 16.77 6.18 8.30 18.73 16.39 11.05 16.09 4.47 24.03 13.18 4.26
20.98 11.42 17.56 27.37 17.16 17.61 13.16 20.86 16.20 20.23 11.15 1.81 15.38 14.25 19.16 6.46 31.34 22.29
11.36 9.23 10.49 16.07 8.79 6.94 3.45 16.87 6.19 11.50 14.22 9.49 10.05 11.97 8.97 17.34 20.04 10.99
10.75 5.08 5.41 22.28 7.43 18.15 16.38 4.51 18.38 8.74 8.00 15.31 3.43 24.65 11.20 18.74 24.76 17.89
13.09 1.62 8.03 23.38 9.00 17.01 14.16 9.40 16.73 11.48 4.44 10.54 5.26 21.19 12.54 13.92 26.48 18.47
10.58 9.66 6.57 22.43 8.87 20.47 19.57 0.89 21.07 8.50 12.21 19.92 6.56 28.44 12.04 23.29 24.18 18.77
25.82 18.18 23.46 29.49 22.53 19.03 14.82 27.76 17.24 25.55 18.57 8.00 21.71 10.66 23.58 11.01 33.70 24.84
17.64 22.21 20.58 11.16 18.27 6.87 10.09 27.73 7.13 19.26 27.53 21.03 21.59 12.32 15.41 29.09 14.92 9.91
18.50 7.76 14.42 26.46 14.45 17.61 13.46 16.91 16.55 17.43 7.02 3.96 11.97 17.04 17.06 7.23 30.19 21.31
1.86 13.00 7.04 10.03 5.41 10.56 12.27 13.24 11.98 3.96 18.83 19.75 9.55 21.76 2.33 26.54 12.33 6.61
24.71 20.46 23.92 25.32 22.35 15.13 11.97 29.63 13.25 25.06 22.78 12.07 22.93 3.83 22.18 17.83 29.54 21.37
8.92 4.64 5.96 17.51 5.08 10.82 8.52 11.73 10.73 8.15 10.44 10.48 4.91 16.98 7.40 16.89 20.92 12.46
18.09 19.82 19.76 14.76 17.56 6.34 7.14 26.75 5.23 19.28 24.57 16.83 20.14 7.46 15.56 24.75 18.86 11.90
8.16 12.45 10.15 10.48 7.85 3.79 5.29 17.30 4.85 9.30 18.23 15.12 11.19 14.58 5.60 22.88 14.41 5.37
13.89 16.61 15.76 11.90 13.51 2.17 4.42 22.84 1.43 15.12 21.83 15.68 16.38 10.09 11.37 23.79 16.13 8.17
10.82 5.18 5.49 22.37 7.52 18.27 16.51 4.41 18.50 8.80 8.02 15.41 3.54 24.78 11.29 18.79 24.83 17.99
6.89 6.37 1.64 18.52 3.91 15.37 14.40 5.67 15.91 4.88 11.18 16.13 2.12 23.42 7.53 20.95 20.91 14.31
13.50 2.00 8.42 23.78 9.42 17.35 14.43 9.58 17.04 11.88 4.03 10.47 5.65 21.33 12.95 13.62 26.89 18.87
5.57 17.06 10.96 7.10 9.48 11.72 14.58 16.55 13.46 7.60 22.89 23.34 13.57 23.60 6.15 30.40 8.52 5.95
21.44 10.59 17.34 29.10 17.40 19.88 15.57 19.46 18.66 20.38 8.65 4.50 14.85 17.65 19.95 4.33 32.91 23.96
27.48 27.16 28.55 23.55 26.49 15.83 15.32 35.25 14.47 28.52 30.80 20.87 28.44 7.57 24.91 27.46 27.36 21.34
25.03 16.05 21.99 30.17 21.39 19.92 15.49 25.52 18.26 24.46 15.53 5.91 19.93 13.46 23.01 7.34 34.30 25.27
13.32 22.57 18.12 2.02 16.02 9.95 14.37 24.69 11.70 15.41 28.52 25.52 20.19 20.76 12.25 33.45 5.42 5.70
24.89 15.20 21.49 30.82 21.10 20.76 16.29 24.49 19.20 24.17 14.02 5.60 19.25 15.23 23.03 5.29 34.87 25.82
24.11 24.55 25.43 20.14 23.31 12.40 12.29 32.26 11.13 25.23 28.60 19.29 25.50 6.35 21.56 26.47 24.02 17.85
15.93 13.88 15.70 17.55 13.89 7.07 3.18 22.07 5.28 16.41 18.01 9.97 15.24 6.76 13.38 17.99 21.77 13.05
8.64 10.82 5.86 20.31 7.90 19.40 19.07 3.54 20.22 6.69 14.29 20.94 6.97 28.30 10.48 25.05 21.81 17.00
27.36 25.50 27.73 25.03 25.84 16.16 14.63 34.10 14.53 28.16 28.59 18.22 27.28 5.43 24.76 24.30 29.04 22.14
24.17 22.59 24.58 22.26 22.66 13.05 11.44 31.02 11.38 24.96 25.99 15.99 24.20 2.69 21.57 22.71 26.36 19.12
11.98 2.62 6.67 22.88 8.09 17.44 15.04 7.28 17.38 10.18 5.65 12.60 3.94 22.68 11.83 15.95 25.73 18.16
17.34 13.40 16.34 19.96 14.79 9.52 5.30 22.23 7.78 17.55 16.82 7.78 15.46 6.68 14.88 15.66 24.16 15.33
17.43 5.90 12.25 27.70 13.38 20.78 17.43 11.81 20.25 15.75 0.20 10.71 9.47 23.14 16.92 11.24 30.86 22.74
17.60 17.98 18.62 15.98 16.53 6.31 5.49 25.44 4.66 18.57 22.47 14.40 18.70 5.88 15.02 22.29 20.18 12.44
20.49 22.26 22.28 16.18 20.08 8.74 9.60 29.28 7.75 21.75 26.87 18.62 22.66 7.55 17.99 26.35 20.11 13.90
11.79 11.11 11.74 14.93 9.81 5.22 1.61 18.40 4.29 12.26 16.14 10.74 11.62 10.85 9.26 18.76 19.02 9.99
0.54 12.18 5.67 11.86 4.59 12.17 13.40 11.39 13.46 2.25 17.82 19.82 8.37 22.98 3.09 26.20 13.85 8.57
14.41 9.67 9.62 26.27 11.90 23.11 21.47 3.41 23.42 12.29 9.90 19.42 8.38 29.63 15.47 21.29 28.26 22.27
23.96 13.07 19.86 31.39 19.92 21.92 17.52 21.75 20.60 22.90 10.55 6.12 17.35 18.47 22.44 2.00 35.25 26.26
11.42 8.39 10.11 16.78 8.56 7.84 4.33 16.29 7.11 11.40 13.31 8.85 9.46 12.44 9.14 16.58 20.70 11.67
25.36 15.81 22.03 31.06 21.60 20.92 16.46 25.13 19.33 24.67 14.72 6.06 19.83 14.98 23.45 5.81 35.13 26.09
13.26 14.68 14.44 13.19 12.29 2.71 2.27 21.40 0.92 14.23 19.77 13.59 14.78 9.57 10.67 21.70 17.42 8.87
21.99 14.33 19.53 26.42 18.62 16.10 11.70 23.91 14.42 21.65 15.27 4.39 17.78 10.21 19.82 9.96 30.57 21.59
18.47 18.50 19.38 16.82 17.31 7.22 6.17 26.14 5.56 19.40 22.83 14.40 19.37 5.04 15.88 22.19 21.01 13.35
7.62 18.38 12.85 4.42 11.05 10.32 13.82 18.92 12.17 9.73 24.32 23.56 15.27 22.30 7.35 30.99 6.60 4.10
13.70 24.71 19.05 4.24 17.36 14.67 18.84 24.68 16.53 15.77 30.65 29.39 21.56 26.09 13.68 37.04 0.40 8.94
11.13 15.22 13.43 9.97 11.13 0.69 4.82 20.57 2.50 12.46 20.79 16.10 14.37 12.64 8.65 24.14 14.19 5.62
13.28 17.64 15.90 9.76 13.59 2.22 6.26 23.05 3.20 14.76 23.12 17.67 16.88 12.11 10.91 25.78 13.98 6.50
16.08 5.09 10.78 26.75 12.13 20.44 17.42 9.89 20.09 14.30 1.81 11.93 8.04 23.82 15.79 13.13 29.74 21.90
9.55 2.73 5.46 19.11 5.42 12.84 10.47 10.18 12.75 8.36 8.68 10.65 3.55 18.60 8.51 16.24 22.35 14.15
16.78 5.16 12.11 25.99 12.63 18.16 14.47 13.64 17.42 15.41 3.75 7.22 9.44 19.63 15.75 9.51 29.44 20.90
25.37 18.34 23.30 28.53 22.23 18.05 13.95 27.90 16.23 25.21 19.17 8.37 21.68 9.25 23.06 12.24 32.75 23.97
21.42 9.71 16.63 30.52 17.27 22.20 18.20 17.10 21.26 19.99 5.45 8.36 13.89 21.67 20.41 6.00 34.05 25.40
23.45 15.34 20.81 28.02 20.00 17.68 13.29 24.91 15.99 23.05 15.73 5.12 18.96 11.19 21.32 9.15 32.17 23.18
16.92 6.49 12.95 24.87 12.89 16.17 12.13 15.89 15.19 15.89 6.98 4.12 10.59 16.47 15.44 8.84 28.58 19.72
14.43 19.12 17.27 9.59 14.96 3.70 7.57 24.42 4.47 15.99 24.59 18.92 18.32 12.37 12.14 27.02 13.71 7.10
10.10 21.27 15.47 3.90 13.82 12.75 16.54 21.11 14.63 12.16 27.18 26.53 18.00 24.61 10.21 33.98 3.94 6.54
6.61 5.67 3.82 16.16 2.67 10.96 9.61 10.38 11.27 5.74 11.64 12.89 3.79 18.67 5.43 19.11 19.30 11.32
18.04 10.62 15.51 23.30 14.60 13.34 8.88 20.13 11.89 17.64 12.59 2.73 13.83 10.93 15.94 10.77 27.36 18.30
8.08 16.44 12.28 5.58 10.07 6.06 9.71 19.15 7.90 10.00 22.39 20.08 14.16 18.03 6.42 27.81 9.45 0.44
20.68 15.65 19.37 23.08 17.96 12.60 8.61 24.87 10.77 20.80 18.12 7.72 18.23 5.64 18.24 14.65 27.31 18.59
18.90 14.46 17.78 21.36 16.28 10.89 6.80 23.49 9.09 19.07 17.44 7.67 16.77 5.89 16.45 15.20 25.58 16.81
17.76 14.91 17.29 19.23 15.57 8.76 5.06 23.47 6.91 18.17 18.57 9.57 16.65 5.25 15.22 17.37 23.46 14.85
6.68 12.09 5.82 17.94 7.25 18.13 18.41 6.27 19.16 5.09 16.32 21.81 7.87 27.88 8.91 26.62 19.20 15.02
8.75 20.34 14.14 6.11 12.74 13.71 17.11 19.31 15.55 10.69 26.15 26.43 16.79 25.69 9.41 33.61 5.89 7.48
16.29 4.71 11.65 25.49 12.14 17.71 14.06 13.37 17.00 14.93 3.93 7.20 9.00 19.40 15.25 9.91 28.94 20.40
23.79 12.61 19.49 31.65 19.70 22.41 18.07 20.98 21.16 22.64 9.58 6.81 16.90 19.55 22.39 1.98 35.45 26.51
11.92 2.51 7.89 20.85 7.83 13.54 10.44 11.83 13.11 10.81 7.37 8.33 5.71 17.57 10.67 13.82 24.29 15.78
16.22 21.38 19.37 9.66 17.04 5.96 9.69 26.51 6.61 17.89 26.84 20.92 20.51 13.19 14.05 29.02 13.51 8.36
20.80 22.90 22.75 16.01 20.52 9.07 10.22 29.78 8.21 22.11 27.57 19.40 23.20 8.26 18.33 27.14 19.87 13.98
2.59 10.58 3.66 14.42 3.67 13.81 14.32 8.82 14.88 0.78 15.90 19.18 6.44 23.87 4.59 24.99 16.37 10.94
22.39 13.53 19.36 27.86 18.74 17.75 13.28 23.05 16.18 21.81 13.54 3.30 17.33 12.74 20.40 7.43 31.94 22.89
15.48 13.89 15.42 16.91 13.56 6.44 2.64 21.90 4.65 16.02 18.19 10.44 15.08 7.09 12.91 18.50 21.13 12.43
10.16 1.73 5.23 20.56 6.06 14.86 12.58 8.43 14.84 8.60 7.37 11.66 2.58 20.58 9.63 16.30 23.58 15.74
11.67 4.44 8.45 19.59 7.82 11.72 8.45 13.33 11.18 10.89 9.23 7.74 6.78 15.68 10.03 14.25 23.21 14.46
20.47 16.12 19.47 22.32 17.95 11.85 8.06 25.19 10.00 20.70 18.89 8.71 18.47 4.61 17.98 15.77 26.55 17.94
14.71 21.19 18.39 7.15 16.08 6.19 10.50 25.47 7.45 16.54 26.88 21.92 19.83 15.38 12.77 30.02 11.02 6.47
3.15 14.68 8.53 8.99 7.07 11.25 13.45 14.32 12.82 5.21 20.48 21.39 11.13 22.80 3.98 28.24 10.89 6.41
3.70 15.40 9.07 9.00 7.77 12.05 14.35 14.53 13.66 5.64 21.15 22.29 11.74 23.68 4.86 29.08 10.54 6.95
12.29 19.56 16.22 5.42 13.94 5.60 10.07 23.22 7.28 14.17 25.38 21.38 17.84 16.45 10.47 29.40 9.59 3.97
15.98 10.36 14.11 20.59 12.87 10.60 6.14 19.49 9.17 15.83 13.58 5.32 12.85 9.86 13.73 13.43 24.67 15.62
25.03 15.94 21.94 30.29 21.37 20.06 15.62 25.39 18.42 24.44 15.32 5.85 19.85 13.73 23.03 7.04 34.40 25.37
11.04 2.80 7.19 19.94 6.98 12.81 9.90 11.62 12.46 9.99 8.16 8.91 5.21 17.42 9.75 14.68 23.36 14.88
18.90 10.83 16.12 24.44 15.34 14.51 10.04 20.40 13.05 18.40 12.22 1.71 14.29 11.64 16.86 9.63 28.48 19.42
25.35 20.87 24.47 26.05 22.94 15.85 12.65 30.10 13.97 25.67 23.03 12.24 23.43 4.51 22.83 17.71 30.27 22.09
15.61 17.53 17.22 13.38 15.02 3.95 4.90 24.23 2.69 16.76 22.49 15.51 17.65 8.48 13.07 23.57 17.59 9.91
18.49 23.01 21.44 11.70 19.12 7.70 10.80 28.59 7.89 20.11 28.29 21.61 22.44 12.43 16.26 29.65 15.36 10.69
15.10 14.78 15.62 15.54 13.61 5.08 2.38 22.33 3.22 15.85 19.38 12.04 15.55 7.41 12.51 20.11 19.77 11.25
18.33 13.79 17.13 21.09 15.66 10.64 6.44 22.82 8.88 18.47 16.84 7.24 16.10 6.50 15.90 14.93 25.29 16.46
8.29 19.83 13.68 5.94 12.24 13.19 16.56 18.98 15.03 10.26 25.66 25.87 16.32 25.17 8.88 33.06 6.12 6.98
2.15 9.93 3.28 13.94 2.60 12.66 13.07 9.40 13.68 0.50 15.48 18.15 6.00 22.62 3.54 24.18 16.17 10.14
14.05 3.62 8.73 24.86 10.14 19.01 16.28 8.31 18.80 12.24 3.71 12.27 6.00 23.33 13.85 14.59 27.77 20.08
11.42 18.61 15.26 5.61 12.98 5.00 9.42 22.28 6.78 13.27 24.45 20.64 16.88 16.28 9.54 28.64 9.84 3.20
24.57 20.40 23.81 25.14 22.24 14.96 11.82 29.55 13.09 24.93 22.76 12.07 22.84 3.65 22.04 17.90 29.36 21.21
18.79 14.04 17.52 21.56 16.08 11.10 6.92 23.14 9.33 18.90 16.93 7.12 16.44 6.41 16.36 14.69 25.77 16.94
2.35 14.12 7.60 10.48 6.50 12.44 14.27 12.95 13.92 4.12 19.77 21.48 10.32 23.75 4.19 28.04 12.11 7.93
5.82 6.65 0.44 17.33 2.68 14.21 13.43 6.83 14.80 3.92 11.88 15.95 2.42 22.58 6.31 21.20 19.80 13.08
18.69 20.44 20.40 15.08 18.20 6.94 7.76 27.39 5.87 19.91 25.15 17.27 20.78 7.41 16.17 25.15 19.14 12.38
10.08 8.13 5.52 21.94 7.84 19.36 18.25 1.72 19.87 7.96 10.96 18.40 5.12 27.01 11.25 21.91 23.93 18.04
18.93 8.02 14.76 26.98 14.86 18.15 14.01 17.05 17.09 17.82 6.86 4.28 12.27 17.47 17.52 6.79 30.70 21.83
13.30 1.92 8.73 22.75 9.15 15.57 12.37 11.37 15.10 11.96 5.34 8.46 6.17 19.02 12.31 12.74 26.09 17.71
16.66 10.66 14.68 21.29 13.50 11.24 6.78 19.90 9.78 16.47 13.57 4.77 13.33 9.77 14.43 12.87 25.38 16.34
25.31 21.31 24.65 25.54 23.05 15.46 12.50 30.44 13.60 25.71 23.69 12.98 23.72 3.77 22.76 18.68 29.74 21.72
14.19 3.09 9.79 23.25 10.06 15.63 12.18 12.51 15.02 12.94 5.42 7.33 7.29 18.32 13.06 11.68 26.70 18.16
5.09 9.00 2.37 16.97 3.99 15.41 15.23 6.30 16.25 2.99 13.85 18.43 4.71 24.59 6.58 23.59 18.96 13.25
5.90 6.25 0.72 17.21 2.38 13.75 12.86 7.29 14.30 4.12 11.64 15.39 2.16 21.99 6.13 20.75 19.79 12.85
19.68 9.19 15.76 27.20 15.68 18.01 13.73 18.39 16.83 18.69 8.31 3.12 13.36 16.43 18.13 6.21 31.01 22.05
7.37 19.08 12.72 7.29 11.45 13.70 16.77 17.72 15.49 9.24 24.83 25.60 15.41 25.65 8.33 32.61 7.49 7.64
22.30 11.07 17.96 30.35 18.20 21.30 17.02 19.51 20.12 21.12 8.24 6.06 15.36 19.19 20.94 3.52 34.10 25.20
23.14 23.16 24.24 19.86 22.16 11.53 11.04 31.00 10.12 24.17 27.15 17.82 24.22 4.99 20.56 25.03 23.84 17.23
14.45 5.66 11.05 21.93 10.58 13.28 9.38 15.19 12.39 13.65 8.59 5.04 9.07 14.93 12.77 11.59 25.68 16.78
11.36 10.81 11.30 14.76 9.37 5.26 2.00 17.98 4.48 11.81 15.92 10.85 11.22 11.30 8.83 18.82 18.82 9.77
9.43 2.77 4.30 20.20 5.44 15.07 13.08 7.48 15.17 7.76 8.03 12.75 1.55 21.35 9.15 17.35 23.07 15.49
13.31 2.49 8.98 22.41 9.19 14.95 11.64 12.06 14.42 12.08 5.98 7.77 6.54 18.17 12.17 12.52 25.83 17.33
7.27 13.49 10.23 8.81 7.91 4.56 7.03 17.34 6.06 8.75 19.39 16.89 11.69 16.10 4.89 24.58 12.65 3.66
17.52 12.00 15.82 21.42 14.53 11.16 6.71 21.20 9.55 17.46 14.87 5.50 14.58 8.46 15.20 13.43 25.57 16.58
18.94 21.35 20.96 14.47 18.72 7.21 8.68 28.02 6.45 20.26 26.20 18.52 21.49 8.55 16.47 26.42 18.44 12.18
2.79 10.78 5.74 11.32 3.60 9.17 10.11 12.67 10.30 3.90 16.71 17.12 7.81 19.68 0.31 23.97 14.21 6.93
14.36 7.08 11.59 20.89 10.75 11.79 7.71 16.39 10.77 13.81 10.43 5.00 9.95 13.18 12.43 12.47 24.75 15.76
15.69 6.35 12.15 23.12 11.79 14.28 10.23 15.92 13.29 14.84 8.33 3.99 10.05 15.00 14.03 10.35 26.89 17.97
11.90 12.05 8.62 23.55 10.84 22.44 21.79 2.56 23.15 9.93 14.20 22.31 8.93 30.77 13.68 25.44 24.93 20.26
16.14 22.06 19.62 8.58 17.30 6.74 10.76 26.73 7.66 17.91 27.63 22.09 20.94 14.60 14.11 30.20 12.29 7.98
22.25 15.70 20.31 25.60 19.16 15.15 10.94 25.20 13.37 22.13 17.23 6.35 18.81 7.98 19.93 12.22 29.81 20.96
23.52 17.66 21.95 25.95 20.66 15.48 11.56 27.10 13.63 23.56 19.36 8.49 20.60 6.59 21.12 14.00 30.18 21.52
17.04 9.31 14.31 22.86 13.49 13.16 8.76 18.83 11.84 16.55 11.45 2.71 12.56 11.92 15.02 10.76 26.85 17.79
9.91 8.35 5.47 21.79 7.79 19.34 18.30 1.69 19.88 7.80 11.26 18.61 5.23 27.12 11.15 22.18 23.74 17.93
17.84 16.89 18.26 17.45 16.30 7.29 5.07 24.85 5.44 18.59 21.05 12.52 18.04 4.75 15.24 20.34 21.68 13.54
9.61 6.70 4.60 21.39 6.88 18.21 16.92 3.12 18.64 7.51 9.97 16.96 3.72 25.59 10.48 20.69 23.61 17.27
13.01 5.98 10.15 20.03 9.34 11.40 7.64 15.10 10.59 12.41 10.02 6.30 8.57 14.10 11.16 13.41 23.81 14.89
15.79 4.34 10.60 26.14 11.74 19.50 16.35 10.54 19.08 14.10 1.68 10.73 7.82 22.60 15.31 12.36 29.25 21.22
7.13 10.49 8.29 11.89 6.04 5.63 5.77 15.41 6.31 7.89 16.34 14.07 9.19 15.35 4.55 21.59 15.62 6.75
11.92 22.15 17.05 0.81 15.12 11.22 15.43 23.25 13.07 14.03 28.12 26.16 19.35 22.65 11.33 33.92 3.49 5.69
15.30 8.38 10.12 27.01 12.24 22.87 20.78 5.36 22.99 13.21 7.56 17.56 8.25 28.44 15.99 18.93 29.31 22.71
25.78 24.02 26.16 23.67 24.25 14.62 13.04 32.56 12.97 26.57 27.25 17.04 25.73 3.96 23.18 23.43 27.72 20.65
9.59 12.63 11.13 11.35 8.88 2.88 3.84 18.23 3.50 10.60 18.24 14.23 11.88 13.08 7.00 22.13 15.42 6.39
20.19 22.78 22.34 15.06 20.09 8.53 10.10 29.41 7.86 21.56 27.59 19.74 22.90 9.06 17.75 27.57 18.89 13.17
14.68 3.84 10.43 23.44 10.57 15.53 11.93 13.29 14.84 13.50 5.78 6.55 7.98 17.73 13.44 11.09 26.96 18.33
22.86 21.88 23.50 20.69 21.52 11.59 10.28 30.07 9.97 23.73 25.58 15.95 23.25 2.90 20.26 23.02 24.78 17.60
23.74 22.58 24.33 21.52 22.36 12.48 11.13 30.86 10.86 24.59 26.15 16.34 24.04 3.06 21.14 23.23 25.60 18.49
13.47 5.06 10.10 21.11 9.60 12.71 9.00 14.46 11.94 12.66 8.68 6.00 8.20 15.18 11.81 12.52 24.81 15.97
21.65 21.12 22.45 19.39 20.43 10.30 9.21 29.11 8.71 22.57 25.04 15.75 22.31 3.42 19.06 23.08 23.50 16.29
0.54 11.34 4.87 12.40 3.75 12.02 12.98 10.86 13.21 1.58 16.99 19.05 7.55 22.56 2.77 25.38 14.56 8.84
16.15 6.94 10.77 27.48 12.57 22.22 19.62 7.80 22.09 14.17 4.65 15.06 8.35 26.62 16.37 15.97 30.12 22.87
10.42 9.63 10.05 14.89 8.17 6.05 3.28 16.69 5.56 10.73 14.90 10.69 9.93 12.47 7.97 18.49 18.84 9.80
11.40 22.71 16.78 4.59 15.22 14.15 18.01 22.20 16.03 13.42 28.61 28.06 19.36 25.94 11.67 35.51 2.98 8.00
16.14 6.70 10.76 27.41 12.52 22.02 19.37 8.04 21.87 14.18 4.28 14.70 8.28 26.30 16.31 15.62 30.10 22.77
26.05 23.31 25.99 24.88 24.21 15.35 13.17 32.14 13.59 26.68 26.14 15.65 25.34 3.58 23.46 21.65 29.01 21.53
12.03 4.10 8.61 20.13 8.12 12.27 8.95 13.21 11.71 11.18 8.69 7.50 6.78 15.98 10.47 13.81 23.73 15.00
9.20 3.70 3.86 20.32 5.43 15.73 13.96 6.40 15.94 7.37 8.42 13.81 1.20 22.38 9.22 18.20 23.04 15.76
17.38 10.87 15.22 22.13 14.13 12.07 7.60 20.24 10.58 17.13 13.42 4.07 13.76 9.94 15.18 12.12 26.22 17.18
5.21 7.39 0.51 16.86 2.57 14.19 13.64 6.93 14.87 3.24 12.60 16.60 3.16 22.90 5.94 21.93 19.23 12.74
13.69 7.55 11.33 19.77 10.28 10.59 6.53 16.58 9.58 13.31 11.40 5.92 9.96 12.53 11.64 13.60 23.68 14.65
6.51 14.27 10.24 7.64 7.99 5.82 8.62 17.23 7.47 8.25 20.23 18.33 12.03 17.59 4.48 25.92 11.29 2.61
20.81 10.04 16.75 28.45 16.78 19.26 14.96 19.02 18.06 19.76 8.41 4.03 14.28 17.28 19.31 4.98 32.26 23.31
21.11 9.37 16.27 30.34 16.96 22.14 18.18 16.64 21.23 19.66 4.97 8.58 13.53 21.87 20.15 6.48 33.83 25.22
14.28 16.29 15.84 12.81 13.63 2.77 3.82 22.86 1.31 15.40 21.37 14.90 16.30 9.26 11.72 23.00 17.04 8.96
4.62 7.45 0.84 16.06 1.61 13.23 12.76 7.89 13.93 2.86 12.92 16.23 3.44 22.08 5.06 21.86 18.55 11.84
18.90 7.15 13.85 28.74 14.78 21.24 17.62 13.79 20.55 17.31 2.11 9.63 11.07 22.54 18.18 9.29 32.05 23.70
24.20 13.32 20.10 31.59 20.16 22.10 17.69 21.99 20.76 23.15 10.78 6.28 17.59 18.53 22.67 1.83 35.46 26.47
7.48 8.13 3.30 19.35 5.57 17.19 16.49 4.00 17.84 5.37 12.22 18.15 4.14 25.58 8.75 22.57 21.36 15.51
9.78 14.73 12.37 9.15 10.06 2.10 5.62 19.53 3.81 11.19 20.45 16.53 13.52 13.98 7.35 24.48 13.30 4.45
21.93 10.19 17.09 31.12 17.78 22.84 18.84 17.34 21.90 20.48 5.64 8.95 14.34 22.26 20.97 6.00 34.63 26.01
22.24 18.97 21.81 22.53 20.12 12.35 9.39 27.85 10.49 22.71 21.94 11.72 21.06 1.72 19.68 18.46 26.75 18.61
11.70 22.47 16.99 2.44 15.20 12.52 16.60 22.88 14.39 13.80 28.42 27.06 19.42 24.12 11.47 34.70 2.52 6.63
16.30 5.01 11.86 25.15 12.17 17.10 13.35 14.03 16.32 15.05 4.87 6.29 9.29 18.47 15.13 9.60 28.68 20.03
6.84 15.84 11.27 5.97 9.14 6.99 10.27 18.03 8.78 8.81 21.81 20.17 13.30 18.94 5.38 27.74 9.47 1.55
19.77 13.47 17.84 23.57 16.67 13.21 8.84 22.89 11.51 19.64 15.55 5.07 16.41 8.25 17.48 12.29 27.74 18.80
5.54 11.09 7.68 10.80 5.35 6.46 7.44 14.82 7.52 6.60 17.04 15.66 9.09 16.98 2.95 23.02 14.30 5.79
21.56 23.86 23.63 16.31 21.39 9.87 11.18 30.68 9.11 22.92 28.54 20.32 24.12 8.89 19.12 28.02 20.08 14.55
23.46 12.88 19.54 30.56 19.48 20.97 16.55 21.82 19.61 22.49 10.90 5.13 17.11 17.32 21.85 3.02 34.47 25.45
13.75 20.02 17.29 7.18 14.97 5.08 9.45 24.39 6.44 15.52 25.71 20.88 18.69 14.89 11.73 28.97 11.24 5.66
9.02 18.21 13.67 3.67 11.55 7.53 11.47 20.33 9.41 11.06 24.18 22.00 15.73 19.40 7.78 29.74 7.54 1.52
12.25 22.12 17.26 0.39 15.26 10.58 14.87 23.62 12.40 14.36 28.09 25.76 19.47 21.85 11.46 33.58 4.20 5.40
14.89 8.84 9.84 26.68 12.03 22.93 21.02 4.50 23.13 12.79 8.50 18.30 8.21 28.90 15.73 19.88 28.86 22.50
2.68 12.00 5.06 13.96 5.03 14.40 15.28 9.47 15.60 1.97 17.25 20.58 7.83 24.86 5.16 26.43 15.57 10.93
12.66 6.55 7.44 24.34 9.56 20.34 18.47 3.97 20.54 10.59 7.74 16.46 5.63 26.51 13.30 18.98 26.69 20.03
10.14 7.42 5.33 21.98 7.63 19.04 17.78 2.27 19.49 8.03 10.27 17.68 4.59 26.45 11.16 21.18 24.09 17.96
11.53 8.51 10.25 16.79 8.69 7.79 4.22 16.43 7.03 11.52 13.40 8.82 9.60 12.31 9.24 16.58 20.72 11.68
9.54 21.01 14.94 5.33 13.45 13.61 17.19 20.25 15.47 11.53 26.87 26.80 17.55 25.55 10.01 34.09 4.89 7.35
12.63 4.42 9.21 20.56 8.73 12.48 8.98 13.69 11.83 11.79 8.61 6.89 7.34 15.68 11.03 13.25 24.19 15.42
24.61 16.46 21.98 29.01 21.17 18.63 14.27 26.02 16.90 24.22 16.64 6.21 20.11 11.47 22.47 9.32 33.17 24.21
21.71 12.63 18.56 27.52 18.01 17.53 13.06 22.14 16.02 21.08 12.61 2.47 16.48 13.20 19.78 7.09 31.56 22.50
26.42 15.42 22.26 33.79 22.37 24.21 19.78 23.85 22.82 25.34 12.38 8.36 19.71 19.94 24.91 1.02 37.68 28.68
11.68 16.07 14.18 9.59 11.88 0.95 5.42 21.33 2.73 13.10 21.64 16.78 15.19 12.66 9.26 24.85 13.82 5.56
22.79 24.65 24.70 17.64 22.49 11.05 12.02 31.71 10.16 24.10 29.17 20.60 25.10 8.54 20.31 28.15 21.38 15.88
14.46 3.08 9.30 24.85 10.41 18.40 15.41 9.74 18.06 12.79 3.00 10.75 6.52 22.07 13.99 13.21 27.93 19.95
19.99 8.59 15.51 28.54 15.86 19.93 15.85 17.00 18.92 18.73 5.95 6.01 12.88 19.29 18.76 6.03 32.17 23.40
19.78 13.38 17.81 23.66 16.66 13.31 8.93 22.82 11.62 19.63 15.42 4.91 16.36 8.41 17.49 12.14 27.83 18.87
24.32 19.27 23.15 25.80 21.71 15.43 11.87 28.59 13.55 24.52 21.26 10.45 21.98 5.13 21.85 16.00 30.04 21.61
17.71 11.78 15.83 21.87 14.62 11.64 7.19 21.07 10.06 17.57 14.46 4.94 14.50 8.88 15.42 12.87 26.00 17.00
23.33 24.28 24.85 19.04 22.70 11.58 11.83 31.75 10.42 24.52 28.52 19.50 25.04 6.92 20.80 26.85 22.89 16.87
20.12 8.79 15.70 28.54 16.00 19.85 15.73 17.30 18.81 18.89 6.31 5.71 13.09 19.01 18.85 5.80 32.21 23.40
14.27 11.46 10.05 26.11 12.37 23.89 22.64 2.93 24.37 12.19 12.21 21.46 9.43 31.15 15.69 23.60 27.77 22.44
14.88 16.98 16.53 12.90 14.32 3.23 4.45 23.56 1.99 16.04 22.03 15.36 17.01 9.02 12.33 23.45 17.12 9.27
9.37 17.06 13.33 5.60 11.07 5.16 9.19 20.30 7.04 11.23 22.97 19.98 15.07 17.05 7.54 27.84 9.72 1.31
3.06 8.92 3.53 13.51 1.40 10.76 10.89 10.57 11.64 2.71 14.76 16.28 5.63 20.42 2.41 22.68 16.25 9.15
24.60 20.58 23.91 25.01 22.31 14.87 11.81 29.70 13.00 24.98 23.01 12.35 22.98 3.41 22.06 18.23 29.23 21.12
10.18 7.98 5.56 22.05 7.88 19.37 18.21 1.77 19.86 8.07 10.76 18.25 5.05 26.94 11.32 21.71 24.07 18.11
4.88 15.12 9.80 7.10 7.88 8.86 11.58 16.24 10.54 6.96 21.07 20.59 12.11 20.66 4.11 27.86 9.85 3.77
25.47 23.36 25.68 23.78 23.82 14.49 12.65 32.00 12.79 26.19 26.48 16.20 25.17 3.30 22.87 22.54 27.88 20.60
20.71 9.33 16.25 29.15 16.59 20.43 16.29 17.70 19.37 19.47 6.52 6.06 13.63 19.37 19.46 5.29 32.82 24.01
8.10 8.68 4.16 19.97 6.41 18.02 17.34 3.29 18.69 6.00 12.43 18.80 4.85 26.42 9.51 22.99 21.87 16.24
2.97 12.82 5.88 13.66 5.81 14.72 15.79 9.99 15.98 2.73 18.05 21.36 8.64 25.38 5.55 27.25 15.08 10.91
22.01 21.43 22.80 19.69 20.78 10.65 9.57 29.45 9.07 22.93 25.31 15.94 22.65 3.38 19.42 23.21 23.79 16.63
10.28 21.62 15.66 4.64 14.11 13.52 17.26 21.10 15.40 12.30 27.50 27.12 18.25 25.41 10.58 34.51 3.98 7.29
23.26 14.11 20.11 28.86 19.57 18.76 14.29 23.58 17.19 22.64 13.72 4.02 18.01 13.50 21.31 6.70 32.94 23.89
11.02 20.85 15.99 0.97 13.98 9.72 13.91 22.40 11.58 13.13 26.82 24.65 18.19 21.25 10.18 32.43 5.00 4.20
13.24 6.52 7.97 24.87 10.04 20.66 18.67 4.53 20.81 11.18 7.21 16.24 6.02 26.56 13.81 18.51 27.27 20.51
9.43 20.75 14.81 4.66 13.24 12.92 16.56 20.32 14.79 11.46 26.63 26.31 17.38 24.85 9.71 33.67 4.72 6.67
4.37 13.05 8.34 8.82 6.18 7.62 9.67 15.20 9.09 6.12 19.02 18.29 10.36 19.01 2.46 25.56 11.97 4.34
13.20 2.29 8.82 22.38 9.06 15.01 11.74 11.85 14.50 11.95 5.91 7.98 6.36 18.35 12.09 12.66 25.79 17.31
13.51 6.95 10.94 19.97 9.99 10.98 7.02 16.05 10.04 13.04 10.81 5.91 9.47 13.13 11.53 13.39 23.83 14.83
2.77 14.46 7.81 10.81 6.88 13.12 14.95 12.82 14.60 4.30 20.04 22.02 10.56 24.44 4.82 28.49 12.22 8.50
12.23 3.56 8.55 20.62 8.24 12.90 9.59 12.83 12.35 11.28 8.05 7.55 6.56 16.52 10.78 13.52 24.17 15.51
20.70 11.60 17.51 26.71 16.97 16.83 12.37 21.13 15.38 20.04 11.81 1.42 15.43 13.25 18.79 7.38 30.72 21.67
15.25 12.60 14.68 17.77 12.96 7.39 3.05 20.92 5.75 15.59 16.71 8.96 14.09 7.81 12.75 17.05 21.95 13.07
14.01 5.71 10.76 21.36 10.19 12.71 8.84 15.15 11.84 13.26 9.01 5.37 8.89 14.64 12.28 12.13 25.11 16.21
17.84 18.30 18.91 16.01 16.81 6.47 5.79 25.74 4.86 18.82 22.79 14.68 19.00 5.85 15.25 22.56 20.19 12.56
12.90 5.77 7.57 24.44 9.56 20.01 17.95 4.93 20.13 10.87 6.78 15.53 5.45 25.81 13.35 18.00 26.92 20.01
10.68 10.42 6.99 22.47 9.26 20.88 20.11 1.39 21.53 8.64 12.97 20.69 7.22 29.06 12.28 24.08 24.09 18.95
7.91 5.31 5.29 16.62 4.15 10.40 8.51 11.50 10.48 7.21 11.23 11.44 4.71 17.32 6.38 17.92 19.97 11.61
13.46 22.85 18.32 1.92 16.24 10.33 14.75 24.84 12.08 15.56 28.81 25.88 20.42 21.15 12.46 33.81 5.07 5.98
20.70 17.91 20.43 21.00 18.68 10.78 7.82 26.60 8.90 21.22 21.22 11.40 19.79 2.16 18.13 18.59 25.23 17.03
19.38 19.53 20.39 17.22 18.31 7.96 7.21 27.17 6.40 20.36 23.82 15.22 20.41 4.82 16.79 22.91 21.36 13.97
6.21 7.16 1.35 17.95 3.66 15.25 14.53 5.82 15.88 4.16 12.01 16.78 2.87 23.68 7.07 21.74 20.24 13.87
8.34 8.13 4.03 20.21 6.33 17.94 17.11 3.17 18.55 6.22 11.83 18.28 4.40 26.11 9.59 22.41 22.19 16.36
7.74 16.51 12.12 5.36 9.96 6.64 10.22 18.91 8.48 9.71 22.48 20.45 14.10 18.62 6.23 28.12 9.09 0.67
4.24 14.07 7.12 13.97 7.22 15.88 17.14 10.38 17.21 4.15 19.15 22.77 9.84 26.72 6.84 28.56 14.98 11.69
3.05 10.33 3.39 14.89 3.67 14.14 14.52 8.36 15.16 1.10 15.58 19.10 6.15 24.05 4.96 24.80 16.82 11.38
19.11 13.45 17.44 22.56 16.16 12.16 7.83 22.74 10.45 19.07 15.94 5.81 16.16 7.55 16.76 13.29 26.74 17.83
21.58 9.81 16.63 31.03 17.44 22.98 19.07 16.58 22.10 20.06 4.89 9.55 13.86 22.85 20.71 6.93 34.47 25.93
15.43 3.66 10.52 25.23 11.30 18.04 14.69 11.67 17.51 13.92 2.90 8.89 7.78 20.69 14.65 11.39 28.51 20.21
12.18 13.43 13.16 13.16 11.03 2.88 1.60 20.10 1.78 13.05 18.62 12.97 13.48 10.40 9.59 21.05 17.35 8.54
9.28 15.81 12.64 7.29 10.33 3.65 7.51 19.74 5.51 10.95 21.65 18.31 14.13 15.63 7.11 26.20 11.42 2.61
25.74 20.31 24.43 27.28 23.06 16.92 13.36 29.72 15.04 25.89 21.97 11.08 23.18 6.29 23.28 15.94 31.52 23.11
17.79 6.05 12.97 27.21 13.64 19.44 15.74 13.88 18.70 16.34 3.01 7.94 10.24 20.67 16.87 9.03 30.62 22.13
10.11 9.22 9.61 14.97 7.76 6.38 3.75 16.23 5.97 10.36 14.54 10.66 9.47 12.89 7.70 18.39 18.88 9.85
3.90 14.94 9.14 7.99 7.45 10.19 12.64 15.26 11.82 6.02 20.83 21.10 11.63 21.87 3.94 28.15 10.23 5.19
5.93 5.98 1.22 17.01 2.10 13.24 12.27 7.82 13.75 4.31 11.53 14.88 2.15 21.38 5.90 20.39 19.70 12.55
7.07 9.39 7.52 12.90 5.34 6.55 6.01 14.56 7.02 7.53 15.23 13.33 8.21 15.57 4.60 20.70 16.55 7.78
25.33 18.76 23.48 28.06 22.32 17.58 13.60 28.30 15.74 25.26 19.86 8.99 21.96 8.32 22.98 13.25 32.29 23.59
21.04 19.37 21.29 20.14 19.40 10.32 8.21 27.73 8.53 21.76 23.00 13.45 20.90 1.72 18.45 20.71 24.33 16.54
5.02 14.90 9.77 7.14 7.77 8.35 11.06 16.33 10.03 7.06 20.86 20.17 12.00 20.14 3.98 27.49 10.08 3.44
24.34 19.37 23.21 25.74 21.76 15.38 11.86 28.68 13.50 24.56 21.41 10.60 22.06 4.98 21.86 16.18 29.97 21.57
4.42 15.46 9.68 7.49 7.98 10.22 12.84 15.76 11.89 6.54 21.35 21.50 12.16 21.99 4.44 28.61 9.69 4.96
4.21 13.15 8.32 8.76 6.19 7.85 9.92 15.13 9.33 6.01 19.11 18.50 10.39 19.26 2.43 25.74 11.85 4.39
17.36 21.74 20.20 11.24 17.89 6.43 9.58 27.35 6.63 18.94 27.03 20.51 21.17 11.92 15.09 28.57 15.08 9.74
9.14 4.28 3.75 20.45 5.55 16.17 14.51 5.76 16.43 7.24 8.69 14.44 1.43 23.00 9.35 18.70 23.07 15.97
8.23 18.20 13.18 3.72 11.19 8.78 12.49 19.61 10.65 10.33 24.17 22.66 15.41 20.72 7.39 30.26 6.96 2.53
9.85 16.78 13.47 6.49 11.17 4.11 8.24 20.52 5.99 11.61 22.63 19.20 15.03 15.98 7.82 27.12 10.67 2.31
4.12 10.81 6.58 11.01 4.29 7.86 8.80 13.66 8.96 5.19 16.79 16.35 8.31 18.36 1.53 23.45 14.22 6.27
24.39 14.27 20.75 30.85 20.50 20.97 16.50 23.42 19.49 23.55 12.72 5.33 18.42 16.23 22.63 4.00 34.84 25.79
5.62 11.08 7.72 10.82 5.39 6.41 7.36 14.86 7.46 6.66 17.03 15.61 9.11 16.90 3.02 22.97 14.34 5.80
24.76 19.27 23.40 26.56 22.04 16.15 12.48 28.68 14.28 24.89 21.01 10.13 22.13 6.06 22.32 15.32 30.80 22.30
6.14 5.70 2.70 16.41 2.00 11.86 10.70 9.32 12.27 4.97 11.57 13.73 2.96 19.80 5.42 19.66 19.37 11.72
25.96 24.14 26.32 23.88 24.42 14.83 13.22 32.70 13.17 26.75 27.33 17.08 25.88 4.07 23.37 23.42 27.94 20.86
14.94 6.50 9.58 26.38 11.48 21.49 19.11 6.51 21.47 12.94 5.50 15.38 7.28 26.47 15.28 16.89 28.95 21.86
13.14 14.85 14.45 12.85 12.28 2.38 2.57 21.44 0.57 14.15 19.99 13.92 14.86 9.80 10.56 22.03 17.08 8.57
12.27 1.38 7.80 21.74 8.13 14.76 11.74 10.95 14.38 10.97 6.21 8.93 5.32 18.80 11.27 13.67 25.06 16.72
10.37 4.28 7.23 18.62 6.52 11.26 8.41 12.49 10.92 9.59 9.68 9.04 5.78 16.29 8.80 15.48 22.14 13.51
12.81 20.80 17.08 4.18 14.84 7.18 11.64 23.97 8.86 14.78 26.67 22.93 18.86 17.87 11.23 30.94 8.21 4.46
11.60 20.83 16.35 1.75 14.25 8.78 13.10 22.96 10.61 13.68 26.79 24.07 18.42 20.10 10.47 31.94 5.98 3.96
14.43 5.70 11.05 21.88 10.57 13.21 9.31 15.22 12.32 13.63 8.66 5.04 9.08 14.87 12.74 11.64 25.62 16.73
20.77 19.61 21.24 19.45 19.29 9.80 8.06 27.79 8.06 21.57 23.42 14.08 20.97 2.48 18.17 21.46 23.62 15.97
17.08 17.87 18.26 15.27 16.14 5.67 5.26 25.14 4.09 18.10 22.50 14.71 18.44 6.58 14.50 22.66 19.47 11.77
21.79 14.83 19.64 25.63 18.59 15.22 10.90 24.37 13.49 21.58 16.22 5.33 18.06 8.84 19.52 11.33 29.81 20.88
18.32 23.01 21.34 11.40 19.02 7.66 10.87 28.49 7.92 19.96 28.32 21.75 22.37 12.70 16.11 29.79 15.04 10.47
18.58 7.65 14.39 26.70 14.50 17.94 13.83 16.69 16.91 17.46 6.61 4.41 11.90 17.50 17.18 7.15 30.40 21.55
13.62 8.17 11.56 19.26 10.37 9.91 5.79 17.05 8.85 13.35 12.16 6.33 10.35 11.90 11.47 14.16 23.20 14.16
21.99 10.24 17.14 31.17 17.83 22.88 18.88 17.39 21.94 20.53 5.69 8.96 14.39 22.28 21.02 5.96 34.68 26.05
14.41 11.93 13.83 17.26 12.10 7.01 2.55 20.12 5.49 14.74 16.23 9.02 13.29 8.64 11.92 17.13 21.42 12.48
17.22 14.77 16.90 18.57 15.13 8.10 4.45 23.18 6.25 17.69 18.61 9.92 16.35 5.56 14.67 17.80 22.80 14.19
15.22 19.26 17.80 10.69 15.50 3.95 7.27 24.94 4.23 16.70 24.60 18.46 18.71 11.33 12.85 26.56 14.80 8.13
7.95 4.35 2.71 19.04 4.14 14.67 13.16 6.87 14.98 6.20 9.56 14.05 0.09 21.85 7.93 18.93 21.76 14.49
18.12 15.24 17.67 19.47 15.95 9.01 5.39 23.83 7.15 18.54 18.84 9.71 17.02 4.88 15.58 17.44 23.70 15.12
18.07 18.82 19.29 15.83 17.17 6.56 6.25 26.16 5.06 19.11 23.35 15.28 19.45 6.08 15.50 23.14 20.00 12.54
12.98 1.23 8.06 23.02 8.85 16.44 13.50 9.93 16.11 11.45 4.76 9.93 5.33 20.48 12.28 13.64 26.20 18.08
20.53 19.20 20.92 19.46 18.99 9.69 7.77 27.43 7.92 21.29 22.99 13.64 20.61 2.40 17.94 21.04 23.65 15.89
19.21 21.62 21.24 14.65 19.00 7.49 8.95 28.30 6.73 20.54 26.45 18.71 21.77 8.56 16.75 26.59 18.59 12.42
16.68 6.70 11.29 27.80 12.95 22.11 19.31 8.91 21.88 14.76 3.49 14.12 8.73 25.97 16.72 14.77 30.58 23.10
8.68 3.17 4.36 18.71 4.53 13.05 11.02 9.27 13.12 7.37 9.11 11.77 2.51 19.45 7.88 17.24 21.81 13.85
24.39 18.56 22.85 26.60 21.56 16.15 12.31 28.00 14.28 24.44 20.16 9.27 21.51 6.64 21.97 14.42 30.83 22.23
12.70 14.60 14.06 12.57 11.87 2.10 2.56 21.07 0.60 13.72 19.80 13.98 14.51 10.22 10.12 22.08 16.79 8.21
19.11 7.56 13.91 29.35 15.06 22.24 18.76 13.07 21.64 17.42 1.65 11.14 11.14 23.98 18.60 10.44 32.53 24.37
26.72 25.28 27.27 24.09 25.33 15.40 14.10 33.74 13.82 27.58 28.57 18.36 26.91 5.26 24.13 24.70 28.08 21.31
26.81 16.93 23.33 32.70 22.99 22.58 18.11 26.11 20.98 26.06 15.33 7.53 21.05 16.41 24.95 5.28 36.77 27.71
7.54 15.22 11.35 6.87 9.09 5.32 8.63 18.33 7.09 9.33 21.16 18.81 13.10 17.26 5.58 26.52 10.72 1.73
11.39 7.11 6.37 23.18 8.62 19.80 18.27 2.61 20.14 9.29 9.21 17.29 5.09 26.68 12.26 20.31 25.38 19.04
14.86 4.91 11.00 22.95 10.84 14.58 10.78 14.49 13.76 13.86 7.17 5.36 8.76 16.26 13.38 10.91 26.60 17.80
24.83 25.56 26.30 20.38 24.16 13.08 13.22 33.17 11.91 26.00 29.66 20.37 26.44 7.39 22.30 27.53 24.17 18.34
26.68 16.75 23.17 32.63 22.85 22.53 18.06 25.91 20.94 25.91 15.12 7.41 20.88 16.48 24.83 5.08 36.69 27.64
