20.87 15.56 16.63 20.11 22.73 19.71 25.38 1.85 15.35 24.39 18.79 6.18 3.44 15.46 4.82 13.47
3.85 6.02 13.23 1.41 1.69 6.41 5.14 19.43 18.58 7.40 14.01 17.23 24.02 10.08 16.53 10.10
20.00 14.06 17.05 18.72 21.32 19.15 24.36 2.20 16.61 23.78 19.27 3.73 5.96 15.35 3.61 11.44
17.69 16.48 8.93 19.47 21.74 15.35 22.18 10.56 4.83 19.51 10.39 14.50 10.56 10.37 11.12 17.48
22.24 21.27 12.87 24.23 26.46 19.78 26.62 13.63 7.52 23.67 13.83 18.19 11.82 14.91 14.95 22.09
5.75 6.01 14.88 1.78 1.60 8.25 6.43 19.72 20.09 9.19 15.78 17.07 24.47 11.58 16.75 9.49
21.06 21.04 11.28 23.52 25.58 18.47 25.25 15.27 5.64 22.03 11.86 19.49 14.17 13.84 16.13 22.43
19.78 18.72 10.64 21.68 23.92 17.37 24.21 11.90 5.70 21.39 11.84 16.19 10.97 12.45 12.87 19.64
18.23 12.22 15.80 16.88 19.48 17.47 22.56 2.53 15.90 22.07 18.04 2.46 7.30 13.86 1.99 9.69
18.34 17.41 9.25 20.28 22.51 15.93 22.77 11.50 4.58 19.97 10.53 15.53 11.20 11.01 12.15 18.51
9.36 3.76 15.85 5.12 6.89 11.00 11.55 16.09 20.19 13.55 17.36 12.62 21.06 12.25 13.08 4.65
15.73 13.91 8.03 17.12 19.48 13.59 20.31 8.69 5.79 17.99 9.90 12.15 9.86 8.58 8.75 14.79
19.56 19.60 9.81 22.03 24.08 16.98 23.77 14.50 4.20 20.58 10.49 18.52 13.87 12.34 15.13 21.10
17.64 15.41 9.92 18.85 21.26 15.54 22.24 8.11 6.92 19.96 11.71 12.20 8.35 10.53 8.85 15.85
14.30 13.79 5.59 16.35 18.52 11.92 18.75 11.16 3.48 16.05 7.30 14.11 12.57 6.97 10.76 15.48
7.28 4.12 15.05 2.76 4.31 9.30 9.01 17.67 19.86 11.27 16.29 14.65 22.54 11.52 14.66 6.88
20.27 19.08 11.19 22.11 24.38 17.88 24.71 11.85 6.25 21.92 12.39 16.24 10.70 12.94 12.95 19.90
9.00 4.35 16.15 4.55 6.01 10.86 10.79 17.14 20.69 13.06 17.55 13.73 22.09 12.57 14.13 5.76
17.51 16.59 8.52 19.44 21.66 15.12 21.95 11.17 4.19 19.19 9.90 15.03 11.24 10.17 11.63 17.76
12.51 15.79 3.73 16.26 17.61 9.77 15.88 18.19 5.43 12.12 2.10 20.26 19.96 7.23 17.17 19.08
16.79 13.11 11.10 17.11 19.66 15.15 21.43 4.65 9.82 19.80 13.21 8.47 6.71 10.45 5.13 12.75
11.32 14.31 2.25 14.92 16.37 8.57 14.92 17.05 5.35 11.34 1.01 18.92 19.10 5.74 15.88 17.59
17.51 12.07 14.26 16.62 19.24 16.51 21.97 1.65 14.09 21.17 16.49 4.07 6.60 12.58 1.39 10.20
19.97 18.82 10.88 21.82 24.08 17.57 24.41 11.77 5.98 21.61 12.10 16.11 10.75 12.63 12.80 19.67
17.94 17.38 8.62 20.07 22.23 15.47 22.31 12.21 3.70 19.40 9.78 16.09 12.09 10.61 12.70 18.70
18.37 18.62 8.59 20.92 22.93 15.77 22.56 14.34 2.97 19.36 9.27 18.13 14.14 11.19 14.73 20.30
23.58 18.33 18.82 22.88 25.51 22.34 28.12 4.62 16.89 27.03 20.92 8.49 2.08 17.95 7.59 16.11
15.63 15.48 6.30 17.91 20.01 13.13 19.97 12.25 2.25 17.05 7.59 15.55 13.06 8.32 12.17 17.20
21.43 20.52 12.07 23.44 25.66 18.97 25.81 13.25 6.77 22.87 13.06 17.72 11.74 14.10 14.44 21.41
4.47 9.74 5.98 8.64 9.62 1.83 8.03 18.24 11.64 4.98 6.04 18.23 21.74 4.60 16.05 14.00
17.39 17.25 7.86 19.72 21.81 14.86 21.69 12.94 2.70 18.67 8.88 16.63 13.05 10.11 13.23 18.81
13.91 14.02 4.69 16.27 18.33 11.42 18.25 12.31 2.61 15.37 6.22 15.12 13.75 6.62 11.80 16.03
19.01 19.27 9.20 21.58 23.59 16.40 23.18 14.74 3.55 19.94 9.80 18.62 14.33 11.84 15.22 20.93
8.54 11.66 1.72 12.07 13.54 5.80 12.38 16.32 7.31 9.10 2.17 17.47 19.06 3.31 14.70 15.21
9.46 11.39 0.82 12.49 14.23 6.82 13.61 14.68 6.09 10.60 2.95 16.10 17.30 2.82 13.20 14.54
16.65 15.83 7.72 18.61 20.83 14.26 21.10 11.09 3.74 18.35 9.16 14.73 11.53 9.32 11.33 17.13
22.24 17.11 17.46 21.63 24.25 20.97 26.78 3.40 15.68 25.65 19.57 7.73 1.94 16.56 6.41 15.09
16.25 10.41 14.05 15.03 17.65 15.48 20.61 3.45 14.61 20.08 16.29 2.98 8.44 11.94 0.55 8.34
20.43 19.82 10.96 22.58 24.75 17.94 24.77 13.40 5.58 21.76 11.89 17.68 12.32 13.12 14.35 20.94
17.85 11.14 17.04 15.82 18.35 17.53 21.90 5.39 17.93 21.95 19.27 0.41 10.00 14.59 3.77 7.78
9.28 11.37 0.82 12.38 14.09 6.63 13.40 14.89 6.28 10.36 2.81 16.27 17.54 2.79 13.39 14.59
22.86 16.83 19.61 21.51 24.10 22.00 27.22 4.38 18.64 26.64 21.81 5.96 5.42 18.10 6.47 13.93
6.20 11.85 5.89 10.59 11.32 3.84 8.94 19.63 11.31 5.18 5.16 19.98 22.82 5.80 17.61 16.08
4.03 4.31 12.33 0.86 3.28 6.08 6.63 17.67 17.48 8.18 13.35 15.50 22.29 8.97 14.77 8.55
12.34 10.21 21.22 8.13 7.40 14.86 11.82 22.90 26.17 15.38 22.29 19.09 27.89 17.77 19.90 11.18
5.56 5.33 14.41 1.23 2.10 7.95 6.74 19.04 19.56 9.23 15.38 16.42 23.79 11.06 16.07 8.91
19.59 18.93 10.21 21.70 23.88 17.12 23.95 12.78 4.98 21.00 11.24 16.96 12.00 12.27 13.60 20.07
17.68 16.56 8.83 19.51 21.76 15.32 22.15 10.78 4.63 19.45 10.26 14.71 10.78 10.35 11.32 17.62
4.94 2.44 11.12 2.96 5.54 6.05 8.56 15.41 15.92 9.30 12.45 13.39 20.02 7.58 12.52 6.95
10.73 8.54 19.48 6.42 5.95 13.19 10.61 21.50 24.42 13.97 20.57 17.87 26.47 16.02 18.49 9.90
19.31 17.91 10.50 21.02 23.32 16.98 23.80 10.79 6.00 21.13 11.88 15.08 10.02 12.00 11.76 18.67
20.01 19.11 10.74 22.00 24.22 17.57 24.41 12.42 5.63 21.52 11.85 16.72 11.43 12.68 13.39 20.10
12.86 14.82 2.91 16.06 17.75 10.14 16.75 15.64 3.13 13.35 3.20 18.00 17.27 6.35 14.80 17.64
11.41 7.21 19.06 6.85 7.44 13.52 12.35 19.20 23.60 15.20 20.42 15.31 24.19 15.48 16.22 7.44
17.81 11.56 15.96 16.25 18.83 17.20 22.06 3.52 16.39 21.75 18.20 1.49 8.30 13.81 2.17 8.81
15.60 14.14 7.52 17.19 19.50 13.38 20.15 9.44 5.04 17.70 9.32 12.85 10.54 8.36 9.45 15.23
19.55 19.37 9.90 21.91 24.00 17.00 23.81 13.95 4.38 20.70 10.70 18.02 13.28 12.29 14.64 20.76
18.77 17.92 9.58 20.76 22.97 16.34 23.18 11.89 4.70 20.33 10.78 15.98 11.41 11.43 12.61 19.02
20.66 14.02 19.14 18.70 21.23 20.23 24.77 5.27 19.33 24.71 21.38 2.83 8.76 16.99 5.30 10.56
18.36 18.25 8.74 20.73 22.81 15.81 22.63 13.49 3.31 19.54 9.62 17.35 13.25 11.10 13.96 19.77
8.98 11.35 1.00 12.19 13.84 6.29 13.03 15.27 6.62 9.94 2.62 16.55 17.97 2.78 13.72 14.68
14.19 10.41 22.24 9.68 9.66 16.47 14.39 21.81 26.81 17.66 23.54 17.60 26.81 18.67 18.89 10.08
13.00 14.69 3.03 16.09 17.84 10.31 16.97 15.16 2.76 13.65 3.61 17.59 16.76 6.31 14.37 17.40
9.41 6.99 17.93 4.97 4.96 11.77 9.82 20.15 22.84 12.90 19.06 16.70 25.09 14.45 17.13 8.71
9.35 2.60 14.77 5.63 7.81 10.60 12.17 14.41 18.85 13.68 16.42 11.07 19.37 11.18 11.40 3.23
12.39 14.15 2.41 15.48 17.22 9.70 16.38 15.08 3.31 13.08 3.18 17.35 16.86 5.72 14.17 16.93
3.24 7.45 13.15 2.99 2.05 5.99 3.55 20.59 18.66 6.05 13.68 18.62 25.07 10.27 17.74 11.65
10.74 4.99 17.16 6.40 7.93 12.41 12.72 16.41 21.37 14.89 18.71 12.60 21.40 13.56 13.42 4.67
12.37 8.09 20.01 7.81 8.28 14.50 13.17 19.70 24.51 16.11 21.39 15.65 24.70 16.43 16.74 7.92
20.99 18.92 12.58 22.35 24.74 18.78 25.55 10.00 8.24 23.05 14.05 14.67 8.32 13.76 11.52 19.17
21.64 21.56 11.86 24.08 26.15 19.05 25.84 15.50 6.22 22.61 12.44 19.80 14.21 14.42 16.46 22.89
16.47 11.40 12.93 15.84 18.46 15.36 20.99 2.60 12.85 20.03 15.15 4.96 7.12 11.30 1.62 10.02
22.02 20.43 13.09 23.67 25.99 19.68 26.51 11.89 8.17 23.79 14.32 16.56 9.92 14.70 13.40 20.91
11.19 4.56 16.67 7.17 9.03 12.55 13.66 14.86 20.57 15.47 18.35 10.99 19.86 13.08 11.89 3.09
4.52 10.73 7.08 9.01 9.59 2.52 7.25 19.73 12.67 3.73 6.72 19.64 23.22 6.07 17.51 15.11
17.54 14.86 10.37 18.48 20.94 15.57 22.17 6.99 7.86 20.08 12.28 11.11 7.52 10.61 7.78 15.04
18.32 16.79 9.75 19.93 22.25 16.04 22.84 10.04 5.72 20.25 11.27 14.17 9.75 11.03 10.82 17.56
15.84 13.73 8.44 17.07 19.46 13.77 20.44 8.09 6.39 18.23 10.37 11.59 9.35 8.77 8.19 14.45
19.86 19.36 10.36 22.06 24.21 17.36 24.19 13.32 4.99 21.17 11.30 17.51 12.47 12.56 14.15 20.56
16.75 12.15 12.37 16.46 19.07 15.43 21.33 2.85 11.82 20.12 14.57 6.23 6.52 11.10 2.93 11.13
4.67 6.80 6.00 7.18 9.00 2.83 9.26 15.13 11.24 7.52 7.21 14.83 18.95 2.76 12.78 10.79
17.77 16.95 8.66 19.76 21.96 15.35 22.19 11.52 4.09 19.38 9.96 15.41 11.47 10.43 12.02 18.15
13.50 16.07 3.91 16.99 18.52 10.75 17.12 17.18 3.82 13.49 3.17 19.59 18.65 7.50 16.39 19.06
15.99 14.79 7.54 17.73 20.00 13.70 20.51 10.06 4.48 17.94 9.22 13.58 10.89 8.70 10.17 15.97
12.27 14.91 2.72 15.75 17.28 9.53 15.95 16.76 4.37 12.39 2.06 18.89 18.55 6.32 15.76 18.00
5.23 10.87 6.05 9.58 10.37 2.82 8.27 19.12 11.63 4.76 5.69 19.26 22.48 5.34 17.00 15.14
14.82 9.13 12.86 13.71 16.33 14.05 19.19 4.59 13.84 18.64 15.09 3.96 9.48 10.59 1.63 7.50
9.20 4.43 16.29 4.76 6.21 11.05 11.01 17.09 20.80 13.28 17.71 13.63 22.05 12.71 14.08 5.66
22.52 16.42 19.46 21.11 23.70 21.71 26.86 4.26 18.63 26.33 21.67 5.49 5.76 17.87 6.16 13.48
17.74 11.28 16.36 15.97 18.54 17.25 21.91 4.35 17.02 21.75 18.60 0.66 9.06 14.07 2.79 8.27
16.82 15.73 8.09 18.64 20.89 14.48 21.30 10.54 4.32 18.63 9.61 14.26 10.95 9.50 10.86 16.88
19.01 18.43 9.62 21.15 23.32 16.53 23.37 12.68 4.44 20.41 10.67 16.75 12.13 11.69 13.37 19.66
17.66 18.86 7.69 20.65 22.47 14.97 21.60 16.22 2.43 18.14 7.82 19.68 16.40 10.81 16.29 21.03
9.38 15.15 6.81 13.86 14.38 7.17 11.34 21.77 11.20 7.22 5.03 22.66 24.46 8.25 20.05 19.30
16.12 16.84 6.26 18.85 20.78 13.49 20.25 14.34 0.63 17.02 6.95 17.62 14.94 9.04 14.24 18.90
17.84 17.36 8.49 20.01 22.16 15.36 22.20 12.35 3.52 19.27 9.62 16.20 12.27 10.52 12.80 18.73
19.99 19.09 10.73 21.98 24.20 17.55 24.39 12.42 5.61 21.50 11.83 16.71 11.43 12.66 13.38 20.08
22.84 20.59 14.42 24.13 26.54 20.65 27.41 10.70 9.89 24.92 15.84 15.56 8.11 15.63 12.59 20.60
18.35 18.05 8.84 20.62 22.74 15.83 22.66 13.01 3.56 19.64 9.82 16.92 12.75 11.06 13.52 19.46
1.04 6.76 10.78 3.55 4.17 3.68 4.54 19.01 16.29 5.12 11.36 17.52 23.32 7.94 16.28 11.25
6.47 2.96 13.74 2.33 4.59 8.24 8.87 16.66 18.51 10.66 15.04 13.91 21.48 10.20 13.67 6.44
11.36 14.62 2.69 15.07 16.45 8.62 14.84 17.59 5.73 11.18 0.92 19.43 19.63 6.09 16.41 17.98
4.11 8.23 5.86 7.68 9.05 1.51 8.35 16.79 11.44 6.00 6.51 16.62 20.46 3.53 14.52 12.41
20.24 19.39 10.92 22.26 24.47 17.79 24.63 12.68 5.73 21.71 11.98 16.99 11.61 12.91 13.67 20.39
21.97 15.46 19.93 20.15 22.69 21.42 26.14 5.29 19.70 25.96 22.16 4.24 7.90 17.98 6.12 12.08
15.36 14.88 6.35 17.46 19.62 12.93 19.77 11.47 3.00 16.98 7.85 14.74 12.43 8.03 11.35 16.48
19.52 19.77 9.69 22.09 24.10 16.91 23.68 15.00 4.04 20.42 10.25 18.96 14.44 12.35 15.57 21.39
18.68 17.94 9.42 20.73 22.93 16.23 23.07 12.12 4.46 20.19 10.58 16.18 11.69 11.35 12.80 19.11
14.14 7.22 18.94 10.12 11.87 15.38 16.58 14.62 22.37 18.43 20.77 10.12 19.56 15.43 11.85 3.77
5.13 6.18 6.25 7.08 9.09 3.60 9.77 14.36 11.25 8.27 7.67 13.98 18.26 2.76 11.97 10.04
21.38 17.21 15.31 21.45 24.04 19.76 26.01 4.70 12.82 24.40 17.30 9.68 2.45 15.01 7.28 16.03
18.34 17.18 9.44 20.16 22.42 15.98 22.81 10.95 5.01 20.09 10.81 15.02 10.64 11.01 11.65 18.16
17.84 18.08 8.07 20.37 22.39 15.24 22.03 14.07 2.50 18.86 8.82 17.77 14.06 10.64 14.37 19.81
23.25 21.94 14.05 25.07 27.35 20.85 27.68 13.44 8.80 24.82 15.09 18.15 11.16 15.92 15.01 22.50
10.55 5.96 17.89 6.02 7.00 12.53 11.90 18.10 22.37 14.49 19.29 14.34 23.09 14.30 15.10 6.40
22.36 20.81 13.38 24.04 26.35 20.01 26.84 12.20 8.38 24.09 14.58 16.90 10.12 15.04 13.75 21.28
14.55 14.21 5.60 16.70 18.84 12.13 18.96 11.55 3.02 16.19 7.19 14.58 12.82 7.22 11.22 15.95
2.70 5.67 8.32 4.88 6.60 2.55 7.32 16.38 13.64 6.54 9.30 15.37 20.53 5.15 13.78 10.09
14.48 16.01 4.51 17.54 19.31 11.78 18.43 15.40 1.57 15.05 4.84 18.19 16.55 7.73 14.89 18.53
21.33 20.37 12.01 23.31 25.54 18.88 25.72 13.07 6.74 22.80 13.03 17.54 11.57 14.00 14.26 21.25
17.63 12.14 14.43 16.70 19.32 16.65 22.08 1.60 14.26 21.30 16.65 3.95 6.58 12.73 1.42 10.20
21.23 19.86 12.21 22.99 25.28 18.87 25.70 11.93 7.25 22.93 13.41 16.48 10.34 13.91 13.25 20.50
17.55 16.79 8.43 19.56 21.76 15.12 21.96 11.56 3.89 19.14 9.73 15.40 11.61 10.21 12.00 18.04
17.28 16.33 8.36 19.19 21.42 14.91 21.74 11.01 4.18 19.00 9.78 14.82 11.18 9.95 11.42 17.50
19.50 18.59 10.28 21.48 23.70 17.07 23.91 12.13 5.27 21.04 11.43 16.35 11.34 12.17 13.00 19.61
2.58 7.21 7.47 6.08 7.41 1.02 7.07 17.19 13.00 5.46 8.16 16.53 21.12 4.77 14.72 11.59
9.08 4.81 16.50 4.57 5.81 11.04 10.66 17.65 21.10 13.07 17.85 14.21 22.60 12.92 14.64 6.24
22.42 21.58 12.96 24.48 26.68 19.93 26.77 14.09 7.53 23.77 13.85 18.63 12.28 15.09 15.39 22.46
17.76 19.00 7.79 20.77 22.58 15.06 21.67 16.39 2.58 18.20 7.87 19.85 16.55 10.94 16.46 21.19
5.38 2.55 12.31 2.17 4.78 6.91 8.41 16.12 17.14 9.69 13.60 13.76 20.82 8.78 13.17 6.79
15.42 16.94 5.45 18.51 20.27 12.72 19.33 15.81 1.41 15.89 5.61 18.80 16.68 8.70 15.47 19.40
8.13 0.82 12.90 5.15 7.66 9.03 11.49 13.56 17.01 12.49 14.56 10.79 18.42 9.31 10.56 3.77
4.91 6.26 14.28 1.62 1.02 7.49 5.57 19.88 19.59 8.26 15.09 17.44 24.56 11.08 16.94 10.04
19.24 12.51 18.19 17.18 19.70 18.90 23.29 5.40 18.78 23.33 20.43 1.45 9.56 15.86 4.55 9.03
9.92 6.04 17.67 5.36 6.11 12.03 11.02 18.69 22.32 13.74 18.99 15.07 23.66 14.11 15.68 7.09
21.81 20.95 12.40 23.85 26.06 19.34 26.18 13.61 7.03 23.21 13.35 18.11 11.98 14.48 14.84 21.84
21.04 20.77 11.35 23.38 25.48 18.48 25.29 14.65 5.77 22.14 12.07 18.92 13.47 13.77 15.58 22.04
7.20 6.88 16.37 3.22 2.41 9.75 7.26 20.56 21.55 10.41 17.28 17.62 25.39 13.05 17.56 9.81
17.04 16.54 7.78 19.18 21.34 14.58 21.42 11.97 3.18 18.53 9.03 15.66 12.22 9.72 12.25 17.97
16.72 16.38 7.39 18.94 21.07 14.24 21.08 12.21 2.77 18.16 8.61 15.79 12.58 9.41 12.39 17.91
10.25 6.23 17.94 5.69 6.43 12.35 11.35 18.71 22.55 14.08 19.27 15.03 23.69 14.37 15.70 7.06
14.05 15.64 4.08 17.12 18.89 11.35 18.00 15.35 1.89 14.63 4.45 18.03 16.63 7.32 14.76 18.22
11.24 8.62 19.81 6.85 6.54 13.64 11.25 21.34 24.67 14.56 20.96 17.60 26.32 16.32 18.34 9.66
12.97 9.05 20.89 8.43 8.62 15.19 13.44 20.71 25.45 16.56 22.21 16.62 25.71 17.31 17.76 8.94
15.40 9.80 13.08 14.36 16.98 14.56 19.80 3.92 13.78 19.17 15.31 3.85 8.81 10.96 1.01 8.12
21.70 15.37 19.24 20.06 22.63 21.03 25.95 4.39 18.84 25.61 21.47 4.25 6.96 17.42 5.56 12.23
17.81 16.14 9.47 19.34 21.67 15.57 22.35 9.50 5.81 19.85 11.08 13.55 9.50 10.56 10.18 16.88
2.25 7.76 7.73 6.23 7.31 0.57 6.53 17.90 13.32 4.74 8.23 17.24 21.80 5.27 15.43 12.19
13.83 9.11 10.80 13.39 16.00 12.72 18.36 5.24 11.68 17.39 13.04 6.09 9.57 8.81 3.08 8.55
11.37 8.31 19.72 6.90 6.83 13.70 11.62 20.83 24.49 14.82 20.92 17.04 25.82 16.19 17.83 9.12
6.79 4.50 14.93 2.23 3.61 8.94 8.33 18.16 19.86 10.70 16.09 15.25 23.00 11.45 15.16 7.54
19.09 17.53 10.44 20.71 23.03 16.80 23.61 10.30 6.16 21.00 11.90 14.59 9.63 11.80 11.27 18.23
11.49 6.19 18.32 7.02 8.19 13.33 13.08 17.49 22.60 15.53 19.83 13.53 22.49 14.72 14.52 5.71
3.37 9.63 7.46 7.82 8.49 1.46 6.56 19.21 13.12 3.62 7.44 18.86 22.89 5.86 16.88 14.05
17.23 15.28 9.30 18.59 20.96 15.08 21.81 8.65 6.24 19.45 11.06 12.59 9.04 10.06 9.22 15.92
8.13 5.57 16.41 3.60 4.21 10.38 9.12 18.97 21.30 11.85 17.58 15.76 23.88 12.92 15.96 7.84
8.52 5.61 16.67 3.97 4.64 10.73 9.55 18.88 21.51 12.27 17.87 15.57 23.80 13.16 15.86 7.62
18.67 14.11 13.72 18.44 21.04 17.27 23.26 2.29 12.41 21.95 15.86 6.99 4.56 12.79 4.19 12.86
10.63 4.13 16.30 6.59 8.47 12.03 13.09 15.04 20.30 14.90 17.95 11.30 20.03 12.70 12.05 3.33
1.13 6.58 9.22 4.50 5.65 2.31 5.76 17.93 14.72 5.22 9.89 16.79 22.10 6.37 15.30 11.09
18.76 16.71 10.64 20.10 22.48 16.59 23.34 8.93 6.96 20.93 12.28 13.25 8.45 11.57 9.95 17.15
4.46 4.25 12.76 0.52 3.12 6.55 6.82 17.77 17.88 8.55 13.81 15.47 22.43 9.39 14.84 8.36
18.34 13.51 13.88 17.91 20.53 17.06 22.90 1.56 12.92 21.74 16.06 6.09 5.02 12.72 3.33 12.07
18.10 17.35 8.90 20.13 22.32 15.66 22.50 11.82 4.13 19.65 10.13 15.77 11.63 10.76 12.38 18.56
9.61 14.76 5.42 13.95 14.73 7.14 12.12 20.53 9.70 8.10 3.53 21.65 23.08 7.27 18.93 18.74
18.61 16.99 10.10 20.18 22.51 16.35 23.14 9.92 6.05 20.58 11.62 14.13 9.49 11.34 10.79 17.68
20.95 20.47 11.38 23.18 25.32 18.43 25.25 14.03 5.89 22.18 12.21 18.35 12.82 13.66 15.02 21.62
9.70 12.34 0.67 13.08 14.65 6.97 13.59 15.86 6.10 10.30 1.71 17.35 18.33 3.77 14.44 15.65
19.13 18.52 9.74 21.26 23.43 16.65 23.48 12.68 4.55 20.53 10.79 16.77 12.08 11.81 13.40 19.73
22.25 21.60 12.70 24.41 26.58 19.74 26.57 14.46 7.20 23.51 13.52 18.95 12.77 14.94 15.67 22.59
17.93 17.33 8.64 20.03 22.21 15.47 22.31 12.10 3.78 19.41 9.83 15.99 11.98 10.60 12.59 18.62
18.83 14.40 13.63 18.69 21.29 17.37 23.43 2.70 12.15 22.05 15.75 7.44 4.41 12.82 4.62 13.25
19.24 18.89 9.70 21.50 23.63 16.72 23.55 13.35 4.31 20.50 10.61 17.41 12.75 11.95 14.03 20.21
16.14 15.65 7.00 18.26 20.42 13.70 20.54 11.67 2.97 17.70 8.38 15.14 12.30 8.81 11.74 17.16
13.65 7.62 19.79 9.26 10.53 15.31 15.41 17.06 23.70 17.77 21.44 12.70 22.04 16.20 14.22 5.60
12.56 6.28 18.42 8.29 9.82 14.10 14.62 16.02 22.32 16.76 20.09 11.84 21.02 14.83 13.12 4.37
8.39 3.01 14.95 4.25 6.22 10.00 10.75 15.97 19.40 12.61 16.42 12.76 20.90 11.36 12.96 4.92
16.75 17.66 6.82 19.58 21.47 14.09 20.80 15.07 1.25 17.48 7.27 18.44 15.48 9.76 15.05 19.76
18.07 17.05 9.09 19.96 22.20 15.69 22.52 11.16 4.62 19.77 10.44 15.15 10.98 10.74 11.77 18.12
18.53 17.66 9.39 20.51 22.72 16.11 22.95 11.71 4.60 20.12 10.63 15.77 11.33 11.20 12.39 18.76
10.22 5.92 17.73 5.67 6.57 12.25 11.48 18.31 22.28 14.11 19.09 14.63 23.29 14.15 15.31 6.66
12.22 7.33 19.41 7.68 8.51 14.19 13.42 18.59 23.75 16.13 20.86 14.52 23.59 15.81 15.64 6.82
2.93 5.02 8.82 4.35 6.26 3.21 7.44 16.14 14.04 7.02 9.89 14.94 20.39 5.53 13.47 9.47
3.19 4.73 11.65 1.57 3.51 5.25 6.15 17.77 16.89 7.39 12.60 15.82 22.30 8.38 14.91 9.12
18.33 17.31 9.31 20.23 22.46 15.94 22.77 11.30 4.73 20.00 10.62 15.34 11.00 10.99 11.96 18.37
18.82 15.38 12.28 19.32 21.86 17.03 23.46 5.39 9.92 21.62 14.25 9.97 5.47 12.17 6.86 14.94
8.86 3.09 15.18 4.77 6.73 10.41 11.27 15.68 19.52 13.11 16.70 12.36 20.62 11.57 12.66 4.47
10.57 7.46 18.83 6.07 6.19 12.86 11.05 20.16 23.61 14.12 20.04 16.48 25.14 15.30 17.15 8.51
14.97 15.53 5.26 17.59 19.56 12.38 19.18 13.53 1.03 16.07 6.28 16.58 14.53 7.81 13.23 17.62
19.71 18.14 10.99 21.34 23.66 17.41 24.22 10.59 6.52 21.58 12.39 14.98 9.61 12.41 11.69 18.79
10.96 5.66 17.78 6.51 7.77 12.78 12.64 17.23 22.09 15.03 19.28 13.38 22.23 14.18 14.26 5.48
17.12 15.67 8.69 18.76 21.06 14.86 21.65 9.80 5.15 19.10 10.30 13.64 10.11 9.84 10.25 16.60
18.63 19.12 8.75 21.30 23.27 16.00 22.74 15.08 3.10 19.45 9.26 18.85 14.84 11.52 15.45 20.91
17.89 17.71 8.34 20.21 22.31 15.36 22.19 13.08 3.07 19.15 9.32 16.88 13.00 10.61 13.48 19.22
17.86 16.98 8.80 19.82 22.04 15.46 22.29 11.41 4.26 19.50 10.11 15.33 11.31 10.53 11.94 18.14
21.34 21.12 11.63 23.71 25.81 18.78 25.58 14.93 6.03 22.41 12.31 19.23 13.67 14.09 15.89 22.38
11.71 5.83 18.02 7.36 8.78 13.37 13.61 16.55 22.12 15.86 19.61 12.53 21.55 14.42 13.60 4.78
16.16 19.05 6.87 19.84 21.25 13.41 19.47 19.38 5.01 15.63 5.72 22.17 20.26 10.47 18.88 22.02
20.48 18.78 11.79 22.05 24.38 18.19 25.00 10.67 7.24 22.38 13.17 15.20 9.32 13.19 11.97 19.29
6.80 11.01 3.75 10.69 11.91 4.06 10.40 17.50 9.35 7.06 3.65 18.14 20.57 3.74 15.61 14.94
1.65 7.66 8.33 5.79 6.75 1.11 5.97 18.24 13.92 4.47 8.80 17.44 22.22 5.84 15.73 12.14
21.03 20.99 11.26 23.48 25.55 18.44 25.23 15.20 5.62 22.02 11.86 19.42 14.09 13.81 16.06 22.37
2.55 6.69 7.70 5.69 7.14 1.52 7.15 16.88 13.16 5.82 8.50 16.12 20.89 4.81 14.37 11.08
17.88 16.38 9.36 19.51 21.82 15.61 22.41 9.93 5.50 19.84 10.91 13.96 9.86 10.60 10.60 17.21
14.71 14.72 5.41 17.04 19.12 12.21 19.05 12.30 2.25 16.14 6.82 15.35 13.45 7.42 11.99 16.60
21.66 14.44 21.95 18.87 21.18 21.75 25.29 9.44 22.90 25.93 24.17 5.31 12.96 19.32 8.68 10.18
15.57 15.34 6.32 17.81 19.93 13.10 19.94 12.05 2.44 17.05 7.67 15.35 12.88 8.26 11.96 17.03
19.59 18.09 10.83 21.25 23.56 17.28 24.09 10.69 6.33 21.44 12.21 15.05 9.78 12.29 11.75 18.78
12.06 15.11 2.99 15.71 17.13 9.32 15.58 17.49 5.12 11.92 1.64 19.51 19.35 6.53 16.43 18.36
19.92 19.22 10.54 22.02 24.20 17.45 24.29 12.86 5.29 21.34 11.56 17.10 11.94 12.60 13.75 20.32
19.06 20.12 9.09 22.01 23.86 16.37 22.99 16.72 3.71 19.52 9.19 20.42 16.48 12.18 17.01 22.15
7.56 5.77 16.13 3.10 3.45 9.90 8.37 19.34 21.13 11.17 17.22 16.27 24.22 12.69 16.33 8.41
15.96 15.81 6.59 18.25 20.35 13.46 20.30 12.35 2.25 17.36 7.84 15.73 13.02 8.66 12.34 17.50
18.01 17.76 8.48 20.30 22.41 15.49 22.31 12.99 3.24 19.29 9.48 16.82 12.86 10.72 13.42 19.24
14.42 16.22 4.47 17.60 19.31 11.70 18.28 15.95 2.08 14.82 4.53 18.69 17.13 7.84 15.40 18.85
19.45 17.38 11.24 20.79 23.18 17.27 24.02 9.19 7.33 21.59 12.83 13.64 8.32 12.25 10.39 17.75
4.58 6.30 6.42 6.79 8.70 3.03 9.21 14.94 11.57 7.69 7.69 14.49 18.85 3.06 12.52 10.31
20.83 19.07 12.16 22.37 24.72 18.55 25.36 10.70 7.59 22.75 13.54 15.28 9.16 13.55 12.08 19.51
19.84 13.69 17.35 18.37 20.96 19.12 24.14 2.93 17.16 23.71 19.58 2.98 6.82 15.48 3.62 10.85
11.01 6.12 18.15 6.49 7.53 12.93 12.43 17.91 22.55 14.98 19.59 14.05 22.90 14.55 14.92 6.16
3.06 6.53 12.72 2.17 2.14 5.72 4.42 19.69 18.15 6.49 13.39 17.69 24.20 9.70 16.83 10.76
18.38 16.07 10.60 19.56 21.98 16.29 22.98 8.15 7.33 20.69 12.34 12.43 7.95 11.27 9.13 16.40
20.11 19.88 10.45 22.45 24.55 17.55 24.37 14.17 4.90 21.24 11.22 18.32 13.30 12.84 14.95 21.22
17.05 16.25 8.03 19.03 21.23 14.64 21.48 11.28 3.79 18.70 9.41 15.01 11.54 9.71 11.61 17.52
19.87 14.00 16.82 18.65 21.26 19.00 24.25 1.92 16.34 23.63 19.04 3.84 5.80 15.15 3.47 11.46
4.25 5.41 13.30 0.73 1.99 6.68 5.84 18.92 18.57 8.00 14.19 16.62 23.56 10.05 16.00 9.42
7.53 7.98 17.02 4.03 2.41 10.19 6.87 21.68 22.31 10.34 17.82 18.75 26.50 13.79 18.69 10.93
19.27 18.53 9.96 21.33 23.52 16.81 23.65 12.41 4.86 20.74 11.06 16.56 11.74 11.94 13.20 19.65
10.35 12.14 0.69 13.36 15.12 7.70 14.46 14.60 5.21 11.38 2.82 16.30 16.98 3.62 13.30 15.14
12.09 13.24 2.41 14.89 16.76 9.48 16.27 13.87 3.48 13.20 3.95 16.10 15.80 5.05 12.93 15.85
18.09 17.61 8.71 20.26 22.41 15.61 22.44 12.45 3.67 19.50 9.82 16.35 12.28 10.77 12.95 18.95
20.72 20.86 10.89 23.25 25.28 18.11 24.88 15.46 5.24 21.61 11.42 19.60 14.50 13.54 16.23 22.35
10.65 3.28 14.26 7.62 10.03 11.34 14.04 11.97 17.73 15.00 16.13 8.60 16.94 10.78 8.96 1.27
16.03 12.27 10.69 16.28 18.83 14.44 20.66 4.71 9.84 19.10 12.84 8.07 7.35 9.82 4.68 11.97
9.71 2.55 14.49 6.25 8.55 10.74 12.76 13.54 18.38 14.06 16.22 10.21 18.50 10.92 10.53 2.46
7.38 6.41 16.30 3.14 2.87 9.84 7.77 20.05 21.41 10.78 17.30 17.04 24.90 12.93 17.05 9.20
16.86 15.50 8.38 18.53 20.83 14.57 21.37 9.93 4.90 18.81 10.00 13.70 10.36 9.57 10.30 16.50
11.11 6.11 18.17 6.60 7.68 13.01 12.57 17.79 22.54 15.10 19.63 13.92 22.79 14.57 14.81 6.03
20.70 20.19 11.16 22.91 25.06 18.19 25.02 13.80 5.70 21.97 12.02 18.10 12.65 13.40 14.76 21.34
18.85 17.01 10.50 20.31 22.67 16.63 23.40 9.49 6.58 20.91 12.07 13.79 8.94 11.61 10.48 17.56
17.87 17.22 8.64 19.95 22.13 15.42 22.26 11.95 3.84 19.39 9.85 15.84 11.86 10.54 12.44 18.50
18.84 13.70 14.73 18.19 20.82 17.66 23.36 0.63 13.86 22.34 16.92 5.46 4.86 13.43 3.14 11.96
3.96 9.26 6.32 8.09 9.10 1.29 7.67 18.10 11.97 4.86 6.51 17.95 21.70 4.62 15.85 13.56
8.63 6.76 17.33 4.26 4.13 11.04 9.00 20.15 22.32 12.07 18.41 16.87 25.06 13.89 17.13 8.91
6.60 10.71 3.77 10.44 11.70 3.86 10.30 17.27 9.40 7.05 3.84 17.86 20.40 3.49 15.36 14.63
19.30 18.58 9.97 21.37 23.56 16.84 23.68 12.48 4.84 20.76 11.06 16.63 11.80 11.97 13.27 19.71
15.44 15.21 6.20 17.67 19.79 12.96 19.80 12.02 2.45 16.92 7.57 15.29 12.91 8.12 11.90 16.92
16.98 10.59 15.63 15.28 17.86 16.48 21.17 4.39 16.42 20.98 17.87 1.19 9.27 13.30 2.29 7.77
17.53 14.96 10.21 18.54 20.99 15.52 22.15 7.28 7.60 20.01 12.09 11.38 7.75 10.54 8.04 15.22
11.30 14.17 2.05 14.85 16.33 8.55 14.96 16.81 5.20 11.41 1.13 18.69 18.86 5.59 15.65 17.41
9.82 13.58 2.68 13.68 14.94 7.09 13.20 17.89 7.16 9.53 0.84 19.31 20.30 5.30 16.45 17.19
16.66 16.81 7.02 19.12 21.16 14.10 20.91 13.30 1.80 17.83 7.98 16.79 13.70 9.43 13.40 18.58
3.75 9.28 6.61 7.96 8.90 1.17 7.38 18.34 12.27 4.56 6.76 18.13 21.97 4.91 16.06 13.62
23.21 22.12 13.86 25.15 27.39 20.76 27.60 13.98 8.50 24.66 14.81 18.65 11.83 15.87 15.47 22.81
8.87 3.38 15.41 4.67 6.53 10.50 11.14 16.04 19.80 13.08 16.89 12.69 20.98 11.80 13.02 4.78
7.14 4.23 15.02 2.61 4.12 9.20 8.82 17.81 19.86 11.12 16.24 14.82 22.67 11.51 14.80 7.07
12.13 15.90 4.18 16.06 17.27 9.42 15.27 19.04 6.51 11.41 2.11 20.94 20.94 7.46 17.90 19.38
17.66 18.35 7.75 20.41 22.34 15.01 21.74 15.04 2.11 18.43 8.23 18.61 15.14 10.60 15.21 20.29
16.53 12.09 12.00 16.34 18.94 15.17 21.12 3.23 11.43 19.85 14.19 6.56 6.71 10.78 3.22 11.21
5.10 5.14 13.92 0.76 2.15 7.46 6.54 18.81 19.09 8.86 14.89 16.30 23.52 10.59 15.86 8.91
5.35 6.20 14.63 1.72 1.18 7.90 5.95 19.88 19.90 8.71 15.48 17.33 24.60 11.39 16.93 9.84
17.09 13.40 11.32 17.41 19.96 15.44 21.73 4.60 9.90 20.08 13.42 8.56 6.45 10.72 5.26 13.00
9.54 5.26 17.00 5.01 6.10 11.53 10.98 17.92 21.58 13.49 18.36 14.37 22.88 13.42 14.91 6.39
17.98 17.66 8.51 20.24 22.36 15.47 22.31 12.79 3.35 19.31 9.55 16.63 12.67 10.68 13.23 19.09
11.97 6.80 18.93 7.46 8.47 13.86 13.38 17.98 23.22 15.95 20.42 13.94 22.98 15.32 15.03 6.21
14.78 9.55 12.10 14.01 16.63 13.81 19.25 4.30 12.81 18.46 14.33 4.84 8.96 10.06 1.81 8.36
22.84 16.24 20.87 20.92 23.45 22.33 26.98 6.15 20.60 26.85 23.11 5.04 8.35 18.92 7.07 12.74
21.37 20.35 12.09 23.32 25.55 18.93 25.77 12.93 6.85 22.87 13.13 17.41 11.40 14.04 14.15 21.18
7.89 11.10 2.25 11.42 12.88 5.15 11.77 16.30 7.89 8.57 2.78 17.27 19.20 2.93 14.58 14.74
14.67 12.72 7.48 15.95 18.32 12.61 19.27 8.41 6.18 17.08 9.49 11.46 10.20 7.62 8.08 13.68
22.81 21.25 13.81 24.49 26.81 20.46 27.29 12.48 8.77 24.54 14.98 17.22 10.23 15.49 14.09 21.69
21.63 21.81 11.77 24.20 26.22 19.01 25.76 16.16 6.11 22.45 12.21 20.39 14.96 14.47 17.03 23.27
8.43 12.74 3.43 12.45 13.58 5.74 11.70 18.28 8.53 8.03 2.30 19.31 21.00 4.95 16.61 16.57
17.59 17.10 8.26 19.75 21.90 15.12 21.96 12.22 3.40 19.04 9.43 16.02 12.25 10.27 12.62 18.49
16.23 14.65 8.11 17.77 20.09 14.01 20.78 9.29 5.28 18.33 9.87 12.91 10.11 8.99 9.51 15.61
10.67 4.45 16.64 6.50 8.26 12.18 12.94 15.57 20.73 14.90 18.25 11.80 20.56 13.04 12.58 3.84
16.71 15.36 8.26 18.39 20.68 14.43 21.23 9.90 4.87 18.67 9.89 13.63 10.41 9.42 10.23 16.38
6.89 5.88 15.70 2.55 2.69 9.30 7.60 19.56 20.79 10.42 16.71 16.64 24.38 12.32 16.56 8.87
19.08 18.78 9.51 21.36 23.48 16.55 23.37 13.40 4.10 20.32 10.41 17.43 12.88 11.79 14.04 20.15
11.80 5.68 17.87 7.51 9.04 13.38 13.84 16.12 21.89 15.98 19.49 12.09 21.12 14.27 13.18 4.36
17.56 15.79 9.36 19.03 21.38 15.35 22.12 9.19 5.93 19.66 11.03 13.19 9.35 10.33 9.82 16.51
20.98 20.93 11.21 23.42 25.49 18.39 25.18 15.15 5.57 21.96 11.81 19.37 14.06 13.75 16.01 22.31
22.38 19.73 14.37 23.42 25.88 20.28 26.98 9.36 10.25 24.66 15.94 14.25 6.78 15.27 11.35 19.53
20.94 19.73 11.82 22.78 25.05 18.54 25.38 12.18 6.78 22.56 12.97 16.66 10.75 13.61 13.40 20.49
18.01 18.09 8.32 20.47 22.52 15.44 22.24 13.77 2.81 19.11 9.13 17.53 13.67 10.78 14.13 19.72
1.02 6.89 9.10 4.78 5.82 2.07 5.66 18.12 14.63 4.93 9.71 17.04 22.24 6.34 15.51 11.40
18.04 17.27 8.87 20.06 22.26 15.61 22.45 11.74 4.14 19.60 10.11 15.68 11.58 10.70 12.29 18.47
20.00 19.02 10.78 21.95 24.18 17.57 24.41 12.23 5.72 21.55 11.92 16.54 11.23 12.66 13.21 19.97
17.50 17.66 7.80 19.98 22.02 14.92 21.73 13.70 2.33 18.60 8.64 17.35 13.79 10.28 13.95 19.36
20.38 19.43 11.13 22.35 24.58 17.95 24.79 12.49 5.99 21.90 12.22 16.85 11.35 13.05 13.54 20.36
16.70 10.67 14.72 15.32 17.93 16.01 21.01 3.50 15.29 20.58 16.96 2.32 8.49 12.56 1.09 8.31
20.23 13.67 18.58 18.36 20.90 19.75 24.37 4.74 18.75 24.25 20.81 2.45 8.43 16.45 4.73 10.34
20.71 18.63 12.33 22.06 24.45 18.50 25.27 9.82 8.08 22.79 13.83 14.45 8.27 13.48 11.29 18.90
17.06 17.52 7.25 19.68 21.67 14.45 21.23 14.19 1.65 18.02 7.97 17.70 14.46 9.91 14.30 19.40
19.49 18.19 10.57 21.26 23.54 17.13 23.96 11.15 5.91 21.24 11.89 15.45 10.31 12.17 12.13 19.00
16.87 16.13 7.82 18.88 21.08 14.46 21.29 11.36 3.61 18.50 9.20 15.04 11.70 9.54 11.64 17.46
20.25 14.11 17.66 18.79 21.38 19.51 24.55 3.01 17.36 24.11 19.89 3.34 6.59 15.84 3.99 11.25
16.32 14.45 8.51 17.70 20.06 14.18 20.90 8.66 5.90 18.56 10.33 12.33 9.54 9.16 8.93 15.24
19.16 17.73 10.39 20.85 23.15 16.84 23.66 10.65 5.96 21.00 11.79 14.92 9.95 11.85 11.60 18.49
14.34 8.58 20.77 9.87 10.91 16.11 15.83 18.04 24.74 18.38 22.38 13.60 23.01 17.17 15.22 6.65
17.62 16.46 8.82 19.42 21.68 15.27 22.10 10.66 4.70 19.41 10.27 14.58 10.69 10.30 11.19 17.50
20.14 19.56 10.66 22.30 24.47 17.64 24.48 13.31 5.30 21.47 11.60 17.55 12.34 12.83 14.20 20.72
16.42 20.59 8.71 20.57 21.57 13.81 19.00 22.67 8.57 14.91 6.79 25.10 23.83 12.13 21.92 24.04
14.18 8.05 20.19 9.81 11.08 15.82 15.97 17.04 24.02 18.32 21.86 12.59 22.00 16.60 14.23 5.74
9.35 5.28 16.92 4.80 5.84 11.38 10.73 18.07 21.55 13.27 18.26 14.57 23.03 13.36 15.05 6.58
19.90 15.44 14.53 19.76 22.36 18.43 24.51 2.98 12.73 23.10 16.61 7.93 3.34 13.84 5.40 14.15
21.10 19.30 12.44 22.62 24.97 18.83 25.63 10.75 7.85 23.03 13.82 15.38 9.08 13.82 12.20 19.70
10.50 3.49 15.47 6.80 8.93 11.65 13.34 13.89 19.31 14.83 17.20 10.28 18.88 11.90 10.90 2.30
16.58 16.02 7.43 18.68 20.84 14.14 20.98 11.66 3.17 18.14 8.77 15.25 12.11 9.25 11.85 17.46
20.80 19.23 11.98 22.45 24.77 18.49 25.30 11.17 7.25 22.63 13.29 15.71 9.69 13.50 12.48 19.79
18.79 16.51 10.90 20.00 22.41 16.68 23.39 8.36 7.44 21.07 12.61 12.73 7.91 11.66 9.46 16.81
9.86 4.47 16.55 5.50 7.04 11.59 11.81 16.60 20.90 13.99 18.04 12.99 21.58 12.95 13.59 5.01
16.43 15.79 7.38 18.48 20.66 14.01 20.85 11.42 3.33 18.05 8.78 14.98 11.94 9.10 11.58 17.20
19.12 12.70 17.34 17.40 19.96 18.57 23.32 3.95 17.61 23.10 19.58 1.64 8.20 15.22 3.50 9.62
16.80 16.89 7.18 19.23 21.28 14.24 21.06 13.22 1.98 17.99 8.16 16.75 13.57 9.55 13.35 18.62
17.00 16.76 7.56 19.27 21.38 14.49 21.33 12.56 2.66 18.35 8.69 16.19 12.82 9.70 12.78 18.32
17.55 16.87 8.36 19.61 21.79 15.11 21.95 11.77 3.72 19.10 9.62 15.59 11.81 10.22 12.19 18.17
20.57 18.80 11.93 22.10 24.44 18.29 25.09 10.54 7.42 22.50 13.33 15.10 9.13 13.29 11.88 19.27
14.29 16.53 4.49 17.66 19.26 11.55 17.99 16.87 3.02 14.40 4.07 19.49 18.11 8.03 16.23 19.35
3.64 6.58 13.28 2.01 1.56 6.30 4.54 19.92 18.69 6.94 13.97 17.79 24.48 10.22 17.04 10.70
4.14 3.39 11.36 2.09 4.57 5.65 7.52 16.45 16.37 8.48 12.53 14.44 21.03 7.91 13.57 7.85
5.73 8.28 15.58 3.64 1.02 8.47 4.58 21.90 21.04 8.09 16.16 19.44 26.57 12.58 18.97 11.93
21.62 15.48 18.78 20.17 22.76 20.85 25.94 3.71 18.18 25.46 21.00 4.57 6.10 17.09 5.30 12.54
17.30 15.96 8.72 19.00 21.29 15.00 21.81 10.12 4.96 19.21 10.27 13.99 10.33 10.00 10.61 16.93
12.26 16.14 4.48 16.23 17.40 9.56 15.32 19.34 6.73 11.43 2.37 21.24 21.23 7.72 18.21 19.64
17.63 16.00 9.27 19.18 21.51 15.39 22.17 9.55 5.66 19.66 10.89 13.55 9.63 10.37 10.17 16.79
1.41 6.71 11.16 3.26 3.78 4.07 4.40 19.16 16.66 5.32 11.76 17.58 23.51 8.28 16.41 11.17
18.53 17.52 9.50 20.43 22.67 16.14 22.98 11.37 4.85 20.19 10.79 15.46 10.98 11.20 12.09 18.55
9.52 11.78 0.46 12.72 14.38 6.84 13.57 15.19 6.08 10.43 2.41 16.64 17.75 3.19 13.74 15.01
15.55 15.16 6.43 17.70 19.85 13.10 19.94 11.69 2.80 17.11 7.86 15.00 12.56 8.22 11.61 16.77
10.49 14.82 4.11 14.58 15.64 7.83 13.46 19.33 7.90 9.57 1.95 20.80 21.63 6.71 17.93 18.55
18.53 18.21 9.02 20.80 22.92 16.01 22.84 13.06 3.72 19.82 9.99 17.00 12.73 11.24 13.61 19.60
8.84 3.91 15.78 4.48 6.12 10.62 10.83 16.72 20.28 12.97 17.21 13.35 21.66 12.19 13.70 5.41
13.15 9.08 20.97 8.61 8.86 15.35 13.69 20.57 25.49 16.78 22.32 16.44 25.57 17.39 17.63 8.81
17.57 17.80 7.84 20.09 22.12 14.99 21.78 13.89 2.30 18.63 8.63 17.54 13.96 10.37 14.14 19.53
18.74 17.26 10.08 20.40 22.71 16.44 23.25 10.33 5.83 20.63 11.53 14.54 9.83 11.45 11.20 18.03
5.77 3.31 13.37 1.62 4.02 7.64 8.16 17.02 18.27 9.93 14.59 14.43 21.79 9.87 14.05 7.09
17.10 13.65 11.00 17.57 20.10 15.37 21.74 5.15 9.38 19.99 13.06 9.14 6.69 10.58 5.82 13.41
7.45 5.72 16.03 2.99 3.37 9.79 8.29 19.31 21.04 11.07 17.12 16.25 24.18 12.60 16.30 8.41
15.71 10.84 12.12 15.21 17.83 14.55 20.25 3.40 12.21 19.23 14.35 5.44 7.72 10.47 2.04 9.75
7.57 8.89 3.30 10.14 12.04 5.21 12.02 13.86 8.22 9.60 5.08 14.56 17.11 0.31 11.96 12.20
5.99 5.89 15.02 1.87 1.87 8.46 6.72 19.61 20.20 9.48 15.96 16.90 24.38 11.70 16.64 9.29
5.70 2.96 13.05 1.83 4.33 7.45 8.32 16.65 17.90 9.93 14.30 14.12 21.40 9.53 13.69 6.87
5.18 10.56 5.74 9.44 10.34 2.64 8.44 18.68 11.35 5.07 5.52 18.84 22.05 4.91 16.57 14.80
21.53 21.59 11.71 24.04 26.09 18.92 25.69 15.79 6.05 22.43 12.22 20.04 14.58 14.34 16.69 23.00
11.69 15.79 4.43 15.73 16.84 9.01 14.68 19.50 7.25 10.77 2.21 21.24 21.53 7.47 18.26 19.39
5.97 4.03 14.02 1.47 3.46 8.04 7.89 17.75 18.98 9.98 15.17 15.06 22.53 10.55 14.77 7.55
8.87 5.30 16.69 4.31 5.25 10.98 10.14 18.36 21.42 12.74 17.97 14.96 23.30 13.15 15.34 7.00
11.61 14.53 2.41 15.19 16.65 8.86 15.21 17.05 5.12 11.62 1.29 18.99 19.02 5.95 15.93 17.77
21.90 21.61 12.20 24.24 26.35 19.34 26.14 15.14 6.59 22.98 12.86 19.52 13.70 14.64 16.20 22.82
19.93 18.93 10.74 21.87 24.10 17.51 24.35 12.13 5.72 21.50 11.89 16.43 11.15 12.60 13.11 19.87
19.48 18.40 10.40 21.37 23.62 17.09 23.92 11.69 5.54 21.12 11.62 15.94 10.88 12.15 12.61 19.33
16.52 12.36 11.59 16.52 19.10 15.06 21.13 3.73 10.82 19.74 13.77 7.23 6.72 10.55 3.89 11.69
18.55 17.69 9.39 20.54 22.75 16.13 22.97 11.77 4.58 20.13 10.62 15.82 11.38 11.22 12.45 18.81
18.77 19.20 8.91 21.41 23.39 16.15 22.90 14.99 3.25 19.63 9.44 18.80 14.70 11.64 15.40 20.94
15.86 14.91 7.18 17.73 19.96 13.51 20.33 10.59 3.94 17.68 8.79 14.04 11.41 8.54 10.64 16.23
9.00 5.57 16.92 4.44 5.23 11.14 10.14 18.62 21.67 12.81 18.18 15.20 23.56 13.38 15.60 7.23
18.61 12.53 16.25 17.20 19.80 17.89 22.92 2.67 16.31 22.48 18.48 2.36 7.27 14.30 2.43 9.87
15.12 11.89 9.41 15.67 18.18 13.41 19.76 5.97 8.70 18.05 11.56 8.99 8.49 8.68 5.59 12.07
15.23 14.71 6.30 17.31 19.47 12.82 19.66 11.32 3.15 16.90 7.84 14.56 12.34 7.90 11.17 16.29
9.77 11.32 1.16 12.64 14.46 7.18 14.00 14.13 5.79 11.08 3.39 15.65 16.72 2.84 12.71 14.33
18.80 18.56 9.21 21.11 23.22 16.26 23.08 13.41 3.81 20.02 10.11 17.37 12.99 11.52 13.98 19.98
9.54 5.49 17.15 4.99 5.95 11.59 10.85 18.22 21.78 13.44 18.48 14.67 23.18 13.58 15.20 6.69
21.65 15.58 18.65 20.26 22.86 20.83 25.99 3.52 17.97 25.46 20.87 4.76 5.77 17.02 5.28 12.72
16.95 16.33 7.81 19.02 21.20 14.52 21.36 11.64 3.41 18.52 9.12 15.33 11.93 9.62 11.92 17.69
21.58 21.58 11.77 24.06 26.11 18.98 25.75 15.68 6.12 22.50 12.30 19.95 14.44 14.37 16.60 22.96
5.03 10.74 6.22 9.39 10.17 2.65 8.06 19.15 11.81 4.59 5.89 19.24 22.54 5.39 17.01 15.03
10.80 4.36 16.52 6.72 8.55 12.23 13.19 15.18 20.53 15.06 18.17 11.39 20.17 12.93 12.20 3.44
20.99 20.65 11.34 23.29 25.41 18.44 25.26 14.42 5.79 22.14 12.10 18.71 13.24 13.71 15.37 21.88
5.11 9.87 5.21 9.12 10.24 2.39 8.79 17.75 10.87 5.72 5.34 17.92 21.15 4.00 15.64 14.03
3.41 6.18 12.90 1.71 1.95 6.01 4.84 19.46 18.29 6.96 13.64 17.37 24.01 9.81 16.58 10.35
17.61 17.38 8.12 19.90 22.01 15.10 21.93 12.83 2.97 18.92 9.15 16.59 12.86 10.32 13.19 18.89
18.00 17.98 8.35 20.40 22.47 15.44 22.25 13.52 2.92 19.16 9.23 17.30 13.41 10.74 13.90 19.56
7.89 5.96 16.46 3.44 3.71 10.24 8.62 19.47 21.44 11.48 17.55 16.32 24.36 13.01 16.46 8.42
8.05 7.77 17.34 4.21 3.03 10.65 7.64 21.41 22.55 11.03 18.23 18.33 26.26 14.04 18.40 10.45
19.89 18.88 10.71 21.82 24.05 17.47 24.31 12.07 5.71 21.47 11.87 16.38 11.11 12.56 13.05 19.81
20.44 14.37 17.67 19.05 21.64 19.66 24.77 2.84 17.26 24.27 19.90 3.70 6.23 15.92 4.11 11.58
6.20 12.09 6.33 10.65 11.27 3.98 8.71 20.07 11.72 4.85 5.52 20.38 23.28 6.25 18.04 16.36
11.35 7.03 18.92 6.78 7.45 13.43 12.36 18.99 23.44 15.16 20.29 15.10 23.98 15.33 16.01 7.23
18.34 17.63 9.09 20.40 22.59 15.89 22.73 12.04 4.19 19.85 10.27 16.02 11.75 11.01 12.64 18.85
7.18 4.57 15.24 2.63 3.91 9.32 8.68 18.15 20.13 11.08 16.43 15.15 23.02 11.75 15.15 7.37
2.49 6.09 11.95 2.20 2.89 5.04 4.80 19.02 17.36 6.32 12.66 17.17 23.49 8.90 16.20 10.45
11.95 13.93 1.98 15.13 16.82 9.24 15.89 15.37 3.83 12.56 2.66 17.50 17.26 5.43 14.37 16.84
16.20 14.64 8.07 17.75 20.07 13.98 20.75 9.33 5.24 18.30 9.83 12.93 10.15 8.96 9.53 15.61
18.83 18.67 9.21 21.18 23.27 16.28 23.10 13.60 3.75 20.01 10.07 17.55 13.18 11.56 14.16 20.12
18.95 19.48 9.05 21.64 23.60 16.31 23.04 15.36 3.40 19.72 9.50 19.17 15.04 11.86 15.77 21.27
18.35 17.52 9.20 20.35 22.56 15.93 22.77 11.74 4.42 19.93 10.43 15.75 11.43 11.02 12.37 18.66
20.81 19.18 12.02 22.42 24.75 18.50 25.32 11.03 7.35 22.66 13.36 15.59 9.55 13.51 12.37 19.71
0.91 8.15 10.52 4.93 5.05 3.24 3.79 19.96 16.14 3.67 10.82 18.72 24.12 8.06 17.31 12.66
3.42 10.21 8.28 7.98 8.34 2.27 5.88 20.16 13.92 2.65 8.08 19.73 23.86 6.82 17.80 14.69
11.03 4.65 16.82 6.90 8.67 12.49 13.35 15.36 20.82 15.28 18.46 11.51 20.35 13.22 12.38 3.59
21.96 15.26 20.36 19.94 22.45 21.53 26.04 6.06 20.36 26.01 22.59 4.12 8.88 18.26 6.50 11.69
19.41 17.86 10.71 21.04 23.36 17.11 23.92 10.49 6.31 21.29 12.13 14.83 9.66 12.11 11.52 18.54
8.43 11.77 2.02 12.05 13.46 5.68 12.19 16.64 7.55 8.85 2.13 17.75 19.39 3.52 15.00 15.38
3.91 8.23 6.06 7.55 8.88 1.29 8.13 16.98 11.65 5.79 6.67 16.76 20.66 3.76 14.68 12.45
9.92 5.19 17.11 5.43 6.65 11.83 11.51 17.54 21.59 13.94 18.52 13.91 22.51 13.52 14.53 5.92
10.30 13.50 1.84 13.95 15.36 7.56 13.91 17.03 6.16 10.37 0.41 18.63 19.32 5.00 15.69 16.91
17.33 16.15 8.60 19.11 21.38 15.00 21.82 10.49 4.65 19.16 10.10 14.35 10.67 10.01 10.96 17.20
12.23 16.58 5.32 16.37 17.38 9.61 15.01 20.35 7.81 11.02 3.10 22.13 22.31 8.33 19.14 20.23
11.41 12.71 1.80 14.25 16.10 8.80 15.60 13.98 4.15 12.55 3.58 16.01 16.10 4.42 12.89 15.44
7.36 4.16 15.13 2.85 4.36 9.39 9.08 17.69 19.93 11.35 16.38 14.65 22.56 11.60 14.68 6.87
5.47 10.98 5.81 9.78 10.61 3.00 8.53 19.02 11.38 5.02 5.42 19.23 22.33 5.22 16.93 15.21
16.21 14.43 8.31 17.64 19.99 14.04 20.78 8.86 5.69 18.41 10.13 12.48 9.76 9.02 9.08 15.29
6.59 4.31 14.67 2.04 3.61 8.71 8.26 17.99 19.60 10.54 15.84 15.13 22.82 11.19 14.99 7.47
13.40 8.84 20.88 8.84 9.33 15.49 14.21 19.90 25.27 17.16 22.30 15.69 24.90 17.29 16.99 8.18
15.15 8.54 20.46 10.92 12.40 16.59 17.23 16.08 23.99 19.37 22.24 11.45 20.98 16.92 13.37 5.40
17.43 15.71 9.21 18.92 21.27 15.22 21.98 9.26 5.79 19.52 10.87 13.23 9.48 10.20 9.85 16.46
21.56 21.13 11.93 23.82 25.96 19.02 25.84 14.55 6.38 22.73 12.69 18.92 13.16 14.27 15.60 22.27
5.69 8.29 4.49 8.69 10.37 3.25 10.07 15.33 9.90 7.70 5.63 15.52 18.84 1.78 13.20 12.12
6.34 8.37 4.06 9.13 10.92 3.96 10.77 14.72 9.32 8.41 5.45 15.07 18.16 1.07 12.65 12.01
8.51 4.16 15.79 4.05 5.56 10.40 10.31 17.22 20.40 12.56 17.16 13.92 22.15 12.22 14.20 5.99
3.31 10.24 8.59 7.87 8.14 2.43 5.58 20.36 14.22 2.38 8.37 19.87 24.09 7.09 17.98 14.73
18.88 12.04 18.21 16.69 19.18 18.63 22.86 5.97 19.01 23.01 20.43 1.43 10.25 15.76 4.79 8.42
17.34 16.83 8.06 19.48 21.64 14.88 21.72 12.06 3.33 18.82 9.27 15.81 12.19 10.02 12.41 18.22
5.25 7.19 14.90 2.56 0.16 7.93 5.08 20.82 20.28 8.17 15.60 18.35 25.49 11.79 17.88 10.89
9.41 5.72 17.23 4.85 5.65 11.53 10.56 18.59 21.92 13.24 18.52 15.08 23.54 13.67 15.57 7.09
20.26 17.86 12.27 21.42 23.85 18.14 24.86 8.74 8.43 22.52 13.90 13.38 7.38 13.13 10.23 17.97
11.28 6.18 18.27 6.79 7.89 13.17 12.78 17.72 22.61 15.29 19.75 13.80 22.72 14.67 14.74 5.95
7.38 5.22 15.73 2.84 3.63 9.63 8.50 18.79 20.67 11.13 16.86 15.74 23.66 12.26 15.78 7.92
10.58 6.38 18.18 6.02 6.78 12.65 11.70 18.68 22.75 14.42 19.54 14.93 23.66 14.61 15.68 6.98
18.15 18.24 8.44 20.61 22.66 15.58 22.38 13.85 2.92 19.24 9.24 17.64 13.71 10.92 14.24 19.86
4.70 8.92 14.67 4.26 2.11 7.42 2.87 22.25 20.24 6.44 15.06 20.13 26.78 11.92 19.38 12.92
18.15 17.22 9.09 20.09 22.32 15.75 22.59 11.41 4.49 19.80 10.39 15.41 11.19 10.82 12.02 18.33
18.47 17.23 9.62 20.25 22.52 16.12 22.95 10.82 5.22 20.25 11.01 14.93 10.45 11.15 11.57 18.16
10.68 12.69 0.71 13.82 15.52 7.99 14.70 15.05 4.95 11.50 2.39 16.84 17.31 4.14 13.82 15.73
14.83 11.84 8.90 15.52 18.00 13.05 19.47 6.49 8.21 17.67 11.04 9.44 8.93 8.27 6.05 12.22
18.93 19.15 9.13 21.47 23.49 16.33 23.10 14.59 3.50 19.89 9.77 18.47 14.20 11.74 15.07 20.78
0.78 8.11 9.76 5.31 5.70 2.48 4.47 19.50 15.38 3.62 10.06 18.43 23.59 7.35 16.91 12.63
21.21 20.09 12.01 23.11 25.36 18.79 25.63 12.57 6.86 22.77 13.10 17.07 11.07 13.88 13.80 20.88
18.50 16.01 10.90 19.58 22.02 16.45 23.11 7.73 7.76 20.89 12.68 12.07 7.51 11.45 8.80 16.21
17.41 16.15 8.73 19.15 21.43 15.09 21.90 10.34 4.83 19.27 10.25 14.23 10.49 10.10 10.84 17.15
12.05 14.60 2.41 15.49 17.04 9.31 15.78 16.49 4.36 12.27 1.98 18.59 18.35 6.02 15.48 17.69
18.01 18.52 8.15 20.68 22.65 15.39 22.14 14.79 2.49 18.87 8.71 18.46 14.75 10.90 15.06 20.36
9.89 5.87 17.55 5.33 6.17 11.97 11.08 18.48 22.17 13.75 18.88 14.87 23.45 13.98 15.47 6.88
13.64 13.78 4.46 16.00 18.06 11.15 17.99 12.31 2.79 15.12 6.05 15.04 13.85 6.34 11.73 15.83
21.86 15.19 20.23 19.86 22.37 21.42 25.95 5.93 20.23 25.91 22.47 4.03 8.79 18.14 6.38 11.64
5.72 8.32 4.46 8.72 10.41 3.28 10.10 15.33 9.87 7.72 5.60 15.53 18.82 1.76 13.20 12.14
23.02 21.30 14.13 24.61 26.96 20.70 27.52 12.21 9.17 24.82 15.35 16.99 9.82 15.72 13.91 21.63
6.55 8.72 3.74 9.43 11.19 4.09 10.92 14.85 9.07 8.44 5.10 15.29 18.21 1.06 12.83 12.34
2.54 5.13 9.19 4.00 5.81 3.22 6.99 16.58 14.46 6.73 10.18 15.30 20.85 5.95 13.89 9.63
18.73 18.38 9.21 20.98 23.11 16.21 23.04 13.09 3.90 20.02 10.18 17.07 12.68 11.43 13.68 19.74
18.66 14.83 12.66 18.92 21.48 17.00 23.29 4.33 10.71 21.63 14.70 8.92 5.01 12.25 5.87 14.15
15.75 11.23 11.60 15.50 18.10 14.45 20.33 3.67 11.43 19.14 13.82 6.27 7.51 10.17 2.87 10.43
7.25 9.97 2.74 10.49 12.10 4.60 11.39 15.50 8.31 8.52 3.86 16.25 18.61 1.84 13.65 13.58
6.15 12.00 6.25 10.59 11.24 3.90 8.72 19.96 11.65 4.89 5.47 20.27 23.17 6.14 17.93 16.26
16.17 11.53 12.06 15.84 18.45 14.90 20.74 3.20 11.79 19.58 14.27 6.02 7.13 10.64 2.64 10.55
18.97 17.84 9.98 20.82 23.07 16.59 23.42 11.30 5.31 20.66 11.28 15.48 10.70 11.64 12.13 18.77
19.18 14.09 14.92 18.58 21.20 17.97 23.71 0.80 13.91 22.66 17.10 5.77 4.47 13.70 3.53 12.35
15.74 9.38 21.40 11.40 12.69 17.30 17.58 17.12 25.01 19.90 23.14 12.45 22.01 17.84 14.44 6.46
19.96 14.20 16.67 18.84 21.45 19.02 24.37 1.59 16.06 23.67 18.88 4.25 5.37 15.09 3.56 11.77
18.15 17.88 8.63 20.43 22.55 15.63 22.46 12.99 3.38 19.44 9.62 16.85 12.81 10.86 13.46 19.33
10.80 6.44 18.31 6.25 7.05 12.85 11.96 18.58 22.84 14.67 19.69 14.79 23.57 14.73 15.59 6.86
21.91 16.94 16.93 21.42 24.04 20.58 26.47 3.31 15.07 25.26 19.03 7.91 1.72 16.11 6.31 15.08
9.09 4.10 16.02 4.71 6.29 10.87 11.03 16.77 20.49 13.21 17.45 13.34 21.72 12.43 13.75 5.38
1.55 7.90 8.50 5.87 6.70 1.22 5.72 18.55 14.11 4.16 8.89 17.74 22.53 6.09 16.04 12.39
10.51 12.99 0.82 13.85 15.45 7.78 14.39 15.81 5.34 11.05 1.62 17.53 18.08 4.40 14.54 16.18
3.88 7.73 6.15 7.25 8.70 1.50 8.26 16.54 11.68 6.15 6.92 16.25 20.29 3.55 14.21 11.93
10.67 13.57 1.58 14.21 15.69 7.92 14.37 16.63 5.61 10.88 0.85 18.36 18.84 5.01 15.37 16.88
19.35 17.84 10.62 21.00 23.31 17.04 23.85 10.55 6.21 21.21 12.03 14.87 9.75 12.05 11.56 18.54
19.14 17.72 10.37 20.84 23.14 16.82 23.64 10.66 5.94 20.98 11.77 14.93 9.96 11.84 11.60 18.48
20.26 19.04 11.21 22.09 24.35 17.88 24.71 11.75 6.30 21.93 12.42 16.15 10.59 12.93 12.86 19.83
21.42 17.42 15.14 21.60 24.18 19.75 26.06 5.15 12.49 24.38 17.09 10.13 2.80 14.96 7.65 16.35
14.69 18.47 6.49 18.68 19.84 12.00 17.62 20.56 6.78 13.64 4.66 22.88 21.94 9.95 19.73 21.83
6.20 11.26 4.98 10.40 11.36 3.60 9.42 18.61 10.51 5.89 4.53 19.04 21.79 4.79 16.63 15.39
11.58 15.56 4.12 15.57 16.72 8.89 14.65 19.18 7.00 10.77 1.91 20.93 21.22 7.21 17.95 19.13
7.56 6.25 16.36 3.22 3.15 9.98 8.07 19.86 21.42 11.02 17.39 16.79 24.72 12.96 16.85 8.94
17.94 17.53 8.52 20.14 22.28 15.44 22.28 12.56 3.45 19.32 9.61 16.41 12.45 10.63 13.02 18.92
14.53 8.18 20.25 10.21 11.58 16.08 16.44 16.62 23.96 18.70 21.96 12.10 21.56 16.67 13.84 5.52
23.15 18.00 18.28 22.53 25.15 21.87 27.70 4.28 16.34 26.56 20.37 8.39 1.69 17.45 7.28 15.89
18.69 17.72 9.60 20.62 22.85 16.28 23.12 11.56 4.86 20.32 10.86 15.66 11.10 11.36 12.29 18.76
8.54 4.57 16.07 4.03 5.32 10.53 10.14 17.67 20.74 12.53 17.39 14.35 22.60 12.51 14.65 6.41
19.30 19.03 9.71 21.61 23.72 16.77 23.59 13.58 4.26 20.52 10.58 17.63 12.98 12.02 14.25 20.39
18.03 17.06 9.03 19.94 22.18 15.64 22.48 11.25 4.52 19.71 10.36 15.23 11.08 10.70 11.84 18.15
2.81 9.97 9.19 7.33 7.47 2.61 4.89 20.54 14.84 2.09 9.06 19.87 24.37 7.50 18.10 14.48
16.39 15.65 7.42 18.38 20.58 13.99 20.82 11.19 3.52 18.06 8.87 14.76 11.74 9.05 11.36 17.01
11.20 6.52 18.51 6.66 7.55 13.19 12.46 18.34 22.95 15.11 19.93 14.46 23.34 14.91 15.36 6.58
17.11 16.54 7.90 19.21 21.38 14.66 21.50 11.82 3.35 18.64 9.17 15.54 12.05 9.78 12.13 17.92
19.25 16.98 11.26 20.47 22.88 17.12 23.84 8.60 7.62 21.49 12.93 13.05 7.86 12.10 9.81 17.26
15.49 15.31 6.20 17.75 19.86 13.00 19.84 12.14 2.34 16.94 7.54 15.41 13.00 8.18 12.02 17.03
17.44 17.80 7.65 20.02 22.02 14.84 21.62 14.13 2.06 18.43 8.38 17.73 14.26 10.27 14.33 19.60
12.33 8.02 19.95 7.77 8.25 14.45 13.15 19.63 24.44 16.07 21.33 15.60 24.64 16.37 16.68 7.86
8.86 2.25 14.44 5.15 7.38 10.13 11.68 14.59 18.62 13.18 16.05 11.38 19.53 10.84 11.57 3.64
21.43 21.75 11.54 24.07 26.06 18.79 25.52 16.38 5.89 22.18 11.91 20.55 15.28 14.31 17.18 23.29
15.76 14.73 7.20 17.59 19.83 13.44 20.26 10.38 4.13 17.64 8.84 13.81 11.27 8.45 10.41 16.02
19.81 19.31 10.30 22.01 24.16 17.30 24.13 13.31 4.93 21.11 11.24 17.49 12.48 12.50 14.13 20.52
18.77 17.87 9.61 20.74 22.96 16.35 23.19 11.78 4.78 20.35 10.83 15.88 11.30 11.43 12.51 18.95
14.83 14.57 5.74 17.03 19.15 12.38 19.22 11.77 2.74 16.40 7.25 14.87 12.91 7.51 11.50 16.31
18.01 17.73 8.50 20.29 22.40 15.49 22.32 12.92 3.29 19.31 9.51 16.75 12.79 10.71 13.35 19.19
10.76 4.37 16.54 6.66 8.47 12.20 13.13 15.26 20.57 15.01 18.18 11.49 20.26 12.94 12.28 3.53
3.89 3.96 11.79 1.45 3.86 5.73 6.92 17.16 16.90 8.16 12.86 15.10 21.75 8.41 14.28 8.33
9.46 6.35 17.62 4.92 5.35 11.70 10.26 19.34 22.41 13.13 18.84 15.85 24.29 14.09 16.33 7.86
19.01 11.80 19.59 16.28 18.63 19.12 22.67 8.46 20.93 23.28 21.78 3.60 12.72 16.83 6.93 7.63
18.66 17.82 9.48 20.66 22.87 16.24 23.08 11.86 4.62 20.23 10.69 15.93 11.43 11.33 12.56 18.94
11.56 4.21 15.39 8.24 10.52 12.37 14.74 12.29 18.79 15.92 17.26 8.54 17.29 11.91 9.32 0.55
18.16 16.16 10.08 19.51 21.89 15.99 22.73 8.84 6.60 20.34 11.76 13.02 8.70 10.97 9.69 16.69
3.58 6.78 6.78 6.45 8.08 1.90 8.15 16.09 12.18 6.54 7.74 15.57 20.00 3.79 13.66 11.01
12.11 4.91 16.43 8.48 10.59 13.12 15.02 13.13 19.90 16.46 18.27 9.12 18.13 12.93 10.21 1.45
17.45 17.23 7.96 19.74 21.85 14.93 21.76 12.78 2.86 18.76 9.02 16.50 12.87 10.16 13.10 18.75
5.02 6.84 14.59 2.19 0.44 7.68 5.18 20.45 19.95 8.11 15.33 18.01 25.12 11.45 17.52 10.59
14.62 13.76 6.19 16.50 18.72 12.30 19.11 10.51 4.03 16.52 7.95 13.58 11.88 7.31 10.21 15.25
18.49 17.98 9.10 20.66 22.81 16.01 22.84 12.57 3.98 19.89 10.17 16.54 12.24 11.18 13.16 19.28
18.11 18.26 8.38 20.60 22.64 15.53 22.32 13.97 2.82 19.17 9.15 17.74 13.85 10.90 14.34 19.91
17.89 18.41 8.02 20.56 22.52 15.26 22.01 14.75 2.37 18.74 8.59 18.39 14.75 10.77 14.99 20.26
18.91 17.95 9.79 20.85 23.08 16.50 23.34 11.68 4.98 20.52 11.03 15.82 11.13 11.58 12.46 18.98
17.86 15.39 10.36 18.94 21.38 15.83 22.48 7.59 7.49 20.28 12.20 11.77 7.79 10.83 8.45 15.67
20.07 18.16 11.61 21.51 23.88 17.84 24.62 9.91 7.36 22.10 13.10 14.43 8.72 12.82 11.20 18.58
13.65 15.22 3.68 16.70 18.47 10.96 17.63 15.16 2.15 14.29 4.18 17.76 16.56 6.90 14.50 17.83
17.32 17.77 7.50 19.94 21.92 14.70 21.47 14.30 1.87 18.26 8.18 17.86 14.49 10.17 14.46 19.63
21.09 18.40 13.29 22.09 24.56 19.03 25.70 8.44 9.49 23.45 14.95 13.23 6.54 14.02 10.22 18.26
21.27 21.19 11.51 23.71 25.78 18.69 25.47 15.26 5.87 22.26 12.11 19.52 14.07 14.05 16.17 22.54
16.84 15.93 7.95 18.76 20.98 14.46 21.30 10.95 3.96 18.57 9.40 14.66 11.32 9.51 11.25 17.17
9.15 7.28 17.90 4.81 4.50 11.58 9.31 20.59 22.90 12.50 18.97 17.22 25.52 14.46 17.57 9.25
19.27 17.84 10.48 20.96 23.26 16.94 23.76 10.73 6.00 21.09 11.86 15.02 9.98 11.96 11.70 18.60
18.00 17.49 8.66 20.16 22.31 15.53 22.37 12.33 3.68 19.44 9.79 16.22 12.19 10.68 12.82 18.82
21.39 21.10 11.71 23.72 25.83 18.83 25.64 14.79 6.12 22.49 12.41 19.12 13.50 14.12 15.78 22.33
3.60 6.56 6.89 6.31 7.99 2.08 8.20 15.95 12.25 6.69 7.90 15.38 19.88 3.82 13.50 10.79
3.34 6.22 12.86 1.78 1.99 5.95 4.78 19.48 18.25 6.88 13.59 17.41 24.03 9.77 16.61 10.41
3.15 4.25 10.66 2.52 4.64 4.65 6.87 16.81 15.83 7.51 11.72 15.07 21.28 7.32 14.00 8.76
5.81 10.86 5.11 9.98 10.96 3.18 9.13 18.43 10.70 5.70 4.83 18.77 21.69 4.61 16.40 15.01
16.36 16.53 6.74 18.82 20.86 13.80 20.62 13.21 1.65 17.55 7.74 16.64 13.72 9.12 13.24 18.33
21.44 14.64 20.19 19.30 21.79 21.09 25.46 6.33 20.43 25.53 22.43 3.64 9.52 17.98 6.37 10.97
17.22 16.31 8.27 19.15 21.37 14.84 21.67 11.08 4.07 18.92 9.68 14.88 11.28 9.89 11.48 17.51
18.79 17.52 9.93 20.56 22.84 16.44 23.27 10.88 5.45 20.57 11.30 15.06 10.36 11.47 11.71 18.40
20.07 19.45 10.62 22.21 24.38 17.58 24.41 13.17 5.29 21.42 11.58 17.40 12.22 12.75 14.06 20.59
3.27 6.63 7.11 6.14 7.75 1.82 7.87 16.26 12.51 6.38 8.03 15.64 20.22 4.11 13.80 10.92
6.77 7.71 4.49 9.02 11.00 4.67 11.33 13.66 9.32 9.27 6.18 13.96 17.20 0.89 11.55 11.12
17.08 16.26 8.08 19.05 21.26 14.68 21.52 11.23 3.85 18.75 9.47 14.98 11.49 9.75 11.58 17.52
11.72 8.09 19.76 7.19 7.40 13.96 12.25 20.27 24.42 15.32 21.04 16.37 25.27 16.20 17.29 8.51
4.18 9.92 6.55 8.51 9.33 1.77 7.50 18.79 12.20 4.37 6.49 18.68 22.33 5.21 16.56 14.25
17.57 17.20 8.16 19.79 21.92 15.08 21.91 12.49 3.18 18.95 9.28 16.26 12.53 10.26 12.86 18.64
14.07 10.46 9.32 14.35 16.90 12.53 18.70 5.92 9.49 17.21 11.54 8.12 9.24 8.03 4.81 10.61
20.44 17.96 12.51 21.56 24.00 18.35 25.05 8.60 8.70 22.74 14.16 13.29 7.13 13.33 10.17 17.99
10.55 8.05 19.13 6.15 5.90 12.95 10.66 20.96 24.02 13.91 20.27 17.33 25.92 15.65 17.94 9.35
16.11 15.23 7.32 18.02 20.24 13.74 20.57 10.80 3.80 17.88 8.86 14.31 11.50 8.78 10.91 16.56
17.70 16.54 8.90 19.50 21.77 15.35 22.18 10.67 4.74 19.49 10.34 14.61 10.67 10.38 11.23 17.57
18.67 16.83 10.36 20.13 22.48 16.46 23.23 9.41 6.51 20.75 11.94 13.67 8.96 11.44 10.36 17.40
17.21 15.37 9.15 18.63 20.99 15.03 21.77 8.93 5.98 19.37 10.87 12.85 9.30 10.00 9.47 16.08
22.67 22.73 12.82 25.20 27.24 20.05 26.81 16.58 7.16 23.50 13.25 20.94 15.07 15.49 17.61 24.09
15.32 13.36 7.90 16.62 18.99 13.23 19.91 8.39 6.09 17.67 9.85 11.70 9.85 8.23 8.30 14.23
10.78 4.10 16.22 6.82 8.77 12.11 13.34 14.69 20.15 15.07 17.90 10.93 19.68 12.63 11.70 2.96
10.40 5.69 17.64 5.88 6.96 12.34 11.85 17.84 22.11 14.37 19.05 14.11 22.83 14.04 14.84 6.15
20.43 18.95 11.56 22.12 24.42 18.10 24.92 11.20 6.83 22.22 12.86 15.68 9.92 13.12 12.42 19.59
18.69 18.48 9.10 21.01 23.11 16.15 22.98 13.40 3.70 19.91 10.00 17.34 13.02 11.41 13.95 19.91
21.18 17.32 14.75 21.45 24.02 19.46 25.82 5.37 12.02 24.08 16.68 10.34 3.27 14.64 7.74 16.37
18.40 19.00 8.50 21.12 23.06 15.76 22.49 15.22 2.85 19.17 8.96 18.93 15.07 11.32 15.52 20.85
18.93 17.37 10.31 20.54 22.86 16.65 23.45 10.21 6.09 20.85 11.78 14.47 9.62 11.64 11.15 18.07
17.59 16.10 9.11 19.21 21.52 15.32 22.11 9.86 5.37 19.55 10.68 13.82 9.94 10.31 10.45 16.96
18.39 17.41 9.33 20.31 22.54 15.99 22.83 11.41 4.70 20.04 10.63 15.46 11.09 11.06 12.08 18.48
10.97 14.02 2.05 14.58 16.02 8.22 14.58 17.02 5.61 11.01 0.71 18.80 19.15 5.47 15.80 17.35
13.21 9.53 21.29 8.70 8.72 15.48 13.49 21.27 25.91 16.71 22.58 17.18 26.27 17.73 18.32 9.50
17.43 16.80 8.23 19.51 21.69 14.98 21.82 11.82 3.59 18.96 9.48 15.61 11.91 10.10 12.21 18.12
16.64 16.52 7.16 18.96 21.05 14.12 20.95 12.67 2.31 17.96 8.28 16.20 13.07 9.35 12.80 18.16
11.51 7.71 19.43 6.96 7.30 13.71 12.18 19.86 24.05 15.17 20.73 15.99 24.86 15.86 16.88 8.11
6.79 11.40 4.20 10.85 11.94 4.11 10.17 18.12 9.71 6.68 3.78 18.73 21.18 4.36 16.23 15.41
16.14 15.53 7.10 18.19 20.37 13.72 20.55 11.40 3.23 17.76 8.53 14.88 12.04 8.80 11.48 16.98
19.85 13.35 18.12 18.04 20.59 19.33 24.02 4.38 18.30 23.85 20.36 2.15 8.26 16.00 4.27 10.11
15.88 10.96 12.29 15.35 17.97 14.73 20.41 3.23 12.34 19.40 14.52 5.34 7.58 10.64 1.94 9.82
19.93 18.86 10.79 21.83 24.08 17.52 24.36 11.95 5.83 21.54 11.98 16.27 10.96 12.60 12.95 19.76
12.13 14.74 2.55 15.60 17.13 9.38 15.83 16.65 4.40 12.29 1.97 18.75 18.48 6.16 15.64 17.84
15.47 15.08 6.36 17.62 19.76 13.02 19.86 11.68 2.80 17.04 7.80 14.97 12.58 8.14 11.58 16.70
13.19 8.63 20.66 8.63 9.14 15.27 14.03 19.77 25.06 16.96 22.08 15.59 24.76 17.07 16.84 8.03
10.90 11.49 2.50 13.36 15.35 8.43 15.27 12.76 5.02 12.53 4.66 14.60 15.18 3.61 11.53 14.05
20.02 19.53 10.50 22.22 24.37 17.51 24.34 13.45 5.10 21.31 11.41 17.65 12.54 12.72 14.29 20.73
18.95 19.38 9.08 21.60 23.57 16.32 23.07 15.10 3.43 19.79 9.59 18.94 14.75 11.82 15.54 21.11
21.69 15.05 20.00 19.72 22.25 21.23 25.80 5.70 20.00 25.73 22.24 3.86 8.62 17.93 6.15 11.54
13.69 8.45 20.62 9.16 9.98 15.61 14.90 18.80 24.81 17.62 22.15 14.49 23.79 17.02 15.92 7.19
8.31 1.75 13.93 4.73 7.05 9.56 11.24 14.59 18.18 12.64 15.51 11.55 19.49 10.32 11.58 3.98
12.25 15.18 3.02 15.85 17.31 9.50 15.80 17.34 4.85 12.16 1.85 19.42 19.15 6.59 16.32 18.37
11.99 15.28 3.28 15.73 17.09 9.25 15.40 17.95 5.57 11.67 1.57 19.92 19.84 6.73 16.86 18.61
2.07 7.69 12.05 3.71 3.33 4.81 3.25 20.35 17.61 4.90 12.48 18.69 24.71 9.33 17.58 12.08
20.97 20.62 11.33 23.27 25.39 18.42 25.24 14.39 5.78 22.12 12.09 18.68 13.21 13.69 15.34 21.85
16.21 16.36 6.61 18.66 20.70 13.66 20.47 13.12 1.64 17.42 7.64 16.51 13.68 8.97 13.12 18.17
6.65 12.61 6.48 11.13 11.69 4.49 8.97 20.46 11.76 5.02 5.49 20.84 23.61 6.64 18.47 16.88
19.77 18.63 10.70 21.62 23.88 17.37 24.21 11.69 5.82 21.42 11.92 16.00 10.75 12.43 12.68 19.50
16.46 16.61 6.84 18.92 20.96 13.90 20.72 13.22 1.72 17.65 7.83 16.67 13.69 9.22 13.27 18.39
19.75 19.41 10.16 22.03 24.15 17.22 24.04 13.67 4.71 20.97 11.03 17.80 12.89 12.46 14.43 20.71
2.54 5.67 11.71 2.03 3.16 4.93 5.23 18.58 17.08 6.57 12.50 16.73 23.05 8.59 15.75 10.06
4.57 3.67 12.40 1.13 3.75 6.44 7.30 17.15 17.44 8.78 13.53 14.88 21.81 8.97 14.23 7.88
6.01 1.45 11.86 3.34 5.96 7.13 9.43 14.94 16.46 10.37 13.31 12.63 19.65 8.27 11.99 5.90
4.24 5.64 7.15 6.08 8.06 3.17 8.88 14.98 12.26 7.71 8.42 14.29 19.02 3.75 12.47 9.75
18.74 18.49 9.17 21.05 23.16 16.21 23.03 13.35 3.78 19.98 10.08 17.30 12.95 11.46 13.91 19.91
19.61 19.86 9.78 22.18 24.19 17.00 23.76 15.04 4.13 20.51 10.34 19.01 14.45 12.44 15.62 21.46
2.55 6.67 7.71 5.67 7.13 1.55 7.15 16.87 13.17 5.83 8.51 16.10 20.88 4.82 14.35 11.06
21.39 19.91 12.43 23.09 25.40 19.04 25.86 11.77 7.52 23.13 13.66 16.36 10.09 14.07 13.15 20.49
11.71 5.36 17.51 7.51 9.17 13.20 13.92 15.61 21.46 15.93 19.17 11.60 20.61 13.92 12.66 3.84
15.26 11.14 10.72 15.26 17.84 13.84 19.87 4.51 10.52 18.52 12.93 7.13 7.97 9.43 3.74 10.72
17.19 12.47 12.87 16.82 19.43 15.90 21.76 2.36 12.24 20.59 15.06 6.01 6.12 11.59 2.83 11.28
2.02 6.94 11.87 3.05 3.14 4.74 3.98 19.68 17.37 5.48 12.43 17.95 24.08 9.00 16.89 11.33
5.18 5.26 14.05 0.90 2.05 7.57 6.52 18.93 19.23 8.90 15.01 16.40 23.65 10.73 15.98 8.98
8.43 6.78 17.20 4.09 3.88 10.86 8.75 20.23 22.22 11.83 18.26 17.00 25.13 13.78 17.22 9.06
7.42 7.56 16.79 3.72 2.38 10.04 7.04 21.25 22.04 10.39 17.64 18.31 26.08 13.53 18.26 10.49
12.95 16.93 5.23 16.98 18.11 10.28 15.90 19.95 6.95 11.95 3.16 21.95 21.71 8.51 18.89 20.44
3.04 5.81 12.34 1.67 2.53 5.53 5.10 18.95 17.71 6.85 13.12 16.96 23.48 9.22 16.10 10.09
19.90 19.48 10.34 22.14 24.27 17.38 24.20 13.56 4.91 21.15 11.23 17.73 12.72 12.60 14.37 20.73
15.21 15.07 5.94 17.48 19.58 12.72 19.56 12.13 2.34 16.67 7.31 15.32 13.10 7.90 11.95 16.83
10.89 6.01 18.03 6.38 7.44 12.82 12.34 17.85 22.44 14.87 19.47 14.02 22.84 14.43 14.86 6.11
17.45 15.47 9.50 18.80 21.17 15.30 22.03 8.65 6.35 19.67 11.24 12.65 8.92 10.28 9.28 16.07
19.30 17.95 10.45 21.04 23.33 16.97 23.79 10.91 5.90 21.09 11.81 15.19 10.15 11.99 11.87 18.74
9.48 8.74 18.75 5.58 4.42 12.09 8.82 22.19 23.90 12.37 19.66 18.88 27.10 15.41 19.17 10.91
21.45 19.36 13.00 22.81 25.20 19.23 26.01 10.22 8.59 23.50 14.46 14.94 8.31 14.21 11.83 19.57
2.62 6.93 7.53 5.91 7.32 1.30 7.18 16.97 13.01 5.70 8.28 16.27 20.93 4.72 14.48 11.31
18.23 16.71 9.67 19.85 22.16 15.95 22.75 10.02 5.66 20.17 11.19 14.13 9.78 10.94 10.78 17.49
19.63 19.41 10.00 21.97 24.07 17.09 23.90 13.89 4.49 20.80 10.81 17.98 13.18 12.36 14.61 20.78
8.66 7.15 17.53 4.39 3.98 11.13 8.80 20.59 22.57 11.98 18.56 17.33 25.50 14.12 17.57 9.37
21.43 15.44 18.32 20.12 22.72 20.58 25.79 3.16 17.60 25.22 20.53 4.76 5.51 16.72 5.04 12.67
16.74 16.35 7.44 18.93 21.07 14.27 21.10 12.10 2.87 18.20 8.68 15.70 12.47 9.42 12.29 17.85
22.27 22.31 12.43 24.78 26.82 19.66 26.42 16.24 6.77 23.14 12.90 20.57 14.82 15.08 17.23 23.67
10.92 14.89 3.65 14.90 16.07 8.22 14.07 18.82 7.11 10.24 1.41 20.44 20.99 6.59 17.50 18.49
9.98 9.16 19.25 6.09 4.90 12.59 9.19 22.55 24.41 12.81 20.16 19.17 27.47 15.91 19.54 11.19
11.10 6.60 18.53 6.55 7.36 13.13 12.28 18.55 23.02 14.98 19.93 14.70 23.55 14.94 15.57 6.81
22.89 17.07 19.22 21.72 24.33 21.92 27.30 4.05 18.02 26.58 21.40 6.47 4.47 17.87 6.49 14.38
16.07 15.26 7.23 18.02 20.23 13.70 20.53 10.93 3.66 17.81 8.76 14.43 11.63 8.74 11.02 16.62
17.45 15.96 8.99 19.07 21.38 15.18 21.98 9.81 5.32 19.43 10.59 13.75 9.97 10.17 10.36 16.84
19.15 18.74 9.64 21.38 23.52 16.64 23.47 13.17 4.30 20.45 10.60 17.23 12.59 11.85 13.85 20.05
3.92 4.11 11.99 1.22 3.62 5.85 6.78 17.38 17.12 8.14 13.04 15.27 21.97 8.62 14.49 8.43
17.97 17.92 8.34 20.36 22.43 15.42 22.23 13.43 2.94 19.15 9.24 17.22 13.34 10.71 13.82 19.49
8.29 7.00 17.21 4.05 3.60 10.77 8.43 20.52 22.28 11.60 18.22 17.33 25.41 13.81 17.51 9.41
12.62 15.59 3.43 16.25 17.69 9.87 16.13 17.60 4.80 12.45 2.19 19.75 19.32 7.00 16.63 18.78
17.54 15.87 9.24 19.06 21.40 15.31 22.08 9.43 5.71 19.59 10.88 13.41 9.57 10.29 10.03 16.64
17.93 17.91 8.29 20.33 22.40 15.37 22.19 13.48 2.87 19.10 9.18 17.25 13.40 10.68 13.85 19.49
18.20 17.60 8.88 20.32 22.49 15.73 22.57 12.24 3.92 19.66 10.03 16.18 12.01 10.87 12.79 18.88
18.19 17.79 8.75 20.41 22.55 15.69 22.53 12.71 3.60 19.55 9.80 16.60 12.50 10.89 13.21 19.17
13.28 17.11 5.26 17.26 18.43 10.59 16.29 19.80 6.61 12.36 3.29 21.89 21.46 8.63 18.79 20.54
3.70 9.28 6.66 7.93 8.85 1.14 7.33 18.37 12.32 4.52 6.81 18.15 22.01 4.96 16.09 13.62
4.05 3.98 9.03 4.39 6.63 4.25 8.42 15.13 14.00 8.18 10.33 13.80 19.47 5.54 12.41 8.36
8.80 7.00 17.55 4.46 4.21 11.23 9.06 20.38 22.56 12.19 18.62 17.08 25.30 14.12 17.37 9.11
4.78 4.99 13.55 0.41 2.28 7.11 6.44 18.61 18.74 8.61 14.52 16.19 23.30 10.23 15.67 8.88
6.16 10.59 4.31 10.10 11.28 3.43 9.77 17.62 9.94 6.51 4.29 18.08 20.82 3.80 15.64 14.61
20.21 19.71 10.69 22.41 24.57 17.70 24.53 13.52 5.28 21.50 11.60 17.75 12.54 12.91 14.40 20.89
13.31 8.28 20.42 8.77 9.53 15.28 14.44 18.98 24.68 17.20 21.90 14.74 23.97 16.81 16.07 7.29
20.48 13.66 19.49 18.31 20.79 20.19 24.48 6.16 19.95 24.60 21.72 2.76 9.82 17.17 5.76 9.98
17.29 14.17 10.73 17.97 20.47 15.46 21.94 5.91 8.74 20.04 12.73 9.97 6.95 10.58 6.65 14.11
17.26 12.47 13.04 16.84 19.46 16.01 21.82 2.18 12.45 20.69 15.24 5.82 6.09 11.73 2.68 11.20
16.64 15.77 7.74 18.57 20.79 14.26 21.09 10.98 3.84 18.36 9.21 14.62 11.43 9.31 11.22 17.05
15.93 16.23 6.27 18.44 20.46 13.35 20.16 13.33 1.28 17.07 7.26 16.64 14.00 8.71 13.26 18.12
1.55 7.99 8.54 5.91 6.70 1.26 5.65 18.66 14.16 4.06 8.91 17.85 22.63 6.16 16.15 12.49
19.56 18.75 10.27 21.59 23.79 17.11 23.95 12.40 5.16 21.05 11.37 16.60 11.60 12.23 13.25 19.81
5.49 4.32 13.79 0.95 3.02 7.65 7.36 18.02 18.84 9.46 14.88 15.44 22.77 10.37 15.06 8.02
20.65 20.16 11.10 22.87 25.02 18.14 24.96 13.83 5.63 21.91 11.96 18.11 12.71 13.35 14.78 21.33
15.47 11.55 10.58 15.60 18.17 13.97 20.10 4.66 10.14 18.65 12.77 7.58 7.80 9.46 4.18 11.22
4.36 11.00 7.91 8.92 9.27 2.87 6.57 20.45 13.49 2.91 7.48 20.23 24.01 6.87 18.18 15.44
17.18 15.97 8.50 18.94 21.21 14.85 21.67 10.37 4.67 19.03 10.03 14.20 10.62 9.87 10.80 17.02
3.33 7.97 6.64 7.04 8.31 0.79 7.60 17.22 12.23 5.44 7.22 16.84 21.00 4.24 14.86 12.27
6.86 1.73 13.17 3.30 5.75 8.26 9.78 15.41 17.72 11.17 14.61 12.71 20.23 9.58 12.42 5.41
18.27 16.98 9.49 20.01 22.29 15.94 22.76 10.59 5.23 20.09 10.93 14.67 10.32 10.95 11.31 17.88
20.65 20.45 10.96 23.01 25.11 18.09 24.89 14.55 5.37 21.74 11.67 18.77 13.51 13.39 15.41 21.76
21.08 17.16 14.75 21.31 23.88 19.39 25.72 5.14 12.11 24.01 16.70 10.11 3.16 14.59 7.52 16.17
22.96 22.25 13.41 25.10 27.28 20.45 27.28 14.80 7.89 24.22 14.21 19.36 12.88 15.65 16.12 23.17
21.58 14.74 20.43 19.38 21.86 21.26 25.57 6.61 20.71 25.69 22.67 3.82 9.77 18.19 6.62 11.01
19.64 19.13 10.15 21.83 23.98 17.13 23.97 13.19 4.81 20.96 11.11 17.34 12.42 12.33 13.98 20.35
24.47 18.58 20.71 23.24 25.85 23.50 28.87 5.61 19.30 28.16 22.88 7.77 4.91 19.43 8.06 15.74
18.44 19.60 8.46 21.42 23.25 15.74 22.35 16.60 3.17 18.87 8.54 20.18 16.55 11.59 16.78 21.71
15.36 11.24 10.80 15.36 17.94 13.94 19.97 4.43 10.55 18.63 13.00 7.12 7.87 9.52 3.72 10.79
18.29 15.88 10.64 19.41 21.84 16.23 22.90 7.87 7.51 20.66 12.42 12.15 7.76 11.22 8.85 16.16
20.40 14.15 17.99 18.84 21.42 19.71 24.67 3.45 17.78 24.29 20.23 3.21 6.95 16.11 4.25 11.17
11.67 15.51 3.92 15.62 16.81 8.97 14.82 18.92 6.69 10.98 1.76 20.72 20.92 7.10 17.72 19.02
20.37 19.16 11.30 22.20 24.47 17.98 24.82 11.84 6.36 22.03 12.50 16.25 10.64 13.04 12.96 19.95
20.50 13.71 19.41 18.37 20.87 20.18 24.52 5.98 19.82 24.61 21.64 2.74 9.61 17.12 5.65 10.08
15.59 15.85 5.99 18.08 20.10 13.03 19.85 13.11 1.38 16.80 7.07 16.35 13.90 8.36 12.97 17.76
11.89 17.55 8.02 16.37 16.86 9.67 13.62 23.24 11.32 9.47 5.87 24.53 25.54 10.19 21.75 21.62
3.51 9.49 7.10 7.88 8.66 1.27 6.90 18.85 12.76 4.01 7.14 18.56 22.51 5.46 16.54 13.87
13.39 12.20 5.79 15.05 17.32 11.19 17.94 9.86 5.20 15.57 7.82 12.48 11.88 6.17 9.17 13.72
9.19 7.95 18.23 5.06 4.30 11.72 8.95 21.36 23.31 12.32 19.21 18.04 26.27 14.84 18.34 10.06
5.06 8.45 4.95 8.38 9.90 2.49 9.33 16.12 10.49 6.87 5.79 16.19 19.66 2.61 13.94 12.45
17.07 16.20 8.11 19.02 21.24 14.68 21.52 11.12 3.94 18.76 9.52 14.88 11.38 9.74 11.48 17.44
16.93 17.02 7.31 19.37 21.42 14.38 21.19 13.26 2.06 18.12 8.27 16.82 13.55 9.69 13.42 18.73
17.66 17.95 7.89 20.21 22.22 15.06 21.85 14.08 2.31 18.67 8.62 17.74 14.13 10.47 14.34 19.70
7.54 6.62 16.51 3.34 2.93 10.02 7.81 20.25 21.62 10.88 17.49 17.21 25.10 13.14 17.24 9.36
4.06 9.43 6.30 8.24 9.21 1.43 7.69 18.23 11.96 4.79 6.43 18.11 21.81 4.71 15.99 13.73
10.04 7.21 18.41 5.56 5.63 12.36 10.50 20.13 23.24 13.56 19.59 16.55 25.09 14.90 17.11 8.57
19.68 18.09 10.98 21.29 23.62 17.38 24.19 10.52 6.54 21.57 12.39 14.91 9.55 12.39 11.62 18.72
6.73 3.86 14.51 2.26 4.06 8.73 8.63 17.52 19.36 10.77 15.73 14.64 22.35 11.00 14.52 6.99
20.27 19.47 10.93 22.32 24.52 17.81 24.65 12.80 5.70 21.72 11.97 17.11 11.73 12.95 13.78 20.49
22.11 16.48 18.21 21.11 23.72 21.07 26.57 3.13 16.97 25.74 20.38 6.28 3.83 16.94 5.79 14.02
7.71 9.84 2.48 10.71 12.44 5.14 11.97 14.78 7.84 9.21 4.02 15.64 17.85 1.35 12.98 13.27
19.89 19.64 10.25 22.22 24.32 17.34 24.16 13.99 4.73 21.05 11.05 18.12 13.19 12.62 14.75 20.99
10.42 5.50 17.51 5.93 7.11 12.31 11.99 17.55 21.93 14.44 18.95 13.81 22.53 13.91 14.55 5.85
20.22 14.15 17.49 18.83 21.43 19.45 24.55 2.74 17.13 24.06 19.72 3.52 6.32 15.72 3.90 11.38
6.17 5.03 14.74 1.67 2.73 8.47 7.45 18.75 19.81 9.93 15.80 15.98 23.54 11.34 15.76 8.36
17.99 17.54 8.60 20.17 22.32 15.50 22.34 12.49 3.56 19.39 9.70 16.35 12.35 10.67 12.96 18.91
16.56 15.85 7.54 18.57 20.77 14.15 20.98 11.31 3.49 18.20 8.95 14.91 11.78 9.22 11.51 17.21
16.79 12.91 11.37 16.98 19.54 15.21 21.42 4.22 10.25 19.87 13.50 8.00 6.58 10.58 4.67 12.41
16.57 14.48 8.96 17.83 20.22 14.48 21.17 8.19 6.42 18.90 10.81 11.95 9.02 9.47 8.56 15.11
17.12 11.31 14.61 15.93 18.55 16.30 21.49 2.65 14.86 20.92 16.84 2.93 7.65 12.64 0.77 9.13
17.19 16.50 8.05 19.23 21.42 14.76 21.59 11.60 3.60 18.77 9.36 15.35 11.80 9.85 11.95 17.82
18.41 17.20 9.55 20.20 22.47 16.06 22.88 10.85 5.14 20.18 10.93 14.95 10.51 11.09 11.58 18.14
19.28 17.16 11.13 20.59 22.98 17.11 23.85 8.99 7.33 21.45 12.75 13.42 8.22 12.09 10.16 17.52
18.81 17.95 9.63 20.80 23.01 16.39 23.22 11.88 4.75 20.38 10.83 15.98 11.38 11.48 12.62 19.04
10.64 13.05 0.86 13.96 15.57 7.91 14.53 15.74 5.19 11.20 1.71 17.50 17.98 4.46 14.49 16.21
17.34 14.70 10.17 18.30 20.76 15.37 21.97 7.05 7.72 19.87 12.08 11.10 7.69 10.40 7.76 14.93
18.88 17.00 10.57 20.31 22.68 16.67 23.44 9.39 6.68 20.96 12.15 13.71 8.84 11.65 10.40 17.52
23.44 22.39 14.06 25.40 27.64 20.98 27.82 14.24 8.66 24.86 14.98 18.91 12.03 16.11 15.74 23.09
19.41 18.13 10.49 21.19 23.47 17.06 23.89 11.14 5.84 21.16 11.81 15.43 10.34 12.09 12.10 18.95
6.47 7.04 15.86 2.88 1.53 9.08 6.37 20.76 21.13 9.54 16.69 17.99 25.53 12.62 17.78 10.30
18.66 16.73 10.44 20.06 22.43 16.47 23.23 9.18 6.68 20.78 12.05 13.46 8.75 11.45 10.15 17.24
1.96 5.58 10.75 2.75 4.11 4.06 5.57 18.02 16.13 6.26 11.56 16.40 22.41 7.65 15.25 10.07
8.80 2.25 14.44 5.07 7.30 10.09 11.61 14.66 18.63 13.12 16.04 11.46 19.59 10.83 11.64 3.72
21.07 19.65 12.09 22.80 25.10 18.71 25.54 11.74 7.18 22.79 13.32 16.28 10.20 13.75 13.04 20.29
0.62 6.95 9.53 4.53 5.43 2.42 5.26 18.44 15.06 4.80 10.10 17.27 22.60 6.78 15.80 11.47
3.23 5.89 7.66 5.52 7.29 2.43 7.87 15.96 12.95 6.78 8.70 15.14 20.03 4.46 13.42 10.20
16.41 16.17 7.04 18.67 20.78 13.91 20.75 12.33 2.47 17.81 8.25 15.83 12.83 9.10 12.43 17.78
16.47 10.52 14.40 15.16 17.77 15.75 20.80 3.49 14.99 20.33 16.64 2.62 8.50 12.26 0.83 8.28
17.00 17.52 7.17 19.65 21.62 14.39 21.15 14.30 1.55 17.93 7.86 17.79 14.60 9.87 14.40 19.43
20.79 20.07 11.36 22.90 25.08 18.31 25.15 13.34 6.01 22.17 12.31 17.69 12.10 13.47 14.37 21.11
1.43 8.13 8.75 5.89 6.58 1.47 5.40 18.90 14.38 3.84 9.08 18.06 22.88 6.41 16.38 12.63
9.46 5.57 17.16 4.90 5.80 11.53 10.70 18.37 21.82 13.33 18.47 14.85 23.33 13.60 15.36 6.86
6.02 11.35 5.40 10.30 11.17 3.50 9.08 18.97 10.92 5.49 4.89 19.33 22.18 5.15 16.96 15.53
18.39 18.19 8.82 20.71 22.82 15.86 22.68 13.28 3.45 19.63 9.74 17.17 13.01 11.11 13.77 19.65
17.06 13.93 10.56 17.73 20.23 15.23 21.70 5.90 8.68 19.82 12.58 9.87 7.11 10.36 6.53 13.90
17.34 12.46 13.22 16.86 19.48 16.11 21.89 2.00 12.66 20.79 15.42 5.62 6.08 11.87 2.52 11.11
20.17 13.30 19.36 17.94 20.42 19.92 24.14 6.33 19.94 24.31 21.59 2.57 10.13 16.99 5.72 9.58
2.99 6.92 12.79 2.56 2.17 5.70 4.01 20.03 18.26 6.19 13.39 18.08 24.53 9.84 17.19 11.16
17.08 16.52 7.87 19.19 21.36 14.64 21.47 11.83 3.33 18.61 9.15 15.54 12.07 9.76 12.14 17.91
7.83 10.05 2.29 10.88 12.59 5.23 12.05 14.91 7.72 9.23 3.80 15.81 17.93 1.56 13.13 13.48
5.99 5.50 6.70 7.21 9.44 4.75 10.62 13.25 11.29 9.39 8.35 12.79 17.26 3.09 10.80 9.06
8.44 1.51 13.69 5.04 7.42 9.55 11.51 14.13 17.85 12.78 15.32 11.12 19.03 10.09 11.11 3.67
10.71 12.91 0.76 13.93 15.59 8.00 14.67 15.38 5.01 11.40 2.07 17.17 17.62 4.33 14.15 16.00
8.61 5.57 16.70 4.05 4.76 10.80 9.67 18.80 21.52 12.38 17.92 15.47 23.73 13.18 15.78 7.52
19.64 13.07 18.12 17.76 20.30 19.18 23.78 4.67 18.43 23.67 20.36 1.86 8.66 15.94 4.30 9.76
15.36 13.61 7.68 16.78 19.13 13.22 19.94 8.81 5.66 17.62 9.59 12.14 10.15 8.20 8.74 14.58
15.15 15.16 5.78 17.50 19.57 12.64 19.48 12.43 2.04 16.54 7.09 15.59 13.41 7.86 12.22 16.99
3.09 5.38 12.12 1.48 2.84 5.45 5.51 18.51 17.44 7.08 12.97 16.52 23.05 8.94 15.65 9.69
5.23 11.94 8.10 9.80 10.03 3.78 6.98 21.16 13.57 2.99 7.40 21.06 24.61 7.45 18.95 16.37
18.31 18.07 8.76 20.61 22.72 15.78 22.61 13.15 3.44 19.57 9.72 17.03 12.91 11.03 13.64 19.52
9.31 4.90 16.66 4.80 6.03 11.26 10.88 17.62 21.23 13.30 18.04 14.13 22.58 13.08 14.61 6.15
20.54 20.35 10.85 22.91 25.00 17.98 24.78 14.51 5.26 21.64 11.56 18.71 13.51 13.29 15.35 21.68
4.17 8.80 5.87 8.01 9.23 1.42 8.18 17.35 11.50 5.56 6.30 17.24 20.96 3.91 15.11 13.02
19.79 13.11 18.52 17.79 20.31 19.40 23.87 5.24 18.94 23.86 20.76 1.96 9.16 16.27 4.76 9.65
20.67 20.75 10.86 23.17 25.22 18.06 24.84 15.29 5.21 21.60 11.42 19.43 14.33 13.47 16.06 22.21
15.96 15.85 6.55 18.27 20.36 13.45 20.28 12.44 2.15 17.33 7.77 15.82 13.11 8.66 12.43 17.55
18.85 13.02 15.92 17.66 20.27 17.98 23.23 1.68 15.68 22.61 18.15 3.35 6.34 14.17 2.44 10.62
18.80 15.31 12.34 19.27 21.81 17.03 23.44 5.24 10.03 21.63 14.32 9.82 5.38 12.19 6.72 14.83
14.83 8.22 20.16 10.61 12.10 16.26 16.93 15.96 23.71 19.05 21.93 11.38 20.88 16.61 13.23 5.15
20.73 19.43 11.69 22.52 24.80 18.35 25.19 11.83 6.76 22.41 12.90 16.30 10.46 13.40 13.04 20.15
16.96 13.78 10.56 17.59 20.10 15.16 21.61 5.76 8.79 19.75 12.60 9.69 7.10 10.31 6.35 13.72
8.39 2.24 14.36 4.57 6.78 9.78 11.11 15.09 18.67 12.69 15.91 11.95 20.00 10.76 12.07 4.24
16.40 12.41 11.27 16.51 19.08 14.88 21.03 4.11 10.42 19.56 13.43 7.61 6.89 10.32 4.25 11.88
12.22 5.82 17.95 8.02 9.65 13.71 14.41 15.63 21.83 16.45 19.63 11.51 20.63 14.36 12.71 3.93
20.84 19.60 11.75 22.67 24.94 18.45 25.29 12.04 6.75 22.49 12.93 16.52 10.64 13.51 13.25 20.35
7.51 12.54 4.70 11.75 12.66 4.95 10.47 19.15 9.92 6.70 3.68 19.88 22.08 5.47 17.33 16.58
18.52 14.56 12.74 18.69 21.26 16.91 23.15 3.94 10.95 21.56 14.81 8.51 4.98 12.20 5.47 13.79
11.43 4.66 16.70 7.47 9.37 12.73 13.97 14.57 20.52 15.72 18.42 10.66 19.57 13.13 11.61 2.80
19.50 19.29 9.86 21.84 23.94 16.95 23.76 13.86 4.35 20.66 10.67 17.93 13.20 12.23 14.55 20.68
21.17 20.27 11.82 23.18 25.40 18.71 25.55 13.11 6.53 22.61 12.82 17.55 11.69 13.84 14.26 21.18
8.06 6.66 16.90 3.76 3.50 10.51 8.38 20.20 21.95 11.45 17.93 17.04 25.08 13.49 17.18 9.13
15.77 12.03 10.50 16.02 18.58 14.19 20.40 4.84 9.78 18.86 12.66 8.05 7.59 9.58 4.65 11.78
14.33 10.27 10.10 14.34 16.91 12.94 18.93 5.23 10.36 17.62 12.33 7.24 8.90 8.61 3.93 10.07
14.22 18.00 6.04 18.20 19.37 11.53 17.19 20.27 6.65 13.22 4.19 22.52 21.73 9.49 19.38 21.38
21.51 14.98 19.55 19.67 22.22 20.97 25.67 5.07 19.42 25.50 21.79 3.77 7.99 17.56 5.72 11.63
8.17 10.61 1.83 11.36 13.01 5.51 12.29 15.24 7.39 9.32 3.23 16.28 18.15 2.13 13.54 14.05
21.04 19.74 11.98 22.84 25.12 18.66 25.50 12.01 6.99 22.71 13.17 16.52 10.51 13.71 13.27 20.44
6.82 11.53 4.32 10.92 11.97 4.15 10.13 18.30 9.81 6.59 3.82 18.91 21.36 4.54 16.40 15.56
18.99 19.23 9.18 21.55 23.56 16.38 23.16 14.68 3.54 19.93 9.80 18.56 14.28 11.81 15.16 20.88
12.72 15.11 2.96 16.11 17.69 9.98 16.46 16.45 3.78 12.94 2.63 18.72 18.12 6.55 15.55 18.09
9.59 10.81 1.75 12.28 14.17 7.07 13.91 13.64 6.07 11.13 3.97 15.07 16.34 2.45 12.16 13.75
18.72 17.97 9.46 20.77 22.96 16.27 23.11 12.12 4.49 20.23 10.62 16.18 11.67 11.39 12.81 19.14
19.49 13.34 17.06 18.02 20.61 18.77 23.79 2.86 16.96 23.36 19.30 2.72 6.98 15.16 3.29 10.54
5.24 10.52 5.61 9.46 10.39 2.66 8.55 18.55 11.22 5.21 5.41 18.73 21.91 4.77 16.45 14.73
5.48 5.28 6.98 6.72 8.92 4.38 10.11 13.69 11.71 8.97 8.53 13.09 17.75 3.39 11.20 9.04
23.56 22.66 14.09 25.60 27.82 21.08 27.91 14.70 8.63 24.90 14.95 19.36 12.53 16.24 16.17 23.43
18.81 12.59 16.66 17.28 19.87 18.15 23.08 3.13 16.79 22.72 18.90 2.04 7.59 14.64 2.81 9.77
17.12 17.01 7.59 19.46 21.55 14.59 21.42 12.91 2.48 18.39 8.63 16.54 13.13 9.84 13.14 18.62
15.30 10.64 11.54 14.94 17.55 14.08 19.86 3.91 11.67 18.76 13.77 5.95 8.02 9.93 2.57 9.81
12.52 15.88 3.86 16.31 17.63 9.78 15.84 18.38 5.60 12.06 2.14 20.43 20.15 7.34 17.34 19.21
3.07 10.41 10.06 7.40 7.23 3.46 4.14 21.34 15.70 1.35 9.84 20.56 25.23 8.39 18.86 14.93
13.20 8.16 20.30 8.66 9.43 15.16 14.35 18.90 24.56 17.10 21.78 14.67 23.89 16.69 15.99 7.20
5.65 7.01 5.37 7.92 9.86 3.72 10.23 14.33 10.42 8.39 6.81 14.26 18.06 1.91 12.06 10.73
6.64 5.54 15.36 2.23 2.70 9.01 7.57 19.24 20.44 10.27 16.39 16.36 24.06 11.97 16.24 8.64
4.99 11.69 8.05 9.55 9.81 3.54 6.85 20.97 13.55 2.93 7.42 20.84 24.45 7.30 18.75 16.12
22.06 21.45 12.50 24.24 26.40 19.55 26.37 14.42 7.00 23.31 13.31 18.89 12.81 14.76 15.60 22.47
10.53 6.18 18.03 5.98 6.83 12.57 11.75 18.43 22.57 14.41 19.40 14.69 23.42 14.45 15.44 6.74
19.33 17.66 10.75 20.89 23.23 17.06 23.86 10.14 6.49 21.28 12.22 14.49 9.34 12.05 11.19 18.27
15.17 13.83 7.08 16.81 19.10 12.93 19.71 9.63 4.84 17.24 8.90 12.90 10.90 7.91 9.50 15.04
19.60 13.18 17.72 17.87 20.44 19.04 23.80 3.97 17.87 23.57 19.96 2.08 7.99 15.65 3.87 10.06
19.73 20.14 9.85 22.38 24.36 17.10 23.84 15.51 4.20 20.53 10.30 19.47 14.92 12.61 16.07 21.82
12.69 6.11 18.16 8.54 10.21 14.10 14.95 15.32 21.92 16.93 19.88 11.11 20.31 14.58 12.44 3.73
1.94 7.16 8.08 5.64 6.83 1.19 6.46 17.63 13.62 5.09 8.70 16.82 21.63 5.40 15.11 11.61
15.25 14.85 6.20 17.39 19.54 12.82 19.66 11.59 2.88 16.85 7.69 14.82 12.58 7.92 11.43 16.49
17.74 17.76 8.09 20.16 22.22 15.18 21.99 13.49 2.67 18.89 8.97 17.22 13.49 10.49 13.82 19.38
20.94 21.11 11.10 23.49 25.52 18.32 25.09 15.67 5.44 21.81 11.59 19.83 14.66 13.77 16.46 22.60
20.50 20.25 10.83 22.84 24.94 17.95 24.76 14.34 5.27 21.63 11.58 18.55 13.33 13.23 15.19 21.55
22.13 15.31 20.85 19.95 22.43 21.79 26.13 6.78 21.01 26.23 23.09 4.34 9.66 18.66 7.01 11.58
17.95 17.01 8.93 19.88 22.11 15.56 22.39 11.30 4.42 19.62 10.26 15.25 11.16 10.62 11.87 18.13
18.81 16.89 10.55 20.22 22.59 16.61 23.37 9.27 6.72 20.91 12.14 13.58 8.76 11.58 10.27 17.40
18.02 18.40 8.20 20.63 22.62 15.41 22.18 14.48 2.56 18.96 8.84 18.18 14.42 10.87 14.78 20.17
9.60 12.76 1.52 13.20 14.64 6.85 13.29 16.71 6.57 9.85 1.06 18.15 19.18 4.30 15.26 16.22
20.90 19.85 11.66 22.83 25.07 18.47 25.31 12.58 6.51 22.43 12.75 17.02 11.21 13.56 13.73 20.70
11.25 6.50 18.50 6.71 7.63 13.22 12.55 18.26 22.93 15.18 19.93 14.36 23.25 14.91 15.28 6.49
21.88 15.66 19.18 20.35 22.93 21.15 26.17 4.15 18.62 25.75 21.40 4.63 6.43 17.45 5.62 12.62
8.60 11.47 1.49 12.02 13.55 5.87 12.52 15.95 7.14 9.32 2.35 17.12 18.70 3.04 14.34 14.96
18.15 16.58 9.65 19.74 22.06 15.89 22.68 9.86 5.74 20.12 11.20 13.97 9.67 10.88 10.62 17.34
22.76 17.12 18.76 21.75 24.36 21.70 27.21 3.75 17.39 26.37 20.93 6.81 3.69 17.54 6.43 14.61
19.29 19.61 9.45 21.89 23.89 16.67 23.44 15.02 3.79 20.17 10.00 18.94 14.54 12.14 15.54 21.26
19.57 15.76 13.36 19.86 22.42 17.88 24.21 4.65 11.07 22.51 15.36 9.46 4.33 13.09 6.56 14.99
19.47 14.53 14.92 18.98 21.60 18.20 24.03 1.36 13.69 22.88 17.08 6.34 3.99 13.84 4.07 12.88
6.82 13.22 7.58 11.37 11.68 5.01 8.54 21.53 12.77 4.44 6.47 21.80 24.71 7.71 19.49 17.57
16.30 13.51 9.59 17.15 19.62 14.40 20.93 6.65 7.84 18.95 11.61 10.32 8.08 9.49 6.93 13.78
19.22 18.11 10.18 21.09 23.34 16.83 23.66 11.49 5.41 20.88 11.44 15.71 10.79 11.89 12.36 19.05
10.30 6.60 18.20 5.75 6.29 12.47 11.20 19.18 22.87 14.05 19.49 15.50 24.15 14.64 16.17 7.53
9.76 4.10 16.23 5.49 7.18 11.40 11.88 16.17 20.53 13.94 17.75 12.60 21.15 12.62 13.16 4.61
8.29 5.15 16.28 3.73 4.66 10.44 9.54 18.45 21.08 12.13 17.51 15.19 23.37 12.76 15.43 7.26
20.46 20.16 10.81 22.77 24.88 17.91 24.72 14.19 5.28 21.61 11.59 18.41 13.19 13.18 15.05 21.44
1.80 5.90 10.96 2.78 3.88 4.12 5.19 18.40 16.37 6.01 11.70 16.77 22.79 7.92 15.63 10.38
5.20 2.43 11.88 2.42 5.04 6.59 8.46 15.84 16.70 9.54 13.18 13.60 20.52 8.34 12.92 6.81
18.31 12.02 16.44 16.71 19.29 17.71 22.55 3.54 16.79 22.26 18.68 1.47 8.15 14.32 2.62 9.15
12.00 7.57 19.53 7.44 8.05 14.08 12.96 19.22 24.00 15.81 20.92 15.22 24.22 15.94 16.26 7.45
11.62 14.22 2.03 15.06 16.61 8.88 15.36 16.42 4.67 11.87 1.65 18.41 18.38 5.63 15.32 17.35
9.92 6.45 17.92 5.37 5.88 12.11 10.79 19.21 22.64 13.64 19.18 15.62 24.18 14.38 16.20 7.64
13.46 17.78 6.28 17.61 18.61 10.84 16.14 21.06 7.90 12.11 4.14 23.03 22.78 9.46 19.98 21.38
20.58 19.35 11.50 22.40 24.67 18.19 25.03 11.92 6.53 22.23 12.69 16.36 10.63 13.25 13.08 20.12
19.56 19.28 9.95 21.86 23.98 17.02 23.84 13.72 4.48 20.76 10.80 17.81 13.02 12.28 14.43 20.62
16.54 11.40 13.08 15.86 18.48 15.45 21.05 2.51 13.03 20.12 15.31 4.78 7.12 11.43 1.46 9.94
1.12 8.18 10.85 4.79 4.78 3.56 3.53 20.15 16.46 3.74 11.15 18.84 24.35 8.37 17.48 12.67
17.77 16.57 8.99 19.56 21.83 15.43 22.26 10.61 4.85 19.58 10.44 14.57 10.57 10.46 11.19 17.57
19.30 19.62 9.45 21.90 23.90 16.68 23.44 15.06 3.79 20.17 9.99 18.97 14.58 12.15 15.58 21.29
20.53 19.25 11.49 22.33 24.60 18.15 24.99 11.76 6.58 22.21 12.71 16.20 10.47 13.20 12.93 19.99
17.90 18.85 7.95 20.78 22.65 15.23 21.91 15.76 2.45 18.51 8.23 19.32 15.83 10.95 15.92 20.89
14.44 8.97 21.16 9.92 10.80 16.30 15.71 18.75 25.23 18.40 22.73 14.32 23.71 17.55 15.91 7.30
17.77 18.53 7.84 20.55 22.47 15.11 21.83 15.25 2.23 18.50 8.27 18.82 15.33 10.73 15.42 20.49
18.24 18.05 8.67 20.57 22.67 15.71 22.53 13.22 3.33 19.48 9.61 17.09 13.01 10.96 13.69 19.53
19.92 18.71 10.89 21.75 24.01 17.54 24.38 11.60 6.04 21.60 12.13 15.94 10.58 12.59 12.63 19.54
8.12 10.52 1.90 11.28 12.95 5.47 12.26 15.17 7.43 9.32 3.33 16.18 18.09 2.03 13.46 13.95
18.83 18.40 9.36 21.04 23.19 16.33 23.16 12.95 4.09 20.16 10.35 16.96 12.49 11.52 13.57 19.72
17.63 16.77 8.59 19.60 21.81 15.23 22.07 11.35 4.13 19.28 9.92 15.22 11.36 10.30 11.83 17.96
10.10 3.97 16.16 5.95 7.77 11.61 12.42 15.56 20.32 14.34 17.75 11.93 20.54 12.55 12.56 3.94
17.02 15.88 8.30 18.82 21.08 14.68 21.50 10.50 4.47 18.84 9.81 14.27 10.81 9.70 10.88 16.99
16.88 10.39 15.77 15.08 17.65 16.44 21.03 4.79 16.68 20.91 18.00 1.05 9.65 13.37 2.64 7.45
17.64 15.72 9.59 19.02 21.39 15.47 22.22 8.83 6.29 19.82 11.30 12.88 8.98 10.45 9.52 16.33
11.90 7.47 19.42 7.34 7.97 13.98 12.88 19.16 23.90 15.71 20.81 15.17 24.16 15.83 16.19 7.38
4.71 8.15 5.32 8.01 9.53 2.21 9.04 16.16 10.84 6.71 6.16 16.11 19.77 2.82 13.93 12.20
21.77 21.63 12.01 24.18 26.26 19.19 25.98 15.42 6.38 22.77 12.61 19.75 14.07 14.54 16.42 22.91
14.62 13.60 6.34 16.41 18.66 12.33 19.13 10.21 4.33 16.59 8.16 13.29 11.63 7.32 9.91 15.03
21.93 20.20 13.13 23.50 25.84 19.63 26.44 11.45 8.33 23.78 14.42 16.15 9.46 14.63 13.01 20.59
18.34 17.25 9.38 20.20 22.44 15.96 22.79 11.12 4.88 20.05 10.73 15.17 10.81 11.01 11.80 18.26
18.25 12.46 15.41 17.08 19.70 17.38 22.64 1.82 15.31 22.01 17.64 3.19 6.70 13.61 1.84 10.15
9.23 5.84 17.20 4.67 5.35 11.39 10.27 18.83 21.95 13.00 18.45 15.37 23.78 13.66 15.82 7.39
19.35 17.85 10.61 21.01 23.32 17.04 23.85 10.58 6.18 21.21 12.01 14.90 9.79 12.05 11.59 18.56
16.56 16.07 7.36 18.69 20.85 14.11 20.95 11.80 3.04 18.09 8.68 15.38 12.25 9.24 11.97 17.54
16.99 14.21 10.08 17.86 20.33 15.07 21.63 6.68 7.94 19.61 12.04 10.62 7.66 10.13 7.26 14.39
16.53 12.33 11.65 16.50 19.09 15.08 21.14 3.66 10.90 19.76 13.83 7.15 6.71 10.59 3.80 11.64
15.63 15.61 6.20 17.98 20.05 13.11 19.94 12.53 1.97 16.98 7.43 15.82 13.32 8.34 12.43 17.39
18.13 17.18 9.09 20.06 22.29 15.73 22.57 11.37 4.51 19.78 10.40 15.36 11.15 10.80 11.97 18.29
7.62 6.32 16.44 3.30 3.19 10.05 8.10 19.92 21.50 11.07 17.47 16.84 24.78 13.04 16.91 8.98
19.38 18.69 10.03 21.47 23.66 16.92 23.76 12.59 4.87 20.82 11.10 16.74 11.88 12.06 13.38 19.83
9.60 12.21 0.65 12.96 14.54 6.88 13.51 15.78 6.16 10.25 1.82 17.25 18.29 3.64 14.35 15.53
11.16 15.32 4.18 15.21 16.31 8.49 14.17 19.34 7.44 10.27 1.94 20.97 21.48 7.07 18.03 18.97
6.78 2.71 13.81 2.72 4.97 8.48 9.26 16.36 18.50 11.00 15.15 13.56 21.20 10.24 13.37 6.05
8.92 12.02 1.52 12.46 13.93 6.18 12.72 16.40 7.01 9.38 1.79 17.66 19.05 3.61 14.85 15.53
18.62 12.38 16.56 17.07 19.65 17.98 22.88 3.25 16.77 22.54 18.80 1.84 7.78 14.51 2.71 9.55
4.81 5.72 13.96 1.09 1.56 7.30 5.92 19.34 19.22 8.39 14.84 16.90 24.02 10.71 16.40 9.54
4.69 8.07 5.35 7.95 9.49 2.22 9.04 16.11 10.86 6.74 6.22 16.05 19.73 2.81 13.87 12.13
9.13 13.61 3.85 13.23 14.28 6.48 12.19 18.93 8.52 8.38 2.20 20.09 21.52 5.78 17.34 17.45
16.81 16.28 7.61 18.93 21.09 14.36 21.20 11.80 3.18 18.34 8.91 15.44 12.15 9.49 12.04 17.71
20.42 20.54 10.61 22.94 24.98 17.82 24.59 15.21 4.96 21.35 11.17 19.32 14.34 13.23 15.95 22.03
16.41 15.90 7.25 18.52 20.68 13.96 20.80 11.71 3.05 17.96 8.59 15.25 12.22 9.08 11.85 17.37
6.48 8.71 3.79 9.39 11.13 4.02 10.85 14.90 9.12 8.38 5.12 15.33 18.27 1.12 12.88 12.35
15.18 14.13 6.77 16.98 19.23 12.88 19.69 10.23 4.24 17.11 8.51 13.49 11.40 7.88 10.10 15.48
19.41 12.36 19.33 16.93 19.35 19.34 23.24 7.35 20.33 23.62 21.54 2.75 11.47 16.74 6.15 8.40
17.51 15.99 9.07 19.12 21.43 15.25 22.04 9.76 5.40 19.50 10.67 13.72 9.89 10.24 10.34 16.85
16.42 18.66 6.68 19.84 21.42 13.67 20.01 18.00 3.53 16.32 6.07 21.00 18.69 10.19 17.67 21.35
4.67 11.42 8.18 9.23 9.47 3.31 6.55 20.89 13.72 2.70 7.64 20.69 24.43 7.28 18.64 15.87
6.86 3.36 14.30 2.53 4.53 8.73 9.01 17.00 19.07 10.99 15.58 14.12 21.84 10.76 13.99 6.49
23.15 21.68 14.06 24.89 27.19 20.78 27.61 12.96 8.92 24.81 15.18 17.70 10.64 15.83 14.58 22.16
2.67 6.61 12.38 2.43 2.51 5.34 4.28 19.63 17.83 6.14 13.02 17.73 24.10 9.40 16.80 10.91
22.39 16.50 18.94 21.16 23.77 21.47 26.79 3.72 17.92 26.12 21.13 5.85 4.86 17.50 5.99 13.76
7.63 8.78 3.41 10.11 12.04 5.30 12.10 13.67 8.23 9.73 5.23 14.37 16.95 0.30 11.77 12.04
18.88 17.72 9.91 20.71 22.97 16.51 23.34 11.19 5.30 20.59 11.23 15.36 10.64 11.55 12.01 18.65
8.20 2.79 14.71 4.12 6.16 9.78 10.64 15.85 19.16 12.44 16.18 12.70 20.77 11.11 12.84 4.92
10.29 7.24 18.56 5.79 5.94 12.58 10.81 20.03 23.35 13.85 19.77 16.40 25.00 15.04 17.02 8.42
18.19 18.12 8.56 20.57 22.65 15.63 22.45 13.49 3.13 19.36 9.44 17.32 13.31 10.93 13.92 19.66
18.13 16.52 9.67 19.70 22.02 15.87 22.66 9.77 5.80 20.12 11.23 13.88 9.59 10.86 10.52 17.27
9.45 4.98 16.78 4.94 6.16 11.39 11.02 17.62 21.33 13.45 18.16 14.10 22.59 13.19 14.61 6.11
16.69 9.94 16.26 14.62 17.15 16.44 20.72 5.90 17.48 20.82 18.47 1.35 10.72 13.67 3.68 6.64
4.21 4.22 12.47 0.75 3.27 6.27 6.75 17.65 17.60 8.35 13.51 15.43 22.29 9.11 14.74 8.43
4.66 10.73 6.84 9.11 9.75 2.53 7.47 19.57 12.43 3.97 6.49 19.53 23.04 5.88 17.37 15.09
20.37 16.66 13.87 20.73 23.29 18.62 25.01 5.31 11.23 23.23 15.81 10.21 4.04 13.78 7.41 15.90
7.55 1.78 13.66 3.87 6.21 8.93 10.39 15.20 18.10 11.86 15.16 12.31 20.07 10.06 12.20 4.83
20.07 20.41 10.20 22.70 24.69 17.45 24.19 15.55 4.55 20.89 10.67 19.57 14.84 12.94 16.18 22.04
5.94 10.78 4.81 10.04 11.09 3.27 9.37 18.14 10.41 6.00 4.60 18.53 21.37 4.32 16.13 14.88
16.25 15.88 7.00 18.43 20.57 13.78 20.62 11.96 2.74 17.74 8.31 15.44 12.53 8.93 12.05 17.43
5.18 2.81 9.68 4.47 6.96 5.50 9.36 14.26 14.35 9.40 11.16 12.68 18.74 6.10 11.46 7.11
20.21 17.85 12.18 21.40 23.82 18.08 24.80 8.82 8.31 22.45 13.80 13.45 7.50 13.06 10.29 17.99
9.14 4.51 16.33 4.68 6.09 11.02 10.89 17.24 20.86 13.20 17.73 13.79 22.20 12.74 14.23 5.82
20.11 13.53 18.51 18.22 20.76 19.64 24.24 4.79 18.73 24.13 20.75 2.31 8.55 16.37 4.67 10.19
9.57 13.03 2.04 13.30 14.65 6.83 13.14 17.23 6.90 9.60 0.87 18.63 19.70 4.66 15.77 16.57
11.95 15.50 3.66 15.80 17.07 9.22 15.23 18.48 6.08 11.44 1.69 20.39 20.40 7.01 17.35 18.92
16.98 11.92 13.25 16.37 18.99 15.84 21.50 2.12 12.96 20.52 15.47 5.06 6.59 11.72 1.87 10.48
19.79 18.16 11.12 21.38 23.71 17.50 24.31 10.47 6.69 21.69 12.53 14.88 9.45 12.50 11.61 18.76
13.09 7.76 19.93 8.57 9.51 14.97 14.43 18.29 24.12 17.06 21.46 14.07 23.29 16.33 15.39 6.62
18.89 19.69 8.94 21.71 23.61 16.22 22.90 15.98 3.38 19.51 9.22 19.71 15.72 11.89 16.31 21.60
6.00 1.55 12.00 3.19 5.81 7.18 9.34 15.10 16.63 10.35 13.43 12.75 19.82 8.42 12.15 5.95
19.01 14.20 14.36 18.61 21.22 17.70 23.58 1.60 13.15 22.39 16.51 6.47 4.33 13.31 3.92 12.71
6.62 8.32 3.98 9.27 11.11 4.29 11.08 14.37 9.13 8.77 5.50 14.77 17.80 0.73 12.32 11.87
9.94 5.91 17.60 5.38 6.21 12.02 11.12 18.51 22.22 13.79 18.93 14.89 23.48 14.03 15.50 6.90
20.38 18.76 11.63 21.99 24.32 18.08 24.89 10.81 7.04 22.25 13.00 15.31 9.52 13.08 12.06 19.32
18.80 18.52 9.25 21.09 23.21 16.28 23.10 13.30 3.87 20.05 10.17 17.27 12.87 11.52 13.88 19.92
8.51 11.77 1.88 12.10 13.54 5.77 12.30 16.53 7.42 8.97 2.09 17.67 19.26 3.47 14.91 15.35
6.14 10.07 3.98 9.86 11.19 3.39 10.01 16.90 9.64 6.95 4.34 17.36 20.14 3.08 14.92 14.01
21.94 19.77 13.52 23.26 25.66 19.74 26.50 10.32 9.08 24.01 14.97 15.10 8.15 14.72 12.04 19.89
18.40 18.16 8.85 20.71 22.81 15.87 22.70 13.19 3.52 19.66 9.80 17.09 12.91 11.12 13.69 19.60
16.71 10.81 14.47 15.45 18.06 15.95 21.06 3.17 14.93 20.55 16.71 2.71 8.17 12.40 0.69 8.61
21.83 15.18 20.14 19.86 22.38 21.38 25.94 5.80 20.12 25.87 22.38 4.00 8.65 18.07 6.29 11.66
8.50 13.72 5.21 12.83 13.62 6.03 11.12 20.05 10.00 7.16 3.69 20.94 22.81 6.52 18.32 17.76
17.54 17.92 7.74 20.13 22.13 14.93 21.71 14.25 2.12 18.50 8.43 17.86 14.35 10.38 14.46 19.73
14.40 16.93 4.79 17.90 19.43 11.65 17.98 17.53 3.63 14.32 4.04 20.12 18.77 8.37 16.87 19.84
21.15 19.50 12.36 22.76 25.09 18.85 25.66 11.17 7.63 23.00 13.68 15.77 9.52 13.85 12.57 19.99
16.73 15.93 7.77 18.71 20.91 14.34 21.17 11.16 3.72 18.41 9.19 14.82 11.56 9.40 11.42 17.23
17.23 16.63 8.03 19.32 21.50 14.79 21.63 11.80 3.46 18.77 9.30 15.55 11.98 9.91 12.15 17.99
19.29 12.30 19.01 16.90 19.35 19.16 23.16 6.90 19.94 23.48 21.23 2.34 11.05 16.47 5.74 8.44
20.49 14.30 17.95 18.99 21.58 19.77 24.78 3.27 17.64 24.36 20.18 3.44 6.67 16.12 4.26 11.38
21.33 15.43 18.07 20.09 22.69 20.44 25.72 2.88 17.29 25.08 20.28 4.89 5.20 16.53 4.93 12.74
17.44 15.72 9.22 18.93 21.27 15.22 21.99 9.26 5.80 19.53 10.88 13.22 9.47 10.20 9.85 16.47
9.47 11.32 0.92 12.46 14.22 6.84 13.64 14.55 6.08 10.65 3.07 15.98 17.18 2.75 13.08 14.44
10.07 6.20 17.84 5.51 6.22 12.19 11.14 18.79 22.49 13.88 19.15 15.15 23.77 14.28 15.78 7.17
19.96 20.29 10.10 22.58 24.57 17.34 24.09 15.45 4.44 20.80 10.58 19.45 14.76 12.82 16.06 21.91
4.37 11.50 9.27 8.87 8.82 3.74 5.53 21.61 14.83 1.58 8.76 21.19 25.27 8.17 19.27 16.01
18.16 12.44 15.23 17.06 19.67 17.27 22.57 1.66 15.08 21.91 17.46 3.38 6.60 13.45 1.76 10.22
21.48 20.58 12.12 23.50 25.71 19.02 25.86 13.30 6.80 22.92 13.10 17.77 11.76 14.15 14.49 21.47
21.99 20.46 13.03 23.68 25.99 19.65 26.47 12.02 8.06 23.73 14.24 16.68 10.08 14.67 13.51 20.97
8.25 5.45 16.42 3.70 4.42 10.46 9.33 18.79 21.27 12.01 17.61 15.55 23.71 12.91 15.78 7.62
19.36 17.91 10.59 21.04 23.35 17.05 23.86 10.69 6.12 21.20 11.98 15.00 9.89 12.06 11.69 18.64
19.95 19.67 10.32 22.26 24.37 17.40 24.22 13.94 4.81 21.12 11.13 18.08 13.11 12.67 14.71 20.99
9.21 13.18 2.90 13.13 14.34 6.49 12.56 18.01 7.72 8.90 1.45 19.26 20.56 5.06 16.46 16.88
18.41 18.51 8.68 20.88 22.92 15.83 22.62 14.02 3.12 19.47 9.44 17.84 13.79 11.18 14.44 20.12
19.50 18.39 10.43 21.37 23.62 17.11 23.94 11.62 5.60 21.15 11.67 15.88 10.80 12.17 12.55 19.30
22.10 22.11 12.28 24.59 26.65 19.50 26.26 16.04 6.63 23.00 12.78 20.36 14.66 14.90 17.03 23.46
2.07 6.08 11.48 2.52 3.37 4.57 4.87 18.81 16.90 6.06 12.19 17.07 23.23 8.45 16.01 10.50
4.19 3.54 11.72 1.69 4.21 5.87 7.34 16.76 16.76 8.50 12.86 14.67 21.37 8.29 13.87 7.92
8.72 4.21 15.93 4.28 5.78 10.60 10.54 17.15 20.51 12.79 17.32 13.80 22.09 12.35 14.13 5.85
21.16 21.02 11.42 23.57 25.65 18.58 25.38 15.05 5.79 22.19 12.05 19.31 13.88 13.92 15.96 22.35
19.76 17.86 11.35 21.20 23.57 17.54 24.31 9.75 7.19 21.80 12.86 14.22 8.72 12.52 10.97 18.30
23.20 22.45 13.66 25.32 27.50 20.69 27.52 14.85 8.15 24.47 14.46 19.44 12.85 15.88 16.21 23.33
6.92 9.85 3.06 10.24 11.80 4.25 11.04 15.73 8.65 8.17 4.03 16.38 18.89 1.97 13.83 13.53
22.77 21.79 13.38 24.77 26.99 20.31 27.15 13.97 7.99 24.18 14.31 18.58 11.99 15.44 15.36 22.57
18.71 14.79 12.85 18.91 21.48 17.09 23.35 4.06 10.96 21.73 14.90 8.68 4.84 12.36 5.67 14.02
17.96 16.34 9.54 19.52 21.85 15.71 22.49 9.68 5.75 19.96 11.12 13.76 9.60 10.69 10.40 17.10
14.23 13.70 5.55 16.27 18.44 11.85 18.68 11.12 3.55 16.00 7.28 14.05 12.56 6.90 10.70 15.40
16.33 11.16 12.97 15.63 18.25 15.25 20.82 2.73 13.01 19.92 15.20 4.73 7.36 11.26 1.35 9.73
21.35 19.45 12.75 22.82 25.18 19.09 25.89 10.65 8.19 23.31 14.14 15.33 8.84 14.08 12.18 19.78
19.17 17.63 10.50 20.80 23.12 16.88 23.69 10.38 6.17 21.07 11.94 14.68 9.67 11.88 11.37 18.33
8.58 3.42 15.33 4.32 6.14 10.27 10.76 16.32 19.80 12.76 16.78 13.03 21.25 11.73 13.30 5.14
16.75 10.53 15.12 15.21 17.80 16.16 21.00 3.99 15.84 20.70 17.36 1.76 8.94 12.86 1.70 7.94
19.31 18.20 10.27 21.18 23.43 16.93 23.76 11.51 5.48 20.98 11.53 15.75 10.77 11.98 12.41 19.12
18.72 17.17 10.12 20.34 22.66 16.44 23.24 10.15 5.95 20.65 11.60 14.37 9.66 11.44 11.04 17.90
21.08 20.45 11.58 23.23 25.40 18.58 25.41 13.75 6.15 22.39 12.47 18.12 12.44 13.77 14.80 21.52
17.65 17.08 8.38 19.77 21.93 15.19 22.03 12.05 3.58 19.14 9.58 15.88 12.05 10.33 12.48 18.42
19.09 15.03 13.31 19.20 21.78 17.49 23.72 3.80 11.41 22.14 15.37 8.54 4.39 12.80 5.64 14.13
19.00 17.61 10.21 20.71 23.00 16.67 23.49 10.67 5.79 20.82 11.61 14.91 10.05 11.69 11.58 18.40
2.44 9.59 11.40 5.98 5.44 4.26 2.59 21.48 17.06 2.61 11.43 20.25 25.60 9.26 18.84 14.07
21.89 15.69 19.12 20.38 22.96 21.14 26.18 4.07 18.53 25.74 21.34 4.69 6.31 17.41 5.60 12.67
17.79 13.62 12.49 17.80 20.39 16.27 22.40 3.36 11.17 20.94 14.61 7.64 5.50 11.68 4.50 12.78
16.02 15.74 6.74 18.25 20.37 13.55 20.38 12.08 2.53 17.49 8.04 15.50 12.74 8.71 12.10 17.36
18.66 12.60 16.21 17.27 19.87 17.91 22.98 2.54 16.23 22.51 18.45 2.50 7.14 14.29 2.42 9.98
12.24 6.33 18.52 7.86 9.23 13.91 14.08 16.71 22.57 16.37 20.12 12.60 21.71 14.92 13.79 4.98
20.30 13.61 18.96 18.29 20.81 19.90 24.38 5.38 19.27 24.37 21.20 2.47 9.07 16.74 5.15 10.12
19.48 18.37 10.42 21.35 23.60 17.09 23.93 11.60 5.59 21.14 11.66 15.86 10.79 12.15 12.53 19.28
21.71 20.37 12.62 23.49 25.78 19.33 26.16 12.33 7.56 23.36 13.77 16.92 10.57 14.38 13.71 21.01
22.49 21.92 12.89 24.70 26.85 19.96 26.79 14.83 7.35 23.69 13.65 19.32 13.11 15.19 16.05 22.95
16.15 15.96 6.78 18.43 20.53 13.66 20.49 12.33 2.34 17.55 8.02 15.77 12.93 8.85 12.37 17.61
11.53 15.44 3.95 15.50 16.68 8.83 14.65 19.00 6.86 10.80 1.76 20.76 21.04 7.07 17.77 18.99
18.28 17.63 8.99 20.37 22.55 15.82 22.66 12.16 4.05 19.76 10.15 16.12 11.90 10.95 12.73 18.88
17.58 16.20 9.00 19.26 21.56 15.29 22.09 10.10 5.15 19.50 10.54 14.05 10.18 10.29 10.67 17.12
8.16 7.39 17.28 4.11 3.29 10.71 8.04 20.97 22.42 11.32 18.23 17.84 25.84 13.93 17.96 9.93
24.32 24.11 14.52 26.73 28.82 21.72 28.50 17.06 8.87 25.24 15.01 21.62 15.04 17.09 18.36 25.24
2.58 5.12 11.19 2.15 3.78 4.66 5.85 17.87 16.50 6.83 12.08 16.09 22.33 8.00 15.06 9.57
16.63 16.85 6.96 19.12 21.15 14.06 20.87 13.44 1.67 17.76 7.89 16.91 13.85 9.41 13.51 18.65
17.73 16.29 9.17 19.38 21.68 15.44 22.24 10.03 5.31 19.66 10.72 14.02 10.03 10.44 10.64 17.16
18.53 19.27 8.59 21.32 23.23 15.87 22.57 15.63 3.00 19.21 8.95 19.32 15.47 11.50 15.92 21.18
16.35 19.24 7.06 20.03 21.44 13.60 19.65 19.49 5.10 15.80 5.91 22.31 20.33 10.67 19.02 22.20
17.21 18.01 7.29 20.00 21.91 14.56 21.28 15.05 1.67 17.96 7.76 18.52 15.31 10.18 15.13 20.03
17.18 16.64 7.94 19.30 21.46 14.72 21.56 11.92 3.32 18.69 9.19 15.65 12.12 9.85 12.24 18.03
3.51 3.92 10.02 3.25 5.47 4.47 7.56 16.04 15.10 7.83 11.18 14.44 20.48 6.60 13.26 8.44
17.73 16.70 8.80 19.61 21.85 15.35 22.18 11.01 4.48 19.45 10.19 14.93 10.98 10.40 11.54 17.80
2.41 9.71 9.66 6.86 6.91 2.81 4.36 20.63 15.31 2.09 9.60 19.82 24.54 7.80 18.13 14.23
4.12 7.09 13.88 2.42 1.04 6.83 4.32 20.51 19.31 7.09 14.51 18.31 25.10 10.86 17.62 11.10
19.90 19.30 10.44 22.05 24.21 17.40 24.24 13.12 5.12 21.25 11.42 17.33 12.24 12.58 13.98 20.46
12.88 11.94 5.23 14.65 16.88 10.65 17.42 10.30 5.09 15.01 7.29 12.74 12.43 5.63 9.47 13.64
17.76 17.44 8.31 20.01 22.14 15.26 22.09 12.69 3.21 19.11 9.37 16.49 12.65 10.46 13.09 18.90
20.31 20.51 10.48 22.87 24.89 17.70 24.46 15.35 4.82 21.20 11.00 19.43 14.53 13.14 16.05 22.05
8.54 10.11 2.09 11.32 13.16 6.01 12.85 14.09 7.08 10.13 4.04 15.19 17.04 1.55 12.41 13.29
11.46 7.04 18.96 6.91 7.61 13.52 12.52 18.89 23.45 15.30 20.35 14.98 23.89 15.38 15.91 7.12
17.96 16.12 9.76 19.40 21.75 15.76 22.52 9.15 6.21 20.07 11.41 13.26 9.10 10.74 9.91 16.75
9.42 12.21 0.94 12.85 14.39 6.69 13.29 16.03 6.41 9.99 1.69 17.44 18.57 3.68 14.56 15.59
9.76 6.12 17.65 5.20 5.86 11.91 10.78 18.89 22.34 13.54 18.93 15.32 23.85 14.10 15.88 7.33
20.14 14.73 16.22 19.30 21.92 19.04 24.63 1.09 15.23 23.72 18.40 5.38 4.27 14.89 3.98 12.60
17.82 17.71 8.24 20.18 22.26 15.28 22.11 13.20 2.93 19.05 9.19 16.97 13.15 10.55 13.57 19.25
20.21 18.49 11.57 21.76 24.10 17.93 24.73 10.45 7.11 22.13 12.98 14.95 9.22 12.92 11.71 19.00
18.57 18.62 8.86 21.02 23.08 15.99 22.80 13.98 3.31 19.65 9.63 17.84 13.68 11.34 14.44 20.19
22.16 21.35 12.70 24.23 26.43 19.68 26.51 13.98 7.28 23.51 13.60 18.50 12.26 14.84 15.24 22.25
18.24 17.06 9.38 20.05 22.31 15.89 22.72 10.84 5.02 20.01 10.77 14.90 10.58 10.92 11.53 18.03
10.46 5.10 17.20 6.05 7.45 12.23 12.27 16.90 21.52 14.56 18.70 13.15 21.89 13.60 13.91 5.19
19.84 18.71 10.75 21.70 23.96 17.44 24.28 11.76 5.85 21.48 11.96 16.08 10.80 12.50 12.76 19.59
12.34 6.91 19.08 7.86 8.95 14.17 13.86 17.70 23.28 16.36 20.62 13.59 22.70 15.48 14.77 5.96
18.57 16.79 10.20 20.05 22.40 16.34 23.12 9.52 6.33 20.61 11.78 13.76 9.13 11.32 10.43 17.40
18.91 18.83 9.24 21.31 23.38 16.35 23.16 13.85 3.73 20.04 10.05 17.79 13.41 11.66 14.40 20.32
9.74 4.39 16.46 5.38 6.94 11.47 11.70 16.60 20.82 13.87 17.94 13.02 21.57 12.85 13.59 5.03
5.56 2.41 12.40 2.29 4.89 7.07 8.58 16.02 17.20 9.87 13.71 13.63 20.74 8.86 13.07 6.61
8.78 6.61 17.35 4.35 4.38 11.15 9.27 19.94 22.30 12.29 18.46 16.61 24.86 13.89 16.92 8.65
19.08 18.90 9.45 21.43 23.52 16.53 23.35 13.69 3.97 20.26 10.29 17.69 13.19 11.81 14.30 20.33
1.60 6.70 8.61 5.02 6.26 1.80 6.23 17.61 14.10 5.29 9.29 16.62 21.70 5.78 15.02 11.18
19.16 18.02 10.15 21.01 23.27 16.78 23.62 11.37 5.43 20.85 11.44 15.59 10.70 11.83 12.25 18.94
17.46 17.85 7.66 20.06 22.05 14.85 21.63 14.21 2.05 18.43 8.36 17.82 14.34 10.30 14.41 19.66
1.06 6.40 10.38 3.56 4.49 3.40 5.05 18.50 15.86 5.37 11.04 17.07 22.80 7.47 15.79 10.91
3.13 5.78 12.42 1.59 2.46 5.62 5.13 18.96 17.78 6.93 13.21 16.94 23.50 9.29 16.10 10.05
4.80 9.41 14.76 4.77 2.65 7.48 2.40 22.68 20.35 6.15 15.06 20.62 27.17 12.10 19.82 13.45
18.23 12.86 14.66 17.40 20.03 17.17 22.71 0.86 14.19 21.84 16.88 4.50 5.81 13.13 2.18 10.97
14.54 9.29 11.99 13.75 16.37 13.60 19.00 4.56 12.82 18.24 14.23 4.89 9.22 9.89 1.98 8.13
18.49 12.21 16.53 16.90 19.48 17.87 22.73 3.42 16.81 22.42 18.77 1.64 7.98 14.44 2.69 9.35
17.66 18.18 7.80 20.33 22.29 15.03 21.79 14.63 2.15 18.54 8.40 18.24 14.70 10.54 14.84 20.04
8.90 13.10 3.27 12.90 14.05 6.20 12.17 18.29 8.17 8.47 1.89 19.45 20.91 5.15 16.69 16.88
19.70 18.83 10.44 21.70 23.92 17.26 24.10 12.32 5.36 21.22 11.56 16.56 11.46 12.37 13.22 19.85
17.25 16.02 8.58 19.01 21.28 14.93 21.74 10.35 4.73 19.11 10.10 14.20 10.57 9.94 10.81 17.05
11.51 6.28 18.41 7.03 8.15 13.37 13.05 17.62 22.70 15.53 19.90 13.66 22.62 14.80 14.66 5.85
17.35 11.08 15.64 15.77 18.36 16.76 21.59 3.78 16.22 21.30 17.88 1.44 8.64 13.43 1.98 8.37
20.71 20.94 10.85 23.29 25.30 18.09 24.84 15.69 5.20 21.55 11.33 19.81 14.77 13.55 16.43 22.48
22.70 19.70 15.03 23.53 26.03 20.69 27.32 8.66 11.15 25.14 16.69 13.61 5.73 15.70 10.85 19.24
18.76 18.14 9.41 20.87 23.05 16.29 23.13 12.46 4.31 20.19 10.50 16.50 12.00 11.44 13.12 19.37
19.78 18.65 10.71 21.65 23.90 17.39 24.23 11.71 5.82 21.43 11.93 16.03 10.77 12.45 12.71 19.53
7.90 1.78 13.83 4.23 6.55 9.23 10.75 14.98 18.19 12.22 15.36 12.02 19.87 10.22 11.97 4.48
20.61 18.59 12.20 22.00 24.38 18.39 25.17 9.91 7.91 22.67 13.68 14.52 8.42 13.38 11.34 18.90
18.96 18.81 9.32 21.32 23.41 16.41 23.22 13.71 3.83 20.12 10.15 17.68 13.25 11.69 14.29 20.26
18.32 16.62 9.93 19.84 22.18 16.08 22.87 9.61 6.08 20.35 11.50 13.77 9.33 11.07 10.43 17.29
19.88 18.55 10.95 21.64 23.92 17.53 24.36 11.26 6.23 21.63 12.25 15.63 10.24 12.56 12.33 19.30
10.56 7.56 18.88 6.08 6.14 12.88 10.98 20.29 23.68 14.09 20.08 16.62 25.27 15.36 17.29 8.65
17.78 17.76 8.15 20.18 22.25 15.23 22.04 13.41 2.77 18.96 9.05 17.15 13.39 10.53 13.75 19.36
10.04 4.75 16.82 5.64 7.10 11.81 11.90 16.81 21.18 14.15 18.30 13.16 21.80 13.22 13.81 5.18
14.77 14.12 6.07 16.77 18.95 12.40 19.23 10.96 3.55 16.55 7.74 14.07 12.20 7.44 10.70 15.69
21.06 19.07 12.57 22.48 24.85 18.83 25.61 10.25 8.15 23.08 14.01 14.91 8.55 13.82 11.76 19.37
19.77 18.63 10.70 21.63 23.89 17.38 24.22 11.68 5.83 21.42 11.93 15.99 10.74 12.44 12.67 19.50
18.82 19.51 8.90 21.59 23.52 16.17 22.88 15.67 3.29 19.52 9.26 19.43 15.41 11.78 16.02 21.38
5.08 8.12 5.02 8.22 9.82 2.63 9.45 15.78 10.49 7.13 5.99 15.81 19.36 2.39 13.58 12.09
19.69 18.07 11.01 21.29 23.61 17.40 24.20 10.45 6.60 21.59 12.43 14.85 9.48 12.40 11.57 18.69
4.99 10.35 5.80 9.23 10.14 2.42 8.32 18.57 11.43 5.03 5.65 18.68 21.97 4.82 16.44 14.59
18.81 19.29 8.93 21.48 23.45 16.18 22.92 15.15 3.28 19.63 9.43 18.95 14.85 11.70 15.55 21.06
6.23 10.76 4.35 10.22 11.36 3.52 9.78 17.77 9.96 6.46 4.24 18.25 20.96 3.96 15.81 14.79
16.24 10.82 13.34 15.35 17.97 15.28 20.69 2.91 13.60 19.93 15.57 4.06 7.76 11.46 0.66 9.16
17.36 11.42 15.04 16.07 18.68 16.61 21.70 2.81 15.33 21.20 17.28 2.50 7.77 13.02 1.18 9.06
9.91 5.72 17.46 5.35 6.28 11.94 11.19 18.27 22.05 13.80 18.81 14.65 23.25 13.89 15.26 6.67
21.37 15.29 18.46 19.97 22.56 20.57 25.70 3.38 17.85 25.19 20.67 4.47 5.93 16.79 5.02 12.42
6.31 4.71 7.50 6.91 9.28 5.42 10.89 12.76 11.87 9.97 9.22 12.04 16.93 3.91 10.21 8.15
18.76 18.61 9.14 21.12 23.21 16.21 23.03 13.59 3.68 19.94 10.00 17.53 13.20 11.50 14.14 20.07
20.50 19.80 11.07 22.61 24.79 18.02 24.85 13.22 5.73 21.87 12.03 17.53 12.10 13.18 14.20 20.87
11.14 6.69 18.61 6.58 7.36 13.18 12.28 18.66 23.11 15.00 20.00 14.80 23.66 15.02 15.68 6.91
17.31 15.56 9.13 18.78 21.13 15.10 21.87 9.17 5.81 19.42 10.82 13.10 9.46 10.08 9.73 16.32
10.97 11.76 2.24 13.53 15.49 8.46 15.30 13.07 4.81 12.48 4.36 14.95 15.42 3.74 11.87 14.37
6.18 9.51 3.80 9.62 11.10 3.49 10.27 16.14 9.41 7.44 4.56 16.59 19.44 2.32 14.14 13.35
4.82 10.06 5.77 9.00 9.97 2.19 8.28 18.33 11.41 5.10 5.74 18.41 21.77 4.62 16.18 14.30
3.11 8.35 6.92 7.11 8.20 0.36 7.18 17.79 12.55 4.88 7.33 17.39 21.56 4.72 15.43 12.70
14.40 16.28 4.47 17.62 19.31 11.67 18.23 16.13 2.25 14.75 4.44 18.84 17.31 7.87 15.56 18.95
16.35 15.98 7.10 18.54 20.68 13.89 20.72 11.99 2.76 17.84 8.39 15.50 12.52 9.03 12.10 17.52
19.24 14.84 13.91 19.12 21.72 17.76 23.85 2.87 12.27 22.43 16.01 7.72 4.01 13.18 4.99 13.66
17.30 16.52 8.24 19.30 21.50 14.89 21.73 11.41 3.84 18.93 9.58 15.20 11.56 9.97 11.80 17.78
18.34 15.90 10.72 19.44 21.88 16.29 22.96 7.79 7.61 20.73 12.51 12.08 7.66 11.28 8.80 16.14
8.58 6.75 17.29 4.21 4.07 10.99 8.94 20.16 22.29 12.01 18.36 16.89 25.07 13.85 17.15 8.94
10.41 5.56 17.55 5.91 7.07 12.32 11.95 17.63 21.98 14.42 18.98 13.90 22.62 13.95 14.64 5.94
10.71 6.26 18.15 6.16 7.03 12.73 11.95 18.39 22.66 14.60 19.54 14.61 23.38 14.57 15.40 6.68
10.15 5.18 17.18 5.68 6.95 12.01 11.81 17.33 21.60 14.19 18.62 13.65 22.31 13.58 14.33 5.67
3.96 6.58 13.57 1.93 1.27 6.62 4.70 20.00 18.97 7.22 14.27 17.79 24.59 10.48 17.10 10.62
23.24 17.76 18.89 22.36 24.98 22.10 27.73 4.19 17.26 26.78 21.03 7.64 2.97 17.83 7.03 15.37
17.68 15.20 10.23 18.74 21.18 15.64 22.29 7.53 7.45 20.11 12.07 11.65 7.85 10.65 8.32 15.49
6.29 3.36 13.86 2.00 4.17 8.18 8.52 17.07 18.70 10.42 15.10 14.34 21.88 10.34 14.09 6.84
18.17 17.44 8.95 20.21 22.40 15.73 22.57 11.90 4.14 19.70 10.16 15.86 11.68 10.84 12.47 18.65
11.23 4.67 16.79 7.18 9.01 12.62 13.66 15.00 20.71 15.51 18.47 11.12 20.00 13.20 12.04 3.23
9.12 6.40 17.45 4.61 4.90 11.41 9.81 19.56 22.31 12.73 18.62 16.14 24.50 13.95 16.54 8.16
17.14 15.76 8.64 18.81 21.11 14.86 21.66 9.96 5.02 19.09 10.23 13.80 10.25 9.86 10.41 16.72
15.66 16.11 5.94 18.24 20.23 13.07 19.87 13.56 0.95 16.75 6.89 16.79 14.32 8.48 13.41 18.10
18.82 16.46 11.02 19.98 22.40 16.73 23.42 8.17 7.63 21.14 12.74 12.56 7.71 11.72 9.29 16.71
10.30 5.25 17.28 5.84 7.12 12.15 11.97 17.28 21.68 14.35 18.74 13.57 22.27 13.68 14.29 5.60
17.11 16.94 7.63 19.42 21.52 14.59 21.42 12.75 2.60 18.43 8.70 16.39 12.97 9.82 12.99 18.52
20.18 13.73 18.26 18.43 20.99 19.62 24.37 4.21 18.31 24.15 20.50 2.57 7.90 16.22 4.41 10.54
8.50 6.65 17.19 4.12 4.03 10.91 8.91 20.07 22.19 11.96 18.27 16.81 24.98 13.75 17.06 8.87
18.59 16.83 10.20 20.09 22.43 16.35 23.13 9.59 6.29 20.62 11.76 13.82 9.18 11.34 10.50 17.46
9.26 6.62 17.65 4.77 4.96 11.58 9.86 19.76 22.52 12.84 18.82 16.33 24.70 14.16 16.75 8.34
20.14 13.53 18.61 18.22 20.75 19.69 24.26 4.93 18.86 24.18 20.85 2.33 8.68 16.45 4.78 10.15
10.22 13.21 1.43 13.77 15.24 7.47 13.92 16.63 6.00 10.45 0.81 18.23 18.95 4.67 15.29 16.57
17.13 15.66 8.72 18.76 21.06 14.87 21.66 9.75 5.20 19.12 10.34 13.60 10.07 9.86 10.21 16.58
11.20 7.71 19.29 6.68 6.90 13.45 11.76 20.09 23.99 14.81 20.55 16.29 25.08 15.74 17.10 8.37
19.81 18.57 10.81 21.62 23.89 17.44 24.27 11.46 6.02 21.51 12.08 15.79 10.48 12.48 12.48 19.38
19.45 18.43 10.33 21.37 23.61 17.05 23.88 11.81 5.43 21.06 11.53 16.05 11.02 12.12 12.71 19.39
12.25 7.46 19.52 7.70 8.47 14.25 13.39 18.77 23.89 16.13 20.96 14.71 23.77 15.92 15.83 7.01
17.58 19.46 7.71 20.87 22.53 14.84 21.27 17.81 3.50 17.63 7.33 21.08 18.14 11.12 17.71 21.93
12.01 6.62 18.78 7.53 8.66 13.84 13.56 17.60 23.00 16.04 20.30 13.54 22.60 15.17 14.65 5.83
20.91 20.58 11.26 23.21 25.33 18.36 25.18 14.39 5.71 22.06 12.02 18.67 13.24 13.64 15.33 21.82
19.79 15.50 14.18 19.76 22.35 18.25 24.41 3.42 12.26 22.91 16.25 8.34 3.55 13.60 5.68 14.36
18.67 19.37 8.74 21.44 23.36 16.01 22.72 15.60 3.13 19.37 9.11 19.33 15.39 11.63 15.93 21.25
19.47 19.05 9.94 21.70 23.84 16.95 23.78 13.33 4.56 20.75 10.87 17.43 12.63 12.17 14.06 20.33
19.74 19.32 10.20 21.98 24.11 17.22 24.05 13.46 4.79 21.01 11.11 17.61 12.67 12.44 14.24 20.58
8.80 7.81 17.91 4.74 3.89 11.35 8.54 21.31 23.03 11.91 18.87 18.06 26.20 14.54 18.29 10.11
17.82 16.79 8.88 19.70 21.94 15.44 22.27 11.04 4.52 19.53 10.26 14.98 10.97 10.49 11.60 17.88
14.29 14.67 4.78 16.80 18.81 11.74 18.57 12.94 1.88 15.56 6.08 15.84 14.20 7.06 12.51 16.75
15.16 15.28 5.70 17.57 19.62 12.63 19.46 12.67 1.80 16.48 6.95 15.83 13.63 7.89 12.45 17.17
21.07 14.73 18.75 19.42 21.99 20.42 25.31 4.10 18.49 24.99 20.98 3.62 7.15 16.86 4.99 11.60
10.85 13.45 1.29 14.26 15.82 8.11 14.66 16.14 5.18 11.24 1.39 17.94 18.31 4.86 14.92 16.65
5.00 6.58 14.48 1.94 0.70 7.63 5.38 20.20 19.82 8.21 15.26 17.75 24.88 11.32 17.26 10.33
18.76 17.31 10.06 20.43 22.73 16.45 23.26 10.42 5.78 20.63 11.50 14.62 9.91 11.46 11.28 18.09
18.35 16.87 9.73 19.99 22.30 16.05 22.86 10.17 5.64 20.26 11.23 14.30 9.87 11.05 10.95 17.67
17.78 17.84 8.10 20.22 22.27 15.21 22.02 13.61 2.65 18.91 8.96 17.33 13.60 10.54 13.93 19.48
7.92 4.66 15.77 3.37 4.58 10.00 9.40 18.04 20.56 11.84 17.02 14.86 22.94 12.24 15.02 6.98
19.78 20.11 9.92 22.40 24.39 17.16 23.91 15.36 4.26 20.62 10.41 19.33 14.73 12.64 15.94 21.75
12.38 16.98 5.93 16.60 17.52 9.81 14.98 21.00 8.43 10.93 3.69 22.73 22.97 8.83 19.77 20.70
11.39 14.85 3.05 15.18 16.50 8.65 14.76 18.01 6.06 11.04 1.04 19.82 20.05 6.35 16.81 18.27
18.92 19.08 9.14 21.43 23.46 16.32 23.11 14.43 3.52 19.91 9.81 18.33 14.04 11.72 14.93 20.68
21.14 19.36 12.45 22.67 25.02 18.86 25.66 10.83 7.84 23.05 13.82 15.46 9.15 13.85 12.27 19.77
4.88 5.53 6.93 6.47 8.56 3.73 9.53 14.34 11.87 8.32 8.34 13.73 18.37 3.41 11.86 9.48
18.29 11.45 17.75 16.10 18.60 18.06 22.27 6.00 18.69 22.43 19.97 1.13 10.46 15.25 4.53 7.86
18.49 17.83 9.20 20.58 22.76 16.03 22.87 12.22 4.21 19.97 10.34 16.22 11.87 11.16 12.84 19.05
4.13 6.22 13.58 1.55 1.35 6.73 5.10 19.70 18.93 7.55 14.35 17.44 24.31 10.44 16.79 10.23
16.99 16.42 7.80 19.09 21.26 14.55 21.39 11.78 3.31 18.53 9.09 15.47 12.06 9.67 12.07 17.81
17.37 11.36 15.17 16.02 18.63 16.65 21.70 2.98 15.51 21.24 17.41 2.28 7.92 13.11 1.32 8.93
9.94 7.11 18.30 5.45 5.56 12.26 10.43 20.05 23.14 13.48 19.48 16.49 25.01 14.79 17.04 8.51
21.12 15.67 17.08 20.25 22.87 20.02 25.61 2.07 15.89 24.70 19.25 5.96 3.69 15.84 4.92 13.43
8.01 11.95 2.92 11.86 13.12 5.27 11.55 17.48 8.34 8.07 2.44 18.45 20.30 4.07 15.77 15.73
13.47 8.67 20.77 8.91 9.52 15.50 14.42 19.51 25.09 17.29 22.22 15.27 24.51 17.17 16.61 7.82
12.23 14.58 2.44 15.59 17.19 9.50 16.03 16.18 4.00 12.56 2.33 18.34 17.98 6.02 15.20 17.59
18.39 18.60 8.62 20.92 22.95 15.80 22.59 14.26 3.02 19.40 9.32 18.06 14.05 11.20 14.66 20.27
19.77 15.90 13.59 20.02 22.59 18.09 24.41 4.59 11.28 22.72 15.59 9.43 4.10 13.31 6.59 15.08
11.25 15.85 5.13 15.45 16.40 8.67 13.96 20.33 8.39 9.96 2.91 21.87 22.51 7.81 18.97 19.62
11.22 7.02 18.86 6.66 7.28 13.32 12.19 19.08 23.41 15.01 20.22 15.22 24.08 15.28 16.10 7.33
7.31 3.83 14.89 2.85 4.55 9.26 9.20 17.36 19.66 11.36 16.17 14.34 22.23 11.35 14.35 6.59
17.03 16.06 8.16 18.92 21.15 14.66 21.49 10.88 4.13 18.77 9.61 14.64 11.17 9.70 11.24 17.25
15.49 15.04 6.43 17.61 19.76 13.05 19.89 11.56 2.92 17.08 7.89 14.86 12.46 8.16 11.47 16.63
3.24 9.05 7.11 7.52 8.39 0.83 6.89 18.51 12.76 4.24 7.28 18.16 22.22 5.25 16.18 13.43
8.01 1.51 13.65 4.49 6.86 9.24 10.99 14.62 17.94 12.34 15.22 11.67 19.50 10.05 11.61 4.20
16.82 15.71 8.11 18.63 20.88 14.48 21.30 10.49 4.37 18.65 9.64 14.21 10.89 9.50 10.81 16.84
19.68 18.69 10.50 21.62 23.85 17.26 24.10 12.03 5.51 21.25 11.67 16.30 11.16 12.34 12.96 19.66
22.73 20.66 14.14 24.12 26.50 20.49 27.27 11.10 9.48 24.71 15.51 15.93 8.65 15.47 12.90 20.79
17.13 16.35 8.09 19.13 21.33 14.72 21.56 11.35 3.78 18.77 9.45 15.11 11.58 9.80 11.71 17.63
19.75 12.78 19.30 17.40 19.85 19.59 23.65 6.80 20.09 23.92 21.52 2.52 10.79 16.81 5.86 8.95
20.32 19.73 10.84 22.48 24.65 17.82 24.66 13.37 5.47 21.65 11.78 17.64 12.33 13.01 14.30 20.86
12.02 5.69 17.84 7.80 9.41 13.53 14.18 15.73 21.76 16.24 19.50 11.65 20.73 14.24 12.80 3.99
11.96 5.63 17.78 7.74 9.36 13.47 14.12 15.72 21.72 16.18 19.44 11.66 20.72 14.19 12.79 3.98
19.01 18.45 9.60 21.16 23.32 16.53 23.36 12.72 4.40 20.40 10.64 16.79 12.18 11.69 13.42 19.69
17.18 17.04 7.66 19.51 21.60 14.65 21.48 12.86 2.57 18.47 8.71 16.51 13.05 9.90 13.11 18.63
4.69 4.42 13.11 0.28 2.89 6.85 6.80 18.00 18.23 8.70 14.14 15.63 22.68 9.74 15.07 8.42
2.81 6.94 7.35 6.05 7.49 1.34 7.36 16.82 12.83 5.83 8.14 16.17 20.77 4.53 14.35 11.29
12.79 16.12 4.05 16.57 17.90 10.05 16.11 18.43 5.48 12.33 2.41 20.55 20.14 7.56 17.44 19.41
20.18 18.83 11.23 21.93 24.22 17.82 24.65 11.39 6.44 21.91 12.50 15.81 10.24 12.86 12.52 19.56
19.24 19.57 9.39 21.84 23.84 16.62 23.38 15.03 3.74 20.11 9.93 18.93 14.57 12.09 15.53 21.24
19.19 18.67 9.74 21.36 23.52 16.69 23.52 12.93 4.47 20.54 10.74 17.01 12.32 11.87 13.64 19.92
6.21 6.82 5.39 8.16 10.22 4.39 10.82 13.64 10.19 9.07 7.02 13.61 17.38 1.79 11.38 10.35
20.62 14.09 18.81 18.78 21.33 20.10 24.78 4.70 18.86 24.62 21.05 2.88 8.16 16.75 4.96 10.78
4.52 9.34 5.66 8.50 9.63 1.78 8.33 17.66 11.31 5.47 5.92 17.67 21.18 4.05 15.47 13.55
17.00 14.07 10.28 17.78 20.27 15.12 21.64 6.33 8.27 19.68 12.27 10.28 7.42 10.22 6.93 14.16
18.24 16.73 9.67 19.87 22.18 15.95 22.76 10.06 5.64 20.17 11.18 14.17 9.81 10.95 10.81 17.52
18.44 17.91 9.06 20.60 22.76 15.96 22.80 12.52 3.96 19.85 10.15 16.48 12.20 11.12 13.10 19.21
6.99 10.24 3.02 10.46 11.95 4.27 10.98 16.16 8.67 7.97 3.73 16.86 19.27 2.44 14.29 13.97
17.43 16.09 8.84 19.13 21.42 15.13 21.94 10.14 5.02 19.34 10.38 14.05 10.29 10.13 10.67 17.04
9.55 6.20 17.59 5.00 5.55 11.75 10.46 19.11 22.34 13.28 18.83 15.59 24.07 14.05 16.10 7.60
11.09 12.43 1.57 13.93 15.77 8.48 15.28 13.99 4.47 12.25 3.49 15.92 16.21 4.10 12.83 15.21
8.93 13.08 3.20 12.91 14.07 6.22 12.21 18.23 8.11 8.52 1.83 19.40 20.84 5.11 16.64 16.85
20.46 20.23 10.79 22.80 24.91 17.90 24.71 14.36 5.22 21.58 11.53 18.56 13.38 13.20 15.20 21.54
20.12 19.73 10.54 22.38 24.51 17.59 24.41 13.77 5.07 21.34 11.39 17.96 12.85 12.83 14.60 20.98
4.14 3.97 12.15 1.12 3.63 6.06 6.94 17.32 17.26 8.36 13.23 15.16 21.94 8.76 14.42 8.25
17.62 16.50 8.79 19.45 21.71 15.27 22.10 10.75 4.63 19.40 10.23 14.66 10.77 10.30 11.27 17.56
18.06 15.74 10.35 19.23 21.65 15.98 22.66 8.02 7.23 20.39 12.12 12.23 8.04 10.97 8.91 16.10
11.61 15.21 3.47 15.46 16.73 8.88 14.89 18.41 6.25 11.11 1.40 20.24 20.41 6.74 17.22 18.66
8.42 4.00 15.65 3.99 5.57 10.29 10.30 17.08 20.25 12.50 17.02 13.80 22.01 12.07 14.06 5.89
19.89 13.88 17.11 18.55 21.15 19.09 24.24 2.43 16.77 23.71 19.34 3.43 6.28 15.35 3.54 11.19
14.01 13.83 5.03 16.22 18.33 11.56 18.40 11.77 3.03 15.61 6.67 14.63 13.23 6.68 11.29 15.71
6.29 9.53 3.68 9.70 11.21 3.61 10.40 16.05 9.29 7.58 4.49 16.52 19.32 2.22 14.06 13.35
19.64 14.61 15.19 19.09 21.71 18.40 24.19 1.22 13.98 23.08 17.35 6.19 3.93 14.07 4.07 12.88
19.32 18.29 10.20 21.23 23.47 16.91 23.75 11.74 5.34 20.93 11.42 15.95 11.01 11.98 12.61 19.26
20.61 20.05 11.10 22.79 24.95 18.10 24.94 13.62 5.68 21.91 12.00 17.91 12.49 13.30 14.58 21.17
22.98 16.89 19.84 21.57 24.16 22.16 27.32 4.62 18.92 26.78 22.04 5.93 5.71 18.29 6.61 13.92
6.40 12.52 6.83 10.91 11.40 4.35 8.59 20.65 12.14 4.62 5.89 20.94 23.86 6.83 18.62 16.83
16.83 16.32 7.60 18.96 21.12 14.37 21.21 11.87 3.13 18.34 8.88 15.51 12.21 9.50 12.11 17.76
17.69 14.88 10.64 18.56 21.03 15.76 22.33 6.70 8.18 20.28 12.56 10.88 7.21 10.81 7.57 14.96
20.32 20.90 10.38 23.06 25.00 17.66 24.36 16.33 4.77 20.97 10.68 20.31 15.62 13.26 16.91 22.64
18.40 18.47 8.69 20.86 22.91 15.83 22.63 13.92 3.15 19.49 9.47 17.76 13.69 11.17 14.36 20.06
15.28 14.76 6.32 17.36 19.52 12.86 19.70 11.36 3.10 16.93 7.85 14.61 12.36 7.94 11.23 16.35
18.56 11.90 17.48 16.58 19.12 18.19 22.64 5.07 18.14 22.64 19.71 0.73 9.48 15.13 3.91 8.55
3.51 8.97 6.71 7.67 8.65 0.86 7.29 18.16 12.36 4.65 6.95 17.88 21.83 4.83 15.85 13.31
17.82 17.01 8.72 19.82 22.02 15.41 22.25 11.54 4.13 19.43 10.01 15.44 11.46 10.49 12.05 18.20
12.14 9.22 20.61 7.73 7.46 14.53 12.15 21.62 25.41 15.48 21.80 17.74 26.61 17.10 18.63 9.87
19.00 18.32 9.67 21.09 23.27 16.53 23.37 12.43 4.57 20.45 10.76 16.53 11.88 11.67 13.15 19.50
18.03 17.74 8.53 20.30 22.42 15.51 22.34 12.88 3.33 19.34 9.55 16.73 12.75 10.73 13.33 19.18
13.00 8.30 20.36 8.44 9.05 15.04 13.95 19.40 24.73 16.81 21.80 15.23 24.40 16.76 16.47 7.66
4.53 10.20 6.33 8.85 9.68 2.09 7.77 18.84 11.97 4.52 6.20 18.82 22.33 5.18 16.65 14.50
6.01 6.97 5.30 8.13 10.13 4.12 10.61 13.93 10.21 8.79 6.85 13.92 17.65 1.74 11.69 10.57
19.15 18.09 10.08 21.04 23.28 16.75 23.59 11.56 5.29 20.80 11.33 15.76 10.90 11.82 12.41 19.05
5.40 8.70 4.60 8.73 10.26 2.80 9.64 16.04 10.15 7.08 5.45 16.22 19.52 2.39 13.91 12.65
18.48 18.16 8.96 20.74 22.86 15.96 22.79 13.05 3.67 19.77 9.93 16.98 12.74 11.18 13.59 19.57
22.62 17.14 18.37 21.73 24.35 21.49 27.10 3.56 16.86 26.17 20.51 7.10 3.08 17.25 6.40 14.78
18.25 12.36 15.60 17.00 19.61 17.44 22.61 2.14 15.59 22.05 17.84 2.85 6.97 13.73 1.89 9.95
10.91 6.22 18.19 6.37 7.32 12.88 12.23 18.16 22.64 14.84 19.61 14.33 23.15 14.60 15.17 6.42
17.14 17.88 7.24 19.90 21.83 14.50 21.23 14.88 1.60 17.93 7.76 18.35 15.15 10.09 14.95 19.88
17.61 14.73 10.66 18.44 20.92 15.70 22.25 6.54 8.29 20.23 12.60 10.69 7.15 10.76 7.39 14.79
11.36 13.76 1.58 14.71 16.31 8.63 15.20 15.94 4.63 11.80 1.83 17.89 17.98 5.18 14.82 16.85
18.90 18.70 9.30 21.24 23.34 16.36 23.18 13.55 3.85 20.10 10.17 17.52 13.10 11.63 14.13 20.13
17.33 11.30 15.18 15.96 18.56 16.62 21.65 3.08 15.56 21.21 17.42 2.21 8.02 13.11 1.35 8.85
4.36 4.84 13.08 0.22 2.52 6.64 6.33 18.37 18.27 8.30 14.04 16.06 23.03 9.76 15.45 8.89
8.76 6.74 17.40 4.36 4.29 11.15 9.16 20.10 22.37 12.22 18.49 16.79 25.02 13.95 17.08 8.82
13.25 8.11 20.26 8.72 9.54 15.19 14.46 18.74 24.50 17.17 21.77 14.50 23.73 16.66 15.83 7.06
20.94 19.84 11.74 22.84 25.09 18.52 25.36 12.46 6.62 22.51 12.85 16.92 11.07 13.61 13.64 20.66
20.14 19.52 10.69 22.28 24.46 17.65 24.49 13.19 5.36 21.50 11.66 17.44 12.21 12.83 14.10 20.65
12.09 14.22 2.18 15.35 17.01 9.37 15.98 15.69 3.84 12.59 2.53 17.85 17.54 5.69 14.71 17.17
20.84 18.61 12.60 22.11 24.52 18.67 25.42 9.49 8.45 22.99 14.14 14.18 7.84 13.65 11.05 18.78
5.12 2.31 11.42 2.82 5.42 6.31 8.61 15.49 16.21 9.48 12.76 13.37 20.13 7.87 12.58 6.80
19.65 17.46 11.53 20.92 23.32 17.50 24.23 8.96 7.68 21.84 13.15 13.47 7.97 12.47 10.25 17.73
16.90 18.70 7.00 20.14 21.83 14.17 20.66 17.22 2.81 17.06 6.73 20.41 17.71 10.38 17.05 21.18
17.14 15.74 8.65 18.80 21.10 14.86 21.66 9.93 5.04 19.09 10.24 13.77 10.23 9.85 10.38 16.70
2.16 7.02 12.02 3.03 3.01 4.89 3.89 19.81 17.53 5.51 12.58 18.05 24.22 9.16 17.01 11.39
20.24 20.99 10.28 23.06 24.97 17.56 24.23 16.69 4.73 20.80 10.49 20.62 16.06 13.24 17.22 22.81
14.72 13.70 6.43 16.52 18.76 12.43 19.24 10.21 4.31 16.69 8.23 13.32 11.58 7.43 9.94 15.11
16.87 15.83 8.10 18.72 20.97 14.52 21.35 10.65 4.25 18.67 9.60 14.38 11.02 9.55 10.98 16.99
10.38 6.28 18.03 5.82 6.57 12.47 11.49 18.69 22.63 14.21 19.37 14.99 23.67 14.46 15.69 7.02
12.08 7.62 19.59 7.52 8.13 14.16 13.04 19.23 24.05 15.88 20.99 15.22 24.23 16.00 16.27 7.46
19.51 17.70 11.03 21.00 23.35 17.26 24.05 9.88 6.85 21.51 12.53 14.29 8.98 12.25 11.01 18.22
12.35 13.10 2.97 14.96 16.92 9.80 16.62 13.18 3.39 13.67 4.65 15.51 15.08 5.17 12.30 15.53
21.95 20.12 13.22 23.47 25.82 19.66 26.47 11.23 8.48 23.84 14.54 15.95 9.20 14.66 12.82 20.46
4.43 10.00 6.26 8.71 9.59 1.93 7.79 18.64 11.91 4.63 6.20 18.61 22.15 5.00 16.44 14.29
16.78 16.89 7.16 19.22 21.27 14.23 21.04 13.24 1.95 17.97 8.13 16.77 13.59 9.54 13.37 18.62
10.91 14.30 2.57 14.66 16.01 8.17 14.37 17.65 6.12 10.71 0.50 19.37 19.80 5.82 16.39 17.73
17.26 17.81 7.40 19.93 21.89 14.63 21.39 14.52 1.75 18.14 8.02 18.04 14.73 10.14 14.64 19.72
18.95 18.71 9.37 21.27 23.37 16.42 23.24 13.47 3.94 20.17 10.25 17.46 12.99 11.67 14.07 20.11
21.41 20.64 11.98 23.50 25.69 18.93 25.77 13.58 6.60 22.78 12.91 18.02 12.12 14.09 14.73 21.61
22.86 19.10 16.05 23.22 25.78 21.08 27.50 6.84 12.83 25.66 17.89 11.82 3.30 16.19 9.41 18.11
3.52 9.04 6.74 7.71 8.67 0.91 7.26 18.24 12.39 4.57 6.95 17.97 21.91 4.90 15.94 13.39
19.38 19.68 9.54 21.97 23.98 16.76 23.53 15.05 3.89 20.27 10.09 18.97 14.53 12.23 15.58 21.33
18.62 15.15 12.16 19.11 21.64 16.84 23.26 5.27 9.90 21.44 14.15 9.80 5.55 12.00 6.67 14.72
10.61 13.75 1.93 14.25 15.67 7.86 14.21 17.05 5.92 10.66 0.43 18.73 19.27 5.22 15.76 17.13
9.19 2.21 14.33 5.66 7.95 10.32 12.18 14.00 18.36 13.54 16.00 10.77 18.94 10.74 10.98 3.06
21.17 19.03 12.81 22.50 24.90 18.98 25.74 9.90 8.51 23.27 14.30 14.61 8.10 13.96 11.49 19.22
20.33 17.75 12.51 21.39 23.84 18.26 24.94 8.31 8.82 22.67 14.19 12.99 6.90 13.25 9.89 17.74
12.20 10.57 21.30 8.14 7.16 14.78 11.39 23.47 26.33 15.07 22.29 19.73 28.44 17.89 20.46 11.80
4.57 9.00 5.47 8.36 9.62 1.83 8.57 17.19 11.10 5.86 5.91 17.19 20.73 3.63 15.00 13.16
16.31 15.00 7.91 18.00 20.29 14.04 20.84 9.89 4.74 18.29 9.58 13.50 10.58 9.03 10.10 16.08
16.41 14.79 8.30 17.93 20.26 14.20 20.97 9.23 5.39 18.53 10.05 12.90 9.96 9.18 9.50 15.70
16.02 14.89 7.50 17.80 20.06 13.72 20.53 10.21 4.35 17.93 9.15 13.72 11.00 8.72 10.32 16.09
17.47 16.99 8.16 19.63 21.78 15.00 21.84 12.18 3.34 18.93 9.34 15.95 12.25 10.15 12.55 18.38
11.05 7.00 18.78 6.49 7.07 13.18 11.98 19.18 23.36 14.82 20.12 15.36 24.17 15.21 16.19 7.45
22.98 16.73 20.17 21.43 24.00 22.24 27.27 5.02 19.43 26.85 22.38 5.63 6.46 18.50 6.70 13.61
18.51 17.95 9.14 20.65 22.81 16.03 22.87 12.48 4.05 19.93 10.23 16.46 12.13 11.19 13.07 19.22
11.28 15.92 5.24 15.49 16.42 8.70 13.95 20.44 8.49 9.94 3.02 21.98 22.62 7.90 19.08 19.71
10.03 5.25 17.19 5.53 6.74 11.93 11.61 17.53 21.66 14.04 18.61 13.88 22.51 13.60 14.53 5.90
21.62 21.81 11.76 24.19 26.21 19.00 25.75 16.16 6.10 22.44 12.20 20.39 14.97 14.46 17.03 23.27
1.14 8.05 10.96 4.61 4.60 3.68 3.51 20.12 16.57 3.91 11.29 18.76 24.33 8.44 17.44 12.54
17.90 17.87 8.27 20.30 22.37 15.35 22.16 13.44 2.86 19.07 9.16 17.21 13.38 10.64 13.81 19.45
15.17 10.63 11.29 14.88 17.49 13.91 19.74 4.11 11.41 18.60 13.51 6.20 8.11 9.71 2.83 9.91
13.68 15.61 3.75 16.90 18.59 10.96 17.54 15.91 2.60 14.09 3.82 18.46 17.30 7.17 15.22 18.35
9.83 3.75 15.94 5.69 7.54 11.35 12.17 15.57 20.13 14.07 17.51 12.01 20.55 12.33 12.56 4.02
19.45 12.61 18.64 17.27 19.76 19.17 23.44 5.96 19.31 23.57 20.87 1.83 10.04 16.24 5.07 8.98
5.22 7.81 15.04 3.14 0.56 7.96 4.50 21.40 20.48 7.80 15.65 19.00 26.04 12.02 18.47 11.56
21.54 16.76 16.33 21.18 23.80 20.14 26.12 3.33 14.37 24.82 18.41 8.15 1.76 15.61 6.27 15.08
5.70 6.01 14.84 1.75 1.56 8.21 6.39 19.72 20.06 9.14 15.74 17.08 24.46 11.55 16.75 9.52
16.50 17.59 6.54 19.41 21.26 13.82 20.50 15.37 1.17 17.13 6.89 18.65 15.87 9.58 15.27 19.79
11.61 8.25 19.80 7.11 7.18 13.90 12.00 20.57 24.51 15.14 21.05 16.71 25.56 16.26 17.58 8.83
20.67 20.00 11.22 22.80 24.97 18.19 25.02 13.37 5.86 22.03 12.17 17.70 12.19 13.36 14.38 21.06
12.67 9.23 20.87 8.18 8.15 14.98 12.90 21.23 25.55 16.14 22.13 17.23 26.23 17.32 18.27 9.46
12.15 8.20 20.01 7.60 7.92 14.34 12.78 20.09 24.59 15.81 21.34 16.10 25.09 16.44 17.12 8.31
21.46 15.37 18.53 20.05 22.64 20.66 25.79 3.45 17.91 25.27 20.75 4.54 5.92 16.87 5.11 12.49
16.84 13.37 10.84 17.29 19.82 15.13 21.48 5.12 9.36 19.75 12.93 8.99 6.87 10.35 5.65 13.15
4.30 7.88 5.74 7.60 9.10 1.88 8.67 16.29 11.26 6.47 6.57 16.11 19.98 3.15 14.00 12.00
19.50 15.44 13.63 19.62 22.20 17.89 24.13 3.94 11.59 22.54 15.68 8.78 4.04 13.18 5.95 14.50
17.13 17.78 7.26 19.85 21.79 14.50 21.25 14.65 1.60 17.98 7.84 18.13 14.91 10.05 14.74 19.73
21.05 17.26 14.55 21.37 23.93 19.32 25.70 5.48 11.79 23.92 16.47 10.44 3.51 14.48 7.78 16.38
16.84 16.82 7.29 19.22 21.29 14.30 21.13 12.97 2.21 18.09 8.32 16.53 13.30 9.57 13.13 18.49
15.63 14.07 7.66 17.17 19.49 13.44 20.19 9.23 5.25 17.78 9.49 12.65 10.34 8.41 9.25 15.11
20.03 18.71 11.06 21.80 24.08 17.67 24.49 11.39 6.28 21.75 12.34 15.78 10.32 12.70 12.48 19.47
21.30 20.58 11.83 23.41 25.59 18.81 25.64 13.65 6.43 22.64 12.75 18.06 12.25 13.98 14.76 21.58
17.10 12.90 12.04 17.09 19.67 15.62 21.71 3.44 11.03 20.30 14.19 7.32 6.15 11.09 4.05 12.13
18.69 17.24 9.99 20.36 22.66 16.38 23.19 10.39 5.73 20.56 11.44 14.58 9.92 11.38 11.24 18.03
3.04 4.51 11.07 2.11 4.13 4.83 6.47 17.28 16.28 7.35 12.06 15.46 21.77 7.77 14.46 8.99
2.17 6.49 8.17 5.25 6.67 1.76 6.80 17.08 13.62 5.73 8.95 16.18 21.14 5.25 14.52 10.93
18.63 13.06 15.29 17.65 20.27 17.64 23.07 0.91 14.87 22.30 17.51 4.08 5.85 13.68 2.32 10.95
11.15 5.49 17.66 6.77 8.17 12.87 13.01 16.72 21.87 15.27 19.21 12.83 21.72 14.06 13.75 4.96
10.68 4.73 16.92 6.41 8.04 12.28 12.79 16.04 21.08 14.87 18.50 12.26 21.04 13.31 13.06 4.31
6.83 10.39 3.26 10.44 11.85 4.09 10.73 16.55 8.91 7.64 3.73 17.21 19.67 2.80 14.66 14.20
18.39 18.05 8.90 20.64 22.77 15.88 22.71 12.93 3.66 19.71 9.91 16.85 12.65 11.10 13.46 19.44
20.86 14.27 19.17 18.96 21.49 20.38 24.99 5.08 19.25 24.89 21.41 3.06 8.43 17.07 5.31 10.87
19.12 19.54 9.25 21.77 23.75 16.49 23.24 15.19 3.59 19.95 9.74 19.06 14.79 12.00 15.66 21.27
11.83 9.32 20.50 7.49 7.03 14.27 11.64 21.96 25.37 15.06 21.62 18.16 26.94 17.01 18.96 10.25
16.27 13.98 8.96 17.41 19.83 14.23 20.88 7.74 6.78 18.71 10.88 11.40 8.85 9.25 8.00 14.55
2.30 8.92 8.28 6.80 7.41 1.29 5.72 19.21 13.93 3.42 8.42 18.58 23.06 6.27 16.77 13.40
20.33 19.30 11.13 22.26 24.50 17.91 24.75 12.28 6.06 21.90 12.27 16.64 11.13 13.00 13.33 20.20
13.99 8.50 20.69 9.48 10.41 15.84 15.33 18.45 24.77 17.97 22.25 14.07 23.42 17.08 15.59 6.92
9.39 11.87 0.62 12.68 14.30 6.69 13.37 15.51 6.28 10.19 2.16 16.92 18.09 3.30 14.04 15.17
18.96 16.92 10.79 20.31 22.69 16.78 23.53 9.04 7.03 21.11 12.41 13.40 8.45 11.76 10.11 17.35
4.15 6.06 13.53 1.38 1.45 6.72 5.25 19.55 18.87 7.65 14.32 17.28 24.17 10.37 16.64 10.06
21.29 20.60 11.81 23.41 25.59 18.79 25.63 13.72 6.39 22.61 12.71 18.12 12.32 13.97 14.82 21.62
9.93 3.85 16.04 5.79 7.62 11.45 12.26 15.59 20.22 14.17 17.61 12.00 20.57 12.43 12.59 4.01
1.44 8.01 8.67 5.85 6.59 1.39 5.51 18.76 14.29 3.98 9.03 17.92 22.74 6.30 16.24 12.51
19.58 12.92 18.28 17.60 20.13 19.17 23.67 5.08 18.71 23.64 20.52 1.74 9.10 16.03 4.52 9.51
17.00 16.97 7.43 19.38 21.45 14.46 21.28 13.03 2.29 18.24 8.45 16.62 13.30 9.73 13.22 18.62
16.30 16.61 6.61 18.83 20.84 13.72 20.52 13.50 1.36 17.41 7.53 16.89 14.03 9.09 13.50 18.48
19.17 19.20 9.43 21.62 23.68 16.59 23.38 14.27 3.84 20.22 10.15 18.23 13.77 11.94 14.84 20.73
18.91 18.37 9.50 21.07 23.23 16.42 23.26 12.72 4.30 20.29 10.54 16.77 12.21 11.59 13.39 19.62
9.55 4.01 16.10 5.27 6.96 11.22 11.67 16.25 20.44 13.73 17.61 12.72 21.22 12.50 13.24 4.74
6.32 4.59 14.62 1.76 3.19 8.52 7.85 18.30 19.62 10.20 15.74 15.50 23.11 11.18 15.31 7.87
17.61 15.87 9.37 19.09 21.44 15.40 22.16 9.26 5.89 19.70 11.03 13.27 9.39 10.37 9.91 16.59
10.74 13.55 1.48 14.24 15.75 7.99 14.47 16.48 5.46 11.00 1.02 18.23 18.68 4.97 15.23 16.82
19.96 18.75 10.93 21.79 24.05 17.58 24.42 11.61 6.07 21.64 12.17 15.97 10.58 12.63 12.66 19.57
13.71 8.55 20.71 9.18 9.96 15.66 14.87 18.96 24.92 17.62 22.22 14.65 23.95 17.11 16.08 7.34
22.69 20.67 14.06 24.11 26.49 20.44 27.23 11.22 9.36 24.65 15.41 16.03 8.80 15.43 12.99 20.85
6.15 6.40 15.37 2.29 1.60 8.70 6.52 20.12 20.60 9.46 16.25 17.40 24.89 12.09 17.15 9.75
21.93 16.50 17.69 21.08 23.71 20.79 26.42 2.87 16.28 25.47 19.84 6.68 3.13 16.55 5.76 14.24
18.88 18.70 9.26 21.22 23.32 16.33 23.15 13.60 3.80 20.06 10.11 17.56 13.16 11.61 14.17 20.15
21.98 17.85 15.78 22.09 24.67 20.34 26.62 5.24 13.10 24.97 17.73 10.21 2.23 15.57 7.88 16.65
18.20 17.65 8.86 20.34 22.50 15.73 22.57 12.35 3.85 19.64 9.98 16.27 12.12 10.88 12.88 18.95
10.85 13.19 1.01 14.15 15.77 8.13 14.75 15.68 4.97 11.42 1.83 17.50 17.86 4.61 14.46 16.31
15.81 11.45 11.42 15.66 18.25 14.45 20.41 3.81 11.12 19.14 13.63 6.63 7.42 10.10 3.23 10.75
15.54 10.22 12.71 14.72 17.34 14.57 20.00 3.56 13.17 19.22 14.95 4.43 8.31 10.77 1.15 8.78
15.91 12.21 10.54 16.19 18.74 14.32 20.55 4.85 9.72 18.98 12.70 8.16 7.48 9.68 4.76 11.96
20.18 13.67 18.40 18.37 20.92 19.66 24.35 4.48 18.52 24.18 20.64 2.47 8.18 16.31 4.55 10.41
7.24 9.37 2.99 10.19 11.93 4.71 11.55 14.77 8.33 8.91 4.46 15.46 17.96 1.05 12.88 12.87
20.52 18.15 12.46 21.71 24.13 18.40 25.12 8.95 8.53 22.76 14.07 13.62 7.45 13.38 10.49 18.25
11.93 7.18 19.22 7.38 8.18 13.93 13.10 18.66 23.62 15.82 20.65 14.65 23.66 15.62 15.70 6.89
5.44 1.96 11.45 3.10 5.72 6.54 8.96 15.17 16.16 9.80 12.84 13.02 19.83 7.88 12.26 6.46
9.64 11.23 1.18 12.52 14.33 7.05 13.87 14.17 5.92 10.96 3.39 15.64 16.79 2.73 12.72 14.26
18.35 12.16 16.25 16.84 19.44 17.69 22.63 3.12 16.47 22.26 18.48 1.88 7.76 14.20 2.39 9.42
9.65 12.99 1.85 13.33 14.71 6.90 13.26 17.06 6.73 9.74 0.84 18.49 19.51 4.58 15.61 16.50
20.99 20.68 11.33 23.31 25.42 18.44 25.25 14.49 5.77 22.13 12.07 18.78 13.32 13.72 15.43 21.92
19.76 17.41 11.80 20.94 23.37 17.65 24.36 8.59 8.07 22.03 13.45 13.15 7.54 12.63 9.96 17.58
19.93 19.17 10.59 21.99 24.19 17.47 24.31 12.71 5.38 21.38 11.64 16.96 11.78 12.61 13.62 20.23
19.01 19.16 9.24 21.52 23.55 16.42 23.20 14.46 3.62 20.00 9.90 18.37 14.04 11.81 14.98 20.76
19.35 17.81 10.65 20.99 23.30 17.05 23.86 10.48 6.26 21.23 12.07 14.81 9.68 12.06 11.50 18.50
16.90 14.33 9.75 17.89 20.34 14.92 21.52 7.16 7.47 19.42 11.68 11.06 8.05 9.95 7.69 14.65
7.80 5.64 16.23 3.30 3.80 10.10 8.71 19.15 21.18 11.47 17.36 16.01 24.03 12.77 16.14 8.12
19.35 17.10 11.34 20.58 23.00 17.22 23.94 8.68 7.64 21.58 12.99 13.15 7.87 12.20 9.91 17.37
19.96 16.28 13.51 20.33 22.89 18.22 24.60 5.17 10.97 22.82 15.47 10.01 4.31 13.38 7.14 15.56
19.15 17.68 10.42 20.82 23.12 16.84 23.65 10.54 6.03 21.01 11.83 14.83 9.85 11.85 11.50 18.42
17.49 16.67 8.42 19.47 21.68 15.07 21.91 11.41 3.97 19.11 9.75 15.24 11.48 10.15 11.84 17.90
15.82 16.27 6.10 18.41 20.40 13.23 20.03 13.62 0.96 16.90 7.02 16.88 14.32 8.65 13.50 18.24
17.95 16.12 9.75 19.39 21.75 15.75 22.51 9.15 6.20 20.07 11.40 13.26 9.10 10.73 9.91 16.75
3.61 8.17 6.37 7.33 8.60 0.98 7.82 17.18 11.96 5.54 6.93 16.88 20.90 4.05 14.85 12.44
21.64 17.92 14.95 22.01 24.57 19.87 26.28 6.05 11.98 24.46 16.84 11.02 3.50 15.00 8.42 17.04
12.16 7.38 19.43 7.61 8.39 14.16 13.31 18.73 23.81 16.04 20.87 14.69 23.74 15.83 15.78 6.96
4.00 3.44 10.14 3.31 5.68 4.88 8.00 15.64 15.11 8.33 11.39 13.97 20.12 6.66 12.84 7.95
21.31 15.41 18.05 20.07 22.67 20.42 25.69 2.85 17.26 25.06 20.25 4.88 5.20 16.50 4.90 12.73
12.75 15.61 3.43 16.34 17.80 10.00 16.29 17.43 4.57 12.63 2.35 19.63 19.11 7.02 16.49 18.75
18.90 17.99 9.74 20.87 23.09 16.48 23.32 11.81 4.88 20.48 10.96 15.93 11.27 11.57 12.57 19.05
10.35 13.90 2.51 14.14 15.46 7.61 13.79 17.71 6.61 10.13 0.32 19.28 20.00 5.49 16.36 17.41
19.49 19.85 9.62 22.11 24.10 16.86 23.61 15.26 3.97 20.33 10.12 19.18 14.73 12.35 15.79 21.52
15.67 15.37 6.46 17.87 20.00 13.21 20.05 11.92 2.59 17.18 7.83 15.25 12.72 8.35 11.86 17.01
12.68 15.54 3.36 16.27 17.73 9.93 16.23 17.40 4.59 12.58 2.28 19.59 19.10 6.96 16.45 18.69
8.30 5.27 16.35 3.74 4.59 10.47 9.48 18.58 21.17 12.11 17.57 15.32 23.50 12.83 15.56 7.39
3.53 4.41 8.98 4.27 6.39 3.81 7.95 15.60 14.06 7.67 10.17 14.31 19.91 5.56 12.90 8.83
22.14 17.07 17.28 21.57 24.20 20.85 26.69 3.37 15.47 25.53 19.39 7.81 1.82 16.42 6.39 15.10
8.20 7.93 4.58 9.97 12.14 6.22 12.80 12.19 8.57 10.83 6.61 12.79 15.65 1.66 10.21 10.80
19.45 16.28 12.45 20.13 22.65 17.56 24.09 6.33 9.61 22.10 14.33 10.99 5.66 12.63 7.91 15.96
18.41 16.02 10.71 19.54 21.97 16.34 23.02 7.95 7.52 20.76 12.48 12.25 7.76 11.33 8.96 16.29
7.26 1.53 13.31 3.72 6.15 8.59 10.21 15.11 17.78 11.58 14.80 12.33 19.95 9.71 12.11 4.98
18.91 18.10 9.69 20.93 23.13 16.48 23.32 12.04 4.74 20.45 10.86 16.15 11.50 11.58 12.78 19.20
19.73 19.05 10.34 21.84 24.02 17.26 24.09 12.82 5.10 21.14 11.37 17.03 11.98 12.41 13.67 20.18
17.69 16.74 8.72 19.61 21.84 15.31 22.14 11.16 4.34 19.38 10.08 15.06 11.14 10.36 11.67 17.87
8.28 2.97 14.88 4.13 6.12 9.90 10.64 16.01 19.34 12.50 16.34 12.82 20.93 11.28 12.99 5.00
15.89 15.80 6.49 18.21 20.30 13.39 20.22 12.45 2.12 17.26 7.71 15.81 13.15 8.60 12.42 17.52
21.50 21.58 11.68 24.02 26.06 18.89 25.66 15.81 6.02 22.39 12.18 20.05 14.61 14.32 16.70 22.99
15.44 14.54 6.82 17.32 19.55 13.10 19.92 10.58 3.89 17.28 8.47 13.91 11.59 8.12 10.52 15.92
19.37 13.71 16.02 18.32 20.94 18.40 23.80 1.08 15.47 23.06 18.24 4.17 5.50 14.45 3.00 11.43
11.73 15.05 3.09 15.48 16.83 8.99 15.15 17.88 5.69 11.44 1.31 19.79 19.83 6.51 16.74 18.40
14.33 9.96 21.97 9.77 10.06 16.49 14.89 20.87 26.39 17.98 23.37 16.57 25.86 18.38 17.98 9.20
4.76 8.22 5.26 8.08 9.59 2.24 9.07 16.18 10.79 6.71 6.09 16.16 19.78 2.80 13.96 12.27
1.84 5.55 10.31 3.12 4.56 3.69 5.81 17.75 15.68 6.19 11.14 16.23 22.10 7.21 15.00 10.07
3.96 8.55 6.04 7.75 9.00 1.25 8.06 17.26 11.66 5.57 6.53 17.08 20.91 3.92 14.98 12.78
18.39 18.05 8.90 20.65 22.77 15.88 22.71 12.95 3.65 19.70 9.90 16.86 12.66 11.09 13.47 19.45
11.40 10.47 4.72 13.09 15.34 9.26 15.98 10.50 6.19 13.72 6.93 12.34 13.20 4.26 9.23 12.43
19.86 19.28 10.41 22.02 24.18 17.37 24.20 13.14 5.08 21.21 11.37 17.34 12.27 12.55 13.99 20.45
6.31 8.67 3.91 9.26 10.98 3.84 10.67 15.05 9.28 8.19 5.17 15.44 18.44 1.30 13.01 12.35
5.75 7.62 4.86 8.35 10.19 3.58 10.27 14.67 10.05 8.18 6.22 14.75 18.28 1.59 12.48 11.35
18.95 17.14 10.56 20.43 22.78 16.72 23.50 9.61 6.57 20.99 12.11 13.92 9.01 11.70 10.62 17.70
6.68 13.64 9.27 11.20 11.12 5.54 7.41 22.85 14.51 3.28 8.20 22.84 26.20 9.08 20.69 18.10
11.08 12.53 1.44 13.97 15.79 8.45 15.24 14.18 4.47 12.18 3.31 16.10 16.39 4.15 13.02 15.35
18.31 14.96 11.77 18.86 21.39 16.51 22.95 5.50 9.53 21.10 13.75 9.92 5.94 11.64 6.73 14.64
4.26 5.91 6.92 6.30 8.23 3.00 8.90 15.06 12.06 7.59 8.16 14.45 19.06 3.55 12.58 10.01
4.57 10.17 6.24 8.88 9.73 2.10 7.86 18.76 11.87 4.61 6.12 18.75 22.23 5.08 16.57 14.47
18.04 16.92 9.16 19.88 22.13 15.68 22.51 10.90 4.81 19.80 10.55 14.90 10.73 10.72 11.52 17.93
5.19 9.53 4.91 9.01 10.27 2.45 9.08 17.21 10.57 6.16 5.26 17.40 20.62 3.47 15.10 13.62
17.10 16.26 8.10 19.06 21.27 14.70 21.53 11.21 3.88 18.76 9.49 14.96 11.46 9.76 11.56 17.51
19.71 19.35 10.14 21.97 24.10 17.18 24.00 13.59 4.69 20.94 11.01 17.72 12.83 12.42 14.35 20.64
4.92 2.83 11.95 2.04 4.66 6.44 8.06 16.24 16.85 9.24 13.20 14.01 20.90 8.45 13.32 7.18
16.42 17.11 6.56 19.14 21.08 13.79 20.55 14.42 0.91 17.30 7.21 17.76 14.92 9.34 14.38 19.14
12.01 8.17 19.93 7.47 7.75 14.22 12.61 20.15 24.53 15.65 21.24 16.19 25.14 16.36 17.17 8.38
1.82 5.88 10.96 2.76 3.88 4.14 5.22 18.38 16.37 6.03 11.71 16.74 22.77 7.92 15.61 10.35
17.32 15.21 9.54 18.59 20.99 15.21 21.92 8.31 6.59 19.61 11.33 12.29 8.70 10.19 8.93 15.75
11.69 15.11 3.23 15.47 16.79 8.95 15.05 18.08 5.90 11.32 1.32 19.96 20.05 6.60 16.92 18.50
1.65 6.53 8.67 4.89 6.19 1.95 6.29 17.50 14.14 5.44 9.39 16.49 21.61 5.79 14.91 11.02
17.82 15.98 9.65 19.25 21.61 15.63 22.38 9.09 6.17 19.95 11.31 13.17 9.12 10.60 9.82 16.63
11.69 15.37 3.67 15.58 16.82 8.97 14.93 18.61 6.38 11.12 1.57 20.44 20.60 6.92 17.43 18.84
18.95 19.38 9.09 21.60 23.58 16.33 23.08 15.11 3.43 19.79 9.60 18.94 14.76 11.83 15.54 21.12
20.09 19.19 10.81 22.08 24.30 17.64 24.48 12.48 5.67 21.59 11.90 16.78 11.46 12.76 13.46 20.18
22.14 20.99 12.89 24.03 26.29 19.71 26.55 13.09 7.65 23.67 13.94 17.69 11.25 14.80 14.47 21.70
21.49 19.96 12.57 23.17 25.48 19.15 25.98 11.68 7.69 23.26 13.82 16.30 9.94 14.18 13.10 20.49
20.12 14.92 15.85 19.44 22.06 18.93 24.64 1.22 14.67 23.62 18.02 5.98 3.80 14.67 4.23 12.98
17.35 18.25 7.41 20.19 22.08 14.69 21.39 15.34 1.85 18.03 7.79 18.82 15.57 10.36 15.42 20.30
17.75 13.02 13.29 17.38 19.99 16.45 22.32 2.02 12.46 21.13 15.47 6.14 5.56 12.10 3.13 11.74
16.61 15.84 7.63 18.60 20.80 14.21 21.04 11.20 3.61 18.28 9.05 14.83 11.66 9.28 11.43 17.18
23.12 22.35 13.60 25.23 27.42 20.62 27.45 14.74 8.10 24.41 14.42 19.33 12.75 15.81 16.10 23.22
3.50 4.14 11.36 1.82 4.07 5.27 6.77 17.12 16.52 7.80 12.41 15.18 21.66 8.01 14.26 8.58
15.60 15.24 6.45 17.77 19.91 13.15 19.99 11.77 2.73 17.15 7.86 15.09 12.61 8.28 11.70 16.86
20.35 17.34 13.01 21.15 23.65 18.40 24.99 7.17 9.73 22.90 14.80 11.95 5.74 13.43 8.93 17.05
16.12 15.09 7.47 17.95 20.19 13.78 20.60 10.46 4.13 17.96 9.07 13.99 11.19 8.80 10.59 16.33
11.42 9.00 20.10 7.08 6.63 13.86 11.26 21.76 25.00 14.65 21.22 18.02 26.74 16.63 18.75 10.08
5.35 7.34 15.03 2.72 0.19 8.05 5.03 20.98 20.42 8.19 15.72 18.50 25.65 11.93 18.04 11.02
16.71 14.58 9.09 17.95 20.34 14.61 21.31 8.14 6.50 19.04 10.94 11.94 8.91 9.61 8.56 15.18
17.11 16.29 8.10 19.08 21.29 14.71 21.54 11.25 3.85 18.77 9.48 15.00 11.49 9.78 11.60 17.55
14.46 17.45 5.26 18.15 19.55 11.72 17.83 18.59 4.71 14.04 4.03 21.09 19.87 8.86 17.87 20.53
7.09 4.58 15.18 2.53 3.81 9.23 8.57 18.19 20.09 10.98 16.36 15.21 23.05 11.70 15.18 7.44
3.25 6.21 7.40 5.80 7.50 2.16 7.88 16.07 12.74 6.62 8.40 15.34 20.09 4.28 13.56 10.51
19.10 13.22 16.22 17.87 20.48 18.25 23.47 1.84 15.95 22.87 18.45 3.32 6.32 14.46 2.70 10.74
9.25 7.32 17.99 4.91 4.61 11.68 9.42 20.60 22.97 12.61 19.06 17.21 25.53 14.55 17.58 9.23
5.22 2.48 11.98 2.33 4.95 6.65 8.41 15.94 16.81 9.55 13.28 13.67 20.62 8.45 13.01 6.83
1.38 6.01 10.20 3.44 4.64 3.39 5.48 18.07 15.63 5.74 10.94 16.63 22.37 7.20 15.35 10.52
8.24 6.27 16.84 3.81 3.93 10.61 8.84 19.72 21.81 11.78 17.93 16.50 24.62 13.39 16.70 8.57
10.49 12.08 1.00 13.42 15.22 7.86 14.65 14.31 5.06 11.62 3.12 16.05 16.67 3.63 13.03 15.01
5.26 10.38 5.42 9.42 10.41 2.62 8.68 18.31 11.05 5.40 5.31 18.51 21.67 4.53 16.22 14.57
8.95 6.88 17.59 4.55 4.45 11.35 9.32 20.19 22.55 12.40 18.69 16.84 25.11 14.13 17.17 8.87
19.19 18.38 9.93 21.21 23.41 16.74 23.58 12.20 4.90 20.70 11.07 16.35 11.56 11.85 12.99 19.47
20.95 20.38 11.42 23.13 25.29 18.44 25.27 13.81 5.97 22.23 12.29 18.15 12.57 13.64 14.83 21.48
4.88 7.08 5.69 7.49 9.29 2.89 9.44 15.12 10.95 7.57 6.90 14.92 18.88 2.49 12.81 11.02
17.65 15.53 9.81 18.92 21.32 15.53 22.24 8.38 6.69 19.92 11.57 12.45 8.58 10.51 9.10 16.04
11.60 9.01 20.21 7.23 6.86 14.03 11.52 21.66 25.08 14.88 21.35 17.88 26.65 16.72 18.66 9.96
17.14 10.95 15.36 15.63 18.22 16.53 21.41 3.68 15.93 21.07 17.60 1.70 8.59 13.16 1.71 8.33
17.68 17.15 8.38 19.82 21.98 15.22 22.06 12.16 3.52 19.15 9.55 15.99 12.15 10.36 12.59 18.51
20.39 19.51 11.08 22.40 24.61 17.94 24.78 12.70 5.88 21.87 12.14 17.04 11.57 13.06 13.72 20.49
21.47 21.34 11.72 23.89 25.97 18.89 25.68 15.27 6.09 22.48 12.33 19.56 14.00 14.24 16.21 22.65
20.18 14.55 16.62 19.16 21.78 19.18 24.62 1.41 15.84 23.84 18.83 4.77 4.85 15.15 3.84 12.22
11.68 15.81 4.49 15.73 16.83 9.01 14.65 19.57 7.33 10.73 2.27 21.30 21.60 7.51 18.33 19.42
15.71 15.91 6.13 18.17 20.21 13.16 19.98 13.03 1.49 16.94 7.23 16.31 13.78 8.47 12.93 17.78
5.58 3.12 13.05 1.66 4.16 7.37 8.15 16.80 17.94 9.79 14.28 14.29 21.55 9.55 13.84 7.05
18.47 15.28 11.70 19.13 21.64 16.61 23.11 5.95 9.24 21.18 13.64 10.39 6.12 11.71 7.20 15.05
6.56 2.31 13.36 2.75 5.15 8.15 9.27 16.02 18.03 10.83 14.73 13.31 20.83 9.79 13.03 5.94
12.21 9.10 20.58 7.76 7.60 14.56 12.32 21.39 25.33 15.61 21.79 17.48 26.39 17.05 18.41 9.63
11.31 4.66 16.75 7.29 9.15 12.66 13.78 14.83 20.63 15.59 18.45 10.93 19.83 13.17 11.87 3.05
10.38 6.61 18.24 5.82 6.38 12.54 11.29 19.14 22.90 14.13 19.54 15.45 24.12 14.68 16.14 7.49
17.87 17.33 8.56 20.01 22.17 15.41 22.24 12.22 3.65 19.33 9.72 16.08 12.13 10.55 12.69 18.67
17.52 18.22 7.61 20.27 22.20 14.87 21.60 14.99 1.97 18.30 8.11 18.53 15.13 10.46 15.13 20.18
2.88 5.35 11.85 1.69 3.10 5.19 5.53 18.37 17.17 6.94 12.70 16.45 22.88 8.67 15.53 9.71
10.37 7.31 18.65 5.87 6.01 12.67 10.87 20.08 23.44 13.93 19.85 16.44 25.06 15.12 17.07 8.46
14.70 11.84 8.67 15.46 17.93 12.90 19.34 6.74 7.98 17.50 10.80 9.65 9.14 8.08 6.27 12.30
16.39 15.10 7.93 18.09 20.37 14.10 20.90 9.97 4.68 18.34 9.58 13.60 10.63 9.09 10.20 16.19
22.39 20.86 13.40 24.08 26.39 20.04 26.87 12.27 8.39 24.12 14.59 16.96 10.18 15.07 13.81 21.34
2.69 6.82 7.51 5.88 7.33 1.42 7.27 16.84 12.98 5.83 8.30 16.13 20.81 4.65 14.35 11.19
16.89 14.68 9.31 18.09 20.50 14.81 21.49 8.00 6.69 19.25 11.17 11.87 8.70 9.81 8.49 15.22
11.48 7.10 19.01 6.92 7.59 13.55 12.50 18.98 23.51 15.30 20.39 15.07 23.98 15.43 16.00 7.21
15.56 14.56 7.02 17.40 19.64 13.24 20.06 10.39 4.09 17.44 8.68 13.76 11.37 8.25 10.36 15.88
21.55 20.89 12.03 23.69 25.87 19.04 25.88 13.98 6.58 22.84 12.90 18.40 12.51 14.24 15.10 21.92
20.83 20.41 11.23 23.08 25.22 18.29 25.12 14.12 5.72 22.03 12.03 18.41 12.96 13.54 15.07 21.60
19.03 13.20 16.09 17.84 20.45 18.17 23.42 1.70 15.80 22.80 18.32 3.41 6.24 14.36 2.63 10.77
21.48 16.14 17.17 20.70 23.33 20.31 25.99 2.45 15.77 25.00 19.32 6.57 3.08 16.04 5.40 13.99
15.02 11.75 9.39 15.54 18.06 13.32 19.66 5.95 8.77 17.96 11.55 8.90 8.55 8.61 5.51 11.93
10.08 13.27 1.71 13.72 15.14 7.33 13.72 16.93 6.29 10.20 0.58 18.48 19.28 4.78 15.56 16.70
19.96 18.13 11.45 21.45 23.80 17.71 24.50 10.05 7.16 21.96 12.92 14.53 8.92 12.70 11.28 18.60
19.06 17.38 10.54 20.61 22.95 16.80 23.60 9.96 6.39 21.04 12.04 14.27 9.30 11.79 10.97 18.00
19.28 19.13 9.63 21.65 23.74 16.73 23.54 13.88 4.11 20.43 10.43 17.90 13.31 12.02 14.52 20.56
14.15 17.75 5.71 18.06 19.29 11.44 17.23 19.79 6.16 13.31 3.96 22.08 21.24 9.20 18.93 21.06
3.14 5.64 7.95 5.23 7.04 2.62 7.77 15.98 13.22 6.85 9.00 15.06 20.09 4.72 13.40 9.99
17.52 16.36 8.74 19.32 21.59 15.18 22.00 10.61 4.67 19.33 10.21 14.51 10.69 10.20 11.12 17.41
4.08 3.54 11.50 1.89 4.37 5.68 7.36 16.65 16.54 8.40 12.64 14.62 21.24 8.07 13.77 7.96
18.51 11.81 17.53 16.49 19.01 18.16 22.57 5.25 18.25 22.60 19.76 0.73 9.68 15.15 4.02 8.41
5.19 10.21 5.36 9.31 10.34 2.52 8.70 18.13 11.00 5.49 5.32 18.32 21.51 4.36 16.03 14.39
19.72 18.91 10.41 21.75 23.96 17.27 24.10 12.49 5.28 21.20 11.50 16.72 11.63 12.39 13.38 19.97
17.26 10.70 16.23 15.39 17.95 16.86 21.39 4.91 17.11 21.32 18.46 0.60 9.69 13.82 2.99 7.61
7.19 8.39 3.81 9.64 11.58 4.92 11.69 13.79 8.70 9.41 5.53 14.32 17.17 0.20 11.80 11.74
16.63 10.61 14.65 15.26 17.87 15.94 20.94 3.53 15.23 20.51 16.89 2.37 8.52 12.49 1.05 8.27
17.59 16.77 8.51 19.57 21.78 15.17 22.01 11.45 4.01 19.21 9.82 15.31 11.48 10.25 11.91 17.99
20.98 18.92 12.56 22.35 24.74 18.77 25.54 10.01 8.22 23.04 14.03 14.68 8.33 13.75 11.53 19.18
17.76 16.10 9.42 19.30 21.63 15.53 22.31 9.50 5.78 19.80 11.04 13.54 9.52 10.51 10.17 16.85
17.65 17.61 8.04 20.04 22.12 15.11 21.92 13.30 2.70 18.85 8.97 17.03 13.32 10.39 13.62 19.21
2.67 10.03 10.06 7.00 6.88 3.27 4.02 21.08 15.71 1.71 9.93 20.23 25.00 8.25 18.57 14.55
13.78 15.84 3.89 17.06 18.71 11.05 17.58 16.23 2.78 14.08 3.77 18.78 17.60 7.36 15.54 18.62
6.56 12.70 6.89 11.07 11.54 4.53 8.68 20.79 12.17 4.68 5.89 21.10 23.97 6.97 18.77 17.01
7.49 2.72 14.30 3.39 5.51 9.15 9.92 16.17 18.88 11.72 15.70 13.18 21.04 10.72 13.16 5.51
4.33 8.42 5.64 7.92 9.29 1.69 8.53 16.78 11.23 6.09 6.27 16.68 20.40 3.41 14.53 12.57
11.91 14.41 2.22 15.32 16.89 9.17 15.68 16.33 4.36 12.19 1.96 18.40 18.21 5.82 15.29 17.48
19.13 13.63 15.57 18.21 20.83 18.10 23.59 0.54 14.94 22.77 17.78 4.52 5.29 14.06 2.89 11.52
19.23 17.51 10.71 20.76 23.11 16.97 23.77 9.97 6.54 21.21 12.21 14.31 9.22 11.96 11.01 18.10
19.09 15.12 13.20 19.26 21.84 17.47 23.73 4.03 11.23 22.12 15.25 8.76 4.47 12.75 5.83 14.28
3.66 7.88 6.33 7.20 8.57 1.19 7.98 16.86 11.89 5.83 7.00 16.54 20.61 3.84 14.52 12.12
18.97 13.55 15.31 18.11 20.73 17.91 23.45 0.32 14.66 22.58 17.52 4.67 5.26 13.84 2.82 11.53
17.57 16.24 8.94 19.28 21.57 15.26 22.08 10.23 5.03 19.46 10.46 14.17 10.30 10.27 10.79 17.19
19.37 17.38 11.09 20.76 23.13 17.17 23.94 9.35 7.13 21.48 12.66 13.77 8.52 12.15 10.51 17.81
17.58 16.47 8.74 19.41 21.66 15.22 22.05 10.76 4.58 19.35 10.18 14.66 10.80 10.25 11.27 17.54
21.58 20.08 12.63 23.27 25.58 19.23 26.06 11.82 7.71 23.33 13.86 16.44 10.05 14.26 13.24 20.62
8.19 6.17 16.75 3.74 3.92 10.54 8.83 19.62 21.72 11.75 17.85 16.41 24.52 13.30 16.61 8.49
8.72 6.95 17.48 4.38 4.14 11.15 8.99 20.35 22.48 12.11 18.54 17.06 25.26 14.04 17.33 9.10
7.20 0.69 11.54 4.97 7.58 7.82 10.93 13.32 15.74 11.53 13.19 11.04 18.07 7.94 10.37 4.80
8.77 2.59 14.74 4.87 6.99 10.18 11.41 15.14 19.01 13.06 16.30 11.89 20.07 11.14 12.12 4.07
10.11 5.30 17.26 5.61 6.82 12.01 11.68 17.54 21.72 14.12 18.68 13.87 22.52 13.66 14.54 5.89
20.45 14.61 17.22 19.26 21.87 19.54 24.85 2.09 16.56 24.19 19.43 4.37 5.35 15.63 4.04 12.06
19.73 18.32 10.88 21.45 23.74 17.40 24.22 10.99 6.26 21.53 12.22 15.36 10.03 12.42 12.06 19.05
14.55 9.20 12.14 13.69 16.31 13.65 18.99 4.59 13.03 18.28 14.38 4.71 9.31 10.00 1.91 7.96
17.91 14.30 11.80 18.30 20.84 16.20 22.55 4.79 9.95 20.83 13.85 9.11 5.87 11.42 5.90 13.86
21.52 21.41 11.75 23.94 26.02 18.93 25.72 15.35 6.12 22.51 12.35 19.64 14.08 14.29 16.30 22.73
9.67 5.29 17.08 5.14 6.24 11.65 11.12 17.87 21.64 13.63 18.45 14.30 22.84 13.50 14.86 6.31
11.05 5.40 17.57 6.67 8.09 12.76 12.91 16.70 21.78 15.17 19.12 12.83 21.70 13.97 13.73 4.94
22.09 21.27 12.64 24.16 26.36 19.61 26.44 13.92 7.22 23.44 13.54 18.43 12.22 14.77 15.17 22.18
11.26 15.07 3.57 15.19 16.40 8.55 14.47 18.66 6.72 10.66 1.37 20.38 20.75 6.68 17.40 18.60
6.82 5.58 15.51 2.40 2.83 9.18 7.71 19.26 20.57 10.44 16.55 16.35 24.09 12.11 16.26 8.59
9.40 10.54 19.20 6.52 4.37 12.14 7.45 24.22 24.60 11.41 19.83 21.17 29.06 16.11 21.22 13.26
18.65 12.07 17.36 16.76 19.30 18.23 22.77 4.71 17.92 22.70 19.60 0.85 9.10 15.08 3.69 8.81
15.19 16.30 5.25 18.07 19.93 12.52 19.23 14.81 0.55 15.93 5.80 17.82 15.73 8.24 14.48 18.60
8.33 4.63 16.00 3.79 5.04 10.36 9.86 17.85 20.71 12.28 17.29 14.58 22.77 12.45 14.83 6.66
17.16 17.46 7.41 19.70 21.71 14.56 21.36 13.87 1.89 18.20 8.21 17.43 14.09 9.96 14.03 19.25
12.61 8.07 20.08 8.05 8.63 14.69 13.54 19.42 24.50 16.41 21.49 15.32 24.42 16.49 16.48 7.66
9.38 3.90 15.97 5.10 6.81 11.06 11.51 16.26 20.33 13.56 17.47 12.78 21.23 12.37 13.25 4.81
8.20 11.07 1.82 11.59 13.14 5.48 12.17 15.87 7.48 9.04 2.74 16.92 18.71 2.71 14.19 14.60
8.75 1.48 13.48 5.58 8.01 9.69 12.00 13.47 17.49 13.11 15.18 10.49 18.38 9.90 10.46 3.19
14.07 16.18 4.21 17.38 19.02 11.34 17.84 16.46 2.78 14.31 3.98 19.07 17.75 7.70 15.81 18.96
10.12 6.48 18.04 5.56 6.11 12.29 11.03 19.14 22.73 13.86 19.32 15.50 24.11 14.49 16.13 7.52
15.93 13.31 9.11 16.87 19.32 13.99 20.56 7.03 7.44 18.53 11.13 10.56 8.56 9.06 7.16 13.74
19.51 18.68 10.24 21.53 23.74 17.07 23.91 12.33 5.16 21.02 11.36 16.53 11.54 12.18 13.18 19.75
18.90 18.30 9.53 21.03 23.20 16.43 23.27 12.56 4.40 20.32 10.61 16.62 12.05 11.58 13.24 19.52
15.78 14.74 7.21 17.60 19.85 13.46 20.27 10.37 4.14 17.66 8.86 13.81 11.25 8.47 10.41 16.02
15.71 15.41 6.48 17.92 20.04 13.24 20.08 11.96 2.56 17.20 7.84 15.30 12.74 8.39 11.91 17.06
4.20 7.82 14.11 3.17 1.34 6.95 3.65 21.19 19.61 6.71 14.64 19.04 25.75 11.20 18.31 11.84
17.48 16.54 8.52 19.40 21.63 15.10 21.93 11.10 4.23 19.18 9.91 14.96 11.18 10.15 11.56 17.70
20.62 18.86 11.97 22.15 24.50 18.34 25.15 10.58 7.45 22.55 13.37 15.14 9.14 13.34 11.92 19.32
18.36 17.45 9.25 20.31 22.53 15.94 22.78 11.57 4.55 19.97 10.52 15.60 11.26 11.02 12.22 18.56
15.65 14.55 7.18 17.43 19.69 13.34 20.15 10.21 4.28 17.57 8.86 13.61 11.17 8.34 10.21 15.81
18.17 16.87 9.41 19.91 22.19 15.84 22.66 10.53 5.20 20.00 10.86 14.60 10.31 10.85 11.23 17.78
8.41 2.49 14.57 4.47 6.60 9.87 11.01 15.37 18.92 12.68 16.09 12.20 20.29 10.96 12.35 4.44
12.70 15.89 3.78 16.42 17.79 9.95 16.09 18.10 5.22 12.35 2.27 20.23 19.82 7.32 17.11 19.14
7.40 8.45 17.06 4.28 2.25 10.10 6.37 22.17 22.41 9.97 17.78 19.32 26.95 13.90 19.18 11.53
8.73 4.33 16.02 4.26 5.70 10.63 10.49 17.29 20.61 12.78 17.39 13.93 22.23 12.44 14.27 5.99
13.55 16.51 4.32 17.20 18.62 10.80 16.99 18.03 4.61 13.26 3.11 20.37 19.52 7.92 17.19 19.63
19.11 18.60 9.66 21.29 23.44 16.61 23.45 12.90 4.40 20.46 10.67 16.97 12.32 11.80 13.59 19.85
18.05 17.05 9.06 19.95 22.19 15.66 22.50 11.20 4.57 19.74 10.40 15.19 11.03 10.72 11.80 18.13
22.28 21.77 12.66 24.51 26.66 19.75 26.57 14.82 7.11 23.46 13.41 19.29 13.19 14.99 16.00 22.83
19.00 17.16 10.64 20.46 22.82 16.78 23.56 9.54 6.67 21.06 12.20 13.87 8.91 11.76 10.57 17.69
19.52 18.50 10.37 21.44 23.68 17.11 23.94 11.87 5.45 21.12 11.57 16.12 11.06 12.18 12.78 19.47
3.46 6.21 12.96 1.72 1.90 6.06 4.82 19.50 18.34 6.98 13.69 17.40 24.06 9.86 16.63 10.37
17.69 16.42 8.99 19.44 21.72 15.37 22.19 10.41 4.95 19.54 10.47 14.37 10.42 10.38 10.99 17.39
16.02 15.38 7.03 18.06 20.24 13.61 20.45 11.29 3.30 17.67 8.50 14.75 11.99 8.69 11.35 16.82
18.57 15.09 12.15 19.05 21.59 16.81 23.22 5.22 9.91 21.41 14.14 9.73 5.56 11.96 6.60 14.65
4.50 10.15 6.33 8.82 9.65 2.05 7.77 18.80 11.96 4.53 6.20 18.78 22.29 5.14 16.61 14.46
5.20 2.28 11.61 2.70 5.32 6.46 8.61 15.58 16.40 9.56 12.94 13.40 20.23 8.06 12.66 6.74
12.61 15.93 3.88 16.38 17.72 9.87 15.95 18.33 5.49 12.17 2.22 20.41 20.08 7.37 17.31 19.23
17.23 17.53 7.48 19.78 21.79 14.64 21.43 13.90 1.95 18.27 8.27 17.48 14.10 10.04 14.08 19.33
19.56 18.56 10.40 21.49 23.72 17.15 23.98 11.93 5.46 21.15 11.59 16.18 11.10 12.23 12.84 19.53
19.67 18.72 10.47 21.63 23.86 17.25 24.09 12.11 5.46 21.23 11.63 16.37 11.24 12.34 13.03 19.71
20.31 19.38 11.05 22.29 24.52 17.88 24.72 12.51 5.90 21.83 12.14 16.86 11.40 12.98 13.54 20.33
8.04 11.13 2.06 11.52 13.02 5.31 11.95 16.16 7.71 8.77 2.71 17.17 19.02 2.88 14.46 14.73
17.42 18.01 7.55 20.11 22.07 14.79 21.54 14.67 1.89 18.27 8.13 18.22 14.83 10.32 14.82 19.92
17.59 17.00 8.34 19.69 21.87 15.14 21.98 11.97 3.59 19.09 9.56 15.79 12.00 10.26 12.39 18.33
7.18 5.94 15.95 2.82 2.94 9.59 7.86 19.59 21.02 10.71 16.98 16.60 24.43 12.55 16.58 8.79
18.00 17.66 8.53 20.24 22.37 15.49 22.32 12.76 3.38 19.33 9.58 16.60 12.63 10.69 13.21 19.08
13.42 7.35 19.52 9.04 10.35 15.06 15.22 16.88 23.43 17.55 21.17 12.55 21.86 15.92 14.02 5.36
16.84 16.68 7.36 19.15 21.24 14.32 21.15 12.68 2.44 18.16 8.47 16.26 13.00 9.55 12.86 18.29
20.09 15.50 14.87 19.86 22.47 18.66 24.69 2.71 13.13 23.34 16.97 7.69 3.14 14.11 5.30 14.09
4.77 7.72 5.42 7.80 9.43 2.46 9.21 15.72 10.85 7.06 6.43 15.62 19.39 2.60 13.46 11.73
18.87 18.60 9.30 21.17 23.28 16.34 23.16 13.36 3.90 20.11 10.21 17.34 12.91 11.58 13.96 20.00
5.97 1.73 12.22 2.97 5.57 7.26 9.20 15.35 16.88 10.32 13.62 12.95 20.08 8.64 12.39 6.04
18.61 15.98 11.14 19.60 22.06 16.59 23.23 7.41 8.10 21.06 12.95 11.80 7.17 11.60 8.55 16.08
9.63 4.50 16.51 5.23 6.72 11.42 11.51 16.85 20.93 13.74 17.97 13.29 21.82 12.91 13.84 5.30
7.77 6.30 16.53 3.41 3.37 10.18 8.28 19.86 21.57 11.25 17.58 16.75 24.74 13.12 16.85 8.87
18.04 16.81 9.25 19.82 22.09 15.70 22.53 10.65 5.01 19.85 10.68 14.67 10.48 10.72 11.30 17.77
20.78 20.22 11.26 22.96 25.12 18.27 25.10 13.73 5.82 22.06 12.14 18.05 12.55 13.47 14.72 21.34
10.83 7.04 18.71 6.28 6.75 13.01 11.65 19.41 23.36 14.55 20.02 15.64 24.40 15.15 16.41 7.71
17.87 18.01 8.15 20.35 22.39 15.29 22.09 13.84 2.63 18.95 8.95 17.57 13.80 10.65 14.16 19.68
3.13 7.59 13.07 3.17 2.23 5.88 3.37 20.67 18.59 5.84 13.57 18.74 25.14 10.23 17.84 11.81
19.77 18.91 10.51 21.78 23.99 17.33 24.17 12.38 5.40 21.28 11.61 16.63 11.48 12.44 13.29 19.93
11.54 13.96 1.78 14.90 16.50 8.81 15.35 16.06 4.53 11.93 1.85 18.04 18.05 5.38 14.96 17.05
6.78 7.38 16.23 3.27 1.73 9.42 6.45 21.10 21.52 9.74 17.04 18.29 25.89 13.00 18.12 10.56
12.15 14.17 2.20 15.36 17.04 9.44 16.06 15.51 3.71 12.70 2.70 17.69 17.34 5.66 14.54 17.07
10.90 13.39 1.20 14.27 15.85 8.17 14.75 15.95 5.04 11.36 1.59 17.77 18.11 4.80 14.74 16.54
6.01 11.74 6.05 10.42 11.12 3.69 8.73 19.68 11.50 4.97 5.36 19.97 22.91 5.85 17.64 16.00
7.89 9.85 2.40 10.82 12.58 5.33 12.17 14.59 7.68 9.43 4.05 15.49 17.64 1.30 12.81 13.23
2.98 7.54 12.92 3.17 2.36 5.73 3.39 20.58 18.44 5.75 13.42 18.68 25.03 10.08 17.75 11.79
5.34 3.83 13.34 1.03 3.45 7.36 7.57 17.52 18.34 9.43 14.48 15.00 22.25 9.89 14.56 7.69
3.09 4.53 11.21 1.97 3.99 4.95 6.42 17.37 16.43 7.39 12.20 15.52 21.88 7.92 14.54 8.98
17.71 14.29 11.42 18.21 20.74 15.95 22.36 5.23 9.49 20.56 13.45 9.46 6.25 11.13 6.21 13.99
8.70 11.34 1.29 12.02 13.61 6.00 12.70 15.61 6.94 9.57 2.52 16.81 18.35 2.83 14.01 14.75
18.28 17.81 8.87 20.46 22.61 15.79 22.62 12.58 3.76 19.66 9.94 16.51 12.34 10.96 13.12 19.15
17.33 16.85 8.02 19.48 21.63 14.85 21.69 12.14 3.25 18.79 9.22 15.88 12.27 10.00 12.48 18.26
20.71 19.71 11.47 22.66 24.90 18.28 25.12 12.56 6.31 22.24 12.56 16.97 11.28 13.38 13.68 20.59
11.85 17.05 6.85 16.23 16.93 9.44 14.03 22.07 9.95 9.91 4.65 23.53 24.25 9.31 20.67 20.97
16.60 15.07 8.36 18.18 20.50 14.37 21.15 9.48 5.22 18.66 10.06 13.19 10.08 9.35 9.80 16.01
20.19 14.32 17.06 18.98 21.58 19.30 24.57 2.04 16.50 23.94 19.28 4.09 5.59 15.43 3.78 11.76
17.86 16.67 9.05 19.65 21.92 15.51 22.34 10.67 4.85 19.65 10.49 14.65 10.59 10.54 11.27 17.67
16.87 17.25 7.10 19.45 21.44 14.27 21.06 13.92 1.58 17.89 7.89 17.41 14.25 9.69 14.01 19.10
20.87 20.86 11.09 23.33 25.39 18.28 25.06 15.18 5.45 21.84 11.69 19.37 14.13 13.66 16.01 22.26
19.00 17.68 10.16 20.75 23.04 16.67 23.49 10.85 5.67 20.80 11.53 15.07 10.23 11.69 11.73 18.51
12.40 12.65 3.52 14.76 16.81 9.93 16.77 12.32 3.79 13.98 5.39 14.66 14.29 5.09 11.44 14.89
19.62 17.92 11.03 21.17 23.51 17.35 24.15 10.21 6.71 21.57 12.49 14.61 9.26 12.34 11.33 18.49
17.82 18.08 8.06 20.36 22.38 15.23 22.02 14.09 2.48 18.84 8.79 17.79 14.08 10.63 14.38 19.81
1.85 8.50 8.52 6.33 6.98 1.31 5.54 19.05 14.16 3.61 8.76 18.31 22.96 6.33 16.56 13.00
15.34 13.99 7.22 16.98 19.27 13.11 19.88 9.62 4.85 17.41 9.03 12.94 10.81 8.09 9.54 15.16
9.52 3.93 16.03 5.25 6.97 11.17 11.66 16.18 20.36 13.70 17.54 12.66 21.15 12.43 13.17 4.69
18.38 18.36 8.71 20.80 22.86 15.82 22.63 13.72 3.22 19.51 9.54 17.56 13.48 11.13 14.17 19.92
11.44 5.62 17.81 7.08 8.52 13.11 13.34 16.56 21.95 15.58 19.38 12.60 21.56 14.20 13.60 4.79
5.05 10.77 6.22 9.42 10.19 2.68 8.07 19.17 11.81 4.59 5.88 19.26 22.56 5.41 17.03 15.06
21.49 20.67 12.08 23.55 25.75 19.02 25.85 13.50 6.71 22.88 13.03 17.96 12.00 14.16 14.68 21.60
17.61 17.25 8.20 19.84 21.97 15.12 21.95 12.52 3.20 18.99 9.31 16.30 12.54 10.31 12.90 18.69
18.55 19.09 8.66 21.24 23.20 15.91 22.65 15.16 3.01 19.35 9.14 18.91 14.96 11.46 15.51 20.91
10.48 14.12 2.74 14.31 15.60 7.75 13.86 17.94 6.68 10.16 0.52 19.53 20.20 5.72 16.60 17.65
22.34 20.56 13.54 23.89 26.24 20.04 26.85 11.61 8.71 24.19 14.82 16.35 9.44 15.04 13.24 20.90
19.96 19.61 10.36 22.24 24.36 17.42 24.24 13.78 4.88 21.17 11.20 17.94 12.93 12.67 14.58 20.90
5.87 2.37 12.74 2.35 4.90 7.42 8.76 16.06 17.50 10.16 14.06 13.56 20.81 9.19 13.10 6.42
18.22 14.33 12.42 18.43 21.00 16.60 22.85 4.08 10.69 21.24 14.49 8.53 5.30 11.89 5.42 13.64
18.74 17.79 9.63 20.69 22.91 16.33 23.17 11.64 4.85 20.36 10.88 15.75 11.16 11.41 12.38 18.85
10.32 9.24 19.52 6.35 5.26 12.91 9.60 22.54 24.64 13.20 20.46 19.09 27.48 16.15 19.53 11.10
10.21 3.63 15.79 6.27 8.25 11.56 12.79 14.80 19.82 14.51 17.45 11.18 19.78 12.20 11.80 3.19
2.10 7.80 7.89 6.16 7.18 0.67 6.36 18.05 13.48 4.60 8.35 17.36 21.97 5.45 15.57 12.25
9.02 13.57 3.96 13.14 14.17 6.38 12.05 19.00 8.67 8.23 2.35 20.13 21.61 5.79 17.40 17.43
6.48 4.64 14.78 1.92 3.26 8.68 7.97 18.34 19.76 10.35 15.90 15.50 23.16 11.33 15.34 7.84
5.29 8.64 4.71 8.63 10.15 2.69 9.53 16.09 10.26 7.00 5.55 16.24 19.59 2.48 13.95 12.61
19.93 19.93 10.18 22.38 24.44 17.34 24.14 14.63 4.56 20.95 10.84 18.70 13.88 12.70 15.32 21.40
9.73 14.08 3.79 13.81 14.88 7.07 12.79 18.98 8.12 8.96 1.86 20.29 21.43 6.08 17.47 17.85
11.42 15.23 3.70 15.35 16.55 8.71 14.60 18.75 6.70 10.78 1.51 20.50 20.81 6.83 17.51 18.76
18.97 19.73 9.03 21.78 23.69 16.31 23.00 15.92 3.45 19.62 9.33 19.68 15.64 11.96 16.28 21.62
20.40 19.32 11.23 22.30 24.55 17.99 24.82 12.19 6.18 21.98 12.37 16.58 11.01 13.07 13.28 20.18
4.42 4.51 12.91 0.28 2.86 6.60 6.61 18.03 18.06 8.45 13.92 15.72 22.69 9.56 15.11 8.59
18.03 18.59 8.14 20.72 22.68 15.39 22.13 14.93 2.49 18.85 8.67 18.59 14.90 10.93 15.19 20.45
17.43 17.35 7.87 19.79 21.88 14.90 21.72 13.09 2.63 18.67 8.85 16.78 13.19 10.16 13.38 18.94
18.80 17.48 9.98 20.54 22.83 16.46 23.28 10.76 5.55 20.60 11.37 14.95 10.23 11.48 11.60 18.33
21.43 15.91 17.44 20.51 23.13 20.35 25.90 2.40 16.24 25.02 19.62 6.02 3.72 16.19 5.18 13.59
16.28 12.45 10.96 16.49 19.05 14.71 20.91 4.48 10.04 19.38 13.11 7.97 7.07 10.09 4.59 12.06
8.84 5.47 16.77 4.28 5.10 10.98 10.00 18.58 21.53 12.66 18.03 15.20 23.51 13.24 15.56 7.23
10.48 14.29 3.06 14.38 15.61 7.76 13.77 18.27 6.95 10.03 0.85 19.83 20.53 5.95 16.91 17.86
21.88 20.28 12.98 23.52 25.84 19.55 26.37 11.75 8.09 23.66 14.22 16.42 9.83 14.57 13.25 20.75
16.03 11.92 11.19 16.05 18.63 14.57 20.64 4.07 10.60 19.25 13.37 7.26 7.21 10.08 3.87 11.37
19.45 17.95 10.70 21.11 23.42 17.14 23.95 10.63 6.24 21.30 12.10 14.97 9.79 12.15 11.66 18.65
17.06 10.89 15.25 15.57 18.16 16.44 21.33 3.65 15.83 20.99 17.49 1.80 8.58 13.06 1.61 8.32
2.04 6.36 11.63 2.65 3.23 4.64 4.58 19.10 17.08 5.88 12.30 17.36 23.52 8.65 16.31 10.76
18.70 16.80 10.43 20.12 22.49 16.50 23.26 9.29 6.62 20.80 12.03 13.57 8.83 11.47 10.26 17.34
22.65 22.03 13.07 24.83 27.00 20.13 26.96 14.80 7.54 23.88 13.85 19.32 13.01 15.35 16.06 23.02
6.17 9.00 16.09 4.36 1.74 8.92 4.42 22.62 21.59 8.17 16.60 20.15 27.28 13.16 19.69 12.61
15.95 15.66 6.68 18.17 20.29 13.47 20.31 12.04 2.54 17.42 8.00 15.44 12.73 8.63 12.05 17.28
6.02 1.43 11.83 3.38 5.99 7.11 9.45 14.90 16.42 10.37 13.27 12.60 19.61 8.24 11.96 5.90
3.70 4.93 12.45 0.87 2.79 5.96 6.02 18.26 17.70 7.71 13.38 16.12 22.85 9.18 15.37 9.16
17.69 16.59 8.83 19.53 21.78 15.33 22.16 10.83 4.60 19.45 10.25 14.75 10.82 10.36 11.37 17.66
15.69 14.37 7.44 17.36 19.64 13.43 20.22 9.75 4.74 17.71 9.19 13.18 10.75 8.42 9.78 15.52
10.13 5.59 17.47 5.60 6.66 12.10 11.55 17.93 21.98 14.09 18.86 14.26 22.91 13.88 14.92 6.28
13.63 9.67 21.54 9.09 9.23 15.86 14.02 21.10 26.08 17.19 22.87 16.92 26.10 17.96 18.17 9.35
22.22 20.80 13.16 23.97 26.26 19.85 26.68 12.44 8.09 23.90 14.31 17.10 10.46 14.90 13.93 21.36
18.90 18.15 9.62 20.95 23.14 16.45 23.29 12.20 4.61 20.39 10.76 16.29 11.68 11.57 12.92 19.29
19.88 18.92 10.67 21.84 24.06 17.45 24.29 12.20 5.62 21.43 11.81 16.49 11.25 12.55 13.16 19.88
19.50 16.94 11.80 20.55 23.00 17.45 24.12 7.94 8.36 21.88 13.53 12.49 7.06 12.44 9.31 17.00
12.32 15.69 3.69 16.11 17.43 9.59 15.67 18.28 5.63 11.90 1.94 20.29 20.09 7.15 17.21 19.02
21.30 20.75 11.74 23.50 25.65 18.78 25.60 14.10 6.25 22.54 12.57 18.47 12.75 13.99 15.15 21.85
17.72 16.54 8.93 19.52 21.78 15.38 22.20 10.64 4.78 19.52 10.38 14.59 10.63 10.40 11.21 17.56
15.67 15.50 6.35 17.94 20.04 13.18 20.01 12.21 2.30 17.10 7.65 15.53 13.00 8.36 12.14 17.20
17.98 17.72 8.47 20.27 22.38 15.46 22.29 12.94 3.24 19.27 9.48 16.77 12.82 10.69 13.37 19.19
9.30 6.60 17.66 4.81 5.02 11.61 9.92 19.72 22.52 12.89 18.84 16.27 24.66 14.17 16.70 8.29
17.30 10.37 17.22 15.01 17.49 17.17 21.22 6.59 18.50 21.48 19.43 1.65 11.27 14.57 4.62 6.73
19.41 18.13 10.49 21.19 23.47 17.06 23.89 11.15 5.84 21.16 11.81 15.43 10.34 12.09 12.11 18.95
22.44 16.54 18.99 21.20 23.80 21.52 26.83 3.77 17.96 26.17 21.18 5.87 4.88 17.54 6.03 13.79
17.66 13.80 11.97 17.88 20.45 16.05 22.30 4.13 10.45 20.70 14.07 8.35 5.80 11.36 5.15 13.20
18.26 16.57 9.87 19.79 22.13 16.02 22.81 9.60 6.03 20.29 11.44 13.76 9.36 11.01 10.41 17.25
23.24 22.45 13.72 25.34 27.54 20.74 27.57 14.78 8.22 24.53 14.54 19.39 12.75 15.93 16.17 23.32
20.05 19.24 10.72 22.09 24.29 17.59 24.43 12.67 5.53 21.51 11.78 16.95 11.68 12.72 13.61 20.27
5.69 10.95 5.40 9.93 10.85 3.13 8.90 18.70 10.97 5.42 5.05 18.99 21.97 4.88 16.65 15.13
12.76 6.81 19.00 8.37 9.69 14.43 14.56 16.86 23.01 16.88 20.62 12.65 21.85 15.40 13.96 5.20
3.98 9.95 6.90 8.37 9.11 1.74 7.17 19.06 12.55 4.02 6.81 18.88 22.64 5.53 16.80 14.32
19.45 16.59 12.09 20.32 22.80 17.48 24.08 7.14 8.96 21.97 13.90 11.74 6.36 12.50 8.60 16.47
17.22 17.12 7.67 19.57 21.65 14.68 21.51 12.98 2.51 18.48 8.69 16.63 13.16 9.94 13.22 18.73
15.60 9.66 13.80 14.29 16.90 14.91 19.92 4.22 14.67 19.48 16.04 3.02 9.21 11.54 1.24 7.58
8.97 3.00 15.13 4.93 6.93 10.46 11.45 15.47 19.43 13.23 16.67 12.14 20.41 11.53 12.45 4.25
20.28 19.32 11.03 22.24 24.47 17.85 24.69 12.43 5.91 21.81 12.14 16.77 11.32 12.95 13.45 20.26
17.00 14.92 9.25 18.28 20.67 14.88 21.59 8.32 6.44 19.29 11.06 12.20 8.89 9.87 8.83 15.52
20.13 19.68 10.57 22.36 24.50 17.61 24.43 13.64 5.13 21.38 11.45 17.84 12.71 12.83 14.49 20.91
7.86 4.13 15.42 3.37 4.87 9.83 9.61 17.49 20.15 11.88 16.72 14.34 22.40 11.87 14.48 6.49
2.70 6.19 7.88 5.38 6.99 2.04 7.35 16.52 13.26 6.25 8.79 15.66 20.58 4.82 13.97 10.57
19.19 17.92 10.28 20.97 23.25 16.84 23.66 11.07 5.68 20.94 11.61 15.32 10.37 11.87 11.99 18.77
12.36 8.07 20.00 7.80 8.27 14.48 13.16 19.68 24.49 16.10 21.37 15.64 24.68 16.41 16.72 7.91
9.90 6.09 17.70 5.34 6.06 12.03 10.98 18.76 22.36 13.71 19.00 15.16 23.73 14.14 15.75 7.17
18.21 18.00 8.65 20.53 22.63 15.68 22.51 13.17 3.33 19.46 9.61 17.03 12.97 10.93 13.63 19.48
17.32 16.18 8.57 19.13 21.39 14.98 21.81 10.57 4.58 19.14 10.05 14.42 10.74 10.01 11.03 17.25
5.88 3.62 13.68 1.54 3.78 7.84 8.07 17.33 18.60 9.99 14.87 14.69 22.11 10.20 14.36 7.26
16.80 17.00 7.12 19.28 21.32 14.22 21.03 13.47 1.79 17.92 8.03 16.98 13.82 9.57 13.58 18.78
17.59 18.66 7.63 20.52 22.37 14.91 21.57 15.88 2.23 18.15 7.86 19.36 16.06 10.68 15.96 20.78
18.64 17.01 10.12 20.21 22.54 16.37 23.17 9.93 6.06 20.61 11.63 14.15 9.49 11.36 10.82 17.71
10.79 7.37 18.89 6.26 6.52 13.04 11.40 19.90 23.61 14.41 20.15 16.17 24.89 15.35 16.90 8.22
22.34 18.64 15.53 22.73 25.29 20.55 26.99 6.60 12.37 25.13 17.38 11.58 3.46 15.67 9.07 17.73
17.71 17.15 8.41 19.83 22.00 15.24 22.08 12.11 3.58 19.18 9.60 15.95 12.09 10.38 12.55 18.49
22.20 22.10 12.41 24.64 26.71 19.61 26.39 15.82 6.77 23.16 12.97 20.18 14.37 14.98 16.85 23.39
22.48 17.85 16.91 22.24 24.85 21.01 27.09 4.48 14.59 25.68 18.94 9.25 0.77 16.39 7.41 16.22
15.91 13.72 8.59 17.09 19.50 13.86 20.52 7.91 6.56 18.33 10.53 11.45 9.18 8.87 8.04 14.38
20.77 19.79 11.51 22.73 24.96 18.34 25.18 12.64 6.34 22.29 12.59 17.05 11.34 13.44 13.76 20.67
9.70 2.52 14.45 6.27 8.57 10.72 12.77 13.49 18.33 14.05 16.18 10.17 18.45 10.88 10.48 2.44
10.40 5.85 17.75 5.87 6.86 12.38 11.76 18.07 22.26 14.34 19.15 14.34 23.05 14.17 15.07 6.38
19.42 18.39 10.30 21.33 23.57 17.01 23.85 11.79 5.41 21.03 11.51 16.02 11.01 12.09 12.68 19.36
9.04 7.01 17.71 4.66 4.49 11.45 9.34 20.32 22.68 12.46 18.80 16.96 25.24 14.26 17.30 8.98
20.87 15.00 17.63 19.65 22.26 19.97 25.26 2.47 16.91 24.62 19.84 4.60 5.27 16.06 4.46 12.38
2.86 4.61 10.83 2.36 4.31 4.59 6.46 17.23 16.06 7.20 11.81 15.48 21.69 7.55 14.42 9.10
20.36 18.70 11.66 21.95 24.28 18.07 24.88 10.68 7.12 22.25 13.04 15.18 9.38 13.07 11.94 19.23
5.60 8.33 15.47 3.67 1.05 8.34 4.40 21.93 20.94 7.91 16.04 19.50 26.58 12.50 19.00 12.02
19.51 18.65 10.25 21.51 23.72 17.07 23.90 12.26 5.19 21.02 11.38 16.47 11.48 12.17 13.12 19.70
17.95 17.24 8.74 20.00 22.19 15.51 22.35 11.85 3.99 19.49 9.97 15.76 11.72 10.62 12.37 18.48
22.16 21.47 12.64 24.30 26.48 19.66 26.49 14.28 7.16 23.45 13.48 18.78 12.61 14.85 15.50 22.44
18.75 17.29 10.06 20.42 22.72 16.44 23.25 10.40 5.78 20.62 11.50 14.60 9.89 11.45 11.26 18.07
14.60 13.21 6.76 16.19 18.49 12.40 19.15 9.48 5.09 16.75 8.67 12.54 11.04 7.38 9.16 14.46
17.46 16.63 8.41 19.44 21.65 15.05 21.89 11.37 3.99 19.10 9.75 15.20 11.45 10.13 11.80 17.85
17.13 17.45 7.38 19.69 21.70 14.54 21.33 13.89 1.86 18.17 8.18 17.44 14.12 9.95 14.04 19.25
18.50 18.02 9.09 20.68 22.83 16.01 22.85 12.65 3.94 19.89 10.15 16.62 12.31 11.19 13.23 19.33
17.50 16.08 8.97 19.16 21.46 15.22 22.02 9.99 5.20 19.44 10.53 13.93 10.11 10.22 10.55 16.99
18.42 18.19 8.85 20.73 22.83 15.89 22.71 13.24 3.50 19.66 9.79 17.13 12.96 11.13 13.74 19.64
17.23 15.79 8.77 18.87 21.17 14.96 21.75 9.85 5.16 19.20 10.37 13.72 10.11 9.95 10.34 16.71
13.69 8.46 20.63 9.16 9.98 15.61 14.89 18.82 24.82 17.62 22.15 14.51 23.80 17.02 15.94 7.20
3.58 5.98 12.97 1.48 1.93 6.14 5.07 19.32 18.33 7.19 13.74 17.19 23.89 9.83 16.43 10.13
18.23 14.23 12.59 18.37 20.94 16.65 22.86 3.77 10.96 21.31 14.68 8.24 5.18 11.98 5.16 13.45
19.03 17.96 9.98 20.91 23.16 16.64 23.47 11.49 5.23 20.69 11.24 15.67 10.88 11.70 12.32 18.93
11.94 12.49 2.93 14.43 16.43 9.43 16.27 12.77 3.97 13.43 4.84 14.97 14.85 4.68 11.79 14.90
20.37 19.06 11.37 22.14 24.42 18.00 24.83 11.59 6.51 22.07 12.61 16.02 10.36 13.04 12.74 19.79
19.94 18.43 11.15 21.60 23.91 17.62 24.44 10.84 6.57 21.77 12.51 15.26 9.77 12.63 11.98 19.08
19.00 16.70 11.09 20.20 22.61 16.88 23.59 8.41 7.56 21.27 12.78 12.82 7.83 11.86 9.57 16.98
19.42 19.03 9.88 21.67 23.80 16.90 23.73 13.37 4.49 20.69 10.79 17.46 12.70 12.12 14.09 20.33
14.72 11.28 9.47 15.13 17.66 13.10 19.36 5.78 9.14 17.76 11.65 8.48 8.70 8.47 5.10 11.39
17.77 13.97 11.97 18.03 20.59 16.13 22.41 4.28 10.35 20.78 14.05 8.55 5.76 11.42 5.35 13.39
8.08 2.73 14.62 4.00 6.07 9.66 10.53 15.87 19.09 12.32 16.08 12.75 20.78 11.02 12.86 4.99
16.72 15.66 7.98 18.55 20.80 14.37 21.20 10.58 4.24 18.53 9.51 14.27 11.02 9.40 10.87 16.83
11.82 13.94 1.89 15.06 16.72 9.11 15.73 15.56 4.03 12.38 2.43 17.66 17.49 5.40 14.54 16.89
17.66 16.36 8.98 19.39 21.67 15.34 22.16 10.34 4.99 19.52 10.48 14.29 10.37 10.35 10.91 17.32
16.82 11.84 13.01 16.26 18.88 15.65 21.35 2.32 12.72 20.33 15.23 5.25 6.68 11.50 1.99 10.49
20.11 19.52 10.64 22.27 24.43 17.61 24.44 13.27 5.28 21.44 11.59 17.50 12.31 12.79 14.16 20.67
21.40 15.35 18.41 20.03 22.62 20.58 25.74 3.31 17.77 25.21 20.63 4.58 5.78 16.77 5.03 12.52
15.57 14.70 6.88 17.47 19.69 13.22 20.04 10.68 3.81 17.38 8.50 14.04 11.62 8.24 10.64 16.08
7.17 6.81 16.32 3.17 2.42 9.71 7.29 20.49 21.50 10.41 17.24 17.55 25.32 13.00 17.49 9.74
18.62 16.96 10.13 20.17 22.51 16.36 23.15 9.85 6.11 20.60 11.66 14.07 9.42 11.35 10.74 17.64
19.13 18.71 9.63 21.35 23.49 16.62 23.45 13.13 4.30 20.43 10.59 17.19 12.56 11.83 13.81 20.01
8.46 4.36 15.90 3.97 5.37 10.41 10.16 17.47 20.55 12.48 17.24 14.17 22.40 12.33 14.45 6.24
13.94 16.53 4.37 17.45 18.97 11.19 17.53 17.44 3.79 13.87 3.58 19.93 18.80 7.97 16.71 19.50
19.73 20.34 9.80 22.47 24.41 17.07 23.78 16.02 4.18 20.40 10.13 19.92 15.48 12.67 16.52 22.12
7.68 3.30 14.80 3.38 5.27 9.47 9.84 16.68 19.43 11.84 16.16 13.61 21.57 11.22 13.67 5.84
12.94 14.33 3.03 15.89 17.70 10.28 17.01 14.54 2.63 13.79 3.98 16.99 16.17 6.06 13.76 16.93
16.26 12.54 10.80 16.54 19.09 14.66 20.90 4.69 9.81 19.32 12.94 8.20 7.15 10.00 4.83 12.22
1.40 8.02 8.72 5.82 6.56 1.44 5.46 18.79 14.34 3.96 9.07 17.95 22.78 6.34 16.27 12.52
15.93 14.88 7.34 17.75 19.99 13.60 20.42 10.38 4.16 17.80 8.97 13.86 11.20 8.61 10.46 16.14
17.01 18.22 7.04 19.99 21.81 14.32 20.96 15.90 1.82 17.53 7.23 19.25 16.27 10.16 15.86 20.44
6.41 11.50 16.12 6.84 4.54 8.88 2.29 24.73 21.77 6.41 16.18 22.71 29.19 13.73 21.90 15.49
11.48 5.87 18.04 7.07 8.40 13.22 13.25 16.95 22.24 15.58 19.59 12.98 21.95 14.44 13.99 5.17
17.80 16.20 9.38 19.36 21.69 15.54 22.33 9.67 5.66 19.80 10.97 13.70 9.66 10.53 10.33 16.98
21.23 19.17 12.79 22.61 24.99 19.01 25.79 10.16 8.39 23.28 14.24 14.86 8.36 14.00 11.73 19.41
18.53 19.22 8.60 21.30 23.22 15.87 22.58 15.52 2.99 19.24 8.99 19.23 15.35 11.49 15.83 21.11
8.93 3.05 15.17 4.86 6.85 10.45 11.38 15.57 19.48 13.18 16.70 12.24 20.52 11.56 12.56 4.35
17.23 16.33 8.27 19.16 21.38 14.84 21.68 11.10 4.06 18.92 9.67 14.89 11.29 9.90 11.50 17.53
6.32 1.10 11.35 4.13 6.75 7.11 10.01 14.13 15.80 10.67 12.89 11.95 18.83 7.74 11.21 5.60
19.59 20.33 9.64 22.40 24.31 16.92 23.61 16.25 4.07 20.20 9.91 20.10 15.79 12.58 16.70 22.18
12.37 15.49 3.38 16.05 17.45 9.62 15.82 17.79 5.16 12.12 1.93 19.87 19.58 6.92 16.77 18.74
7.65 2.80 14.45 3.52 5.59 9.31 10.04 16.18 19.01 11.87 15.86 13.15 21.06 10.86 13.16 5.44
19.21 17.93 10.31 20.98 23.26 16.86 23.68 11.04 5.71 20.97 11.64 15.30 10.33 11.89 11.96 18.76
14.20 9.48 21.58 9.64 10.12 16.27 15.00 20.13 25.90 17.96 23.03 15.81 25.12 17.98 17.25 8.50
11.75 6.87 18.93 7.21 8.11 13.71 13.02 18.34 23.30 15.68 20.38 14.35 23.34 15.33 15.38 6.56
18.34 16.78 9.80 19.94 22.26 16.06 22.86 9.98 5.78 20.29 11.32 14.12 9.69 11.06 10.77 17.54
22.05 21.39 12.52 24.20 26.38 19.55 26.38 14.29 7.04 23.33 13.36 18.76 12.66 14.74 15.48 22.38
18.96 18.29 9.62 21.05 23.23 16.49 23.33 12.44 4.52 20.41 10.72 16.52 11.90 11.63 13.15 19.48
7.78 10.13 2.29 10.89 12.57 5.16 11.97 15.07 7.77 9.12 3.71 15.97 18.09 1.68 13.29 13.59
16.58 16.77 6.93 19.06 21.09 14.01 20.83 13.35 1.70 17.73 7.88 16.82 13.78 9.35 13.43 18.56
16.15 14.31 8.36 17.54 19.90 14.01 20.73 8.69 5.84 18.39 10.19 12.30 9.65 8.99 8.90 15.13
18.23 16.08 10.31 19.50 21.90 16.11 22.82 8.47 6.96 20.48 12.03 12.70 8.33 11.09 9.38 16.51
12.01 5.81 17.98 7.74 9.29 13.57 14.08 16.01 21.95 16.20 19.62 11.94 21.01 14.38 13.08 4.27
20.24 13.44 19.20 18.10 20.60 19.93 24.26 5.93 19.67 24.35 21.44 2.49 9.68 16.89 5.48 9.81
2.74 4.85 9.39 3.78 5.68 3.52 7.09 16.46 14.62 6.98 10.43 15.10 20.78 6.11 13.75 9.35
8.42 7.37 17.46 4.29 3.60 10.94 8.36 20.90 22.57 11.62 18.43 17.71 25.79 14.09 17.89 9.78
18.46 16.95 9.85 20.09 22.41 16.17 22.97 10.15 5.74 20.38 11.34 14.31 9.80 11.17 10.97 17.73
16.09 15.27 7.25 18.04 20.25 13.72 20.55 10.92 3.68 17.83 8.78 14.42 11.61 8.76 11.02 16.63
16.46 16.57 6.86 18.89 20.94 13.91 20.73 13.11 1.81 17.67 7.88 16.57 13.58 9.21 13.17 18.33
2.15 7.58 7.82 6.06 7.17 0.75 6.52 17.80 13.40 4.85 8.36 17.10 21.74 5.29 15.32 12.01
16.09 15.49 7.05 18.15 20.33 13.67 20.51 11.41 3.21 17.71 8.48 14.88 12.07 8.76 11.48 16.95
2.80 5.57 11.94 1.77 2.96 5.19 5.31 18.60 17.29 6.79 12.75 16.68 23.10 8.79 15.75 9.92
4.60 9.78 5.84 8.74 9.75 1.94 8.17 18.16 11.49 5.11 5.90 18.19 21.65 4.50 15.99 14.02
21.38 20.63 11.92 23.47 25.66 18.89 25.73 13.64 6.53 22.73 12.85 18.06 12.19 14.06 14.77 21.62
9.71 5.00 16.90 5.22 6.48 11.61 11.33 17.46 21.40 13.73 18.31 13.88 22.44 13.31 14.45 5.89
17.81 17.96 8.09 20.29 22.33 15.23 22.03 13.82 2.57 18.89 8.89 17.54 13.81 10.59 14.13 19.63
10.50 6.18 18.02 5.94 6.79 12.54 11.70 18.46 22.56 14.38 19.38 14.72 23.44 14.44 15.46 6.77
6.48 11.09 4.33 10.52 11.62 3.78 9.92 18.00 9.90 6.50 4.05 18.54 21.13 4.20 16.07 15.12
13.47 9.99 21.69 8.99 8.88 15.79 13.59 21.78 26.35 16.89 22.95 17.68 26.78 18.13 18.83 10.01
12.55 15.51 3.35 16.18 17.61 9.80 16.06 17.55 4.81 12.39 2.12 19.69 19.29 6.93 16.57 18.70
11.23 5.82 17.97 6.79 8.05 13.02 12.92 17.19 22.23 15.30 19.48 13.28 22.19 14.36 14.22 5.42
19.90 18.89 10.73 21.83 24.07 17.49 24.33 12.06 5.73 21.48 11.90 16.37 11.09 12.57 13.04 19.82
16.94 16.81 7.44 19.26 21.35 14.41 21.24 12.77 2.44 18.24 8.52 16.37 13.06 9.65 12.97 18.42
16.74 15.10 8.58 18.26 20.60 14.53 21.30 9.26 5.48 18.84 10.30 13.03 9.82 9.51 9.63 15.97
20.02 18.26 11.45 21.54 23.89 17.76 24.55 10.24 7.08 21.98 12.89 14.72 9.09 12.75 11.47 18.76
7.32 3.69 14.82 2.90 4.66 9.24 9.28 17.21 19.56 11.40 16.11 14.20 22.08 11.27 14.20 6.46
17.79 13.42 12.78 17.67 20.27 16.35 22.40 2.86 11.64 21.03 14.93 7.11 5.44 11.84 4.02 12.42
14.54 16.61 4.67 17.84 19.49 11.81 18.30 16.59 2.61 14.75 4.42 19.30 17.75 8.15 16.03 19.34
14.72 11.76 8.82 15.42 17.91 12.95 19.37 6.56 8.19 17.57 10.96 9.45 9.03 8.16 6.06 12.16
9.09 5.60 16.99 4.53 5.33 11.23 10.24 18.60 21.72 12.91 18.26 15.17 23.55 13.45 15.59 7.19
6.63 4.71 14.92 2.07 3.33 8.84 8.07 18.39 19.90 10.49 16.05 15.51 23.22 11.47 15.39 7.82
18.28 17.29 9.24 20.19 22.42 15.88 22.72 11.34 4.65 19.94 10.55 15.37 11.06 10.94 11.99 18.37
17.17 12.89 12.21 17.11 19.70 15.72 21.78 3.23 11.24 20.40 14.37 7.13 6.06 11.22 3.89 12.04
19.97 16.01 13.87 20.16 22.74 18.31 24.60 4.43 11.58 22.95 15.88 9.32 3.81 13.55 6.55 15.10
21.89 15.85 18.81 20.53 23.13 21.06 26.24 3.63 18.05 25.69 21.02 5.04 5.61 17.21 5.51 13.00
4.58 2.96 11.52 2.22 4.80 6.01 7.94 16.14 16.45 8.92 12.75 14.05 20.76 8.03 13.25 7.40
10.77 6.98 18.65 6.21 6.69 12.94 11.60 19.38 23.29 14.49 19.95 15.62 24.36 15.09 16.38 7.68
8.44 13.60 5.07 12.75 13.57 5.95 11.12 19.90 9.90 7.18 3.58 20.79 22.66 6.38 18.17 17.64
20.99 20.27 11.54 23.09 25.28 18.50 25.34 13.47 6.17 22.35 12.48 17.84 12.16 13.67 14.53 21.30
16.78 16.28 7.56 18.91 21.07 14.32 21.16 11.86 3.11 18.29 8.84 15.48 12.22 9.45 12.08 17.72
16.18 15.62 7.09 18.27 20.44 13.75 20.59 11.53 3.12 17.78 8.49 15.02 12.15 8.85 11.62 17.10
17.22 16.52 8.09 19.26 21.44 14.79 21.63 11.58 3.64 18.80 9.41 15.33 11.76 9.88 11.93 17.83
19.41 18.69 10.08 21.49 23.68 16.95 23.79 12.53 4.94 20.87 11.16 16.70 11.80 12.09 13.34 19.81
8.84 4.82 16.39 4.32 5.51 10.85 10.36 17.81 21.04 12.81 17.72 14.42 22.75 12.83 14.79 6.46
18.04 17.78 8.53 20.33 22.44 15.52 22.35 12.96 3.29 19.33 9.53 16.80 12.82 10.75 13.40 19.24
16.51 16.27 7.12 18.77 20.88 14.01 20.85 12.36 2.50 17.90 8.32 15.88 12.82 9.20 12.48 17.87
20.38 20.59 10.55 22.95 24.97 17.77 24.53 15.41 4.89 21.26 11.06 19.49 14.57 13.22 16.11 22.13
17.38 12.50 13.25 16.90 19.52 16.15 21.93 1.98 12.67 20.83 15.45 5.63 6.03 11.90 2.54 11.15
9.42 2.88 15.07 5.57 7.67 10.75 12.11 14.75 19.20 13.73 16.69 11.36 19.72 11.47 11.74 3.46
17.93 14.74 11.28 18.57 21.08 16.09 22.57 5.83 9.05 20.66 13.25 10.12 6.45 11.20 6.87 14.56
17.01 18.65 7.06 20.18 21.90 14.28 20.81 16.92 2.58 17.25 6.91 20.17 17.36 10.39 16.80 21.06
20.27 19.83 10.71 22.50 24.64 17.75 24.57 13.72 5.25 21.52 11.57 17.94 12.74 12.97 14.59 21.04
2.94 8.59 7.21 7.12 8.08 0.38 6.83 18.21 12.85 4.46 7.51 17.78 21.98 5.12 15.84 12.98
4.80 5.55 13.87 0.93 1.72 7.26 6.04 19.17 19.11 8.44 14.76 16.74 23.86 10.60 16.23 9.39
23.56 17.39 20.51 22.08 24.66 22.77 27.87 5.30 19.58 27.39 22.71 6.33 6.13 18.94 7.22 14.31
18.59 12.63 16.00 17.28 19.89 17.81 22.94 2.25 15.96 22.42 18.24 2.75 6.93 14.13 2.27 10.10
22.15 21.12 12.82 24.11 26.34 19.70 26.54 13.42 7.51 23.61 13.81 17.99 11.62 14.81 14.75 21.91
4.06 6.94 6.32 6.88 8.56 2.18 8.62 15.77 11.69 6.86 7.34 15.38 19.62 3.29 13.39 11.08
11.24 15.00 3.46 15.14 16.37 8.52 14.47 18.54 6.64 10.68 1.27 20.27 20.64 6.59 17.29 18.52
19.46 17.91 10.76 21.09 23.40 17.16 23.97 10.50 6.34 21.34 12.17 14.85 9.65 12.16 11.55 18.58
18.45 17.91 9.08 20.60 22.76 15.97 22.81 12.49 3.99 19.87 10.17 16.46 12.17 11.13 13.08 19.20
19.07 18.96 9.40 21.45 23.53 16.51 23.32 13.86 3.89 20.20 10.21 17.84 13.37 11.81 14.45 20.42
18.00 11.68 16.24 16.37 18.95 17.42 22.23 3.70 16.69 21.95 18.48 1.28 8.40 14.07 2.47 8.83
18.51 18.51 8.82 20.94 23.00 15.94 22.74 13.85 3.30 19.61 9.62 17.71 13.57 11.27 14.31 20.07
9.51 6.97 17.98 5.05 5.08 11.85 9.95 20.08 22.87 13.01 19.13 16.61 25.03 14.49 17.07 8.63
19.23 13.54 15.97 18.16 20.78 18.28 23.65 1.16 15.48 22.93 18.19 4.00 5.68 14.35 2.85 11.24
21.10 17.24 14.68 21.37 23.94 19.39 25.74 5.31 11.98 24.00 16.62 10.28 3.30 14.57 7.67 16.30
17.20 16.13 8.39 19.04 21.29 14.85 21.67 10.70 4.39 18.98 9.86 14.51 10.92 9.88 11.12 17.25
6.28 9.40 3.70 9.63 11.17 3.63 10.43 15.90 9.28 7.66 4.58 16.36 19.19 2.07 13.90 13.20
19.34 13.52 16.31 18.16 20.78 18.46 23.74 1.63 15.92 23.10 18.53 3.65 5.98 14.62 2.94 11.08
20.93 21.06 11.10 23.47 25.50 18.32 25.09 15.57 5.45 21.82 11.62 19.74 14.55 13.75 16.37 22.54
6.61 5.98 15.54 2.37 2.34 9.06 7.25 19.69 20.68 10.09 16.52 16.83 24.49 12.18 16.69 9.11
17.27 11.58 14.50 16.18 18.80 16.39 21.67 2.27 14.61 21.02 16.73 3.30 7.27 12.63 0.86 9.51
17.99 17.18 8.85 19.99 22.19 15.57 22.40 11.64 4.18 19.58 10.12 15.58 11.49 10.66 12.19 18.37
10.69 7.19 18.74 6.15 6.48 12.92 11.38 19.72 23.44 14.34 20.00 15.99 24.70 15.19 16.71 8.04
12.00 15.55 3.70 15.85 17.12 9.27 15.27 18.50 6.07 11.48 1.74 20.42 20.41 7.06 17.38 18.97
18.18 18.06 8.57 20.54 22.62 15.63 22.45 13.37 3.18 19.38 9.48 17.21 13.19 10.91 13.81 19.58
9.79 14.50 4.55 13.99 14.94 7.20 12.60 19.73 8.77 8.67 2.60 20.98 22.20 6.69 18.20 18.36
22.27 20.30 13.65 23.71 26.09 20.02 26.81 11.05 8.98 24.23 15.01 15.82 8.82 15.01 12.74 20.52
8.92 7.09 17.68 4.59 4.32 11.36 9.15 20.45 22.67 12.30 18.74 17.12 25.37 14.24 17.43 9.15
9.90 11.78 0.57 12.93 14.68 7.25 14.02 14.68 5.66 10.96 2.81 16.24 17.18 3.23 13.29 14.87
19.59 14.06 15.99 18.65 21.27 18.57 24.05 0.81 15.27 23.23 18.20 4.67 5.01 14.52 3.32 11.87
3.98 4.56 12.48 0.69 3.02 6.14 6.41 17.94 17.67 8.07 13.47 15.76 22.56 9.16 15.04 8.76
2.85 6.77 12.61 2.48 2.30 5.55 4.14 19.85 18.08 6.18 13.24 17.91 24.33 9.65 17.01 11.04
7.34 9.04 3.20 10.08 11.91 4.90 11.73 14.29 8.33 9.23 4.83 14.96 17.53 0.56 12.38 12.45
5.31 8.53 4.71 8.58 10.13 2.75 9.59 15.95 10.24 7.11 5.61 16.09 19.46 2.37 13.80 12.47
15.88 15.68 6.56 18.14 20.25 13.40 20.23 12.20 2.37 17.32 7.85 15.57 12.91 8.58 12.18 17.34
11.07 5.23 17.41 6.74 8.25 12.72 13.05 16.37 21.57 15.23 18.99 12.50 21.37 13.81 13.40 4.61
9.54 3.26 15.45 5.54 7.52 10.98 12.06 15.18 19.63 13.82 17.04 11.72 20.15 11.85 12.17 3.77
19.52 18.89 10.12 21.64 23.82 17.04 23.88 12.82 4.88 20.92 11.14 16.99 12.07 12.20 13.62 20.05
8.12 9.51 2.69 10.78 12.66 5.68 12.51 13.87 7.59 9.95 4.58 14.79 16.96 0.96 12.09 12.72
10.83 5.65 17.74 6.36 7.59 12.67 12.46 17.36 22.08 14.87 19.22 13.54 22.36 14.14 14.38 5.62
19.71 14.20 16.04 18.79 21.41 18.67 24.18 0.82 15.26 23.34 18.24 4.82 4.85 14.60 3.46 12.03
19.31 18.56 9.99 21.37 23.56 16.85 23.69 12.43 4.89 20.78 11.09 16.58 11.74 11.98 13.22 19.68
17.49 16.36 8.68 19.31 21.56 15.14 21.96 10.69 4.58 19.27 10.13 14.57 10.78 10.17 11.18 17.43
20.67 13.96 19.33 18.63 21.14 20.29 24.74 5.63 19.61 24.75 21.57 2.84 9.14 17.13 5.52 10.41
17.32 17.02 7.90 19.57 21.69 14.82 21.66 12.53 2.94 18.69 9.01 16.24 12.67 10.02 12.84 18.51
16.15 14.79 7.84 17.81 20.10 13.89 20.68 9.74 4.83 18.16 9.54 13.31 10.53 8.88 9.91 15.86
3.86 3.56 10.17 3.22 5.56 4.81 7.85 15.79 15.17 8.19 11.39 14.12 20.26 6.71 12.99 8.07
3.66 8.46 6.35 7.51 8.71 0.93 7.74 17.44 11.97 5.32 6.82 17.18 21.14 4.20 15.13 12.74
19.44 17.96 10.68 21.11 23.41 17.12 23.94 10.67 6.20 21.28 12.07 15.00 9.83 12.13 11.69 18.67
11.44 5.49 17.69 7.12 8.61 13.07 13.42 16.33 21.79 15.60 19.28 12.37 21.33 14.08 13.37 4.55
16.89 18.52 6.94 20.05 21.78 14.16 20.70 16.82 2.46 17.15 6.81 20.05 17.29 10.26 16.68 20.92
6.56 1.19 11.02 4.64 7.26 7.14 10.39 13.63 15.37 10.87 12.62 11.55 18.30 7.42 10.72 5.48
18.23 17.49 9.02 20.27 22.47 15.79 22.63 11.91 4.19 19.77 10.23 15.88 11.66 10.90 12.49 18.70
5.40 4.12 13.59 0.92 3.18 7.50 7.42 17.82 18.62 9.42 14.69 15.27 22.56 10.16 14.85 7.89
21.13 21.21 11.31 23.64 25.68 18.52 25.29 15.57 5.66 22.04 11.84 19.77 14.48 13.94 16.41 22.64
4.98 10.85 6.46 9.39 10.10 2.71 7.88 19.39 12.03 4.36 6.08 19.45 22.80 5.64 17.24 15.17
19.89 18.83 10.75 21.79 24.04 17.48 24.32 11.95 5.78 21.49 11.93 16.26 10.98 12.56 12.94 19.74
18.85 18.57 9.29 21.14 23.25 16.32 23.14 13.32 3.90 20.09 10.20 17.30 12.88 11.56 13.91 19.96
4.60 11.33 8.11 9.16 9.43 3.22 6.56 20.79 13.66 2.75 7.59 20.59 24.33 7.19 18.54 15.78
17.05 17.10 7.43 19.47 21.53 14.50 21.31 13.24 2.18 18.24 8.40 16.83 13.49 9.80 13.42 18.79
16.67 13.02 10.99 17.00 19.55 15.03 21.31 4.73 9.74 19.68 13.10 8.49 6.83 10.33 5.14 12.69
14.16 17.73 5.68 18.06 19.30 11.45 17.25 19.75 6.10 13.34 3.95 22.04 21.19 9.19 18.89 21.04
19.79 18.96 10.49 21.82 24.02 17.34 24.18 12.49 5.36 21.27 11.58 16.73 11.60 12.46 13.39 20.01
17.06 13.23 11.49 17.29 19.85 15.46 21.69 4.27 10.20 20.11 13.61 8.21 6.37 10.79 4.91 12.73
8.98 3.52 15.55 4.75 6.57 10.63 11.20 16.12 19.94 13.18 17.04 12.74 21.07 11.95 13.10 4.81
6.84 10.93 3.61 10.68 11.94 4.09 10.50 17.32 9.22 7.20 3.60 17.98 20.40 3.58 15.44 14.83
12.06 15.06 2.93 15.69 17.12 9.31 15.60 17.40 5.04 11.95 1.65 19.43 19.26 6.48 16.34 18.29
17.11 17.68 7.26 19.79 21.75 14.48 21.24 14.47 1.61 18.00 7.89 17.97 14.73 10.00 14.57 19.61
21.44 19.81 12.59 23.06 25.39 19.12 25.94 11.42 7.79 23.25 13.88 16.05 9.66 14.13 12.86 20.30
20.20 19.07 11.08 22.08 24.33 17.80 24.64 11.95 6.11 21.82 12.27 16.33 10.84 12.87 13.02 19.92
10.51 4.67 16.84 6.23 7.84 12.14 12.59 16.16 21.04 14.69 18.40 12.41 21.15 13.24 13.17 4.45
21.74 20.10 12.87 23.36 25.69 19.42 26.24 11.58 8.03 23.55 14.14 16.24 9.70 14.43 13.07 20.57
7.08 12.44 5.33 11.41 12.21 4.62 9.85 19.56 10.60 6.03 4.36 20.15 22.59 5.80 17.66 16.58
17.64 18.16 7.78 20.30 22.27 15.01 21.77 14.61 2.13 18.52 8.38 18.22 14.69 10.52 14.81 20.02
9.79 13.23 2.07 13.52 14.87 7.04 13.34 17.29 6.75 9.77 0.65 18.74 19.71 4.84 15.86 16.76
18.61 13.00 15.36 17.60 20.21 17.64 23.04 1.07 14.98 22.30 17.58 3.92 5.98 13.72 2.26 10.84
18.14 18.41 8.36 20.70 22.71 15.54 22.33 14.29 2.75 19.13 9.05 18.03 14.17 10.96 14.63 20.13
17.10 17.63 7.26 19.76 21.72 14.48 21.25 14.36 1.63 18.02 7.93 17.87 14.63 9.97 14.47 19.53
12.41 13.33 2.85 15.11 17.03 9.82 16.63 13.52 3.23 13.61 4.40 15.85 15.37 5.29 12.64 15.82
19.42 18.26 10.39 21.26 23.52 17.04 23.87 11.46 5.62 21.10 11.66 15.72 10.67 12.09 12.39 19.15
1.43 7.13 8.59 5.28 6.36 1.54 5.99 17.97 14.14 4.86 9.17 17.05 22.03 5.91 15.41 11.62
19.63 16.01 13.15 20.04 22.59 17.87 24.27 5.21 10.66 22.48 15.12 9.98 4.64 13.03 7.04 15.38
20.37 18.57 11.77 21.88 24.23 18.10 24.90 10.36 7.34 22.32 13.20 14.89 9.04 13.09 11.67 19.04
13.09 16.77 4.86 17.02 18.23 10.38 16.20 19.37 6.25 12.31 2.96 21.46 21.05 8.27 18.37 20.17
19.03 17.70 10.19 20.77 23.06 16.69 23.52 10.84 5.70 20.83 11.57 15.07 10.21 11.72 11.74 18.53
13.98 14.35 4.53 16.47 18.49 11.44 18.27 12.84 2.15 15.29 5.91 15.66 14.21 6.74 12.34 16.46
19.12 17.69 10.36 20.81 23.11 16.80 23.62 10.62 5.94 20.96 11.76 14.89 9.94 11.82 11.57 18.45
15.63 14.05 7.69 17.15 19.48 13.44 20.19 9.17 5.30 17.79 9.52 12.60 10.30 8.42 9.20 15.07
21.16 20.82 11.51 23.47 25.58 18.61 25.43 14.54 5.94 22.30 12.25 18.84 13.30 13.89 15.51 22.04
13.98 14.97 4.15 16.77 18.66 11.35 18.12 14.09 1.57 14.94 5.10 16.84 15.40 6.95 13.54 17.33
18.52 17.55 9.45 20.44 22.67 16.12 22.95 11.48 4.76 20.16 10.73 15.55 11.10 11.19 12.18 18.61
4.79 4.92 13.53 0.37 2.36 7.10 6.50 18.54 18.70 8.65 14.50 16.11 23.23 10.19 15.60 8.81
4.84 6.52 6.11 7.11 9.01 3.14 9.46 14.81 11.26 7.82 7.41 14.47 18.67 2.75 12.44 10.46
16.29 15.69 7.21 18.36 20.53 13.86 20.70 11.48 3.21 17.89 8.61 15.00 12.06 8.95 11.60 17.14
5.83 5.96 14.92 1.80 1.69 8.32 6.53 19.68 20.13 9.29 15.84 17.01 24.43 11.62 16.71 9.42
19.39 19.76 9.52 22.01 24.00 16.76 23.51 15.22 3.87 20.23 10.03 19.13 14.72 12.25 15.73 21.44
3.72 4.70 12.29 0.92 3.04 5.89 6.23 18.00 17.51 7.81 13.25 15.88 22.59 9.00 15.11 8.96
23.15 21.67 14.06 24.88 27.18 20.78 27.61 12.93 8.93 24.81 15.18 17.68 10.61 15.82 14.56 22.14
7.10 10.99 3.28 10.88 12.18 4.35 10.81 17.10 8.90 7.52 3.35 17.83 20.13 3.42 15.26 14.84
13.03 9.36 21.11 8.52 8.56 15.30 13.33 21.16 25.73 16.54 22.40 17.09 26.16 17.55 18.20 9.38
21.83 19.47 13.60 23.04 25.46 19.67 26.41 9.76 9.34 23.99 15.11 14.56 7.57 14.65 11.53 19.48
14.33 13.61 5.83 16.27 18.47 11.99 18.81 10.74 3.88 16.19 7.61 13.72 12.20 7.01 10.36 15.20
14.97 11.59 9.52 15.42 17.95 13.31 19.61 5.77 9.00 17.96 11.69 8.65 8.52 8.64 5.26 11.70
15.56 12.47 9.50 16.21 18.71 13.79 20.20 6.10 8.42 18.40 11.61 9.40 8.25 8.98 6.00 12.66
21.78 19.81 13.20 23.21 25.59 19.54 26.33 10.73 8.62 23.76 14.59 15.46 8.71 14.52 12.35 20.06
17.43 17.15 7.97 19.69 21.81 14.92 21.75 12.65 2.94 18.77 9.06 16.38 12.75 10.13 12.98 18.66
13.48 16.19 4.00 17.03 18.52 10.73 17.05 17.45 4.09 13.38 3.10 19.83 18.94 7.60 16.64 19.22
16.55 13.27 10.40 17.11 19.63 14.79 21.19 5.56 8.92 19.41 12.48 9.31 7.29 9.98 5.94 13.20
8.23 11.17 1.82 11.66 13.19 5.51 12.17 15.97 7.48 9.01 2.64 17.04 18.80 2.82 14.30 14.71
3.14 4.57 11.37 1.82 3.83 5.06 6.35 17.49 16.59 7.41 12.35 15.60 22.00 8.08 14.65 9.00
18.75 19.16 8.89 21.38 23.37 16.12 22.88 14.96 3.23 19.60 9.42 18.77 14.68 11.61 15.37 20.91
18.20 13.22 14.01 17.66 20.28 16.98 22.74 1.26 13.22 21.66 16.20 5.62 5.30 12.72 2.90 11.68
8.35 13.29 4.61 12.58 13.49 5.78 11.21 19.43 9.54 7.35 3.22 20.34 22.19 5.93 17.70 17.28
20.91 19.17 12.22 22.46 24.80 18.63 25.44 10.78 7.62 22.82 13.59 15.38 9.22 13.63 12.18 19.61
19.95 18.84 10.83 21.83 24.08 17.55 24.38 11.87 5.89 21.57 12.03 16.20 10.87 12.62 12.89 19.72
20.31 19.21 11.16 22.20 24.45 17.90 24.74 12.09 6.14 21.91 12.32 16.46 10.93 12.98 13.16 20.07
19.80 15.14 14.74 19.51 22.12 18.40 24.39 2.36 13.15 23.08 16.85 7.33 3.45 13.90 4.91 13.70
18.98 18.13 9.78 20.98 23.19 16.55 23.39 12.00 4.84 20.53 10.95 16.12 11.43 11.65 12.76 19.22
11.01 7.57 19.12 6.48 6.70 13.26 11.57 20.04 23.83 14.61 20.37 16.27 25.03 15.57 17.04 8.33
8.88 2.14 14.33 5.25 7.51 10.10 11.78 14.39 18.47 13.22 15.95 11.20 19.33 10.73 11.38 3.50
3.64 4.70 12.21 1.01 3.10 5.80 6.21 17.97 17.43 7.75 13.17 15.88 22.56 8.92 15.09 8.98
18.75 18.64 9.11 21.13 23.21 16.20 23.02 13.67 3.64 19.92 9.95 17.60 13.29 11.49 14.21 20.12
21.75 17.89 15.22 22.03 24.60 20.02 26.39 5.76 12.35 24.63 17.14 10.74 3.07 15.18 8.23 16.90
14.97 10.68 10.80 14.85 17.44 13.63 19.56 4.51 10.86 18.32 13.02 6.74 8.26 9.33 3.37 10.18
19.94 18.92 10.76 21.86 24.10 17.52 24.36 12.08 5.75 21.51 11.92 16.39 11.10 12.60 13.07 19.85
18.43 18.89 8.57 21.08 23.05 15.80 22.56 14.89 2.91 19.29 9.11 18.64 14.70 11.30 15.23 20.67
18.67 19.76 8.70 21.63 23.47 15.98 22.61 16.54 3.33 19.14 8.82 20.18 16.42 11.79 16.78 21.82
18.11 16.45 9.71 19.65 21.99 15.87 22.65 9.64 5.90 20.13 11.29 13.75 9.47 10.85 10.40 17.17
4.59 4.40 13.01 0.30 2.92 6.75 6.77 17.96 18.13 8.63 14.04 15.61 22.63 9.64 15.03 8.44
11.66 14.48 2.32 15.20 16.69 8.91 15.30 16.87 4.94 11.74 1.42 18.84 18.82 5.89 15.77 17.68
19.79 19.35 10.25 22.02 24.16 17.27 24.10 13.45 4.85 21.06 11.16 17.61 12.64 12.49 14.24 20.60
18.50 17.48 9.47 20.40 22.64 16.11 22.94 11.36 4.84 20.17 10.77 15.43 10.98 11.17 12.06 18.52
17.57 16.65 8.57 19.50 21.72 15.17 22.01 11.21 4.19 19.24 9.93 15.08 11.25 10.23 11.69 17.82
14.44 9.39 11.63 13.79 16.41 13.42 18.94 4.61 12.39 18.08 13.87 5.30 9.15 9.61 2.26 8.43
8.11 3.53 15.18 3.77 5.55 9.90 10.19 16.72 19.77 12.25 16.57 13.53 21.63 11.60 13.70 5.69
14.54 11.52 8.78 15.19 17.69 12.79 19.18 6.53 8.31 17.42 10.94 9.31 9.14 8.03 5.93 11.92
5.29 9.12 4.69 8.88 10.27 2.59 9.37 16.62 10.32 6.63 5.30 16.81 20.06 2.91 14.50 13.14
15.94 16.35 6.22 18.51 20.50 13.35 20.15 13.59 1.04 17.02 7.14 16.89 14.25 8.75 13.50 18.30
3.55 5.11 12.42 1.01 2.72 5.86 5.83 18.40 17.69 7.53 13.32 16.29 22.98 9.18 15.52 9.35
11.68 14.61 2.49 15.27 16.73 8.93 15.28 17.09 5.09 11.69 1.35 19.05 19.04 6.03 15.98 17.85
9.76 5.22 17.07 5.25 6.41 11.71 11.28 17.71 21.60 13.75 18.46 14.12 22.68 13.49 14.70 6.13
16.73 17.04 7.00 19.27 21.28 14.14 20.94 13.70 1.57 17.80 7.85 17.17 14.08 9.53 13.78 18.88
23.42 18.09 18.80 22.67 25.29 22.21 27.94 4.41 16.98 26.90 20.91 8.17 2.37 17.86 7.35 15.82
18.57 12.41 16.37 17.09 19.68 17.89 22.86 2.98 16.52 22.47 18.61 2.07 7.56 14.37 2.52 9.67
21.45 20.57 12.08 23.48 25.69 18.99 25.83 13.34 6.75 22.88 13.05 17.81 11.83 14.12 14.53 21.48
21.20 19.03 12.85 22.51 24.91 19.00 25.76 9.86 8.56 23.30 14.35 14.57 8.05 13.98 11.46 19.21
22.83 21.24 13.85 24.49 26.81 20.48 27.31 12.42 8.82 24.57 15.03 17.16 10.15 15.51 14.04 21.66
15.87 15.48 6.69 18.03 20.17 13.41 20.25 11.80 2.75 17.40 8.06 15.19 12.53 8.54 11.80 17.06
4.23 8.52 14.21 3.90 2.00 6.97 2.92 21.79 19.76 6.23 14.62 19.72 26.30 11.43 18.93 12.59
14.50 13.43 6.33 16.26 18.51 12.23 19.02 10.09 4.48 16.51 8.17 13.13 11.58 7.22 9.76 14.84
11.25 5.64 17.81 6.85 8.21 12.99 13.06 16.86 22.02 15.36 19.36 12.94 21.86 14.21 13.89 5.09
19.94 19.22 10.56 22.02 24.21 17.47 24.30 12.84 5.31 21.35 11.58 17.09 11.92 12.61 13.74 20.31
5.82 11.16 5.48 10.09 10.97 3.29 8.92 18.90 11.02 5.38 5.04 19.21 22.15 5.08 16.86 15.35
15.50 15.16 6.34 17.68 19.81 13.04 19.88 11.79 2.69 17.04 7.76 15.08 12.67 8.17 11.70 16.80
18.78 16.26 11.15 19.85 22.29 16.73 23.39 7.76 7.94 21.17 12.93 12.17 7.36 11.73 8.92 16.42
10.13 4.30 16.47 5.88 7.56 11.75 12.28 16.04 20.70 14.33 18.02 12.38 21.02 12.86 13.04 4.40
7.99 2.76 14.59 3.90 5.96 9.59 10.42 15.95 19.08 12.22 16.04 12.85 20.85 11.00 12.94 5.09
4.37 8.92 14.33 4.31 2.36 7.07 2.57 22.15 19.91 6.04 14.69 20.12 26.65 11.63 19.30 13.00
16.92 15.82 8.18 18.74 20.99 14.58 21.40 10.55 4.37 18.74 9.70 14.30 10.91 9.60 10.90 16.96
10.44 5.06 17.17 6.04 7.45 12.21 12.27 16.86 21.49 14.55 18.67 13.12 21.85 13.57 13.87 5.16
13.84 17.06 4.91 17.60 18.95 11.11 17.14 18.76 5.20 13.33 3.44 21.09 20.21 8.48 17.92 20.26
11.28 5.16 17.35 7.02 8.63 12.85 13.39 15.94 21.42 15.48 18.96 12.03 20.94 13.75 12.98 4.17
18.61 19.38 8.67 21.41 23.32 15.94 22.64 15.74 3.08 19.27 9.00 19.44 15.56 11.59 16.04 21.30
19.03 17.27 10.58 20.54 22.88 16.79 23.57 9.77 6.51 21.04 12.10 14.09 9.13 11.77 10.79 17.86
12.79 15.12 3.00 16.16 17.76 10.05 16.55 16.35 3.65 13.05 2.75 18.65 18.00 6.57 15.47 18.07
20.87 19.85 11.62 22.81 25.05 18.44 25.28 12.63 6.45 22.39 12.70 17.06 11.29 13.53 13.77 20.72
2.76 8.84 7.58 7.11 7.91 0.75 6.43 18.68 13.23 3.98 7.78 18.20 22.46 5.60 16.29 13.27
18.47 17.28 9.58 20.28 22.54 16.11 22.94 10.93 5.13 20.22 10.95 15.03 10.56 11.15 11.67 18.23
16.19 12.53 10.66 16.50 19.05 14.56 20.82 4.84 9.66 19.22 12.80 8.33 7.26 9.89 4.95 12.27
10.27 6.49 18.12 5.71 6.30 12.42 11.22 19.05 22.78 14.03 19.42 15.38 24.03 14.56 16.05 7.41
2.84 8.82 12.69 4.65 3.65 5.41 2.09 21.49 18.30 4.38 12.94 19.84 25.82 10.17 18.73 13.17
21.80 21.17 12.26 23.96 26.13 19.29 26.12 14.20 6.77 23.07 13.09 18.64 12.66 14.49 15.35 22.19
8.40 8.80 3.62 10.56 12.62 6.19 12.93 12.75 7.83 10.67 5.67 13.60 15.98 1.20 10.91 11.75
15.83 14.55 7.50 17.52 19.80 13.56 20.35 9.86 4.65 17.82 9.22 13.33 10.79 8.55 9.93 15.71
6.29 7.96 4.39 8.86 10.73 4.04 10.78 14.40 9.52 8.59 5.86 14.66 17.91 1.05 12.28 11.56
20.04 13.78 17.74 18.47 21.05 19.38 24.31 3.41 17.62 23.95 19.97 2.86 7.15 15.82 3.95 10.81
17.72 13.57 12.41 17.75 20.34 16.20 22.34 3.43 11.10 20.87 14.53 7.67 5.57 11.61 4.51 12.76
3.74 9.08 6.48 7.87 8.88 1.07 7.52 18.08 12.13 4.80 6.71 17.87 21.72 4.68 15.80 13.39
17.57 17.11 8.23 19.74 21.89 15.09 21.93 12.28 3.34 19.00 9.38 16.07 12.32 10.25 12.67 18.51
16.96 15.19 8.88 18.41 20.76 14.77 21.52 9.02 5.78 19.10 10.61 12.86 9.51 9.75 9.48 15.97
20.99 21.25 11.12 23.59 25.60 18.37 25.11 15.94 5.47 21.80 11.56 20.08 14.94 13.85 16.70 22.79
7.14 6.40 5.90 8.48 10.72 5.57 11.78 12.40 10.14 10.26 7.76 12.38 16.23 2.42 10.12 9.52
21.43 21.21 11.71 23.80 25.89 18.86 25.66 15.02 6.10 22.48 12.37 19.33 13.74 14.18 15.99 22.48
9.51 4.90 16.75 5.02 6.30 11.42 11.14 17.47 21.27 13.53 18.14 13.93 22.44 13.16 14.46 5.94
22.11 21.27 12.67 24.17 26.37 19.63 26.47 13.88 7.26 23.48 13.58 18.40 12.17 14.79 15.14 22.17
5.69 8.58 4.38 8.84 10.46 3.16 10.00 15.62 9.86 7.51 5.41 15.85 19.08 1.96 13.51 12.43
17.27 10.82 15.99 15.51 18.08 16.80 21.44 4.49 16.76 21.29 18.22 0.84 9.30 13.65 2.59 7.87
21.15 20.02 11.96 23.04 25.29 18.74 25.58 12.50 6.84 22.73 13.07 16.99 11.01 13.82 13.72 20.80
18.75 17.66 9.75 20.62 22.87 16.37 23.20 11.30 5.11 20.44 11.05 15.43 10.80 11.42 12.07 18.64
8.58 13.19 4.00 12.71 13.73 5.94 11.64 18.91 8.91 7.85 2.60 19.93 21.61 5.55 17.24 17.09
12.40 8.34 20.20 7.85 8.19 14.58 13.06 20.08 24.75 16.08 21.54 16.05 25.08 16.62 17.12 8.30
8.78 12.34 2.21 12.51 13.85 6.03 12.39 17.13 7.50 8.91 1.67 18.32 19.79 4.12 15.54 15.98
11.63 14.35 2.17 15.12 16.64 8.88 15.32 16.65 4.82 11.79 1.51 18.63 18.61 5.76 15.55 17.52
18.68 17.52 9.74 20.51 22.77 16.31 23.14 11.09 5.19 20.41 11.08 15.23 10.63 11.35 11.87 18.47
10.14 4.88 16.95 5.73 7.15 11.93 11.96 16.91 21.32 14.24 18.44 13.24 21.90 13.35 13.91 5.26
13.14 6.62 18.67 8.94 10.53 14.59 15.31 15.62 22.42 17.37 20.39 11.32 20.60 15.10 12.76 4.14
19.89 18.69 10.86 21.72 23.98 17.51 24.34 11.60 6.01 21.57 12.10 15.94 10.59 12.56 12.63 19.52
13.21 7.04 19.19 8.88 10.27 14.81 15.12 16.53 23.08 17.37 20.85 12.23 21.52 15.60 13.66 5.00
22.34 21.41 12.95 24.35 26.57 19.88 26.72 13.78 7.57 23.75 13.89 18.35 11.96 15.02 15.11 22.24
21.08 20.10 11.79 23.05 25.27 18.64 25.48 12.85 6.56 22.57 12.84 17.30 11.44 13.75 14.02 20.98
9.31 6.16 17.43 4.76 5.26 11.53 10.18 19.19 22.22 13.01 18.65 15.72 24.14 13.90 16.17 7.74
18.38 12.13 16.39 16.81 19.40 17.75 22.63 3.34 16.67 22.30 18.63 1.67 7.95 14.31 2.55 9.31
18.84 18.18 9.51 20.93 23.11 16.37 23.21 12.39 4.44 20.29 10.62 16.45 11.90 11.51 13.07 19.37
18.43 15.70 11.10 19.36 21.83 16.44 23.05 7.12 8.23 20.93 12.95 11.48 7.04 11.47 8.22 15.77
10.48 16.62 8.42 15.03 15.31 8.51 11.84 23.45 12.47 7.70 6.50 24.35 26.08 9.94 21.75 20.85
5.78 6.26 15.01 1.98 1.40 8.33 6.28 19.97 20.25 9.13 15.88 17.32 24.71 11.74 17.00 9.74
9.42 5.97 17.38 4.86 5.51 11.58 10.43 18.89 22.11 13.19 18.64 15.39 23.85 13.84 15.88 7.40
19.48 19.83 9.61 22.10 24.09 16.85 23.60 15.24 3.96 20.32 10.12 19.17 14.72 12.34 15.78 21.50
17.86 18.18 8.06 20.43 22.44 15.26 22.04 14.26 2.45 18.83 8.76 17.95 14.25 10.68 14.55 19.94
7.81 3.15 14.76 3.56 5.50 9.54 10.04 16.46 19.35 11.99 16.16 13.37 21.36 11.18 13.45 5.59
4.83 8.72 5.15 8.39 9.78 2.16 8.98 16.63 10.75 6.40 5.79 16.67 20.16 3.07 14.44 12.80
22.23 20.46 13.44 23.78 26.13 19.93 26.74 11.54 8.62 24.09 14.73 16.27 9.41 14.94 13.15 20.80
5.61 9.42 4.40 9.22 10.61 2.89 9.63 16.65 10.04 6.78 4.95 16.94 20.02 2.87 14.58 13.40
16.39 15.42 7.63 18.26 20.50 14.03 20.86 10.68 4.01 18.18 9.17 14.27 11.26 9.06 10.87 16.67
18.83 19.57 8.90 21.63 23.54 16.17 22.87 15.79 3.31 19.50 9.23 19.54 15.54 11.81 16.13 21.46
20.41 20.36 10.66 22.85 24.92 17.83 24.62 14.78 5.05 21.43 11.32 18.93 13.86 13.18 15.56 21.77
16.46 10.09 15.22 14.78 17.36 15.97 20.66 4.62 16.15 20.46 17.45 1.59 9.57 12.84 2.21 7.35
14.41 11.03 9.21 14.84 17.37 12.79 19.05 6.02 9.04 17.45 11.40 8.56 9.01 8.16 5.20 11.24
14.56 12.01 8.19 15.49 17.94 12.68 19.20 7.31 7.40 17.25 10.30 10.23 9.54 7.79 6.85 12.66
18.64 12.67 16.03 17.33 19.93 17.85 22.98 2.25 15.98 22.46 18.27 2.77 6.90 14.16 2.31 10.14
17.75 18.90 7.77 20.71 22.55 15.05 21.69 16.17 2.47 18.24 7.93 19.65 16.32 10.88 16.26 21.05
17.35 11.77 14.36 16.35 18.97 16.41 21.78 1.99 14.35 21.06 16.60 3.65 6.98 12.57 1.03 9.80
20.18 18.68 11.34 21.85 24.16 17.85 24.67 11.02 6.69 21.99 12.68 15.46 9.84 12.87 12.19 19.33
20.22 18.12 11.93 21.56 23.95 18.03 24.79 9.50 7.81 22.33 13.47 14.08 8.20 13.01 10.88 18.42
9.67 14.91 5.65 14.03 14.78 7.24 12.10 20.76 9.89 8.05 3.75 21.86 23.31 7.48 19.15 18.91
12.85 7.88 19.99 8.31 9.09 14.82 14.00 18.82 24.29 16.75 21.47 14.65 23.82 16.39 15.89 7.09
17.54 17.03 8.24 19.69 21.84 15.07 21.91 12.15 3.42 19.00 9.42 15.94 12.19 10.22 12.54 18.41
4.33 8.12 5.67 7.75 9.20 1.80 8.63 16.49 11.22 6.32 6.42 16.35 20.15 3.23 14.22 12.25
15.78 15.73 6.35 18.11 20.19 13.26 20.10 12.51 2.03 17.13 7.58 15.83 13.25 8.49 12.45 17.48
17.78 15.89 9.66 19.19 21.55 15.60 22.35 8.97 6.25 19.93 11.35 13.05 9.03 10.57 9.69 16.52
20.54 22.00 10.60 23.70 25.44 17.81 24.29 18.67 5.58 20.65 10.35 22.44 18.18 13.88 19.04 24.15
13.67 17.11 5.03 17.51 18.80 10.95 16.87 19.16 5.71 13.00 3.36 21.41 20.68 8.55 18.26 20.39
17.19 15.73 8.75 18.82 21.13 14.92 21.71 9.80 5.18 19.17 10.36 13.67 10.09 9.91 10.28 16.65
21.06 20.30 11.64 23.15 25.34 18.58 25.42 13.40 6.28 22.44 12.59 17.79 12.06 13.74 14.49 21.30
5.27 7.73 15.06 3.07 0.46 8.00 4.62 21.33 20.50 7.90 15.69 18.91 25.98 12.03 18.40 11.46
10.68 12.95 0.77 13.94 15.58 7.97 14.62 15.49 5.06 11.34 1.97 17.27 17.72 4.37 14.25 16.06
13.12 15.39 3.30 16.47 18.08 10.38 16.88 16.39 3.42 13.36 3.05 18.76 17.95 6.86 15.57 18.30
13.13 16.15 3.98 16.80 18.21 10.38 16.58 17.95 4.79 12.85 2.69 20.20 19.55 7.56 17.05 19.32
17.92 17.20 8.72 19.96 22.15 15.48 22.32 11.83 3.97 19.46 9.95 15.74 11.72 10.58 12.35 18.45
19.46 15.19 13.90 19.44 22.03 17.93 24.08 3.33 12.06 22.59 15.97 8.20 3.87 13.29 5.46 14.10
19.17 17.25 10.85 20.59 22.95 16.96 23.72 9.44 6.89 21.25 12.41 13.81 8.72 11.94 10.53 17.73
20.70 21.13 10.79 23.38 25.35 18.05 24.77 16.20 5.15 21.42 11.15 20.26 15.34 13.60 16.88 22.78
19.01 18.00 9.92 20.93 23.16 16.61 23.45 11.62 5.12 20.64 11.16 15.78 11.02 11.68 12.43 19.00
15.82 9.22 15.25 13.92 16.48 15.49 19.91 5.72 16.56 19.91 17.47 2.02 10.67 12.66 3.12 6.28
7.76 11.67 2.98 11.58 12.86 5.01 11.34 17.35 8.48 7.92 2.69 18.26 20.23 3.86 15.61 15.47
3.52 7.79 6.47 7.06 8.42 1.10 7.86 16.90 12.03 5.77 7.15 16.54 20.68 3.95 14.54 12.05
4.03 8.65 5.98 7.85 9.08 1.31 8.10 17.30 11.60 5.56 6.45 17.15 20.93 3.92 15.03 12.88
20.61 15.73 15.72 20.18 22.79 19.27 25.18 2.33 14.09 23.96 17.83 7.24 2.79 14.82 5.23 14.05
22.23 16.59 18.31 21.22 23.83 21.18 26.68 3.23 17.04 25.85 20.48 6.37 3.80 17.04 5.90 14.12
11.87 9.08 20.40 7.47 7.17 14.27 11.85 21.60 25.22 15.19 21.56 17.76 26.59 16.89 18.61 9.87
17.55 18.18 7.67 20.26 22.21 14.91 21.66 14.82 2.01 18.38 8.21 18.39 14.95 10.47 14.99 20.10
9.26 6.34 17.50 4.73 5.11 11.52 10.02 19.43 22.33 12.91 18.70 15.98 24.37 13.99 16.41 7.99
5.94 9.93 4.18 9.67 10.99 3.19 9.81 16.94 9.83 6.79 4.54 17.34 20.22 3.12 14.93 13.90
17.64 18.91 7.66 20.65 22.46 14.93 21.54 16.39 2.50 18.06 7.74 19.83 16.59 10.83 16.44 21.11
18.52 18.56 8.82 20.97 23.02 15.95 22.75 13.93 3.28 19.61 9.60 17.79 13.65 11.29 14.39 20.14
18.64 18.88 8.85 21.19 23.21 16.04 22.82 14.47 3.22 19.61 9.51 18.30 14.18 11.46 14.90 20.54
15.69 15.34 6.51 17.87 20.00 13.23 20.07 11.82 2.69 17.22 7.90 15.16 12.62 8.37 11.77 16.95
21.91 20.60 12.79 23.71 25.99 19.52 26.36 12.52 7.68 23.54 13.92 17.13 10.70 14.58 13.92 21.24
5.07 7.18 14.74 2.52 0.11 7.77 4.93 20.78 20.14 7.99 15.44 18.36 25.45 11.65 17.85 10.93
16.92 18.43 6.95 20.03 21.78 14.20 20.77 16.56 2.25 17.25 6.92 19.82 17.00 10.22 16.45 20.78
9.62 6.56 17.82 5.09 5.43 11.87 10.34 19.52 22.62 13.26 19.03 16.00 24.48 14.30 16.51 8.01
17.75 16.48 9.04 19.50 21.78 15.43 22.25 10.43 4.98 19.60 10.52 14.40 10.41 10.44 11.02 17.45
4.86 8.41 5.13 8.24 9.73 2.29 9.13 16.27 10.69 6.68 5.92 16.29 19.84 2.80 14.07 12.45
3.79 9.15 13.68 4.70 3.14 6.40 1.86 22.13 19.29 5.11 13.94 20.29 26.53 11.12 19.32 13.38
3.50 4.97 12.27 1.07 2.91 5.75 5.95 18.22 17.52 7.55 13.18 16.14 22.79 9.01 15.34 9.24
17.94 15.61 10.27 19.09 21.51 15.86 22.54 7.95 7.23 20.29 12.06 12.13 8.04 10.85 8.80 15.96
11.48 12.71 1.91 14.28 16.15 8.87 15.67 13.87 4.09 12.64 3.70 15.92 15.99 4.45 12.80 15.41
17.25 11.31 14.94 15.96 18.57 16.49 21.59 2.86 15.26 21.09 17.18 2.53 7.83 12.91 1.08 8.98
2.02 8.58 8.36 6.48 7.15 1.19 5.68 19.00 14.00 3.64 8.58 18.31 22.90 6.21 16.54 13.07
19.52 18.69 10.25 21.54 23.75 17.08 23.92 12.33 5.17 21.03 11.37 16.53 11.54 12.19 13.18 19.75
18.86 17.88 9.77 20.79 23.02 16.46 23.30 11.62 4.98 20.49 11.01 15.75 11.08 11.53 12.39 18.91
14.82 17.08 5.05 18.21 19.81 12.08 18.49 17.16 3.05 14.87 4.55 19.88 18.26 8.58 16.61 19.87
7.49 1.00 11.42 5.38 8.00 7.99 11.30 12.90 15.52 11.80 13.12 10.66 17.64 7.84 9.95 4.62
14.80 15.38 5.10 17.42 19.39 12.21 19.01 13.52 1.13 15.90 6.14 16.53 14.58 7.64 13.18 17.50
23.75 23.05 14.17 25.91 28.09 21.24 28.06 15.37 8.62 24.97 14.92 20.00 13.25 16.45 16.79 23.94
21.46 15.51 18.26 20.17 22.78 20.58 25.83 3.07 17.49 25.22 20.47 4.88 5.34 16.69 5.05 12.77
16.13 15.73 6.93 18.30 20.44 13.68 20.52 11.85 2.80 17.65 8.27 15.31 12.47 8.81 11.91 17.28
6.49 0.98 11.37 4.29 6.91 7.24 10.19 13.97 15.78 10.83 12.93 11.78 18.68 7.76 11.04 5.44
19.54 18.14 10.69 21.25 23.55 17.20 24.02 10.93 6.11 21.33 12.04 15.26 10.06 12.22 11.95 18.89
12.42 6.92 19.10 7.95 9.07 14.23 13.97 17.60 23.27 16.46 20.64 13.47 22.60 15.49 14.67 5.87
22.94 21.96 13.54 24.94 27.16 20.48 27.31 14.08 8.14 24.34 14.46 18.71 12.06 15.61 15.50 22.73
5.26 11.05 6.26 9.66 10.38 2.94 8.15 19.38 11.82 4.58 5.82 19.51 22.74 5.60 17.26 15.34
5.01 6.12 6.36 6.96 8.96 3.51 9.65 14.45 11.38 8.18 7.75 14.04 18.37 2.88 12.04 10.01
14.34 14.85 4.73 16.91 18.90 11.77 18.58 13.23 1.63 15.53 5.93 16.13 14.46 7.14 12.80 16.98
10.62 12.99 0.80 13.92 15.54 7.90 14.53 15.65 5.18 11.21 1.79 17.41 17.90 4.40 14.40 16.14
17.20 16.86 7.81 19.42 21.55 14.70 21.54 12.40 2.94 18.59 8.96 16.09 12.59 9.89 12.69 18.35
19.30 18.85 9.80 21.52 23.66 16.79 23.62 13.15 4.47 20.61 10.76 17.24 12.52 12.00 13.87 20.13
20.11 19.89 10.45 22.46 24.56 17.56 24.37 14.17 4.91 21.25 11.22 18.33 13.30 12.85 14.96 21.23
8.71 4.13 15.88 4.28 5.81 10.57 10.56 17.07 20.44 12.79 17.27 13.72 22.01 12.30 14.05 5.78
18.80 19.84 8.83 21.73 23.59 16.11 22.75 16.51 3.42 19.29 8.96 20.17 16.33 11.90 16.77 21.87
17.78 16.78 8.83 19.68 21.91 15.40 22.24 11.09 4.46 19.49 10.20 15.02 11.03 10.45 11.63 17.89
4.07 6.09 6.89 6.29 8.16 2.75 8.71 15.30 12.10 7.34 8.07 14.71 19.28 3.59 12.83 10.23
20.14 18.49 11.44 21.73 24.06 17.84 24.65 10.60 6.93 22.03 12.83 15.08 9.42 12.85 11.82 19.05
21.89 16.08 18.35 20.73 23.34 20.94 26.30 3.14 17.34 25.59 20.55 5.62 4.62 16.93 5.49 13.46
17.72 16.24 9.21 19.35 21.66 15.44 22.24 9.92 5.40 19.67 10.77 13.92 9.93 10.44 10.54 17.09
11.67 15.32 3.59 15.54 16.80 8.95 14.92 18.53 6.33 11.12 1.51 20.37 20.52 6.86 17.35 18.78
18.51 17.67 9.34 20.50 22.71 16.08 22.92 11.79 4.52 20.08 10.56 15.83 11.42 11.17 12.45 18.79
13.73 15.84 3.86 17.03 18.67 11.00 17.52 16.31 2.88 14.01 3.69 18.84 17.69 7.35 15.61 18.64
13.99 14.12 4.74 16.36 18.41 11.49 18.33 12.36 2.52 15.43 6.24 15.20 13.77 6.70 11.87 16.12
17.90 18.29 8.09 20.51 22.50 15.29 22.06 14.43 2.45 18.84 8.74 18.11 14.41 10.75 14.71 20.07
17.04 16.61 7.72 19.21 21.36 14.56 21.40 12.14 3.03 18.49 8.94 15.81 12.39 9.72 12.41 18.08
19.27 18.08 10.28 21.09 23.36 16.89 23.73 11.32 5.58 20.97 11.57 15.56 10.59 11.94 12.22 18.97
16.96 16.61 7.60 19.17 21.30 14.47 21.31 12.29 2.86 18.37 8.79 15.93 12.57 9.64 12.52 18.12
20.49 20.97 10.57 23.19 25.15 17.84 24.55 16.18 4.94 21.19 10.92 20.21 15.40 13.40 16.82 22.65
17.84 17.00 8.74 19.82 22.03 15.42 22.26 11.49 4.17 19.45 10.04 15.41 11.41 10.50 12.02 18.18
1.68 7.71 11.65 3.92 3.74 4.40 3.36 20.19 17.22 4.61 12.06 18.62 24.50 8.97 17.45 12.14
21.00 14.39 19.35 19.07 21.60 20.54 25.12 5.26 19.44 25.04 21.59 3.19 8.55 17.25 5.50 10.95
17.92 16.88 8.98 19.80 22.04 15.55 22.38 11.04 4.60 19.64 10.36 15.01 10.93 10.59 11.63 17.95
17.32 17.32 7.72 19.72 21.79 14.77 21.59 13.23 2.43 18.53 8.67 16.89 13.38 10.06 13.48 18.96
1.32 6.40 9.17 4.44 5.68 2.36 5.94 17.74 14.64 5.41 9.88 16.59 21.91 6.26 15.10 10.91
18.67 18.27 9.19 20.90 23.03 16.16 23.00 12.94 3.93 19.99 10.19 16.92 12.55 11.37 13.53 19.61
10.32 14.57 3.85 14.38 15.48 7.66 13.37 19.08 7.78 9.52 1.72 20.52 21.40 6.44 17.66 18.29
15.40 14.86 6.44 17.47 19.64 12.99 19.83 11.34 3.14 17.06 7.96 14.62 12.29 8.07 11.23 16.42
15.93 15.60 6.69 18.12 20.25 13.46 20.30 11.96 2.62 17.42 8.02 15.35 12.66 8.61 11.96 17.21
2.23 5.22 10.58 2.74 4.34 4.08 5.98 17.62 15.91 6.57 11.47 16.00 22.02 7.41 14.84 9.72
3.35 8.67 6.75 7.42 8.47 0.63 7.28 17.94 12.39 4.80 7.09 17.62 21.65 4.72 15.61 13.01
13.17 6.95 19.09 8.86 10.28 14.75 15.12 16.40 22.97 17.35 20.76 12.10 21.38 15.50 13.53 4.86
21.21 20.91 11.53 23.53 25.64 18.65 25.46 14.68 5.95 22.32 12.25 18.98 13.44 13.94 15.64 22.15
21.71 15.89 18.22 20.54 23.15 20.76 26.12 3.00 17.26 25.42 20.42 5.44 4.72 16.77 5.31 13.27
17.96 16.52 9.37 19.62 21.92 15.67 22.47 10.12 5.39 19.88 10.89 14.16 10.01 10.67 10.79 17.38
20.88 19.01 12.29 22.35 24.72 18.62 25.41 10.45 7.81 22.84 13.71 15.07 8.87 13.61 11.88 19.39
19.82 19.04 10.49 21.87 24.07 17.36 24.20 12.63 5.31 21.28 11.55 16.87 11.73 12.49 13.52 20.11
10.87 14.40 2.79 14.67 15.98 8.13 14.26 17.91 6.36 10.56 0.60 19.60 20.07 5.95 16.63 17.87
21.31 20.13 12.15 23.17 25.44 18.91 25.75 12.47 7.03 22.91 13.27 16.99 10.90 13.98 13.73 20.87
19.74 12.86 19.05 17.49 19.97 19.51 23.70 6.33 19.74 23.89 21.28 2.25 10.31 16.63 5.51 9.13
18.53 13.02 15.11 17.60 20.22 17.52 22.99 0.82 14.67 22.18 17.33 4.21 5.81 13.53 2.28 10.97
9.45 5.27 16.97 4.91 5.98 11.46 10.86 17.99 21.57 13.39 18.31 14.47 22.96 13.40 14.98 6.48
18.72 18.42 9.17 21.00 23.11 16.19 23.02 13.21 3.83 19.98 10.12 17.18 12.82 11.43 13.79 19.81
4.79 6.25 14.18 1.60 1.03 7.38 5.49 19.86 19.50 8.15 14.98 17.44 24.53 10.99 16.92 10.07
18.94 17.57 10.15 20.66 22.95 16.61 23.43 10.70 5.72 20.76 11.54 14.93 10.11 11.63 11.59 18.39
8.77 5.64 16.84 4.22 4.92 10.96 9.83 18.81 21.64 12.54 18.06 15.45 23.75 13.31 15.80 7.49
3.93 8.37 6.05 7.64 8.93 1.26 8.10 17.10 11.65 5.70 6.60 16.90 20.77 3.82 14.81 12.60
12.12 11.54 4.43 14.04 16.22 9.84 16.63 10.94 5.10 14.16 6.54 13.12 13.24 4.82 9.92 13.51
19.10 18.86 9.50 21.41 23.52 16.56 23.38 13.55 4.05 20.31 10.37 17.57 13.03 11.82 14.18 20.25
3.49 5.18 12.41 1.08 2.69 5.82 5.76 18.45 17.69 7.46 13.29 16.36 23.02 9.18 15.57 9.42
19.44 15.15 13.93 19.40 22.00 17.92 24.06 3.24 12.12 22.59 16.01 8.11 3.86 13.29 5.38 14.03
19.77 19.87 9.98 22.27 24.31 17.17 23.96 14.78 4.35 20.74 10.61 18.81 14.10 12.57 15.43 21.40
16.27 16.18 6.82 18.60 20.69 13.76 20.59 12.59 2.15 17.61 7.98 16.04 13.14 8.98 12.64 17.87
9.69 5.20 17.02 5.17 6.33 11.64 11.20 17.74 21.56 13.67 18.41 14.16 22.71 13.44 14.73 6.17
10.96 13.94 1.92 14.54 16.00 8.21 14.60 16.88 5.53 11.06 0.80 18.67 19.02 5.37 15.66 17.24
16.11 15.51 7.07 18.17 20.35 13.69 20.53 11.41 3.21 17.73 8.50 14.89 12.06 8.78 11.49 16.97
15.80 12.02 10.58 16.03 18.58 14.23 20.43 4.75 9.87 18.90 12.74 7.96 7.54 9.64 4.56 11.73
2.61 6.67 12.34 2.51 2.56 5.29 4.21 19.66 17.81 6.06 12.97 17.78 24.13 9.38 16.83 10.98
6.39 1.18 12.16 3.52 6.11 7.51 9.73 14.82 16.70 10.74 13.64 12.40 19.57 8.57 11.86 5.55
11.00 15.01 3.77 14.99 16.15 8.31 14.12 18.93 7.16 10.28 1.53 20.56 21.09 6.71 17.62 18.62
20.60 19.63 11.34 22.57 24.80 18.17 25.01 12.58 6.18 22.12 12.42 16.97 11.35 13.27 13.67 20.54
17.51 16.48 8.62 19.38 21.62 15.14 21.97 10.92 4.40 19.25 10.03 14.79 10.99 10.18 11.40 17.60
21.60 20.11 12.64 23.30 25.61 19.26 26.08 11.87 7.71 23.34 13.86 16.48 10.09 14.29 13.28 20.67
20.62 19.96 11.17 22.75 24.93 18.13 24.97 13.37 5.80 21.97 12.11 17.69 12.21 13.30 14.37 21.03
19.75 15.68 13.86 19.87 22.45 18.14 24.38 4.01 11.74 22.79 15.89 8.89 3.81 13.43 6.12 14.71
6.15 5.91 15.16 2.00 1.99 8.62 6.86 19.63 20.33 9.64 16.11 16.88 24.41 11.83 16.65 9.23
12.16 13.93 2.18 15.25 16.99 9.47 16.16 15.03 3.52 12.88 3.06 17.24 16.88 5.49 14.08 16.74
15.40 14.10 7.21 17.07 19.35 13.15 19.93 9.74 4.73 17.44 8.99 13.08 10.88 8.13 9.68 15.29
5.31 7.14 14.93 2.52 0.26 7.99 5.17 20.78 20.31 8.26 15.65 18.29 25.46 11.81 17.83 10.81
19.02 17.15 10.67 20.46 22.82 16.80 23.57 9.49 6.72 21.08 12.24 13.82 8.85 11.78 10.53 17.67
12.61 15.31 3.12 16.13 17.64 9.86 16.24 17.04 4.33 12.63 2.30 19.24 18.75 6.73 16.10 18.41
11.46 15.92 4.97 15.62 16.62 8.85 14.25 20.13 8.04 10.27 2.73 21.74 22.25 7.77 18.82 19.63
20.49 16.22 14.72 20.48 23.08 18.93 25.11 3.84 12.57 23.59 16.76 8.82 2.95 14.25 6.30 15.03
15.08 14.22 6.51 16.97 19.19 12.74 19.56 10.59 3.88 16.93 8.20 13.81 11.75 7.76 10.42 15.66
18.28 12.71 15.04 17.30 19.92 17.31 22.72 1.17 14.73 21.96 17.26 3.91 6.16 13.38 1.97 10.63
11.96 13.69 2.00 15.03 16.78 9.28 15.98 14.89 3.67 12.74 3.04 17.05 16.80 5.26 13.91 16.51
4.22 5.84 6.99 6.22 8.16 3.02 8.87 15.07 12.14 7.60 8.24 14.43 19.08 3.62 12.58 9.95
11.11 13.18 1.14 14.29 15.98 8.40 15.08 15.27 4.59 11.81 2.30 17.17 17.40 4.63 14.11 16.19
21.18 14.83 18.87 19.53 22.09 20.54 25.42 4.21 18.61 25.11 21.11 3.71 7.19 16.99 5.12 11.69
10.34 4.35 16.53 6.12 7.84 11.91 12.54 15.85 20.71 14.55 18.11 12.15 20.84 12.93 12.86 4.17
13.06 7.58 19.77 8.58 9.61 14.90 14.52 17.97 23.91 17.08 21.32 13.73 22.96 16.16 15.07 6.30
13.74 13.60 4.80 15.96 18.07 11.29 18.13 11.80 3.15 15.35 6.48 14.57 13.36 6.41 11.26 15.53
20.47 20.06 10.88 22.72 24.85 17.94 24.76 13.92 5.39 21.68 11.71 18.16 12.88 13.18 14.81 21.28
17.12 13.08 11.83 17.22 19.79 15.59 21.75 3.79 10.68 20.26 13.96 7.72 6.19 10.99 4.45 12.43
4.90 11.32 7.42 9.44 9.87 3.11 7.21 20.34 12.96 3.46 6.89 20.28 23.80 6.64 18.14 15.72
16.60 15.83 7.62 18.59 20.79 14.20 21.03 11.20 3.61 18.27 9.05 14.82 11.66 9.27 11.42 17.17
19.94 20.28 10.07 22.56 24.55 17.31 24.06 15.46 4.42 20.77 10.55 19.46 14.79 12.80 16.07 21.91
3.26 9.72 7.75 7.76 8.34 1.62 6.28 19.46 13.40 3.32 7.69 19.07 23.16 6.15 17.12 14.16
19.69 13.33 17.67 18.02 20.60 19.09 23.91 3.74 17.73 23.64 19.91 2.30 7.71 15.64 3.82 10.27
18.78 18.51 9.22 21.08 23.19 16.25 23.08 13.31 3.84 20.03 10.14 17.28 12.89 11.50 13.89 19.91
21.70 20.97 12.22 23.81 26.00 19.21 26.04 13.88 6.80 23.03 13.12 18.33 12.33 14.38 15.05 21.94
5.25 8.52 15.18 3.82 1.33 8.00 3.85 22.04 20.69 7.39 15.68 19.72 26.65 12.28 19.13 12.33
21.06 15.71 16.83 20.27 22.90 19.90 25.56 2.02 15.54 24.59 19.00 6.23 3.39 15.66 4.98 13.58
21.17 15.05 18.37 19.73 22.32 20.40 25.49 3.38 17.85 25.01 20.59 4.20 6.16 16.66 4.85 12.15
15.69 13.00 9.05 16.58 19.04 13.79 20.33 6.89 7.59 18.35 11.10 10.31 8.61 8.88 6.91 13.42
23.26 22.07 13.97 25.15 27.41 20.83 27.67 13.76 8.66 24.77 14.96 18.45 11.54 15.93 15.29 22.71
18.72 17.31 9.98 20.41 22.71 16.40 23.22 10.51 5.67 20.57 11.41 14.70 10.03 11.41 11.36 18.12
18.26 16.62 9.80 19.82 22.15 16.00 22.79 9.76 5.90 20.25 11.35 13.90 9.52 10.99 10.55 17.35
17.61 16.42 8.85 19.40 21.66 15.27 22.10 10.57 4.76 19.42 10.31 14.50 10.61 10.29 11.11 17.44
14.82 13.93 6.35 16.69 18.92 12.50 19.31 10.49 4.02 16.71 8.10 13.63 11.77 7.51 10.25 15.39
18.89 16.87 10.72 20.24 22.63 16.71 23.46 9.05 6.97 21.04 12.34 13.39 8.49 11.69 10.10 17.31
23.24 21.91 14.05 25.05 27.33 20.84 27.67 13.38 8.81 24.82 15.10 18.10 11.10 15.91 14.96 22.46
18.53 17.03 9.91 20.17 22.48 16.24 23.05 10.20 5.76 20.44 11.39 14.37 9.80 11.24 11.03 17.81
18.67 17.53 9.72 20.51 22.76 16.30 23.13 11.13 5.16 20.39 11.05 15.26 10.67 11.34 11.90 18.48
11.03 7.39 19.01 6.49 6.83 13.24 11.72 19.76 23.68 14.69 20.30 15.97 24.75 15.46 16.76 8.04
3.78 5.27 12.76 0.86 2.39 6.15 5.76 18.65 18.04 7.65 13.65 16.47 23.25 9.53 15.75 9.43
15.82 16.12 6.17 18.33 20.35 13.25 20.06 13.30 1.26 16.97 7.18 16.58 14.00 8.60 13.20 18.03
22.12 15.64 19.97 20.33 22.88 21.55 26.31 5.24 19.67 26.09 22.20 4.43 7.70 18.06 6.19 12.30
5.52 1.94 10.78 3.79 6.39 6.28 9.34 14.56 15.42 9.85 12.24 12.60 19.17 7.20 11.68 6.43
20.48 18.99 11.61 22.16 24.47 18.15 24.97 11.20 6.88 22.27 12.92 15.68 9.89 13.17 12.43 19.62
6.79 6.56 15.93 2.78 2.14 9.32 7.04 20.27 21.12 10.08 16.85 17.40 25.08 12.61 17.28 9.65
19.83 19.45 10.26 22.09 24.22 17.30 24.13 13.62 4.81 21.07 11.13 17.77 12.81 12.53 14.40 20.72
9.38 4.60 16.48 4.92 6.32 11.24 11.13 17.18 20.98 13.44 17.90 13.68 22.14 12.89 14.17 5.69
18.88 17.51 10.09 20.60 22.89 16.55 23.37 10.67 5.69 20.70 11.50 14.88 10.10 11.57 11.54 18.32
10.02 6.23 17.84 5.46 6.14 12.16 11.05 18.86 22.50 13.82 19.14 15.23 23.84 14.28 15.85 7.25
15.56 14.81 6.75 17.53 19.73 13.18 20.01 10.95 3.54 17.30 8.33 14.29 11.87 8.23 10.90 16.26
19.22 17.46 10.73 20.73 23.07 16.97 23.75 9.87 6.59 21.21 12.24 14.22 9.13 11.95 10.93 18.04
20.52 14.33 17.98 19.02 21.60 19.80 24.81 3.29 17.67 24.39 20.21 3.45 6.67 16.15 4.29 11.40
20.18 19.39 10.84 22.23 24.43 17.72 24.56 12.78 5.61 21.63 11.88 17.08 11.75 12.86 13.75 20.42
22.87 21.43 13.78 24.62 26.92 20.50 27.33 12.83 8.65 24.53 14.90 17.55 10.62 15.55 14.41 21.94
19.79 18.19 11.09 21.40 23.72 17.49 24.30 10.55 6.63 21.68 12.49 14.96 9.53 12.50 11.68 18.81
18.01 11.82 15.99 16.50 19.09 17.36 22.28 3.23 16.31 21.92 18.23 1.75 7.98 13.90 2.15 9.11
7.41 8.84 17.16 4.56 2.32 10.14 6.07 22.56 22.55 9.78 17.82 19.76 27.33 14.06 19.58 11.99
21.59 15.35 18.97 20.04 22.62 20.88 25.87 4.03 18.49 25.47 21.20 4.32 6.57 17.20 5.36 12.30
19.09 18.19 9.91 21.07 23.29 16.67 23.51 11.93 4.99 20.66 11.10 16.09 11.31 11.76 12.73 19.25
18.46 17.83 9.14 20.56 22.74 15.99 22.83 12.29 4.13 19.91 10.27 16.28 11.96 11.13 12.90 19.08
19.30 13.19 16.82 17.87 20.46 18.56 23.61 2.68 16.72 23.16 19.05 2.72 6.93 14.93 3.06 10.45
18.69 17.89 9.47 20.71 22.91 16.25 23.09 11.98 4.56 20.23 10.66 16.05 11.54 11.36 12.67 19.03
20.35 20.11 10.69 22.69 24.79 17.80 24.61 14.28 5.13 21.48 11.44 18.47 13.33 13.09 15.11 21.43
20.78 19.50 11.72 22.58 24.86 18.40 25.23 11.91 6.76 22.45 12.92 16.39 10.53 13.45 13.12 20.23
14.13 8.88 21.06 9.59 10.37 16.06 15.29 19.04 25.22 18.04 22.59 14.68 24.02 17.45 16.18 7.49
11.51 13.15 1.61 14.51 16.29 8.84 15.59 14.61 4.06 12.41 3.05 16.65 16.66 4.73 13.54 15.98
10.33 12.59 0.41 13.57 15.22 7.63 14.30 15.39 5.36 11.06 2.04 17.07 17.72 4.01 14.08 15.74
19.98 19.78 10.32 22.34 24.43 17.43 24.24 14.15 4.77 21.12 11.09 18.28 13.33 12.72 14.91 21.14
20.58 20.31 10.92 22.91 25.02 18.03 24.84 14.35 5.36 21.72 11.67 18.57 13.31 13.32 15.21 21.60
4.03 10.07 6.96 8.45 9.15 1.86 7.13 19.19 12.60 3.93 6.83 19.01 22.76 5.64 16.93 14.44
15.62 10.25 12.85 14.76 17.38 14.67 20.08 3.51 13.31 19.32 15.09 4.28 8.29 10.90 1.01 8.75
19.34 19.64 9.50 21.93 23.94 16.73 23.49 15.01 3.85 20.23 10.06 18.94 14.51 12.19 15.54 21.29
4.00 4.51 8.41 4.92 7.07 3.82 8.52 15.06 13.42 7.97 9.70 13.94 19.31 4.94 12.41 8.80
20.21 20.14 10.48 22.64 24.71 17.63 24.43 14.63 4.87 21.25 11.15 18.75 13.76 12.98 15.38 21.56
4.27 3.26 11.40 2.12 4.64 5.75 7.64 16.36 16.39 8.61 12.59 14.33 20.95 7.94 13.48 7.72
19.67 19.27 10.12 21.91 24.05 17.15 23.98 13.47 4.71 20.93 11.02 17.61 12.71 12.37 14.24 20.54
2.86 8.85 7.45 7.18 8.02 0.69 6.55 18.59 13.10 4.08 7.66 18.14 22.36 5.48 16.22 13.26
14.36 13.98 5.49 16.48 18.62 11.94 18.78 11.44 3.19 16.03 7.14 14.41 12.79 7.03 11.05 15.73
23.64 22.82 14.12 25.73 27.92 21.14 27.97 14.98 8.62 24.93 14.93 19.62 12.83 16.32 16.42 23.64
17.82 17.28 8.51 19.96 22.12 15.36 22.20 12.20 3.62 19.28 9.68 16.05 12.12 10.50 12.65 18.62
13.76 14.60 4.02 16.47 18.40 11.15 17.94 13.71 1.87 14.83 5.16 16.43 15.12 6.66 13.13 16.92
11.90 6.38 18.55 7.45 8.67 13.69 13.55 17.31 22.75 15.97 20.09 13.26 22.31 14.95 14.36 5.54
4.88 5.81 14.06 1.19 1.47 7.38 5.90 19.44 19.32 8.42 14.93 16.99 24.12 10.81 16.50 9.61
9.07 10.86 1.35 12.00 13.78 6.47 13.28 14.42 6.49 10.39 3.39 15.71 17.17 2.29 12.86 14.02
1.71 7.47 8.27 5.71 6.74 1.12 6.12 18.04 13.84 4.68 8.79 17.22 22.03 5.70 15.52 11.94
5.51 7.94 4.79 8.39 10.11 3.18 9.96 15.18 10.14 7.72 5.98 15.28 18.76 1.85 13.01 11.78
17.94 16.43 9.41 19.56 21.87 15.66 22.46 9.94 5.52 19.89 10.96 13.99 9.85 10.65 10.63 17.25
10.50 13.55 1.71 14.10 15.54 7.75 14.15 16.85 5.88 10.63 0.59 18.51 19.10 5.02 15.55 16.92
3.72 8.53 6.30 7.59 8.78 0.99 7.79 17.45 11.92 5.33 6.75 17.21 21.13 4.18 15.15 12.80
12.73 7.17 19.35 8.27 9.38 14.53 14.28 17.63 23.49 16.78 20.91 13.44 22.62 15.75 14.72 5.93
20.05 17.97 11.77 21.39 23.78 17.86 24.62 9.44 7.69 22.17 13.32 13.99 8.24 12.84 10.78 18.28
21.17 22.33 11.20 24.20 26.01 18.46 25.02 18.32 5.91 21.44 11.11 22.25 17.58 14.37 18.85 24.30
17.64 18.32 7.74 20.38 22.31 14.99 21.73 14.99 2.09 18.42 8.23 18.56 15.10 10.57 15.16 20.26
9.25 5.97 17.29 4.70 5.31 11.45 10.23 18.97 22.06 13.00 18.53 15.51 23.92 13.76 15.96 7.53
10.05 13.17 1.58 13.66 15.10 7.30 13.72 16.80 6.24 10.23 0.70 18.36 19.16 4.67 15.43 16.59
17.07 17.35 7.34 19.61 21.62 14.49 21.28 13.78 1.86 18.14 8.17 17.33 14.03 9.88 13.93 19.15
16.74 14.34 9.43 17.82 20.25 14.71 21.35 7.54 7.07 19.19 11.34 11.36 8.43 9.73 7.98 14.78
5.13 5.67 14.21 1.18 1.63 7.60 6.18 19.33 19.44 8.70 15.11 16.82 24.04 10.93 16.38 9.39
18.14 17.47 8.89 20.22 22.40 15.69 22.53 12.02 4.03 19.65 10.08 15.96 11.82 10.81 12.58 18.71
18.88 17.50 10.10 20.59 22.89 16.55 23.37 10.65 5.70 20.71 11.50 14.87 10.09 11.57 11.53 18.32
22.25 17.50 16.89 21.92 24.54 20.83 26.84 4.03 14.74 25.51 18.94 8.75 1.01 16.26 6.99 15.79
17.13 16.67 7.83 19.29 21.44 14.66 21.50 12.11 3.13 18.59 9.04 15.80 12.32 9.81 12.40 18.11
14.62 14.99 5.07 17.13 19.14 12.07 18.89 13.01 1.64 15.86 6.29 16.00 14.15 7.39 12.65 17.03
5.70 5.31 14.51 1.34 2.19 8.08 6.87 19.03 19.65 9.38 15.50 16.38 23.78 11.16 16.06 8.83
13.12 10.24 21.66 8.74 8.34 15.54 12.92 22.45 26.46 16.36 22.84 18.46 27.45 18.15 19.48 10.68
17.85 18.50 7.95 20.58 22.52 15.21 21.94 15.04 2.30 18.64 8.44 18.65 15.07 10.78 15.25 20.41
17.26 18.00 7.35 20.02 21.94 14.61 21.34 14.94 1.71 18.04 7.85 18.43 15.18 10.21 15.04 19.99
19.05 17.70 10.23 20.78 23.07 16.72 23.54 10.79 5.75 20.86 11.61 15.03 10.15 11.74 11.70 18.51
20.57 18.10 12.61 21.70 24.14 18.47 25.17 8.71 8.75 22.85 14.24 13.41 7.17 13.45 10.31 18.14
5.37 10.25 5.14 9.45 10.51 2.68 8.92 18.00 10.78 5.70 5.12 18.24 21.35 4.21 15.92 14.40
18.34 16.38 10.20 19.72 22.10 16.16 22.92 8.99 6.60 20.49 11.85 13.21 8.74 11.14 9.88 16.91
19.66 18.94 10.30 21.74 23.93 17.19 24.03 12.69 5.10 21.09 11.35 16.89 11.87 12.33 13.54 20.05
2.81 8.76 7.46 7.10 7.96 0.61 6.56 18.53 13.10 4.14 7.69 18.06 22.31 5.44 16.14 13.17
16.69 16.53 7.23 18.99 21.09 14.17 21.01 12.62 2.39 18.02 8.36 16.17 13.00 9.40 12.77 18.15
16.57 15.46 7.91 18.38 20.63 14.24 21.06 10.41 4.33 18.42 9.48 14.08 10.94 9.26 10.67 16.62
17.06 14.73 9.60 18.20 20.62 15.01 21.67 7.73 7.00 19.47 11.46 11.66 8.38 10.02 8.30 15.17
8.60 5.20 16.49 4.04 4.99 10.72 9.87 18.37 21.24 12.46 17.75 15.04 23.30 12.95 15.36 7.09
4.18 6.42 13.70 1.74 1.18 6.81 4.96 19.90 19.08 7.50 14.45 17.64 24.51 10.58 16.99 10.41
15.07 9.53 21.72 10.55 11.41 16.93 16.33 18.96 25.74 19.03 23.31 14.45 23.91 18.12 16.16 7.65
16.88 12.10 12.73 16.47 19.08 15.62 21.43 2.50 12.27 20.31 14.94 5.80 6.47 11.36 2.54 10.91
17.92 16.95 8.93 19.83 22.07 15.53 22.37 11.21 4.46 19.60 10.27 15.17 11.10 10.59 11.78 18.06
19.00 18.28 9.70 21.07 23.26 16.54 23.38 12.33 4.63 20.47 10.81 16.43 11.77 11.67 13.06 19.44
20.35 19.38 11.12 22.31 24.54 17.92 24.76 12.42 6.00 21.89 12.22 16.78 11.28 13.02 13.47 20.30
14.33 16.47 4.49 17.66 19.29 11.60 18.08 16.65 2.79 14.52 4.18 19.30 17.87 7.99 16.04 19.24
14.71 14.10 5.98 16.72 18.91 12.33 19.16 11.03 3.49 16.47 7.65 14.12 12.30 7.38 10.75 15.70
11.27 5.66 17.83 6.87 8.23 13.01 13.08 16.86 22.04 15.38 19.37 12.94 21.86 14.23 13.89 5.09
19.86 14.94 15.18 19.39 22.01 18.56 24.42 1.67 13.80 23.25 17.32 6.65 3.57 14.16 4.47 13.29
19.79 19.66 10.10 22.17 24.26 17.23 24.03 14.21 4.54 20.89 10.85 18.30 13.47 12.54 14.92 21.06
20.12 19.25 10.82 22.13 24.34 17.67 24.51 12.58 5.65 21.60 11.89 16.88 11.55 12.79 13.55 20.26
20.89 19.15 12.20 22.44 24.78 18.61 25.41 10.79 7.60 22.79 13.56 15.38 9.23 13.61 12.18 19.60
14.74 9.63 11.89 14.05 16.67 13.72 19.23 4.32 12.55 18.38 14.13 5.09 8.90 9.90 1.98 8.54
18.82 18.68 9.18 21.18 23.27 16.27 23.08 13.65 3.71 19.99 10.03 17.60 13.24 11.55 14.21 20.14
4.43 11.33 8.52 8.99 9.15 3.32 6.16 21.04 14.08 2.32 8.02 20.75 24.63 7.50 18.75 15.80
10.83 15.96 6.03 15.18 15.94 8.38 13.19 21.25 9.65 9.11 3.90 22.57 23.58 8.29 19.77 19.90
20.23 20.02 10.56 22.58 24.68 17.68 24.49 14.28 5.00 21.35 11.31 18.44 13.37 12.97 15.08 21.36
17.14 15.18 9.22 18.49 20.86 14.99 21.72 8.63 6.21 19.36 10.99 12.54 9.08 9.97 9.17 15.83
20.13 19.19 10.89 22.10 24.33 17.70 24.54 12.38 5.79 21.66 12.00 16.70 11.33 12.80 13.38 20.14
19.98 18.93 10.83 21.90 24.14 17.57 24.41 12.03 5.84 21.58 12.00 16.35 11.01 12.65 13.03 19.84
22.62 22.69 12.77 25.15 27.19 20.00 26.76 16.55 7.12 23.46 13.21 20.90 15.05 15.44 17.57 24.04
22.54 22.48 12.73 25.00 27.07 19.94 26.71 16.18 7.07 23.45 13.23 20.56 14.66 15.33 17.24 23.78
19.34 14.91 14.05 19.21 21.81 17.88 23.95 2.80 12.41 22.55 16.16 7.67 3.90 13.31 4.99 13.69
5.88 2.99 13.25 1.90 4.33 7.66 8.42 16.71 18.09 10.09 14.51 14.12 21.48 9.73 13.74 6.80
18.46 17.14 9.69 20.19 22.48 16.13 22.95 10.60 5.38 20.28 11.11 14.73 10.24 11.15 11.37 18.01
22.45 15.95 20.30 20.64 23.18 21.89 26.63 5.52 19.98 26.43 22.54 4.73 7.81 18.40 6.53 12.57
18.98 17.52 10.25 20.65 22.95 16.66 23.48 10.51 5.90 20.84 11.67 14.75 9.89 11.67 11.42 18.28
8.68 8.14 17.94 4.79 3.65 11.27 8.17 21.70 23.12 11.63 18.84 18.51 26.58 14.62 18.68 10.58
6.46 7.91 4.36 8.95 10.85 4.25 10.98 14.17 9.41 8.81 5.91 14.46 17.69 0.90 12.07 11.46
13.62 16.68 4.51 17.31 18.71 10.87 17.01 18.30 4.84 13.24 3.18 20.62 19.78 8.09 17.45 19.84
4.67 10.09 6.01 8.91 9.82 2.11 8.06 18.53 11.65 4.86 5.94 18.56 21.99 4.84 16.36 14.36
17.12 13.40 11.38 17.42 19.97 15.48 21.76 4.53 9.97 20.12 13.48 8.50 6.40 10.77 5.21 12.97
22.23 18.86 15.03 22.83 25.36 20.34 26.87 7.37 11.59 24.86 16.81 12.34 4.51 15.39 9.66 18.18
10.17 4.87 16.95 5.76 7.19 11.94 12.01 16.86 21.30 14.27 18.43 13.18 21.84 13.34 13.86 5.20
7.57 5.04 15.76 3.01 3.95 9.76 8.80 18.56 20.66 11.37 16.93 15.47 23.44 12.27 15.55 7.62
17.24 12.02 13.69 16.52 19.14 16.16 21.74 1.81 13.43 20.83 15.91 4.66 6.52 12.11 1.64 10.40
18.90 15.17 12.72 19.23 21.79 17.20 23.54 4.65 10.59 21.82 14.74 9.30 4.95 12.41 6.26 14.53
8.06 5.12 16.12 3.50 4.42 10.23 9.30 18.50 20.96 11.89 17.33 15.29 23.40 12.61 15.48 7.38
17.23 16.12 8.46 19.05 21.30 14.89 21.71 10.61 4.49 19.03 9.94 14.44 10.82 9.91 11.04 17.21
17.28 17.36 7.63 19.72 21.78 14.72 21.53 13.41 2.28 18.44 8.54 17.04 13.58 10.04 13.64 19.05
19.47 17.09 11.57 20.63 23.05 17.37 24.07 8.39 7.97 21.76 13.26 12.91 7.52 12.35 9.70 17.27
12.13 15.53 3.57 15.92 17.24 9.39 15.47 18.26 5.75 11.70 1.76 20.23 20.12 7.00 17.16 18.89
7.44 10.75 2.64 10.98 12.44 4.71 11.35 16.34 8.30 8.21 3.20 17.17 19.33 2.77 14.54 14.45
22.31 19.90 14.08 23.50 25.93 20.16 26.90 9.95 9.76 24.48 15.58 14.80 7.51 15.14 11.82 19.86
18.45 17.09 9.70 20.16 22.45 16.12 22.94 10.51 5.44 20.29 11.14 14.64 10.16 11.14 11.29 17.95
16.58 16.27 7.24 18.81 20.93 14.10 20.94 12.23 2.66 18.01 8.47 15.78 12.66 9.27 12.38 17.83
16.93 17.75 7.01 19.72 21.63 14.27 20.99 14.98 1.39 17.68 7.49 18.39 15.33 9.90 15.00 19.81
8.70 3.40 15.36 4.46 6.30 10.36 10.92 16.20 19.80 12.89 16.82 12.89 21.14 11.76 13.18 4.99
19.57 18.77 10.27 21.61 23.81 17.11 23.95 12.45 5.14 21.05 11.36 16.65 11.65 12.24 13.30 19.85
15.66 15.59 6.27 17.98 20.07 13.15 19.99 12.43 2.08 17.04 7.52 15.72 13.21 8.37 12.34 17.34
19.45 17.40 11.21 20.80 23.18 17.26 24.01 9.25 7.28 21.57 12.79 13.70 8.38 12.24 10.44 17.79
3.70 5.73 7.43 5.75 7.63 2.77 8.34 15.50 12.64 7.22 8.57 14.73 19.56 4.13 12.97 9.97
12.07 6.26 18.45 7.69 9.03 13.77 13.88 16.83 22.54 16.19 20.04 12.74 21.83 14.84 13.89 5.08
19.68 19.46 10.03 22.02 24.12 17.13 23.94 13.94 4.52 20.83 10.84 18.03 13.22 12.41 14.65 20.83
20.01 19.61 10.45 22.26 24.40 17.49 24.32 13.66 5.00 21.26 11.32 17.84 12.78 12.72 14.48 20.86
14.57 18.17 6.11 18.49 19.71 11.86 17.61 20.06 6.27 13.67 4.39 22.41 21.42 9.62 19.24 21.47
9.18 4.28 16.19 4.77 6.29 11.00 11.06 16.93 20.67 13.28 17.61 13.47 21.89 12.59 13.91 5.50
19.90 17.30 12.16 20.94 23.39 17.84 24.51 8.04 8.62 22.27 13.87 12.67 6.91 12.83 9.53 17.32
24.03 23.58 14.32 26.32 28.45 21.47 28.27 16.24 8.70 25.09 14.94 20.83 14.17 16.76 17.59 24.60
5.70 2.26 12.44 2.43 5.02 7.18 8.74 15.90 17.20 10.02 13.77 13.48 20.63 8.89 12.94 6.45
4.61 5.24 7.32 6.06 8.16 3.68 9.24 14.53 12.28 8.19 8.69 13.78 18.62 3.81 12.00 9.29
20.72 16.12 15.38 20.48 23.09 19.27 25.32 3.11 13.47 23.95 17.46 8.08 2.51 14.70 5.84 14.65
7.55 5.39 15.93 3.02 3.69 9.82 8.58 18.94 20.88 11.27 17.06 15.85 23.82 12.47 15.93 8.00
18.11 16.51 9.64 19.68 22.01 15.85 22.64 9.78 5.77 20.09 11.20 13.89 9.61 10.84 10.53 17.26
20.58 20.70 10.76 23.10 25.14 17.97 24.74 15.34 5.11 21.49 11.30 19.46 14.42 13.39 16.09 22.19
22.76 21.37 13.64 24.53 26.83 20.38 27.21 12.89 8.48 24.40 14.74 17.59 10.74 15.43 14.44 21.92
16.60 15.41 8.02 18.36 20.63 14.29 21.10 10.23 4.51 18.49 9.61 13.91 10.76 9.30 10.51 16.52
22.00 17.06 16.96 21.53 24.15 20.65 26.57 3.44 15.05 25.34 19.05 8.05 1.58 16.17 6.45 15.21
20.20 20.55 10.32 22.83 24.82 17.57 24.31 15.66 4.67 21.00 10.77 19.69 14.92 13.07 16.30 22.17
20.16 18.85 11.19 21.93 24.22 17.80 24.63 11.45 6.39 21.89 12.46 15.86 10.31 12.84 12.57 19.59
16.88 14.31 9.74 17.88 20.32 14.90 21.51 7.17 7.46 19.41 11.67 11.06 8.07 9.94 7.69 14.64
9.11 3.19 15.33 5.02 6.97 10.63 11.52 15.58 19.62 13.35 16.87 12.21 20.54 11.72 12.57 4.29
10.67 6.25 18.13 6.12 6.99 12.70 11.90 18.41 22.64 14.56 19.51 14.63 23.39 14.54 15.41 6.69
20.92 21.29 11.03 23.57 25.56 18.28 25.02 16.15 5.38 21.68 11.41 20.26 15.21 13.81 16.88 22.88
16.78 10.61 15.05 15.29 17.89 16.17 21.05 3.82 15.71 20.71 17.29 1.89 8.78 12.82 1.54 8.08
8.57 4.80 16.23 4.03 5.21 10.60 10.05 17.92 20.93 12.51 17.53 14.59 22.85 12.67 14.90 6.65
10.51 7.71 18.93 6.05 6.00 12.86 10.82 20.53 23.77 13.97 20.11 16.88 25.50 15.43 17.52 8.91
10.16 4.98 17.03 5.73 7.10 11.96 11.93 17.03 21.41 14.24 18.50 13.35 22.02 13.43 14.03 5.37
17.35 15.71 9.07 18.89 21.22 15.12 21.90 9.42 5.61 19.41 10.72 13.35 9.66 10.11 9.97 16.51
7.73 9.09 17.48 4.85 2.64 10.45 6.28 22.80 22.87 10.04 18.14 19.95 27.59 14.38 19.82 12.16
6.05 6.33 15.26 2.18 1.57 8.59 6.48 20.05 20.49 9.38 16.14 17.34 24.81 11.97 17.07 9.71
12.21 14.66 2.49 15.61 17.18 9.47 15.96 16.38 4.15 12.46 2.19 18.52 18.19 6.09 15.39 17.71
4.72 3.29 9.38 4.42 6.83 4.98 8.99 14.58 14.17 8.91 10.79 13.12 19.01 5.82 11.82 7.62
17.01 17.48 7.20 19.64 21.62 14.40 21.17 14.19 1.60 17.97 7.92 17.69 14.47 9.86 14.29 19.36
20.78 20.49 11.12 23.10 25.22 18.23 25.04 14.42 5.56 21.92 11.87 18.67 13.31 13.51 15.32 21.76
4.44 7.89 5.62 7.69 9.23 2.03 8.82 16.17 11.12 6.61 6.48 16.03 19.84 3.00 13.90 11.98
17.63 16.77 8.57 19.59 21.80 15.22 22.06 11.36 4.11 19.27 9.91 15.23 11.37 10.29 11.84 17.96
3.86 9.07 6.33 7.94 8.99 1.15 7.67 17.96 11.98 4.94 6.59 17.78 21.58 4.53 15.69 13.37
20.34 19.98 10.74 22.62 24.74 17.81 24.63 13.96 5.24 21.54 11.56 18.18 12.98 13.06 14.82 21.23
20.35 18.73 11.61 21.96 24.29 18.05 24.86 10.79 7.03 22.22 12.98 15.28 9.50 13.06 12.04 19.29
22.47 16.47 19.21 21.14 23.74 21.60 26.83 3.99 18.29 26.24 21.41 5.67 5.31 17.70 6.07 13.62
5.92 4.16 14.06 1.39 3.32 8.03 7.77 17.88 19.04 9.91 15.19 15.20 22.66 10.60 14.90 7.69
17.75 18.94 7.77 20.73 22.55 15.05 21.67 16.27 2.52 18.21 7.89 19.74 16.43 10.90 16.35 21.11
20.96 17.62 13.91 21.57 24.10 19.09 25.61 6.64 10.76 23.63 15.75 11.53 4.73 14.16 8.68 17.06
21.34 14.78 19.48 19.47 22.00 20.82 25.48 5.13 19.43 25.34 21.72 3.56 8.18 17.45 5.64 11.39
9.54 14.63 5.28 13.85 14.66 7.05 12.09 20.38 9.60 8.09 3.41 21.50 22.94 7.13 18.78 18.61
8.37 4.30 15.81 3.88 5.30 10.31 10.08 17.45 20.47 12.39 17.15 14.18 22.38 12.25 14.44 6.26
7.25 6.89 5.39 8.84 11.03 5.51 11.89 12.55 9.69 10.19 7.26 12.70 16.26 1.94 10.35 10.01
11.12 15.20 4.00 15.14 16.27 8.44 14.18 19.16 7.29 10.31 1.76 20.79 21.30 6.93 17.85 18.83
1.72 6.44 11.33 2.92 3.55 4.31 4.58 19.02 16.80 5.65 11.97 17.36 23.41 8.38 16.25 10.88
7.73 2.58 14.33 3.69 5.82 9.32 10.22 15.91 18.85 11.97 15.77 12.88 20.80 10.74 12.90 5.20
12.37 14.51 2.47 15.64 17.29 9.65 16.24 15.81 3.65 12.82 2.68 18.03 17.57 5.98 14.87 17.43
20.97 17.10 14.58 21.23 23.80 19.26 25.61 5.22 11.92 23.88 16.53 10.18 3.35 14.45 7.54 16.17
19.24 17.80 10.47 20.93 23.23 16.92 23.74 10.68 6.01 21.08 11.86 14.97 9.94 11.93 11.65 18.55
20.32 14.53 17.04 19.17 21.78 19.40 24.73 1.91 16.38 24.05 19.25 4.39 5.29 15.47 3.92 12.02
7.47 3.44 14.76 3.12 4.98 9.32 9.56 16.90 19.44 11.60 16.09 13.87 21.78 11.20 13.89 6.12
11.64 7.16 19.11 7.08 7.77 13.69 12.69 18.93 23.59 15.47 20.51 14.98 23.92 15.52 15.95 7.16
10.75 15.59 5.34 15.01 15.88 8.21 13.34 20.56 8.96 9.32 3.19 21.95 22.87 7.74 19.12 19.45
17.61 11.09 16.40 15.79 18.35 17.17 21.76 4.62 17.14 21.65 18.63 0.46 9.34 14.05 2.94 8.02
11.39 15.50 4.23 15.43 16.54 8.71 14.41 19.35 7.30 10.51 1.99 21.03 21.44 7.21 18.08 19.11
18.34 18.89 8.45 21.04 22.99 15.70 22.44 15.07 2.80 19.15 8.95 18.78 14.93 11.24 15.38 20.73
21.03 19.32 12.30 22.60 24.94 18.74 25.55 10.95 7.65 22.92 13.65 15.55 9.34 13.74 12.35 19.78
5.51 10.19 4.90 9.51 10.64 2.79 9.13 17.77 10.55 5.96 4.95 18.05 21.09 3.96 15.70 14.30
10.15 13.93 2.85 14.03 15.28 7.43 13.49 18.07 7.04 9.78 0.76 19.57 20.41 5.62 16.67 17.53
16.73 16.23 7.52 18.86 21.02 14.28 21.12 11.83 3.11 18.25 8.82 15.45 12.21 9.41 12.05 17.67
20.30 18.92 11.37 22.04 24.33 17.95 24.78 11.38 6.58 22.05 12.64 15.82 10.17 12.98 12.54 19.63
8.10 8.32 17.57 4.54 2.97 10.75 7.32 21.99 22.84 10.86 18.38 18.96 26.83 14.33 18.99 11.08
17.33 16.39 8.38 19.24 21.47 14.94 21.78 11.06 4.15 19.03 9.78 14.88 11.21 10.00 11.49 17.57
10.62 5.46 17.53 6.16 7.42 12.46 12.28 17.29 21.89 14.67 19.01 13.51 22.28 13.93 14.30 5.57
2.10 5.88 8.76 4.55 6.10 2.47 6.70 16.96 14.14 6.09 9.63 15.86 21.14 5.69 14.33 10.36
17.97 16.96 9.00 19.86 22.10 15.59 22.42 11.14 4.56 19.67 10.35 15.11 11.00 10.64 11.73 18.04
7.62 5.96 16.27 3.19 3.40 9.99 8.32 19.53 21.28 11.18 17.34 16.45 24.40 12.84 16.52 8.58
12.62 15.12 2.95 16.06 17.62 9.88 16.33 16.62 3.99 12.79 2.47 18.86 18.32 6.55 15.70 18.14
18.63 17.78 9.46 20.62 22.83 16.20 23.04 11.83 4.61 20.20 10.67 15.89 11.40 11.30 12.52 18.89
17.11 15.82 8.52 18.83 21.11 14.81 21.61 10.17 4.81 19.01 10.08 13.99 10.47 9.81 10.60 16.84
18.56 16.82 10.16 20.06 22.41 16.32 23.10 9.61 6.25 20.59 11.72 13.84 9.22 11.30 10.51 17.45
3.18 4.90 11.82 1.47 3.29 5.34 5.98 17.98 17.08 7.33 12.74 16.01 22.52 8.57 15.12 9.26
20.26 14.10 17.70 18.79 21.37 19.53 24.56 3.08 17.43 24.13 19.93 3.31 6.66 15.87 4.02 11.23
17.01 17.44 7.22 19.62 21.60 14.41 21.19 14.09 1.64 17.99 7.96 17.60 14.38 9.85 14.20 19.31
20.85 21.67 10.88 23.71 25.60 18.16 24.80 17.28 5.38 21.33 11.00 21.25 16.50 13.89 17.86 23.50
5.76 9.60 4.27 9.40 10.77 3.03 9.74 16.70 9.92 6.84 4.78 17.04 20.04 2.90 14.66 13.56
16.88 16.70 7.42 19.18 21.28 14.37 21.20 12.63 2.51 18.21 8.53 16.23 12.94 9.59 12.82 18.29
21.50 14.83 19.90 19.51 22.02 21.06 25.59 5.71 19.95 25.54 22.14 3.66 8.76 17.79 6.04 11.31
8.91 3.97 15.85 4.54 6.16 10.69 10.88 16.74 20.34 13.03 17.28 13.35 21.68 12.26 13.72 5.40
6.94 9.37 3.17 10.01 11.69 4.36 11.20 15.13 8.62 8.51 4.45 15.75 18.36 1.34 13.21 12.97
20.98 15.11 17.71 19.76 22.37 20.07 25.37 2.53 16.96 24.72 19.92 4.69 5.21 16.16 4.57 12.48
16.82 15.82 8.00 18.69 20.93 14.46 21.28 10.75 4.13 18.59 9.49 14.46 11.15 9.49 11.06 17.02
8.33 5.99 16.76 3.83 4.18 10.64 9.10 19.38 21.68 11.96 17.89 16.14 24.29 13.28 16.37 8.20
6.12 7.63 4.70 8.58 10.48 3.97 10.65 14.30 9.78 8.57 6.18 14.46 17.89 1.27 12.14 11.26
8.13 3.30 15.03 3.86 5.73 9.86 10.32 16.46 19.58 12.30 16.45 13.28 21.37 11.45 13.44 5.45
10.97 10.77 3.63 13.03 15.16 8.67 15.47 11.59 5.67 13.00 5.84 13.38 14.19 3.66 10.31 13.07
14.70 13.15 7.01 16.21 18.53 12.54 19.27 9.17 5.37 16.93 8.95 12.27 10.75 7.52 8.89 14.31
9.11 4.31 16.17 4.69 6.18 10.95 10.96 17.01 20.68 13.20 17.59 13.57 21.96 12.58 13.99 5.60
4.28 7.17 6.04 7.16 8.83 2.24 8.80 15.74 11.42 6.92 7.07 15.44 19.53 3.06 13.40 11.26
19.98 20.26 10.13 22.57 24.58 17.36 24.12 15.33 4.48 20.85 10.64 19.35 14.63 12.83 15.96 21.85
11.34 8.11 19.59 6.84 6.88 13.64 11.70 20.57 24.33 14.85 20.82 16.76 25.56 16.06 17.58 8.85
17.78 10.69 18.08 15.27 17.70 17.77 21.58 7.42 19.45 22.01 20.28 2.44 11.98 15.35 5.58 6.77
9.43 6.83 17.86 4.96 5.06 11.76 9.94 19.95 22.74 12.97 19.02 16.49 24.89 14.37 16.93 8.50
19.26 18.80 9.78 21.47 23.61 16.76 23.59 13.10 4.46 20.58 10.74 17.19 12.48 11.96 13.81 20.07
21.60 19.85 12.85 23.16 25.50 19.31 26.12 11.18 8.13 23.48 14.17 15.85 9.31 14.31 12.69 20.25
17.80 16.29 9.30 19.41 21.73 15.52 22.32 9.88 5.48 19.76 10.86 13.90 9.86 10.52 10.53 17.12
17.74 16.17 9.31 19.33 21.65 15.49 22.28 9.72 5.58 19.74 10.90 13.74 9.74 10.47 10.37 16.98
20.83 14.99 17.54 19.64 22.25 19.92 25.23 2.36 16.80 24.57 19.75 4.65 5.18 15.99 4.43 12.40
13.56 14.24 3.95 16.19 18.14 10.98 17.79 13.34 2.20 14.75 5.26 16.01 14.83 6.39 12.73 16.52
18.65 19.79 8.68 21.63 23.46 15.95 22.57 16.66 3.36 19.09 8.76 20.28 16.55 11.79 16.88 21.88
3.03 5.17 8.52 4.66 6.54 3.04 7.60 16.02 13.74 7.01 9.59 14.92 20.23 5.23 13.38 9.59
23.17 16.35 21.78 20.99 23.46 22.83 27.18 7.40 21.77 27.27 24.02 5.38 9.78 19.65 7.92 12.58
12.25 17.37 6.96 16.62 17.34 9.83 14.45 22.15 9.81 10.34 4.73 23.69 24.25 9.55 20.81 21.26
24.62 18.56 21.20 23.24 25.83 23.75 28.98 6.00 19.97 28.39 23.38 7.56 5.76 19.80 8.23 15.55
18.26 18.36 8.54 20.73 22.78 15.68 22.48 13.93 3.00 19.34 9.32 17.73 13.75 11.04 14.33 19.98
13.30 16.00 3.81 16.84 18.34 10.55 16.88 17.35 4.11 13.23 2.93 19.69 18.88 7.42 16.51 19.05
2.20 9.44 9.41 6.72 6.88 2.49 4.58 20.30 15.07 2.40 9.41 19.50 24.21 7.49 17.80 13.96
18.23 16.45 9.92 19.71 22.06 16.01 22.78 9.39 6.19 20.30 11.53 13.55 9.18 10.99 10.21 17.09
3.32 4.15 9.82 3.40 5.55 4.23 7.47 16.11 14.93 7.63 10.96 14.58 20.51 6.43 13.34 8.66
22.86 23.06 12.97 25.45 27.47 20.22 26.96 17.05 7.32 23.61 13.33 21.39 15.55 15.72 18.06 24.47
18.63 19.25 8.72 21.36 23.30 15.98 22.70 15.39 3.08 19.38 9.14 19.13 15.17 11.56 15.73 21.09
20.88 15.25 17.21 19.86 22.48 19.87 25.33 1.99 16.25 24.54 19.40 5.27 4.43 15.81 4.54 12.85
4.11 6.52 13.68 1.84 1.18 6.75 4.83 19.97 19.06 7.39 14.40 17.73 24.58 10.57 17.07 10.52
7.56 5.02 15.74 3.00 3.95 9.75 8.80 18.54 20.64 11.37 16.92 15.45 23.42 12.25 15.53 7.60
4.65 7.21 5.75 7.42 9.15 2.59 9.18 15.43 11.09 7.26 6.87 15.21 19.18 2.69 13.11 11.22
6.20 10.88 4.53 10.25 11.34 3.50 9.66 18.01 10.12 6.28 4.32 18.47 21.19 4.19 16.03 14.94
7.66 12.03 3.61 11.67 12.80 4.96 11.02 18.06 8.98 7.45 2.93 18.91 20.95 4.49 16.29 15.93
6.16 13.07 8.91 10.70 10.70 4.96 7.17 22.32 14.24 3.02 7.96 22.27 25.71 8.57 20.14 17.52
19.91 15.14 14.99 19.54 22.16 18.55 24.49 2.11 13.47 23.23 17.12 7.09 3.39 14.09 4.79 13.60
8.48 8.24 17.83 4.71 3.40 11.10 7.85 21.85 23.05 11.35 18.70 18.72 26.72 14.54 18.84 10.81
18.35 17.81 8.99 20.50 22.66 15.87 22.71 12.44 3.93 19.77 10.09 16.39 12.15 11.03 13.00 19.10
18.56 16.79 10.19 20.05 22.40 16.33 23.11 9.54 6.31 20.61 11.76 13.77 9.15 11.31 10.44 17.41
15.76 16.51 5.91 18.49 20.42 13.13 19.89 14.26 0.34 16.67 6.64 17.46 14.98 8.68 14.09 18.62
4.69 7.33 5.66 7.52 9.23 2.56 9.20 15.48 11.02 7.23 6.76 15.29 19.21 2.64 13.18 11.33
18.74 19.20 8.86 21.40 23.37 16.10 22.85 15.08 3.21 19.57 9.37 18.88 14.80 11.62 15.47 20.97
21.13 20.65 11.55 23.36 25.51 18.61 25.43 14.15 6.05 22.36 12.36 18.49 12.88 13.84 15.17 21.80
3.89 8.55 6.12 7.71 8.93 1.17 7.97 17.33 11.74 5.49 6.59 17.13 20.98 4.01 15.04 12.80
18.25 17.65 8.94 20.36 22.54 15.79 22.63 12.24 3.97 19.72 10.09 16.18 11.99 10.93 12.80 18.92
19.93 19.47 10.40 22.15 24.29 17.42 24.25 13.46 5.00 21.21 11.31 17.65 12.60 12.63 14.29 20.69
16.81 16.52 7.44 19.05 21.17 14.32 21.16 12.35 2.71 18.22 8.62 15.95 12.68 9.50 12.54 18.06
8.74 9.08 3.46 10.90 12.97 6.50 13.26 12.61 7.50 10.95 5.58 13.59 15.76 1.49 10.85 11.95
6.19 10.64 4.30 10.15 11.32 3.46 9.79 17.65 9.93 6.51 4.26 18.12 20.85 3.83 15.68 14.66
12.15 14.19 2.21 15.37 17.05 9.44 16.07 15.53 3.71 12.70 2.69 17.72 17.37 5.68 14.57 17.09
8.74 11.54 1.33 12.13 13.69 6.02 12.68 15.87 6.98 9.48 2.29 17.08 18.58 3.06 14.28 14.99
20.91 20.67 11.22 23.26 25.36 18.35 25.16 14.62 5.64 22.01 11.93 18.88 13.50 13.65 15.53 21.95
8.71 3.27 15.27 4.51 6.40 10.34 10.99 16.04 19.68 12.91 16.75 12.74 20.98 11.67 13.03 4.85
5.58 7.28 15.20 2.72 0.45 8.26 5.29 20.95 20.58 8.46 15.92 18.42 25.65 12.08 18.00 10.89
9.55 4.51 16.49 5.13 6.60 11.35 11.40 16.93 20.93 13.64 17.93 13.39 21.90 12.89 13.92 5.40
17.98 17.38 8.69 20.09 22.26 15.52 22.36 12.13 3.81 19.46 9.87 16.03 11.99 10.66 12.63 18.68
17.11 16.59 7.87 19.24 21.40 14.66 21.50 11.93 3.27 18.62 9.12 15.64 12.15 9.79 12.23 17.99
16.94 17.41 7.13 19.56 21.54 14.33 21.10 14.16 1.53 17.90 7.85 17.65 14.47 9.79 14.25 19.30
2.27 6.68 7.96 5.48 6.88 1.55 6.88 17.08 13.43 5.66 8.72 16.26 21.12 5.09 14.55 11.10
7.61 4.44 15.45 3.07 4.40 9.68 9.18 17.91 20.26 11.56 16.69 14.81 22.80 11.93 14.90 6.97
19.60 17.91 11.01 21.16 23.49 17.33 24.13 10.21 6.69 21.55 12.46 14.62 9.28 12.32 11.33 18.49
17.24 10.43 16.84 15.09 17.61 17.02 21.23 6.01 17.99 21.38 19.06 1.13 10.73 14.27 4.04 6.97
16.39 10.46 14.31 15.10 17.71 15.66 20.72 3.51 14.90 20.25 16.55 2.70 8.51 12.17 0.78 8.26
18.78 14.25 13.74 18.57 21.17 17.36 23.37 2.41 12.36 22.04 15.87 7.14 4.45 12.85 4.36 13.02
22.40 22.36 12.59 24.87 26.93 19.80 26.57 16.13 6.93 23.31 13.09 20.49 14.65 15.19 17.16 23.68
5.04 8.59 4.95 8.45 9.93 2.43 9.26 16.29 10.51 6.74 5.72 16.37 19.82 2.73 14.12 12.61
18.63 18.09 9.23 20.78 22.94 16.14 22.98 12.59 4.10 20.03 10.30 16.59 12.20 11.31 13.21 19.37
20.15 19.40 10.77 22.22 24.41 17.68 24.52 12.88 5.52 21.57 11.80 17.16 11.87 12.82 13.82 20.46
18.35 18.63 8.56 20.91 22.92 15.75 22.53 14.40 2.93 19.32 9.22 18.18 14.22 11.17 14.78 20.33
2.63 5.14 11.31 2.05 3.66 4.75 5.80 17.95 16.62 6.86 12.19 16.14 22.42 8.11 15.13 9.58
16.41 15.36 7.73 18.25 20.49 14.08 20.90 10.49 4.19 18.25 9.30 14.11 11.08 9.10 10.71 16.57
16.82 16.32 7.59 18.95 21.11 14.36 21.20 11.88 3.11 18.33 8.87 15.52 12.23 9.49 12.12 17.76
10.41 5.68 17.64 5.90 6.98 12.35 11.88 17.82 22.10 14.39 19.06 14.08 22.80 14.05 14.82 6.13
21.52 19.28 13.20 22.80 25.20 19.33 26.09 9.89 8.90 23.64 14.70 14.64 7.89 14.31 11.56 19.40
13.97 16.65 4.47 17.52 19.01 11.22 17.51 17.66 4.00 13.82 3.57 20.13 19.02 8.08 16.92 19.65
4.79 9.05 5.23 8.53 9.82 2.06 8.80 17.04 10.87 6.08 5.71 17.10 20.55 3.42 14.87 13.17
19.63 19.07 10.18 21.79 23.95 17.14 23.97 13.05 4.87 20.98 11.16 17.21 12.27 12.31 13.85 20.26
20.61 20.49 10.89 23.02 25.10 18.04 24.84 14.73 5.28 21.66 11.56 18.92 13.72 13.37 15.56 21.85
20.28 20.36 10.49 22.78 24.83 17.69 24.47 15.03 4.85 21.24 11.08 19.14 14.19 13.08 15.76 21.84
6.82 4.40 14.89 2.27 3.72 8.95 8.42 18.05 19.80 10.75 16.07 15.13 22.89 11.41 15.05 7.42
20.46 18.31 12.19 21.77 24.17 18.28 25.03 9.49 8.06 22.59 13.73 14.11 8.06 13.25 10.94 18.55
19.30 17.49 10.86 20.79 23.14 17.07 23.85 9.77 6.75 21.32 12.38 14.14 8.98 12.05 10.86 18.03
15.46 11.51 10.61 15.57 18.14 13.97 20.08 4.62 10.20 18.65 12.80 7.51 7.80 9.47 4.11 11.16
20.01 20.39 10.13 22.65 24.64 17.38 24.12 15.61 4.48 20.81 10.58 19.61 14.93 12.89 16.22 22.04
17.23 17.45 7.52 19.74 21.77 14.65 21.45 13.70 2.06 18.32 8.36 17.29 13.89 10.02 13.89 19.20
17.37 13.15 12.26 17.35 19.94 15.89 21.98 3.32 11.15 20.57 14.40 7.36 5.88 11.34 4.14 12.33
16.61 15.44 8.01 18.38 20.65 14.30 21.11 10.28 4.48 18.49 9.59 13.96 10.79 9.30 10.56 16.56
6.76 10.00 3.23 10.21 11.71 4.05 10.79 16.12 8.87 7.84 3.98 16.74 19.28 2.34 14.21 13.77
4.78 9.97 5.74 8.94 9.93 2.14 8.30 18.23 11.38 5.16 5.74 18.31 21.68 4.53 16.08 14.20
18.73 18.44 9.18 21.01 23.13 16.20 23.03 13.25 3.82 19.98 10.11 17.21 12.85 11.44 13.82 19.84
17.02 15.03 9.17 18.35 20.73 14.88 21.61 8.52 6.26 19.27 10.96 12.41 9.05 9.87 9.03 15.67
18.31 18.38 8.60 20.77 22.82 15.73 22.54 13.89 3.07 19.40 9.39 17.71 13.69 11.08 14.31 19.98
23.77 17.62 20.63 22.31 24.89 22.96 28.09 5.41 19.64 27.58 22.83 6.58 6.01 19.10 7.41 14.56
20.17 19.66 10.65 22.37 24.52 17.66 24.49 13.50 5.24 21.46 11.55 17.73 12.55 12.86 14.38 20.85
21.74 18.65 14.29 22.51 25.01 19.78 26.37 7.77 10.71 24.27 16.03 12.68 5.35 14.80 9.85 18.19
9.75 4.90 16.84 5.29 6.61 11.62 11.45 17.29 21.31 13.80 18.27 13.69 22.26 13.25 14.28 5.71
16.80 12.29 12.29 16.57 19.18 15.45 21.39 2.95 11.66 20.14 14.48 6.45 6.44 11.08 3.16 11.32
22.07 22.16 12.23 24.60 26.64 19.45 26.21 16.22 6.57 22.92 12.68 20.52 14.88 14.89 17.18 23.55
4.10 5.20 13.04 0.61 2.27 6.47 5.93 18.67 18.29 7.95 13.95 16.42 23.30 9.78 15.76 9.28
17.84 17.03 8.73 19.84 22.04 15.43 22.27 11.56 4.13 19.45 10.02 15.46 11.47 10.51 12.07 18.23
5.95 6.78 15.34 2.44 1.13 8.56 6.04 20.48 20.63 9.09 16.16 17.83 25.23 12.12 17.52 10.22
19.45 19.25 9.81 21.80 23.90 16.90 23.72 13.85 4.31 20.62 10.63 17.91 13.21 12.19 14.53 20.65
17.45 15.59 9.37 18.87 21.23 15.27 22.02 8.94 6.09 19.61 11.07 12.93 9.18 10.25 9.56 16.27
13.66 15.61 3.73 16.88 18.57 10.94 17.51 15.94 2.64 14.05 3.78 18.48 17.34 7.16 15.24 18.36
10.78 6.30 18.21 6.23 7.10 12.80 12.02 18.40 22.71 14.68 19.60 14.60 23.39 14.62 15.41 6.67
11.12 5.51 17.68 6.73 8.11 12.85 12.95 16.80 21.90 15.24 19.22 12.91 21.80 14.07 13.83 5.03
4.97 7.31 14.69 2.64 0.21 7.68 4.73 20.89 20.10 7.81 15.36 18.50 25.54 11.63 17.97 11.10
17.16 16.12 8.32 19.02 21.26 14.80 21.62 10.78 4.30 18.92 9.78 14.57 11.02 9.83 11.18 17.27
17.21 15.79 8.73 18.86 21.16 14.93 21.73 9.89 5.11 19.17 10.32 13.76 10.16 9.92 10.37 16.72
10.24 6.30 17.98 5.68 6.38 12.35 11.30 18.80 22.61 14.05 19.30 15.13 23.78 14.42 15.80 7.16
11.82 8.42 20.00 7.32 7.37 14.11 12.18 20.68 24.70 15.34 21.25 16.79 25.67 16.46 17.69 8.92
17.01 13.75 10.70 17.59 20.11 15.23 21.66 5.58 8.96 19.83 12.74 9.53 6.97 10.40 6.20 13.64
4.36 7.25 14.13 2.56 0.83 7.08 4.32 20.71 19.57 7.23 14.76 18.46 25.31 11.11 17.81 11.20
16.10 15.90 6.75 18.37 20.48 13.61 20.45 12.28 2.37 17.52 8.00 15.70 12.90 8.80 12.31 17.54
10.12 14.07 3.16 14.06 15.26 7.41 13.37 18.39 7.32 9.61 1.08 19.85 20.74 5.83 16.97 17.72
22.60 21.46 13.32 24.51 26.76 20.17 27.01 13.42 8.03 24.11 14.33 18.06 11.43 15.27 14.86 22.16
17.39 15.70 9.14 18.90 21.23 15.17 21.94 9.33 5.71 19.46 10.80 13.27 9.56 10.15 9.90 16.47
6.33 3.93 14.25 1.85 3.73 8.37 8.24 17.64 19.16 10.36 15.44 14.86 22.45 10.76 14.65 7.28
21.23 20.41 11.83 23.28 25.49 18.76 25.60 13.34 6.50 22.64 12.80 17.77 11.92 13.91 14.48 21.36
22.40 20.98 13.32 24.15 26.44 20.02 26.86 12.57 8.23 24.06 14.46 17.24 10.52 15.07 14.07 21.52
5.54 7.34 15.19 2.76 0.40 8.23 5.21 21.00 20.57 8.40 15.90 18.48 25.69 12.08 18.05 10.96
18.87 17.66 9.95 20.67 22.94 16.51 23.34 11.07 5.38 20.61 11.29 15.24 10.51 11.54 11.90 18.57
11.17 14.17 2.13 14.77 16.21 8.42 14.78 17.01 5.44 11.21 0.89 18.84 19.10 5.60 15.82 17.46
18.03 16.82 9.21 19.82 22.08 15.68 22.51 10.70 4.96 19.82 10.64 14.71 10.54 10.71 11.34 17.80
9.67 4.87 16.79 5.20 6.52 11.54 11.35 17.32 21.27 13.71 18.21 13.74 22.29 13.20 14.31 5.76
14.40 14.73 4.90 16.88 18.90 11.85 18.68 12.88 1.86 15.68 6.20 15.81 14.11 7.16 12.47 16.78
12.23 8.89 8.21 12.60 15.12 10.75 16.86 7.40 9.44 15.44 10.45 8.66 11.03 6.43 5.65 9.62
12.19 16.27 4.77 16.24 17.35 9.52 15.15 19.72 7.16 11.22 2.60 21.56 21.65 7.91 18.55 19.84
20.80 19.64 11.65 22.67 24.93 18.39 25.23 12.24 6.59 22.40 12.79 16.69 10.88 13.47 13.41 20.44
18.36 17.21 9.45 20.19 22.44 15.99 22.82 10.99 4.99 20.10 10.81 15.06 10.67 11.03 11.69 18.19
20.53 19.98 11.02 22.72 24.88 18.03 24.86 13.61 5.60 21.83 11.91 17.89 12.51 13.23 14.55 21.12
12.75 9.22 20.90 8.25 8.25 15.04 13.02 21.16 25.56 16.24 22.17 17.14 26.16 17.35 18.20 9.39
17.51 11.58 15.10 16.23 18.84 16.73 21.85 2.65 15.33 21.33 17.34 2.58 7.60 13.12 1.25 9.23
11.66 4.73 16.65 7.79 9.75 12.87 14.31 14.16 20.37 15.97 18.41 10.21 19.16 13.10 11.21 2.39
8.11 10.78 1.87 11.40 13.00 5.42 12.16 15.55 7.49 9.12 3.04 16.57 18.44 2.36 13.85 14.27
7.84 2.36 14.24 3.90 6.08 9.36 10.44 15.63 18.70 12.11 15.71 12.60 20.52 10.64 12.61 4.93
9.42 13.86 3.86 13.52 14.57 6.77 12.46 19.00 8.36 8.63 2.07 20.23 21.52 5.95 17.45 17.67
16.87 18.23 6.90 19.91 21.71 14.17 20.78 16.17 1.93 17.31 7.00 19.46 16.60 10.09 16.08 20.52
11.29 16.66 6.90 15.71 16.34 8.93 13.37 22.12 10.35 9.24 4.75 23.43 24.43 9.12 20.64 20.66
3.96 7.99 6.03 7.45 8.85 1.45 8.27 16.70 11.59 6.04 6.73 16.46 20.41 3.57 14.39 12.19
7.59 10.07 2.44 10.75 12.41 4.96 11.77 15.22 7.96 8.91 3.75 16.06 18.27 1.72 13.42 13.58
21.02 21.24 11.16 23.60 25.62 18.40 25.15 15.86 5.51 21.86 11.62 20.01 14.84 13.87 16.64 22.76
18.20 16.98 9.37 19.99 22.26 15.86 22.68 10.74 5.06 19.99 10.79 14.80 10.50 10.88 11.43 17.94
13.80 12.81 5.78 15.58 17.82 11.54 18.32 10.20 4.63 15.84 7.72 12.99 11.97 6.52 9.65 14.35
10.54 6.60 18.30 5.98 6.60 12.66 11.51 19.01 22.92 14.32 19.62 15.28 23.99 14.74 16.01 7.33
20.43 19.99 10.86 22.67 24.80 17.90 24.73 13.82 5.39 21.66 11.71 18.06 12.79 13.13 14.71 21.19
19.46 14.75 14.55 19.13 21.74 18.09 24.04 2.04 13.11 22.77 16.68 6.99 3.81 13.62 4.51 13.30
7.12 6.85 16.30 3.15 2.34 9.67 7.20 20.54 21.49 10.34 17.21 17.61 25.36 12.98 17.54 9.81
4.39 3.85 12.34 1.04 3.62 6.31 7.10 17.28 17.42 8.59 13.44 15.05 21.93 8.94 14.37 8.08
16.60 15.23 8.19 18.26 20.56 14.33 21.12 9.83 4.89 18.58 9.84 13.53 10.39 9.32 10.13 16.25
4.61 6.41 14.08 1.73 0.93 7.22 5.23 19.98 19.43 7.90 14.85 17.61 24.63 10.92 17.06 10.28
22.75 21.25 13.71 24.46 26.77 20.39 27.22 12.59 8.63 24.45 14.86 17.31 10.39 15.43 14.17 21.73
20.15 18.14 11.78 21.53 23.91 17.94 24.71 9.68 7.61 22.22 13.30 14.23 8.43 12.92 11.02 18.48
19.81 18.42 10.94 21.53 23.83 17.47 24.30 11.07 6.28 21.59 12.26 15.44 10.07 12.50 12.15 19.15
1.69 7.65 8.29 5.81 6.78 1.07 6.02 18.20 13.88 4.51 8.76 17.40 22.18 5.79 15.69 12.12
20.55 19.24 11.54 22.34 24.62 18.18 25.02 11.70 6.65 22.25 12.77 16.15 10.39 13.23 12.88 19.97
8.06 6.53 16.84 3.72 3.57 10.48 8.46 20.06 21.88 11.49 17.88 16.90 24.94 13.42 17.04 8.99
17.82 12.63 14.07 17.12 19.75 16.70 22.33 1.25 13.59 21.38 16.28 4.88 5.92 12.59 2.14 10.95
10.39 14.07 2.78 14.24 15.51 7.66 13.75 17.99 6.79 10.05 0.58 19.55 20.27 5.70 16.63 17.62
3.66 7.31 6.46 6.86 8.38 1.57 8.14 16.38 11.94 6.26 7.31 15.98 20.21 3.68 14.01 11.53
20.93 20.72 11.23 23.30 25.39 18.37 25.17 14.72 5.63 22.01 11.92 18.97 13.60 13.68 15.62 22.02
2.91 9.19 7.68 7.34 8.04 1.12 6.31 19.02 13.34 3.67 7.77 18.57 22.78 5.85 16.65 13.63
5.65 9.95 4.55 9.50 10.74 2.90 9.44 17.28 10.21 6.38 4.79 17.60 20.60 3.48 15.24 13.99
16.80 13.28 10.89 17.21 19.75 15.11 21.44 5.00 9.48 19.74 12.98 8.85 6.85 10.35 5.51 13.02
17.88 14.53 11.45 18.42 20.95 16.09 22.52 5.42 9.39 20.69 13.46 9.70 6.23 11.25 6.46 14.25
8.21 2.56 14.54 4.22 6.33 9.72 10.75 15.59 18.95 12.47 16.04 12.46 20.51 10.94 12.58 4.71
11.36 4.67 16.74 7.37 9.25 12.69 13.86 14.73 20.59 15.65 18.44 10.82 19.73 13.16 11.77 2.96
18.73 18.24 9.30 20.91 23.06 16.24 23.07 12.75 4.10 20.10 10.34 16.76 12.33 11.42 13.38 19.53
21.14 19.45 12.38 22.72 25.06 18.84 25.65 11.07 7.68 23.01 13.71 15.68 9.42 13.85 12.48 19.92
4.11 3.39 11.26 2.18 4.65 5.58 7.55 16.39 16.27 8.45 12.43 14.41 20.96 7.81 13.52 7.86
3.29 5.72 12.55 1.44 2.36 5.78 5.22 18.96 17.90 7.08 13.35 16.90 23.51 9.40 16.09 9.96
10.21 6.58 18.14 5.65 6.18 12.38 11.09 19.20 22.82 13.94 19.42 15.55 24.18 14.58 16.20 7.58
13.35 8.41 20.53 8.80 9.51 15.35 14.42 19.17 24.82 17.22 22.01 14.93 24.16 16.93 16.26 7.48
19.29 15.51 13.10 19.59 22.15 17.60 23.93 4.62 10.88 22.22 15.11 9.37 4.58 12.81 6.41 14.79
17.12 17.67 7.27 19.78 21.75 14.50 21.26 14.42 1.63 18.02 7.92 17.93 14.68 10.00 14.53 19.58
17.72 11.08 16.78 15.77 18.31 17.36 21.81 5.12 17.63 21.80 19.01 0.17 9.78 14.37 3.46 7.82
19.58 17.69 11.18 21.02 23.39 17.36 24.13 9.70 7.06 21.63 12.70 14.13 8.76 12.34 10.87 18.15
21.57 14.95 19.83 19.63 22.16 21.09 25.69 5.52 19.81 25.59 22.07 3.75 8.49 17.77 5.98 11.48
3.23 8.87 6.99 7.44 8.38 0.68 7.01 18.29 12.64 4.45 7.24 17.94 22.01 5.06 15.95 13.24
8.27 12.36 3.09 12.20 13.40 5.55 11.69 17.83 8.34 8.12 2.26 18.86 20.59 4.50 16.16 16.16
19.43 18.87 10.00 21.59 23.75 16.94 23.78 12.93 4.73 20.80 11.00 17.07 12.22 12.12 13.70 20.07
9.71 13.82 3.30 13.70 14.86 7.02 12.92 18.50 7.72 9.16 1.42 19.85 20.94 5.70 17.02 17.53
15.27 15.87 5.51 17.91 19.87 12.67 19.46 13.72 0.76 16.31 6.44 16.84 14.62 8.12 13.48 17.95
11.32 6.07 18.19 6.85 8.01 13.16 12.90 17.49 22.49 15.36 19.69 13.57 22.49 14.59 14.53 5.72
10.49 6.52 18.23 5.93 6.58 12.61 11.50 18.93 22.85 14.29 19.56 15.21 23.92 14.67 15.93 7.26
3.26 6.31 12.82 1.90 2.02 5.88 4.67 19.54 18.22 6.77 13.53 17.49 24.08 9.75 16.68 10.52
17.12 15.83 8.53 18.84 21.12 14.82 21.62 10.17 4.82 19.02 10.09 13.99 10.46 9.82 10.60 16.84
17.34 13.20 12.12 17.37 19.95 15.83 21.96 3.51 10.96 20.50 14.26 7.54 5.94 11.26 4.32 12.44
18.52 12.66 15.75 17.30 19.91 17.68 22.90 1.92 15.63 22.31 17.98 3.07 6.68 13.93 2.13 10.25
20.50 19.76 11.10 22.58 24.77 18.03 24.86 13.10 5.80 21.90 12.09 17.42 11.96 13.18 14.10 20.80
18.18 15.86 10.44 19.35 21.76 16.09 22.78 8.05 7.28 20.51 12.21 12.29 7.99 11.08 8.98 16.19
6.25 11.64 5.44 10.56 11.40 3.77 9.21 19.17 10.90 5.54 4.80 19.58 22.35 5.35 17.18 15.81
3.46 9.72 7.43 7.92 8.57 1.54 6.60 19.25 13.08 3.60 7.38 18.93 22.92 5.87 16.93 14.14
14.85 13.57 6.79 16.51 18.79 12.61 19.39 9.73 4.78 16.92 8.64 12.88 11.12 7.59 9.49 14.85
21.93 16.92 17.01 21.41 24.03 20.61 26.49 3.26 15.18 25.30 19.11 7.81 1.81 16.16 6.27 15.02
19.86 16.25 13.33 20.28 22.83 18.09 24.50 5.33 10.75 22.69 15.28 10.14 4.52 13.25 7.23 15.60
12.84 8.50 20.46 8.28 8.71 14.96 13.60 19.91 24.93 16.56 21.85 15.80 24.91 16.87 16.97 8.15
20.00 13.73 17.73 18.42 21.00 19.34 24.26 3.44 17.63 23.92 19.97 2.79 7.21 15.80 3.93 10.75
4.99 5.70 14.11 1.14 1.58 7.48 6.06 19.35 19.35 8.57 15.00 16.87 24.05 10.84 16.40 9.47
9.08 5.19 16.74 4.53 5.57 11.13 10.45 18.12 21.40 12.99 18.05 14.68 23.07 13.18 15.10 6.70
11.71 14.08 1.91 15.06 16.66 8.98 15.53 16.02 4.36 12.10 2.00 18.05 17.96 5.51 14.95 17.13
20.75 18.98 12.09 22.28 24.63 18.48 25.28 10.63 7.55 22.67 13.48 15.21 9.14 13.47 12.01 19.43
17.72 14.99 10.55 18.64 21.10 15.75 22.35 6.93 8.00 20.26 12.45 11.10 7.36 10.79 7.78 15.13
18.78 17.76 9.73 20.69 22.93 16.39 23.22 11.47 5.01 20.44 11.00 15.60 10.97 11.45 12.24 18.77
18.80 18.96 9.02 21.31 23.34 16.20 22.99 14.37 3.41 19.80 9.71 18.25 14.02 11.59 14.85 20.57
10.33 6.21 17.97 5.78 6.55 12.41 11.47 18.63 22.56 14.18 19.31 14.93 23.61 14.40 15.63 6.96
11.29 15.51 4.38 15.37 16.45 8.63 14.25 19.53 7.54 10.33 2.14 21.17 21.65 7.27 18.23 19.17
20.52 15.47 15.93 19.95 22.58 19.26 25.07 1.86 14.50 23.95 18.07 6.67 3.14 14.90 4.85 13.63
19.91 18.90 10.73 21.84 24.08 17.50 24.33 12.09 5.72 21.49 11.89 16.39 11.11 12.58 13.07 19.84
20.06 18.95 10.94 21.94 24.19 17.66 24.50 11.92 5.98 21.68 12.13 16.27 10.87 12.73 12.96 19.82
7.08 10.00 2.90 10.41 11.97 4.40 11.17 15.75 8.50 8.26 3.86 16.46 18.87 2.04 13.88 13.67
9.85 6.59 17.96 5.31 5.70 12.08 10.61 19.44 22.73 13.52 19.20 15.87 24.41 14.43 16.43 7.89
8.05 11.99 2.92 11.90 13.16 5.31 11.58 17.51 8.32 8.09 2.41 18.48 20.32 4.11 15.80 15.78
20.95 20.20 11.52 23.04 25.23 18.47 25.30 13.36 6.17 22.33 12.48 17.74 12.06 13.63 14.43 21.21
15.65 14.77 6.96 17.55 19.77 13.30 20.12 10.67 3.83 17.46 8.57 14.05 11.58 8.33 10.66 16.14
17.77 17.48 8.30 20.04 22.16 15.26 22.09 12.77 3.16 19.10 9.34 16.57 12.73 10.47 13.17 18.95
13.13 9.78 21.41 8.66 8.51 15.47 13.21 21.74 26.10 16.53 22.65 17.69 26.74 17.86 18.78 9.96
17.25 17.19 7.69 19.62 21.70 14.71 21.54 13.06 2.49 18.49 8.68 16.71 13.23 9.98 13.31 18.80
3.66 7.04 13.44 2.45 1.50 6.37 4.12 20.34 18.89 6.69 14.06 18.24 24.89 10.45 17.47 11.15
19.01 18.58 9.51 21.23 23.37 16.50 23.33 13.06 4.21 20.32 10.49 17.10 12.54 11.70 13.72 19.89
18.94 19.34 9.07 21.57 23.55 16.31 23.06 15.04 3.42 19.79 9.60 18.88 14.69 11.80 15.48 21.07
8.90 4.62 16.29 4.40 5.71 10.84 10.53 17.54 20.90 12.90 17.64 14.14 22.48 12.71 14.52 6.18
20.12 20.48 10.24 22.75 24.74 17.48 24.23 15.65 4.58 20.92 10.68 19.66 14.93 12.99 16.27 22.12
18.85 14.74 13.21 18.93 21.51 17.29 23.48 3.57 11.45 21.95 15.29 8.27 4.54 12.62 5.34 13.82
17.02 15.89 8.30 18.82 21.08 14.69 21.51 10.49 4.47 18.85 9.82 14.27 10.81 9.71 10.87 16.99
18.13 17.67 8.73 20.32 22.46 15.64 22.48 12.54 3.65 19.52 9.82 16.44 12.35 10.82 13.04 19.03
4.60 6.81 14.21 2.11 0.65 7.27 4.89 20.35 19.60 7.70 14.93 18.01 24.99 11.11 17.43 10.68
11.56 5.28 17.45 7.34 8.99 13.07 13.74 15.71 21.44 15.77 19.09 11.73 20.71 13.85 12.76 3.94
17.81 17.67 8.24 20.15 22.24 15.27 22.09 13.14 2.95 19.05 9.20 16.91 13.10 10.53 13.51 19.21
5.78 3.73 13.66 1.41 3.65 7.77 7.93 17.44 18.61 9.86 14.84 14.82 22.21 10.19 14.47 7.40
19.28 19.43 9.50 21.80 23.83 16.68 23.47 14.61 3.87 20.26 10.14 18.56 14.10 12.08 15.17 21.01
16.77 12.71 11.61 16.84 19.42 15.26 21.39 3.85 10.63 19.93 13.76 7.56 6.51 10.69 4.25 12.09
11.31 8.33 19.70 6.85 6.75 13.66 11.53 20.89 24.49 14.75 20.89 17.11 25.88 16.18 17.90 9.19
18.40 16.83 9.87 20.00 22.32 16.13 22.93 9.95 5.86 20.36 11.40 14.11 9.62 11.13 10.77 17.57
0.69 7.62 9.33 5.15 5.84 2.08 5.06 18.86 14.92 4.16 9.76 17.82 22.95 6.79 16.27 12.14
4.69 10.05 14.49 5.51 3.59 7.22 1.42 23.10 20.12 5.34 14.65 21.22 27.51 12.02 20.29 14.20
17.93 18.17 8.16 20.47 22.48 15.33 22.12 14.12 2.58 18.94 8.89 17.83 14.07 10.74 14.43 19.89
3.46 5.11 12.33 1.10 2.78 5.76 5.81 18.37 17.60 7.46 13.22 16.29 22.94 9.09 15.49 9.38
17.92 17.50 8.52 20.12 22.27 15.43 22.27 12.53 3.47 19.31 9.62 16.38 12.42 10.61 12.98 18.89
19.73 19.15 10.28 21.88 24.05 17.23 24.07 13.07 4.97 21.08 11.25 17.25 12.26 12.41 13.89 20.33
15.37 11.70 10.15 15.66 18.21 13.79 20.01 5.13 9.60 18.46 12.33 8.12 7.99 9.19 4.72 11.57
18.57 18.89 8.75 21.16 23.16 15.96 22.73 14.62 3.11 19.50 9.37 18.42 14.36 11.41 15.02 20.59
18.62 17.73 9.48 20.59 22.81 16.20 23.04 11.73 4.67 20.21 10.71 15.80 11.31 11.29 12.43 18.83
15.58 14.67 6.93 17.46 19.69 13.23 20.06 10.59 3.89 17.41 8.57 13.96 11.54 8.26 10.56 16.03
24.34 24.28 14.49 26.83 28.89 21.72 28.48 17.48 8.84 25.17 14.90 22.00 15.52 17.14 18.72 25.50
12.50 9.71 21.06 8.12 7.74 14.92 12.36 22.09 25.88 15.77 22.22 18.18 27.08 17.55 19.10 10.33
17.45 11.20 15.71 15.88 18.47 16.86 21.70 3.71 16.25 21.40 17.95 1.44 8.56 13.52 2.02 8.47
19.62 18.86 10.29 21.68 23.87 17.16 24.00 12.56 5.13 21.08 11.37 16.77 11.75 12.29 13.41 19.95
4.86 5.65 6.83 6.54 8.60 3.64 9.50 14.41 11.80 8.25 8.23 13.83 18.42 3.32 11.93 9.60
5.49 3.58 13.30 1.28 3.72 7.43 7.82 17.27 18.26 9.62 14.47 14.73 22.01 9.83 14.31 7.42
2.12 5.27 9.86 3.41 5.06 3.49 6.34 17.21 15.18 6.46 10.76 15.78 21.54 6.69 14.48 9.80
7.98 7.40 17.16 3.99 3.08 10.54 7.81 21.01 22.32 11.10 18.08 17.93 25.88 13.82 18.01 10.04
18.84 18.28 9.44 20.98 23.15 16.35 23.19 12.64 4.27 20.23 10.50 16.68 12.17 11.52 13.30 19.53
18.68 18.96 8.86 21.25 23.26 16.07 22.84 14.61 3.22 19.61 9.49 18.44 14.32 11.51 15.04 20.65
12.80 17.60 6.68 17.09 17.93 10.29 15.21 21.75 9.03 11.12 4.44 23.48 23.69 9.53 20.52 21.37
20.35 18.57 11.75 21.87 24.22 18.08 24.88 10.37 7.31 22.30 13.17 14.90 9.06 13.08 11.68 19.04
17.45 16.38 8.61 19.30 21.55 15.09 21.92 10.79 4.47 19.22 10.05 14.66 10.89 10.13 11.27 17.48
21.06 17.12 14.76 21.28 23.85 19.38 25.70 5.07 12.15 24.00 16.72 10.04 3.12 14.58 7.46 16.12
1.32 6.53 10.94 3.26 3.96 3.89 4.65 18.91 16.42 5.40 11.56 17.35 23.25 8.03 16.16 11.01
22.35 21.76 12.76 24.54 26.70 19.82 26.65 14.67 7.23 23.57 13.54 19.16 12.98 15.05 15.88 22.77
17.08 15.43 8.86 18.60 20.94 14.86 21.63 9.32 5.56 19.16 10.54 13.18 9.70 9.84 9.79 16.25
20.73 19.35 11.75 22.47 24.77 18.37 25.20 11.62 6.88 22.45 12.99 16.12 10.23 13.40 12.86 20.02
4.25 3.70 12.02 1.37 3.91 6.06 7.20 17.03 17.08 8.51 13.13 14.87 21.65 8.60 14.13 8.02
8.79 6.31 17.21 4.30 4.55 11.10 9.46 19.59 22.11 12.38 18.36 16.24 24.51 13.72 16.57 8.28
21.46 19.23 13.15 22.74 25.15 19.28 26.03 9.87 8.85 23.58 14.64 14.62 7.90 14.26 11.53 19.36
20.30 18.04 12.15 21.54 23.95 18.15 24.88 9.12 8.17 22.49 13.74 13.74 7.76 13.12 10.57 18.23
15.82 13.28 8.95 16.80 19.25 13.87 20.45 7.20 7.27 18.40 10.96 10.68 8.73 8.93 7.28 13.77
7.46 11.20 2.95 11.19 12.53 4.71 11.17 16.99 8.54 7.87 3.00 17.83 19.95 3.41 15.20 14.99
2.15 7.58 12.12 3.56 3.20 4.89 3.34 20.29 17.67 5.05 12.57 18.59 24.66 9.37 17.51 11.95
15.88 12.96 9.46 16.64 19.12 14.03 20.52 6.41 8.06 18.62 11.53 9.89 8.21 9.17 6.49 13.22
19.92 18.97 10.70 21.88 24.11 17.49 24.33 12.25 5.63 21.46 11.83 16.54 11.28 12.59 13.21 19.94
8.14 5.41 16.33 3.59 4.32 10.35 9.22 18.80 21.20 11.90 17.51 15.58 23.70 12.83 15.78 7.66
4.98 11.79 8.35 9.54 9.71 3.69 6.63 21.23 13.85 2.65 7.71 21.05 24.73 7.58 18.99 16.24
20.11 19.02 10.97 22.01 24.25 17.71 24.54 12.00 5.99 21.72 12.15 16.35 10.93 12.78 13.04 19.90
16.20 15.05 7.65 17.97 20.23 13.89 20.70 10.22 4.38 18.10 9.28 13.79 10.93 8.89 10.38 16.23
12.44 17.08 6.07 16.68 17.58 9.88 14.99 21.15 8.56 10.94 3.84 22.87 23.12 8.96 19.92 20.82
16.38 11.29 12.88 15.74 18.36 15.27 20.89 2.69 12.85 19.95 15.11 4.92 7.23 11.23 1.56 9.91
18.85 18.03 9.63 20.86 23.07 16.41 23.25 12.01 4.69 20.39 10.81 16.11 11.50 11.52 12.74 19.15
19.08 13.71 15.31 18.26 20.88 18.00 23.57 0.12 14.58 22.67 17.51 4.88 5.05 13.89 2.99 11.73
19.49 17.47 11.22 20.86 23.24 17.30 24.06 9.33 7.26 21.60 12.80 13.78 8.44 12.28 10.53 17.87
18.21 14.19 12.59 18.33 20.91 16.63 22.84 3.74 10.98 21.29 14.68 8.20 5.19 11.96 5.11 13.41
22.06 17.41 16.59 21.80 24.41 20.61 26.66 4.05 14.40 25.28 18.64 8.86 1.16 16.01 6.97 15.78
19.11 19.08 9.41 21.54 23.60 16.54 23.35 14.08 3.85 20.20 10.17 18.04 13.58 11.87 14.65 20.58
12.47 6.99 19.17 7.99 9.09 14.29 14.00 17.68 23.35 16.50 20.71 13.54 22.67 15.57 14.75 5.95
20.89 20.23 11.42 23.02 25.20 18.40 25.23 13.54 6.02 22.23 12.34 17.89 12.28 13.58 14.57 21.29
20.09 19.20 10.81 22.09 24.31 17.65 24.49 12.50 5.66 21.59 11.90 16.81 11.49 12.76 13.48 20.20
11.50 13.83 1.67 14.82 16.44 8.77 15.35 15.87 4.46 11.96 1.97 17.85 17.87 5.26 14.77 16.89
1.99 6.56 8.30 5.18 6.54 1.75 6.62 17.25 13.77 5.58 9.05 16.32 21.32 5.41 14.68 11.02
4.02 4.10 8.89 4.51 6.73 4.15 8.44 15.11 13.86 8.13 10.18 13.83 19.43 5.40 12.41 8.46
3.05 8.89 7.24 7.32 8.20 0.68 6.76 18.49 12.89 4.22 7.45 18.08 22.23 5.30 16.13 13.29
8.03 5.03 16.05 3.47 4.45 10.18 9.31 18.41 20.87 11.87 17.27 15.20 23.31 12.53 15.39 7.30
18.45 11.48 18.25 16.10 18.57 18.32 22.35 6.70 19.32 22.64 20.47 1.83 11.10 15.67 5.20 7.71
17.20 16.05 8.47 19.00 21.26 14.87 21.69 10.51 4.56 19.03 9.97 14.34 10.74 9.89 10.94 17.13
12.18 7.60 19.60 7.62 8.28 14.23 13.19 19.09 24.03 16.00 21.01 15.05 24.09 16.01 16.14 7.32
11.43 6.77 18.76 6.88 7.72 13.43 12.63 18.51 23.20 15.32 20.18 14.59 23.51 15.17 15.53 6.74
10.10 7.47 18.58 5.66 5.60 12.46 10.43 20.42 23.45 13.57 19.74 16.85 25.38 15.08 17.41 8.86
18.85 12.71 16.54 17.38 19.98 18.14 23.14 2.84 16.59 22.73 18.78 2.30 7.31 14.58 2.71 9.97
5.86 5.37 14.67 1.50 2.23 8.25 6.97 19.09 19.81 9.53 15.66 16.40 23.86 11.32 16.11 8.82
21.37 20.33 12.09 23.31 25.55 18.93 25.77 12.89 6.87 22.88 13.14 17.38 11.36 14.03 14.12 21.16
19.16 15.62 12.67 19.61 22.15 17.39 23.80 5.25 10.27 21.99 14.64 9.92 5.09 12.54 6.88 15.09
18.51 17.36 9.59 20.34 22.60 16.15 22.98 11.04 5.09 20.25 10.94 15.14 10.65 11.19 11.78 18.33
3.47 10.08 7.95 8.01 8.47 2.03 6.17 19.85 13.59 3.00 7.78 19.47 23.53 6.49 17.52 14.54
17.01 15.94 8.23 18.85 21.10 14.66 21.49 10.64 4.34 18.81 9.73 14.41 10.95 9.69 11.01 17.08
17.19 15.90 8.59 18.92 21.20 14.89 21.70 10.19 4.84 19.09 10.14 14.03 10.44 9.89 10.64 16.91
19.39 18.09 10.48 21.15 23.43 17.04 23.86 11.08 5.86 21.14 11.81 15.37 10.29 12.07 12.05 18.90
17.57 16.01 9.15 19.15 21.47 15.31 22.10 9.70 5.49 19.56 10.75 13.67 9.81 10.30 10.30 16.84
5.46 11.02 5.88 9.79 10.60 3.02 8.49 19.09 11.44 4.95 5.47 19.30 22.41 5.29 17.01 15.26
11.02 6.05 18.10 6.52 7.60 12.93 12.50 17.78 22.48 15.01 19.56 13.92 22.78 14.50 14.80 6.03
16.97 15.59 8.50 18.64 20.93 14.69 21.49 9.91 4.98 18.93 10.11 13.71 10.29 9.69 10.31 16.57
2.89 7.61 7.10 6.55 7.82 0.72 7.26 17.26 12.66 5.36 7.72 16.74 21.12 4.55 14.85 11.96
8.56 12.41 2.67 12.40 13.67 5.82 12.07 17.53 7.92 8.53 1.90 18.65 20.23 4.36 15.90 16.13
10.44 4.64 16.81 6.15 7.76 12.08 12.51 16.20 21.03 14.62 18.37 12.47 21.19 13.21 13.21 4.50
18.36 12.41 15.80 17.06 19.67 17.58 22.71 2.29 15.81 22.18 18.04 2.69 7.05 13.91 2.04 9.92
8.74 4.92 16.39 4.19 5.33 10.77 10.19 17.98 21.08 12.67 17.70 14.61 22.91 12.84 14.96 6.65
20.58 21.75 10.61 23.60 25.41 17.86 24.43 17.97 5.33 20.87 10.53 21.82 17.38 13.77 18.42 23.75
12.96 15.79 3.60 16.54 18.01 10.21 16.51 17.46 4.44 12.84 2.56 19.70 19.08 7.20 16.55 18.90
16.25 14.34 8.49 17.60 19.97 14.11 20.83 8.57 5.98 18.51 10.34 12.21 9.50 9.10 8.81 15.12
17.61 17.10 8.30 19.76 21.92 15.14 21.98 12.17 3.46 19.07 9.48 15.97 12.18 10.29 12.58 18.47
1.14 6.24 9.85 3.84 5.00 2.99 5.52 18.05 15.31 5.49 10.56 16.72 22.31 6.91 15.36 10.76
12.35 8.17 20.06 7.79 8.21 14.50 13.09 19.85 24.58 16.06 21.42 15.82 24.85 16.48 16.89 8.08
21.67 17.89 15.04 22.00 24.57 19.91 26.31 5.94 12.10 24.51 16.94 10.91 3.35 15.05 8.34 16.98
16.47 16.26 7.08 18.74 20.85 13.97 20.81 12.40 2.44 17.86 8.27 15.91 12.87 9.17 12.51 17.87
18.70 18.72 9.00 21.14 23.20 16.13 22.93 13.98 3.45 19.79 9.77 17.87 13.63 11.47 14.47 20.27
8.81 8.23 18.07 4.92 3.77 11.41 8.28 21.77 23.25 11.75 18.98 18.57 26.66 14.75 18.76 10.62
9.68 12.79 1.46 13.26 14.71 6.93 13.39 16.66 6.48 9.94 1.03 18.12 19.12 4.32 15.23 16.24
16.99 15.67 8.46 18.69 20.98 14.70 21.50 10.05 4.85 18.92 10.04 13.85 10.41 9.70 10.46 16.68
21.71 19.89 13.01 23.23 25.58 19.43 26.24 11.08 8.32 23.62 14.35 15.77 9.14 14.43 12.63 20.24
12.41 17.56 7.15 16.79 17.49 9.99 14.57 22.33 9.93 10.44 4.92 23.88 24.41 9.74 20.99 21.46
3.25 6.63 7.12 6.12 7.73 1.81 7.85 16.28 12.53 6.37 8.05 15.65 20.23 4.13 13.81 10.92
9.28 7.09 17.90 4.88 4.75 11.67 9.59 20.32 22.84 12.71 19.00 16.91 25.25 14.43 17.30 8.93
16.76 15.20 8.51 18.33 20.65 14.53 21.31 9.44 5.31 18.82 10.20 13.21 9.98 9.51 9.82 16.11
22.21 15.98 19.46 20.67 23.25 21.47 26.50 4.39 18.85 26.07 21.68 4.93 6.41 17.76 5.94 12.91
17.57 12.82 13.20 17.19 19.80 16.29 22.14 2.07 12.45 20.97 15.39 6.02 5.75 11.96 2.97 11.55
10.69 15.06 4.31 14.80 15.84 8.05 13.61 19.52 7.95 9.70 2.12 21.02 21.79 6.95 18.14 18.79
22.13 17.16 17.13 21.64 24.26 20.80 26.70 3.51 15.22 25.48 19.22 8.06 1.56 16.33 6.52 15.27
19.56 17.64 11.19 20.98 23.35 17.34 24.11 9.61 7.10 21.62 12.72 14.05 8.68 12.32 10.79 18.08
11.13 5.04 17.23 6.87 8.49 12.70 13.25 15.96 21.32 15.32 18.84 12.07 20.95 13.63 12.99 4.19
19.81 18.31 11.03 21.48 23.79 17.50 24.31 10.80 6.47 21.65 12.39 15.20 9.79 12.51 11.91 18.98
16.68 13.02 10.99 17.01 19.56 15.04 21.32 4.72 9.74 19.68 13.11 8.49 6.83 10.33 5.14 12.69
16.95 14.85 9.24 18.22 20.61 14.84 21.55 8.26 6.47 19.25 11.06 12.14 8.87 9.83 8.76 15.45
5.17 5.84 14.32 1.34 1.47 7.67 6.08 19.51 19.57 8.68 15.21 16.99 24.22 11.06 16.56 9.54
19.67 18.49 10.63 21.51 23.77 17.29 24.12 11.55 5.82 21.34 11.88 15.85 10.65 12.34 12.53 19.35
19.50 18.67 10.22 21.52 23.72 17.05 23.89 12.34 5.14 20.99 11.33 16.54 11.56 12.16 13.19 19.74
12.06 15.90 4.23 16.02 17.20 9.36 15.17 19.14 6.64 11.30 2.12 21.00 21.06 7.47 17.98 19.40
8.78 12.13 1.88 12.42 13.83 6.04 12.50 16.76 7.30 9.10 1.75 17.97 19.42 3.82 15.18 15.71
18.74 19.36 8.83 21.47 23.42 16.09 22.82 15.45 3.20 19.48 9.24 19.21 15.20 11.67 15.80 21.20
18.74 18.20 9.35 20.90 23.06 16.26 23.09 12.63 4.19 20.14 10.41 16.65 12.19 11.42 13.26 19.46
10.84 9.43 19.94 6.78 5.82 13.41 10.20 22.58 25.01 13.78 20.92 19.03 27.53 16.55 19.57 11.04
16.11 12.11 11.09 16.20 18.78 14.61 20.73 4.22 10.39 19.28 13.26 7.52 7.16 10.07 4.14 11.62
6.17 1.22 11.67 3.68 6.30 7.15 9.69 14.59 16.21 10.52 13.16 12.32 19.30 8.08 11.65 5.73
10.04 14.24 3.63 14.07 15.19 7.36 13.14 18.85 7.78 9.32 1.58 20.24 21.23 6.13 17.39 17.96
10.61 6.51 18.27 6.04 6.74 12.70 11.66 18.83 22.86 14.42 19.62 15.08 23.82 14.70 15.83 7.13
2.66 6.43 12.30 2.29 2.56 5.30 4.46 19.44 17.74 6.25 12.97 17.54 23.92 9.29 16.61 10.74
20.16 19.82 10.56 22.45 24.57 17.63 24.45 13.91 5.06 21.36 11.38 18.09 12.99 12.88 14.73 21.09
10.48 10.89 20.17 7.23 5.36 13.20 8.74 24.44 25.50 12.67 20.88 21.17 29.33 16.98 21.43 13.20
15.99 15.06 7.28 17.88 20.11 13.64 20.47 10.64 3.92 17.80 8.86 14.13 11.40 8.67 10.73 16.37
19.07 14.50 14.05 18.84 21.44 17.67 23.67 2.32 12.61 22.35 16.17 7.16 4.16 13.16 4.48 13.20
21.09 20.47 11.59 23.25 25.42 18.59 25.42 13.77 6.15 22.39 12.47 18.13 12.46 13.78 14.82 21.54
15.40 13.66 7.70 16.82 19.17 13.25 19.98 8.83 5.64 17.65 9.59 12.18 10.15 8.23 8.78 14.63
17.49 16.91 8.24 19.60 21.77 15.04 21.88 11.97 3.52 19.00 9.47 15.76 12.03 10.17 12.36 18.26
17.54 17.48 7.95 19.92 22.00 15.00 21.82 13.21 2.65 18.76 8.90 16.91 13.27 10.28 13.51 19.08
11.46 13.23 1.51 14.52 16.27 8.78 15.50 14.83 4.14 12.29 2.84 16.85 16.88 4.76 13.74 16.11
2.21 8.23 7.89 6.47 7.36 0.62 6.22 18.41 13.52 4.22 8.24 17.78 22.29 5.63 15.96 12.68
21.12 21.49 11.22 23.78 25.76 18.48 25.21 16.30 5.58 21.87 11.59 20.43 15.30 14.01 17.05 23.07
16.89 15.91 8.05 18.77 21.01 14.52 21.35 10.82 4.11 18.64 9.52 14.54 11.17 9.56 11.14 17.11
21.04 19.19 12.43 22.53 24.89 18.78 25.58 10.60 7.89 22.99 13.82 15.23 8.94 13.77 12.05 19.57
17.41 16.23 8.67 19.20 21.46 15.08 21.90 10.52 4.68 19.23 10.16 14.40 10.66 10.10 11.01 17.27
6.34 1.31 12.25 3.38 5.97 7.52 9.62 14.97 16.82 10.69 13.71 12.53 19.72 8.66 12.01 5.63
22.05 15.92 19.13 20.61 23.20 21.27 26.37 3.99 18.43 25.88 21.34 4.99 5.98 17.48 5.72 12.97
20.44 20.29 10.73 22.82 24.91 17.87 24.67 14.56 5.14 21.51 11.43 18.74 13.60 13.19 15.37 21.65
16.31 15.33 7.58 18.18 20.42 13.96 20.79 10.62 4.04 18.12 9.14 14.20 11.25 8.99 10.80 16.58
19.28 18.12 10.27 21.12 23.38 16.90 23.73 11.38 5.54 20.97 11.55 15.62 10.65 11.95 12.28 19.02
21.99 21.81 12.24 24.39 26.47 19.41 26.20 15.48 6.61 23.00 12.84 19.84 14.05 14.75 16.51 23.07
15.86 14.93 7.17 17.74 19.97 13.51 20.33 10.63 3.90 17.67 8.76 14.07 11.45 8.54 10.67 16.26
21.29 21.19 11.53 23.71 25.79 18.70 25.50 15.22 5.90 22.29 12.14 19.48 14.02 14.06 16.13 22.52
3.34 7.21 6.78 6.58 8.06 1.38 7.83 16.58 12.27 6.04 7.59 16.09 20.45 4.00 14.17 11.49
16.70 12.57 11.66 16.72 19.30 15.21 21.31 3.73 10.77 19.89 13.82 7.37 6.56 10.68 4.04 11.90
19.58 17.39 11.46 20.85 23.25 17.42 24.16 8.94 7.63 21.77 13.08 13.43 8.00 12.40 10.21 17.68
3.41 5.77 12.69 1.41 2.22 5.91 5.20 19.05 18.04 7.15 13.49 16.96 23.61 9.54 16.18 9.98
16.82 12.61 11.87 16.79 19.38 15.36 21.43 3.50 11.00 20.04 14.04 7.19 6.42 10.86 3.88 11.86
21.12 20.86 11.43 23.47 25.57 18.56 25.37 14.72 5.84 22.22 12.13 19.00 13.52 13.86 15.66 22.13
3.55 5.52 12.69 1.16 2.32 5.99 5.46 18.84 18.01 7.37 13.53 16.72 23.42 9.50 15.96 9.72
8.99 1.67 13.53 5.86 8.30 9.88 12.28 13.22 17.46 13.35 15.25 10.21 18.14 9.95 10.20 2.93
19.11 18.94 9.47 21.46 23.56 16.56 23.38 13.74 3.98 20.28 10.30 17.74 13.22 11.84 14.35 20.37
4.86 5.85 14.06 1.23 1.42 7.37 5.85 19.48 19.33 8.38 14.92 17.03 24.16 10.82 16.54 9.65
18.97 12.28 17.88 16.96 19.48 18.61 23.04 5.20 18.48 23.05 20.12 1.16 9.46 15.55 4.25 8.86
12.58 8.18 20.15 8.01 8.52 14.68 13.41 19.65 24.61 16.33 21.54 15.56 24.65 16.56 16.70 7.88
20.14 19.35 10.79 22.19 24.39 17.68 24.52 12.78 5.57 21.58 11.83 17.07 11.77 12.81 13.73 20.39
19.63 15.45 13.91 19.67 22.26 18.06 24.25 3.64 11.94 22.72 15.97 8.52 3.79 13.39 5.78 14.40
9.70 3.75 15.91 5.54 7.36 11.25 12.00 15.71 20.15 13.93 17.47 12.18 20.69 12.31 12.71 4.20
6.21 8.43 4.10 9.08 10.83 3.79 10.61 14.92 9.42 8.22 5.40 15.25 18.36 1.26 12.85 12.12
12.68 13.14 3.47 15.16 17.17 10.16 17.00 12.74 3.29 14.10 5.18 15.16 14.57 5.43 11.93 15.43
17.69 17.44 8.19 19.97 22.08 15.17 22.00 12.83 3.04 19.00 9.23 16.60 12.82 10.39 13.20 18.93
11.56 5.04 17.17 7.45 9.21 12.97 13.90 15.20 21.07 15.81 18.84 11.23 20.20 13.58 12.25 3.43
19.84 19.17 10.43 21.95 24.13 17.36 24.19 12.92 5.17 21.23 11.44 17.13 12.04 12.52 13.78 20.30
4.73 2.84 11.63 2.23 4.82 6.16 8.04 16.10 16.54 9.07 12.88 13.96 20.73 8.13 13.19 7.27
21.69 20.38 12.60 23.49 25.77 19.31 26.15 12.37 7.52 23.34 13.74 16.95 10.62 14.37 13.74 21.02
16.98 16.49 7.73 19.12 21.28 14.52 21.36 11.96 3.15 18.48 8.98 15.63 12.24 9.66 12.23 17.92
9.95 4.72 16.77 5.54 7.00 11.73 11.80 16.86 21.15 14.05 18.24 13.22 21.84 13.17 13.85 5.24
3.37 6.57 13.03 2.08 1.82 6.04 4.46 19.83 18.46 6.72 13.71 17.76 24.37 9.99 16.96 10.74
2.56 4.94 9.55 3.63 5.47 3.52 6.86 16.68 14.81 6.84 10.55 15.29 21.01 6.30 13.96 9.46
3.07 8.79 7.15 7.30 8.22 0.58 6.87 18.34 12.79 4.37 7.40 17.94 22.08 5.16 15.98 13.18
18.60 11.99 17.38 16.68 19.22 18.19 22.71 4.81 17.97 22.66 19.61 0.78 9.22 15.07 3.73 8.71
22.84 20.57 14.43 24.12 26.53 20.65 27.41 10.67 9.90 24.93 15.85 15.53 8.07 15.63 12.56 20.58
8.88 5.15 16.61 4.33 5.35 10.95 10.23 18.18 21.31 12.78 17.91 14.79 23.12 13.06 15.16 6.82
5.08 8.69 4.90 8.53 9.99 2.45 9.28 16.35 10.48 6.72 5.64 16.45 19.86 2.76 14.19 12.71
19.57 18.60 10.39 21.52 23.75 17.15 23.99 12.02 5.41 21.14 11.56 16.26 11.19 12.23 12.92 19.59
18.53 18.46 8.88 20.92 23.00 15.98 22.79 13.67 3.41 19.69 9.72 17.55 13.37 11.28 14.15 19.98
7.42 5.44 15.87 2.91 3.52 9.71 8.42 19.02 20.84 11.11 16.98 15.96 23.89 12.41 16.01 8.13
8.77 3.91 15.75 4.39 6.03 10.56 10.74 16.77 20.27 12.89 17.17 13.42 21.71 12.16 13.75 5.48
8.06 9.96 2.26 10.97 12.75 5.51 12.34 14.51 7.51 9.60 3.98 15.47 17.52 1.39 12.76 13.29
20.32 18.49 11.75 21.81 24.17 18.06 24.85 10.26 7.36 22.29 13.19 14.79 8.96 13.05 11.57 18.94
5.24 6.89 5.64 7.59 9.49 3.35 9.83 14.65 10.77 8.03 6.98 14.48 18.42 2.26 12.34 10.73
18.97 18.63 9.42 21.23 23.36 16.44 23.27 13.26 4.06 20.23 10.35 17.28 12.77 11.67 13.89 19.99
2.24 5.22 9.63 3.60 5.31 3.38 6.54 17.00 14.94 6.53 10.56 15.62 21.31 6.44 14.29 9.74
19.53 17.94 10.86 21.14 23.47 17.24 24.05 10.43 6.47 21.43 12.29 14.80 9.53 12.24 11.50 18.58
20.70 19.81 11.38 22.71 24.93 18.25 25.09 12.86 6.14 22.17 12.42 17.24 11.61 13.37 13.93 20.76
16.90 15.68 8.28 18.66 20.93 14.59 21.40 10.26 4.62 18.78 9.85 14.02 10.65 9.60 10.63 16.76
17.96 18.12 8.23 20.45 22.49 15.38 22.18 13.92 2.69 19.02 9.01 17.66 13.85 10.75 14.26 19.79
11.09 5.81 17.93 6.63 7.86 12.92 12.74 17.33 22.23 15.15 19.43 13.45 22.32 14.32 14.35 5.56
19.68 13.37 17.54 18.06 20.64 19.04 23.92 3.51 17.55 23.60 19.78 2.42 7.49 15.55 3.70 10.38
19.54 18.57 10.37 21.48 23.71 17.12 23.96 11.98 5.41 21.12 11.55 16.22 11.16 12.21 12.88 19.54
19.45 18.38 10.36 21.34 23.59 17.05 23.89 11.70 5.49 21.08 11.58 15.95 10.91 12.12 12.61 19.32
19.28 18.94 9.73 21.55 23.67 16.76 23.58 13.40 4.32 20.53 10.63 17.46 12.79 11.99 14.08 20.27
18.99 17.21 10.55 20.48 22.83 16.75 23.53 9.72 6.51 21.00 12.08 14.03 9.10 11.73 10.73 17.80
18.97 17.92 9.92 20.87 23.11 16.58 23.42 11.49 5.17 20.63 11.18 15.66 10.91 11.64 12.31 18.90
2.21 5.84 8.67 4.61 6.20 2.46 6.82 16.85 14.04 6.17 9.56 15.77 21.02 5.58 14.23 10.31
18.06 18.50 8.22 20.69 22.68 15.44 22.21 14.63 2.57 18.96 8.82 18.33 14.56 10.92 14.92 20.29
17.01 16.24 7.96 19.01 21.21 14.60 21.43 11.35 3.70 18.64 9.33 15.07 11.63 9.67 11.67 17.54
16.44 16.19 7.08 18.69 20.81 13.95 20.79 12.31 2.51 17.85 8.29 15.82 12.79 9.14 12.42 17.79
11.86 6.79 18.89 7.34 8.32 13.77 13.23 18.08 23.21 15.82 20.37 14.07 23.08 15.29 15.13 6.31
15.81 9.59 14.47 14.26 16.86 15.26 20.05 4.65 15.47 19.78 16.69 2.35 9.64 12.08 1.87 7.14
18.54 17.57 9.48 20.47 22.70 16.14 22.98 11.47 4.79 20.18 10.75 15.55 11.08 11.21 12.18 18.62
16.08 15.50 7.02 18.15 20.32 13.65 20.49 11.45 3.16 17.69 8.45 14.92 12.12 8.75 11.52 16.98
17.42 17.73 7.66 19.98 21.99 14.83 21.61 14.01 2.09 18.44 8.41 17.62 14.15 10.24 14.22 19.51
20.92 14.22 19.48 18.90 21.41 20.51 24.99 5.60 19.68 24.98 21.72 3.08 8.98 17.31 5.64 10.69
14.72 14.79 5.37 17.09 19.15 12.22 19.05 12.43 2.13 16.12 6.74 15.47 13.56 7.44 12.11 16.69
18.21 17.24 9.18 20.13 22.36 15.82 22.66 11.34 4.60 19.87 10.49 15.35 11.09 10.88 11.97 18.32
21.79 20.54 12.63 23.63 25.90 19.39 26.23 12.62 7.50 23.39 13.74 17.20 10.86 14.46 13.97 21.23
11.22 5.70 17.86 6.80 8.12 12.98 12.97 17.00 22.10 15.31 19.39 13.09 22.00 14.25 14.03 5.23
4.65 4.04 12.80 0.67 3.29 6.68 7.05 17.59 17.88 8.77 13.88 15.26 22.27 9.40 14.66 8.13
3.13 7.01 7.05 6.30 7.80 1.42 7.66 16.61 12.51 6.02 7.86 16.04 20.52 4.21 14.17 11.31
20.78 20.25 11.24 22.98 25.13 18.26 25.09 13.81 5.78 22.04 12.10 18.12 12.64 13.48 14.79 21.39
22.52 21.54 13.14 24.51 26.73 20.06 26.90 13.78 7.78 23.95 14.09 18.37 11.88 15.19 15.15 22.33
4.33 3.55 11.95 1.50 4.06 6.07 7.34 16.87 16.99 8.61 13.09 14.72 21.50 8.52 13.97 7.89
11.18 15.31 4.12 15.22 16.34 8.51 14.21 19.27 7.35 10.33 1.88 20.91 21.40 7.04 17.97 18.94
15.16 14.65 6.21 17.24 19.40 12.74 19.58 11.36 3.11 16.81 7.76 14.57 12.40 7.82 11.19 16.26
3.44 10.13 8.07 7.99 8.42 2.11 6.06 19.96 13.71 2.87 7.89 19.56 23.65 6.61 17.62 14.59
12.24 15.42 3.34 15.95 17.33 9.50 15.68 17.84 5.29 11.97 1.81 19.88 19.66 6.85 16.79 18.69
19.96 13.28 18.64 17.96 20.48 19.56 24.04 5.24 19.02 24.02 20.88 2.12 9.09 16.41 4.86 9.82
5.76 7.89 4.68 8.50 10.29 3.47 10.23 14.89 9.95 8.03 5.97 15.03 18.45 1.58 12.73 11.65
8.51 14.89 8.11 13.06 13.29 6.70 9.86 22.66 12.86 5.71 6.58 23.18 25.61 8.89 20.75 19.21
19.69 13.25 17.86 17.94 20.50 19.14 23.88 4.10 18.02 23.67 20.10 2.11 8.07 15.77 4.01 10.09
6.64 4.33 14.72 2.09 3.63 8.76 8.29 18.00 19.64 10.58 15.89 15.13 22.83 11.23 15.00 7.46
9.78 5.54 17.29 5.23 6.23 11.80 11.12 18.12 21.88 13.70 18.65 14.53 23.10 13.72 15.12 6.55
3.92 8.20 6.05 7.54 8.88 1.31 8.15 16.94 11.64 5.83 6.67 16.72 20.63 3.73 14.64 12.42
18.65 17.90 9.40 20.70 22.89 16.20 23.04 12.09 4.45 20.16 10.56 16.13 11.67 11.32 12.76 19.07
3.18 7.09 13.02 2.65 1.99 5.91 3.90 20.25 18.50 6.24 13.60 18.26 24.75 10.08 17.40 11.30
16.12 14.85 7.72 17.83 20.11 13.84 20.64 9.93 4.65 18.09 9.40 13.48 10.71 8.84 10.08 15.97
17.35 10.72 16.44 15.41 17.96 16.98 21.44 5.13 17.36 21.42 18.67 0.49 9.88 14.00 3.25 7.54
2.98 9.95 8.68 7.54 7.84 2.26 5.41 20.21 14.32 2.45 8.54 19.66 23.99 7.05 17.81 14.44
2.79 9.35 8.04 7.29 7.87 1.43 5.96 19.38 13.69 3.29 8.07 18.86 23.15 6.24 16.98 13.81
19.55 19.75 9.73 22.09 24.12 16.94 23.71 14.90 4.08 20.47 10.32 18.88 14.32 12.37 15.49 21.34
3.86 5.16 12.78 0.75 2.44 6.21 5.87 18.56 18.04 7.76 13.68 16.37 23.17 9.53 15.66 9.31
3.04 4.46 9.67 3.52 5.56 3.93 7.26 16.30 14.83 7.33 10.76 14.83 20.66 6.32 13.55 8.97
10.81 6.29 18.21 6.26 7.15 12.82 12.06 18.35 22.70 14.71 19.60 14.55 23.35 14.62 15.36 6.63
17.33 11.93 14.04 16.47 19.10 16.32 21.80 1.79 13.90 20.98 16.27 4.18 6.69 12.36 1.32 10.13
7.11 10.06 2.87 10.45 12.01 4.43 11.19 15.78 8.48 8.27 3.81 16.50 18.90 2.08 13.92 13.73
9.39 12.96 2.20 13.15 14.48 6.65 12.93 17.35 7.12 9.37 1.05 18.70 19.86 4.64 15.86 16.54
10.54 6.27 18.09 5.98 6.79 12.59 11.70 18.55 22.65 14.40 19.45 14.81 23.54 14.51 15.55 6.86
20.40 14.96 16.46 19.53 22.15 19.30 24.88 1.35 15.44 23.98 18.65 5.48 4.14 15.15 4.21 12.79
12.10 6.93 19.06 7.59 8.58 13.99 13.49 18.04 23.34 16.08 20.55 13.98 23.04 15.45 15.09 6.27
19.88 19.84 10.15 22.31 24.38 17.30 24.10 14.50 4.54 20.93 10.84 18.58 13.75 12.65 15.20 21.29
2.00 7.96 8.02 6.19 7.13 0.75 6.17 18.28 13.63 4.37 8.44 17.58 22.20 5.65 15.80 12.42
22.54 22.39 12.76 24.96 27.04 19.95 26.74 15.93 7.12 23.51 13.32 20.33 14.37 15.31 17.02 23.63
8.76 3.77 15.65 4.42 6.11 10.51 10.80 16.61 20.14 12.90 17.08 13.26 21.55 12.06 13.59 5.33
19.12 18.00 10.10 20.97 23.23 16.73 23.57 11.40 5.37 20.80 11.38 15.60 10.75 11.79 12.26 18.93
5.13 8.87 15.10 4.17 1.79 7.87 3.37 22.32 20.64 7.00 15.53 20.08 26.89 12.28 19.43 12.75
19.17 17.53 10.58 20.75 23.08 16.90 23.70 10.14 6.35 21.11 12.06 14.46 9.43 11.89 11.15 18.17
12.27 16.47 5.07 16.36 17.43 9.62 15.14 20.05 7.45 11.18 2.88 21.87 21.97 8.16 18.87 20.08
17.96 16.30 9.58 19.49 21.83 15.71 22.50 9.58 5.84 19.98 11.17 13.66 9.50 10.70 10.30 17.03
17.89 18.86 7.93 20.77 22.65 15.21 21.88 15.83 2.45 18.48 8.19 19.37 15.90 10.94 15.97 20.92
22.33 21.34 12.97 24.31 26.54 19.88 26.72 13.62 7.63 23.77 13.94 18.20 11.78 15.00 14.97 22.13
13.20 8.82 20.80 8.64 9.06 15.33 13.93 20.08 25.25 16.92 22.20 15.91 25.07 17.21 17.15 8.33
16.64 16.15 7.43 18.77 20.93 14.18 21.02 11.84 3.04 18.16 8.72 15.44 12.26 9.31 12.03 17.62
14.75 8.20 20.17 10.51 11.99 16.21 16.82 16.10 23.76 18.97 21.93 11.53 21.03 16.62 13.36 5.21
16.10 15.97 6.70 18.40 20.50 13.60 20.43 12.44 2.22 17.48 7.91 15.85 13.05 8.81 12.45 17.65
4.06 5.23 7.63 5.63 7.65 3.32 8.68 15.05 12.71 7.73 8.89 14.20 19.17 4.21 12.49 9.43
17.85 16.12 9.55 19.35 21.69 15.63 22.40 9.38 5.94 19.91 11.18 13.45 9.37 10.61 10.09 16.83
4.97 8.09 14.86 3.39 0.98 7.72 4.01 21.60 20.35 7.36 15.41 19.29 26.21 11.92 18.69 11.93
13.92 7.18 19.07 9.80 11.45 15.27 16.21 15.20 22.63 18.18 20.85 10.75 20.15 15.53 12.40 4.10
20.13 19.65 10.60 22.34 24.49 17.62 24.44 13.54 5.18 21.41 11.49 17.76 12.60 12.83 14.40 20.85
7.04 1.34 13.01 3.66 6.14 8.32 10.09 15.01 17.49 11.37 14.50 12.31 19.83 9.41 12.02 5.09
16.48 13.44 10.04 17.19 19.68 14.66 21.13 6.09 8.39 19.24 12.08 9.83 7.62 9.79 6.45 13.54
4.54 8.67 5.44 8.18 9.53 1.85 8.67 16.86 11.05 6.11 6.02 16.83 20.43 3.37 14.64 12.81
11.97 13.54 2.05 14.96 16.75 9.30 16.04 14.60 3.61 12.85 3.29 16.77 16.52 5.16 13.62 16.30
18.90 14.34 13.89 18.67 21.28 17.49 23.50 2.33 12.50 22.17 16.02 7.11 4.33 12.99 4.38 13.07
22.15 20.94 12.94 24.01 26.28 19.74 26.58 12.95 7.74 23.72 14.01 17.55 11.08 14.82 14.34 21.62
13.52 7.32 19.46 9.19 10.56 15.11 15.42 16.59 23.31 17.68 21.13 12.23 21.56 15.87 13.74 5.13
10.22 13.03 1.13 13.70 15.22 7.48 14.00 16.31 5.82 10.59 1.12 17.93 18.64 4.47 14.98 16.35
20.69 19.77 11.38 22.69 24.90 18.24 25.08 12.78 6.17 22.17 12.44 17.16 11.52 13.36 13.86 20.71
10.63 12.58 0.69 13.74 15.45 7.95 14.67 14.94 4.97 11.50 2.50 16.71 17.22 4.04 13.69 15.60
12.61 8.01 20.03 8.05 8.66 14.67 13.56 19.33 24.44 16.42 21.45 15.22 24.33 16.44 16.38 7.57
18.20 16.18 10.14 19.54 21.92 16.04 22.78 8.79 6.67 20.39 11.83 12.98 8.63 11.02 9.65 16.69
9.98 8.04 18.79 5.69 5.21 12.45 9.92 21.19 23.77 13.24 19.85 17.69 26.14 15.35 18.18 9.71
12.01 8.93 20.39 7.56 7.41 14.37 12.14 21.29 25.15 15.42 21.59 17.40 26.28 16.86 18.30 9.54
4.69 5.25 13.62 0.60 2.03 7.08 6.20 18.86 18.83 8.44 14.55 16.45 23.54 10.32 15.92 9.15
12.52 15.29 3.10 16.07 17.55 9.77 16.12 17.14 4.48 12.50 2.17 19.31 18.88 6.70 16.18 18.42
11.94 13.42 2.08 14.89 16.70 9.29 16.04 14.42 3.61 12.88 3.42 16.59 16.35 5.08 13.44 16.15
16.45 14.19 9.06 17.61 20.02 14.40 21.06 7.81 6.74 18.86 10.96 11.54 8.80 9.41 8.15 14.75
4.90 6.28 14.28 1.64 1.00 7.49 5.55 19.90 19.59 8.25 15.09 17.46 24.57 11.08 16.96 10.06
20.10 18.94 11.02 21.96 24.22 17.71 24.55 11.81 6.10 21.75 12.23 16.18 10.73 12.77 12.87 19.78
2.47 6.45 12.12 2.42 2.75 5.11 4.43 19.39 17.57 6.10 12.78 17.54 23.85 9.13 16.57 10.79
6.73 12.74 6.62 11.22 11.75 4.61 8.97 20.63 11.87 4.98 5.59 21.00 23.76 6.81 18.63 17.02
2.72 7.24 7.33 6.20 7.55 1.02 7.21 17.10 12.85 5.54 8.02 16.48 21.01 4.63 14.64 11.60
12.52 8.11 20.07 7.95 8.47 14.62 13.37 19.58 24.53 16.28 21.47 15.51 24.59 16.49 16.64 7.82
9.70 5.47 17.21 5.15 6.17 11.71 11.06 18.09 21.80 13.62 18.56 14.51 23.06 13.63 15.08 6.52
16.53 16.81 6.83 19.05 21.06 13.95 20.75 13.53 1.51 17.63 7.74 16.97 13.98 9.32 13.58 18.64
17.74 16.96 8.61 19.75 21.95 15.32 22.16 11.60 4.01 19.33 9.90 15.48 11.56 10.41 12.09 18.19
7.58 10.40 2.39 10.90 12.48 4.90 11.65 15.68 8.01 8.66 3.42 16.54 18.68 2.17 13.89 13.99
18.48 13.02 15.01 17.58 20.21 17.46 22.95 0.77 14.55 22.12 17.23 4.31 5.77 13.45 2.28 11.01
20.96 14.35 19.29 19.04 21.57 20.49 25.08 5.20 19.37 24.99 21.53 3.15 8.50 17.19 5.44 10.93
21.42 14.53 20.46 19.16 21.63 21.16 25.38 6.85 20.84 25.55 22.70 3.75 10.13 18.16 6.70 10.74
3.77 7.19 13.58 2.59 1.42 6.49 4.02 20.51 19.04 6.69 14.18 18.40 25.06 10.61 17.64 11.28
1.84 9.15 10.70 5.83 5.62 3.53 3.31 20.80 16.35 2.70 10.79 19.67 24.89 8.52 18.19 13.66
18.51 16.82 10.06 20.04 22.38 16.26 23.05 9.73 6.12 20.51 11.61 13.93 9.35 11.24 10.59 17.49
18.85 13.44 15.21 18.00 20.62 17.80 23.33 0.36 14.59 22.47 17.42 4.63 5.34 13.73 2.71 11.43
13.56 9.07 21.10 9.00 9.43 15.67 14.30 20.14 25.51 17.29 22.51 15.91 25.13 17.51 17.22 8.42
19.14 17.19 10.86 20.54 22.92 16.94 23.71 9.34 6.95 21.24 12.44 13.71 8.64 11.92 10.43 17.66
20.01 20.27 10.17 22.60 24.60 17.39 24.15 15.32 4.51 20.88 10.68 19.34 14.61 12.85 15.96 21.86
9.00 1.97 12.24 6.66 9.24 9.41 12.76 11.83 15.92 13.30 14.07 9.26 16.68 8.73 8.84 3.29
19.04 18.17 9.84 21.03 23.24 16.61 23.45 11.98 4.90 20.59 11.02 16.12 11.39 11.71 12.76 19.25
17.97 18.23 8.19 20.52 22.53 15.37 22.15 14.19 2.59 18.97 8.90 17.90 14.13 10.78 14.50 19.96
13.97 16.97 4.79 17.65 19.05 11.22 17.36 18.36 4.72 13.59 3.53 20.77 19.76 8.39 17.57 20.09
20.99 20.82 11.27 23.37 25.46 18.42 25.22 14.84 5.66 22.05 11.94 19.09 13.71 13.74 15.74 22.13
18.55 11.99 17.21 16.68 19.23 18.10 22.68 4.59 17.76 22.59 19.45 0.80 9.03 14.94 3.53 8.78
9.16 2.06 12.42 6.75 9.32 9.60 12.89 11.80 16.07 13.47 14.26 9.16 16.67 8.91 8.80 3.10
17.53 12.72 13.24 17.11 19.72 16.26 22.09 2.00 12.54 20.95 15.43 5.88 5.83 11.96 2.82 11.42
21.20 21.41 11.34 23.78 25.80 18.58 25.33 15.95 5.68 22.03 11.79 20.13 14.88 14.05 16.76 22.91
10.98 4.52 16.68 6.89 8.70 12.41 13.36 15.19 20.66 15.24 18.34 11.36 20.18 13.09 12.21 3.43
9.05 5.60 16.97 4.49 5.28 11.20 10.19 18.63 21.71 12.87 18.23 15.20 23.58 13.43 15.62 7.23
18.09 17.15 9.05 20.03 22.25 15.69 22.53 11.37 4.48 19.74 10.36 15.35 11.17 10.76 11.97 18.26
6.13 7.04 15.59 2.72 1.16 8.76 6.03 20.75 20.89 9.18 16.39 18.07 25.50 12.38 17.78 10.43
19.09 17.80 10.21 20.85 23.13 16.74 23.57 10.96 5.66 20.86 11.56 15.20 10.30 11.77 11.86 18.64
17.79 17.89 8.10 20.25 22.30 15.22 22.02 13.69 2.62 18.90 8.93 17.41 13.68 10.56 14.01 19.54
3.25 8.69 6.88 7.36 8.38 0.56 7.15 18.05 12.53 4.67 7.20 17.70 21.78 4.86 15.71 13.04
17.21 16.51 8.10 19.25 21.44 14.79 21.63 11.55 3.66 18.81 9.42 15.31 11.74 9.88 11.91 17.81
3.73 10.33 7.88 8.27 8.71 2.23 6.32 19.98 13.51 2.99 7.64 19.65 23.62 6.53 17.66 14.77
15.32 15.46 5.82 17.74 19.78 12.78 19.61 12.77 1.70 16.61 7.03 15.96 13.67 8.05 12.58 17.34
9.91 13.12 1.69 13.55 14.96 7.16 13.55 16.92 6.42 10.05 0.70 18.42 19.31 4.65 15.52 16.57
20.97 20.17 11.56 23.03 25.23 18.49 25.33 13.26 6.24 22.37 12.54 17.65 11.94 13.64 14.35 21.16
3.17 4.24 10.72 2.46 4.58 4.70 6.86 16.84 15.89 7.53 11.78 15.08 21.32 7.38 14.03 8.74
11.30 11.98 2.48 13.83 15.80 8.79 15.63 12.93 4.53 12.81 4.53 14.92 15.20 4.05 11.80 14.52
18.56 17.24 9.77 20.30 22.58 16.23 23.05 10.64 5.43 20.38 11.19 14.79 10.23 11.25 11.43 18.10
20.03 19.89 10.34 22.42 24.50 17.47 24.27 14.34 4.76 21.13 11.07 18.46 13.51 12.78 15.09 21.28
18.80 16.67 10.76 20.09 22.49 16.66 23.39 8.73 7.16 21.01 12.43 13.07 8.24 11.63 9.79 17.05
23.67 22.88 14.13 25.77 27.97 21.16 27.99 15.08 8.62 24.94 14.93 19.72 12.94 16.35 16.51 23.72
16.85 15.31 8.56 18.43 20.75 14.61 21.39 9.52 5.28 18.89 10.23 13.31 10.00 9.59 9.91 16.22
6.61 11.93 5.30 10.91 11.75 4.11 9.52 19.25 10.69 5.80 4.54 19.74 22.36 5.45 17.31 16.09
15.63 15.29 6.45 17.81 19.95 13.17 20.01 11.83 2.67 17.16 7.85 15.15 12.65 8.31 11.76 16.92
20.05 18.71 11.11 21.81 24.10 17.70 24.53 11.34 6.34 21.79 12.39 15.74 10.25 12.73 12.45 19.46
21.58 19.61 13.02 23.01 25.39 19.34 26.13 10.61 8.48 23.57 14.42 15.32 8.67 14.33 12.20 19.88
4.50 10.87 7.37 9.02 9.51 2.67 7.03 20.01 12.95 3.44 6.97 19.89 23.53 6.38 17.78 15.27
10.10 6.96 18.30 5.58 5.84 12.37 10.73 19.77 23.08 13.71 19.52 16.16 24.74 14.78 16.76 8.18
17.79 17.52 8.30 20.06 22.18 15.27 22.10 12.83 3.13 19.10 9.33 16.62 12.79 10.49 13.22 19.00
3.65 4.44 11.97 1.20 3.42 5.68 6.45 17.65 17.16 7.84 12.97 15.59 22.23 8.65 14.77 8.76
10.67 4.73 16.92 6.40 8.02 12.27 12.77 16.06 21.08 14.86 18.49 12.28 21.06 13.31 13.08 4.33
4.15 3.23 10.83 2.68 5.13 5.38 7.84 15.98 15.80 8.51 12.06 14.10 20.52 7.36 13.12 7.74
7.53 10.77 2.55 11.04 12.51 4.80 11.45 16.26 8.20 8.31 3.15 17.12 19.24 2.73 14.48 14.45
19.49 18.13 10.63 21.23 23.52 17.15 23.98 10.99 6.02 21.27 11.97 15.31 10.14 12.18 11.99 18.90
16.98 13.61 10.82 17.49 20.02 15.24 21.63 5.32 9.20 19.85 12.89 9.26 6.86 10.43 5.93 13.43
18.44 17.13 9.66 20.18 22.47 16.11 22.93 10.62 5.35 20.26 11.08 14.74 10.27 11.13 11.38 18.02
14.75 13.62 6.57 16.49 18.75 12.49 19.28 9.99 4.53 16.77 8.40 13.11 11.38 7.48 9.73 14.97
19.94 19.53 10.38 22.19 24.32 17.42 24.25 13.61 4.94 21.19 11.26 17.78 12.75 12.65 14.42 20.79
17.25 15.99 8.61 18.99 21.27 14.94 21.75 10.28 4.79 19.12 10.14 14.13 10.50 9.94 10.74 17.01
19.26 17.95 10.38 21.02 23.30 16.91 23.74 11.00 5.79 21.03 11.72 15.27 10.26 11.94 11.94 18.77
20.09 20.20 10.29 22.60 24.64 17.49 24.27 14.98 4.65 21.04 10.89 19.06 14.21 12.89 15.67 21.70
4.63 2.80 11.25 2.56 5.12 5.91 8.15 15.84 16.14 8.99 12.52 13.81 20.44 7.74 12.96 7.29
18.92 17.88 9.86 20.82 23.06 16.53 23.36 11.49 5.12 20.57 11.13 15.65 10.93 11.59 12.29 18.87
18.67 18.27 9.18 20.90 23.03 16.16 22.99 12.96 3.92 19.99 10.18 16.93 12.57 11.36 13.54 19.62
6.93 4.50 15.03 2.38 3.73 9.07 8.47 18.14 19.94 10.84 16.21 15.19 22.99 11.55 15.14 7.46
15.56 15.08 6.53 17.67 19.83 13.14 19.97 11.49 3.00 17.18 8.00 14.81 12.36 8.23 11.42 16.64
19.17 19.45 9.34 21.75 23.75 16.56 23.32 14.87 3.69 20.08 9.92 18.77 14.42 12.00 15.38 21.10
8.79 5.00 16.47 4.25 5.34 10.84 10.21 18.04 21.16 12.71 17.77 14.67 22.98 12.91 15.02 6.70
18.97 18.35 9.60 21.09 23.26 16.49 23.33 12.56 4.46 20.39 10.67 16.63 12.03 11.64 13.26 19.56
11.74 8.47 19.99 7.25 7.25 14.05 12.04 20.81 24.72 15.23 21.23 16.94 25.80 16.46 17.82 9.07
16.63 15.53 7.96 18.44 20.70 14.30 21.12 10.45 4.33 18.48 9.51 14.12 10.94 9.32 10.72 16.69
9.93 13.50 2.35 13.71 15.03 7.19 13.40 17.57 6.84 9.78 0.56 19.04 19.96 5.13 16.16 17.05
9.30 11.51 0.72 12.46 14.14 6.63 13.37 15.08 6.28 10.29 2.62 16.46 17.71 2.93 13.59 14.76
17.72 13.89 11.96 17.96 20.52 16.09 22.35 4.22 10.38 20.74 14.05 8.47 5.79 11.38 5.27 13.31
18.21 17.87 8.72 20.46 22.58 15.69 22.53 12.87 3.51 19.52 9.74 16.76 12.66 10.91 13.36 19.29
10.96 15.68 5.20 15.20 16.11 8.40 13.62 20.42 8.67 9.61 3.01 21.88 22.67 7.73 19.02 19.50
16.80 17.38 6.95 19.47 21.43 14.17 20.94 14.35 1.32 17.71 7.62 17.79 14.72 9.68 14.40 19.34
10.56 14.04 2.50 14.34 15.66 7.82 14.01 17.67 6.41 10.36 0.26 19.30 19.90 5.59 16.35 17.52
18.37 17.66 9.12 20.43 22.62 15.92 22.76 12.05 4.21 19.88 10.30 16.04 11.75 11.04 12.66 18.87
5.73 7.57 15.42 3.01 0.58 8.43 5.20 21.24 20.80 8.48 16.10 18.69 25.93 12.31 18.29 11.15
20.78 20.29 11.22 23.00 25.15 18.26 25.09 13.91 5.74 22.03 12.06 18.21 12.75 13.48 14.88 21.45
11.13 8.49 19.69 6.73 6.46 13.53 11.18 21.23 24.55 14.48 20.84 17.50 26.21 16.19 18.22 9.56
5.78 2.22 12.50 2.47 5.06 7.26 8.80 15.87 17.25 10.10 13.84 13.43 20.61 8.95 12.92 6.39
3.96 9.53 13.78 5.09 3.49 6.50 1.47 22.45 19.41 4.91 13.98 20.66 26.83 11.29 19.66 13.76
4.47 3.03 10.15 3.56 6.01 5.21 8.47 15.20 15.01 8.78 11.47 13.49 19.70 6.62 12.38 7.53
4.33 3.53 11.93 1.53 4.08 6.07 7.36 16.85 16.97 8.61 13.08 14.70 21.47 8.50 13.95 7.87
13.05 16.38 4.30 16.84 18.16 10.31 16.35 18.58 5.46 12.55 2.67 20.74 20.23 7.82 17.62 19.66
5.68 5.82 14.74 1.61 1.72 8.16 6.51 19.53 19.94 9.19 15.66 16.89 24.27 11.43 16.56 9.33
20.86 20.49 11.24 23.14 25.27 18.32 25.14 14.26 5.70 22.04 12.02 18.54 13.11 13.58 15.20 21.71
23.19 16.92 20.41 21.61 24.18 22.47 27.47 5.26 19.67 27.07 22.63 5.79 6.61 18.74 6.93 13.75
13.23 8.70 20.72 8.67 9.16 15.32 14.05 19.84 25.13 16.99 22.14 15.66 24.84 17.13 16.92 8.11
5.94 11.52 5.81 10.30 11.07 3.53 8.81 19.36 11.29 5.14 5.21 19.67 22.60 5.54 17.33 15.74
20.53 20.09 10.95 22.77 24.91 18.00 24.83 13.89 5.47 21.76 11.79 18.15 12.83 13.24 14.80 21.30
19.95 13.67 17.69 18.36 20.94 19.29 24.20 3.45 17.62 23.86 19.93 2.73 7.26 15.75 3.89 10.69
19.12 17.48 10.55 20.70 23.03 16.85 23.65 10.11 6.33 21.07 12.02 14.42 9.42 11.84 11.11 18.13
10.17 4.68 16.80 5.81 7.33 11.89 12.11 16.58 21.11 14.30 18.31 12.91 21.57 13.19 13.58 4.93
21.89 19.99 13.23 23.36 25.73 19.62 26.42 10.99 8.57 23.82 14.59 15.71 8.95 14.61 12.60 20.28
10.26 14.57 3.94 14.34 15.42 7.60 13.28 19.16 7.89 9.42 1.82 20.59 21.50 6.47 17.73 18.30
9.93 6.22 17.79 5.37 6.02 12.08 10.93 18.92 22.47 13.71 19.08 15.31 23.89 14.24 15.91 7.33
9.80 5.78 17.45 5.24 6.11 11.87 11.02 18.43 22.08 13.67 18.78 14.83 23.40 13.89 15.42 6.85
3.12 5.42 12.19 1.45 2.78 5.50 5.47 18.57 17.51 7.08 13.03 16.57 23.11 9.01 15.71 9.72
5.32 4.43 13.71 0.77 2.88 7.51 7.18 18.12 18.78 9.28 14.78 15.57 22.85 10.30 15.16 8.18
20.02 13.26 18.91 17.93 20.43 19.68 24.06 5.67 19.37 24.11 21.15 2.23 9.51 16.62 5.18 9.69
13.21 7.87 20.05 8.70 9.64 15.09 14.55 18.32 24.22 17.19 21.58 14.07 23.32 16.44 15.43 6.66
18.35 17.55 9.17 20.36 22.56 15.92 22.76 11.81 4.36 19.91 10.39 15.82 11.51 11.01 12.44 18.71
18.24 18.86 8.34 20.96 22.91 15.60 22.33 15.17 2.69 19.02 8.80 18.85 15.08 11.16 15.45 20.73
17.32 17.43 7.65 19.77 21.82 14.75 21.56 13.50 2.26 18.46 8.54 17.13 13.65 10.08 13.72 19.12
20.34 18.64 11.66 21.90 24.24 18.05 24.86 10.58 7.16 22.25 13.06 15.09 9.29 13.05 11.85 19.15
20.19 17.89 12.09 21.41 23.82 18.04 24.77 8.97 8.18 22.40 13.70 13.58 7.67 13.02 10.41 18.07
12.20 4.98 16.46 8.58 10.69 13.19 15.12 13.06 19.91 16.55 18.31 9.03 18.06 12.96 10.14 1.41
17.94 11.74 15.94 16.43 19.02 17.29 22.21 3.28 16.29 21.85 18.18 1.72 8.04 13.85 2.11 9.04
10.49 5.05 17.18 6.09 7.52 12.24 12.34 16.80 21.48 14.60 18.68 13.05 21.79 13.57 13.81 5.09
19.82 19.89 10.04 22.30 24.35 17.23 24.01 14.73 4.41 20.81 10.68 18.78 14.03 12.61 15.39 21.39
11.27 7.22 19.01 6.71 7.24 13.40 12.14 19.33 23.59 15.02 20.35 15.47 24.33 15.44 16.35 7.59
11.22 15.21 3.89 15.21 16.37 8.53 14.32 19.02 7.09 10.47 1.66 20.69 21.13 6.89 17.74 18.80
19.41 18.97 9.90 21.63 23.77 16.90 23.73 13.23 4.54 20.70 10.84 17.34 12.56 12.10 13.97 20.24
18.92 18.11 9.69 20.94 23.15 16.48 23.32 12.07 4.73 20.45 10.85 16.18 11.53 11.59 12.81 19.23
8.11 4.23 15.63 3.62 5.07 10.07 9.84 17.49 20.32 12.13 16.94 14.27 22.40 12.07 14.47 6.39
16.73 14.17 9.61 17.73 20.17 14.75 21.36 7.17 7.41 19.26 11.56 11.01 8.16 9.79 7.63 14.52
19.25 17.88 10.41 20.97 23.26 16.91 23.73 10.85 5.89 21.05 11.78 15.12 10.11 11.93 11.80 18.66
19.66 13.44 17.35 18.12 20.71 18.98 23.93 3.18 17.29 23.56 19.59 2.63 7.18 15.42 3.55 10.53
12.37 5.95 18.07 8.17 9.78 13.85 14.55 15.64 21.93 16.60 19.76 11.49 20.64 14.49 12.73 3.97
4.45 7.27 5.86 7.33 9.01 2.35 8.96 15.66 11.25 7.02 6.91 15.42 19.43 2.89 13.34 11.33
13.22 15.90 3.71 16.75 18.25 10.47 16.81 17.27 4.09 13.18 2.87 19.60 18.82 7.31 16.42 18.94
15.73 11.28 11.49 15.52 18.12 14.41 20.32 3.76 11.29 19.09 13.71 6.43 7.52 10.10 3.03 10.53
16.43 15.18 7.93 18.16 20.43 14.14 20.94 10.06 4.61 18.36 9.57 13.70 10.68 9.14 10.30 16.29
16.14 16.15 6.64 18.52 20.59 13.61 20.44 12.75 1.94 17.44 7.77 16.16 13.35 8.87 12.76 17.89
9.73 5.45 17.21 5.19 6.22 11.74 11.12 18.04 21.79 13.66 18.57 14.45 23.01 13.64 15.03 6.47
17.98 17.28 8.77 20.03 22.22 15.54 22.38 11.88 3.99 19.51 9.99 15.80 11.74 10.65 12.40 18.52
18.23 17.45 9.04 20.25 22.45 15.79 22.63 11.82 4.25 19.78 10.26 15.80 11.57 10.90 12.41 18.64
7.67 5.07 15.84 3.11 4.04 9.86 8.90 18.56 20.73 11.48 17.02 15.44 23.45 12.35 15.55 7.58
10.51 8.61 19.38 6.27 5.66 13.00 10.27 21.68 24.37 13.68 20.43 18.12 26.64 15.94 18.67 10.13
7.84 6.51 16.67 3.53 3.33 10.28 8.23 20.07 21.74 11.25 17.70 16.96 24.95 13.27 17.06 9.07
16.35 10.10 14.89 14.78 17.38 15.79 20.59 4.32 15.74 20.31 17.12 1.92 9.29 12.56 1.79 7.54
7.65 13.35 6.06 12.09 12.72 5.36 10.00 20.53 11.09 6.00 4.78 21.15 23.49 6.79 18.66 17.53
11.99 14.41 2.24 15.36 16.95 9.25 15.77 16.21 4.23 12.30 2.09 18.31 18.08 5.83 15.19 17.45
17.35 11.11 15.58 15.80 18.39 16.74 21.60 3.69 16.13 21.29 17.82 1.54 8.56 13.39 1.90 8.43
11.53 5.93 18.10 7.12 8.43 13.28 13.29 16.99 22.30 15.63 19.65 13.01 21.99 14.50 14.03 5.21
5.64 8.07 4.64 8.53 10.26 3.27 10.06 15.18 10.00 7.78 5.83 15.32 18.72 1.75 13.02 11.88
23.13 22.12 13.75 25.11 27.34 20.67 27.51 14.11 8.35 24.55 14.67 18.76 12.01 15.80 15.57 22.85
17.19 15.59 8.88 18.74 21.07 14.95 21.73 9.49 5.46 19.23 10.54 13.37 9.80 9.93 9.98 16.44
10.99 4.72 16.90 6.81 8.54 12.49 13.25 15.56 20.94 15.22 18.53 11.71 20.56 13.30 12.59 3.80
11.42 7.51 19.26 6.87 7.28 13.59 12.18 19.64 23.87 15.12 20.58 15.77 24.64 15.70 16.66 7.89
20.32 20.48 10.49 22.86 24.88 17.71 24.48 15.26 4.84 21.22 11.04 19.35 14.43 13.14 15.97 22.00
19.12 13.71 15.39 18.27 20.89 18.05 23.60 0.23 14.69 22.72 17.60 4.80 5.09 13.96 2.98 11.69
16.17 10.78 13.23 15.31 17.93 15.20 20.63 2.96 13.49 19.85 15.46 4.16 7.78 11.36 0.76 9.17
20.49 19.82 11.04 22.61 24.79 18.00 24.83 13.29 5.69 21.84 11.99 17.59 12.18 13.17 14.26 20.90
18.29 13.87 13.23 18.15 20.75 16.85 22.89 2.67 11.93 21.53 15.36 7.19 4.94 12.33 4.23 12.77
10.95 4.20 16.28 7.02 8.98 12.25 13.54 14.54 20.16 15.25 17.98 10.75 19.54 12.70 11.57 2.80
18.86 17.84 9.78 20.76 23.00 16.46 23.29 11.53 5.04 20.50 11.05 15.67 11.00 11.52 12.31 18.85
12.56 6.86 19.05 8.12 9.34 14.31 14.22 17.27 23.15 16.64 20.62 13.11 22.27 15.44 14.36 5.57
16.62 16.24 7.33 18.81 20.94 14.14 20.98 12.08 2.82 18.08 8.58 15.65 12.50 9.30 12.25 17.76
8.36 5.77 16.66 3.83 4.35 10.62 9.27 19.12 21.54 12.05 17.82 15.85 24.03 13.16 16.10 7.91
22.96 21.10 14.19 24.47 26.83 20.67 27.48 11.80 9.34 24.84 15.47 16.60 9.35 15.68 13.55 21.35
3.12 5.30 8.30 4.87 6.75 2.93 7.71 15.94 13.53 7.00 9.38 14.90 20.12 5.02 13.32 9.68
3.54 5.50 7.75 5.43 7.34 2.87 8.17 15.58 12.95 7.21 8.89 14.71 19.69 4.43 13.01 9.78
7.82 6.11 16.48 3.40 3.53 10.20 8.44 19.66 21.49 11.35 17.55 16.53 24.54 13.04 16.64 8.64
19.11 17.79 10.26 20.86 23.15 16.77 23.60 10.89 5.74 20.90 11.62 15.14 10.22 11.80 11.80 18.61
3.58 5.78 12.87 1.31 2.07 6.09 5.25 19.12 18.21 7.29 13.67 16.98 23.70 9.71 16.23 9.94
5.72 9.30 15.69 4.61 2.08 8.45 3.58 22.82 21.23 7.40 16.10 20.50 27.42 12.88 19.91 13.09
10.78 4.65 16.84 6.56 8.26 12.32 12.98 15.77 20.95 14.99 18.45 11.97 20.76 13.24 12.79 4.03
19.66 13.68 16.86 18.34 20.94 18.85 24.01 2.26 16.55 23.47 19.09 3.35 6.30 15.10 3.30 11.04
18.86 15.38 12.38 19.34 21.88 17.09 23.51 5.28 10.05 21.69 14.36 9.87 5.35 12.24 6.78 14.90
0.69 7.67 10.62 4.44 4.69 3.36 3.98 19.65 16.21 4.17 11.02 18.32 23.86 8.02 16.97 12.17
13.11 15.07 3.17 16.32 18.01 10.39 16.98 15.75 2.97 13.56 3.36 18.17 17.31 6.61 14.96 17.87
21.58 20.48 12.35 23.49 25.74 19.16 26.00 12.84 7.14 23.12 13.41 17.37 11.20 14.25 14.12 21.25
21.86 21.08 12.40 23.95 26.14 19.38 26.21 13.85 6.99 23.21 13.31 18.34 12.24 14.54 15.06 22.02
18.49 12.55 15.88 17.20 19.81 17.70 22.84 2.21 15.85 22.31 18.12 2.78 6.93 14.01 2.16 10.06
17.80 15.96 9.63 19.24 21.59 15.61 22.37 9.09 6.16 19.93 11.30 13.16 9.13 10.59 9.81 16.61
17.78 17.48 8.30 20.04 22.16 15.27 22.10 12.77 3.17 19.10 9.35 16.56 12.72 10.48 13.16 18.95
4.12 8.82 5.93 7.99 9.19 1.37 8.11 17.42 11.56 5.49 6.34 17.30 21.03 3.98 15.17 13.05
20.94 21.27 11.05 23.57 25.56 18.30 25.04 16.08 5.40 21.71 11.45 20.20 15.12 13.81 16.82 22.84
15.91 14.29 7.92 17.42 19.75 13.72 20.47 9.14 5.36 18.06 9.73 12.66 10.14 8.69 9.26 15.26
17.13 15.89 8.49 18.88 21.15 14.81 21.63 10.29 4.71 19.00 10.03 14.11 10.57 9.82 10.71 16.93
1.26 7.42 8.71 5.39 6.33 1.53 5.72 18.30 14.29 4.53 9.21 17.38 22.34 6.13 15.75 11.92
1.97 8.08 8.10 6.23 7.11 0.81 6.06 18.42 13.71 4.22 8.47 17.72 22.34 5.77 15.95 12.54
18.28 11.68 17.08 16.38 18.92 17.86 22.39 4.77 17.73 22.33 19.32 0.47 9.29 14.76 3.50 8.45
9.88 14.07 3.53 13.91 15.03 7.20 13.02 18.74 7.80 9.22 1.55 20.11 21.15 5.97 17.27 17.79
19.05 18.60 9.57 21.26 23.40 16.55 23.38 13.02 4.28 20.38 10.55 17.08 12.48 11.75 13.70 19.90
20.86 17.57 13.76 21.49 24.02 18.97 25.50 6.71 10.59 23.51 15.59 11.59 4.89 14.04 8.71 17.05
17.27 15.92 8.70 18.96 21.25 14.97 21.78 10.09 4.97 19.18 10.26 13.96 10.32 9.97 10.57 16.89
17.32 17.80 7.50 19.96 21.93 14.71 21.48 14.35 1.86 18.25 8.16 17.91 14.53 10.18 14.51 19.66
21.62 19.92 12.81 23.20 25.54 19.31 26.12 11.35 8.04 23.46 14.11 16.01 9.50 14.32 12.84 20.36
7.69 9.64 17.56 5.25 2.82 10.44 5.81 23.35 23.01 9.70 18.13 20.59 28.11 14.55 20.38 12.83
19.66 18.33 10.76 21.42 23.70 17.32 24.14 11.14 6.09 21.42 12.07 15.48 10.22 12.34 12.17 19.10
15.37 14.70 6.53 17.37 19.56 12.98 19.81 11.07 3.41 17.09 8.11 14.35 12.05 8.04 10.96 16.21
19.39 18.66 10.06 21.46 23.65 16.93 23.77 12.50 4.93 20.85 11.15 16.67 11.78 12.06 13.31 19.78
5.46 11.79 7.21 9.99 10.44 3.57 7.70 20.49 12.68 3.83 6.53 20.55 23.85 6.72 18.35 16.15
6.54 5.72 15.37 2.21 2.46 8.95 7.35 19.43 20.48 10.10 16.37 16.59 24.24 12.00 16.44 8.88
16.73 10.29 15.56 14.98 17.56 16.27 20.90 4.69 16.47 20.75 17.79 1.25 9.59 13.17 2.45 7.43
16.80 15.61 8.17 18.57 20.83 14.48 21.29 10.31 4.53 18.67 9.73 14.04 10.74 9.49 10.64 16.71
19.96 18.85 10.85 21.84 24.09 17.56 24.40 11.87 5.91 21.59 12.05 16.20 10.85 12.63 12.88 19.73
18.75 19.63 8.80 21.61 23.50 16.08 22.75 16.09 3.28 19.34 9.04 19.79 15.89 11.79 16.38 21.59
18.21 12.07 16.04 16.75 19.34 17.52 22.50 2.99 16.26 22.10 18.28 2.00 7.70 14.01 2.19 9.40
14.65 13.96 6.02 16.62 18.81 12.29 19.12 10.86 3.67 16.46 7.73 13.94 12.17 7.32 10.57 15.53
14.55 10.57 10.11 14.62 17.18 13.11 19.16 5.16 10.20 17.80 12.32 7.40 8.69 8.72 4.05 10.38
18.72 18.01 9.43 20.79 22.98 16.26 23.10 12.22 4.43 20.20 10.57 16.27 11.78 11.39 12.90 19.20
17.49 17.14 8.08 19.72 21.85 15.00 21.83 12.50 3.11 18.87 9.20 16.25 12.56 10.18 12.85 18.60
19.04 18.79 9.45 21.35 23.46 16.51 23.33 13.49 4.03 20.26 10.34 17.49 12.98 11.76 14.11 20.18
16.46 15.85 7.37 18.53 20.71 14.03 20.87 11.51 3.26 18.06 8.75 15.08 12.01 9.13 11.67 17.28
5.87 6.40 5.85 7.69 9.77 4.22 10.50 13.74 10.66 8.90 7.42 13.55 17.58 2.26 11.41 10.02
2.80 5.43 8.47 4.71 6.50 2.79 7.39 16.26 13.75 6.73 9.49 15.19 20.45 5.25 13.64 9.86
8.02 4.66 15.83 3.47 4.68 10.09 9.51 18.01 20.61 11.95 17.09 14.81 22.91 12.30 14.99 6.91
17.79 17.19 8.52 19.90 22.07 15.34 22.18 12.05 3.70 19.28 9.72 15.91 11.99 10.47 12.51 18.51
16.47 15.72 7.50 18.46 20.66 14.07 20.90 11.20 3.56 18.14 8.93 14.78 11.71 9.14 11.38 17.07
16.75 13.93 9.94 17.59 20.06 14.84 21.38 6.59 7.96 19.39 11.93 10.44 7.75 9.92 7.07 14.13
23.54 22.66 14.06 25.60 27.81 21.05 27.89 14.75 8.58 24.87 14.90 19.40 12.60 16.22 16.20 23.45
20.41 19.64 11.02 22.48 24.67 17.94 24.77 13.00 5.74 21.82 12.03 17.31 11.89 13.08 13.98 20.68
16.81 17.60 6.90 19.59 21.50 14.16 20.89 14.83 1.27 17.60 7.43 18.23 15.21 9.77 14.84 19.64
18.32 17.11 9.48 20.11 22.38 15.98 22.80 10.80 5.12 20.10 10.88 14.87 10.50 11.00 11.51 18.05
18.27 17.78 8.88 20.44 22.59 15.78 22.62 12.53 3.79 19.67 9.96 16.45 12.28 10.95 13.06 19.11
2.71 7.14 12.59 2.88 2.47 5.45 3.75 20.13 18.09 5.82 13.14 18.26 24.59 9.70 17.31 11.43
4.23 8.50 5.75 7.90 9.22 1.56 8.39 16.96 11.35 5.91 6.32 16.84 20.58 3.58 14.71 12.68
8.59 12.51 2.78 12.46 13.71 5.86 12.05 17.67 7.98 8.49 1.90 18.78 20.36 4.49 16.04 16.25
20.85 18.91 12.34 22.29 24.66 18.61 25.40 10.25 7.92 22.86 13.78 14.88 8.66 13.60 11.70 19.25
10.78 6.44 18.30 6.23 7.02 12.83 11.94 18.59 22.83 14.64 19.67 14.80 23.58 14.72 15.60 6.87
18.32 17.29 9.31 20.21 22.45 15.93 22.77 11.26 4.75 20.00 10.64 15.30 10.96 10.99 11.92 18.34
18.66 18.17 9.24 20.84 23.00 16.17 23.01 12.72 4.06 20.04 10.29 16.71 12.31 11.35 13.33 19.47
21.56 16.93 16.13 21.31 23.92 20.11 26.16 3.68 14.03 24.78 18.19 8.57 1.67 15.52 6.55 15.37
19.52 18.83 10.15 21.61 23.80 17.05 23.89 12.68 4.95 20.94 11.20 16.86 11.92 12.19 13.50 19.97
4.00 9.13 6.19 8.06 9.13 1.29 7.81 17.90 11.84 5.05 6.44 17.76 21.50 4.43 15.64 13.41
4.89 10.94 6.75 9.34 9.97 2.75 7.64 19.65 12.33 4.07 6.34 19.66 23.08 5.93 17.48 15.28
17.55 16.53 8.63 19.43 21.67 15.17 22.00 10.97 4.38 19.27 10.04 14.85 11.02 10.22 11.46 17.65
12.73 11.65 5.34 14.42 16.68 10.55 17.29 10.08 5.42 14.94 7.44 12.45 12.33 5.52 9.19 13.32
23.18 16.56 21.23 21.24 23.76 22.69 27.31 6.48 20.94 27.20 23.47 5.37 8.52 19.28 7.43 13.02
1.86 7.34 8.13 5.71 6.83 1.09 6.32 17.82 13.69 4.89 8.70 17.03 21.81 5.51 15.31 11.80
8.88 3.58 15.56 4.62 6.40 10.57 11.05 16.28 19.99 13.06 17.03 12.92 21.23 11.96 13.26 4.99
18.22 13.29 13.93 17.72 20.34 16.97 22.77 1.39 13.08 21.66 16.11 5.79 5.22 12.68 3.04 11.80
20.12 18.92 11.05 21.95 24.22 17.73 24.57 11.74 6.15 21.78 12.27 16.12 10.65 12.79 12.81 19.74
19.43 18.02 10.61 21.14 23.43 17.10 23.92 10.85 6.06 21.24 11.97 15.16 10.02 12.12 11.85 18.78
19.09 19.69 9.18 21.82 23.77 16.44 23.16 15.60 3.55 19.82 9.57 19.42 15.24 12.02 16.02 21.50
12.39 10.81 21.51 8.35 7.32 14.97 11.50 23.70 26.56 15.21 22.50 19.95 28.68 18.11 20.69 12.02
9.62 14.24 4.31 13.79 14.77 7.00 12.51 19.46 8.64 8.61 2.41 20.70 21.96 6.41 17.92 18.09
18.34 13.38 14.07 17.82 20.44 17.10 22.89 1.25 13.22 21.79 16.26 5.74 5.13 12.83 3.06 11.85
6.49 4.20 14.53 1.96 3.63 8.59 8.23 17.89 19.46 10.46 15.71 15.06 22.71 11.05 14.89 7.42
11.33 5.90 18.05 6.89 8.15 13.12 13.02 17.19 22.30 15.40 19.57 13.26 22.19 14.44 14.22 5.42
8.27 12.06 2.64 12.07 13.37 5.53 11.85 17.32 8.03 8.38 2.17 18.37 20.09 4.04 15.65 15.79
15.48 14.06 7.39 17.09 19.39 13.25 20.02 9.51 4.96 17.57 9.19 12.88 10.66 8.23 9.48 15.19
15.68 15.70 6.22 18.05 20.12 13.16 19.99 12.63 1.89 17.01 7.42 15.92 13.40 8.40 12.54 17.49
8.18 12.83 4.03 12.31 13.33 5.54 11.28 18.78 9.11 7.53 2.84 19.71 21.56 5.31 17.06 16.75
15.84 14.26 7.84 17.36 19.69 13.64 20.40 9.21 5.29 17.98 9.64 12.70 10.23 8.62 9.30 15.25
15.05 14.67 6.03 17.19 19.34 12.62 19.46 11.57 2.91 16.66 7.55 14.75 12.64 7.72 11.37 16.33
9.89 6.68 18.04 5.36 5.72 12.14 10.62 19.53 22.81 13.55 19.27 15.95 24.50 14.51 16.52 7.97
21.03 14.65 18.80 19.35 21.91 20.41 25.26 4.22 18.59 24.97 21.03 3.52 7.33 16.88 5.01 11.49
5.91 6.74 5.53 7.93 9.96 4.12 10.53 13.89 10.41 8.80 7.08 13.79 17.65 1.96 11.60 10.36
19.00 18.10 9.83 20.97 23.19 16.58 23.42 11.88 4.93 20.57 11.03 16.02 11.30 11.67 12.66 19.16
6.61 3.98 14.49 2.11 3.88 8.65 8.46 17.65 19.37 10.63 15.70 14.80 22.48 10.99 14.66 7.16
8.18 11.19 1.89 11.63 13.15 5.46 12.11 16.06 7.55 8.93 2.64 17.11 18.89 2.87 14.38 14.74
5.48 7.82 4.87 8.30 10.05 3.20 9.95 15.11 10.20 7.76 6.09 15.18 18.71 1.86 12.92 11.65
18.81 17.65 9.86 20.64 22.90 16.44 23.27 11.15 5.27 20.53 11.18 15.31 10.63 11.48 11.96 18.58
11.79 7.29 19.26 7.23 7.91 13.85 12.83 18.98 23.72 15.62 20.66 15.01 23.98 15.67 16.02 7.21
19.70 19.88 9.89 22.24 24.26 17.09 23.87 14.93 4.24 20.63 10.48 18.93 14.29 12.51 15.54 21.44
20.24 18.44 11.67 21.75 24.10 17.99 24.78 10.27 7.28 22.21 13.11 14.79 9.00 12.97 11.55 18.91
8.93 10.68 1.53 11.84 13.63 6.35 13.17 14.34 6.63 10.32 3.54 15.59 17.14 2.11 12.76 13.85
6.96 6.31 15.96 2.78 2.48 9.44 7.39 20.00 21.09 10.36 16.92 17.08 24.82 12.60 17.00 9.30
18.48 16.74 10.09 19.99 22.33 16.25 23.03 9.59 6.21 20.51 11.66 13.79 9.23 11.23 10.46 17.39
4.90 6.52 6.08 7.15 9.07 3.20 9.52 14.75 11.21 7.88 7.39 14.43 18.61 2.70 12.38 10.45
5.60 12.15 7.74 10.15 10.46 3.94 7.47 21.05 13.16 3.47 6.96 21.07 24.42 7.29 18.89 16.55
15.68 9.81 13.73 14.43 17.05 14.96 20.03 4.02 14.52 19.54 15.97 3.13 9.00 11.52 1.02 7.80
19.16 17.74 10.37 20.85 23.15 16.83 23.65 10.69 5.92 20.98 11.77 14.96 9.99 11.85 11.64 18.51
11.53 15.79 4.63 15.62 16.68 8.88 14.43 19.76 7.62 10.49 2.40 21.43 21.84 7.56 18.48 19.45
19.05 17.74 10.18 20.81 23.09 16.70 23.53 10.92 5.66 20.83 11.54 15.14 10.28 11.73 11.81 18.58
16.39 15.17 7.87 18.13 20.40 14.09 20.89 10.12 4.53 18.30 9.49 13.75 10.76 9.09 10.35 16.30
13.91 14.08 4.64 16.29 18.34 11.40 18.24 12.42 2.52 15.34 6.14 15.23 13.86 6.62 11.91 16.11
3.83 6.57 13.44 1.94 1.40 6.48 4.64 19.95 18.85 7.11 14.14 17.78 24.53 10.37 17.06 10.64
21.07 19.27 12.42 22.59 24.94 18.80 25.60 10.73 7.83 23.00 13.79 15.35 9.07 13.80 12.17 19.67
9.14 12.54 1.91 12.82 14.20 6.39 12.78 16.97 7.11 9.31 1.35 18.27 19.55 4.20 15.44 16.10
13.88 17.12 4.97 17.65 18.99 11.15 17.17 18.83 5.25 13.35 3.49 21.16 20.28 8.54 17.99 20.32
4.74 2.93 11.78 2.06 4.66 6.24 7.96 16.25 16.70 9.06 13.01 14.08 20.89 8.29 13.34 7.31
15.25 15.49 5.70 17.72 19.75 12.70 19.52 12.95 1.52 16.50 6.86 16.11 13.87 8.01 12.74 17.42
16.60 15.66 7.76 18.50 20.72 14.23 21.06 10.82 3.96 18.35 9.26 14.47 11.31 9.27 11.07 16.91
16.37 16.91 6.56 19.01 20.98 13.75 20.53 14.06 1.01 17.34 7.32 17.42 14.57 9.23 14.03 18.88
3.64 9.74 7.17 8.06 8.77 1.52 6.86 19.09 12.82 3.84 7.13 18.82 22.72 5.65 16.79 14.13
18.33 16.65 9.90 19.86 22.20 16.08 22.86 9.67 6.02 20.34 11.47 13.84 9.40 11.06 10.49 17.34
6.29 4.49 14.55 1.73 3.25 8.47 7.88 18.20 19.53 10.19 15.67 15.41 23.01 11.10 15.21 7.80
5.62 4.48 14.00 1.06 2.91 7.82 7.35 18.19 19.05 9.55 15.08 15.57 22.95 10.58 15.22 8.10
3.76 8.80 6.33 7.76 8.87 1.02 7.70 17.73 11.97 5.11 6.68 17.51 21.38 4.37 15.44 13.09
10.47 6.70 18.34 5.91 6.45 12.63 11.36 19.20 22.99 14.21 19.64 15.50 24.18 14.78 16.20 7.54
14.61 15.85 4.67 17.54 19.38 11.94 18.65 14.85 1.09 15.34 5.24 17.71 15.95 7.71 14.40 18.26
17.32 13.95 11.06 17.84 20.37 15.55 21.96 5.33 9.26 20.16 13.10 9.41 6.61 10.73 6.11 13.73
7.69 6.73 16.67 3.50 3.04 10.18 7.91 20.34 21.78 11.01 17.65 17.27 25.20 13.29 17.33 9.40
10.56 5.62 17.63 6.06 7.22 12.45 12.11 17.59 22.05 14.57 19.08 13.82 22.58 14.04 14.59 5.87
18.50 16.67 10.19 19.95 22.31 16.28 23.05 9.37 6.40 20.57 11.79 13.60 9.02 11.26 10.27 17.26
9.87 10.69 2.24 12.38 14.34 7.42 14.25 13.08 5.96 11.58 4.48 14.57 15.77 2.59 11.62 13.47
18.31 14.98 11.75 18.88 21.40 16.50 22.95 5.56 9.48 21.09 13.73 9.98 5.98 11.64 6.78 14.68
8.84 8.89 18.32 5.26 3.69 11.50 7.86 22.50 23.58 11.51 19.13 19.36 27.36 15.07 19.49 11.43
15.63 12.70 9.32 16.37 18.86 13.80 20.27 6.42 8.08 18.39 11.40 9.78 8.37 8.95 6.37 12.98
5.77 11.55 6.16 10.18 10.88 3.47 8.51 19.63 11.64 4.80 5.54 19.88 22.91 5.82 17.57 15.82
4.29 4.58 12.83 0.35 2.83 6.48 6.50 18.07 17.99 8.31 13.82 15.79 22.72 9.49 15.15 8.69
19.69 18.98 10.32 21.78 23.96 17.22 24.06 12.73 5.11 21.12 11.37 16.93 11.90 12.37 13.58 20.10
17.35 16.28 8.52 19.20 21.45 15.00 21.82 10.76 4.43 19.12 9.97 14.61 10.91 10.03 11.22 17.39
16.26 9.55 15.84 14.24 16.78 15.99 20.31 5.90 17.13 20.38 18.05 1.67 10.79 13.23 3.50 6.37
19.15 17.39 10.68 20.66 23.00 16.90 23.69 9.82 6.58 21.15 12.20 14.16 9.11 11.89 10.86 17.96
11.00 7.29 18.94 6.46 6.85 13.20 11.74 19.64 23.60 14.69 20.24 15.84 24.63 15.39 16.64 7.92
9.87 6.33 17.83 5.32 5.88 12.05 10.80 19.09 22.54 13.62 19.10 15.50 24.06 14.28 16.08 7.52
11.41 14.71 2.81 15.14 16.50 8.66 14.86 17.71 5.79 11.18 0.98 19.55 19.74 6.19 16.53 18.08
20.37 17.44 12.94 21.22 23.71 18.40 25.00 7.39 9.57 22.88 14.71 12.15 5.95 13.42 9.12 17.20
20.14 20.37 10.29 22.71 24.72 17.52 24.28 15.32 4.64 21.01 10.81 19.37 14.56 12.97 15.98 21.93
9.49 4.92 16.75 4.99 6.25 11.41 11.10 17.52 21.29 13.50 18.15 13.99 22.49 13.17 14.51 6.00
19.45 18.34 10.39 21.32 23.57 17.06 23.89 11.60 5.56 21.10 11.63 15.86 10.80 12.12 12.52 19.26
6.51 1.65 12.79 3.14 5.67 7.86 9.54 15.37 17.38 10.84 14.21 12.79 20.16 9.20 12.39 5.64
10.88 5.11 17.29 6.55 8.06 12.55 12.85 16.42 21.48 15.04 18.85 12.58 21.42 13.69 13.44 4.67
16.00 14.16 8.24 17.38 19.74 13.86 20.58 8.68 5.83 18.25 10.09 12.23 9.72 8.84 8.83 15.00
20.59 19.11 11.72 22.28 24.59 18.26 25.08 11.27 6.96 22.38 13.01 15.77 9.91 13.28 12.52 19.73
17.79 13.47 12.71 17.71 20.31 16.33 22.40 2.99 11.52 21.01 14.85 7.25 5.44 11.80 4.15 12.52
15.58 15.32 6.35 17.80 19.92 13.11 19.95 11.99 2.50 17.07 7.71 15.29 12.83 8.26 11.91 16.99
4.16 3.25 11.04 2.46 4.93 5.49 7.74 16.14 16.03 8.52 12.25 14.21 20.70 7.57 13.28 7.75
3.34 6.71 7.01 6.23 7.84 1.80 7.92 16.25 12.42 6.39 7.94 15.66 20.19 4.03 13.80 10.98
19.70 13.86 16.63 18.50 21.11 18.82 24.09 1.77 16.17 23.45 18.85 3.81 5.81 14.96 3.29 11.36
14.91 10.14 11.45 14.47 17.07 13.74 19.45 4.21 11.83 18.42 13.69 5.77 8.48 9.69 2.47 9.31
11.72 14.10 1.93 15.07 16.67 8.98 15.53 16.05 4.37 12.10 1.98 18.09 18.00 5.53 14.99 17.16
17.13 16.58 7.90 19.25 21.41 14.68 21.52 11.89 3.32 18.65 9.16 15.60 12.10 9.81 12.20 17.97
16.48 15.68 7.56 18.45 20.65 14.09 20.92 11.07 3.68 18.18 9.02 14.67 11.59 9.15 11.27 17.00
15.99 15.81 6.63 18.27 20.37 13.49 20.33 12.30 2.30 17.40 7.88 15.70 12.97 8.69 12.30 17.48
8.20 3.69 15.34 3.83 5.53 10.02 10.21 16.86 19.93 12.32 16.72 13.64 21.77 11.76 13.84 5.77
19.34 15.41 13.34 19.54 22.11 17.69 23.98 4.23 11.24 22.33 15.37 9.01 4.32 12.95 6.11 14.57
17.38 15.91 8.91 19.01 21.32 15.10 21.90 9.85 5.24 19.34 10.50 13.76 10.04 10.10 10.38 16.81
20.57 20.79 10.72 23.15 25.16 17.95 24.71 15.57 5.07 21.43 11.21 19.67 14.68 13.41 16.30 22.33
14.01 16.99 4.80 17.68 19.09 11.26 17.41 18.32 4.65 13.65 3.57 20.74 19.71 8.40 17.54 20.09
17.88 17.37 8.54 20.04 22.19 15.40 22.24 12.30 3.59 19.32 9.68 16.16 12.21 10.56 12.77 18.72
17.63 18.10 7.80 20.27 22.25 15.02 21.78 14.48 2.16 18.55 8.43 18.09 14.55 10.50 14.69 19.93
9.95 6.59 18.01 5.40 5.84 12.16 10.75 19.38 22.75 13.64 19.26 15.78 24.35 14.48 16.37 7.80
22.90 16.73 19.94 21.42 24.00 22.13 27.21 4.76 19.13 26.74 22.15 5.70 6.11 18.33 6.57 13.68
16.16 15.32 7.33 18.10 20.31 13.79 20.62 10.90 3.72 17.91 8.85 14.42 11.57 8.83 11.02 16.66
8.52 5.04 16.35 3.97 4.99 10.62 9.87 18.23 21.10 12.41 17.62 14.91 23.15 12.81 15.21 6.97
3.38 6.85 6.90 6.36 7.94 1.70 7.94 16.31 12.33 6.32 7.80 15.76 20.22 3.97 13.87 11.12
16.75 15.52 8.17 18.50 20.77 14.45 21.26 10.19 4.61 18.65 9.76 13.92 10.65 9.45 10.52 16.61
18.96 18.31 9.61 21.06 23.24 16.49 23.33 12.49 4.49 20.40 10.70 16.56 11.95 11.63 13.19 19.51
16.29 14.67 8.21 17.81 20.13 14.08 20.84 9.21 5.38 18.41 9.97 12.84 10.01 9.06 9.44 15.60
19.27 18.23 10.17 21.18 23.42 16.87 23.71 11.68 5.33 20.90 11.41 15.89 10.96 11.94 12.55 19.20
18.58 16.47 10.55 19.88 22.27 16.43 23.16 8.71 7.01 20.79 12.23 13.00 8.34 11.41 9.70 16.89
9.75 13.30 2.24 13.52 14.85 7.01 13.26 17.45 6.90 9.67 0.70 18.89 19.88 4.94 16.01 16.85
20.16 16.94 13.11 20.83 23.35 18.28 24.80 6.51 10.08 22.81 14.96 11.30 5.26 13.34 8.31 16.52
10.27 4.38 16.56 6.02 7.69 11.87 12.41 16.01 20.77 14.46 18.12 12.32 21.00 12.95 13.01 4.34
20.87 14.91 17.81 19.58 22.18 20.02 25.24 2.72 17.19 24.65 20.03 4.35 5.62 16.18 4.48 12.20
18.55 18.53 8.87 20.97 23.04 15.99 22.79 13.80 3.36 19.67 9.68 17.68 13.50 11.31 14.28 20.08
9.92 4.18 16.33 5.66 7.35 11.55 12.06 16.10 20.60 14.11 17.86 12.49 21.08 12.72 13.10 4.51
24.36 18.19 21.19 22.88 25.46 23.55 28.68 5.97 20.12 28.18 23.39 7.11 6.22 19.69 8.00 15.09
19.94 19.02 10.70 21.92 24.14 17.51 24.35 12.34 5.60 21.47 11.81 16.62 11.37 12.61 13.29 20.00
18.62 12.03 17.35 16.72 19.27 18.20 22.74 4.73 17.92 22.67 19.59 0.82 9.14 15.06 3.68 8.77
4.27 7.78 5.80 7.52 9.05 1.89 8.66 16.23 11.29 6.51 6.64 16.04 19.94 3.15 13.94 11.90
21.68 19.41 13.38 22.94 25.35 19.50 26.25 9.90 9.07 23.81 14.87 14.67 7.81 14.48 11.62 19.49
17.61 16.47 8.80 19.42 21.68 15.26 22.09 10.69 4.67 19.40 10.25 14.60 10.72 10.29 11.22 17.51
10.15 13.97 2.92 14.04 15.28 7.43 13.47 18.14 7.10 9.75 0.83 19.63 20.48 5.67 16.74 17.57
11.02 5.26 17.44 6.67 8.14 12.70 12.95 16.51 21.63 15.16 19.00 12.64 21.51 13.84 13.53 4.75
20.11 14.54 16.47 19.14 21.76 19.09 24.57 1.25 15.65 23.75 18.67 4.89 4.73 15.03 3.81 12.27
9.89 12.47 0.58 13.25 14.83 7.17 13.79 15.80 5.90 10.50 1.69 17.35 18.23 3.89 14.41 15.75
20.43 20.19 10.76 22.77 24.88 17.88 24.69 14.33 5.20 21.56 11.51 18.53 13.36 13.17 15.17 21.51
7.05 2.26 13.70 3.18 5.49 8.61 9.71 15.87 18.29 11.32 15.11 13.04 20.71 10.11 12.87 5.55
3.70 4.73 8.40 4.85 6.92 3.54 8.24 15.36 13.49 7.66 9.62 14.25 19.59 4.98 12.71 9.07
8.88 12.66 2.52 12.71 13.99 6.15 12.38 17.52 7.65 8.83 1.58 18.72 20.15 4.51 15.94 16.33
21.30 19.14 12.94 22.62 25.02 19.11 25.87 9.95 8.62 23.39 14.42 14.67 8.09 14.09 11.56 19.32
12.70 8.78 20.60 8.16 8.38 14.91 13.21 20.51 25.17 16.31 21.92 16.46 25.51 17.03 17.56 8.74
16.65 15.33 8.18 18.34 20.63 14.37 21.17 9.95 4.80 18.60 9.81 13.66 10.48 9.36 10.26 16.37
18.50 16.85 10.01 20.05 22.39 16.24 23.03 9.82 6.03 20.48 11.55 14.01 9.45 11.23 10.68 17.54
3.91 4.32 12.20 0.98 3.35 5.95 6.60 17.64 17.36 8.08 13.22 15.50 22.25 8.86 14.75 8.59
19.97 19.66 10.36 22.27 24.39 17.43 24.25 13.87 4.86 21.17 11.19 18.03 13.03 12.69 14.66 20.96
17.20 16.22 8.32 19.09 21.33 14.83 21.66 10.92 4.20 18.94 9.75 14.72 11.13 9.88 11.32 17.39
22.99 21.26 14.11 24.58 26.92 20.68 27.50 12.17 9.16 24.80 15.33 16.95 9.78 15.69 13.87 21.59
22.30 16.47 18.75 21.12 23.73 21.36 26.71 3.55 17.69 26.01 20.94 5.91 4.63 17.35 5.90 13.79
4.62 3.59 12.38 1.21 3.82 6.46 7.38 17.07 17.41 8.84 13.52 14.80 21.73 8.95 14.15 7.80
20.23 19.23 11.02 22.17 24.41 17.81 24.65 12.29 5.94 21.79 12.15 16.63 11.18 12.90 13.32 20.14
6.88 8.97 16.73 4.48 1.99 9.62 5.31 22.67 22.18 9.06 17.32 20.01 27.39 13.71 19.71 12.34
13.46 17.33 5.49 17.46 18.61 10.78 16.44 20.01 6.73 12.49 3.52 22.11 21.64 8.86 19.01 20.77
14.60 13.08 6.91 16.12 18.44 12.43 19.17 9.23 5.34 16.82 8.85 12.29 10.85 7.41 8.91 14.27
17.84 16.30 9.36 19.44 21.76 15.57 22.37 9.83 5.55 19.81 10.93 13.86 9.79 10.56 10.49 17.11
4.08 7.45 6.07 7.20 8.77 1.88 8.54 16.13 11.53 6.55 6.97 15.84 19.89 3.27 13.79 11.59
17.28 16.74 8.02 19.40 21.57 14.82 21.66 11.97 3.35 18.78 9.26 15.71 12.12 9.95 12.31 18.13
18.58 18.63 8.87 21.03 23.09 16.01 22.81 13.97 3.32 19.66 9.64 17.84 13.67 11.35 14.44 20.20
18.74 12.22 17.28 16.92 19.47 18.27 22.90 4.41 17.75 22.77 19.52 1.05 8.79 15.05 3.54 9.04
19.53 13.71 16.45 18.35 20.96 18.64 23.92 1.66 16.02 23.28 18.68 3.76 5.86 14.79 3.12 11.25
5.84 11.40 5.79 10.19 10.97 3.42 8.76 19.28 11.29 5.12 5.24 19.57 22.53 5.46 17.23 15.62
17.51 16.99 8.21 19.65 21.81 15.04 21.88 12.12 3.42 18.98 9.41 15.90 12.17 10.19 12.50 18.37
15.38 14.22 7.03 17.12 19.39 13.10 19.89 10.04 4.43 17.35 8.78 13.36 11.14 8.09 9.97 15.49
14.29 9.35 21.48 9.73 10.33 16.30 15.23 19.75 25.73 18.11 22.97 15.40 24.73 17.88 16.89 8.17
20.89 19.14 12.19 22.43 24.78 18.60 25.41 10.78 7.60 22.79 13.56 15.37 9.22 13.60 12.16 19.59
17.32 16.08 8.65 19.07 21.35 15.00 21.82 10.36 4.77 19.18 10.16 14.22 10.54 10.01 10.83 17.10
22.08 15.58 19.98 20.27 22.81 21.52 26.26 5.30 19.72 26.06 22.22 4.36 7.82 18.05 6.19 12.22
18.83 18.35 9.39 21.02 23.17 16.34 23.17 12.82 4.17 20.19 10.42 16.84 12.35 11.52 13.46 19.64
8.66 5.95 16.94 4.13 4.60 10.92 9.52 19.22 21.80 12.34 18.12 15.89 24.14 13.44 16.20 7.93
17.20 16.17 8.35 19.06 21.31 14.84 21.67 10.80 4.30 18.96 9.81 14.61 11.02 9.87 11.21 17.32
8.69 10.76 1.47 11.73 13.46 6.06 12.86 14.78 6.86 9.93 3.26 15.96 17.60 2.17 13.16 14.04
18.51 17.54 9.43 20.44 22.67 16.10 22.94 11.50 4.74 20.14 10.71 15.56 11.12 11.17 12.19 18.61
12.67 14.86 2.80 15.97 17.61 9.94 16.50 16.01 3.52 13.05 2.81 18.30 17.70 6.33 15.13 17.77
10.01 4.88 16.92 5.58 6.97 11.82 11.79 17.03 21.31 14.09 18.38 13.39 22.01 13.32 14.03 5.40
9.12 13.10 2.90 13.04 14.25 6.40 12.48 17.99 7.78 8.83 1.51 19.22 20.56 5.00 16.43 16.81
21.63 14.93 20.11 19.60 22.11 21.22 25.70 5.96 20.19 25.69 22.35 3.79 8.97 17.98 6.26 11.35
10.76 14.71 3.50 14.72 15.90 8.06 13.94 18.68 7.10 10.13 1.26 20.28 20.89 6.40 17.35 18.31
21.40 14.82 19.57 19.51 22.04 20.89 25.54 5.23 19.53 25.41 21.81 3.61 8.26 17.53 5.73 11.41
9.89 3.07 15.20 6.12 8.25 11.12 12.66 14.31 19.19 14.21 16.87 10.83 19.29 11.61 11.31 2.90
12.43 15.61 3.52 16.15 17.52 9.69 15.85 17.95 5.25 12.13 2.00 20.02 19.73 7.05 16.92 18.88
22.29 20.17 13.80 23.65 26.04 20.07 26.85 10.67 9.25 24.33 15.21 15.47 8.37 15.05 12.43 20.30
3.86 10.47 7.88 8.40 8.82 2.36 6.36 20.07 13.50 2.96 7.60 19.77 23.70 6.60 17.77 14.91
11.79 14.29 2.10 15.20 16.77 9.06 15.56 16.29 4.44 12.09 1.88 18.33 18.21 5.71 15.23 17.38
19.04 14.37 14.17 18.73 21.34 17.67 23.63 2.02 12.83 22.36 16.31 6.87 4.22 13.21 4.24 12.99
15.64 14.56 7.15 17.43 19.69 13.33 20.14 10.24 4.24 17.55 8.83 13.64 11.21 8.34 10.25 15.84
16.72 15.98 7.70 18.72 20.92 14.31 21.15 11.30 3.58 18.37 9.10 14.95 11.70 9.39 11.54 17.31
13.83 13.01 5.61 15.70 17.92 11.53 18.34 10.52 4.30 15.79 7.49 13.32 12.22 6.53 9.99 14.63
3.19 7.97 6.78 6.96 8.19 0.65 7.44 17.34 12.37 5.32 7.34 16.93 21.13 4.39 14.97 12.30
18.67 18.07 9.32 20.79 22.96 16.20 23.04 12.45 4.23 20.11 10.42 16.47 12.03 11.35 13.09 19.31
19.54 17.30 11.48 20.78 23.19 17.40 24.12 8.80 7.71 21.75 13.12 13.30 7.88 12.38 10.07 17.56
15.08 15.01 5.78 17.39 19.48 12.59 19.43 12.24 2.23 16.52 7.15 15.40 13.25 7.78 12.02 16.82
20.62 18.79 12.03 22.12 24.47 18.36 25.16 10.40 7.57 22.58 13.45 14.98 8.95 13.35 11.77 19.21
18.59 12.21 16.84 16.91 19.48 18.03 22.80 3.81 17.19 22.56 19.08 1.35 8.30 14.69 3.02 9.22
21.03 15.27 17.56 19.91 22.52 20.08 25.45 2.34 16.70 24.73 19.76 5.03 4.80 16.09 4.64 12.74
6.24 7.85 15.93 3.39 1.10 8.95 5.50 21.55 21.31 8.91 16.63 18.91 26.28 12.82 18.59 11.29
17.63 15.98 9.30 19.16 21.50 15.39 22.17 9.49 5.71 19.67 10.92 13.49 9.58 10.38 10.12 16.75
12.51 8.98 20.65 8.00 8.03 14.79 12.82 20.98 25.31 16.01 21.92 16.99 25.98 17.09 18.01 9.21
10.34 13.05 1.03 13.78 15.32 7.60 14.15 16.17 5.65 10.75 1.25 17.83 18.47 4.47 14.86 16.32
5.75 6.20 14.96 1.92 1.43 8.29 6.30 19.91 20.20 9.13 15.84 17.26 24.65 11.69 16.94 9.69
1.84 7.55 8.13 5.84 6.88 0.98 6.22 18.01 13.71 4.68 8.65 17.23 21.98 5.60 15.50 12.01
17.78 16.53 9.05 19.54 21.81 15.46 22.27 10.48 4.96 19.62 10.52 14.46 10.44 10.47 11.08 17.50
10.45 7.37 18.72 5.95 6.08 12.75 10.94 20.12 23.51 14.01 19.93 16.46 25.09 15.20 17.11 8.49
11.98 14.51 2.33 15.41 16.97 9.24 15.73 16.43 4.37 12.22 1.96 18.51 18.30 5.93 15.40 17.60
5.77 10.42 15.67 5.74 3.41 8.39 2.45 23.74 21.28 6.54 15.88 21.63 28.25 13.10 20.88 14.37
5.37 2.23 11.87 2.61 5.23 6.70 8.66 15.66 16.65 9.71 13.21 13.40 20.34 8.32 12.73 6.62
12.10 14.20 2.17 15.34 17.01 9.39 16.00 15.63 3.80 12.62 2.58 17.79 17.47 5.68 14.65 17.13
15.97 16.08 6.41 18.39 20.44 13.42 20.24 12.94 1.67 17.21 7.51 16.29 13.60 8.71 12.90 17.89
19.77 18.21 11.04 21.40 23.72 17.47 24.28 10.63 6.55 21.64 12.43 15.03 9.63 12.47 11.74 18.85
19.94 18.67 10.94 21.73 24.01 17.57 24.40 11.47 6.14 21.64 12.21 15.83 10.44 12.61 12.53 19.47
21.18 17.47 14.56 21.55 24.11 19.42 25.83 5.77 11.70 24.01 16.47 10.72 3.65 14.56 8.05 16.63
16.05 16.52 6.29 18.65 20.63 13.45 20.24 13.76 0.96 17.09 7.16 17.06 14.38 8.88 13.68 18.48
1.61 6.37 11.16 2.97 3.71 4.17 4.70 18.89 16.63 5.64 11.82 17.26 23.26 8.21 16.12 10.83
2.21 6.89 7.92 5.61 6.94 1.35 6.78 17.26 13.42 5.46 8.63 16.46 21.27 5.13 14.74 11.32
19.37 19.62 9.55 21.94 23.95 16.76 23.53 14.91 3.90 20.29 10.13 18.85 14.38 12.20 15.45 21.24
5.60 4.53 14.00 1.04 2.86 7.80 7.30 18.24 19.07 9.51 15.08 15.62 23.00 10.59 15.27 8.15
3.76 6.82 6.61 6.60 8.25 2.00 8.33 15.96 12.00 6.67 7.60 15.48 19.85 3.60 13.55 11.02
14.84 14.86 5.51 17.18 19.26 12.34 19.17 12.36 2.16 16.25 6.88 15.44 13.45 7.55 12.07 16.73
19.39 18.78 9.98 21.52 23.69 16.90 23.74 12.82 4.74 20.77 11.00 16.96 12.12 12.07 13.59 19.97
17.40 15.03 9.90 18.52 20.95 15.35 22.02 7.71 7.16 19.81 11.75 11.74 8.16 10.36 8.39 15.41
14.35 16.96 4.80 17.88 19.39 11.60 17.90 17.69 3.81 14.22 3.96 20.25 18.94 8.40 17.01 19.91
20.20 13.64 18.55 18.33 20.87 19.72 24.34 4.73 18.73 24.22 20.79 2.43 8.44 16.42 4.70 10.31
8.46 5.76 16.72 3.93 4.48 10.71 9.40 19.07 21.58 12.17 17.90 15.78 23.99 13.22 16.06 7.84
22.83 21.29 13.81 24.52 26.83 20.47 27.30 12.55 8.74 24.54 14.97 17.29 10.31 15.51 14.16 21.74
14.98 16.77 5.04 18.17 19.88 12.26 18.82 16.19 1.98 15.32 5.01 19.04 17.21 8.40 15.73 19.36
10.39 4.21 16.40 6.24 8.02 11.90 12.69 15.56 20.52 14.63 18.00 11.85 20.55 12.80 12.56 3.87
20.79 20.38 11.18 23.05 25.18 18.25 25.07 14.13 5.66 21.98 11.98 18.41 12.99 13.50 15.07 21.59
4.31 10.41 6.96 8.76 9.41 2.20 7.23 19.43 12.58 3.86 6.72 19.31 22.96 5.82 17.20 14.78
8.59 5.29 16.53 4.03 4.92 10.73 9.81 18.48 21.31 12.43 17.78 15.15 23.41 13.00 15.46 7.20
8.55 10.95 1.45 11.74 13.39 5.88 12.64 15.24 7.03 9.61 2.95 16.39 18.04 2.41 13.60 14.33
17.80 12.64 13.99 17.13 19.75 16.66 22.31 1.30 13.49 21.34 16.20 4.98 5.90 12.53 2.20 10.99
11.33 6.47 18.51 6.80 7.77 13.28 12.68 18.13 22.90 15.28 19.95 14.22 23.13 14.91 15.15 6.36
17.25 12.95 12.30 17.17 19.76 15.81 21.86 3.16 11.31 20.49 14.46 7.09 5.98 11.31 3.87 12.07
15.90 14.30 7.90 17.42 19.75 13.71 20.46 9.18 5.33 18.05 9.71 12.69 10.17 8.69 9.29 15.28
19.77 18.84 10.54 21.74 23.96 17.34 24.17 12.21 5.49 21.31 11.68 16.48 11.31 12.43 13.14 19.82
10.92 7.93 19.27 6.45 6.42 13.25 11.24 20.58 24.07 14.40 20.47 16.86 25.56 15.75 17.58 8.91
7.51 3.03 14.51 3.29 5.30 9.24 9.79 16.48 19.14 11.69 15.89 13.46 21.36 10.94 13.46 5.75
11.82 14.82 2.70 15.44 16.88 9.07 15.37 17.28 5.13 11.75 1.42 19.26 19.20 6.24 16.19 18.06
3.18 5.07 8.49 4.69 6.62 3.15 7.74 15.87 13.68 7.15 9.60 14.77 20.09 5.17 13.24 9.47
4.44 6.34 6.46 6.73 8.60 2.88 9.07 15.09 11.66 7.54 7.69 14.63 19.00 3.15 12.67 10.39
21.86 21.00 12.45 23.90 26.11 19.39 26.23 13.64 7.08 23.26 13.39 18.15 12.00 14.53 14.88 21.89
18.51 17.71 9.32 20.52 22.73 16.08 22.92 11.88 4.46 20.06 10.52 15.92 11.51 11.18 12.54 18.85
15.08 14.64 6.09 17.20 19.35 12.65 19.49 11.47 3.00 16.71 7.63 14.66 12.54 7.75 11.28 16.28
2.66 9.30 8.18 7.18 7.73 1.48 5.82 19.43 13.83 3.22 8.22 18.88 23.23 6.34 17.02 13.77
21.05 20.46 11.54 23.22 25.39 18.55 25.38 13.81 6.09 22.35 12.41 18.16 12.52 13.75 14.84 21.54
6.51 11.67 5.04 10.76 11.66 3.95 9.58 18.91 10.49 5.95 4.40 19.40 22.03 5.10 16.96 15.79
17.84 11.92 15.34 16.57 19.18 17.05 22.19 2.43 15.47 21.66 17.58 2.65 7.34 13.41 1.54 9.53
20.18 19.57 10.72 22.33 24.49 17.69 24.52 13.25 5.37 21.52 11.67 17.50 12.26 12.86 14.15 20.70
21.77 15.83 18.50 20.50 23.10 20.89 26.15 3.29 17.66 25.53 20.71 5.19 5.20 16.98 5.37 13.09
5.25 8.33 4.81 8.44 10.03 2.75 9.58 15.81 10.31 7.18 5.77 15.91 19.35 2.31 13.64 12.27
21.50 14.82 19.95 19.49 22.00 21.08 25.59 5.80 20.03 25.55 22.19 3.67 8.87 17.83 6.10 11.27
11.44 14.41 2.32 15.03 16.49 8.69 15.05 17.05 5.25 11.46 1.13 18.95 19.07 5.83 15.91 17.67
15.60 10.62 22.78 11.05 11.56 17.63 16.43 20.51 26.97 19.39 24.28 16.01 25.46 19.17 17.70 9.12
5.58 5.15 14.33 1.16 2.29 7.93 6.89 18.86 19.47 9.32 15.33 16.23 23.61 10.97 15.89 8.73
17.76 16.40 9.12 19.46 21.75 15.46 22.27 10.23 5.16 19.65 10.64 14.22 10.21 10.46 10.84 17.32
18.93 18.34 9.54 21.07 23.23 16.45 23.29 12.63 4.38 20.34 10.60 16.69 12.11 11.61 13.31 19.58
18.11 17.57 8.76 20.25 22.41 15.63 22.47 12.34 3.77 19.54 9.89 16.25 12.15 10.79 12.85 18.89
14.60 11.25 9.26 15.06 17.58 12.95 19.24 5.99 8.95 17.60 11.44 8.66 8.86 8.30 5.29 11.45
4.82 8.11 5.23 8.05 9.61 2.35 9.17 16.02 10.74 6.85 6.13 16.00 19.63 2.68 13.80 12.14
16.18 15.82 6.92 18.37 20.50 13.71 20.55 11.98 2.69 17.66 8.23 15.44 12.58 8.86 12.05 17.40
17.21 16.50 8.10 19.24 21.43 14.79 21.62 11.54 3.67 18.81 9.42 15.29 11.72 9.88 11.89 17.80
16.55 15.22 8.11 18.24 20.52 14.27 21.07 9.91 4.79 18.51 9.75 13.60 10.49 9.26 10.19 16.27
6.78 11.95 5.01 11.04 11.93 4.24 9.79 19.05 10.40 6.09 4.25 19.61 22.12 5.27 17.14 16.06
10.15 13.40 1.85 13.81 15.22 7.40 13.75 17.07 6.31 10.21 0.43 18.63 19.40 4.92 15.70 16.84
18.82 18.18 9.48 20.93 23.10 16.35 23.19 12.44 4.39 20.26 10.58 16.49 11.95 11.50 13.11 19.39
19.38 18.87 9.92 21.57 23.72 16.89 23.72 13.03 4.62 20.73 10.90 17.15 12.35 12.07 13.78 20.10
10.67 14.17 2.61 14.46 15.77 7.93 14.09 17.77 6.40 10.42 0.39 19.42 19.98 5.73 16.46 17.65
15.88 10.58 12.90 15.07 17.70 14.89 20.35 3.21 13.22 19.54 15.14 4.40 7.95 11.03 1.02 9.09
7.85 6.14 16.51 3.44 3.55 10.23 8.47 19.68 21.52 11.38 17.58 16.54 24.56 13.08 16.66 8.65
20.52 16.92 13.86 20.96 23.50 18.74 25.16 5.69 11.07 23.32 15.77 10.59 4.21 13.87 7.77 16.22
18.23 18.06 8.64 20.56 22.66 15.69 22.51 13.27 3.29 19.45 9.57 17.13 13.07 10.95 13.73 19.55
19.77 18.79 10.59 21.71 23.95 17.35 24.19 12.07 5.59 21.35 11.75 16.35 11.15 12.44 13.02 19.74
20.09 18.83 11.08 21.89 24.17 17.72 24.55 11.56 6.24 21.79 12.33 15.94 10.46 12.77 12.65 19.62
6.09 7.95 4.47 8.74 10.57 3.82 10.57 14.60 9.67 8.37 5.87 14.82 18.13 1.24 12.47 11.62
19.41 19.68 9.58 21.99 24.00 16.80 23.57 14.98 3.93 20.31 10.14 18.92 14.45 12.25 15.53 21.31
11.95 5.82 18.00 7.66 9.18 13.54 13.98 16.15 22.01 16.13 19.63 12.09 21.15 14.41 13.21 4.40
18.79 18.19 9.42 20.91 23.08 16.31 23.15 12.52 4.30 20.21 10.50 16.56 12.06 11.46 13.18 19.42
8.93 11.19 1.09 12.09 13.76 6.27 13.03 15.08 6.63 9.99 2.83 16.34 17.80 2.61 13.51 14.48
20.26 13.50 19.11 18.16 20.67 19.92 24.30 5.74 19.53 24.35 21.35 2.47 9.47 16.84 5.36 9.92
16.60 15.95 7.53 18.65 20.83 14.18 21.02 11.45 3.38 18.21 8.91 15.06 11.90 9.27 11.66 17.33
20.58 18.63 12.10 22.00 24.37 18.34 25.13 10.07 7.76 22.60 13.57 14.66 8.61 13.33 11.47 18.98
20.24 19.96 10.60 22.56 24.67 17.70 24.51 14.11 5.07 21.40 11.39 18.29 13.18 12.97 14.93 21.26
18.74 12.26 17.18 16.96 19.52 18.24 22.91 4.23 17.61 22.75 19.42 1.16 8.62 14.98 3.41 9.14
20.74 15.86 15.82 20.31 22.92 19.40 25.31 2.44 14.17 24.09 17.94 7.32 2.66 14.95 5.35 14.16
7.68 4.38 15.46 3.15 4.52 9.73 9.29 17.82 20.25 11.65 16.72 14.70 22.71 11.93 14.80 6.86
11.69 7.62 19.45 7.13 7.59 13.84 12.48 19.59 24.01 15.41 20.79 15.67 24.59 15.87 16.62 7.83
6.13 7.94 15.86 3.43 1.02 8.84 5.30 21.63 21.25 8.74 16.53 19.02 26.34 12.76 18.67 11.42
17.05 14.84 9.43 18.26 20.66 14.96 21.65 8.03 6.72 19.39 11.27 11.95 8.63 9.96 8.58 15.37
19.38 19.32 9.68 21.80 23.87 16.81 23.62 14.17 4.11 20.47 10.42 18.18 13.58 12.14 14.79 20.79
19.74 19.30 10.21 21.97 24.11 17.23 24.06 13.41 4.81 21.02 11.13 17.56 12.61 12.44 14.20 20.54
21.71 20.59 12.47 23.61 25.86 19.28 26.12 12.89 7.26 23.24 13.53 17.43 11.20 14.37 14.19 21.34
9.13 2.58 14.77 5.33 7.49 10.44 11.87 14.70 18.93 13.44 16.38 11.40 19.65 11.17 11.69 3.57
1.40 5.98 10.14 3.47 4.70 3.35 5.55 18.00 15.57 5.76 10.89 16.58 22.31 7.13 15.29 10.49
15.11 15.01 5.82 17.40 19.49 12.62 19.46 12.19 2.29 16.55 7.20 15.35 13.20 7.80 11.98 16.80
17.58 16.43 8.79 19.39 21.65 15.24 22.06 10.65 4.68 19.38 10.25 14.56 10.69 10.26 11.17 17.47
15.94 13.85 8.49 17.19 19.58 13.87 20.55 8.13 6.35 18.31 10.41 11.68 9.32 8.87 8.28 14.57
15.44 11.44 10.67 15.52 18.09 13.97 20.06 4.56 10.30 18.65 12.86 7.40 7.81 9.49 4.00 11.06
2.77 6.00 12.18 1.96 2.66 5.31 4.88 19.05 17.58 6.56 12.93 17.13 23.55 9.11 16.21 10.32
5.36 11.93 7.77 9.91 10.22 3.73 7.27 20.94 13.24 3.32 7.07 20.92 24.36 7.21 18.76 16.34
14.28 14.41 4.97 16.66 18.72 11.78 18.61 12.43 2.31 15.69 6.41 15.35 13.72 7.00 12.01 16.38
22.08 19.04 14.53 22.88 25.39 20.10 26.71 8.13 10.83 24.57 16.24 13.05 5.51 15.12 10.24 18.59
19.65 18.92 10.29 21.73 23.91 17.18 24.02 12.66 5.10 21.08 11.35 16.87 11.85 12.32 13.51 20.03
6.69 11.76 4.87 10.91 11.84 4.11 9.78 18.84 10.30 6.14 4.21 19.38 21.93 5.05 16.92 15.86
3.46 7.63 13.38 3.12 1.93 6.20 3.44 20.81 18.90 6.11 13.89 18.81 25.31 10.52 17.96 11.80
21.92 20.93 12.58 23.89 26.12 19.47 26.31 13.36 7.27 23.38 13.57 17.89 11.65 14.59 14.65 21.75
3.93 11.31 10.83 8.05 7.57 4.46 3.81 22.37 16.44 0.47 10.45 21.56 26.23 9.34 19.88 15.83
19.14 17.98 10.15 20.98 23.24 16.76 23.59 11.32 5.45 20.84 11.44 15.54 10.65 11.81 12.19 18.89
20.93 15.37 17.10 19.97 22.59 19.88 25.39 1.94 16.05 24.55 19.29 5.52 4.14 15.76 4.64 13.05
16.36 15.50 7.50 18.29 20.51 13.98 20.81 10.93 3.76 18.09 8.99 14.50 11.51 9.03 11.10 16.82
10.13 14.36 3.71 14.17 15.28 7.45 13.21 18.93 7.79 9.38 1.63 20.35 21.30 6.24 17.49 18.07
9.06 9.64 2.95 11.38 13.40 6.72 13.53 12.83 6.98 11.07 5.11 13.98 15.83 1.73 11.17 12.50
7.18 5.08 15.52 2.63 3.53 9.42 8.37 18.69 20.47 10.95 16.65 15.69 23.55 12.05 15.69 7.89
21.90 21.28 12.35 24.07 26.24 19.38 26.21 14.30 6.85 23.16 13.17 18.75 12.74 14.59 15.46 22.31
19.55 18.90 10.16 21.67 23.84 17.07 23.91 12.79 4.93 20.95 11.19 16.96 12.03 12.23 13.61 20.05
17.71 16.42 9.02 19.45 21.73 15.39 22.21 10.37 5.00 19.57 10.52 14.34 10.37 10.40 10.95 17.38
8.50 2.10 14.27 4.77 7.01 9.82 11.30 14.82 18.53 12.81 15.84 11.69 19.74 10.67 11.80 4.00
11.83 5.90 18.09 7.49 8.92 13.48 13.75 16.50 22.17 15.98 19.69 12.47 21.51 14.49 13.56 4.74
21.17 15.54 17.41 20.16 22.78 20.14 25.62 2.23 16.37 24.81 19.60 5.52 4.22 16.05 4.84 13.14
20.50 15.73 15.46 20.14 22.76 19.13 25.08 2.51 13.77 23.81 17.57 7.46 2.79 14.63 5.32 14.14
11.51 5.09 17.24 7.37 9.09 12.97 13.80 15.38 21.18 15.76 18.90 11.42 20.38 13.64 12.43 3.61
18.33 18.07 8.80 20.62 22.73 15.81 22.63 13.10 3.49 19.60 9.76 16.99 12.85 11.04 13.59 19.50
10.64 6.24 18.11 6.09 6.95 12.67 11.86 18.42 22.63 14.53 19.49 14.65 23.41 14.52 15.42 6.71
18.60 17.32 9.78 20.36 22.64 16.27 23.09 10.75 5.39 20.40 11.18 14.90 10.32 11.29 11.54 18.20
19.05 12.55 17.48 17.24 19.80 18.56 23.21 4.31 17.85 23.06 19.72 1.39 8.57 15.29 3.68 9.37
19.54 19.01 10.08 21.72 23.87 17.04 23.88 13.07 4.77 20.88 11.05 17.22 12.33 12.23 13.85 20.22
17.85 14.61 11.30 18.46 20.98 16.04 22.50 5.68 9.15 20.62 13.29 9.95 6.40 11.17 6.69 14.41
7.78 4.34 15.50 3.25 4.64 9.80 9.41 17.75 20.27 11.75 16.77 14.61 22.64 11.96 14.73 6.76
17.86 16.85 8.89 19.75 21.99 15.47 22.31 11.11 4.49 19.56 10.26 15.06 11.03 10.53 11.67 17.95
3.06 8.27 6.96 7.03 8.14 0.33 7.16 17.75 12.58 4.91 7.39 17.33 21.53 4.72 15.38 12.63
16.31 10.89 13.37 15.43 18.05 15.35 20.77 2.84 13.61 20.00 15.61 4.07 7.68 11.51 0.67 9.23
17.34 16.48 8.33 19.29 21.51 14.94 21.77 11.24 4.01 19.00 9.70 15.05 11.38 10.01 11.66 17.69
17.71 17.93 7.96 20.23 22.25 15.12 21.91 13.96 2.41 18.75 8.73 17.64 13.99 10.51 14.24 19.66
21.98 21.90 12.19 24.43 26.49 19.38 26.17 15.74 6.54 22.93 12.74 20.07 14.35 14.76 16.73 23.21
22.06 15.50 20.10 20.19 22.72 21.54 26.21 5.51 19.91 26.06 22.34 4.29 8.12 18.12 6.28 12.08
20.29 20.73 10.39 22.97 24.94 17.65 24.38 15.95 4.75 21.04 10.78 19.96 15.20 13.19 16.57 22.40
16.18 14.94 7.72 17.90 20.18 13.89 20.69 10.03 4.56 18.12 9.38 13.60 10.77 8.88 10.19 16.08
7.50 11.13 2.82 11.19 12.56 4.75 11.26 16.83 8.43 7.99 2.98 17.68 19.78 3.27 15.05 14.89
21.59 20.27 12.49 23.38 25.66 19.20 26.04 12.32 7.43 23.23 13.64 16.89 10.61 14.26 13.67 20.93
9.87 14.39 4.19 14.01 15.02 7.24 12.80 19.38 8.38 8.91 2.20 20.69 21.82 6.46 17.88 18.20
19.17 19.23 9.42 21.64 23.69 16.58 23.38 14.35 3.82 20.20 10.12 18.30 13.86 11.95 14.91 20.78
18.41 13.18 14.55 17.69 20.31 17.28 22.91 0.69 13.90 21.96 16.75 5.01 5.41 13.13 2.59 11.41
15.31 11.35 10.52 15.41 17.98 13.83 19.93 4.71 10.19 18.51 12.71 7.49 7.95 9.34 4.09 11.03
7.17 4.93 15.43 2.62 3.64 9.39 8.46 18.53 20.37 10.99 16.58 15.53 23.39 11.96 15.53 7.74
4.55 4.14 12.77 0.60 3.22 6.61 6.94 17.67 17.87 8.66 13.84 15.35 22.34 9.38 14.74 8.24
17.91 17.11 8.78 19.91 22.12 15.49 22.33 11.62 4.13 19.50 10.05 15.54 11.51 10.58 12.15 18.31
4.99 10.73 6.26 9.36 10.12 2.62 8.01 19.16 11.85 4.55 5.94 19.24 22.57 5.42 17.02 15.02
10.64 5.21 17.34 6.23 7.62 12.40 12.45 16.88 21.63 14.74 18.85 13.10 21.88 13.73 13.89 5.16
21.42 20.93 11.83 23.65 25.80 18.89 25.72 14.31 6.31 22.63 12.63 18.68 12.93 14.13 15.36 22.05
17.46 15.91 9.05 19.05 21.37 15.20 21.99 9.68 5.44 19.46 10.66 13.63 9.85 10.19 10.25 16.76
18.53 16.63 10.29 19.95 22.31 16.33 23.09 9.22 6.55 20.64 11.90 13.46 8.86 11.31 10.14 17.18
22.01 21.93 12.23 24.46 26.53 19.42 26.20 15.74 6.58 22.97 12.78 20.08 14.34 14.79 16.74 23.23
6.33 6.24 15.44 2.30 1.88 8.84 6.80 19.96 20.63 9.70 16.36 17.19 24.75 12.13 16.98 9.51
21.44 20.23 12.28 23.29 25.55 19.03 25.87 12.48 7.17 23.04 13.40 17.02 10.87 14.11 13.78 20.95
17.75 16.79 8.77 19.67 21.90 15.36 22.20 11.18 4.36 19.44 10.12 15.10 11.14 10.42 11.71 17.93
8.52 11.74 1.84 12.09 13.54 5.78 12.32 16.47 7.39 9.01 2.11 17.61 19.21 3.43 14.85 15.31
24.40 24.25 14.58 26.84 28.92 21.80 28.56 17.28 8.92 25.28 15.03 21.82 15.26 17.18 18.56 25.41
6.05 3.95 14.03 1.57 3.57 8.10 8.00 17.67 18.98 10.08 15.20 14.96 22.46 10.56 14.68 7.44
12.15 16.13 4.56 16.16 17.30 9.47 15.17 19.49 6.94 11.26 2.41 21.34 21.41 7.74 18.33 19.67
18.79 17.57 9.89 20.59 22.86 16.44 23.26 11.00 5.36 20.54 11.24 15.17 10.48 11.47 11.82 18.48
21.25 19.47 12.55 22.78 25.13 18.96 25.77 10.91 7.91 23.15 13.90 15.55 9.18 13.96 12.37 19.88
8.94 11.68 1.14 12.32 13.88 6.22 12.87 15.82 6.78 9.66 2.18 17.09 18.49 3.17 14.27 15.09
19.19 13.21 16.48 17.87 20.48 18.39 23.53 2.20 16.29 23.00 18.72 3.05 6.57 14.67 2.84 10.61
18.87 15.26 12.54 19.27 21.82 17.13 23.51 4.95 10.32 21.74 14.54 9.57 5.15 12.31 6.50 14.70
11.40 12.05 2.55 13.92 15.90 8.90 15.74 12.89 4.44 12.91 4.59 14.91 15.13 4.15 11.79 14.57
20.31 18.79 11.49 21.97 24.29 17.99 24.81 11.03 6.82 22.13 12.82 15.50 9.78 13.00 12.23 19.42
15.97 9.59 14.88 14.28 16.86 15.50 20.15 4.95 15.97 19.98 17.11 1.99 9.93 12.43 2.31 6.92
16.34 15.89 7.14 18.49 20.64 13.89 20.73 11.82 2.91 17.87 8.47 15.33 12.36 9.01 11.93 17.40
6.42 9.89 3.59 9.95 11.39 3.70 10.42 16.36 9.23 7.47 4.22 16.88 19.58 2.54 14.40 13.73
3.32 7.70 6.68 6.87 8.22 0.97 7.68 16.99 12.23 5.66 7.34 16.57 20.80 4.13 14.61 11.99
13.62 8.91 20.99 9.06 9.61 15.68 14.50 19.76 25.33 17.41 22.43 15.51 24.75 17.39 16.86 8.07
17.82 18.31 7.97 20.48 22.45 15.20 21.96 14.64 2.32 18.70 8.56 18.28 14.66 10.70 14.88 20.15
8.45 12.99 3.85 12.55 13.60 5.79 11.57 18.71 8.85 7.83 2.56 19.72 21.44 5.33 17.03 16.88
16.53 16.90 6.80 19.10 21.10 13.94 20.74 13.72 1.38 17.59 7.65 17.15 14.17 9.35 13.76 18.77
19.81 19.16 10.40 21.93 24.11 17.33 24.16 12.94 5.12 21.20 11.40 17.15 12.08 12.49 13.80 20.30
19.69 15.99 13.30 20.05 22.60 17.96 24.33 5.01 10.87 22.57 15.28 9.81 4.45 13.13 6.90 15.29
17.85 19.24 7.89 20.93 22.71 15.14 21.71 16.80 2.88 18.19 7.85 20.24 16.96 11.11 16.85 21.49
20.32 19.30 11.12 22.25 24.49 17.90 24.74 12.29 6.04 21.88 12.25 16.65 11.14 12.99 13.34 20.20
17.65 14.11 11.52 18.08 20.62 15.93 22.29 4.94 9.72 20.55 13.57 9.16 6.15 11.14 5.91 13.74
9.13 4.47 16.30 4.68 6.10 11.01 10.90 17.20 20.83 13.19 17.70 13.75 22.16 12.71 14.19 5.78
20.28 18.00 12.17 21.51 23.93 18.14 24.87 9.04 8.22 22.49 13.77 13.67 7.69 13.12 10.50 18.17
17.82 15.84 9.79 19.18 21.55 15.66 22.40 8.76 6.45 20.01 11.50 12.86 8.82 10.64 9.51 16.41
22.04 20.26 13.27 23.59 25.94 19.75 26.56 11.40 8.49 23.91 14.58 16.12 9.35 14.75 12.99 20.62
11.49 4.23 15.73 7.98 10.18 12.44 14.51 12.91 19.26 15.84 17.56 9.10 17.91 12.22 9.94 1.14
18.43 18.29 8.81 20.78 22.87 15.88 22.70 13.47 3.39 19.62 9.70 17.35 13.20 11.16 13.95 19.79
22.32 22.33 12.49 24.81 26.86 19.71 26.48 16.19 6.84 23.20 12.98 20.53 14.75 15.12 17.20 23.67
4.26 9.89 6.41 8.55 9.41 1.78 7.63 18.67 12.06 4.51 6.37 18.59 22.20 5.07 16.45 14.21
14.95 14.74 5.78 17.18 19.29 12.48 19.32 11.92 2.57 16.47 7.24 15.05 13.00 7.63 11.68 16.50
19.48 18.77 10.13 21.56 23.75 17.01 23.85 12.61 4.96 20.92 11.19 16.78 11.86 12.15 13.42 19.90
21.12 14.84 18.68 19.53 22.10 20.44 25.38 3.93 18.35 25.02 20.91 3.78 6.90 16.84 4.97 11.77
13.79 9.09 21.17 9.22 9.74 15.85 14.63 19.90 25.51 17.56 22.61 15.63 24.89 17.57 17.00 8.23
7.57 6.50 5.94 8.79 11.08 6.00 12.21 11.98 9.96 10.69 7.87 12.03 15.79 2.58 9.72 9.43
18.78 18.48 9.23 21.06 23.18 16.25 23.08 13.26 3.86 20.03 10.16 17.23 12.84 11.49 13.84 19.88
20.65 18.67 12.19 22.06 24.44 18.42 25.20 10.03 7.86 22.68 13.66 14.64 8.53 13.41 11.46 19.00
18.74 17.59 9.79 20.57 22.83 16.37 23.20 11.14 5.21 20.46 11.12 15.29 10.66 11.41 11.93 18.53
17.32 17.06 7.87 19.59 21.71 14.82 21.65 12.63 2.86 18.67 8.97 16.33 12.77 10.03 12.93 18.58
16.68 17.41 6.79 19.43 21.35 14.04 20.78 14.64 1.14 17.51 7.38 18.02 15.05 9.62 14.63 19.44
22.02 17.35 16.57 21.75 24.36 20.57 26.62 3.98 14.40 25.25 18.62 8.79 1.21 15.98 6.90 15.72
19.59 18.48 10.52 21.46 23.72 17.20 24.04 11.66 5.66 21.24 11.75 15.94 10.80 12.26 12.61 19.38
18.04 17.04 9.05 19.94 22.18 15.65 22.49 11.21 4.56 19.72 10.39 15.19 11.03 10.71 11.80 18.13
21.32 15.40 18.08 20.07 22.67 20.43 25.70 2.90 17.31 25.08 20.29 4.85 5.25 16.53 4.92 12.71
3.63 4.16 11.63 1.55 3.84 5.49 6.73 17.26 16.78 7.90 12.68 15.26 21.83 8.28 14.39 8.55
22.74 16.06 20.97 20.73 23.24 22.28 26.83 6.41 20.82 26.77 23.21 4.90 8.78 18.95 7.13 12.48
3.50 9.38 7.02 7.83 8.65 1.16 6.98 18.71 12.68 4.14 7.10 18.42 22.37 5.33 16.40 13.75
20.04 19.47 10.57 22.21 24.37 17.55 24.38 13.26 5.22 21.38 11.52 17.49 12.33 12.73 14.14 20.63
18.75 17.28 10.08 20.41 22.72 16.45 23.26 10.35 5.82 20.64 11.53 14.56 9.85 11.46 11.22 18.04
18.96 18.96 9.25 21.40 23.46 16.39 23.19 14.07 3.69 20.04 10.01 18.01 13.64 11.73 14.62 20.49
22.16 21.69 12.53 24.41 26.55 19.62 26.44 14.86 6.96 23.32 13.26 19.30 13.27 14.88 16.00 22.79
11.86 5.25 17.32 7.78 9.56 13.24 14.24 15.03 21.16 16.13 19.03 11.00 20.03 13.75 12.10 3.29
11.22 14.48 2.59 14.93 16.31 8.47 14.71 17.54 5.80 11.05 0.78 19.35 19.62 5.96 16.34 17.86
8.47 3.03 15.00 4.32 6.29 10.07 10.82 15.94 19.43 12.69 16.47 12.71 20.87 11.40 12.92 4.86
7.88 5.58 16.25 3.36 3.93 10.16 8.83 19.06 21.18 11.58 17.39 15.90 23.95 12.78 16.05 8.01
17.08 17.02 7.52 19.44 21.52 14.54 21.36 13.01 2.37 18.33 8.53 16.62 13.25 9.81 13.22 18.66
17.91 17.41 8.55 20.07 22.22 15.43 22.27 12.35 3.58 19.33 9.68 16.21 12.24 10.59 12.81 18.77
21.83 20.02 13.10 23.36 25.71 19.55 26.35 11.19 8.38 23.72 14.43 15.90 9.21 14.55 12.76 20.38
21.81 15.46 19.40 20.15 22.72 21.16 26.05 4.55 19.01 25.73 21.63 4.31 7.07 17.56 5.70 12.28
15.95 12.13 10.72 16.16 18.72 14.39 20.58 4.63 9.96 19.05 12.88 7.92 7.39 9.79 4.52 11.80
11.29 14.47 2.51 14.97 16.36 8.54 14.81 17.41 5.64 11.17 0.86 19.25 19.47 5.93 16.22 17.81
20.95 14.29 19.40 18.97 21.49 20.51 25.04 5.42 19.55 24.99 21.64 3.11 8.76 17.27 5.56 10.81
7.29 1.99 13.67 3.52 5.85 8.75 10.04 15.53 18.18 11.58 15.12 12.67 20.38 10.07 12.53 5.19
20.97 16.92 14.83 21.12 23.70 19.33 25.61 4.73 12.33 23.96 16.81 9.70 2.94 14.56 7.16 15.85
17.22 11.90 13.83 16.42 19.04 16.17 21.70 1.86 13.66 20.84 16.06 4.38 6.68 12.18 1.39 10.19
19.07 19.27 9.28 21.61 23.63 16.47 23.25 14.62 3.64 20.03 9.91 18.53 14.18 11.89 15.13 20.89
16.07 15.14 7.34 17.96 20.19 13.72 20.55 10.66 3.92 17.87 8.91 14.17 11.39 8.75 10.77 16.44
19.84 18.85 10.65 21.78 24.01 17.42 24.26 12.10 5.63 21.41 11.81 16.39 11.16 12.50 13.06 19.80
9.19 6.94 17.77 4.77 4.71 11.57 9.57 20.18 22.71 12.66 18.89 16.78 25.11 14.31 17.16 8.80
17.87 17.25 8.60 19.97 22.14 15.41 22.25 12.05 3.77 19.36 9.79 15.92 11.96 10.54 12.53 18.55
20.86 20.87 11.07 23.33 25.39 18.26 25.04 15.23 5.42 21.81 11.65 19.42 14.20 13.65 16.06 22.29
17.77 17.54 8.25 20.06 22.17 15.25 22.07 12.92 3.06 19.06 9.27 16.70 12.88 10.48 13.30 19.04
19.41 12.69 18.32 17.36 19.88 19.06 23.46 5.39 18.86 23.50 20.55 1.61 9.48 16.00 4.64 9.20
18.72 17.56 9.77 20.55 22.81 16.35 23.18 11.13 5.19 20.44 11.10 15.27 10.66 11.39 11.92 18.51
3.43 9.88 7.69 7.94 8.50 1.75 6.38 19.54 13.34 3.31 7.59 19.18 23.21 6.17 17.21 14.31
17.76 17.59 8.21 20.09 22.18 15.23 22.06 13.05 2.96 19.02 9.20 16.82 13.02 10.48 13.42 19.12
21.09 14.74 18.77 19.44 22.00 20.44 25.32 4.13 18.52 25.01 21.01 3.63 7.17 16.89 5.02 11.61
18.57 17.86 9.29 20.63 22.82 16.11 22.95 12.15 4.33 20.06 10.45 16.17 11.76 11.24 12.79 19.06
5.28 5.41 14.21 1.07 1.93 7.70 6.48 19.09 19.40 8.94 15.16 16.54 23.82 10.90 16.14 9.09
19.23 17.39 10.83 20.69 23.05 17.00 23.78 9.65 6.77 21.27 12.36 14.02 8.91 11.98 10.74 17.91
16.55 15.47 7.87 18.37 20.62 14.22 21.04 10.46 4.28 18.39 9.43 14.12 10.99 9.24 10.72 16.64
13.94 16.23 4.16 17.32 18.92 11.20 17.65 16.77 3.15 14.08 3.74 19.32 18.11 7.71 16.08 19.08
8.92 5.37 16.76 4.36 5.26 11.03 10.16 18.42 21.49 12.77 18.04 15.02 23.36 13.22 15.40 7.05
11.01 13.41 1.22 14.34 15.95 8.28 14.87 15.84 4.90 11.50 1.73 17.69 17.98 4.83 14.65 16.54
16.84 15.47 8.38 18.51 20.81 14.56 21.36 9.90 4.92 18.80 10.00 13.67 10.35 9.55 10.27 16.47
20.01 19.56 10.47 22.24 24.38 17.49 24.32 13.55 5.04 21.28 11.36 17.74 12.66 12.71 14.38 20.79
1.77 8.13 8.35 6.12 6.92 1.07 5.79 18.64 13.97 4.03 8.69 17.89 22.58 6.03 16.15 12.61
18.97 17.44 10.31 20.60 22.91 16.67 23.48 10.32 6.03 20.86 11.76 14.58 9.71 11.67 11.25 18.16
16.76 15.88 7.86 18.70 20.92 14.38 21.22 10.99 3.88 18.48 9.31 14.67 11.39 9.43 11.27 17.14
19.31 18.32 10.18 21.24 23.47 16.90 23.74 11.80 5.29 20.92 11.39 16.01 11.08 11.98 12.67 19.30
5.13 11.46 14.29 7.11 5.43 7.21 0.58 24.09 19.95 4.15 14.17 22.51 28.34 12.21 21.36 15.76
2.29 9.17 8.63 6.85 7.30 1.72 5.36 19.62 14.28 3.01 8.69 18.96 23.48 6.69 17.17 13.67
19.18 19.15 9.48 21.61 23.67 16.61 23.42 14.11 3.92 20.27 10.23 18.09 13.59 11.94 14.70 20.64
8.57 2.79 14.86 4.54 6.59 10.09 11.06 15.58 19.22 12.83 16.37 12.35 20.51 11.25 12.56 4.52
16.98 15.85 8.27 18.78 21.04 14.65 21.47 10.48 4.47 18.81 9.79 14.25 10.81 9.67 10.85 16.95
19.87 18.64 10.85 21.68 23.95 17.49 24.32 11.53 6.03 21.56 12.10 15.87 10.54 12.54 12.56 19.46
17.53 17.14 8.14 19.74 21.87 15.04 21.88 12.42 3.20 18.93 9.27 16.19 12.47 10.22 12.78 18.57
2.45 6.47 12.11 2.45 2.76 5.10 4.41 19.41 17.56 6.07 12.77 17.56 23.86 9.12 16.59 10.82
19.36 17.19 11.27 20.64 23.04 17.21 23.95 8.88 7.50 21.56 12.90 13.33 8.06 12.19 10.09 17.50
2.50 6.74 12.26 2.62 2.66 5.19 4.15 19.68 17.74 5.94 12.88 17.83 24.14 9.32 16.86 11.06
3.77 7.95 6.22 7.31 8.68 1.27 8.07 16.83 11.78 5.88 6.89 16.55 20.56 3.76 14.51 12.18
12.75 17.27 6.07 16.95 17.89 10.17 15.36 21.07 8.29 11.31 3.86 22.88 22.96 9.07 19.89 20.96
19.33 15.45 13.26 19.56 22.13 17.67 23.96 4.37 11.11 22.30 15.28 9.14 4.41 12.90 6.22 14.65
7.90 2.81 14.59 3.78 5.83 9.53 10.30 16.06 19.10 12.13 16.02 12.97 20.96 11.00 13.04 5.22
13.63 8.95 21.02 9.07 9.59 15.69 14.48 19.83 25.37 17.41 22.46 15.58 24.82 17.42 16.93 8.14
21.40 20.72 11.90 23.53 25.71 18.90 25.73 13.83 6.47 22.71 12.79 18.25 12.41 14.08 14.95 21.75
10.25 7.19 18.52 5.75 5.91 12.54 10.79 19.99 23.31 13.82 19.72 16.37 24.96 14.99 16.98 8.39
6.43 5.04 14.95 1.91 2.90 8.72 7.68 18.75 19.99 10.19 16.02 15.92 23.56 11.53 15.75 8.24
19.83 13.04 18.84 17.70 20.20 19.52 23.85 5.80 19.38 23.94 21.07 2.09 9.72 16.51 5.16 9.44
18.50 17.85 9.20 20.60 22.78 16.04 22.88 12.25 4.20 19.97 10.34 16.25 11.90 11.18 12.87 19.08
10.18 5.56 17.47 5.66 6.75 12.13 11.64 17.84 21.96 14.15 18.87 14.16 22.82 13.88 14.84 6.18
22.86 18.74 16.51 22.98 25.57 21.19 27.50 5.96 13.62 25.82 18.43 10.89 2.09 16.40 8.70 17.49
18.26 17.50 9.06 20.29 22.49 15.82 22.66 11.87 4.24 19.81 10.27 15.85 11.61 10.93 12.47 18.69
13.23 16.44 4.31 16.97 18.33 10.49 16.58 18.41 5.18 12.80 2.81 20.63 20.00 7.86 17.49 19.66
14.67 14.15 5.86 16.73 18.90 12.27 19.11 11.21 3.32 16.39 7.50 14.29 12.47 7.34 10.92 15.80
3.64 7.66 6.38 7.05 8.48 1.31 8.03 16.68 11.91 5.99 7.13 16.33 20.46 3.78 14.32 11.89
20.01 19.38 10.57 22.14 24.32 17.52 24.36 13.10 5.26 21.37 11.55 17.33 12.17 12.69 13.98 20.51
18.49 16.82 10.03 20.04 22.37 16.24 23.03 9.76 6.08 20.49 11.58 13.96 9.40 11.23 10.62 17.51
20.40 19.07 11.42 22.17 24.46 18.04 24.87 11.55 6.58 22.12 12.67 15.99 10.31 13.08 12.72 19.79
7.65 4.03 15.23 3.17 4.73 9.62 9.44 17.46 19.98 11.68 16.52 14.36 22.35 11.69 14.45 6.54
11.93 16.11 4.76 16.01 17.09 9.27 14.85 19.80 7.40 10.91 2.55 21.57 21.79 7.81 18.58 19.72
19.31 12.46 18.58 17.11 19.60 19.06 23.29 6.04 19.30 23.44 20.81 1.77 10.17 16.16 5.07 8.81
9.44 12.92 2.05 13.17 14.52 6.69 13.01 17.21 7.00 9.48 1.00 18.58 19.71 4.57 15.73 16.48
3.73 7.59 13.64 3.00 1.63 6.48 3.61 20.86 19.14 6.40 14.17 18.79 25.39 10.73 18.00 11.70
5.43 4.46 13.82 0.88 2.88 7.62 7.23 18.16 18.89 9.37 14.89 15.58 22.90 10.42 15.19 8.16
20.22 13.65 18.58 18.34 20.88 19.74 24.36 4.76 18.76 24.24 20.82 2.44 8.46 16.45 4.73 10.31
8.90 4.77 16.38 4.39 5.62 10.88 10.46 17.71 21.01 12.88 17.73 14.31 22.65 12.82 14.69 6.34
3.66 8.86 6.47 7.72 8.78 0.93 7.54 17.89 12.12 4.93 6.78 17.65 21.55 4.55 15.60 13.17
20.37 19.03 11.40 22.13 24.42 18.01 24.84 11.51 6.57 22.09 12.65 15.95 10.28 13.05 12.68 19.75
18.45 16.24 10.54 19.69 22.09 16.32 23.04 8.43 7.14 20.70 12.25 12.71 8.17 11.30 9.41 16.62
20.18 15.13 15.65 19.62 22.24 18.93 24.73 1.58 14.31 23.62 17.80 6.46 3.45 14.58 4.54 13.33
17.28 17.49 7.56 19.78 21.81 14.70 21.49 13.73 2.08 18.36 8.39 17.33 13.90 10.07 13.93 19.24
11.85 5.84 18.03 7.53 8.99 13.48 13.81 16.36 22.09 16.01 19.64 12.32 21.36 14.43 13.42 4.60
19.13 13.05 16.64 17.72 20.32 18.38 23.44 2.59 16.56 22.98 18.87 2.68 6.95 14.75 2.88 10.35
9.46 7.59 18.25 5.16 4.76 11.92 9.52 20.85 23.24 12.77 19.32 17.43 25.78 14.81 17.83 9.45
7.95 10.24 2.13 11.04 12.74 5.33 12.14 15.00 7.60 9.27 3.62 15.95 17.99 1.74 13.26 13.67
17.63 17.13 8.31 19.78 21.93 15.16 21.99 12.20 3.44 19.08 9.48 16.01 12.21 10.31 12.61 18.50
11.14 6.66 18.58 6.59 7.39 13.18 12.30 18.60 23.07 15.02 19.98 14.74 23.59 15.00 15.62 6.85
20.82 14.83 17.82 19.50 22.11 19.99 25.18 2.76 17.23 24.61 20.03 4.24 5.74 16.16 4.44 12.10
17.70 17.39 8.23 19.95 22.07 15.19 22.02 12.71 3.13 19.03 9.30 16.49 12.70 10.40 13.09 18.86
18.94 17.74 10.01 20.75 23.02 16.58 23.41 11.10 5.42 20.68 11.34 15.29 10.52 11.62 11.95 18.64
12.01 8.51 20.14 7.50 7.59 14.29 12.41 20.66 24.82 15.55 21.41 16.74 25.66 16.59 17.68 8.90
6.89 4.19 14.82 2.36 3.93 8.96 8.60 17.83 19.69 10.86 16.02 14.90 22.67 11.32 14.83 7.19
16.65 16.60 7.14 19.01 21.09 14.13 20.95 12.82 2.19 17.94 8.22 16.35 13.22 9.38 12.95 18.26
16.34 16.17 6.93 18.63 20.73 13.84 20.67 12.45 2.33 17.72 8.12 15.92 12.97 9.04 12.52 17.81
20.24 16.42 13.91 20.52 23.09 18.53 24.88 4.93 11.42 23.15 15.88 9.83 3.87 13.72 7.05 15.58
19.57 13.31 17.36 18.00 20.59 18.92 23.83 3.31 17.34 23.49 19.59 2.46 7.35 15.39 3.53 10.38
19.34 17.77 10.68 20.96 23.28 17.05 23.86 10.39 6.32 21.24 12.11 14.72 9.59 12.05 11.42 18.44
16.82 16.13 7.74 18.85 21.04 14.40 21.24 11.44 3.50 18.43 9.11 15.11 11.80 9.49 11.71 17.48
17.22 16.75 7.93 19.38 21.53 14.76 21.60 12.09 3.21 18.69 9.14 15.81 12.27 9.90 12.41 18.17
5.71 3.37 13.36 1.55 3.95 7.60 8.09 17.08 18.27 9.87 14.57 14.50 21.84 9.87 14.11 7.16
20.45 19.69 11.06 22.53 24.72 17.98 24.82 13.03 5.78 21.86 12.06 17.36 11.91 13.13 14.03 20.73
20.62 20.24 11.01 22.89 25.02 18.08 24.90 14.09 5.49 21.81 11.81 18.35 13.02 13.33 15.00 21.47
22.27 21.34 12.87 24.28 26.50 19.80 26.64 13.75 7.50 23.68 13.81 18.31 11.95 14.94 15.06 22.17
10.69 7.71 19.03 6.21 6.23 13.01 11.06 20.42 23.83 14.19 20.23 16.74 25.40 15.51 17.42 8.77
17.00 16.59 7.68 19.18 21.32 14.52 21.36 12.17 2.99 18.44 8.89 15.82 12.43 9.68 12.42 18.06
19.08 12.65 17.32 17.34 19.91 18.53 23.27 3.98 17.61 23.06 19.56 1.59 8.25 15.19 3.49 9.56
17.02 17.76 7.12 19.78 21.70 14.38 21.11 14.83 1.47 17.82 7.65 18.27 15.13 9.97 14.88 19.77
19.94 19.37 10.47 22.10 24.26 17.44 24.27 13.21 5.12 21.27 11.42 17.42 12.32 12.63 14.07 20.54
19.10 17.00 10.97 20.42 22.81 16.93 23.68 8.95 7.21 21.27 12.60 13.35 8.28 11.91 10.08 17.38
10.12 14.29 3.58 14.15 15.27 7.44 13.25 18.80 7.67 9.43 1.50 20.23 21.16 6.14 17.36 17.99
16.81 13.35 10.83 17.27 19.80 15.10 21.46 5.13 9.36 19.73 12.91 8.98 6.89 10.33 5.64 13.13
17.26 18.48 7.29 20.25 22.07 14.57 21.20 16.06 2.08 17.75 7.44 19.45 16.36 10.42 16.06 20.69
19.23 19.94 9.29 22.02 23.94 16.57 23.26 15.96 3.70 19.88 9.60 19.77 15.59 12.20 16.37 21.79
19.44 17.90 10.73 21.07 23.39 17.14 23.95 10.51 6.32 21.32 12.15 14.85 9.67 12.14 11.55 18.57
10.34 14.18 3.06 14.25 15.47 7.62 13.62 18.28 7.07 9.87 0.89 19.80 20.58 5.87 16.90 17.78
17.77 17.51 8.27 20.05 22.16 15.25 22.08 12.85 3.10 19.08 9.30 16.64 12.81 10.48 13.24 19.00
5.84 9.13 4.14 9.22 10.74 3.19 10.01 16.05 9.72 7.31 4.96 16.38 19.43 2.27 13.99 13.01
23.09 16.15 22.05 20.76 23.20 22.84 27.01 7.98 22.24 27.23 24.29 5.42 10.57 19.81 8.23 12.25
21.40 21.94 11.46 24.14 26.09 18.74 25.43 16.91 5.86 22.03 11.72 21.03 15.90 14.35 17.65 23.59
16.77 16.32 7.51 18.93 21.08 14.31 21.15 11.98 3.00 18.26 8.77 15.59 12.34 9.45 12.19 17.79
22.38 21.64 12.87 24.49 26.68 19.88 26.71 14.32 7.39 23.68 13.71 18.84 12.57 15.06 15.58 22.58
5.81 6.18 15.00 1.94 1.49 8.34 6.36 19.89 20.24 9.19 15.89 17.23 24.64 11.72 16.92 9.65
22.26 19.56 14.32 23.27 25.74 20.18 26.87 9.14 10.28 24.58 15.92 14.03 6.59 15.17 11.13 19.33
9.24 4.44 16.32 4.80 6.25 11.08 11.04 17.09 20.82 13.31 17.73 13.62 22.05 12.73 14.08 5.64
17.78 13.52 12.62 17.74 20.33 16.30 22.40 3.12 11.39 20.98 14.76 7.39 5.47 11.75 4.27 12.60
17.28 10.40 17.02 15.06 17.56 17.09 21.23 6.28 18.23 21.44 19.23 1.36 10.97 14.41 4.31 6.86
6.57 4.12 14.54 2.04 3.74 8.64 8.34 17.80 19.45 10.55 15.73 14.96 22.63 11.05 14.81 7.31
10.08 11.48 1.27 12.89 14.74 7.49 14.31 13.96 5.50 11.40 3.51 15.56 16.48 3.07 12.59 14.41
9.45 14.58 5.33 13.78 14.57 6.97 11.99 20.42 9.69 7.98 3.49 21.51 23.00 7.12 18.80 18.57
10.76 13.02 0.85 14.02 15.67 8.05 14.70 15.50 4.99 11.41 1.97 17.30 17.71 4.44 14.27 16.12
19.00 17.71 10.12 20.76 23.04 16.65 23.47 10.94 5.59 20.77 11.48 15.16 10.33 11.68 11.82 18.57
6.50 7.25 15.96 3.04 1.47 9.14 6.24 20.97 21.26 9.49 16.76 18.22 25.74 12.75 18.00 10.52
14.07 13.70 5.28 16.19 18.33 11.67 18.50 11.40 3.34 15.78 6.98 14.28 12.87 6.74 10.94 15.49
18.20 14.57 12.05 18.58 21.13 16.49 22.84 4.76 10.10 21.11 14.09 9.18 5.61 11.70 6.02 14.07
18.53 13.93 13.66 18.27 20.87 17.14 23.12 2.19 12.43 21.83 15.80 6.83 4.72 12.68 4.01 12.67
6.55 1.73 12.89 3.11 5.61 7.93 9.53 15.45 17.49 10.87 14.31 12.84 20.24 9.31 12.47 5.64
16.13 12.42 10.69 16.42 18.97 14.53 20.77 4.76 9.76 19.19 12.84 8.20 7.28 9.88 4.82 12.14
9.61 5.14 16.95 5.09 6.26 11.56 11.13 17.72 21.50 13.59 18.33 14.16 22.69 13.37 14.71 6.17
19.84 19.25 10.39 21.99 24.16 17.35 24.19 13.09 5.08 21.20 11.37 17.30 12.23 12.53 13.94 20.41
15.45 15.10 6.31 17.62 19.76 13.00 19.84 11.75 2.73 17.00 7.75 15.03 12.65 8.12 11.64 16.74
17.22 17.53 7.46 19.77 21.78 14.62 21.41 13.92 1.93 18.25 8.25 17.49 14.12 10.03 14.09 19.32
14.79 13.32 6.98 16.35 18.66 12.60 19.35 9.33 5.19 16.97 8.88 12.46 10.83 7.58 9.08 14.51
11.51 14.22 2.05 15.00 16.51 8.76 15.21 16.60 4.89 11.69 1.43 18.55 18.60 5.64 15.48 17.40
9.36 5.02 16.76 4.84 6.02 11.33 10.88 17.73 21.34 13.34 18.13 14.23 22.69 13.18 14.72 6.25
19.33 19.71 9.47 21.96 23.95 16.71 23.46 15.21 3.81 20.17 9.97 19.11 14.73 12.20 15.71 21.40
20.95 19.78 11.80 22.82 25.08 18.55 25.39 12.29 6.73 22.56 12.94 16.76 10.87 13.62 13.49 20.56
4.99 9.19 5.04 8.72 10.03 2.26 8.98 17.00 10.68 6.20 5.51 17.12 20.47 3.33 14.86 13.28
3.52 7.12 13.33 2.57 1.66 6.24 3.98 20.38 18.80 6.51 13.93 18.31 24.91 10.37 17.51 11.26
9.32 9.24 3.73 11.31 13.44 7.13 13.86 12.02 7.22 11.61 5.92 13.15 15.11 2.13 10.33 11.88
12.41 6.93 19.10 7.93 9.05 14.22 13.95 17.64 23.28 16.44 20.65 13.51 22.64 15.50 14.71 5.90
15.96 15.05 7.22 17.86 20.08 13.60 20.43 10.70 3.85 17.75 8.80 14.18 11.47 8.63 10.77 16.38
14.91 16.92 5.03 18.20 19.85 12.17 18.67 16.66 2.49 15.11 4.77 19.45 17.71 8.48 16.15 19.61
18.26 12.39 15.58 17.03 19.64 17.44 22.63 2.07 15.55 22.06 17.81 2.92 6.91 13.72 1.89 9.99
18.51 16.89 10.00 20.08 22.41 16.25 23.04 9.89 5.99 20.48 11.53 14.08 9.51 11.24 10.74 17.60
11.97 6.58 18.74 7.49 8.62 13.79 13.52 17.58 22.97 16.00 20.26 13.53 22.58 15.13 14.64 5.82
9.62 4.50 16.50 5.21 6.70 11.41 11.49 16.87 20.93 13.72 17.96 13.31 21.84 12.91 13.86 5.32
19.57 17.77 11.09 21.06 23.42 17.33 24.12 9.91 6.89 21.58 12.59 14.33 8.98 12.32 11.06 18.28
21.25 16.36 16.27 20.81 23.43 19.91 25.83 2.84 14.50 24.59 18.37 7.63 2.18 15.44 5.81 14.61
12.50 16.74 5.31 16.61 17.65 9.86 15.33 20.26 7.54 11.35 3.13 22.11 22.14 8.42 19.10 20.34
19.26 17.77 10.53 20.92 23.23 16.95 23.76 10.55 6.12 21.12 11.94 14.86 9.80 11.96 11.54 18.49
7.30 4.60 7.87 7.49 9.96 6.45 11.84 11.76 11.83 11.01 9.74 11.02 16.00 4.39 9.18 7.54
18.63 18.38 9.07 20.94 23.04 16.10 22.93 13.29 3.70 19.88 9.99 17.23 12.93 11.35 13.83 19.81
2.59 8.51 12.49 4.38 3.54 5.21 2.41 21.17 18.10 4.49 12.79 19.52 25.51 9.92 18.41 12.87
8.92 7.78 17.97 4.80 4.03 11.45 8.71 21.24 23.07 12.06 18.95 17.96 26.14 14.60 18.22 10.01
7.51 3.66 14.92 3.09 4.85 9.40 9.48 17.12 19.63 11.59 16.23 14.07 22.01 11.36 14.11 6.30
7.15 5.17 15.54 2.61 3.44 9.41 8.29 18.79 20.51 10.90 16.66 15.80 23.65 12.09 15.79 8.00
14.71 14.67 5.45 17.02 19.10 12.22 19.06 12.20 2.34 16.17 6.88 15.25 13.36 7.41 11.89 16.53
11.22 14.43 2.50 14.91 16.30 8.48 14.74 17.44 5.71 11.10 0.79 19.25 19.51 5.90 16.24 17.79
16.11 11.08 12.62 15.51 18.13 15.00 20.63 2.96 12.65 19.67 14.85 5.06 7.44 10.95 1.66 9.79
17.43 16.79 8.23 19.51 21.68 14.98 21.82 11.81 3.60 18.97 9.49 15.60 11.90 10.10 12.20 18.12
12.08 7.72 19.65 7.52 8.08 14.18 12.99 19.38 24.14 15.86 21.04 15.37 24.38 16.07 16.42 7.60
16.89 17.83 6.95 19.74 21.62 14.22 20.93 15.21 1.41 17.58 7.36 18.60 15.58 9.91 15.21 19.93
5.79 7.40 5.00 8.25 10.14 3.71 10.34 14.46 10.12 8.34 6.42 14.50 18.10 1.62 12.24 11.11
19.25 18.23 10.14 21.17 23.41 16.85 23.69 11.72 5.29 20.87 11.37 15.93 11.02 11.92 12.58 19.21
5.38 6.03 6.31 7.14 9.21 3.91 10.02 14.05 11.21 8.57 7.80 13.67 17.98 2.76 11.65 9.80
2.43 8.69 12.24 4.68 3.93 4.96 2.34 21.20 17.86 4.11 12.49 19.64 25.50 9.74 18.47 13.09
5.26 10.11 15.14 5.47 3.28 7.86 2.08 23.35 20.76 6.09 15.35 21.31 27.82 12.58 20.50 14.14
17.11 16.93 7.63 19.42 21.52 14.60 21.43 12.74 2.61 18.43 8.71 16.38 12.95 9.82 12.98 18.51
12.03 7.02 19.12 7.50 8.42 13.96 13.33 18.28 23.45 15.97 20.59 14.24 23.28 15.52 15.33 6.51
22.71 22.04 13.15 24.87 27.04 20.19 27.02 14.73 7.62 23.95 13.94 19.27 12.91 15.40 16.01 23.00
2.53 5.06 9.33 3.85 5.67 3.33 6.93 16.63 14.60 6.76 10.33 15.30 20.92 6.09 13.93 9.57
16.97 16.01 8.09 18.87 21.10 14.60 21.43 10.89 4.09 18.71 9.55 14.63 11.21 9.64 11.23 17.22
19.12 19.20 9.37 21.60 23.65 16.54 23.33 14.34 3.77 20.15 10.07 18.29 13.87 11.90 14.89 20.75
1.25 6.26 10.52 3.36 4.34 3.58 5.09 18.46 15.98 5.54 11.20 16.98 22.78 7.57 15.73 10.77
14.73 8.70 13.39 13.34 15.95 14.13 19.02 5.15 14.63 18.66 15.61 3.47 10.12 10.95 2.14 6.72
8.48 2.66 14.73 4.48 6.56 9.97 11.01 15.51 19.09 12.74 16.24 12.31 20.43 11.12 12.49 4.51
18.01 15.62 10.39 19.13 21.56 15.94 22.62 7.83 7.37 20.38 12.18 12.04 7.90 10.94 8.72 15.93
15.85 16.25 6.15 18.41 20.41 13.27 20.07 13.51 1.08 16.96 7.10 16.78 14.20 8.66 13.40 18.19
15.77 15.38 6.62 17.94 20.08 13.32 20.16 11.76 2.77 17.32 8.01 15.13 12.53 8.45 11.74 16.98
17.20 17.40 7.50 19.70 21.73 14.62 21.42 13.65 2.05 18.30 8.35 17.24 13.85 9.98 13.84 19.14
12.25 14.03 2.28 15.35 17.09 9.56 16.24 15.07 3.44 12.95 3.10 17.30 16.88 5.59 14.13 16.83
19.80 13.25 18.18 17.95 20.49 19.31 23.94 4.56 18.42 23.81 20.41 2.04 8.48 16.03 4.34 9.97
9.51 6.88 17.93 5.04 5.14 11.84 10.02 19.96 22.80 13.05 19.09 16.49 24.91 14.44 16.95 8.50
14.64 9.77 21.90 10.08 10.61 16.69 15.50 20.12 26.16 18.44 23.38 15.73 25.09 18.30 17.26 8.56
17.82 16.07 9.55 19.30 21.65 15.60 22.37 9.32 5.97 19.89 11.19 13.38 9.33 10.58 10.02 16.77
9.91 13.95 3.25 13.88 15.05 7.20 13.13 18.46 7.54 9.37 1.27 19.86 20.86 5.77 17.01 17.63
21.88 21.03 12.46 23.93 26.14 19.40 26.24 13.70 7.07 23.26 13.39 18.21 12.06 14.55 14.94 21.94
16.73 15.54 8.11 18.50 20.76 14.41 21.23 10.28 4.52 18.61 9.69 13.99 10.74 9.42 10.59 16.65
3.47 5.59 12.65 1.25 2.32 5.93 5.39 18.88 17.98 7.28 13.48 16.78 23.45 9.47 16.00 9.79
4.82 11.14 7.23 9.34 9.84 2.93 7.29 20.10 12.79 3.61 6.75 20.05 23.56 6.41 17.91 15.53
14.48 15.54 4.59 17.32 19.19 11.83 18.57 14.40 1.07 15.34 5.35 17.27 15.55 7.49 13.95 17.88
20.77 19.29 11.87 22.46 24.77 18.43 25.26 11.38 7.08 22.55 13.15 15.90 9.95 13.46 12.66 19.90
7.64 4.85 15.70 3.08 4.15 9.79 8.99 18.33 20.56 11.50 16.90 15.22 23.22 12.19 15.32 7.37
11.76 9.01 20.29 7.36 7.06 14.16 11.74 21.56 25.13 15.08 21.46 17.74 26.55 16.79 18.56 9.84
15.43 14.82 6.53 17.47 19.65 13.03 19.87 11.20 3.28 17.12 8.07 14.50 12.15 8.10 11.11 16.35
4.09 7.52 6.04 7.25 8.81 1.84 8.53 16.18 11.51 6.51 6.92 15.90 19.94 3.28 13.85 11.67
16.39 15.96 7.16 18.55 20.69 13.93 20.77 11.89 2.87 17.90 8.47 15.41 12.40 9.06 12.01 17.48
19.66 18.02 11.02 21.25 23.58 17.38 24.18 10.37 6.63 21.58 12.45 14.77 9.41 12.38 11.49 18.62
20.87 20.65 11.17 23.23 25.33 18.31 25.11 14.65 5.59 21.96 11.88 18.90 13.54 13.61 15.55 21.95
7.35 7.91 16.86 3.90 2.23 10.01 6.71 21.62 22.15 10.16 17.65 18.73 26.43 13.64 18.63 10.93
19.26 19.28 9.52 21.71 23.77 16.68 23.47 14.30 3.93 20.31 10.24 18.27 13.77 12.03 14.88 20.80
17.64 17.39 8.15 19.92 22.03 15.12 21.95 12.80 3.01 18.95 9.19 16.56 12.82 10.34 13.16 18.89
18.35 17.36 9.32 20.26 22.50 15.96 22.80 11.35 4.72 20.02 10.63 15.39 11.04 11.02 12.01 18.42
17.90 14.06 12.13 18.14 20.70 16.28 22.54 4.17 10.49 20.92 14.21 8.50 5.61 11.57 5.33 13.44
18.64 17.82 9.44 20.65 22.85 16.20 23.04 11.91 4.56 20.19 10.64 15.97 11.48 11.31 12.59 18.95
11.62 7.64 19.43 7.06 7.48 13.79 12.38 19.68 24.02 15.32 20.76 15.77 24.67 15.86 16.70 7.92
23.09 21.60 14.01 24.81 27.12 20.72 27.55 12.86 8.89 24.76 15.14 17.60 10.56 15.76 14.48 22.07
10.65 14.13 2.56 14.43 15.75 7.91 14.09 17.72 6.38 10.42 0.34 19.37 19.93 5.68 16.41 17.61
18.75 17.86 9.60 20.72 22.94 16.33 23.17 11.78 4.76 20.33 10.82 15.87 11.30 11.42 12.50 18.94
17.28 13.32 11.84 17.43 20.00 15.72 21.91 3.92 10.57 20.38 13.96 7.95 6.07 11.09 4.70 12.69
5.41 6.21 14.68 1.75 1.20 7.96 5.99 19.89 19.95 8.77 15.53 17.33 24.61 11.44 16.94 9.83
17.05 15.38 8.86 18.57 20.90 14.84 21.61 9.27 5.60 19.15 10.55 13.13 9.68 9.82 9.74 16.20
19.68 14.99 14.69 19.37 21.98 18.30 24.27 2.21 13.16 22.98 16.81 7.18 3.58 13.81 4.75 13.54
21.33 19.23 12.91 22.68 25.07 19.12 25.89 10.11 8.54 23.40 14.38 14.82 8.25 14.10 11.70 19.43
12.69 14.98 2.88 16.04 17.65 9.95 16.47 16.25 3.66 12.98 2.70 18.52 17.92 6.44 15.35 17.93
19.56 19.55 9.82 22.00 24.06 16.98 23.78 14.40 4.23 20.60 10.52 18.42 13.76 12.33 15.04 21.04
16.31 14.74 8.17 17.85 20.18 14.09 20.86 9.32 5.27 18.40 9.91 12.96 10.10 9.07 9.56 15.69
9.24 12.83 2.22 13.01 14.33 6.50 12.78 17.34 7.24 9.24 1.20 18.64 19.88 4.55 15.82 16.43
17.72 16.22 9.22 19.34 21.65 15.44 22.24 9.89 5.41 19.68 10.78 13.89 9.91 10.43 10.52 17.07
21.03 14.07 20.39 18.67 21.11 20.85 24.93 7.19 20.96 25.20 22.62 3.59 10.69 17.99 6.74 10.18
22.79 18.45 16.75 22.75 25.35 21.20 27.41 5.38 14.09 25.85 18.72 10.25 1.35 16.47 8.21 17.03
9.68 4.47 16.50 5.30 6.81 11.45 11.59 16.76 20.90 13.80 17.97 13.19 21.74 12.90 13.75 5.20
17.24 17.41 7.54 19.72 21.76 14.66 21.47 13.61 2.11 18.35 8.41 17.21 13.80 10.01 13.81 19.14
12.10 14.59 2.41 15.51 17.08 9.36 15.85 16.39 4.25 12.35 2.08 18.50 18.23 6.01 15.38 17.65
8.42 4.64 16.05 3.89 5.14 10.44 9.97 17.81 20.75 12.39 17.35 14.52 22.73 12.50 14.79 6.59
17.12 16.25 8.15 19.07 21.28 14.73 21.56 11.14 3.95 18.80 9.55 14.90 11.38 9.79 11.50 17.48
20.15 19.75 10.57 22.40 24.53 17.62 24.45 13.75 5.11 21.38 11.43 17.95 12.82 12.86 14.59 20.99
17.46 17.74 7.71 20.00 22.02 14.87 21.66 13.96 2.16 18.50 8.48 17.58 14.07 10.27 14.18 19.50
10.59 15.63 5.67 14.91 15.71 8.11 13.05 20.89 9.41 9.00 3.57 22.20 23.25 7.92 19.40 19.55
18.89 19.13 9.08 21.44 23.46 16.28 23.06 14.63 3.44 19.83 9.71 18.50 14.26 11.71 15.10 20.79
10.77 7.27 18.82 6.24 6.55 13.00 11.44 19.77 23.52 14.42 20.09 16.03 24.76 15.28 16.77 8.08
9.58 13.35 2.62 13.43 14.69 6.84 12.98 17.81 7.29 9.34 1.00 19.17 20.28 5.10 16.33 16.98
20.31 19.53 10.94 22.37 24.56 17.84 24.68 12.90 5.68 21.73 11.96 17.21 11.83 12.98 13.88 20.56
18.80 12.15 17.65 16.83 19.36 18.41 22.89 5.02 18.25 22.87 19.88 0.97 9.35 15.33 4.01 8.79
23.05 21.39 14.11 24.68 27.01 20.72 27.54 12.39 9.10 24.82 15.30 17.16 10.02 15.74 14.07 21.76
5.42 9.34 4.59 9.06 10.43 2.70 9.44 16.74 10.23 6.61 5.12 16.98 20.14 2.99 14.65 13.35
16.99 16.36 7.85 19.06 21.24 14.56 21.40 11.65 3.43 18.56 9.16 15.34 11.92 9.66 11.94 17.73
18.10 17.47 8.82 20.20 22.37 15.64 22.48 12.11 3.92 19.59 10.00 16.04 11.92 10.78 12.65 18.74
20.30 13.45 19.41 18.09 20.57 20.03 24.28 6.26 19.94 24.43 21.65 2.64 10.00 17.06 5.73 9.74
8.08 4.56 15.81 3.55 4.81 10.13 9.63 17.88 20.56 12.03 17.09 14.66 22.79 12.27 14.86 6.77
7.68 6.13 16.39 3.29 3.36 10.07 8.28 19.70 21.42 11.19 17.44 16.61 24.57 12.96 16.69 8.74
21.14 19.67 12.19 22.84 25.15 18.79 25.62 11.64 7.32 22.88 13.44 16.20 10.06 13.82 12.98 20.27
3.39 6.39 7.16 6.04 7.73 2.08 8.01 16.04 12.51 6.62 8.16 15.38 20.01 4.07 13.55 10.66
20.94 15.13 17.56 19.78 22.39 20.01 25.35 2.35 16.76 24.66 19.77 4.84 4.99 16.05 4.54 12.57
11.72 6.99 19.01 7.18 8.00 13.72 12.92 18.56 23.42 15.62 20.44 14.58 23.56 15.41 15.59 6.78
17.57 17.71 7.88 20.05 22.09 15.00 21.80 13.69 2.40 18.68 8.71 17.36 13.75 10.35 13.96 19.41
11.99 14.65 2.46 15.47 17.00 9.24 15.68 16.69 4.55 12.13 1.82 18.76 18.56 6.07 15.66 17.78
14.21 16.79 4.64 17.73 19.24 11.46 17.78 17.56 3.76 14.11 3.83 20.10 18.85 8.23 16.86 19.74
16.95 13.85 10.44 17.63 20.13 15.12 21.59 5.97 8.59 19.70 12.46 9.89 7.23 10.24 6.55 13.85
16.44 15.71 7.45 18.44 20.64 14.03 20.87 11.24 3.50 18.10 8.88 14.82 11.77 9.10 11.42 17.08
18.49 17.86 9.17 20.59 22.77 16.02 22.86 12.30 4.15 19.95 10.30 16.30 11.96 11.16 12.91 19.10
17.09 17.44 7.32 19.66 21.66 14.49 21.28 13.96 1.78 18.11 8.10 17.49 14.21 9.91 14.10 19.27
17.61 17.07 8.31 19.74 21.90 15.14 21.98 12.12 3.49 19.08 9.50 15.93 12.14 10.28 12.53 18.43
21.34 20.27 12.09 23.26 25.50 18.91 25.75 12.79 6.89 22.87 13.15 17.28 11.25 14.00 14.02 21.08
23.09 21.51 14.09 24.76 27.08 20.74 27.57 12.63 9.02 24.81 15.25 17.39 10.28 15.77 14.29 21.93
22.54 22.09 12.88 24.80 26.94 19.99 26.80 15.17 7.29 23.67 13.58 19.64 13.49 15.26 16.35 23.18
15.29 16.07 5.45 18.02 19.95 12.66 19.43 14.13 0.39 16.22 6.25 17.22 15.01 8.21 13.86 18.22
5.21 2.20 11.40 2.93 5.54 6.37 8.73 15.37 16.16 9.57 12.76 13.25 20.01 7.85 12.46 6.69
18.06 11.74 16.29 16.43 19.01 17.48 22.29 3.68 16.72 22.01 18.53 1.30 8.37 14.13 2.51 8.88
16.82 16.27 7.64 18.93 21.10 14.38 21.22 11.77 3.22 18.36 8.94 15.41 12.11 9.50 12.01 17.69
5.28 7.27 5.34 7.85 9.68 3.21 9.82 14.87 10.56 7.86 6.62 14.79 18.58 2.09 12.61 11.12
11.35 4.64 16.71 7.35 9.24 12.67 13.86 14.70 20.56 15.64 18.41 10.80 19.70 13.13 11.74 2.93
8.85 4.38 16.11 4.39 5.82 10.75 10.61 17.27 20.68 12.90 17.48 13.88 22.21 12.53 14.25 5.93
3.85 8.91 6.27 7.86 8.96 1.11 7.75 17.77 11.91 5.10 6.59 17.58 21.40 4.37 15.49 13.19
11.35 15.29 3.89 15.32 16.49 8.65 14.46 18.98 6.97 10.61 1.66 20.69 21.07 6.94 17.72 18.86
19.74 19.38 10.16 22.01 24.13 17.21 24.03 13.63 4.71 20.97 11.03 17.76 12.86 12.45 14.39 20.68
8.80 11.35 1.18 12.08 13.70 6.11 12.82 15.49 6.83 9.70 2.54 16.73 18.22 2.81 13.91 14.73
19.18 18.80 9.65 21.43 23.56 16.66 23.49 13.27 4.28 20.45 10.58 17.32 12.69 11.88 13.94 20.12
23.04 21.85 13.77 24.92 27.18 20.62 27.46 13.59 8.48 24.56 14.78 18.27 11.44 15.71 15.10 22.49
21.97 21.35 12.42 24.14 26.31 19.46 26.29 14.35 6.92 23.23 13.24 18.81 12.76 14.67 15.52 22.38
23.28 16.24 22.59 20.80 23.20 23.13 27.12 8.76 22.93 27.47 24.83 5.84 11.44 20.26 8.83 12.21
19.98 20.03 10.20 22.46 24.51 17.39 24.17 14.78 4.57 20.97 10.84 18.85 14.03 12.77 15.47 21.52
17.46 14.61 10.51 18.31 20.78 15.54 22.10 6.58 8.19 20.08 12.45 10.69 7.28 10.61 7.37 14.70
5.89 4.35 14.14 1.33 3.15 8.04 7.64 18.07 19.15 9.83 15.25 15.38 22.84 10.70 15.09 7.86
16.16 15.93 6.82 18.41 20.53 13.67 20.51 12.24 2.43 17.58 8.07 15.68 12.84 8.85 12.29 17.56
16.20 14.37 8.36 17.60 19.96 14.04 20.77 8.75 5.80 18.42 10.19 12.36 9.67 9.02 8.96 15.20
13.05 8.64 20.63 8.49 8.94 15.17 13.83 19.93 25.07 16.79 22.03 15.78 24.93 17.04 17.00 8.18
17.10 15.52 8.79 18.66 20.98 14.86 21.64 9.50 5.41 19.14 10.45 13.36 9.86 9.84 9.97 16.39
21.59 20.81 12.14 23.67 25.86 19.11 25.94 13.68 6.75 22.95 13.07 18.14 12.16 14.27 14.85 21.76
14.77 16.20 4.79 17.79 19.58 12.07 18.73 15.34 1.30 15.36 5.15 18.20 16.40 7.97 14.89 18.67
10.21 4.15 16.33 6.02 7.79 11.75 12.47 15.71 20.50 14.43 17.91 12.04 20.69 12.73 12.71 4.06
11.20 7.48 19.15 6.65 7.00 13.40 11.89 19.77 23.79 14.86 20.44 15.94 24.76 15.59 16.78 8.04
18.95 18.42 9.52 21.11 23.27 16.46 23.29 12.78 4.30 20.32 10.55 16.83 12.27 11.63 13.45 19.68
9.53 13.37 2.73 13.41 14.65 6.80 12.91 17.91 7.40 9.25 1.10 19.25 20.39 5.15 16.42 17.02
17.96 17.55 8.55 20.17 22.31 15.47 22.30 12.57 3.47 19.34 9.63 16.43 12.45 10.65 13.03 18.95
20.67 14.89 17.29 19.53 22.14 19.73 25.08 2.10 16.53 24.38 19.50 4.69 5.04 15.77 4.27 12.37
8.50 4.61 16.07 3.97 5.24 10.50 10.07 17.74 20.76 12.47 17.39 14.43 22.67 12.52 14.72 6.50
12.82 16.11 4.03 16.59 17.93 10.08 16.16 18.37 5.40 12.38 2.42 20.50 20.07 7.55 17.39 19.39
19.09 18.42 9.76 21.19 23.37 16.63 23.47 12.48 4.64 20.54 10.84 16.59 11.89 11.77 13.22 19.59
4.52 6.46 14.02 1.76 0.93 7.14 5.14 20.00 19.37 7.80 14.78 17.66 24.65 10.88 17.08 10.35
7.25 11.15 3.21 11.04 12.33 4.50 10.93 17.16 8.80 7.61 3.19 17.93 20.15 3.51 15.34 14.98
24.15 17.84 21.33 22.53 25.09 23.43 28.42 6.14 20.47 28.03 23.54 6.67 6.92 19.69 7.90 14.59
12.72 14.26 2.77 15.73 17.51 10.05 16.76 14.76 2.89 13.51 3.66 17.13 16.44 5.92 13.92 16.93
18.19 12.99 14.34 17.50 20.12 17.06 22.70 0.91 13.74 21.74 16.55 5.00 5.57 12.92 2.45 11.27
18.35 17.86 8.95 20.53 22.68 15.86 22.70 12.58 3.84 19.74 10.02 16.52 12.30 11.03 13.13 19.19
21.08 15.59 17.11 20.18 22.81 20.00 25.56 2.05 15.96 24.67 19.29 5.83 3.82 15.84 4.85 13.33
20.00 17.91 11.74 21.34 23.73 17.82 24.57 9.38 7.69 22.13 13.29 13.93 8.21 12.79 10.72 18.22
20.02 19.18 10.71 22.04 24.25 17.57 24.41 12.58 5.55 21.50 11.79 16.86 11.60 12.69 13.53 20.20
19.89 18.07 11.39 21.38 23.74 17.65 24.44 10.03 7.11 21.89 12.86 14.50 8.93 12.63 11.25 18.55
17.58 15.46 9.75 18.85 21.25 15.46 22.17 8.35 6.68 19.85 11.52 12.41 8.60 10.44 9.06 15.97
17.69 16.99 8.51 19.74 21.93 15.26 22.09 11.76 3.84 19.25 9.77 15.62 11.74 10.36 12.22 18.26
18.75 18.64 9.11 21.13 23.21 16.20 23.02 13.67 3.64 19.92 9.95 17.60 13.29 11.49 14.21 20.12
18.73 19.32 8.82 21.45 23.40 16.08 22.81 15.39 3.18 19.48 9.25 19.16 15.15 11.65 15.75 21.16
11.24 7.63 19.26 6.70 6.98 13.47 11.86 19.96 23.93 14.87 20.54 16.14 24.95 15.71 16.97 8.23
4.78 5.16 13.65 0.56 2.11 7.15 6.32 18.78 18.85 8.56 14.60 16.35 23.47 10.34 15.84 9.03
23.13 22.32 13.63 25.22 27.42 20.64 27.47 14.65 8.14 24.44 14.46 19.26 12.65 15.81 16.03 23.18
9.30 3.71 15.80 5.07 6.84 10.94 11.50 16.09 20.15 13.50 17.31 12.63 21.05 12.20 13.07 4.67
21.62 14.90 20.15 19.57 22.07 21.22 25.69 6.04 20.26 25.69 22.39 3.79 9.07 18.01 6.30 11.31
17.06 11.55 14.03 16.11 18.74 16.10 21.50 2.17 14.06 20.75 16.27 3.83 7.12 12.24 0.87 9.69
11.91 8.92 20.33 7.48 7.29 14.28 12.01 21.34 25.12 15.30 21.53 17.48 26.33 16.81 18.35 9.60
12.09 7.95 19.82 7.53 7.96 14.24 12.85 19.74 24.36 15.80 21.17 15.75 24.74 16.24 16.78 7.97
18.29 16.34 10.15 19.68 22.05 16.11 22.86 8.99 6.57 20.44 11.81 13.19 8.77 11.09 9.87 16.88
20.65 19.94 11.21 22.75 24.94 18.16 25.00 13.29 5.86 22.02 12.17 17.63 12.12 13.33 14.30 21.00
19.29 12.40 18.66 17.04 19.53 19.06 23.24 6.23 19.43 23.43 20.89 1.87 10.37 16.21 5.20 8.71
2.30 8.52 7.94 6.66 7.45 0.78 6.10 18.68 13.58 3.95 8.21 18.07 22.53 5.80 16.24 12.98
19.61 19.96 9.75 22.23 24.23 16.99 23.74 15.31 4.09 20.45 10.24 19.26 14.74 12.47 15.86 21.62
13.82 10.11 9.35 14.03 16.58 12.34 18.44 5.96 9.72 17.02 11.57 7.92 9.45 7.91 4.66 10.25
17.04 12.82 12.04 17.01 19.60 15.58 21.66 3.40 11.08 20.26 14.20 7.23 6.20 11.06 3.96 12.03
17.29 17.14 7.77 19.61 21.71 14.76 21.59 12.88 2.64 18.57 8.80 16.55 13.04 10.00 13.15 18.71
11.26 15.08 3.59 15.19 16.40 8.55 14.46 18.68 6.74 10.64 1.38 20.40 20.77 6.69 17.42 18.61
18.50 16.99 9.88 20.13 22.44 16.21 23.01 10.17 5.76 20.41 11.37 14.33 9.79 11.21 10.99 17.76
7.76 5.36 16.06 3.22 3.94 10.00 8.83 18.85 20.97 11.50 17.21 15.71 23.74 12.58 15.84 7.84
16.61 14.61 8.86 17.92 20.30 14.48 21.20 8.43 6.20 18.88 10.69 12.19 9.20 9.47 8.80 15.30
10.00 12.49 0.46 13.32 14.93 7.28 13.92 15.68 5.76 10.64 1.78 17.26 18.09 3.90 14.31 15.73
21.45 14.68 20.14 19.34 21.84 21.09 25.49 6.20 20.34 25.54 22.38 3.64 9.37 17.94 6.30 11.04
23.14 16.41 21.46 21.08 23.57 22.71 27.21 6.89 21.31 27.19 23.70 5.30 9.13 19.42 7.62 12.76
19.82 21.08 9.86 22.88 24.67 17.11 23.67 17.69 4.65 20.11 9.77 21.44 17.31 13.05 18.03 23.17
17.47 16.95 8.18 19.61 21.77 15.00 21.84 12.09 3.40 18.94 9.38 15.87 12.16 10.14 12.47 18.32
20.29 20.40 10.49 22.80 24.84 17.69 24.47 15.10 4.84 21.23 11.07 19.20 14.26 13.10 15.82 21.89
19.96 19.62 10.37 22.24 24.37 17.43 24.25 13.79 4.89 21.18 11.21 17.95 12.94 12.68 14.58 20.91
7.87 2.60 14.42 3.83 5.95 9.45 10.36 15.85 18.91 12.12 15.87 12.79 20.75 10.83 12.84 5.08
5.93 4.40 14.21 1.37 3.12 8.10 7.64 18.12 19.22 9.86 15.31 15.43 22.90 10.77 15.14 7.89
18.36 16.26 10.36 19.66 22.05 16.21 22.94 8.66 6.89 20.58 12.05 12.90 8.43 11.19 9.59 16.71
18.76 12.18 17.45 16.87 19.41 18.33 22.88 4.70 17.98 22.81 19.69 0.96 9.06 15.18 3.75 8.91
21.35 20.43 12.01 23.36 25.57 18.90 25.74 13.17 6.72 22.80 13.01 17.63 11.67 14.02 14.35 21.32
4.72 3.00 11.85 1.96 4.56 6.27 7.89 16.34 16.79 9.04 13.08 14.16 20.99 8.37 13.43 7.36
5.98 11.32 5.43 10.26 11.13 3.46 9.04 18.97 10.95 5.45 4.93 19.32 22.19 5.15 16.95 15.50
19.51 18.28 10.54 21.31 23.58 17.14 23.97 11.32 5.81 21.22 11.82 15.61 10.48 12.18 12.29 19.12
10.31 6.97 18.42 5.77 6.10 12.55 10.99 19.67 23.16 13.95 19.66 16.02 24.64 14.88 16.66 8.04
20.62 19.20 11.68 22.34 24.64 18.27 25.09 11.45 6.87 22.37 12.95 15.94 10.10 13.30 12.68 19.86
8.62 2.03 14.22 4.96 7.22 9.88 11.48 14.59 18.42 12.94 15.81 11.46 19.51 10.61 11.57 3.78
19.76 19.27 10.26 21.96 24.11 17.26 24.09 13.30 4.89 21.07 11.20 17.47 12.49 12.46 14.11 20.49
8.55 9.99 2.23 11.27 13.13 6.05 12.89 13.93 7.11 10.21 4.21 15.01 16.89 1.46 12.25 13.15
20.69 19.97 11.27 22.79 24.98 18.21 25.05 13.26 5.93 22.07 12.23 17.61 12.06 13.37 14.29 21.01
11.03 14.10 2.13 14.65 16.08 8.28 14.62 17.10 5.62 11.04 0.72 18.89 19.21 5.55 15.88 17.43
21.41 20.39 12.13 23.37 25.60 18.97 25.81 12.96 6.89 22.91 13.17 17.45 11.42 14.08 14.19 21.23
13.97 15.41 4.00 16.97 18.77 11.29 17.97 15.01 1.78 14.65 4.55 17.70 16.32 7.16 14.42 17.94
16.10 11.26 12.32 15.63 18.25 14.91 20.65 3.07 12.22 19.59 14.54 5.53 7.30 10.76 2.14 10.14
20.66 20.54 10.93 23.07 25.15 18.09 24.88 14.77 5.32 21.71 11.60 18.97 13.75 13.42 15.60 21.90
15.81 10.67 12.58 15.12 17.74 14.75 20.30 3.25 12.81 19.41 14.82 4.82 7.85 10.80 1.43 9.35
11.80 14.55 2.37 15.32 16.82 9.06 15.47 16.78 4.76 11.92 1.60 18.79 18.70 5.96 15.70 17.72
10.28 7.98 18.94 5.91 5.60 12.70 10.34 20.99 23.86 13.61 20.05 17.42 25.95 15.47 17.98 9.44
12.40 8.32 20.18 7.84 8.20 14.57 13.07 20.05 24.72 16.07 21.53 16.02 25.05 16.60 17.09 8.27
1.22 6.35 10.61 3.36 4.26 3.63 4.96 18.59 16.08 5.47 11.27 17.09 22.91 7.68 15.86 10.85
19.71 20.30 9.78 22.45 24.39 17.05 23.76 15.97 4.16 20.40 10.12 19.87 15.43 12.65 16.47 22.07
17.39 16.38 8.50 19.27 21.51 15.02 21.85 10.92 4.32 19.13 9.92 14.77 11.05 10.06 11.37 17.52
18.00 16.91 9.09 19.85 22.10 15.63 22.46 10.97 4.72 19.73 10.47 14.96 10.82 10.67 11.58 17.95
22.05 22.44 12.13 24.73 26.70 19.40 26.11 16.97 6.50 22.73 12.43 21.19 15.74 14.95 17.82 23.98
3.96 4.81 12.65 0.61 2.75 6.20 6.20 18.22 17.86 7.97 13.60 16.02 22.84 9.35 15.32 8.98
21.05 20.53 11.49 23.26 25.41 18.53 25.35 14.00 6.00 22.29 12.33 18.34 12.74 13.75 15.01 21.65
8.34 1.38 13.57 4.99 7.39 9.44 11.45 14.09 17.74 12.69 15.20 11.13 18.99 9.97 11.08 3.73
4.90 8.26 5.13 8.19 9.72 2.38 9.21 16.09 10.65 6.83 5.99 16.10 19.67 2.67 13.88 12.28
17.69 17.42 8.21 19.96 22.08 15.18 22.01 12.78 3.08 19.01 9.26 16.56 12.78 10.40 13.16 18.91
10.48 5.36 17.42 6.01 7.28 12.32 12.14 17.29 21.80 14.53 18.89 13.54 22.28 13.82 14.29 5.58
5.28 12.25 8.89 9.81 9.84 4.23 6.47 21.84 14.35 2.37 8.15 21.63 25.34 8.19 19.59 16.72
3.05 6.17 7.59 5.62 7.30 2.12 7.69 16.22 12.94 6.49 8.56 15.44 20.26 4.49 13.70 10.51
19.60 15.31 14.04 19.57 22.16 18.07 24.22 3.33 12.17 22.74 16.11 8.22 3.72 13.43 5.52 14.19
16.85 15.82 8.07 18.71 20.95 14.50 21.32 10.68 4.22 18.64 9.57 14.40 11.06 9.53 11.00 16.99
15.48 15.16 6.32 17.67 19.80 13.02 19.86 11.82 2.66 17.02 7.73 15.10 12.70 8.16 11.72 16.81
5.01 4.63 7.75 5.90 8.15 4.33 9.59 14.05 12.54 8.77 9.22 13.16 18.24 4.17 11.46 8.60
3.67 4.45 12.02 1.16 3.38 5.72 6.44 17.68 17.21 7.85 13.02 15.61 22.26 8.70 14.80 8.77
18.62 12.29 16.78 16.98 19.55 18.04 22.85 3.65 17.08 22.58 19.02 1.50 8.13 14.66 2.94 9.34
20.51 19.36 11.38 22.38 24.64 18.11 24.95 12.08 6.37 22.13 12.55 16.50 10.83 13.18 13.20 20.18
5.78 11.31 5.75 10.12 10.92 3.34 8.75 19.20 11.27 5.13 5.24 19.48 22.46 5.38 17.15 15.54
10.54 6.70 18.37 5.98 6.55 12.69 11.46 19.14 23.01 14.30 19.68 15.42 24.13 14.81 16.14 7.47
5.11 6.67 14.61 2.05 0.62 7.74 5.39 20.30 19.95 8.27 15.37 17.83 24.99 11.44 17.36 10.39
18.87 18.10 9.62 20.91 23.11 16.43 23.27 12.13 4.64 20.38 10.77 16.22 11.62 11.54 12.85 19.24
3.78 6.37 6.88 6.29 8.05 2.34 8.40 15.69 12.19 6.94 7.96 15.11 19.65 3.72 13.24 10.57
12.86 7.99 20.08 8.30 9.03 14.85 13.94 19.00 24.41 16.72 21.54 14.84 24.00 16.48 16.08 7.27
14.99 12.64 8.17 16.05 18.47 13.02 19.61 7.63 6.92 17.55 10.22 10.78 9.49 8.07 7.38 13.34
17.25 16.74 7.97 19.39 21.55 14.78 21.62 12.04 3.27 18.73 9.19 15.77 12.20 9.92 12.37 18.15
20.42 20.32 10.69 22.83 24.91 17.84 24.64 14.68 5.08 21.46 11.36 18.84 13.75 13.18 15.47 21.71
17.06 15.57 8.67 18.67 20.98 14.80 21.59 9.69 5.22 19.06 10.31 13.53 10.05 9.79 10.14 16.48
8.14 11.17 1.94 11.60 13.11 5.41 12.06 16.08 7.59 8.89 2.66 17.12 18.93 2.87 14.40 14.74
4.79 9.52 14.72 4.90 2.81 7.44 2.24 22.76 20.32 6.02 15.00 20.73 27.24 12.10 19.91 13.58
4.86 3.18 12.29 1.59 4.21 6.57 7.77 16.68 17.25 9.14 13.49 14.39 21.35 8.82 13.75 7.42
19.19 17.84 10.35 20.93 23.22 16.86 23.68 10.87 5.83 20.99 11.72 15.13 10.16 11.88 11.80 18.65
19.84 19.48 10.27 22.11 24.24 17.31 24.14 13.67 4.81 21.07 11.13 17.81 12.85 12.55 14.45 20.76
18.79 19.62 8.83 21.62 23.52 16.11 22.79 16.00 3.29 19.40 9.10 19.71 15.78 11.80 16.31 21.56
10.10 11.92 0.63 13.12 14.88 7.46 14.23 14.60 5.45 11.17 2.85 16.22 17.05 3.39 13.25 14.96
18.33 17.28 9.34 20.21 22.45 15.94 22.78 11.21 4.80 20.02 10.67 15.26 10.91 11.00 11.88 18.32
7.65 7.40 16.91 3.78 2.70 10.24 7.42 21.07 22.11 10.72 17.80 18.06 25.91 13.61 18.06 10.20
6.79 0.81 12.31 3.89 6.46 7.86 10.13 14.52 16.75 11.15 13.84 12.02 19.30 8.71 11.55 5.14
8.84 8.77 18.29 5.20 3.71 11.49 7.95 22.37 23.53 11.57 19.12 19.22 27.24 15.02 19.36 11.28
20.99 20.00 11.72 22.95 25.18 18.56 25.39 12.77 6.51 22.50 12.78 17.21 11.38 13.66 13.92 20.88
11.16 6.55 18.51 6.62 7.48 13.17 12.39 18.42 22.97 15.06 19.93 14.55 23.42 14.92 15.44 6.67
19.11 16.95 11.04 20.39 22.79 16.96 23.69 8.80 7.34 21.31 12.69 13.20 8.13 11.93 9.94 17.29
18.15 12.55 14.99 17.15 19.77 17.20 22.59 1.34 14.74 21.85 17.22 3.78 6.33 13.30 1.82 10.46
15.16 16.12 5.26 17.97 19.86 12.51 19.25 14.46 0.39 16.00 5.95 17.50 15.39 8.14 14.15 18.36
3.11 9.68 7.96 7.63 8.16 1.68 6.07 19.57 13.61 3.16 7.90 19.13 23.30 6.32 17.21 14.14
11.77 10.30 5.54 13.19 15.51 9.75 16.38 9.69 6.68 14.28 7.75 11.56 12.47 4.81 8.43 11.98
19.56 19.06 10.08 21.75 23.90 17.06 23.89 13.16 4.74 20.88 11.04 17.30 12.42 12.25 13.94 20.29
18.81 19.61 8.86 21.63 23.53 16.14 22.82 15.94 3.30 19.43 9.15 19.67 15.72 11.81 16.27 21.54
6.50 11.97 5.55 10.85 11.63 4.06 9.32 19.46 10.94 5.57 4.77 19.90 22.59 5.64 17.49 16.16
16.33 14.86 8.08 17.93 20.24 14.09 20.87 9.55 5.06 18.38 9.79 13.18 10.28 9.07 9.78 15.86
19.62 17.79 11.16 21.10 23.46 17.38 24.17 9.88 6.96 21.64 12.65 14.31 8.92 12.37 11.04 18.29
5.93 8.78 4.13 9.09 10.71 3.37 10.21 15.58 9.63 7.66 5.17 15.89 18.99 1.84 13.51 12.59
5.90 8.16 4.43 8.74 10.49 3.53 10.33 14.99 9.75 8.03 5.70 15.20 18.50 1.49 12.86 11.90
16.60 14.42 9.07 17.81 20.21 14.52 21.20 8.02 6.59 18.96 10.94 11.79 8.87 9.52 8.40 15.01
20.19 13.51 18.83 18.19 20.71 19.78 24.27 5.28 19.15 24.25 21.06 2.35 9.03 16.61 5.02 10.04
5.38 5.39 6.89 6.73 8.90 4.23 10.02 13.82 11.68 8.84 8.42 13.24 17.86 3.31 11.34 9.18
13.07 9.21 21.03 8.54 8.67 15.30 13.48 20.88 25.61 16.63 22.34 16.78 25.88 17.46 17.93 9.11
19.38 18.79 9.96 21.53 23.69 16.89 23.73 12.86 4.71 20.76 10.98 16.99 12.17 12.06 13.62 19.99
20.08 17.77 12.02 21.29 23.71 17.95 24.67 8.88 8.14 22.30 13.63 13.48 7.64 12.92 10.31 17.95
18.75 19.25 8.86 21.42 23.39 16.11 22.85 15.17 3.21 19.55 9.35 18.96 14.90 11.64 15.56 21.03
20.70 19.59 11.53 22.59 24.84 18.29 25.13 12.29 6.45 22.29 12.66 16.72 10.98 13.37 13.44 20.42
3.61 6.83 13.33 2.26 1.55 6.30 4.30 20.14 18.77 6.77 13.98 18.03 24.69 10.32 17.27 10.95
17.72 15.71 9.75 19.06 21.44 15.57 22.31 8.65 6.49 19.94 11.48 12.73 8.77 10.55 9.38 16.27
17.72 17.35 8.30 19.94 22.08 15.22 22.06 12.56 3.26 19.09 9.39 16.36 12.54 10.41 12.96 18.79
17.56 17.61 7.90 19.99 22.05 15.00 21.81 13.48 2.50 18.71 8.79 17.17 13.54 10.31 13.76 19.26
8.15 13.26 4.89 12.44 13.29 5.63 10.93 19.63 9.86 7.05 3.54 20.48 22.44 6.06 17.87 17.29
15.92 14.15 8.09 17.34 19.69 13.76 20.49 8.83 5.67 18.14 9.94 12.35 9.88 8.74 8.95 15.04
20.51 17.02 13.72 21.01 23.55 18.69 25.15 5.97 10.83 23.27 15.61 10.85 4.47 13.80 7.99 16.39
14.25 13.29 6.03 16.06 18.30 11.96 18.76 10.30 4.35 16.23 7.88 13.24 11.86 6.95 9.89 14.80
16.87 17.24 7.11 19.44 21.44 14.27 21.06 13.89 1.59 17.89 7.90 17.38 14.22 9.69 13.98 19.09
4.18 8.69 14.16 4.09 2.23 6.90 2.69 21.92 19.73 6.03 14.54 19.89 26.41 11.42 19.07 12.79
17.29 16.46 8.26 19.26 21.47 14.88 21.72 11.30 3.92 18.94 9.62 15.10 11.46 9.95 11.70 17.70
18.25 13.83 13.18 18.11 20.71 16.80 22.85 2.69 11.89 21.48 15.32 7.19 4.99 12.28 4.22 12.75
16.35 15.22 7.75 18.14 20.40 14.03 20.85 10.31 4.35 18.23 9.35 13.92 10.94 9.04 10.51 16.40
7.87 5.76 16.34 3.37 3.80 10.18 8.71 19.26 21.29 11.51 17.46 16.11 24.15 12.88 16.25 8.22
10.94 5.75 17.84 6.46 7.67 12.78 12.55 17.41 22.18 14.97 19.33 13.56 22.40 14.24 14.42 5.65
4.10 8.25 14.07 3.63 1.82 6.85 3.13 21.53 19.61 6.30 14.52 19.46 26.05 11.25 18.67 12.32
11.92 15.43 3.56 15.75 17.04 9.19 15.22 18.37 6.00 11.44 1.62 20.28 20.30 6.92 17.24 18.83
18.82 17.57 9.95 20.60 22.88 16.47 23.30 10.93 5.44 20.59 11.31 15.11 10.40 11.50 11.76 18.45
3.18 5.03 11.94 1.42 3.13 5.40 5.85 18.15 17.22 7.28 12.84 16.16 22.68 8.71 15.29 9.38
9.21 6.50 17.56 4.71 4.95 11.51 9.86 19.65 22.42 12.81 18.73 16.22 24.59 14.06 16.63 8.24
17.92 11.90 15.59 16.56 19.16 17.18 22.24 2.70 15.78 21.77 17.83 2.33 7.55 13.60 1.74 9.39
21.14 21.06 11.38 23.57 25.65 18.56 25.35 15.16 5.75 22.14 12.00 19.40 14.01 13.91 16.05 22.41
18.19 16.68 9.62 19.82 22.13 15.91 22.71 10.04 5.62 20.13 11.14 14.15 9.82 10.90 10.79 17.48
18.59 12.26 16.72 16.95 19.53 18.00 22.81 3.61 17.02 22.54 18.96 1.52 8.11 14.61 2.89 9.33
21.84 21.60 12.11 24.20 26.30 19.27 26.07 15.22 6.50 22.89 12.76 19.58 13.82 14.58 16.25 22.83
3.95 9.32 6.36 8.11 9.10 1.31 7.63 18.19 12.02 4.78 6.53 18.03 21.78 4.70 15.93 13.62
12.59 7.30 19.46 8.09 9.07 14.47 13.99 18.09 23.69 16.58 20.98 13.94 23.09 15.86 15.16 6.36
7.88 4.02 15.37 3.41 4.97 9.82 9.69 17.36 20.07 11.93 16.68 14.21 22.26 11.81 14.34 6.35
16.43 16.06 7.16 18.62 20.76 13.96 20.80 12.02 2.77 17.91 8.44 15.55 12.52 9.12 12.15 17.60
9.94 12.92 1.29 13.48 14.96 7.20 13.68 16.51 6.17 10.25 1.01 18.04 18.90 4.39 15.12 16.30
13.82 8.71 20.87 9.27 10.01 15.78 14.93 19.14 25.09 17.71 22.37 14.82 24.12 17.26 16.26 7.52
20.12 19.48 10.68 22.25 24.42 17.63 24.47 13.14 5.36 21.48 11.65 17.39 12.16 12.80 14.04 20.60
15.14 13.21 7.74 16.45 18.82 13.05 19.74 8.45 6.04 17.49 9.70 11.69 9.99 8.05 8.30 14.13
17.19 15.95 8.54 18.94 21.22 14.88 21.69 10.31 4.73 19.06 10.08 14.14 10.56 9.88 10.75 16.99
16.99 13.08 11.57 17.16 19.73 15.42 21.62 4.09 10.38 20.09 13.70 7.97 6.37 10.79 4.67 12.52
5.96 6.95 15.42 2.57 1.03 8.59 5.92 20.66 20.72 9.03 16.21 18.01 25.39 12.21 17.69 10.40
18.20 17.23 9.16 20.12 22.35 15.80 22.64 11.34 4.58 19.86 10.47 15.35 11.10 10.87 11.97 18.32
5.85 1.75 12.04 2.99 5.60 7.10 9.15 15.30 16.71 10.20 13.44 12.95 20.01 8.47 12.35 6.12
7.73 3.01 14.63 3.52 5.52 9.43 10.02 16.36 19.21 11.92 16.03 13.29 21.25 11.04 13.34 5.55
18.90 14.49 13.67 18.77 21.37 17.44 23.51 2.75 12.15 22.11 15.79 7.51 4.34 12.88 4.70 13.33
7.36 4.65 15.41 2.80 4.01 9.50 8.81 18.20 20.28 11.25 16.61 15.16 23.07 11.91 15.19 7.35
9.37 12.64 1.68 13.01 14.42 6.62 13.05 16.81 6.82 9.60 1.19 18.18 19.34 4.22 15.33 16.14
19.43 19.47 9.68 21.90 23.95 16.85 23.64 14.44 4.08 20.46 10.37 18.44 13.85 12.21 15.05 20.99
19.26 19.03 9.65 21.59 23.69 16.72 23.54 13.67 4.18 20.46 10.50 17.71 13.09 11.99 14.32 20.42
10.35 5.83 17.71 5.81 6.80 12.33 11.70 18.08 22.22 14.28 19.11 14.37 23.06 14.13 15.08 6.40
16.65 16.34 7.30 18.88 21.00 14.16 21.00 12.26 2.67 18.07 8.50 15.83 12.67 9.34 12.43 17.90
6.27 10.19 3.88 10.00 11.32 3.52 10.11 16.93 9.54 7.02 4.21 17.42 20.14 3.11 14.96 14.12
12.35 8.08 20.00 7.79 8.26 14.48 13.15 19.70 24.50 16.09 21.37 15.66 24.71 16.42 16.75 7.93
17.55 20.42 8.26 21.25 22.65 14.81 20.81 20.21 5.74 16.92 7.12 23.20 20.79 11.86 19.88 23.32
5.71 2.98 13.08 1.81 4.31 7.47 8.31 16.68 17.94 9.94 14.33 14.15 21.44 9.57 13.72 6.89
16.52 9.90 15.83 14.59 17.14 16.19 20.61 5.46 16.97 20.61 18.05 1.32 10.34 13.30 3.15 6.81
16.09 12.36 10.69 16.36 18.91 14.49 20.72 4.73 9.80 19.15 12.84 8.14 7.31 9.85 4.76 12.06
4.88 7.32 14.61 2.64 0.32 7.59 4.64 20.89 20.03 7.71 15.27 18.52 25.53 11.56 17.97 11.14
17.93 17.08 8.83 19.91 22.12 15.52 22.35 11.51 4.23 19.55 10.13 15.44 11.39 10.60 12.05 18.25
19.26 18.23 10.15 21.17 23.41 16.85 23.69 11.71 5.30 20.88 11.37 15.92 11.00 11.92 12.57 19.21
18.27 17.78 8.88 20.44 22.59 15.79 22.62 12.52 3.80 19.67 9.97 16.45 12.27 10.96 13.05 19.10
4.05 5.56 13.19 0.93 1.95 6.51 5.62 19.03 18.49 7.76 14.05 16.78 23.65 9.98 16.12 9.62
18.98 12.59 17.16 17.28 19.85 18.41 23.19 3.82 17.43 22.95 19.40 1.61 8.14 15.05 3.32 9.55
22.30 20.99 13.14 24.11 26.39 19.90 26.74 12.80 7.99 23.91 14.24 17.44 10.84 14.97 14.25 21.61
5.03 2.60 11.82 2.30 4.92 6.45 8.28 15.97 16.68 9.37 13.10 13.77 20.64 8.30 13.06 6.99
18.37 17.37 9.33 20.28 22.51 15.97 22.81 11.35 4.72 20.03 10.64 15.40 11.04 11.04 12.03 18.43
16.39 15.02 8.02 18.05 20.34 14.12 20.91 9.79 4.85 18.38 9.69 13.43 10.46 9.11 10.03 16.07
10.57 4.27 16.45 6.44 8.25 12.04 12.91 15.39 20.52 14.81 18.07 11.65 20.38 12.85 12.40 3.68
21.01 20.16 11.64 23.05 25.25 18.55 25.38 13.14 6.34 22.44 12.64 17.55 11.79 13.68 14.25 21.11
8.43 13.64 5.18 12.75 13.55 5.95 11.06 20.00 10.01 7.12 3.69 20.88 22.77 6.46 18.26 17.69
9.23 14.33 5.19 13.54 14.35 6.74 11.82 20.23 9.66 7.83 3.41 21.28 22.85 6.89 18.59 18.32
7.96 0.98 13.17 4.75 7.22 9.02 11.17 14.08 17.38 12.32 14.78 11.25 18.94 9.57 11.07 4.02
4.02 7.41 6.13 7.14 8.71 1.84 8.48 16.16 11.59 6.51 7.03 15.85 19.93 3.33 13.81 11.57
10.15 12.48 0.31 13.41 15.05 7.44 14.11 15.46 5.55 10.86 1.97 17.09 17.84 3.89 14.12 15.67
15.18 13.98 6.93 16.89 19.17 12.91 19.70 9.93 4.54 17.18 8.71 13.19 11.14 7.90 9.80 15.26
19.08 17.42 10.53 20.64 22.98 16.81 23.61 10.04 6.34 21.04 12.02 14.35 9.37 11.80 11.04 18.06
2.26 9.10 8.58 6.81 7.29 1.64 5.41 19.54 14.23 3.09 8.66 18.87 23.40 6.62 17.09 13.59
4.06 9.27 13.97 4.77 3.05 6.69 1.88 22.32 19.58 5.33 14.23 20.44 26.74 11.39 19.51 13.46
17.52 16.10 8.98 19.18 21.48 15.23 22.03 10.00 5.20 19.45 10.54 13.94 10.11 10.23 10.55 17.00
17.15 15.55 8.86 18.71 21.03 14.92 21.70 9.46 5.48 19.21 10.53 13.33 9.79 9.90 9.95 16.40
19.77 17.78 11.42 21.16 23.54 17.56 24.33 9.56 7.33 21.84 12.96 14.04 8.52 12.54 10.80 18.18
20.44 18.81 11.69 22.04 24.37 18.14 24.95 10.82 7.09 22.30 13.05 15.33 9.50 13.14 12.09 19.36
18.28 17.74 8.91 20.43 22.58 15.80 22.64 12.42 3.87 19.70 10.02 16.36 12.17 10.96 12.97 19.05
19.59 12.55 19.43 17.13 19.56 19.51 23.43 7.29 20.38 23.80 21.65 2.78 11.35 16.87 6.18 8.61
20.92 20.23 11.46 23.04 25.22 18.43 25.27 13.49 6.08 22.27 12.39 17.85 12.22 13.60 14.53 21.27
18.12 16.85 9.35 19.88 22.15 15.79 22.61 10.59 5.12 19.94 10.79 14.63 10.39 10.80 11.26 17.79
17.16 16.08 8.36 18.99 21.24 14.81 21.63 10.67 4.39 18.94 9.84 14.47 10.91 9.83 11.08 17.20
16.93 16.09 7.97 18.89 21.10 14.54 21.37 11.13 3.86 18.62 9.39 14.84 11.45 9.60 11.44 17.35
17.78 18.11 7.99 20.35 22.36 15.18 21.96 14.22 2.39 18.77 8.70 17.89 14.23 10.61 14.49 19.87
15.37 13.57 7.76 16.76 19.12 13.25 19.96 8.70 5.77 17.66 9.67 12.04 10.05 8.23 8.64 14.51
18.15 18.54 8.32 20.76 22.75 15.53 22.30 14.58 2.67 19.06 8.93 18.30 14.48 11.00 14.90 20.31
20.33 20.66 10.46 22.96 24.95 17.71 24.45 15.68 4.81 21.14 10.91 19.73 14.89 13.20 16.35 22.26
10.41 6.22 18.00 5.85 6.64 12.47 11.56 18.58 22.58 14.26 19.35 14.86 23.56 14.43 15.58 6.90
22.15 20.62 13.17 23.83 26.15 19.80 26.62 12.13 8.18 23.88 14.36 16.80 10.13 14.83 13.64 21.12
18.93 16.79 10.86 20.21 22.61 16.77 23.51 8.78 7.21 21.13 12.52 13.15 8.21 11.75 9.87 17.16
10.88 14.24 2.49 14.62 15.98 8.14 14.36 17.58 6.08 10.71 0.45 19.29 19.73 5.75 16.31 17.66
15.11 12.54 8.53 16.06 18.50 13.20 19.75 7.19 7.35 17.76 10.60 10.37 9.14 8.29 6.97 13.11
17.61 14.10 11.45 18.05 20.59 15.88 22.25 5.00 9.65 20.50 13.50 9.20 6.21 11.08 5.94 13.75
16.69 16.26 7.43 18.85 21.00 14.22 21.06 11.98 2.94 18.17 8.69 15.58 12.38 9.37 12.18 17.74
19.38 18.94 9.87 21.60 23.74 16.87 23.70 13.22 4.52 20.68 10.82 17.32 12.56 12.08 13.95 20.22
20.23 19.32 10.96 22.22 24.44 17.79 24.63 12.51 5.82 21.74 12.05 16.84 11.43 12.90 13.52 20.28
4.27 8.24 5.71 7.78 9.19 1.68 8.52 16.66 11.28 6.16 6.40 16.53 20.31 3.36 14.40 12.40
19.97 19.79 10.30 22.33 24.43 17.42 24.23 14.18 4.75 21.10 11.07 18.31 13.36 12.71 14.93 21.15
19.81 13.78 17.09 18.45 21.05 19.02 24.15 2.48 16.79 23.64 19.32 3.30 6.40 15.30 3.48 11.07
4.68 3.81 12.66 0.91 3.53 6.64 7.24 17.35 17.71 8.85 13.77 15.03 22.03 9.24 14.42 7.94
21.21 19.90 12.15 23.00 25.28 18.84 25.67 12.08 7.14 22.88 13.33 16.61 10.51 13.89 13.37 20.58
4.57 7.01 5.93 7.25 9.01 2.62 9.13 15.36 11.23 7.30 7.07 15.09 19.16 2.80 13.02 11.03
4.98 8.80 4.99 8.52 9.93 2.31 9.13 16.57 10.60 6.51 5.65 16.66 20.08 2.97 14.41 12.86
16.35 16.12 6.98 18.61 20.72 13.85 20.69 12.31 2.45 17.75 8.20 15.80 12.83 9.04 12.40 17.73
21.50 21.26 11.79 23.86 25.96 18.93 25.74 14.99 6.19 22.57 12.46 19.31 13.68 14.24 15.98 22.50
18.11 16.55 9.60 19.70 22.02 15.84 22.63 9.88 5.69 20.07 11.15 13.97 9.71 10.83 10.62 17.32
17.04 17.05 7.44 19.44 21.50 14.49 21.31 13.14 2.24 18.25 8.43 16.74 13.40 9.78 13.33 18.72
18.16 16.40 9.85 19.65 22.00 15.94 22.71 9.41 6.12 20.22 11.45 13.56 9.24 10.92 10.21 17.06
3.43 5.86 7.52 5.65 7.46 2.53 8.07 15.78 12.79 6.94 8.60 15.00 19.84 4.29 13.25 10.15
5.95 6.34 15.18 2.12 1.47 8.50 6.38 20.05 20.42 9.28 16.06 17.37 24.81 11.91 17.08 9.75
14.57 17.92 5.78 18.40 19.70 11.85 17.76 19.47 5.62 13.88 4.24 21.89 20.78 9.34 18.70 21.13
6.96 11.66 4.26 11.06 12.11 4.29 10.25 18.33 9.72 6.69 3.70 18.98 21.36 4.59 16.45 15.67
16.79 16.18 7.65 18.86 21.04 14.35 21.19 11.62 3.33 18.36 8.98 15.27 11.99 9.46 11.86 17.57
21.07 20.42 11.58 23.21 25.39 18.57 25.40 13.70 6.15 22.38 12.47 18.07 12.39 13.76 14.75 21.48
18.41 16.91 9.80 20.05 22.36 16.12 22.93 10.15 5.70 20.32 11.29 14.30 9.82 11.12 10.95 17.70
11.93 8.03 19.81 7.38 7.71 14.13 12.58 20.00 24.40 15.59 21.13 16.05 25.00 16.24 17.03 8.23
15.02 13.19 7.56 16.38 18.74 12.92 19.61 8.62 5.88 17.35 9.52 11.83 10.17 7.91 8.43 14.16
19.50 18.49 10.35 21.42 23.66 17.08 23.92 11.87 5.43 21.09 11.55 16.11 11.07 12.16 12.77 19.45
3.17 8.78 7.02 7.36 8.32 0.58 7.00 18.23 12.66 4.49 7.29 17.86 21.96 5.03 15.88 13.15
20.10 19.04 10.94 22.01 24.25 17.69 24.53 12.06 5.94 21.69 12.11 16.40 11.00 12.77 13.09 19.93
3.24 7.65 6.76 6.80 8.14 0.94 7.61 17.01 12.31 5.63 7.42 16.57 20.83 4.20 14.63 11.96
20.07 20.07 10.32 22.53 24.59 17.49 24.28 14.71 4.70 21.09 10.97 18.80 13.90 12.85 15.42 21.53
4.19 5.38 13.23 0.72 2.05 6.61 5.83 18.88 18.49 7.96 14.11 16.60 23.52 9.98 15.97 9.42
17.98 16.74 9.19 19.75 22.02 15.64 22.46 10.62 4.99 19.79 10.63 14.63 10.48 10.66 11.25 17.71
18.27 13.84 13.22 18.12 20.72 16.83 22.87 2.66 11.94 21.51 15.36 7.16 4.96 12.32 4.20 12.75
17.82 13.76 12.34 17.91 20.49 16.26 22.44 3.66 10.92 20.93 14.46 7.95 5.53 11.63 4.80 13.01
12.26 16.73 5.59 16.44 17.41 9.66 14.95 20.65 8.11 10.93 3.36 22.39 22.62 8.54 19.43 20.42
19.78 13.47 17.62 18.16 20.74 19.14 24.02 3.53 17.61 23.71 19.86 2.51 7.45 15.64 3.79 10.47
22.90 15.87 22.21 20.43 22.84 22.74 26.75 8.47 22.59 27.08 24.45 5.45 11.28 19.87 8.46 11.85
15.24 14.44 6.57 17.17 19.39 12.89 19.71 10.75 3.72 17.05 8.22 14.01 11.82 7.92 10.62 15.90
4.70 7.18 14.42 2.49 0.45 7.41 4.63 20.73 19.84 7.61 15.09 18.39 25.36 11.36 17.81 11.04
16.54 13.34 10.29 17.15 19.66 14.76 21.19 5.73 8.75 19.37 12.36 9.49 7.39 9.93 6.12 13.33
10.88 5.00 17.19 6.57 8.13 12.51 12.91 16.24 21.35 15.05 18.76 12.41 21.24 13.58 13.26 4.49
10.13 11.49 1.35 12.93 14.78 7.56 14.38 13.88 5.46 11.48 3.58 15.50 16.39 3.10 12.52 14.39
15.18 10.90 10.90 15.07 17.66 13.82 19.78 4.37 10.84 18.51 13.12 6.79 8.05 9.49 3.40 10.38
5.08 4.80 13.71 0.56 2.49 7.36 6.77 18.46 18.85 8.95 14.72 15.96 23.17 10.35 15.51 8.60
15.25 16.57 5.28 18.24 20.05 12.56 19.23 15.30 0.96 15.86 5.64 18.29 16.21 8.41 14.95 18.96
15.01 14.08 6.53 16.87 19.10 12.69 19.50 10.44 4.04 16.90 8.26 13.64 11.65 7.70 10.25 15.50
18.70 17.06 10.18 20.26 22.59 16.43 23.23 9.93 6.11 20.67 11.69 14.16 9.45 11.42 10.83 17.74
17.40 16.07 8.79 19.11 21.39 15.09 21.90 10.18 4.96 19.29 10.33 14.08 10.34 10.09 10.69 17.04
19.57 18.07 10.82 21.23 23.54 17.26 24.08 10.68 6.32 21.42 12.20 15.04 9.78 12.27 11.74 18.76
20.29 20.04 10.63 22.62 24.73 17.74 24.55 14.22 5.09 21.43 11.40 18.40 13.28 13.02 15.04 21.36
17.63 16.41 8.89 19.40 21.67 15.30 22.12 10.51 4.83 19.45 10.36 14.45 10.55 10.31 11.06 17.41
11.42 16.12 5.44 15.66 16.57 8.86 14.05 20.63 8.60 10.02 3.21 22.18 22.80 8.10 19.28 19.91
21.38 20.63 11.93 23.47 25.66 18.89 25.73 13.62 6.54 22.74 12.85 18.05 12.18 14.06 14.76 21.61
17.55 16.23 8.91 19.27 21.55 15.24 22.06 10.25 5.01 19.44 10.44 14.18 10.33 10.25 10.79 17.19
17.04 15.67 8.53 18.71 21.01 14.75 21.55 9.97 4.95 18.98 10.13 13.78 10.32 9.75 10.39 16.65
0.99 7.54 10.96 4.12 4.30 3.72 3.85 19.72 16.54 4.43 11.39 18.29 23.98 8.30 17.01 12.02
19.70 13.34 17.68 18.03 20.60 19.10 23.92 3.75 17.75 23.65 19.92 2.30 7.71 15.65 3.83 10.28
17.31 16.02 8.69 19.04 21.32 15.00 21.82 10.22 4.88 19.20 10.23 14.10 10.42 10.01 10.71 17.01
17.49 17.07 8.13 19.68 21.82 15.00 21.84 12.33 3.23 18.91 9.28 16.10 12.40 10.17 12.70 18.49
16.61 10.37 15.07 15.05 17.64 16.04 20.86 4.14 15.85 20.57 17.31 1.77 9.10 12.78 1.77 7.77
19.91 18.18 11.31 21.45 23.79 17.64 24.44 10.27 6.94 21.86 12.75 14.73 9.18 12.63 11.47 18.71
19.44 13.24 17.14 17.92 20.51 18.76 23.72 3.08 17.11 23.34 19.38 2.51 7.21 15.20 3.33 10.37
4.03 6.41 6.68 6.49 8.29 2.50 8.65 15.50 11.95 7.14 7.80 14.98 19.42 3.47 13.06 10.55
21.83 20.33 12.85 23.53 25.83 19.48 26.30 11.99 7.89 23.56 14.06 16.63 10.13 14.51 13.45 20.87
8.19 11.94 2.62 11.97 13.28 5.44 11.79 17.24 8.05 8.35 2.25 18.26 20.02 3.93 15.56 15.67
9.66 5.06 16.92 5.16 6.38 11.59 11.24 17.58 21.44 13.66 18.32 14.01 22.55 13.33 14.57 6.02
17.25 16.73 7.98 19.38 21.54 14.79 21.63 12.01 3.30 18.74 9.21 15.74 12.17 9.93 12.34 18.13
10.22 13.75 2.41 14.00 15.32 7.47 13.67 17.63 6.65 10.03 0.33 19.17 19.95 5.35 16.26 17.27
9.68 5.49 17.21 5.14 6.13 11.70 11.03 18.12 21.81 13.60 18.56 14.55 23.09 13.64 15.11 6.56
4.64 11.14 7.61 9.18 9.59 2.95 6.93 20.35 13.17 3.23 7.13 20.21 23.85 6.70 18.12 15.56
9.09 4.77 16.47 4.59 5.85 11.04 10.69 17.59 21.07 13.09 17.84 14.15 22.55 12.90 14.58 6.18
20.78 19.69 11.59 22.68 24.93 18.37 25.21 12.38 6.49 22.35 12.71 16.81 11.04 13.45 13.53 20.52
5.62 9.57 15.59 4.88 2.43 8.32 3.17 23.02 21.16 7.06 15.94 20.78 27.59 12.85 20.13 13.43
11.02 6.22 18.23 6.49 7.48 12.97 12.39 18.05 22.65 14.97 19.66 14.20 23.05 14.63 15.07 6.30
20.04 20.35 10.17 22.65 24.65 17.41 24.16 15.48 4.52 20.87 10.65 19.49 14.77 12.89 16.10 21.97
21.14 17.80 14.07 21.75 24.28 19.27 25.79 6.73 10.88 23.81 15.90 11.64 4.67 14.34 8.82 17.22
15.22 14.69 6.29 17.29 19.46 12.81 19.64 11.31 3.16 16.88 7.84 14.54 12.34 7.88 11.16 16.27
2.58 7.70 12.55 3.49 2.84 5.32 3.18 20.56 18.10 5.28 13.00 18.78 24.97 9.78 17.77 12.02
11.36 14.79 2.98 15.14 16.46 8.62 14.75 17.95 6.03 11.03 0.99 19.76 20.00 6.30 16.75 18.21
13.73 15.50 3.77 16.88 18.60 11.02 17.64 15.61 2.34 14.23 4.01 18.20 16.98 7.11 14.94 18.18
17.71 16.18 9.25 19.32 21.63 15.45 22.24 9.81 5.49 19.69 10.82 13.81 9.83 10.44 10.44 17.01
20.53 14.32 18.05 19.01 21.59 19.83 24.82 3.40 17.77 24.42 20.28 3.40 6.78 16.20 4.34 11.36
6.33 6.26 15.45 2.31 1.87 8.84 6.79 19.98 20.64 9.70 16.37 17.20 24.76 12.14 16.99 9.52
4.00 10.20 7.19 8.46 9.09 1.99 6.95 19.44 12.82 3.68 7.01 19.23 23.02 5.90 17.17 14.59
15.20 15.33 5.72 17.61 19.66 12.66 19.49 12.71 1.76 16.51 6.95 15.87 13.66 7.93 12.50 17.22
10.32 4.47 16.65 6.05 7.70 11.94 12.43 16.09 20.86 14.50 18.20 12.39 21.08 13.04 13.10 4.41
19.04 17.46 10.41 20.64 22.96 16.75 23.55 10.22 6.16 20.95 11.88 14.51 9.58 11.75 11.19 18.14
4.64 9.27 5.47 8.54 9.73 1.89 8.52 17.45 11.13 5.70 5.80 17.48 20.96 3.83 15.27 13.45
17.82 16.64 9.00 19.62 21.88 15.47 22.29 10.70 4.80 19.61 10.44 14.66 10.64 10.50 11.28 17.66
16.32 16.39 6.76 18.73 20.79 13.78 20.60 12.97 1.84 17.57 7.83 16.40 13.49 9.06 13.01 18.14
21.06 20.34 11.62 23.17 25.35 18.58 25.41 13.50 6.24 22.42 12.55 17.88 12.17 13.74 14.58 21.36
17.38 17.40 7.75 19.79 21.85 14.82 21.64 13.32 2.42 18.56 8.68 16.98 13.45 10.13 13.58 19.05
19.31 14.29 14.91 18.76 21.38 18.07 23.85 1.07 13.79 22.75 17.07 6.04 4.25 13.75 3.78 12.60
11.66 8.27 19.84 7.15 7.23 13.95 12.05 20.57 24.54 15.19 21.09 16.71 25.57 16.29 17.58 8.83
3.12 4.39 11.01 2.17 4.24 4.84 6.61 17.14 16.20 7.45 12.02 15.33 21.64 7.69 14.32 8.87
18.43 17.44 9.38 20.34 22.58 16.03 22.87 11.39 4.75 20.08 10.68 15.45 11.05 11.10 12.08 18.50
19.70 18.28 10.86 21.40 23.70 17.36 24.19 10.95 6.25 21.50 12.20 15.31 10.00 12.38 12.01 19.00
21.76 16.86 16.70 21.32 23.94 20.41 26.33 3.29 14.81 25.09 18.80 7.98 1.71 15.92 6.28 15.06
10.66 7.82 19.08 6.20 6.14 13.01 10.95 20.59 23.90 14.12 20.25 16.92 25.57 15.57 17.59 8.96
23.10 21.52 14.09 24.77 27.09 20.74 27.57 12.64 9.02 24.81 15.24 17.40 10.29 15.78 14.30 21.93
4.12 6.73 6.40 6.77 8.51 2.36 8.71 15.60 11.72 7.04 7.49 15.17 19.47 3.28 13.20 10.85
23.33 18.05 18.63 22.61 25.23 22.10 27.85 4.35 16.78 26.78 20.74 8.22 2.17 17.72 7.31 15.82
16.62 11.12 13.72 15.67 18.29 15.68 21.06 2.60 13.90 20.32 15.95 3.83 7.52 11.86 0.55 9.32
10.86 8.15 19.36 6.44 6.26 13.24 11.03 20.92 24.21 14.26 20.52 17.22 25.89 15.86 17.91 9.27
12.17 14.93 2.74 15.70 17.20 9.42 15.81 16.96 4.60 12.22 1.88 19.05 18.78 6.34 15.94 18.07
21.91 16.30 18.01 20.92 23.54 20.86 26.37 2.92 16.79 25.54 20.18 6.16 3.83 16.73 5.60 13.86
9.24 5.05 16.73 4.71 5.86 11.24 10.73 17.85 21.34 13.20 18.08 14.37 22.80 13.16 14.83 6.39
8.52 5.05 16.35 3.96 4.98 10.61 9.85 18.24 21.10 12.40 17.62 14.93 23.17 12.81 15.23 6.99
1.23 8.54 10.51 5.31 5.32 3.25 3.65 20.25 16.14 3.27 10.73 19.07 24.37 8.16 17.62 13.05
9.93 4.52 16.61 5.57 7.10 11.66 11.88 16.60 20.96 14.06 18.11 12.98 21.58 13.01 13.60 4.99
11.46 5.42 17.61 7.17 8.72 13.06 13.51 16.14 21.68 15.65 19.22 12.18 21.14 14.01 13.19 4.37
18.00 11.24 17.30 15.91 18.43 17.72 22.03 5.62 18.21 22.12 19.53 0.68 10.18 14.83 4.05 7.79
5.97 1.40 11.42 3.68 6.30 6.90 9.58 14.58 15.99 10.32 12.90 12.40 19.27 7.83 11.66 5.93
9.12 3.63 15.68 4.88 6.67 10.77 11.32 16.14 20.06 13.31 17.18 12.73 21.10 12.08 13.13 4.78
3.68 3.78 9.97 3.35 5.62 4.56 7.75 15.85 15.01 7.99 11.16 14.25 20.29 6.53 13.07 8.29
18.02 13.09 13.79 17.52 20.13 16.78 22.57 1.47 13.02 21.47 15.98 5.70 5.43 12.51 2.87 11.61
17.62 15.96 9.31 19.15 21.48 15.39 22.17 9.45 5.74 19.67 10.94 13.45 9.55 10.37 10.08 16.72
19.28 18.25 10.17 21.19 23.43 16.87 23.71 11.72 5.31 20.90 11.39 15.93 11.01 11.95 12.58 19.23
20.37 19.07 11.36 22.15 24.43 18.00 24.83 11.62 6.50 22.07 12.60 16.05 10.39 13.04 12.76 19.81
18.34 17.97 8.87 20.58 22.71 15.83 22.67 12.85 3.65 19.67 9.89 16.77 12.59 11.04 13.38 19.36
11.09 13.99 1.91 14.64 16.12 8.34 14.75 16.78 5.35 11.22 0.97 18.61 18.88 5.41 15.58 17.25
4.63 4.31 12.99 0.38 3.00 6.76 6.85 17.88 18.10 8.69 14.03 15.53 22.56 9.61 14.95 8.35
3.36 4.28 11.33 1.85 4.02 5.16 6.64 17.22 16.50 7.66 12.35 15.31 21.75 7.99 14.37 8.72
9.94 5.60 17.39 5.40 6.40 11.94 11.30 18.08 21.95 13.87 18.76 14.45 23.05 13.82 15.07 6.47
16.97 16.31 7.85 19.03 21.21 14.54 21.38 11.57 3.48 18.56 9.18 15.27 11.86 9.64 11.87 17.66
19.87 19.49 10.30 22.13 24.26 17.35 24.17 13.63 4.86 21.11 11.18 17.79 12.80 12.58 14.42 20.76
16.24 15.34 7.43 18.15 20.37 13.87 20.70 10.80 3.84 18.00 8.96 14.35 11.45 8.91 10.95 16.65
10.13 12.80 0.83 13.54 15.10 7.40 13.97 16.03 5.77 10.62 1.41 17.64 18.39 4.22 14.69 16.08
4.74 5.14 7.36 6.08 8.22 3.84 9.36 14.38 12.28 8.35 8.76 13.62 18.49 3.83 11.84 9.15
19.67 18.73 10.45 21.63 23.86 17.24 24.08 12.15 5.43 21.22 11.60 16.40 11.29 12.33 13.06 19.73
18.60 17.39 9.72 20.40 22.67 16.25 23.08 10.92 5.25 20.36 11.09 15.05 10.49 11.28 11.70 18.31
17.58 15.98 9.21 19.14 21.47 15.33 22.12 9.59 5.59 19.60 10.83 13.57 9.69 10.32 10.19 16.78
5.24 7.49 14.98 2.84 0.22 7.96 4.81 21.10 20.39 8.00 15.64 18.67 25.77 11.91 18.17 11.22
18.56 17.41 9.62 20.39 22.65 16.19 23.02 11.06 5.11 20.29 10.97 15.17 10.66 11.23 11.81 18.37
7.86 5.72 16.31 3.36 3.81 10.16 8.73 19.22 21.26 11.51 17.43 16.07 24.10 12.84 16.20 8.17
9.00 8.91 3.89 10.96 13.09 6.86 13.56 12.09 7.56 11.36 6.04 13.08 15.28 1.90 10.32 11.62
11.62 13.53 1.64 14.75 16.47 8.92 15.60 15.13 4.07 12.33 2.65 17.19 17.13 5.03 14.07 16.44
10.70 12.27 1.11 13.63 15.43 8.07 14.85 14.30 4.85 11.80 3.13 16.11 16.61 3.83 13.07 15.16
18.34 16.92 9.67 20.02 22.32 16.04 22.85 10.31 5.52 20.22 11.15 14.43 10.01 11.04 11.07 17.75
7.08 6.16 15.98 2.81 2.70 9.53 7.62 19.83 21.08 10.54 16.97 16.87 24.66 12.60 16.83 9.07
11.24 13.74 1.55 14.63 16.21 8.51 15.06 16.09 4.81 11.63 1.63 17.99 18.16 5.15 14.94 16.87
4.79 8.39 14.74 3.70 1.43 7.54 3.54 21.83 20.26 6.95 15.22 19.61 26.40 11.87 18.94 12.31
11.01 15.41 4.55 15.14 16.17 8.38 13.89 19.74 7.94 9.95 2.32 21.29 21.94 7.27 18.39 19.13
17.81 16.25 9.35 19.40 21.72 15.55 22.34 9.78 5.58 19.79 10.93 13.81 9.76 10.54 10.44 17.06
12.55 6.92 19.10 8.10 9.28 14.32 14.17 17.41 23.23 16.61 20.67 13.24 22.40 15.50 14.49 5.69
16.60 14.95 8.47 18.11 20.44 14.39 21.15 9.22 5.46 18.71 10.21 12.94 9.86 9.37 9.55 15.83
20.66 19.30 11.67 22.41 24.70 18.30 25.13 11.63 6.80 22.38 12.91 16.11 10.27 13.33 12.85 19.99
10.63 10.92 2.91 12.92 14.97 8.24 15.07 12.32 5.53 12.47 5.13 14.03 14.89 3.30 11.00 13.43
17.45 16.31 8.66 19.26 21.52 15.10 21.93 10.64 4.60 19.25 10.13 14.52 10.75 10.13 11.13 17.38
17.64 10.63 17.76 15.23 17.68 17.58 21.50 7.03 19.07 21.85 19.96 2.05 11.62 15.07 5.17 6.82
19.22 17.02 11.18 20.48 22.89 17.08 23.81 8.75 7.48 21.44 12.83 13.18 8.02 12.06 9.93 17.33
11.58 14.29 2.11 15.07 16.59 8.84 15.28 16.62 4.83 11.76 1.49 18.58 18.59 5.70 15.51 17.46
6.20 4.17 14.29 1.67 3.46 8.30 8.00 17.88 19.24 10.18 15.44 15.12 22.68 10.82 14.89 7.55
5.90 10.40 4.52 9.85 11.02 3.17 9.53 17.64 10.16 6.31 4.55 18.03 20.89 3.81 15.63 14.45
19.08 14.33 14.32 18.72 21.33 17.74 23.66 1.80 13.04 22.43 16.46 6.67 4.22 13.32 4.11 12.89
16.26 15.87 7.01 18.44 20.57 13.79 20.63 11.94 2.76 17.75 8.32 15.43 12.51 8.93 12.03 17.43
16.08 9.53 15.33 14.22 16.79 15.71 20.20 5.42 16.53 20.15 17.55 1.76 10.36 12.80 2.89 6.61
17.37 16.71 8.20 19.44 21.62 14.94 21.77 11.73 3.62 18.93 9.47 15.51 11.84 10.04 12.11 18.03
10.47 7.79 18.95 6.04 5.92 12.84 10.73 20.64 23.81 13.91 20.11 17.01 25.61 15.46 17.63 9.03
19.85 13.19 18.51 17.87 20.39 19.44 23.94 5.14 18.89 23.91 20.75 2.01 9.04 16.28 4.73 9.75
12.91 16.42 4.43 16.76 18.04 10.19 16.13 18.90 5.87 12.29 2.63 21.00 20.60 7.89 17.90 19.77
11.67 17.34 7.88 16.15 16.65 9.45 13.42 23.09 11.27 9.27 5.74 24.35 25.42 10.00 21.58 21.40
18.73 14.70 13.00 18.86 21.44 17.14 23.36 3.78 11.20 21.79 15.07 8.43 4.72 12.45 5.45 13.86
18.78 18.20 9.40 20.92 23.08 16.30 23.14 12.56 4.27 20.19 10.48 16.60 12.10 11.46 13.22 19.45
19.67 17.30 11.73 20.84 23.26 17.56 24.27 8.51 8.05 21.94 13.39 13.06 7.52 12.54 9.87 17.47
10.72 13.98 2.21 14.41 15.80 7.97 14.26 17.32 6.02 10.65 0.32 19.01 19.51 5.47 16.04 17.38
12.76 16.03 3.94 16.51 17.86 10.02 16.11 18.30 5.37 12.34 2.35 20.42 20.00 7.46 17.31 19.30
9.54 13.71 3.37 13.54 14.68 6.84 12.73 18.54 7.89 8.97 1.57 19.84 21.03 5.65 17.03 17.45
12.95 9.01 20.85 8.42 8.62 15.17 13.45 20.65 25.41 16.56 22.18 16.56 25.65 17.28 17.70 8.88
22.53 21.29 13.32 24.38 26.65 20.12 26.96 13.12 8.10 24.10 14.38 17.77 11.11 15.20 14.58 21.94
18.64 12.47 16.44 17.15 19.75 17.96 22.93 2.98 16.57 22.54 18.68 2.09 7.53 14.43 2.59 9.72
16.51 16.06 7.29 18.66 20.81 14.06 20.89 11.87 2.95 18.03 8.60 15.43 12.34 9.19 12.02 17.55
10.37 6.30 18.04 5.80 6.54 12.46 11.46 18.72 22.64 14.19 19.37 15.02 23.70 14.47 15.72 7.05
17.91 17.66 8.41 20.20 22.31 15.39 22.22 12.91 3.20 19.21 9.42 16.73 12.82 10.62 13.33 19.13
9.38 7.24 18.03 4.99 4.80 11.78 9.63 20.46 22.98 12.78 19.13 17.04 25.40 14.57 17.44 9.06
18.64 16.93 10.20 20.16 22.51 16.40 23.18 9.72 6.23 20.65 11.75 13.95 9.28 11.38 10.62 17.57
18.75 17.13 10.21 20.33 22.66 16.48 23.28 10.00 6.10 20.71 11.71 14.24 9.50 11.47 10.91 17.82
20.15 19.50 10.71 22.28 24.45 17.66 24.49 13.14 5.38 21.51 11.68 17.40 12.16 12.83 14.06 20.62
7.19 2.39 13.88 3.24 5.50 8.78 9.78 15.95 18.47 11.45 15.29 13.07 20.80 10.29 12.94 5.52
11.87 14.77 2.62 15.45 16.92 9.12 15.47 17.11 4.95 11.87 1.53 19.11 19.01 6.18 16.03 17.98
18.49 15.88 11.03 19.50 21.95 16.48 23.12 7.42 8.02 20.95 12.85 11.78 7.25 11.49 8.52 16.01
18.87 17.03 10.51 20.33 22.68 16.65 23.42 9.51 6.58 20.93 12.08 13.81 8.95 11.63 10.50 17.58
9.07 7.11 17.78 4.71 4.49 11.49 9.32 20.42 22.75 12.46 18.86 17.06 25.34 14.33 17.40 9.08
19.59 13.01 18.12 17.70 20.24 19.14 23.72 4.74 18.46 23.63 20.36 1.79 8.75 15.92 4.31 9.68
9.92 13.82 2.98 13.83 15.05 7.20 13.21 18.20 7.32 9.49 1.02 19.62 20.59 5.58 16.76 17.46
22.84 22.13 13.30 24.97 27.16 20.33 27.16 14.69 7.79 24.10 14.11 19.25 12.81 15.53 16.00 23.05
5.22 4.19 13.46 0.74 3.10 7.33 7.26 17.86 18.51 9.24 14.55 15.35 22.59 10.04 14.90 8.02
20.89 20.82 11.13 23.32 25.39 18.30 25.10 15.04 5.50 21.89 11.76 19.25 13.97 13.66 15.89 22.19
17.62 16.48 8.81 19.43 21.69 15.27 22.10 10.69 4.67 19.41 10.26 14.61 10.72 10.30 11.22 17.52
17.62 13.93 11.71 17.94 20.50 15.95 22.26 4.55 10.06 20.59 13.78 8.76 6.00 11.21 5.52 13.45
17.38 10.93 16.06 15.62 18.19 16.90 21.55 4.43 16.80 21.39 18.30 0.80 9.22 13.74 2.61 7.98
17.46 15.79 9.17 18.98 21.32 15.23 22.01 9.40 5.69 19.52 10.82 13.36 9.59 10.21 9.99 16.57
8.81 7.40 17.73 4.58 4.05 11.30 8.82 20.83 22.79 12.06 18.75 17.55 25.74 14.33 17.82 9.59
19.18 18.35 9.94 21.20 23.40 16.74 23.58 12.15 4.93 20.70 11.08 16.31 11.51 11.85 12.95 19.44
8.72 5.35 16.64 4.16 5.03 10.86 9.93 18.49 21.40 12.56 17.90 15.14 23.43 13.11 15.48 7.17
24.20 17.78 21.61 22.47 25.02 23.55 28.42 6.49 20.89 28.12 23.83 6.57 7.51 19.90 8.05 14.42
18.80 18.57 9.22 21.12 23.22 16.27 23.09 13.40 3.82 20.03 10.12 17.37 12.98 11.52 13.98 19.98
13.07 7.33 19.52 8.63 9.80 14.82 14.69 17.44 23.58 17.14 21.11 13.18 22.43 15.92 14.55 5.80
20.58 19.65 11.29 22.56 24.79 18.14 24.98 12.67 6.11 22.08 12.36 17.04 11.45 13.25 13.74 20.58
3.65 7.83 6.35 7.16 8.54 1.21 7.99 16.82 11.90 5.86 7.04 16.49 20.58 3.83 14.48 12.07
11.23 14.65 2.86 15.00 16.33 8.49 14.64 17.86 6.05 10.94 0.84 19.64 19.94 6.15 16.64 18.07
9.97 7.73 18.63 5.60 5.32 12.39 10.09 20.81 23.56 13.32 19.74 17.29 25.76 15.16 17.80 9.30
18.11 17.24 9.01 20.08 22.30 15.70 22.53 11.55 4.36 19.72 10.29 15.52 11.34 10.78 12.13 18.39
5.29 2.17 10.65 3.71 6.29 6.06 9.15 14.69 15.33 9.62 12.08 12.79 19.28 7.07 11.83 6.66
19.12 20.70 9.19 22.31 24.03 16.39 22.87 18.04 4.35 19.24 8.93 21.61 17.92 12.50 18.21 22.97
14.39 9.18 21.36 9.85 10.59 16.34 15.50 19.27 25.52 18.29 22.88 14.87 24.24 17.75 16.42 7.75
21.44 21.12 11.76 23.75 25.87 18.88 25.69 14.76 6.18 22.55 12.47 19.10 13.45 14.17 15.77 22.33
10.91 12.68 1.03 13.95 15.70 8.24 14.98 14.70 4.67 11.83 2.77 16.57 16.92 4.19 13.51 15.63
6.53 8.48 16.33 3.99 1.53 9.26 5.30 22.18 21.75 8.91 16.96 19.54 26.90 13.27 19.22 11.90
21.79 21.26 12.20 24.00 26.15 19.26 26.08 14.46 6.67 23.00 12.98 18.88 12.96 14.49 15.57 22.34
17.42 17.95 7.57 20.09 22.05 14.80 21.56 14.53 1.92 18.31 8.19 18.10 14.69 10.30 14.70 19.84
10.22 13.87 2.62 14.05 15.34 7.49 13.62 17.84 6.80 9.95 0.51 19.37 20.16 5.50 16.46 17.42
22.80 22.17 13.22 24.98 27.14 20.28 27.10 14.88 7.68 24.02 13.99 19.42 13.05 15.50 16.16 23.14
6.24 11.01 4.62 10.33 11.38 3.56 9.63 18.17 10.19 6.21 4.33 18.63 21.34 4.35 16.20 15.09
17.42 11.51 15.01 16.15 18.76 16.64 21.77 2.67 15.26 21.24 17.25 2.62 7.64 13.02 1.16 9.18
19.09 19.78 9.16 21.86 23.79 16.43 23.13 15.82 3.55 19.77 9.49 19.61 15.49 12.05 16.21 21.63
12.43 6.96 19.14 7.95 9.05 14.25 13.96 17.67 23.32 16.46 20.68 13.54 22.67 15.53 14.75 5.94
18.26 16.55 9.87 19.77 22.11 16.02 22.80 9.57 6.05 20.29 11.45 13.73 9.34 11.00 10.38 17.23
20.63 19.90 11.21 22.72 24.91 18.15 24.99 13.22 5.88 22.01 12.18 17.56 12.04 13.31 14.23 20.94
13.19 17.19 5.47 17.23 18.34 10.52 16.10 20.14 7.03 12.14 3.42 22.17 21.85 8.76 19.10 20.69
18.22 17.73 8.84 20.39 22.54 15.74 22.57 12.50 3.77 19.63 9.93 16.41 12.27 10.90 13.02 19.06
19.75 18.71 10.61 21.67 23.91 17.34 24.18 11.93 5.66 21.35 11.80 16.21 11.01 12.42 12.88 19.64
19.61 17.97 10.96 21.19 23.52 17.32 24.13 10.36 6.59 21.52 12.39 14.75 9.43 12.32 11.46 18.58
19.13 13.72 15.41 18.28 20.91 18.06 23.61 0.24 14.70 22.73 17.61 4.80 5.08 13.97 2.99 11.70
18.44 12.24 16.35 16.92 19.51 17.79 22.71 3.16 16.57 22.35 18.59 1.86 7.77 14.30 2.50 9.47
19.44 18.98 9.94 21.65 23.79 16.93 23.76 13.20 4.59 20.75 10.89 17.31 12.51 12.13 13.94 20.24
3.57 10.35 8.25 8.12 8.47 2.38 5.95 20.23 13.88 2.64 8.01 19.83 23.91 6.86 17.89 14.82
17.18 14.42 10.20 18.07 20.54 15.25 21.82 6.74 7.95 19.78 12.15 10.74 7.57 10.31 7.40 14.59
17.75 18.07 7.97 20.32 22.32 15.15 21.93 14.19 2.36 18.74 8.68 17.86 14.21 10.57 14.46 19.83
17.74 16.90 8.66 19.72 21.93 15.33 22.17 11.46 4.13 19.37 9.97 15.35 11.41 10.41 11.96 18.10
7.49 2.05 13.83 3.68 5.97 8.96 10.21 15.50 18.32 11.78 15.30 12.59 20.37 10.23 12.49 5.05
3.47 6.89 13.22 2.36 1.69 6.17 4.18 20.16 18.68 6.61 13.86 18.09 24.69 10.23 17.29 11.04
16.87 11.62 13.47 16.12 18.74 15.81 21.36 2.19 13.37 20.47 15.70 4.53 6.92 11.81 1.33 10.02
4.02 7.94 5.99 7.45 8.88 1.54 8.34 16.60 11.53 6.13 6.72 16.37 20.31 3.48 14.30 12.12
4.45 8.57 5.53 8.07 9.43 1.78 8.61 16.83 11.13 6.09 6.13 16.77 20.42 3.39 14.60 12.72
10.85 4.90 17.09 6.57 8.17 12.46 12.93 16.10 21.23 15.03 18.67 12.28 21.10 13.48 13.12 4.35
17.96 16.94 8.99 19.85 22.09 15.58 22.41 11.13 4.56 19.66 10.35 15.10 11.00 10.63 11.71 18.03
11.58 15.10 3.30 15.41 16.70 8.85 14.91 18.22 6.10 11.16 1.29 20.06 20.22 6.61 17.04 18.53
18.74 18.24 9.31 20.91 23.07 16.25 23.08 12.73 4.12 20.11 10.35 16.74 12.30 11.42 13.36 19.52
20.04 17.37 12.37 21.04 23.50 18.00 24.66 7.91 8.86 22.44 14.09 12.58 6.69 13.00 9.46 17.32
8.85 13.02 3.21 12.83 13.99 6.14 12.13 18.22 8.16 8.45 1.89 19.36 20.85 5.06 16.61 16.79
8.44 11.79 2.02 12.06 13.48 5.69 12.19 16.66 7.54 8.85 2.11 17.77 19.40 3.54 15.02 15.40
20.77 20.84 10.96 23.28 25.32 18.17 24.94 15.33 5.31 21.70 11.52 19.49 14.34 13.57 16.12 22.30
21.62 21.30 11.93 23.94 26.05 19.06 25.87 14.89 6.34 22.72 12.63 19.24 13.52 14.35 15.92 22.51
9.11 13.50 3.66 13.18 14.27 6.45 12.24 18.74 8.37 8.46 2.05 19.91 21.32 5.61 17.15 17.31
15.75 14.60 7.30 17.51 19.77 13.45 20.25 10.13 4.37 17.68 8.99 13.56 11.06 8.45 10.16 15.83
8.27 13.77 5.76 12.67 13.36 5.90 10.69 20.48 10.60 6.68 4.28 21.27 23.31 6.86 18.70 17.89
18.84 14.24 13.90 18.58 21.19 17.45 23.43 2.20 12.57 22.13 16.04 6.97 4.40 12.97 4.24 12.94
8.63 1.77 13.96 5.14 7.47 9.79 11.64 14.21 18.10 12.98 15.59 11.13 19.13 10.36 11.20 3.56
10.11 13.59 2.26 13.86 15.20 7.36 13.60 17.48 6.63 9.99 0.35 19.01 19.83 5.18 16.10 17.10
11.12 7.33 19.02 6.57 6.98 13.31 11.88 19.61 23.66 14.82 20.33 15.80 24.60 15.46 16.62 7.89
19.91 18.50 11.04 21.63 23.92 17.57 24.40 11.08 6.38 21.70 12.36 15.47 10.04 12.60 12.18 19.21
18.77 19.81 8.80 21.70 23.55 16.08 22.72 16.49 3.39 19.26 8.94 20.15 16.33 11.87 16.75 21.84
16.90 15.67 8.30 18.65 20.93 14.59 21.41 10.23 4.65 18.79 9.87 14.00 10.62 9.60 10.60 16.74
6.16 1.32 11.13 4.13 6.76 6.90 9.91 14.14 15.61 10.49 12.66 12.03 18.80 7.52 11.22 5.79
11.07 13.98 1.91 14.63 16.10 8.33 14.74 16.79 5.37 11.20 0.96 18.61 18.90 5.41 15.59 17.25
19.34 18.29 10.24 21.24 23.48 16.94 23.77 11.68 5.40 20.97 11.47 15.91 10.94 12.01 12.56 19.24
17.19 15.59 8.88 18.74 21.07 14.95 21.73 9.48 5.47 19.23 10.54 13.37 9.80 9.93 9.98 16.44
11.07 13.28 1.15 14.32 15.97 8.36 15.00 15.50 4.70 11.69 2.07 17.39 17.63 4.71 14.33 16.34
21.18 20.59 11.66 23.36 25.52 18.67 25.50 13.90 6.20 22.46 12.52 18.27 12.57 13.88 14.96 21.67
8.14 11.68 2.37 11.83 13.20 5.39 11.85 16.87 7.90 8.49 2.34 17.89 19.68 3.58 15.18 15.36
18.39 19.18 8.45 21.20 23.11 15.73 22.43 15.66 2.87 19.06 8.79 19.33 15.55 11.38 15.92 21.12
20.47 18.90 11.67 22.11 24.43 18.15 24.97 10.99 7.01 22.30 13.00 15.49 9.67 13.16 12.24 19.48
13.84 15.83 3.93 17.09 18.76 11.12 17.67 16.11 2.63 14.19 3.89 18.69 17.46 7.38 15.44 18.59
1.80 7.97 11.75 4.14 3.81 4.48 3.11 20.43 17.34 4.42 12.11 18.88 24.74 9.13 17.70 12.40
11.93 17.20 7.07 16.33 17.00 9.55 14.04 22.29 10.16 9.91 4.87 23.73 24.48 9.51 20.89 21.14
17.30 16.64 8.14 19.37 21.55 14.87 21.71 11.70 3.60 18.86 9.42 15.47 11.84 9.97 12.07 17.97
11.60 6.93 18.93 7.05 7.85 13.60 12.77 18.60 23.36 15.48 20.35 14.65 23.60 15.34 15.63 6.83
19.65 19.54 9.96 22.05 24.13 17.08 23.89 14.20 4.39 20.75 10.70 18.26 13.51 12.40 14.88 20.97
17.31 16.02 8.69 19.04 21.32 15.00 21.81 10.23 4.87 19.20 10.22 14.10 10.43 10.01 10.71 17.01
22.61 21.61 13.24 24.59 26.82 20.15 26.99 13.79 7.87 24.04 14.19 18.39 11.86 15.28 15.18 22.38
21.58 20.76 12.16 23.64 25.84 19.11 25.94 13.57 6.79 22.97 13.10 18.04 12.04 14.26 14.76 21.69
16.72 16.89 7.07 19.19 21.23 14.15 20.96 13.36 1.80 17.87 8.01 16.86 13.74 9.49 13.47 18.66
19.40 16.28 12.36 20.12 22.62 17.51 24.04 6.43 9.49 22.04 14.24 11.07 5.78 12.57 7.98 15.99
10.69 5.68 17.72 6.20 7.37 12.57 12.25 17.55 22.11 14.71 19.18 13.76 22.54 14.12 14.56 5.82
18.83 18.17 9.50 20.92 23.10 16.36 23.20 12.39 4.42 20.28 10.61 16.45 11.90 11.50 13.07 19.37
10.95 13.60 1.44 14.39 15.93 8.21 14.72 16.27 5.16 11.28 1.31 18.09 18.41 5.01 15.06 16.80
19.53 18.21 10.63 21.29 23.58 17.18 24.01 11.12 5.98 21.29 11.95 15.43 10.25 12.21 12.11 19.01
19.67 18.65 10.52 21.60 23.83 17.26 24.10 11.94 5.57 21.27 11.71 16.21 11.06 12.34 12.88 19.60
7.24 5.10 15.57 2.69 3.57 9.48 8.43 18.70 20.52 11.01 16.70 15.68 23.56 12.10 15.69 7.88
4.01 6.28 13.50 1.63 1.39 6.62 4.99 19.73 18.87 7.42 14.25 17.50 24.33 10.37 16.83 10.32
11.30 6.23 18.32 6.79 7.87 13.19 12.77 17.79 22.66 15.29 19.79 13.87 22.79 14.72 14.82 6.02
16.85 17.36 7.03 19.49 21.46 14.23 21.00 14.20 1.42 17.80 7.74 17.66 14.55 9.71 14.27 19.27
13.03 16.72 4.82 16.95 18.17 10.32 16.14 19.36 6.28 12.25 2.91 21.44 21.06 8.22 18.35 20.13
7.92 10.94 2.12 11.36 12.88 5.20 11.87 16.02 7.78 8.74 2.90 16.99 18.92 2.68 14.30 14.53
18.44 17.56 9.31 20.41 22.63 16.02 22.86 11.66 4.56 20.04 10.56 15.70 11.32 11.11 12.32 18.67
20.52 19.29 11.44 22.34 24.61 18.13 24.97 11.88 6.49 22.17 12.64 16.32 10.62 13.19 13.03 20.06
22.67 22.34 12.95 25.00 27.11 20.10 26.90 15.57 7.33 23.72 13.58 20.03 13.90 15.41 16.73 23.49
18.24 17.44 9.07 20.25 22.45 15.81 22.65 11.77 4.30 19.81 10.30 15.75 11.52 10.91 12.37 18.61
8.12 7.90 17.44 4.32 3.07 10.73 7.63 21.54 22.66 11.06 18.32 18.46 26.39 14.15 18.53 10.57
16.64 17.57 6.71 19.48 21.36 13.98 20.69 15.07 1.15 17.36 7.15 18.41 15.52 9.65 15.03 19.69
16.39 15.26 7.79 18.18 20.44 14.07 20.88 10.31 4.36 18.26 9.38 13.92 10.93 9.08 10.52 16.42
16.05 15.84 6.71 18.31 20.42 13.56 20.40 12.25 2.38 17.47 7.97 15.66 12.89 8.74 12.26 17.49
16.62 13.35 10.44 17.19 19.70 14.86 21.26 5.57 8.91 19.47 12.51 9.35 7.25 10.04 5.99 13.28
10.75 15.28 4.68 14.91 15.90 8.14 13.56 19.90 8.28 9.60 2.49 21.36 22.17 7.25 18.50 19.06
23.19 16.63 21.08 21.32 23.85 22.65 27.35 6.23 20.69 27.18 23.31 5.42 8.15 19.18 7.31 13.16
7.50 11.57 3.27 11.38 12.61 4.76 11.05 17.51 8.77 7.62 2.95 18.34 20.44 3.93 15.73 15.42
20.65 19.18 11.74 22.35 24.65 18.31 25.13 11.36 6.96 22.42 13.03 15.86 9.98 13.33 12.61 19.82
22.33 20.32 13.74 23.75 26.13 20.09 26.88 10.98 9.10 24.31 15.11 15.77 8.71 15.08 12.70 20.52
16.19 16.79 6.37 18.86 20.81 13.57 20.34 14.12 0.81 17.14 7.12 17.43 14.70 9.07 14.05 18.80
7.74 1.84 13.81 4.03 6.35 9.12 10.56 15.15 18.21 12.05 15.32 12.21 20.03 10.20 12.14 4.68
18.88 17.11 10.46 20.37 22.72 16.64 23.42 9.67 6.46 20.90 12.00 13.97 9.11 11.62 10.65 17.70
8.82 6.17 17.15 4.30 4.66 11.10 9.58 19.41 22.02 12.45 18.32 16.06 24.34 13.65 16.39 8.09
11.01 7.19 18.88 6.45 6.90 13.18 11.80 19.49 23.52 14.72 20.19 15.69 24.48 15.32 16.50 7.77
20.56 14.29 18.19 18.98 21.56 19.89 24.83 3.62 17.96 24.47 20.42 3.29 7.01 16.31 4.44 11.27
16.87 16.88 7.30 19.27 21.33 14.33 21.15 13.06 2.16 18.10 8.31 16.62 13.37 9.61 13.22 18.56
9.97 4.93 16.94 5.52 6.88 11.80 11.71 17.14 21.36 14.04 18.39 13.50 22.12 13.34 14.14 5.52
19.35 19.10 9.74 21.67 23.78 16.81 23.63 13.67 4.28 20.55 10.60 17.72 13.05 12.07 14.34 20.47
15.39 14.39 6.89 17.22 19.46 13.08 19.89 10.35 4.12 17.29 8.58 13.67 11.41 8.08 10.28 15.73
20.07 19.68 10.49 22.33 24.46 17.54 24.36 13.73 5.03 21.30 11.35 17.92 12.83 12.78 14.56 20.93
10.92 6.98 18.71 6.36 6.90 13.07 11.81 19.25 23.32 14.67 20.03 15.46 24.24 15.14 16.26 7.54
16.66 17.56 6.73 19.48 21.37 14.00 20.71 15.01 1.15 17.39 7.20 18.36 15.45 9.66 14.97 19.66
19.08 14.76 13.67 19.02 21.62 17.57 23.69 3.07 12.00 22.24 15.76 7.86 4.20 12.97 5.06 13.67
23.37 22.69 13.79 25.53 27.70 20.85 27.68 15.15 8.25 24.59 14.55 19.75 13.14 16.06 16.51 23.61
16.19 15.65 7.09 18.29 20.45 13.76 20.60 11.56 3.10 17.78 8.49 15.05 12.17 8.86 11.65 17.13
19.85 19.51 10.26 22.13 24.25 17.32 24.14 13.73 4.79 21.07 11.11 17.87 12.92 12.56 14.50 20.80
5.61 10.56 15.44 5.92 3.69 8.17 2.04 23.80 21.07 6.15 15.60 21.77 28.27 12.94 20.96 14.58
11.46 15.40 3.96 15.44 16.61 8.76 14.57 19.03 6.94 10.71 1.75 20.76 21.09 7.04 17.79 18.96
23.19 21.78 14.05 24.96 27.25 20.80 27.64 13.15 8.87 24.82 15.14 17.88 10.85 15.86 14.75 22.29
20.15 18.58 11.38 21.78 24.10 17.84 24.65 10.83 6.79 22.00 12.74 15.28 9.65 12.84 12.02 19.20
19.41 19.64 9.59 21.97 23.98 16.80 23.57 14.88 3.94 20.33 10.17 18.83 14.35 12.23 15.44 21.25
22.22 21.12 12.94 24.14 26.39 19.79 26.63 13.27 7.67 23.73 13.96 17.86 11.42 14.89 14.64 21.86
19.81 17.61 11.67 21.08 23.48 17.65 24.39 9.02 7.78 21.99 13.28 13.56 7.95 12.63 10.35 17.87
8.12 4.22 15.62 3.63 5.08 10.08 9.85 17.48 20.31 12.14 16.94 14.26 22.39 12.07 14.46 6.37
17.74 13.68 12.29 17.83 20.41 16.19 22.36 3.66 10.89 20.85 14.40 7.92 5.60 11.55 4.75 12.94
19.92 18.70 10.90 21.74 24.01 17.55 24.38 11.56 6.07 21.61 12.15 15.91 10.54 12.60 12.60 19.51
23.70 19.02 18.02 23.44 26.05 22.22 28.30 5.51 15.49 26.89 20.02 10.09 0.51 17.58 8.50 17.29
7.79 7.66 17.11 4.00 2.78 10.40 7.41 21.32 22.33 10.78 17.98 18.30 26.16 13.82 18.31 10.43
14.14 9.83 21.82 9.59 9.86 16.31 14.69 20.84 26.26 17.79 23.21 16.57 25.83 18.23 17.94 9.15
21.16 14.65 19.21 19.35 21.89 20.62 25.33 4.82 19.12 25.15 21.44 3.44 7.94 17.20 5.37 11.34
7.96 3.43 15.03 3.64 5.46 9.75 10.07 16.68 19.63 12.11 16.41 13.54 21.59 11.45 13.67 5.72
19.47 19.08 9.93 21.72 23.85 16.95 23.78 13.38 4.54 20.74 10.84 17.49 12.70 12.18 14.11 20.37
18.39 17.24 9.49 20.22 22.48 16.03 22.86 10.98 5.03 20.14 10.85 15.06 10.65 11.07 11.69 18.21
10.15 5.82 17.63 5.60 6.54 12.17 11.45 18.22 22.18 14.06 19.00 14.55 23.20 14.05 15.22 6.58
13.82 15.27 3.85 16.82 18.61 11.13 17.82 14.98 1.90 14.51 4.43 17.63 16.33 7.00 14.36 17.82
15.48 15.19 6.29 17.69 19.81 13.02 19.86 11.89 2.59 17.00 7.69 15.17 12.77 8.16 11.79 16.86
20.13 19.35 10.78 22.19 24.38 17.67 24.51 12.78 5.56 21.57 11.82 17.07 11.77 12.80 13.73 20.39
21.32 19.44 12.71 22.80 25.16 19.06 25.86 10.68 8.14 23.28 14.10 15.34 8.89 14.05 12.19 19.78
18.63 17.15 9.97 20.28 22.59 16.33 23.14 10.30 5.76 20.52 11.43 14.49 9.86 11.33 11.14 17.93
19.00 19.24 9.19 21.56 23.57 16.39 23.17 14.69 3.55 19.94 9.80 18.58 14.29 11.82 15.18 20.89
19.96 19.74 10.31 22.30 24.40 17.41 24.22 14.08 4.77 21.11 11.09 18.22 13.26 12.69 14.85 21.08
15.11 14.53 6.26 17.15 19.33 12.71 19.55 11.17 3.30 16.82 7.85 14.38 12.26 7.78 11.00 16.10
20.88 16.72 14.89 20.95 23.54 19.27 25.51 4.39 12.52 23.92 16.90 9.37 2.80 14.54 6.87 15.58
19.95 19.03 10.71 21.93 24.15 17.52 24.36 12.34 5.61 21.48 11.82 16.63 11.37 12.62 13.30 20.01
20.18 19.78 10.60 22.43 24.56 17.65 24.47 13.77 5.13 21.41 11.45 17.97 12.83 12.89 14.61 21.02
18.08 17.30 8.91 20.10 22.30 15.65 22.49 11.75 4.17 19.64 10.15 15.70 11.57 10.75 12.31 18.50
20.75 19.19 11.92 22.40 24.72 18.43 25.25 11.17 7.19 22.57 13.23 15.71 9.73 13.44 12.47 19.76
19.01 19.03 9.29 21.46 23.52 16.44 23.24 14.14 3.72 20.08 10.03 18.08 13.69 11.78 14.69 20.56
22.14 19.64 14.02 23.27 25.72 20.02 26.74 9.58 9.82 24.37 15.56 14.44 7.18 15.00 11.47 19.54
8.69 3.94 15.74 4.30 5.92 10.50 10.64 16.85 20.27 12.80 17.14 13.52 21.79 12.15 13.83 5.59
16.42 10.95 13.53 15.49 18.12 15.47 20.86 2.77 13.77 20.12 15.77 3.92 7.66 11.66 0.54 9.21
22.04 21.93 12.26 24.47 26.54 19.45 26.23 15.69 6.62 23.01 12.82 20.03 14.28 14.81 16.70 23.22
12.76 13.26 3.50 15.27 17.26 10.24 17.07 12.80 3.18 14.16 5.16 15.25 14.60 5.52 12.01 15.54
10.47 6.40 18.15 5.91 6.63 12.57 11.54 18.78 22.74 14.29 19.48 15.06 23.76 14.57 15.78 7.10
19.06 18.46 9.67 21.19 23.36 16.58 23.41 12.66 4.49 20.46 10.72 16.75 12.10 11.74 13.37 19.68
6.88 11.56 4.26 10.97 12.03 4.21 10.20 18.27 9.75 6.66 3.75 18.90 21.32 4.52 16.39 15.58
17.65 13.66 12.14 17.79 20.36 16.08 22.28 3.82 10.72 20.74 14.25 8.04 5.72 11.43 4.85 12.97
21.88 22.98 11.91 24.89 26.71 19.17 25.73 18.67 6.59 22.15 11.82 22.68 17.75 15.06 19.29 24.89
9.94 6.39 17.89 5.38 5.93 12.12 10.85 19.13 22.60 13.68 19.17 15.53 24.10 14.35 16.12 7.54
14.34 10.34 10.03 14.39 16.96 12.93 18.95 5.28 10.25 17.62 12.25 7.35 8.89 8.57 4.04 10.18
1.87 8.24 11.75 4.42 4.00 4.47 2.91 20.64 17.36 4.16 12.07 19.13 24.93 9.20 17.92 12.68
11.74 7.11 19.11 7.19 7.95 13.76 12.86 18.74 23.54 15.61 20.53 14.77 23.74 15.51 15.78 6.97
12.11 4.96 16.58 8.42 10.48 13.17 14.96 13.38 20.10 16.45 18.40 9.35 18.38 13.06 10.45 1.70
20.26 18.23 11.89 21.63 24.02 18.05 24.82 9.70 7.71 22.33 13.41 14.26 8.39 13.03 11.06 18.56
14.60 13.11 6.87 16.13 18.45 12.42 19.16 9.29 5.28 16.80 8.81 12.35 10.89 7.40 8.97 14.31
12.29 14.68 2.53 15.67 17.26 9.56 16.07 16.27 4.01 12.58 2.33 18.44 18.06 6.11 15.31 17.69
9.59 11.76 0.44 12.74 14.43 6.91 13.65 15.07 6.00 10.54 2.51 16.54 17.62 3.17 13.63 14.96
4.36 8.44 5.62 7.94 9.31 1.71 8.55 16.78 11.21 6.10 6.25 16.68 20.39 3.39 14.53 12.59
9.46 5.60 17.18 4.90 5.78 11.54 10.69 18.41 21.84 13.32 18.49 14.89 23.37 13.62 15.39 6.90
20.06 19.81 10.41 22.39 24.49 17.51 24.32 14.08 4.88 21.21 11.20 18.24 13.23 12.79 14.87 21.14
19.90 19.36 10.41 22.08 24.23 17.39 24.23 13.26 5.05 21.22 11.36 17.46 12.39 12.59 14.11 20.55
3.78 8.25 6.20 7.48 8.77 1.14 7.98 17.11 11.79 5.64 6.76 16.86 20.81 3.91 14.80 12.50
18.60 17.60 9.54 20.51 22.75 16.20 23.04 11.44 4.86 20.25 10.83 15.53 11.02 11.27 12.16 18.63
21.37 17.27 15.21 21.49 24.07 19.72 26.00 4.88 12.66 24.36 17.18 9.86 2.61 14.96 7.41 16.14
20.56 18.72 11.98 22.05 24.41 18.30 25.10 10.35 7.54 22.53 13.41 14.92 8.93 13.29 11.71 19.15
23.67 17.35 20.91 22.04 24.61 22.96 27.93 5.75 20.13 27.55 23.12 6.19 6.86 19.24 7.43 14.12
17.10 11.36 14.48 15.97 18.59 16.26 21.49 2.53 14.69 20.88 16.72 3.12 7.53 12.56 0.71 9.25
9.74 12.22 0.42 13.05 14.66 7.03 13.69 15.60 5.97 10.45 1.94 17.11 18.07 3.64 14.18 15.49
20.22 20.09 10.51 22.61 24.70 17.65 24.45 14.48 4.92 21.29 11.22 18.62 13.60 12.97 15.25 21.47
18.26 18.73 8.39 20.91 22.88 15.63 22.38 14.84 2.74 19.11 8.95 18.55 14.71 11.13 15.15 20.53
21.83 21.60 12.10 24.20 26.30 19.26 26.06 15.25 6.48 22.88 12.74 19.60 13.85 14.58 16.27 22.84
5.86 11.97 6.78 10.35 10.88 3.79 8.22 20.31 12.20 4.35 6.02 20.50 23.59 6.50 18.22 16.29
10.07 7.46 18.56 5.63 5.56 12.44 10.39 20.43 23.43 13.53 19.71 16.86 25.39 15.07 17.42 8.88
19.04 17.90 10.04 20.89 23.14 16.66 23.49 11.32 5.36 20.73 11.34 15.51 10.69 11.71 12.16 18.83
17.82 16.66 8.99 19.63 21.89 15.47 22.29 10.73 4.78 19.60 10.42 14.69 10.67 10.50 11.31 17.68
6.95 10.44 3.13 10.54 11.96 4.22 10.86 16.48 8.79 7.76 3.63 17.17 19.57 2.76 14.61 14.22
8.66 5.37 16.62 4.10 4.95 10.81 9.85 18.54 21.39 12.49 17.87 15.20 23.47 13.09 15.52 7.24
17.26 17.30 7.63 19.68 21.74 14.70 21.52 13.32 2.32 18.44 8.57 16.95 13.49 10.01 13.55 18.97
9.19 3.12 15.28 5.15 7.14 10.67 11.67 15.40 19.54 13.45 16.84 12.01 20.36 11.68 12.39 4.10
16.82 16.89 7.22 19.25 21.30 14.27 21.09 13.17 2.03 18.03 8.21 16.71 13.51 9.57 13.31 18.60
2.89 6.78 12.65 2.47 2.27 5.59 4.14 19.87 18.12 6.20 13.27 17.93 24.36 9.68 17.03 11.04
17.98 13.72 12.77 17.94 20.53 16.50 22.60 3.10 11.46 21.17 14.90 7.47 5.27 11.93 4.39 12.78
18.75 18.32 9.29 20.97 23.11 16.25 23.08 12.90 4.04 20.09 10.29 16.90 12.48 11.45 13.52 19.64
12.74 7.88 19.97 8.19 8.93 14.74 13.85 18.94 24.30 16.62 21.43 14.80 23.94 16.37 16.01 7.20
5.45 3.32 13.08 1.45 3.96 7.31 7.96 16.99 18.00 9.64 14.28 14.49 21.73 9.59 14.04 7.25
21.38 20.38 12.08 23.34 25.57 18.94 25.78 12.99 6.83 22.87 13.12 17.48 11.46 14.05 14.21 21.23
19.24 18.85 9.72 21.48 23.62 16.73 23.56 13.26 4.35 20.53 10.65 17.33 12.66 11.94 13.95 20.16
19.11 13.35 16.00 17.98 20.60 18.20 23.51 1.40 15.61 22.84 18.22 3.72 5.95 14.32 2.70 11.00
6.96 4.89 15.26 2.40 3.46 9.18 8.27 18.53 20.22 10.77 16.39 15.58 23.38 11.79 15.53 7.82
4.42 11.07 7.93 8.98 9.32 2.93 6.59 20.51 13.50 2.89 7.47 20.29 24.06 6.92 18.24 15.51
14.55 9.08 21.27 10.03 10.90 16.42 15.82 18.81 25.34 18.51 22.84 14.36 23.77 17.67 15.98 7.38
2.24 6.15 11.71 2.41 3.13 4.78 4.76 18.97 17.14 6.12 12.42 17.18 23.42 8.69 16.16 10.54
20.21 19.15 11.04 22.12 24.36 17.80 24.64 12.13 6.02 21.80 12.20 16.49 11.02 12.88 13.18 20.04
22.46 21.62 13.00 24.52 26.72 19.97 26.81 14.11 7.56 23.81 13.89 18.67 12.30 15.13 15.42 22.50
14.51 13.65 6.10 16.39 18.61 12.20 19.01 10.51 4.06 16.42 7.89 13.54 11.92 7.20 10.18 15.17
21.43 20.17 12.30 23.25 25.52 19.03 25.87 12.35 7.23 23.05 13.44 16.90 10.72 14.10 13.66 20.87
17.14 15.95 8.46 18.92 21.19 14.82 21.64 10.41 4.62 18.99 9.98 14.22 10.67 9.83 10.83 17.02
20.02 19.17 10.71 22.04 24.25 17.57 24.41 12.57 5.55 21.50 11.79 16.85 11.59 12.69 13.52 20.19
16.93 16.69 7.51 19.20 21.31 14.43 21.26 12.50 2.66 18.30 8.65 16.12 12.79 9.63 12.72 18.24
10.32 8.58 19.24 6.11 5.43 12.82 10.03 21.72 24.26 13.45 20.28 18.20 26.68 15.82 18.71 10.21
17.62 17.49 8.06 19.96 22.05 15.09 21.91 13.07 2.82 18.87 9.05 16.80 13.09 10.34 13.40 19.04
2.53 8.12 7.50 6.61 7.64 0.22 6.65 18.03 13.11 4.60 7.91 17.47 21.88 5.19 15.61 12.54
2.79 4.88 11.21 2.05 3.84 4.78 6.08 17.67 16.48 7.06 12.13 15.86 22.15 7.97 14.85 9.33
10.38 4.37 16.56 6.16 7.88 11.95 12.58 15.84 20.73 14.59 18.14 12.13 20.83 12.95 12.85 4.16
11.25 14.71 2.95 15.04 16.36 8.51 14.64 17.95 6.11 10.93 0.90 19.73 20.03 6.23 16.73 18.14
17.61 15.68 9.56 18.99 21.36 15.44 22.18 8.83 6.27 19.79 11.28 12.86 8.99 10.42 9.50 16.30
20.27 21.02 10.31 23.09 25.00 17.59 24.26 16.71 4.76 20.83 10.52 20.64 16.06 13.27 17.24 22.84
11.09 5.51 17.67 6.69 8.06 12.83 12.90 16.84 21.90 15.20 19.21 12.96 21.84 14.07 13.86 5.07
26.44 19.89 23.91 24.57 27.10 25.84 30.61 8.73 23.03 30.40 26.13 8.69 8.96 22.22 10.37 16.34
3.70 10.43 8.12 8.26 8.62 2.40 6.11 20.20 13.75 2.74 7.86 19.84 23.86 6.79 17.88 14.89
17.81 17.68 8.23 20.16 22.24 15.27 22.09 13.18 2.93 19.04 9.19 16.95 13.14 10.53 13.55 19.23
18.88 18.69 9.27 21.22 23.32 16.34 23.16 13.56 3.83 20.08 10.14 17.53 13.12 11.61 14.14 20.13
7.36 8.06 16.91 4.00 2.22 10.03 6.61 21.77 22.22 10.10 17.68 18.89 26.57 13.71 18.78 11.09
5.40 6.60 5.79 7.52 9.50 3.65 10.02 14.32 10.81 8.34 7.23 14.10 18.13 2.31 11.99 10.39
5.06 3.58 12.88 1.12 3.70 6.97 7.57 17.20 17.87 9.24 14.03 14.79 21.91 9.43 14.26 7.62
10.20 13.61 2.18 13.93 15.29 7.46 13.72 17.39 6.49 10.12 0.24 18.94 19.71 5.17 16.02 17.10
12.21 16.72 5.63 16.40 17.35 9.61 14.88 20.71 8.20 10.85 3.39 22.43 22.69 8.55 19.47 20.42
10.12 11.52 1.27 12.94 14.78 7.53 14.35 13.96 5.46 11.43 3.50 15.58 16.46 3.11 12.60 14.44
8.42 12.76 3.49 12.44 13.56 5.73 11.67 18.34 8.59 7.99 2.35 19.36 21.06 4.99 16.67 16.60
21.23 19.37 12.59 22.72 25.08 18.96 25.76 10.70 8.02 23.17 13.98 15.35 8.97 13.95 12.19 19.74
10.15 12.75 0.73 13.53 15.10 7.42 14.01 15.93 5.72 10.68 1.51 17.54 18.29 4.17 14.58 16.01
19.51 16.76 12.01 20.45 22.92 17.50 24.14 7.46 8.75 21.97 13.79 12.05 6.61 12.52 8.90 16.71
3.87 8.25 13.84 3.68 2.03 6.61 2.98 21.47 19.39 6.05 14.28 19.45 25.96 11.06 18.62 12.37
15.93 15.49 6.78 18.07 20.22 13.48 20.32 11.71 2.86 17.48 8.17 15.12 12.42 8.60 11.72 17.04
10.60 6.90 18.52 6.05 6.52 12.79 11.43 19.38 23.19 14.32 19.81 15.65 24.36 14.97 16.38 7.70
19.93 20.05 10.14 22.44 24.48 17.33 24.11 14.91 4.50 20.89 10.74 18.96 14.18 12.73 15.57 21.57
3.49 8.32 6.50 7.33 8.54 0.79 7.63 17.43 12.11 5.29 6.99 17.12 21.15 4.28 15.10 12.61
20.78 19.67 11.60 22.68 24.93 18.37 25.21 12.35 6.51 22.36 12.72 16.79 11.01 13.45 13.51 20.50
4.73 10.24 6.08 9.01 9.88 2.22 8.03 18.69 11.71 4.76 5.95 18.73 22.14 4.99 16.53 14.52
19.84 19.48 10.25 22.11 24.23 17.31 24.13 13.69 4.79 21.06 11.11 17.84 12.88 12.55 14.47 20.77
20.25 18.91 11.30 22.01 24.30 17.90 24.73 11.43 6.50 21.99 12.57 15.86 10.25 12.93 12.57 19.63
17.95 17.27 8.73 20.02 22.21 15.51 22.35 11.93 3.93 19.48 9.94 15.83 11.80 10.63 12.44 18.53
17.31 15.90 8.80 18.97 21.27 15.03 21.83 9.94 5.12 19.26 10.39 13.83 10.16 10.02 10.44 16.83
10.52 6.25 18.07 5.96 6.78 12.57 11.69 18.54 22.63 14.38 19.43 14.80 23.52 14.49 15.54 6.85
9.40 4.35 16.31 5.00 6.52 11.19 11.29 16.84 20.76 13.51 17.76 13.34 21.81 12.72 13.83 5.35
18.82 16.65 10.81 20.09 22.49 16.68 23.41 8.64 7.24 21.04 12.49 13.00 8.15 11.66 9.72 17.01
6.37 3.10 13.75 2.19 4.43 8.19 8.72 16.81 18.55 10.54 15.03 14.08 21.62 10.22 13.82 6.60
5.43 9.97 4.85 9.36 10.54 2.69 9.15 17.55 10.51 6.06 5.01 17.81 20.90 3.76 15.47 14.07
10.00 8.09 18.82 5.72 5.22 12.47 9.91 21.25 23.81 13.24 19.88 17.75 26.19 15.38 18.23 9.76
17.13 16.10 8.30 18.99 21.24 14.77 21.60 10.78 4.28 18.90 9.76 14.57 11.03 9.81 11.17 17.25
6.15 4.42 14.39 1.59 3.23 8.31 7.81 18.13 19.38 10.07 15.51 15.38 22.93 10.94 15.15 7.80
20.34 19.74 10.87 22.50 24.67 17.85 24.68 13.37 5.49 21.68 11.80 17.64 12.32 13.03 14.30 20.87
15.64 16.42 5.78 18.38 20.31 13.01 19.77 14.27 0.24 16.54 6.51 17.44 15.03 8.57 14.07 18.55
18.39 19.14 8.46 21.18 23.10 15.73 22.44 15.57 2.86 19.08 8.82 19.25 15.46 11.37 15.85 21.07
12.52 14.96 2.80 15.93 17.50 9.78 16.26 16.47 3.95 12.74 2.44 18.69 18.19 6.39 15.53 17.97
18.36 15.71 10.97 19.34 21.80 16.36 22.99 7.28 8.05 20.84 12.81 11.61 7.21 11.38 8.35 15.83
10.83 6.06 18.05 6.30 7.32 12.77 12.22 17.99 22.48 14.78 19.47 14.17 22.98 14.45 15.00 6.25
19.72 17.10 12.03 20.74 23.20 17.67 24.33 7.90 8.57 22.10 13.76 12.50 6.89 12.67 9.35 17.11
13.62 12.57 5.75 15.36 17.61 11.38 18.16 10.10 4.83 15.71 7.72 12.81 11.96 6.36 9.49 14.12
21.50 19.87 12.65 23.12 25.45 19.18 26.00 11.46 7.84 23.31 13.93 16.09 9.68 14.19 12.90 20.36
23.16 21.70 14.06 24.90 27.20 20.78 27.62 13.00 8.91 24.81 15.17 17.74 10.68 15.84 14.61 22.19
19.28 19.02 9.67 21.59 23.70 16.74 23.56 13.62 4.22 20.48 10.53 17.67 13.03 12.00 14.28 20.40
18.86 18.36 9.43 21.04 23.19 16.37 23.20 12.80 4.21 20.23 10.45 16.83 12.32 11.55 13.45 19.64
5.68 6.32 14.95 1.97 1.26 8.24 6.14 20.03 20.21 9.00 15.81 17.41 24.76 11.70 17.06 9.84
12.61 14.73 2.71 15.88 17.53 9.89 16.46 15.86 3.48 13.03 2.84 18.15 17.56 6.21 14.97 17.62
19.94 20.12 10.12 22.48 24.51 17.33 24.10 15.08 4.47 20.85 10.68 19.12 14.37 12.76 15.73 21.68
19.08 15.95 12.11 19.79 22.29 17.20 23.72 6.29 9.36 21.74 14.01 10.87 5.91 12.27 7.74 15.69
10.24 5.08 17.14 5.80 7.15 12.06 11.99 17.10 21.51 14.31 18.61 13.40 22.09 13.53 14.10 5.43
7.14 6.49 16.16 2.99 2.55 9.63 7.46 20.17 21.30 10.48 17.12 17.22 25.00 12.81 17.17 9.41
19.24 18.82 9.73 21.47 23.61 16.73 23.56 13.20 4.39 20.54 10.68 17.27 12.59 11.94 13.89 20.12
2.36 5.39 11.20 2.28 3.70 4.55 5.59 18.10 16.54 6.58 12.03 16.35 22.55 8.05 15.30 9.85
24.44 18.05 21.74 22.74 25.30 23.76 28.67 6.58 20.93 28.35 23.96 6.85 7.37 20.07 8.25 14.72
18.74 19.43 8.81 21.51 23.43 16.08 22.79 15.64 3.20 19.43 9.17 19.38 15.41 11.70 15.97 21.31
19.95 18.73 10.92 21.77 24.04 17.57 24.40 11.60 6.07 21.63 12.16 15.95 10.57 12.62 12.64 19.55
5.19 10.65 5.84 9.48 10.34 2.68 8.38 18.82 11.45 4.96 5.58 18.97 22.19 5.04 16.71 14.90
19.10 18.78 9.55 21.38 23.50 16.58 23.40 13.35 4.16 20.36 10.46 17.38 12.81 11.81 14.00 20.13
17.09 16.40 7.98 19.13 21.32 14.67 21.51 11.54 3.59 18.69 9.31 15.26 11.77 9.76 11.86 17.72
3.84 9.02 6.34 7.90 8.96 1.12 7.67 17.92 11.99 4.97 6.61 17.73 21.55 4.50 15.64 13.31
20.38 20.16 10.70 22.73 24.83 17.82 24.63 14.34 5.14 21.50 11.45 18.53 13.39 13.12 15.17 21.48
17.51 17.53 7.87 19.92 21.99 14.95 21.76 13.39 2.51 18.68 8.78 17.07 13.47 10.26 13.67 19.17
10.65 6.23 18.11 6.10 6.97 12.68 11.88 18.40 22.63 14.54 19.49 14.63 23.39 14.52 15.41 6.69
18.86 18.27 9.49 20.99 23.16 16.38 23.22 12.57 4.35 20.28 10.56 16.62 12.08 11.54 13.24 19.50
13.66 14.80 3.78 16.51 18.37 11.01 17.77 14.29 1.89 14.56 4.71 16.94 15.70 6.68 13.66 17.24
20.22 18.28 11.79 21.65 24.02 18.00 24.78 9.88 7.54 22.26 13.28 14.43 8.60 12.98 11.21 18.66
7.20 11.35 3.49 11.09 12.31 4.46 10.76 17.54 9.04 7.35 3.26 18.28 20.53 3.87 15.71 15.24
21.13 14.72 18.96 19.41 21.97 20.53 25.34 4.41 18.77 25.08 21.20 3.55 7.48 17.03 5.16 11.51
8.60 2.15 14.33 4.87 7.10 9.90 11.40 14.77 18.56 12.91 15.91 11.62 19.69 10.72 11.75 3.91
18.32 14.36 12.60 18.48 21.06 16.72 22.95 3.89 10.90 21.37 14.68 8.39 5.14 12.03 5.31 13.60
19.91 18.88 10.75 21.83 24.07 17.50 24.33 12.04 5.75 21.50 11.91 16.35 11.06 12.58 13.02 19.80
19.60 19.08 10.13 21.78 23.94 17.10 23.93 13.14 4.80 20.93 11.09 17.29 12.38 12.29 13.93 20.30
2.84 6.21 12.37 2.04 2.48 5.43 4.69 19.29 17.78 6.50 13.08 17.35 23.79 9.31 16.45 10.50
10.62 5.19 17.31 6.21 7.61 12.38 12.44 16.86 21.61 14.72 18.82 13.08 21.86 13.71 13.88 5.14
10.58 4.40 16.59 6.41 8.17 12.10 12.85 15.60 20.69 14.81 18.19 11.85 20.59 12.98 12.61 3.88
9.90 13.67 2.73 13.77 15.02 7.17 13.27 17.95 7.13 9.59 0.81 19.38 20.34 5.38 16.51 17.28
21.64 20.32 12.54 23.43 25.71 19.25 26.09 12.34 7.47 23.28 13.69 16.92 10.61 14.31 13.70 20.97
11.23 13.86 1.68 14.67 16.22 8.49 15.00 16.32 4.94 11.54 1.44 18.21 18.39 5.27 15.16 17.03
3.40 5.67 12.62 1.35 2.32 5.87 5.29 18.94 17.96 7.19 13.44 16.85 23.50 9.46 16.06 9.88
19.09 19.60 9.19 21.78 23.74 16.45 23.18 15.39 3.55 19.87 9.64 19.23 15.02 11.99 15.83 21.37
10.77 5.63 17.71 6.30 7.52 12.62 12.39 17.39 22.06 14.81 19.18 13.58 22.39 14.11 14.41 5.66
19.30 19.14 9.65 21.66 23.75 16.75 23.56 13.86 4.14 20.45 10.46 17.88 13.27 12.04 14.50 20.56
19.58 18.19 10.73 21.30 23.60 17.25 24.07 10.96 6.13 21.38 12.08 15.30 10.07 12.27 11.99 18.94
8.82 4.12 15.92 4.40 5.95 10.66 10.70 16.99 20.46 12.91 17.33 13.62 21.93 12.34 13.97 5.67
19.01 17.49 10.33 20.65 22.96 16.71 23.52 10.37 6.03 20.89 11.77 14.64 9.75 11.71 11.31 18.22
16.56 14.81 8.56 18.01 20.36 14.38 21.13 8.97 5.68 18.72 10.32 12.70 9.67 9.35 9.30 15.63
4.72 7.46 5.57 7.62 9.30 2.53 9.21 15.56 10.95 7.17 6.64 15.40 19.27 2.62 13.27 11.47
5.68 6.19 14.89 1.87 1.39 8.22 6.24 19.89 20.14 9.05 15.77 17.26 24.63 11.63 16.92 9.70
18.65 17.88 9.42 20.68 22.88 16.21 23.05 12.02 4.49 20.18 10.59 16.08 11.60 11.32 12.70 19.03
7.66 10.90 2.44 11.19 12.65 4.93 11.56 16.29 8.09 8.40 3.01 17.19 19.24 2.81 14.53 14.57
13.68 10.50 22.08 9.26 8.96 16.06 13.58 22.42 26.80 16.99 23.30 18.33 27.42 18.55 19.47 10.65
9.71 6.47 17.82 5.17 5.60 11.94 10.51 19.36 22.59 13.40 19.06 15.81 24.32 14.29 16.35 7.83
2.98 4.52 10.92 2.25 4.26 4.71 6.51 17.21 16.14 7.31 11.92 15.42 21.68 7.63 14.39 9.00
15.00 14.31 6.27 16.98 19.17 12.63 19.46 10.93 3.55 16.77 7.92 14.11 12.09 7.67 10.73 15.84
20.16 19.05 11.03 22.04 24.29 17.75 24.59 11.99 6.04 21.77 12.20 16.35 10.90 12.83 13.04 19.92
12.22 8.80 20.41 7.72 7.73 14.52 12.52 20.94 25.10 15.71 21.66 16.99 25.94 16.86 17.96 9.17
19.88 19.42 10.36 22.10 24.24 17.37 24.20 13.43 4.96 21.17 11.27 17.61 12.58 12.58 14.25 20.64
12.98 9.57 21.22 8.50 8.41 15.30 13.14 21.52 25.90 16.42 22.47 17.49 26.52 17.67 18.56 9.75
14.14 13.53 5.57 16.13 18.31 11.78 18.60 10.94 3.75 15.96 7.34 13.85 12.45 6.81 10.51 15.20
14.92 12.54 8.18 15.96 18.39 12.97 19.55 7.56 7.01 17.50 10.24 10.68 9.49 8.03 7.28 13.23
7.45 3.62 14.85 3.04 4.83 9.34 9.44 17.10 19.57 11.54 16.17 14.06 21.98 11.30 14.09 6.30
19.46 19.18 9.85 21.76 23.87 16.92 23.74 13.67 4.39 20.66 10.71 17.75 13.01 12.18 14.37 20.54
17.41 16.19 8.71 19.18 21.45 15.09 21.91 10.42 4.76 19.26 10.21 14.31 10.56 10.10 10.92 17.21
5.48 7.60 15.21 2.98 0.39 8.19 4.93 21.23 20.62 8.20 15.88 18.75 25.91 12.14 18.29 11.26
7.80 1.70 13.73 4.17 6.51 9.13 10.68 14.97 18.10 12.12 15.26 12.04 19.85 10.13 11.96 4.53
10.09 13.40 1.94 13.78 15.17 7.35 13.67 17.16 6.42 10.12 0.41 18.70 19.51 4.94 15.78 16.87
17.19 18.47 7.22 20.20 22.01 14.49 21.11 16.15 2.09 17.65 7.34 19.51 16.48 10.37 16.13 20.70
19.54 18.77 10.23 21.60 23.79 17.09 23.93 12.49 5.09 21.01 11.31 16.69 11.71 12.21 13.34 19.86
20.60 19.91 11.17 22.71 24.90 18.12 24.96 13.28 5.82 21.97 12.13 17.60 12.11 13.28 14.28 20.97
11.86 7.81 19.63 7.30 7.72 14.02 12.61 19.73 24.20 15.57 20.97 15.78 24.73 16.06 16.75 7.96
12.20 15.30 3.19 15.87 17.28 9.46 15.69 17.65 5.15 12.00 1.77 19.70 19.48 6.72 16.61 18.55
21.81 22.26 11.88 24.51 26.48 19.15 25.85 16.98 6.26 22.46 12.15 21.16 15.84 14.73 17.79 23.85
16.09 16.72 6.27 18.77 20.72 13.47 20.24 14.13 0.71 17.04 7.02 17.42 14.74 8.97 14.04 18.74
20.95 19.56 11.95 22.69 24.99 18.58 25.41 11.74 7.05 22.66 13.18 16.26 10.25 13.62 13.01 20.22
8.74 3.04 15.10 4.64 6.61 10.30 11.15 15.73 19.47 12.98 16.61 12.44 20.67 11.50 12.72 4.57
18.44 19.52 8.46 21.38 23.23 15.74 22.38 16.41 3.09 18.92 8.60 20.01 16.35 11.55 16.61 21.60
21.17 21.18 11.37 23.65 25.70 18.57 25.35 15.43 5.72 22.11 11.93 19.66 14.31 13.96 16.30 22.58
17.31 16.52 8.25 19.30 21.51 14.90 21.74 11.40 3.86 18.94 9.59 15.19 11.54 9.98 11.79 17.77
6.86 11.83 4.68 11.06 12.02 4.26 9.99 18.75 10.10 6.35 3.99 19.34 21.80 4.98 16.85 15.90
13.20 6.90 19.02 8.92 10.38 14.75 15.21 16.21 22.86 17.39 20.71 11.90 21.19 15.44 13.35 4.70
10.38 6.35 18.08 5.82 6.54 12.49 11.45 18.78 22.69 14.20 19.41 15.08 23.77 14.51 15.78 7.12
2.36 8.29 12.29 4.23 3.54 5.01 2.66 20.91 17.89 4.52 12.62 19.28 25.25 9.69 18.16 12.66
20.57 18.58 12.13 21.97 24.35 18.35 25.12 9.97 7.82 22.61 13.61 14.57 8.51 13.33 11.38 18.91
19.97 20.24 10.12 22.56 24.56 17.35 24.10 15.33 4.46 20.83 10.62 19.35 14.64 12.81 15.96 21.84
21.88 22.17 11.98 24.51 26.50 19.24 25.97 16.61 6.34 22.62 12.35 20.84 15.39 14.75 17.48 23.68
16.96 16.52 7.67 19.13 21.28 14.49 21.33 12.08 3.04 18.43 8.90 15.73 12.36 9.64 12.33 17.99
4.22 9.42 6.08 8.34 9.36 1.54 7.91 18.06 11.74 5.01 6.25 17.98 21.61 4.50 15.83 13.69
9.72 5.09 16.96 5.22 6.44 11.64 11.30 17.57 21.47 13.72 18.36 13.98 22.54 13.37 14.56 6.00
18.87 17.75 9.87 20.72 22.98 16.49 23.32 11.29 5.22 20.56 11.17 15.45 10.75 11.54 12.10 18.71
16.23 14.79 7.98 17.84 20.15 13.98 20.77 9.58 5.00 18.27 9.69 13.19 10.36 8.97 9.78 15.81
15.04 14.15 6.51 16.92 19.15 12.71 19.53 10.53 3.95 16.91 8.22 13.74 11.72 7.73 10.35 15.59
17.49 16.69 8.40 19.48 21.68 15.07 21.91 11.45 3.94 19.10 9.73 15.28 11.52 10.15 11.88 17.92
9.86 7.26 18.33 5.41 5.38 12.21 10.23 20.28 23.21 13.34 19.48 16.75 25.24 14.84 17.27 8.76
11.31 13.35 1.34 14.49 16.18 8.60 15.27 15.28 4.41 11.99 2.36 17.24 17.36 4.82 14.16 16.34
19.88 14.88 15.34 19.35 21.97 18.62 24.44 1.45 14.04 23.31 17.49 6.41 3.67 14.27 4.33 13.14
8.38 5.39 16.47 3.83 4.61 10.57 9.51 18.68 21.29 12.17 17.68 15.40 23.60 12.95 15.66 7.47
20.32 19.99 10.71 22.62 24.74 17.79 24.60 14.02 5.19 21.51 11.51 18.23 13.06 13.04 14.87 21.26
21.31 20.01 12.23 23.11 25.39 18.93 25.76 12.17 7.20 22.96 13.39 16.72 10.58 13.98 13.48 20.69
19.30 17.59 10.77 20.84 23.18 17.04 23.84 10.01 6.57 21.27 12.26 14.36 9.22 12.03 11.07 18.17
7.57 10.06 2.46 10.73 12.38 4.93 11.74 15.24 7.98 8.88 3.75 16.08 18.30 1.73 13.44 13.59
15.45 15.11 6.31 17.63 19.76 13.00 19.84 11.77 2.71 17.00 7.74 15.05 12.67 8.13 11.66 16.75
16.33 14.49 8.48 17.73 20.09 14.18 20.91 8.73 5.85 18.56 10.30 12.39 9.59 9.16 8.99 15.29
21.23 20.20 11.96 23.17 25.41 18.79 25.63 12.81 6.75 22.74 13.02 17.29 11.33 13.90 14.02 21.04
13.15 12.29 5.25 14.97 17.19 10.88 17.67 10.44 4.77 15.20 7.26 12.99 12.43 5.87 9.70 13.99
21.14 19.66 12.21 22.84 25.15 18.80 25.63 11.61 7.35 22.90 13.46 16.17 10.02 13.83 12.95 20.25
20.68 20.20 11.13 22.90 25.05 18.16 24.99 13.86 5.66 21.93 11.98 18.15 12.73 13.39 14.81 21.37
2.61 8.05 12.58 3.86 3.08 5.32 2.83 20.85 18.15 4.98 12.97 19.11 25.23 9.89 18.07 12.38
18.35 17.83 8.97 20.51 22.66 15.86 22.70 12.49 3.89 19.76 10.06 16.44 12.21 11.03 13.05 19.13
18.98 17.19 10.56 20.47 22.82 16.74 23.52 9.68 6.53 21.00 12.10 14.00 9.07 11.72 10.69 17.77
18.09 12.76 14.50 17.29 19.91 17.03 22.58 0.97 14.05 21.70 16.72 4.55 5.88 12.97 2.10 10.91
14.30 13.29 6.11 16.09 18.33 12.02 18.81 10.21 4.43 16.29 7.97 13.17 11.77 7.01 9.81 14.77
10.48 14.71 3.90 14.54 15.63 7.81 13.52 19.12 7.71 9.65 1.73 20.61 21.42 6.56 17.73 18.41
18.88 17.85 9.82 20.78 23.02 16.49 23.32 11.51 5.08 20.53 11.08 15.65 10.96 11.55 12.29 18.85
18.22 18.05 8.64 20.55 22.65 15.68 22.51 13.26 3.29 19.45 9.57 17.12 13.06 10.94 13.72 19.54
8.76 7.18 17.61 4.48 4.08 11.22 8.89 20.60 22.64 12.08 18.65 17.32 25.51 14.19 17.59 9.36
19.58 13.36 17.29 18.05 20.63 18.91 23.86 3.17 17.24 23.48 19.53 2.57 7.21 15.35 3.48 10.46
18.72 17.78 9.60 20.67 22.89 16.31 23.15 11.66 4.82 20.33 10.84 15.75 11.19 11.39 12.39 18.84
2.00 6.18 11.47 2.60 3.37 4.53 4.78 18.88 16.91 5.97 12.17 17.16 23.30 8.47 16.09 10.60
10.65 13.65 1.73 14.23 15.69 7.90 14.30 16.82 5.74 10.78 0.67 18.52 19.03 5.10 15.54 16.99
15.93 10.76 12.71 15.22 17.84 14.87 20.42 3.13 12.91 19.54 14.94 4.73 7.76 10.93 1.33 9.39
2.04 8.13 8.04 6.30 7.18 0.76 6.09 18.43 13.67 4.21 8.41 17.75 22.34 5.74 15.97 12.59
15.90 15.06 7.12 17.83 20.05 13.54 20.36 10.83 3.72 17.67 8.68 14.28 11.61 8.58 10.88 16.43
1.85 6.21 11.32 2.74 3.53 4.37 4.80 18.83 16.76 5.87 12.01 17.15 23.23 8.32 16.05 10.65
9.60 5.07 16.90 5.09 6.30 11.54 11.16 17.63 21.43 13.60 18.29 14.07 22.59 13.31 14.62 6.08
15.68 11.79 10.66 15.84 18.40 14.16 20.31 4.61 10.09 18.84 12.84 7.69 7.61 9.62 4.29 11.45
18.66 13.97 13.92 18.34 20.95 17.32 23.24 1.91 12.73 22.00 16.07 6.62 4.61 12.89 3.88 12.61
3.30 6.69 13.00 2.22 1.87 5.98 4.33 19.91 18.44 6.59 13.66 17.87 24.44 9.99 17.05 10.87
15.52 10.73 11.86 15.07 17.68 14.33 20.06 3.63 11.98 19.01 14.09 5.65 7.87 10.22 2.26 9.75
19.48 18.82 10.10 21.59 23.77 17.01 23.84 12.72 4.90 20.90 11.15 16.88 11.98 12.16 13.52 19.97
11.74 15.27 3.44 15.57 16.86 9.01 15.05 18.32 6.07 11.28 1.45 20.19 20.28 6.77 17.16 18.69
20.95 15.74 16.53 20.27 22.89 19.74 25.48 2.02 15.14 24.43 18.68 6.52 3.11 15.44 5.03 13.73
11.93 13.53 2.01 14.93 16.71 9.27 16.00 14.64 3.65 12.80 3.23 16.80 16.56 5.14 13.65 16.30
6.29 7.01 5.21 8.32 10.36 4.41 10.90 13.66 10.02 9.08 6.84 13.70 17.36 1.61 11.44 10.52
20.20 14.12 17.50 18.79 21.39 19.43 24.52 2.78 17.15 24.04 19.73 3.47 6.38 15.72 3.89 11.33
9.54 12.44 1.08 13.02 14.53 6.80 13.35 16.24 6.39 10.00 1.44 17.68 18.74 3.92 14.79 15.84
20.39 19.26 11.26 22.27 24.52 17.99 24.83 12.06 6.25 22.01 12.43 16.45 10.86 13.06 13.16 20.10
11.87 6.72 18.84 7.36 8.38 13.76 13.29 17.95 23.13 15.85 20.33 13.93 22.95 15.23 15.00 6.18
13.68 16.40 4.22 17.24 18.72 10.93 17.22 17.60 4.11 13.53 3.27 20.01 19.04 7.82 16.81 19.44
16.69 17.07 6.93 19.26 21.26 14.09 20.88 13.84 1.44 17.72 7.74 17.30 14.24 9.51 13.90 18.94
19.40 14.77 14.39 19.13 21.74 18.01 23.99 2.25 12.90 22.69 16.51 7.17 3.84 13.51 4.63 13.39
21.49 20.39 12.26 23.40 25.65 19.07 25.91 12.78 7.07 23.04 13.33 17.30 11.18 14.16 14.05 21.16
20.62 20.43 10.93 22.99 25.08 18.06 24.87 14.55 5.35 21.72 11.64 18.76 13.52 13.37 15.40 21.75
18.65 17.49 9.71 20.48 22.73 16.28 23.11 11.09 5.16 20.37 11.05 15.22 10.65 11.32 11.86 18.44
16.82 11.78 13.10 16.22 18.84 15.67 21.34 2.28 12.86 20.35 15.32 5.09 6.73 11.56 1.84 10.38
5.05 10.90 6.40 9.46 10.17 2.76 7.96 19.38 11.97 4.42 6.01 19.45 22.77 5.62 17.23 15.20
16.00 14.68 7.67 17.68 19.96 13.73 20.53 9.81 4.73 18.00 9.38 13.33 10.66 8.72 9.93 15.80
1.64 5.90 10.66 3.01 4.18 3.85 5.33 18.24 16.08 5.93 11.41 16.67 22.60 7.63 15.48 10.39
11.02 7.56 19.11 6.49 6.73 13.27 11.60 20.01 23.82 14.63 20.37 16.23 24.99 15.57 17.01 8.30
11.50 13.25 1.56 14.56 16.31 8.82 15.55 14.81 4.10 12.34 2.87 16.84 16.85 4.79 13.73 16.12
10.63 13.53 1.54 14.16 15.65 7.88 14.33 16.61 5.63 10.85 0.86 18.32 18.83 4.96 15.34 16.83
19.43 17.92 10.71 21.08 23.40 17.13 23.94 10.57 6.27 21.30 12.11 14.91 9.73 12.13 11.60 18.61
20.03 19.78 10.38 22.36 24.46 17.48 24.29 14.06 4.85 21.18 11.17 18.21 13.21 12.76 14.84 21.11
23.30 16.27 22.55 20.84 23.24 23.13 27.15 8.67 22.86 27.48 24.79 5.82 11.33 20.23 8.77 12.26
9.86 7.91 18.66 5.56 5.12 12.32 9.84 21.09 23.64 13.14 19.72 17.60 26.03 15.21 18.07 9.62
7.96 11.88 2.92 11.80 13.06 5.22 11.51 17.44 8.36 8.04 2.49 18.40 20.27 4.02 15.72 15.67
16.19 11.04 12.84 15.50 18.12 15.11 20.69 2.87 12.92 19.78 15.07 4.78 7.47 11.12 1.39 9.65
11.93 7.03 19.10 7.40 8.28 13.89 13.20 18.40 23.46 15.86 20.56 14.38 23.40 15.50 15.44 6.63
7.86 3.82 15.23 3.43 5.09 9.76 9.77 17.16 19.91 11.94 16.56 14.01 22.06 11.67 14.14 6.18
20.62 14.07 18.88 18.76 21.30 20.13 24.77 4.83 18.96 24.64 21.12 2.86 8.29 16.80 5.03 10.73
16.59 14.53 8.92 17.87 20.25 14.48 21.18 8.28 6.33 18.89 10.76 12.04 9.09 9.47 8.65 15.18
23.28 22.35 13.83 25.30 27.52 20.80 27.64 14.44 8.39 24.64 14.71 19.08 12.34 15.95 15.88 23.13
5.57 1.81 11.33 3.34 5.96 6.58 9.16 14.94 16.00 9.92 12.76 12.81 19.60 7.76 12.03 6.33
12.53 7.52 19.63 7.99 8.84 14.48 13.76 18.55 23.93 16.45 21.11 14.43 23.55 16.03 15.62 6.81
18.17 17.58 8.85 20.29 22.46 15.70 22.54 12.25 3.89 19.62 9.99 16.18 12.04 10.84 12.79 18.87
21.28 16.80 15.67 21.14 23.74 19.77 25.89 3.83 13.49 24.44 17.71 8.78 2.02 15.13 6.58 15.38
18.73 18.01 9.45 20.79 22.98 16.28 23.12 12.19 4.46 20.22 10.60 16.25 11.74 11.40 12.87 19.19
20.19 19.88 10.57 22.49 24.61 17.65 24.47 14.00 5.06 21.38 11.38 18.18 13.08 12.91 14.82 21.17
4.88 3.10 12.22 1.69 4.31 6.55 7.84 16.58 17.16 9.16 13.43 14.30 21.25 8.74 13.65 7.36
5.15 5.77 14.27 1.28 1.53 7.64 6.11 19.44 19.51 8.68 15.16 16.93 24.15 11.00 16.49 9.48
11.01 12.39 1.48 13.86 15.70 8.39 15.19 14.05 4.55 12.16 3.42 15.95 16.28 4.04 12.87 15.19
19.00 17.74 10.11 20.78 23.06 16.65 23.48 11.00 5.55 20.76 11.46 15.21 10.38 11.68 11.87 18.61
20.73 20.07 11.27 22.86 25.04 18.24 25.08 13.44 5.89 22.08 12.20 17.77 12.24 13.42 14.45 21.14
21.23 14.71 19.32 19.40 21.94 20.70 25.40 4.94 19.24 25.23 21.55 3.49 8.02 17.30 5.48 11.37
17.72 16.39 9.06 19.43 21.72 15.41 22.22 10.28 5.08 19.60 10.57 14.25 10.28 10.41 10.87 17.32
6.05 8.84 15.96 4.20 1.58 8.80 4.42 22.46 21.45 8.12 16.48 19.99 27.12 13.02 19.53 12.46
6.31 4.69 7.52 6.90 9.27 5.42 10.89 12.77 11.89 9.97 9.24 12.04 16.94 3.93 10.21 8.14
18.07 17.95 8.48 20.43 22.51 15.53 22.35 13.30 3.11 19.28 9.40 17.12 13.16 10.80 13.72 19.47
20.53 13.80 19.26 18.47 20.98 20.16 24.58 5.66 19.58 24.61 21.50 2.71 9.26 17.03 5.46 10.24
16.20 15.41 7.31 18.16 20.37 13.81 20.64 11.02 3.62 17.91 8.80 14.54 11.66 8.86 11.14 16.76
21.31 14.20 21.14 18.73 21.11 21.26 25.08 8.30 21.91 25.53 23.36 4.37 11.81 18.62 7.67 10.11
18.51 17.41 9.54 20.37 22.62 16.13 22.97 11.17 4.98 20.21 10.87 15.26 10.79 11.18 11.90 18.41
19.15 17.91 10.21 20.95 23.22 16.79 23.62 11.14 5.59 20.88 11.54 15.37 10.46 11.82 12.03 18.78
20.90 20.02 11.55 22.92 25.13 18.44 25.28 13.01 6.28 22.35 12.57 17.41 11.69 13.57 14.11 20.97
19.91 15.03 15.16 19.47 22.08 18.59 24.48 1.80 13.74 23.28 17.30 6.78 3.49 14.18 4.58 13.40
19.85 19.25 10.41 22.00 24.17 17.36 24.20 13.08 5.10 21.21 11.39 17.29 12.21 12.54 13.93 20.41
19.64 18.29 10.76 21.39 23.67 17.30 24.12 11.09 6.11 21.41 12.08 15.42 10.17 12.33 12.11 19.06
10.55 14.39 3.17 14.46 15.68 7.83 13.81 18.37 6.99 10.05 0.95 19.94 20.62 6.06 17.02 17.97
20.55 16.45 14.54 20.66 23.24 18.93 25.18 4.35 12.20 23.57 16.54 9.31 3.15 14.19 6.71 15.39
17.51 17.03 8.19 19.67 21.83 15.04 21.88 12.21 3.35 18.96 9.37 15.99 12.26 10.19 12.59 18.43
7.94 7.11 17.01 3.84 3.15 10.47 7.95 20.71 22.14 11.16 17.97 17.61 25.58 13.65 17.70 9.72
19.70 16.03 13.27 20.08 22.63 17.95 24.34 5.10 10.80 22.56 15.24 9.90 4.51 13.12 6.98 15.35
21.81 14.91 20.84 19.53 21.99 21.56 25.76 7.11 21.17 25.95 23.08 4.15 10.22 18.56 7.06 11.09
9.57 6.36 17.68 5.02 5.47 11.79 10.39 19.31 22.46 13.25 18.91 15.79 24.26 14.16 16.29 7.80
1.46 8.38 8.94 5.99 6.56 1.69 5.15 19.22 14.57 3.54 9.19 18.37 23.19 6.68 16.69 12.89
18.14 11.61 16.83 16.31 18.86 17.69 22.29 4.53 17.45 22.17 19.07 0.52 9.11 14.54 3.22 8.47
13.94 16.25 4.17 17.33 18.92 11.20 17.64 16.83 3.21 14.05 3.72 19.38 18.17 7.72 16.14 19.11
19.77 18.38 10.90 21.50 23.79 17.43 24.26 11.06 6.25 21.55 12.23 15.43 10.08 12.46 12.13 19.12
12.48 16.34 4.62 16.45 17.62 9.78 15.54 19.41 6.66 11.64 2.55 21.35 21.25 7.90 18.31 19.82
9.35 6.04 17.39 4.80 5.39 11.55 10.31 19.01 22.15 13.10 18.63 15.53 23.97 13.85 16.00 7.54
18.43 18.38 8.77 20.83 22.90 15.87 22.68 13.67 3.29 19.57 9.60 17.54 13.42 11.17 14.14 19.92
15.43 19.33 7.36 19.47 20.58 12.77 18.24 21.33 7.36 14.22 5.52 23.72 22.59 10.83 20.54 22.71
18.56 18.37 8.96 20.89 22.99 16.02 22.84 13.41 3.55 19.77 9.86 17.32 13.08 11.28 13.92 19.83
18.23 15.59 10.86 19.21 21.67 16.23 22.86 7.25 7.99 20.71 12.71 11.56 7.28 11.25 8.28 15.72
16.46 14.69 8.50 17.90 20.25 14.28 21.03 8.91 5.70 18.64 10.28 12.61 9.67 9.26 9.21 15.52
3.68 9.73 7.10 8.09 8.82 1.52 6.93 19.03 12.75 3.91 7.06 18.78 22.66 5.59 16.74 14.12
10.75 7.71 19.07 6.27 6.31 13.07 11.15 20.38 23.85 14.27 20.27 16.68 25.36 15.54 17.38 8.72
9.09 12.84 2.48 12.92 14.20 6.36 12.58 17.55 7.49 9.01 1.37 18.80 20.13 4.64 16.00 16.49
13.88 14.60 4.20 16.54 18.48 11.29 18.09 13.50 1.84 15.01 5.39 16.26 14.88 6.74 12.96 16.85
19.46 14.44 15.02 18.91 21.53 18.21 24.00 1.14 13.86 22.90 17.19 6.12 4.10 13.89 3.91 12.73
18.85 18.38 9.39 21.04 23.19 16.35 23.18 12.88 4.14 20.19 10.40 16.90 12.41 11.54 13.52 19.68
10.70 6.07 18.01 6.16 7.13 12.68 12.04 18.13 22.49 14.63 19.42 14.34 23.12 14.42 15.14 6.41
23.34 22.16 14.05 25.23 27.49 20.91 27.75 13.84 8.72 24.84 15.03 18.53 11.60 16.01 15.37 22.79
13.80 15.42 3.83 16.88 18.64 11.11 17.76 15.31 2.09 14.39 4.23 17.94 16.67 7.09 14.67 18.03
13.50 10.33 21.90 9.07 8.79 15.88 13.42 22.30 26.63 16.81 23.11 18.23 27.30 18.36 19.34 10.52
7.51 10.87 2.62 11.08 12.52 4.77 11.38 16.43 8.27 8.21 3.09 17.28 19.40 2.89 14.65 14.58
10.13 6.37 17.97 5.57 6.20 12.28 11.12 18.97 22.64 13.91 19.27 15.33 23.95 14.42 15.97 7.35
14.27 14.40 4.95 16.65 18.70 11.76 18.60 12.43 2.31 15.68 6.39 15.34 13.73 6.98 12.01 16.37
17.99 17.24 8.81 20.02 22.22 15.56 22.40 11.77 4.08 19.55 10.06 15.70 11.62 10.66 12.31 18.46
5.02 6.10 14.31 1.51 1.18 7.57 5.77 19.74 19.59 8.43 15.15 17.27 24.43 11.08 16.80 9.85
9.38 6.66 17.74 4.89 5.09 11.69 9.98 19.76 22.60 12.96 18.91 16.30 24.70 14.24 16.74 8.31
7.43 9.86 2.63 10.55 12.22 4.81 11.63 15.15 8.12 8.83 3.95 15.94 18.25 1.56 13.32 13.39
16.00 14.39 7.97 17.52 19.84 13.80 20.56 9.19 5.33 18.13 9.77 12.73 10.13 8.78 9.33 15.36
8.39 4.48 15.94 3.87 5.21 10.37 10.01 17.65 20.62 12.38 17.25 14.36 22.57 12.38 14.63 6.44
19.63 18.65 10.45 21.57 23.80 17.21 24.05 12.02 5.48 21.21 11.63 16.27 11.16 12.30 12.93 19.62
20.95 19.60 11.94 22.72 25.01 18.59 25.42 11.82 7.00 22.65 13.15 16.34 10.35 13.63 13.09 20.28
10.57 14.52 3.39 14.52 15.71 7.86 13.76 18.60 7.17 9.97 1.18 20.15 20.85 6.23 17.24 18.13
10.48 5.10 17.21 6.07 7.47 12.25 12.30 16.88 21.53 14.58 18.71 13.13 21.87 13.61 13.89 5.18
11.17 13.68 1.49 14.56 16.13 8.43 14.98 16.10 4.88 11.56 1.58 17.98 18.18 5.10 14.93 16.83
5.14 8.43 4.88 8.43 9.97 2.59 9.43 16.02 10.41 6.98 5.76 16.11 19.56 2.50 13.85 12.41
17.67 17.67 8.04 20.08 22.15 15.12 21.93 13.40 2.67 18.85 8.95 17.12 13.41 10.42 13.71 19.28
17.70 17.65 8.09 20.08 22.16 15.15 21.97 13.30 2.75 18.90 9.02 17.04 13.31 10.44 13.63 19.24
19.18 19.21 9.44 21.63 23.69 16.60 23.39 14.27 3.85 20.22 10.16 18.24 13.77 11.95 14.84 20.74
19.87 19.42 10.34 22.10 24.24 17.36 24.19 13.47 4.93 21.15 11.25 17.64 12.62 12.57 14.28 20.66
17.38 17.66 7.63 19.92 21.94 14.79 21.58 13.93 2.09 18.42 8.41 17.53 14.07 10.19 14.13 19.43
22.12 21.07 12.82 24.07 26.31 19.68 26.52 13.33 7.52 23.61 13.82 17.90 11.53 14.79 14.67 21.84
15.11 10.88 10.79 15.03 17.62 13.74 19.71 4.47 10.74 18.43 13.01 6.88 8.11 9.40 3.50 10.41
18.86 14.80 13.14 18.97 21.55 17.27 23.49 3.74 11.31 21.92 15.20 8.42 4.58 12.58 5.47 13.92
4.29 3.31 11.55 1.96 4.49 5.85 7.58 16.48 16.55 8.62 12.73 14.41 21.08 8.10 13.59 7.74
21.74 22.40 11.79 24.55 26.47 19.07 25.73 17.46 6.23 22.28 11.95 21.58 16.41 14.74 18.20 24.10
4.13 3.69 11.82 1.53 4.03 5.89 7.19 16.94 16.88 8.41 12.94 14.84 21.54 8.40 14.05 8.05
16.38 9.79 15.65 14.48 17.04 16.03 20.48 5.40 16.79 20.46 17.86 1.46 10.31 13.12 3.02 6.76
18.07 18.13 8.38 20.52 22.57 15.50 22.30 13.75 2.88 19.18 9.20 17.53 13.63 10.83 14.13 19.75
21.62 14.93 20.08 19.60 22.11 21.20 25.70 5.91 20.15 25.68 22.32 3.79 8.92 17.96 6.23 11.36
20.33 15.27 15.78 19.76 22.38 19.07 24.87 1.68 14.40 23.76 17.92 6.54 3.33 14.72 4.66 13.45
19.56 19.43 9.87 21.94 24.02 16.99 23.80 14.10 4.32 20.67 10.64 18.15 13.44 12.30 14.77 20.86
4.62 3.65 12.45 1.12 3.74 6.50 7.33 17.15 17.49 8.84 13.58 14.87 21.81 9.02 14.23 7.85
18.27 18.45 8.51 20.78 22.81 15.68 22.47 14.14 2.93 19.30 9.24 17.93 13.97 11.07 14.53 20.11
9.86 11.86 0.40 12.95 14.67 7.19 13.95 14.86 5.71 10.85 2.63 16.41 17.36 3.29 13.47 14.99
18.86 17.82 9.80 20.75 23.00 16.46 23.30 11.47 5.08 20.51 11.07 15.62 10.94 11.53 12.26 18.82
20.70 19.78 11.39 22.69 24.91 18.25 25.09 12.77 6.18 22.18 12.45 17.16 11.51 13.36 13.85 20.71
16.56 15.57 7.80 18.43 20.67 14.21 21.04 10.67 4.09 18.36 9.32 14.31 11.18 9.24 10.91 16.79
13.05 16.95 5.18 17.05 18.20 10.37 16.04 19.84 6.77 12.10 3.16 21.86 21.56 8.50 18.79 20.42
15.52 11.79 10.34 15.77 18.33 13.96 20.15 4.95 9.75 18.62 12.51 8.00 7.82 9.36 4.60 11.58
19.14 17.97 10.15 20.97 23.23 16.76 23.59 11.29 5.47 20.84 11.45 15.50 10.62 11.81 12.16 18.87
16.08 15.84 6.76 18.33 20.44 13.59 20.43 12.20 2.44 17.52 8.02 15.62 12.83 8.77 12.23 17.48
21.54 20.89 12.02 23.69 25.86 19.03 25.86 14.00 6.55 22.82 12.88 18.42 12.55 14.23 15.12 21.93
13.15 7.91 20.07 8.62 9.51 15.06 14.43 18.50 24.28 17.10 21.59 14.26 23.49 16.47 15.59 6.81
9.95 3.65 15.84 5.90 7.82 11.40 12.40 15.24 19.97 14.22 17.45 11.66 20.22 12.24 12.23 3.68
18.95 17.50 10.23 20.63 22.93 16.64 23.45 10.51 5.87 20.81 11.65 14.75 9.91 11.65 11.42 18.27
21.57 16.68 16.52 21.14 23.76 20.21 26.14 3.14 14.66 24.90 18.62 7.88 1.86 15.73 6.12 14.91
19.72 18.69 10.58 21.64 23.88 17.31 24.15 11.93 5.63 21.32 11.76 16.21 11.02 12.39 12.88 19.62
11.60 8.99 20.21 7.23 6.87 14.02 11.53 21.64 25.07 14.89 21.35 17.85 26.62 16.71 18.64 9.93
7.55 7.28 16.79 3.65 2.63 10.13 7.39 20.94 21.99 10.66 17.69 17.95 25.78 13.48 17.94 10.10
3.61 6.62 6.84 6.36 8.04 2.04 8.21 15.97 12.21 6.66 7.84 15.41 19.89 3.78 13.52 10.84
20.69 19.45 11.61 22.51 24.78 18.31 25.14 11.95 6.64 22.35 12.80 16.41 10.61 13.36 13.14 20.20
18.53 18.63 8.80 21.00 23.05 15.95 22.75 14.07 3.23 19.59 9.55 17.92 13.80 11.31 14.52 20.23
18.51 17.31 9.62 20.31 22.58 16.15 22.98 10.93 5.17 20.26 10.99 15.04 10.55 11.19 11.68 18.26
17.66 17.72 7.99 20.10 22.15 15.09 21.90 13.54 2.56 18.80 8.86 17.25 13.57 10.42 13.85 19.36
17.82 17.51 8.35 20.07 22.19 15.31 22.14 12.74 3.22 19.15 9.41 16.55 12.68 10.52 13.15 18.96
9.88 5.49 17.30 5.35 6.40 11.87 11.29 17.97 21.85 13.83 18.67 14.36 22.95 13.72 14.97 6.37
22.39 19.04 15.15 23.01 25.54 20.49 27.03 7.54 11.65 25.01 16.91 12.51 4.58 15.54 9.85 18.37
13.37 13.06 4.74 15.49 17.63 10.98 17.81 11.42 3.71 15.12 6.57 14.08 13.16 6.04 10.78 14.96
10.26 11.94 0.83 13.22 15.00 7.63 14.41 14.41 5.29 11.38 3.02 16.08 16.83 3.45 13.09 14.92
17.61 16.68 8.63 19.54 21.76 15.23 22.06 11.17 4.26 19.30 10.00 15.05 11.19 10.28 11.66 17.83
19.10 18.75 9.56 21.36 23.48 16.57 23.40 13.29 4.18 20.36 10.48 17.32 12.74 11.80 13.94 20.09
5.55 1.94 11.74 2.94 5.56 6.75 8.94 15.33 16.45 9.90 13.12 13.09 20.01 8.17 12.40 6.39
20.17 15.53 15.02 19.90 22.51 18.76 24.77 2.61 13.30 23.44 17.12 7.59 3.06 14.23 5.26 14.06
4.78 7.50 5.51 7.68 9.37 2.57 9.27 15.53 10.89 7.21 6.59 15.39 19.23 2.56 13.25 11.49
17.14 15.99 8.41 18.94 21.20 14.80 21.62 10.51 4.52 18.96 9.91 14.32 10.77 9.82 10.92 17.08
11.39 7.30 19.11 6.83 7.35 13.52 12.26 19.35 23.68 15.14 20.46 15.47 24.35 15.54 16.37 7.60
19.13 12.94 16.85 17.63 20.22 18.44 23.41 3.00 16.88 23.02 19.09 2.34 7.31 14.89 3.03 10.13
10.90 5.40 17.54 6.49 7.86 12.65 12.70 16.88 21.80 15.00 19.07 13.04 21.88 13.94 13.90 5.13
20.06 18.77 11.07 21.84 24.12 17.69 24.52 11.48 6.26 21.77 12.33 15.86 10.39 12.73 12.56 19.54
3.06 6.12 12.54 1.85 2.30 5.64 4.80 19.29 17.94 6.71 13.27 17.28 23.81 9.46 16.43 10.37
2.50 8.59 7.74 6.82 7.65 0.65 6.29 18.60 13.38 4.04 8.00 18.04 22.42 5.64 16.18 13.03
18.41 17.10 9.64 20.15 22.44 16.08 22.90 10.61 5.34 20.23 11.06 14.72 10.27 11.10 11.36 17.99
3.34 8.31 13.31 3.88 2.59 6.05 2.66 21.33 18.88 5.44 13.70 19.45 25.77 10.60 18.51 12.54
20.34 18.49 11.80 21.82 24.18 18.09 24.88 10.19 7.43 22.32 13.25 14.74 8.87 13.08 11.51 18.92
21.06 20.54 11.49 23.27 25.42 18.54 25.36 14.02 6.01 22.30 12.33 18.36 12.76 13.76 15.03 21.67
20.03 19.09 10.78 22.00 24.22 17.59 24.43 12.34 5.69 21.56 11.90 16.65 11.34 12.69 13.32 20.06
15.15 14.66 6.20 17.24 19.40 12.74 19.57 11.38 3.09 16.81 7.74 14.59 12.43 7.82 11.21 16.27
10.98 5.89 17.96 6.49 7.65 12.85 12.53 17.57 22.32 15.00 19.43 13.72 22.57 14.36 14.59 5.82
18.63 18.15 9.21 20.82 22.97 16.14 22.98 12.72 4.02 20.00 10.25 16.71 12.33 11.32 13.32 19.45
21.38 20.91 11.78 23.62 25.76 18.85 25.67 14.34 6.25 22.58 12.57 18.70 12.99 14.09 15.38 22.04
15.68 16.09 5.99 18.24 20.24 13.10 19.90 13.47 1.05 16.80 6.96 16.71 14.22 8.49 13.33 18.05
4.85 4.95 13.60 0.43 2.32 7.17 6.52 18.58 18.77 8.69 14.57 16.14 23.28 10.26 15.64 8.82
19.34 18.05 10.42 21.11 23.39 16.98 23.81 11.11 5.79 21.09 11.75 15.38 10.34 12.01 12.05 18.88
17.95 13.81 12.57 17.99 20.57 16.42 22.57 3.43 11.16 21.09 14.68 7.78 5.36 11.81 4.67 12.97
21.65 21.63 11.85 24.12 26.18 19.05 25.83 15.66 6.20 22.58 12.39 19.95 14.39 14.44 16.60 22.99
17.77 13.54 12.57 17.75 20.34 16.28 22.39 3.20 11.31 20.96 14.71 7.46 5.49 11.72 4.34 12.65
18.42 18.01 8.96 20.64 22.77 15.92 22.75 12.80 3.76 19.76 9.99 16.74 12.50 11.11 13.35 19.37
14.84 15.15 5.29 17.33 19.35 12.29 19.11 12.98 1.58 16.08 6.49 16.03 14.04 7.60 12.67 17.15
17.55 16.69 8.52 19.51 21.73 15.15 21.99 11.32 4.10 19.20 9.86 15.17 11.36 10.22 11.78 17.88
20.44 20.28 10.74 22.82 24.91 17.88 24.68 14.51 5.15 21.53 11.45 18.70 13.55 13.19 15.33 21.62
10.87 7.18 18.82 6.32 6.72 13.06 11.61 19.59 23.48 14.55 20.10 15.82 24.58 15.26 16.59 7.89
17.88 18.31 8.04 20.50 22.48 15.26 22.02 14.54 2.39 18.78 8.66 18.20 14.53 10.73 14.80 20.12
2.67 6.12 12.15 2.09 2.69 5.23 4.76 19.13 17.56 6.42 12.87 17.23 23.62 9.09 16.30 10.45
12.13 6.26 18.45 7.75 9.11 13.81 13.96 16.74 22.52 16.26 20.04 12.65 21.74 14.85 13.81 5.00
13.74 15.18 3.78 16.74 18.53 11.06 17.75 14.93 1.96 14.45 4.39 17.57 16.30 6.92 14.30 17.74
8.38 4.98 16.23 3.82 4.87 10.48 9.73 18.22 20.99 12.26 17.49 14.94 23.14 12.69 15.20 7.00
17.55 13.71 11.86 17.78 20.34 15.93 22.19 4.19 10.36 20.58 13.95 8.37 5.92 11.24 5.14 13.14
16.48 15.78 7.47 18.50 20.69 14.07 20.91 11.29 3.47 18.13 8.89 14.88 11.80 9.15 11.48 17.15
18.17 17.08 9.24 20.02 22.28 15.80 22.63 11.03 4.81 19.90 10.61 15.06 10.80 10.85 11.68 18.10
20.11 19.01 10.98 22.00 24.25 17.71 24.54 11.97 6.00 21.72 12.16 16.32 10.90 12.78 13.01 19.88
9.02 5.59 16.95 4.46 5.25 11.17 10.16 18.64 21.70 12.83 18.21 15.22 23.58 13.41 15.62 7.24
10.02 3.78 15.97 5.93 7.81 11.49 12.42 15.36 20.12 14.27 17.57 11.76 20.35 12.37 12.36 3.78
10.41 7.16 18.58 5.89 6.14 12.68 11.02 19.86 23.34 14.02 19.82 16.19 24.83 15.05 16.85 8.22
16.81 16.43 7.50 19.01 21.14 14.34 21.18 12.14 2.89 18.26 8.73 15.75 12.48 9.50 12.35 17.93
18.65 19.01 8.81 21.26 23.25 16.03 22.80 14.77 3.16 19.55 9.40 18.57 14.50 11.50 15.17 20.73
4.06 5.47 13.16 0.84 2.02 6.50 5.70 18.94 18.44 7.81 14.03 16.69 23.56 9.93 16.03 9.54
19.71 19.63 10.01 22.12 24.20 17.14 23.95 14.30 4.43 20.79 10.73 18.36 13.59 12.47 14.98 21.07
5.17 4.11 13.37 0.75 3.17 7.26 7.28 17.77 18.42 9.21 14.46 15.29 22.50 9.95 14.82 7.98
5.43 5.87 14.55 1.50 1.54 7.92 6.26 19.56 19.78 8.92 15.45 16.98 24.29 11.27 16.60 9.48
19.75 20.32 9.83 22.48 24.42 17.09 23.81 15.94 4.20 20.45 10.18 19.85 15.39 12.68 16.45 22.08
10.08 5.82 17.60 5.53 6.45 12.11 11.35 18.28 22.17 13.97 18.96 14.63 23.26 14.02 15.27 6.65
10.26 3.68 15.84 6.31 8.29 11.61 12.83 14.80 19.86 14.55 17.49 11.17 19.79 12.24 11.80 3.19
16.95 12.30 12.60 16.63 19.24 15.65 21.53 2.63 12.01 20.34 14.80 6.13 6.33 11.33 2.88 11.20
20.53 19.48 11.34 22.45 24.69 18.12 24.95 12.33 6.25 22.10 12.46 16.73 11.10 13.20 13.43 20.35
4.09 6.63 6.49 6.69 8.45 2.41 8.69 15.56 11.79 7.07 7.58 15.10 19.44 3.33 13.15 10.76
6.20 11.41 5.19 10.45 11.35 3.64 9.30 18.85 10.69 5.72 4.66 19.27 22.03 5.03 16.87 15.56
5.27 8.16 15.15 3.48 0.92 8.02 4.22 21.72 20.63 7.65 15.71 19.35 26.36 12.19 18.80 11.93
18.02 18.25 8.26 20.55 22.57 15.43 22.22 14.11 2.68 19.05 9.00 17.84 14.03 10.83 14.44 19.94
16.04 15.70 6.80 18.24 20.37 13.57 20.41 11.96 2.66 17.54 8.13 15.38 12.61 8.72 11.99 17.29
5.59 7.07 15.15 2.53 0.57 8.25 5.48 20.74 20.49 8.58 15.89 18.19 25.45 11.99 17.79 10.65
11.63 15.68 4.29 15.65 16.78 8.95 14.66 19.35 7.14 10.76 2.07 21.09 21.39 7.35 18.12 19.27
18.45 17.31 9.52 20.28 22.54 16.08 22.91 11.04 5.03 20.18 10.88 15.13 10.68 11.12 11.76 18.28
20.18 19.18 10.97 22.12 24.36 17.75 24.59 12.28 5.89 21.73 12.10 16.62 11.20 12.85 13.30 20.11
17.28 17.10 7.79 19.59 21.69 14.77 21.59 12.79 2.71 18.59 8.85 16.47 12.95 10.00 13.07 18.65
19.69 18.49 10.67 21.52 23.78 17.31 24.15 11.50 5.87 21.38 11.93 15.81 10.58 12.36 12.49 19.34
0.74 6.65 10.16 3.89 4.76 3.11 5.00 18.58 15.66 5.09 10.77 17.23 22.83 7.31 15.89 11.17
6.87 11.20 3.84 10.82 11.99 4.14 10.39 17.70 9.40 6.99 3.60 18.35 20.76 3.96 15.82 15.15
20.81 20.63 11.10 23.19 25.28 18.25 25.05 14.70 5.51 21.89 11.79 18.94 13.62 13.56 15.58 21.95
17.73 15.40 10.10 18.89 21.30 15.66 22.34 7.90 7.15 20.09 11.90 12.03 8.13 10.65 8.69 15.78
19.47 18.30 10.45 21.31 23.57 17.09 23.92 11.45 5.68 21.15 11.72 15.72 10.64 12.14 12.39 19.18
7.56 7.48 16.87 3.76 2.56 10.16 7.26 21.16 22.09 10.58 17.74 18.17 25.99 13.58 18.16 10.33
3.91 9.23 6.36 8.05 9.06 1.25 7.63 18.11 12.01 4.83 6.55 17.95 21.72 4.65 15.85 13.53
23.40 22.30 14.05 25.34 27.59 20.96 27.80 14.09 8.68 24.86 15.00 18.78 11.88 16.07 15.61 22.98
15.39 15.15 6.17 17.61 19.73 12.92 19.75 11.97 2.50 16.88 7.56 15.22 12.89 8.07 11.84 16.85
10.35 6.79 18.33 5.80 6.24 12.55 11.15 19.40 23.03 14.05 19.61 15.73 24.38 14.78 16.40 7.76
5.74 4.98 14.38 1.25 2.51 8.05 7.12 18.70 19.48 9.52 15.41 16.04 23.47 11.00 15.73 8.50
20.35 16.21 14.44 20.43 23.01 18.75 24.98 4.11 12.21 23.40 16.46 9.06 3.22 14.03 6.45 15.12
11.05 13.18 1.09 14.26 15.93 8.34 15.01 15.36 4.68 11.72 2.19 17.25 17.50 4.62 14.19 16.22
5.70 8.91 4.29 9.02 10.56 3.08 9.91 15.96 9.85 7.29 5.17 16.23 19.38 2.23 13.88 12.80
21.65 20.89 12.19 23.74 25.93 19.16 26.00 13.78 6.77 22.99 13.09 18.24 12.25 14.33 14.96 21.86
7.16 8.36 3.83 9.61 11.54 4.89 11.65 13.81 8.73 9.38 5.55 14.32 17.19 0.23 11.81 11.73
9.61 10.25 2.59 12.00 14.00 7.21 14.04 12.85 6.35 11.47 4.81 14.22 15.67 2.28 11.32 13.03
17.35 15.59 9.17 18.82 21.17 15.14 21.90 9.16 5.83 19.46 10.86 13.11 9.43 10.12 9.73 16.34
9.64 5.21 17.01 5.12 6.26 11.61 11.13 17.79 21.57 13.61 18.39 14.22 22.76 13.43 14.78 6.23
17.45 18.11 7.56 20.18 22.12 14.81 21.55 14.85 1.90 18.26 8.09 18.39 15.02 10.37 15.00 20.05
21.97 20.84 12.72 23.87 26.12 19.54 26.38 13.04 7.48 23.50 13.76 17.61 11.26 14.63 14.38 21.58
10.57 14.84 4.03 14.65 15.73 7.91 13.58 19.25 7.76 9.70 1.84 20.74 21.52 6.69 17.86 18.55
19.15 12.59 17.68 17.28 19.83 18.68 23.29 4.55 18.08 23.17 19.92 1.38 8.76 15.46 3.90 9.34
19.53 18.88 10.14 21.64 23.82 17.05 23.89 12.78 4.91 20.93 11.17 16.95 12.02 12.21 13.59 20.03
13.17 6.85 18.96 8.89 10.37 14.71 15.20 16.14 22.79 17.36 20.65 11.84 21.12 15.38 13.27 4.63
19.40 18.25 10.38 21.25 23.51 17.02 23.86 11.47 5.61 21.08 11.64 15.73 10.68 12.08 12.39 19.15
15.82 13.38 8.82 16.86 19.29 13.84 20.45 7.40 7.07 18.36 10.82 10.89 8.87 8.88 7.49 13.92
11.27 8.19 19.60 6.79 6.76 13.60 11.56 20.73 24.37 14.74 20.81 16.94 25.71 16.07 17.73 9.02
20.51 19.88 11.05 22.65 24.83 18.02 24.85 13.38 5.68 21.85 11.99 17.68 12.26 13.20 14.35 20.97
12.34 8.57 20.32 7.81 8.00 14.58 12.84 20.49 24.94 15.94 21.63 16.49 25.49 16.76 17.52 8.72
16.87 16.77 7.35 19.21 21.29 14.34 21.17 12.82 2.35 18.16 8.42 16.40 13.14 9.59 13.00 18.40
19.23 19.09 9.58 21.61 23.69 16.68 23.49 13.88 4.06 20.38 10.38 17.89 13.32 11.97 14.50 20.53
20.47 20.04 10.89 22.71 24.85 17.94 24.77 13.86 5.42 21.70 11.74 18.11 12.82 13.18 14.76 21.24
20.05 14.07 17.17 18.74 21.34 19.23 24.41 2.36 16.76 23.85 19.40 3.65 6.07 15.45 3.68 11.40
5.10 3.33 12.72 1.37 3.97 6.92 7.76 16.93 17.68 9.32 13.90 14.54 21.64 9.25 13.99 7.42
16.31 15.20 7.70 18.11 20.36 13.99 20.80 10.34 4.30 18.18 9.30 13.93 10.99 9.00 10.53 16.39
8.74 5.23 16.58 4.18 5.13 10.85 10.02 18.34 21.32 12.61 17.85 14.98 23.28 13.04 15.33 7.02
8.97 6.58 17.46 4.51 4.62 11.31 9.52 19.84 22.37 12.51 18.59 16.47 24.77 13.98 16.82 8.49
17.78 16.69 8.89 19.62 21.87 15.41 22.24 10.88 4.62 19.52 10.30 14.83 10.84 10.45 11.44 17.75
22.84 22.40 13.17 25.11 27.25 20.29 27.10 15.39 7.57 23.95 13.85 19.89 13.63 15.56 16.61 23.47
10.00 6.13 17.76 5.43 6.16 12.11 11.07 18.75 22.41 13.81 19.07 15.13 23.72 14.20 15.74 7.14
8.28 3.78 15.43 3.89 5.56 10.11 10.25 16.91 20.03 12.38 16.81 13.68 21.83 11.85 13.90 5.79
16.16 12.49 10.65 16.47 19.02 14.54 20.80 4.83 9.67 19.20 12.79 8.31 7.28 9.87 4.92 12.23
18.67 17.10 10.09 20.27 22.59 16.39 23.19 10.08 5.96 20.60 11.58 14.30 9.63 11.38 10.96 17.82
21.21 20.38 11.82 23.26 25.46 18.74 25.58 13.32 6.48 22.62 12.79 17.75 11.91 13.89 14.45 21.33
9.56 5.76 17.33 5.00 5.82 11.67 10.73 18.54 22.00 13.40 18.63 15.01 23.51 13.77 15.53 7.02
10.09 2.85 14.64 6.68 8.97 11.06 13.18 13.23 18.42 14.44 16.40 9.83 18.20 11.08 10.22 2.04
16.62 17.37 6.72 19.37 21.29 13.97 20.71 14.66 1.07 17.44 7.30 18.03 15.10 9.56 14.64 19.42
12.85 15.12 3.03 16.19 17.81 10.12 16.63 16.26 3.53 13.14 2.85 18.58 17.89 6.58 15.40 18.05
20.18 15.18 15.57 19.65 22.27 18.91 24.74 1.69 14.18 23.60 17.71 6.61 3.37 14.54 4.62 13.43
12.25 8.10 19.98 7.69 8.10 14.40 12.99 19.84 24.51 15.95 21.33 15.82 24.84 16.40 16.88 8.06
2.48 6.40 7.93 5.40 6.91 1.81 7.11 16.79 13.36 5.97 8.78 15.94 20.84 4.96 14.25 10.81
20.52 19.72 11.15 22.57 24.77 18.05 24.89 12.98 5.88 21.95 12.16 17.31 11.82 13.19 13.99 20.73
9.27 5.58 17.07 4.71 5.56 11.38 10.47 18.49 21.77 13.12 18.36 15.01 23.44 13.52 15.47 7.03
6.21 2.66 13.31 2.31 4.72 7.89 8.83 16.38 18.07 10.46 14.62 13.73 21.17 9.76 13.40 6.39
8.86 6.62 17.41 4.42 4.47 11.22 9.37 19.92 22.34 12.38 18.53 16.58 24.84 13.94 16.90 8.61
2.47 4.98 10.68 2.58 4.31 4.27 6.16 17.47 15.97 6.81 11.60 15.80 21.89 7.46 14.68 9.48
21.00 20.17 11.62 23.05 25.25 18.53 25.37 13.19 6.31 22.42 12.61 17.59 11.85 13.67 14.29 21.14
19.49 15.72 13.23 19.80 22.36 17.78 24.13 4.74 10.93 22.40 15.23 9.52 4.47 12.98 6.60 14.99
17.13 15.45 8.93 18.64 20.97 14.92 21.69 9.26 5.65 19.23 10.62 13.14 9.62 9.90 9.75 16.25
9.45 4.91 16.72 4.95 6.21 11.37 11.06 17.53 21.26 13.46 18.11 14.00 22.49 13.14 14.52 6.02
11.67 13.93 1.80 14.97 16.60 8.95 15.54 15.79 4.27 12.15 2.15 17.82 17.75 5.37 14.72 16.95
18.25 17.37 9.13 20.22 22.44 15.83 22.67 11.59 4.44 19.85 10.40 15.59 11.33 10.92 12.21 18.51
13.23 17.26 5.55 17.28 18.38 10.57 16.13 20.23 7.10 12.16 3.49 22.25 21.94 8.84 19.18 20.77
4.40 10.37 6.76 8.81 9.51 2.18 7.41 19.26 12.38 4.07 6.54 19.18 22.77 5.63 17.05 14.72
9.13 1.82 13.67 5.97 8.39 10.03 12.40 13.21 17.58 13.49 15.40 10.14 18.13 10.09 10.19 2.80
10.38 14.32 3.26 14.32 15.52 7.67 13.60 18.48 7.20 9.83 1.09 20.00 20.77 6.04 17.10 17.94
16.03 15.93 6.62 18.35 20.44 13.52 20.36 12.48 2.15 17.40 7.82 15.87 13.12 8.74 12.48 17.63
7.25 6.68 16.33 3.16 2.57 9.77 7.45 20.35 21.48 10.54 17.27 17.39 25.19 12.98 17.35 9.57
15.80 16.57 5.94 18.54 20.46 13.17 19.92 14.32 0.32 16.69 6.64 17.53 15.04 8.73 14.16 18.68
3.06 8.75 7.14 7.27 8.21 0.54 6.88 18.29 12.78 4.41 7.40 17.89 22.04 5.13 15.94 13.13
17.83 16.19 9.45 19.38 21.71 15.59 22.37 9.59 5.75 19.85 11.05 13.63 9.57 10.57 10.27 16.95
6.52 1.99 13.08 2.92 5.39 8.00 9.39 15.71 17.72 10.82 14.47 13.06 20.51 9.50 12.73 5.79
18.03 18.11 8.34 20.49 22.54 15.46 22.27 13.77 2.83 19.14 9.15 17.53 13.66 10.80 14.13 19.74
4.93 4.48 13.39 0.39 2.80 7.13 6.90 18.11 18.50 8.91 14.43 15.67 22.82 10.01 15.17 8.38
17.54 17.17 8.13 19.76 21.89 15.04 21.88 12.49 3.15 18.92 9.25 16.25 12.53 10.23 12.85 18.62
22.90 21.61 13.70 24.73 27.00 20.50 27.33 13.24 8.48 24.48 14.76 17.93 11.08 15.57 14.76 22.20
17.31 17.17 7.78 19.64 21.73 14.78 21.61 12.91 2.64 18.59 8.81 16.59 13.06 10.03 13.18 18.74
20.51 19.17 11.52 22.27 24.56 18.14 24.97 11.59 6.66 22.22 12.76 16.05 10.31 13.18 12.78 19.88
9.88 5.95 17.60 5.32 6.11 11.98 11.03 18.59 22.24 13.72 18.92 14.99 23.56 14.04 15.58 7.00
17.71 11.22 16.40 15.91 18.47 17.24 21.86 4.47 17.09 21.73 18.64 0.55 9.18 14.09 2.88 8.17
21.58 21.53 11.79 24.04 26.10 18.99 25.77 15.54 6.15 22.54 12.36 19.82 14.27 14.36 16.48 22.88
18.22 18.30 8.52 20.68 22.73 15.65 22.45 13.85 3.00 19.32 9.32 17.65 13.68 10.99 14.25 19.91
3.78 8.58 13.75 4.05 2.46 6.49 2.55 21.70 19.33 5.67 14.12 19.75 26.16 11.05 18.87 12.74
3.90 7.27 13.72 2.64 1.31 6.63 4.02 20.62 19.19 6.77 14.32 18.48 25.18 10.75 17.74 11.33
7.05 5.28 15.53 2.53 3.26 9.34 8.13 18.92 20.52 10.76 16.62 15.95 23.77 12.08 15.91 8.16
19.04 17.91 10.04 20.89 23.15 16.66 23.49 11.33 5.35 20.73 11.33 15.53 10.71 11.71 12.18 18.84
1.12 6.60 9.21 4.53 5.67 2.29 5.76 17.94 14.71 5.19 9.87 16.81 22.11 6.36 15.31 11.12
19.42 19.90 9.52 22.10 24.06 16.78 23.51 15.51 3.87 20.19 9.96 19.40 15.03 12.31 16.00 21.63
4.23 5.26 13.20 0.60 2.15 6.62 5.94 18.77 18.45 8.04 14.10 16.48 23.41 9.94 15.85 9.30
19.46 18.64 10.19 21.49 23.69 17.02 23.86 12.31 5.12 20.97 11.31 16.51 11.55 12.13 13.15 19.70
11.02 6.36 18.33 6.48 7.40 13.00 12.31 18.26 22.78 14.94 19.74 14.41 23.25 14.73 15.27 6.51
8.67 13.73 4.93 12.95 13.80 6.15 11.38 19.83 9.68 7.45 3.36 20.79 22.55 6.38 18.14 17.74
19.64 18.95 10.26 21.73 23.91 17.16 24.00 12.74 5.05 21.06 11.30 16.93 11.93 12.31 13.58 20.07
16.95 17.00 7.34 19.37 21.43 14.40 21.22 13.20 2.12 18.15 8.32 16.76 13.48 9.70 13.36 18.70
15.19 12.95 8.16 16.33 18.74 13.18 19.81 7.82 6.68 17.69 10.18 11.07 9.51 8.22 7.67 13.69
21.97 21.66 12.28 24.30 26.41 19.41 26.22 15.13 6.67 23.06 12.95 19.52 13.66 14.71 16.20 22.85
10.83 13.99 2.13 14.48 15.89 8.08 14.40 17.19 5.84 10.81 0.48 18.92 19.35 5.46 15.93 17.36
19.46 15.67 13.26 19.75 22.32 17.77 24.10 4.65 10.99 22.39 15.26 9.43 4.43 12.98 6.51 14.92
7.24 8.47 3.73 9.71 11.64 4.95 11.72 13.82 8.63 9.42 5.45 14.37 17.18 0.12 11.84 11.82
7.76 2.64 14.39 3.70 5.81 9.36 10.23 15.96 18.91 12.00 15.83 12.92 20.85 10.80 12.94 5.22
21.44 20.90 11.87 23.64 25.80 18.92 25.75 14.19 6.37 22.68 12.69 18.58 12.80 14.14 15.27 21.99
4.88 2.51 11.13 2.88 5.46 6.01 8.48 15.49 15.96 9.23 12.46 13.47 20.10 7.60 12.61 7.02
19.67 19.80 9.88 22.18 24.22 17.07 23.85 14.80 4.24 20.63 10.49 18.81 14.16 12.47 15.42 21.35
19.81 18.67 10.74 21.67 23.93 17.42 24.26 11.69 5.87 21.47 11.97 16.01 10.74 12.48 12.70 19.53
3.94 8.50 13.91 3.93 2.23 6.66 2.74 21.68 19.48 5.92 14.31 19.69 26.17 11.17 18.84 12.62
3.58 6.43 6.99 6.20 7.91 2.16 8.20 15.90 12.33 6.75 8.01 15.29 19.85 3.88 13.43 10.66
5.11 7.71 14.92 3.04 0.49 7.84 4.49 21.29 20.36 7.74 15.53 18.90 25.93 11.90 18.37 11.49
18.61 12.06 17.24 16.75 19.30 18.15 22.75 4.54 17.76 22.64 19.47 0.87 8.96 14.97 3.53 8.86
21.07 19.25 12.41 22.58 24.93 18.79 25.59 10.71 7.84 23.00 13.79 15.33 9.06 13.79 12.15 19.66
18.14 17.16 9.12 20.05 22.28 15.74 22.58 11.30 4.57 19.80 10.44 15.30 11.09 10.81 11.92 18.25
18.88 18.39 9.44 21.06 23.22 16.39 23.22 12.81 4.22 20.24 10.47 16.85 12.33 11.57 13.47 19.66
20.54 13.95 18.89 18.64 21.17 20.06 24.67 4.95 19.03 24.56 21.13 2.74 8.48 16.77 5.04 10.57
18.36 16.28 10.33 19.67 22.06 16.20 22.94 8.71 6.85 20.56 12.02 12.95 8.47 11.18 9.63 16.74
14.34 13.27 6.21 16.09 18.35 12.07 18.86 10.09 4.54 16.36 8.09 13.06 11.64 7.06 9.70 14.71
11.14 8.65 19.78 6.78 6.41 13.57 11.10 21.44 24.66 14.44 20.90 17.73 26.41 16.29 18.43 9.77
19.35 17.71 10.74 20.93 23.26 17.07 23.87 10.22 6.45 21.28 12.19 14.57 9.42 12.06 11.27 18.34
3.11 8.27 6.90 7.07 8.19 0.38 7.22 17.71 12.52 4.96 7.35 17.30 21.48 4.67 15.35 12.62
8.02 10.54 1.97 11.24 12.87 5.36 12.13 15.33 7.55 9.17 3.29 16.32 18.26 2.10 13.61 14.01
17.52 16.11 8.98 19.19 21.49 15.24 22.04 10.02 5.19 19.46 10.54 13.96 10.12 10.23 10.57 17.02
20.58 20.20 10.98 22.85 24.98 18.05 24.87 14.05 5.47 21.78 11.79 18.30 12.99 13.30 14.96 21.42
18.27 16.25 10.20 19.62 22.00 16.11 22.85 8.82 6.70 20.46 11.88 13.03 8.62 11.09 9.71 16.76
20.29 19.20 11.14 22.19 24.44 17.89 24.72 12.09 6.13 21.89 12.30 16.47 10.95 12.96 13.17 20.06
18.88 17.66 9.97 20.68 22.95 16.52 23.35 11.04 5.41 20.62 11.31 15.22 10.48 11.55 11.87 18.56
16.63 11.48 13.15 15.95 18.57 15.53 21.13 2.43 13.06 20.20 15.37 4.78 7.04 11.50 1.48 10.01
15.52 14.89 6.62 17.55 19.73 13.12 19.95 11.18 3.30 17.21 8.15 14.51 12.10 8.19 11.11 16.40
19.23 17.31 10.89 20.65 23.02 17.01 23.78 9.48 6.91 21.30 12.45 13.86 8.73 11.99 10.58 17.79
4.69 5.83 13.90 1.16 1.46 7.20 5.76 19.42 19.18 8.23 14.76 17.02 24.10 10.67 16.49 9.68
3.71 7.17 13.53 2.58 1.47 6.44 4.02 20.48 18.99 6.66 14.13 18.38 25.03 10.56 17.61 11.27
17.79 13.90 12.09 17.99 20.56 16.18 22.42 4.07 10.54 20.83 14.19 8.35 5.67 11.49 5.17 13.27
10.14 13.28 1.65 13.76 15.19 7.39 13.79 16.86 6.19 10.29 0.61 18.43 19.20 4.77 15.50 16.69
5.02 5.01 7.36 6.20 8.39 4.12 9.63 14.09 12.20 8.64 8.83 13.33 18.21 3.80 11.55 8.95
19.60 18.14 10.81 21.28 23.59 17.28 24.10 10.79 6.27 21.43 12.18 15.14 9.88 12.29 11.84 18.84
11.56 15.48 3.99 15.53 16.71 8.87 14.68 19.03 6.87 10.82 1.79 20.79 21.07 7.10 17.81 19.03
17.87 11.60 16.04 16.29 18.87 17.26 22.11 3.57 16.47 21.81 18.28 1.43 8.32 13.89 2.26 8.82
20.22 18.01 12.04 21.49 23.89 18.06 24.80 9.20 8.04 22.39 13.62 13.80 7.89 13.03 10.62 18.23
13.95 14.36 4.46 16.46 18.46 11.40 18.22 12.93 2.12 15.23 5.82 15.73 14.31 6.71 12.41 16.49
19.64 13.28 17.64 17.97 20.54 19.05 23.86 3.75 17.72 23.59 19.87 2.24 7.74 15.60 3.79 10.22
12.05 16.02 4.46 16.06 17.20 9.37 15.09 19.41 6.93 11.19 2.31 21.25 21.35 7.64 18.24 19.56
7.89 5.51 16.22 3.36 3.98 10.15 8.89 18.98 21.14 11.61 17.37 15.81 23.87 12.74 15.96 7.92
18.14 17.48 8.88 20.22 22.40 15.69 22.53 12.06 4.00 19.64 10.06 15.99 11.85 10.81 12.60 18.73
8.96 13.71 4.36 13.15 14.11 6.36 11.86 19.37 9.04 7.99 2.72 20.45 22.01 6.08 17.74 17.63
19.94 18.44 11.15 21.61 23.92 17.62 24.44 10.87 6.55 21.77 12.50 15.28 9.79 12.64 12.00 19.10
9.66 6.43 17.78 5.12 5.56 11.89 10.47 19.34 22.54 13.35 19.01 15.80 24.30 14.25 16.33 7.82
18.88 14.28 13.92 18.62 21.23 17.48 23.47 2.22 12.57 22.16 16.06 7.00 4.36 13.00 4.28 12.99
18.65 17.88 9.42 20.68 22.88 16.21 23.05 12.03 4.49 20.17 10.59 16.08 11.61 11.32 12.71 19.04
21.58 20.17 12.56 23.33 25.62 19.22 26.05 12.06 7.57 23.28 13.75 16.66 10.32 14.26 13.44 20.77
18.90 18.10 9.67 20.93 23.13 16.46 23.30 12.07 4.71 20.43 10.83 16.18 11.54 11.57 12.81 19.22
22.80 23.11 12.89 25.45 27.44 20.15 26.87 17.29 7.25 23.49 13.19 21.60 15.85 15.69 18.26 24.58
8.02 3.67 15.23 3.63 5.35 9.86 10.01 16.93 19.85 12.13 16.59 13.76 21.84 11.65 13.91 5.91
7.36 3.34 14.62 3.03 4.94 9.18 9.49 16.85 19.31 11.49 15.95 13.85 21.72 11.06 13.84 6.13
7.75 12.44 4.11 11.88 12.90 5.10 10.90 18.66 9.35 7.20 3.14 19.49 21.53 5.07 16.88 16.40
18.00 17.45 8.67 20.13 22.29 15.53 22.36 12.26 3.73 19.45 9.82 16.15 12.12 10.67 12.75 18.77
3.55 4.50 11.90 1.28 3.44 5.58 6.39 17.67 17.10 7.74 12.89 15.63 22.24 8.59 14.80 8.84
3.62 4.47 11.97 1.20 3.40 5.66 6.42 17.68 17.16 7.80 12.96 15.62 22.26 8.65 14.80 8.80
4.03 3.56 11.43 1.93 4.40 5.62 7.35 16.64 16.48 8.36 12.58 14.62 21.21 8.00 13.76 8.00
19.64 20.28 9.71 22.40 24.34 16.98 23.68 16.05 4.10 20.31 10.02 19.93 15.54 12.60 16.53 22.08
8.28 5.42 16.43 3.73 4.47 10.48 9.38 18.76 21.27 12.05 17.62 15.50 23.67 12.92 15.74 7.58
21.47 20.21 12.35 23.29 25.57 19.08 25.92 12.36 7.28 23.10 13.50 16.91 10.71 14.14 13.68 20.89
18.22 18.08 8.62 20.57 22.66 15.67 22.49 13.36 3.23 19.42 9.53 17.20 13.17 10.95 13.80 19.60
10.15 12.88 0.94 13.59 15.13 7.42 13.97 16.14 5.80 10.60 1.30 17.75 18.49 4.31 14.79 16.18
21.52 19.85 12.70 23.12 25.45 19.21 26.03 11.36 7.92 23.35 14.00 16.01 9.56 14.22 12.83 20.31
18.39 18.10 8.87 20.67 22.79 15.87 22.70 13.05 3.59 19.68 9.85 16.96 12.77 11.10 13.57 19.51
20.46 19.06 11.52 22.19 24.49 18.11 24.93 11.43 6.71 22.20 12.79 15.89 10.15 13.14 12.62 19.75
20.03 13.53 18.25 18.23 20.78 19.50 24.20 4.39 18.39 24.02 20.49 2.34 8.18 16.16 4.40 10.29
18.38 12.51 15.65 17.15 19.76 17.55 22.75 1.99 15.58 22.17 17.88 2.99 6.80 13.81 2.00 10.11
9.49 4.63 16.55 5.04 6.45 11.34 11.26 17.13 21.03 13.56 17.97 13.60 22.10 12.96 14.12 5.62
18.77 18.28 9.33 20.95 23.10 16.27 23.11 12.79 4.12 20.13 10.36 16.80 12.34 11.46 13.41 19.58
10.36 4.11 16.30 6.23 8.06 11.84 12.70 15.43 20.40 14.60 17.91 11.74 20.42 12.70 12.43 3.76
15.33 15.27 5.99 17.65 19.73 12.83 19.67 12.32 2.15 16.74 7.30 15.54 13.24 8.04 12.16 17.05
6.99 6.09 15.88 2.71 2.64 9.43 7.56 19.77 20.98 10.46 16.87 16.83 24.60 12.50 16.77 9.05
11.49 6.94 18.91 6.94 7.70 13.52 12.62 18.72 23.37 15.35 20.31 14.79 23.71 15.31 15.74 6.95
14.94 15.18 5.43 17.40 19.43 12.40 19.23 12.84 1.67 16.22 6.66 15.93 13.88 7.69 12.57 17.13
11.46 15.30 3.77 15.41 16.60 8.76 14.63 18.82 6.74 10.80 1.59 20.58 20.87 6.91 17.59 18.83
9.24 6.13 17.37 4.69 5.20 11.46 10.12 19.18 22.17 12.94 18.59 15.73 24.13 13.85 16.16 7.74
15.37 15.16 6.14 17.61 19.72 12.90 19.74 12.02 2.45 16.86 7.52 15.27 12.94 8.06 11.88 16.87
8.38 10.51 1.75 11.43 13.15 5.76 12.57 14.84 7.17 9.67 3.42 15.92 17.73 1.95 13.16 13.85
6.86 1.81 13.23 3.26 5.69 8.29 9.74 15.49 17.79 11.17 14.66 12.77 20.31 9.64 12.50 5.45
0.80 6.97 10.64 3.82 4.38 3.49 4.45 19.11 16.17 4.87 11.18 17.68 23.38 7.85 16.40 11.47
5.95 10.18 4.30 9.79 11.03 3.20 9.71 17.27 9.95 6.59 4.50 17.67 20.53 3.44 15.26 14.18
19.71 18.45 10.75 21.50 23.78 17.35 24.18 11.34 6.00 21.44 12.03 15.67 10.40 12.39 12.36 19.26
5.90 5.15 14.59 1.45 2.45 8.24 7.15 18.86 19.69 9.63 15.61 16.16 23.64 11.21 15.89 8.59
20.68 19.35 11.67 22.45 24.74 18.31 25.14 11.72 6.76 22.38 12.89 16.20 10.37 13.35 12.93 20.06
15.82 11.87 10.82 15.94 18.51 14.31 20.44 4.45 10.22 18.98 13.00 7.59 7.46 9.77 4.19 11.47
19.11 13.02 16.64 17.69 20.29 18.37 23.42 2.62 16.57 22.96 18.87 2.64 6.98 14.74 2.87 10.31
19.55 19.21 9.97 21.82 23.94 17.02 23.84 13.56 4.53 20.78 10.85 17.66 12.86 12.26 14.29 20.52
5.57 5.16 14.33 1.16 2.27 7.92 6.87 18.87 19.46 9.30 15.32 16.24 23.62 10.97 15.90 8.74
16.05 11.49 11.85 15.77 18.37 14.75 20.62 3.40 11.58 19.43 14.06 6.21 7.23 10.46 2.82 10.60
14.33 14.42 5.04 16.69 18.75 11.83 18.67 12.37 2.34 15.76 6.48 15.30 13.65 7.04 11.96 16.37
10.89 6.03 18.05 6.38 7.43 12.82 12.33 17.88 22.46 14.87 19.49 14.05 22.88 14.45 14.90 6.14
10.16 8.05 18.90 5.84 5.43 12.61 10.15 21.13 23.86 13.45 19.99 17.59 26.09 15.45 18.12 9.61
15.27 15.24 5.90 17.60 19.68 12.76 19.60 12.39 2.08 16.66 7.21 15.59 13.32 7.98 12.21 17.05
8.03 2.84 14.67 3.91 5.95 9.65 10.43 16.01 19.16 12.26 16.11 12.89 20.92 11.07 13.00 5.12
17.98 18.24 8.20 20.52 22.54 15.38 22.17 14.19 2.60 18.98 8.91 17.90 14.13 10.79 14.50 19.96
19.76 19.67 10.05 22.16 24.24 17.19 23.99 14.31 4.47 20.84 10.78 18.38 13.59 12.51 15.00 21.10
19.74 19.38 10.16 22.01 24.13 17.21 24.04 13.62 4.72 20.97 11.03 17.76 12.85 12.45 14.39 20.67
24.14 17.83 21.30 22.52 25.09 23.41 28.40 6.11 20.43 28.01 23.51 6.66 6.88 19.67 7.88 14.59
20.22 20.07 10.53 22.60 24.69 17.66 24.46 14.41 4.95 21.32 11.25 18.56 13.52 12.97 15.19 21.43
11.59 4.78 16.78 7.64 9.56 12.87 14.15 14.48 20.56 15.89 18.51 10.53 19.48 13.21 11.53 2.71
9.37 4.17 16.17 5.01 6.61 11.12 11.35 16.63 20.59 13.50 17.63 13.13 21.59 12.57 13.61 5.16
9.24 4.93 16.65 4.72 5.93 11.20 10.78 17.70 21.24 13.22 18.01 14.22 22.66 13.07 14.69 6.24
18.01 17.32 8.79 20.07 22.26 15.57 22.41 11.91 3.99 19.54 10.00 15.83 11.76 10.68 12.44 18.56
19.08 17.84 10.16 20.87 23.15 16.72 23.55 11.08 5.57 20.83 11.50 15.30 10.43 11.76 11.96 18.71
18.85 17.68 9.90 20.67 22.94 16.48 23.31 11.15 5.30 20.57 11.23 15.32 10.61 11.52 11.96 18.61
18.25 18.08 8.67 20.59 22.68 15.71 22.53 13.29 3.30 19.47 9.59 17.15 13.08 10.98 13.75 19.58
20.00 19.34 10.59 22.12 24.30 17.52 24.36 13.01 5.30 21.39 11.58 17.25 12.07 12.68 13.90 20.45
17.90 17.56 8.44 20.14 22.27 15.40 22.23 12.72 3.32 19.24 9.50 16.54 12.62 10.60 13.15 19.00
9.04 5.38 16.84 4.48 5.40 11.14 10.30 18.38 21.54 12.91 18.12 14.95 23.32 13.29 15.36 6.97
18.28 17.56 9.05 20.34 22.53 15.84 22.68 11.98 4.18 19.81 10.24 15.96 11.71 10.95 12.57 18.77
6.77 5.11 15.24 2.25 3.13 9.05 7.96 18.79 20.25 10.52 16.33 15.88 23.62 11.80 15.79 8.14
3.33 9.40 7.28 7.72 8.47 1.20 6.71 18.91 12.94 3.89 7.34 18.57 22.60 5.59 16.58 13.81
12.30 16.55 5.19 16.41 17.45 9.66 15.13 20.19 7.58 11.15 2.99 21.99 22.11 8.26 19.00 20.17
18.30 13.69 13.50 18.03 20.64 16.93 22.89 2.18 12.36 21.61 15.66 6.70 4.95 12.48 3.82 12.46
20.52 18.71 11.93 22.03 24.38 18.26 25.06 10.40 7.47 22.48 13.35 14.96 9.00 13.25 11.74 19.15
17.23 16.90 7.83 19.46 21.59 14.74 21.57 12.45 2.93 18.62 8.97 16.14 12.62 9.92 12.74 18.40
19.83 15.53 14.24 19.79 22.39 18.30 24.45 3.39 12.32 22.97 16.31 8.32 3.50 13.66 5.68 14.37
17.40 16.99 8.03 19.59 21.73 14.91 21.75 12.34 3.15 18.81 9.18 16.08 12.44 10.08 12.68 18.44
16.99 15.83 8.29 18.78 21.04 14.66 21.48 10.43 4.51 18.83 9.82 14.21 10.77 9.67 10.81 16.93
19.37 18.98 9.84 21.62 23.75 16.86 23.68 13.33 4.45 20.65 10.76 17.42 12.68 12.08 14.05 20.28
17.24 16.92 7.83 19.48 21.60 14.74 21.58 12.47 2.92 18.62 8.96 16.17 12.64 9.93 12.76 18.42
16.69 15.25 8.33 18.32 20.62 14.43 21.22 9.70 5.04 18.69 9.99 13.44 10.24 9.42 10.04 16.23
8.19 2.46 14.47 4.24 6.39 9.68 10.78 15.50 18.87 12.47 15.97 12.38 20.41 10.87 12.48 4.64
3.37 5.51 7.87 5.30 7.17 2.80 8.00 15.74 13.10 7.08 8.98 14.83 19.86 4.59 13.16 9.83
18.50 12.39 16.22 17.06 19.66 17.80 22.80 2.82 16.34 22.38 18.46 2.20 7.44 14.24 2.39 9.71
4.96 5.44 6.98 6.46 8.57 3.84 9.60 14.24 11.89 8.43 8.42 13.62 18.29 3.45 11.75 9.36
20.61 19.12 11.74 22.30 24.60 18.28 25.10 11.25 6.99 22.41 13.04 15.76 9.88 13.30 12.51 19.73
12.82 6.91 19.09 8.43 9.72 14.51 14.60 16.95 23.10 16.94 20.71 12.73 21.94 15.49 14.05 5.30
18.18 16.42 9.85 19.67 22.01 15.95 22.73 9.43 6.12 20.24 11.46 13.57 9.24 10.93 10.23 17.08
20.14 19.00 11.04 22.00 24.26 17.74 24.58 11.89 6.08 21.77 12.23 16.25 10.80 12.81 12.95 19.85
11.27 8.43 19.73 6.84 6.67 13.65 11.42 21.05 24.55 14.67 20.91 17.29 26.03 16.22 18.05 9.35
8.94 4.20 16.03 4.52 6.04 10.78 10.81 17.00 20.56 13.03 17.44 13.60 21.95 12.44 13.98 5.64
16.72 16.47 7.32 18.98 21.09 14.22 21.05 12.41 2.59 18.10 8.50 15.98 12.78 9.41 12.58 18.04
19.65 19.62 9.93 22.08 24.15 17.08 23.88 14.37 4.34 20.71 10.64 18.41 13.69 12.42 15.03 21.08
16.22 13.18 9.86 16.92 19.41 14.40 20.86 6.11 8.36 18.99 11.92 9.73 7.82 9.55 6.35 13.31
15.04 13.59 7.11 16.61 18.92 12.83 19.59 9.40 5.08 17.18 8.98 12.62 10.77 7.81 9.23 14.76
18.72 17.29 10.01 20.41 22.71 16.41 23.22 10.46 5.71 20.58 11.44 14.65 9.97 11.42 11.31 18.09
19.74 19.22 10.25 21.93 24.08 17.24 24.07 13.22 4.90 21.06 11.20 17.39 12.42 12.43 14.03 20.43
12.77 7.23 19.41 8.30 9.40 14.58 14.31 17.69 23.55 16.81 20.97 13.49 22.68 15.81 14.78 5.99
19.20 18.55 9.84 21.31 23.49 16.73 23.57 12.59 4.68 20.63 10.91 16.71 11.96 11.88 13.35 19.72
9.48 4.06 16.12 5.17 6.83 11.18 11.55 16.38 20.49 13.64 17.61 12.87 21.35 12.52 13.37 4.89
5.33 5.66 6.66 6.87 8.99 4.05 9.97 13.96 11.50 8.68 8.16 13.46 17.95 3.09 11.51 9.46
16.14 17.46 6.17 19.15 20.95 13.45 20.09 15.70 1.27 16.67 6.39 18.87 16.34 9.32 15.50 19.78
12.54 16.21 4.36 16.45 17.68 9.83 15.71 19.04 6.24 11.85 2.40 21.03 20.84 7.72 17.97 19.63
18.15 19.42 8.17 21.17 22.98 15.44 22.03 16.69 3.00 18.53 8.20 20.20 16.74 11.34 16.80 21.59
15.75 13.61 8.43 16.96 19.36 13.70 20.36 8.00 6.47 18.17 10.38 11.48 9.33 8.71 8.07 14.31
15.89 15.88 6.44 18.25 20.32 13.37 20.20 12.62 1.96 17.23 7.62 15.97 13.31 8.61 12.57 17.63
21.56 21.37 11.83 23.94 26.03 18.99 25.78 15.16 6.21 22.60 12.47 19.48 13.85 14.31 16.14 22.64
17.64 16.64 8.71 19.53 21.77 15.27 22.10 11.02 4.41 19.36 10.11 14.92 11.03 10.32 11.53 17.75
15.84 11.72 11.09 15.85 18.43 14.39 20.45 4.15 10.60 19.07 13.28 7.19 7.40 9.93 3.79 11.19
20.25 14.93 16.14 19.48 22.10 19.11 24.75 1.22 15.03 23.79 18.32 5.74 3.94 14.90 4.21 12.89
0.78 7.48 9.21 5.12 5.90 1.97 5.24 18.67 14.79 4.32 9.67 17.65 22.76 6.63 16.09 12.00
22.91 20.88 14.27 24.32 26.71 20.65 27.45 11.35 9.55 24.86 15.61 16.17 8.84 15.64 13.15 21.04
9.29 12.60 1.76 12.94 14.35 6.54 12.96 16.87 6.92 9.50 1.24 18.21 19.41 4.22 15.37 16.13
16.83 16.69 7.34 19.15 21.24 14.31 21.14 12.71 2.41 18.14 8.44 16.29 13.04 9.54 12.89 18.31
3.56 9.00 6.66 7.72 8.70 0.91 7.33 18.15 12.32 4.67 6.90 17.89 21.82 4.81 15.85 13.34
18.53 16.99 9.94 20.15 22.46 16.24 23.05 10.11 5.83 20.46 11.43 14.29 9.72 11.24 10.94 17.75
17.60 16.46 8.79 19.41 21.67 15.25 22.08 10.68 4.66 19.39 10.24 14.60 10.72 10.28 11.21 17.50
20.94 21.23 11.07 23.56 25.56 18.31 25.06 15.99 5.41 21.74 11.49 20.11 15.01 13.81 16.74 22.79
21.72 21.14 12.16 23.90 26.07 19.20 26.03 14.27 6.66 22.97 12.98 18.70 12.78 14.41 15.40 22.19
9.98 12.05 0.25 13.11 14.81 7.31 14.05 14.97 5.60 10.92 2.49 16.56 17.43 3.47 13.60 15.17
17.48 15.74 9.27 18.96 21.31 15.27 22.04 9.23 5.85 19.58 10.94 13.20 9.42 10.25 9.83 16.47
16.60 11.25 13.46 15.77 18.39 15.60 21.07 2.50 13.54 20.26 15.69 4.23 7.31 11.69 0.93 9.60
20.36 14.60 17.00 19.23 21.85 19.42 24.77 1.84 16.29 24.07 19.21 4.52 5.14 15.46 3.96 12.13
17.56 16.98 8.30 19.67 21.84 15.10 21.94 11.99 3.55 19.05 9.51 15.80 12.03 10.23 12.40 18.32
19.82 18.19 11.15 21.42 23.75 17.54 24.34 10.48 6.71 21.73 12.56 14.91 9.45 12.53 11.63 18.79
17.30 16.54 8.22 19.31 21.51 14.89 21.72 11.46 3.80 18.92 9.55 15.25 11.61 9.97 11.85 17.81
12.38 6.16 18.32 8.09 9.60 13.94 14.41 16.11 22.26 16.56 19.97 11.96 21.11 14.73 13.20 4.42
1.03 6.59 10.60 3.53 4.31 3.55 4.77 18.77 16.10 5.24 11.22 17.31 23.08 7.73 16.05 11.09
19.43 19.70 9.59 22.01 24.01 16.81 23.58 15.01 3.94 20.32 10.15 18.95 14.48 12.26 15.55 21.33
15.44 15.57 5.93 17.86 19.91 12.90 19.73 12.79 1.68 16.73 7.12 16.01 13.64 8.18 12.63 17.44
19.50 17.88 10.85 21.09 23.42 17.21 24.02 10.35 6.49 21.41 12.29 14.72 9.47 12.21 11.42 18.51
9.17 4.82 16.55 4.66 5.91 11.12 10.76 17.61 21.13 13.17 17.91 14.15 22.57 12.97 14.59 6.17
16.51 16.23 7.16 18.75 20.87 14.02 20.86 12.25 2.60 17.93 8.39 15.79 12.71 9.20 12.38 17.80
3.71 6.36 6.94 6.24 7.99 2.31 8.34 15.74 12.25 6.90 8.00 15.14 19.70 3.78 13.28 10.56
18.23 17.39 9.09 20.22 22.43 15.81 22.65 11.67 4.36 19.82 10.34 15.66 11.42 10.90 12.28 18.54
6.85 3.44 14.34 2.50 4.47 8.74 8.96 17.07 19.12 10.97 15.62 14.19 21.92 10.80 14.07 6.55
13.31 15.64 3.54 16.69 18.29 10.57 17.05 16.57 3.41 13.50 3.17 18.98 18.08 7.10 15.78 18.55
19.38 15.01 13.99 19.29 21.89 17.89 24.00 3.00 12.27 22.56 16.08 7.88 3.88 13.29 5.17 13.84
21.91 19.81 13.43 23.27 25.67 19.69 26.47 10.49 8.93 23.95 14.85 15.25 8.36 14.67 12.18 19.98
21.01 21.11 11.19 23.53 25.57 18.40 25.17 15.54 5.54 21.91 11.72 19.72 14.49 13.82 16.36 22.56
9.98 13.04 1.46 13.55 15.01 7.23 13.67 16.68 6.23 10.21 0.84 18.22 19.06 4.53 15.29 16.45
18.14 17.15 9.14 20.05 22.28 15.75 22.59 11.25 4.61 19.82 10.47 15.25 11.03 10.81 11.87 18.22
9.88 13.42 2.28 13.65 14.98 7.14 13.37 17.50 6.82 9.77 0.58 18.96 19.89 5.05 16.08 16.96
15.81 15.17 6.86 17.84 20.02 13.40 20.24 11.23 3.30 17.48 8.35 14.64 12.03 8.47 11.24 16.64
18.84 12.51 16.93 17.20 19.78 18.25 23.07 3.60 17.18 22.80 19.17 1.68 7.99 14.84 3.09 9.56
10.54 4.76 16.93 6.23 7.81 12.19 12.58 16.28 21.15 14.71 18.49 12.52 21.27 13.33 13.29 4.56
19.68 18.52 10.63 21.53 23.79 17.30 24.13 11.59 5.80 21.35 11.88 15.89 10.69 12.35 12.57 19.39
18.51 12.65 15.74 17.29 19.90 17.67 22.89 1.92 15.62 22.30 17.97 3.07 6.68 13.92 2.12 10.25
18.74 17.58 9.79 20.57 22.83 16.37 23.20 11.13 5.22 20.46 11.13 15.28 10.64 11.42 11.92 18.53
19.36 18.23 10.31 21.22 23.47 16.97 23.80 11.52 5.53 21.02 11.57 15.76 10.76 12.03 12.42 19.15
19.34 17.96 10.50 21.06 23.35 17.00 23.83 10.87 5.96 21.14 11.86 15.17 10.09 12.02 11.85 18.74
1.98 5.81 8.99 4.33 5.87 2.63 6.55 17.07 14.38 6.08 9.85 15.91 21.28 5.92 14.43 10.30
21.55 19.12 13.43 22.71 25.15 19.42 26.14 9.39 9.29 23.77 14.98 14.18 7.31 14.40 11.15 19.11
3.17 6.73 7.14 6.14 7.71 1.68 7.76 16.40 12.56 6.24 8.03 15.78 20.35 4.19 13.94 11.03
21.30 18.81 13.26 22.43 24.87 19.19 25.90 9.09 9.23 23.56 14.85 13.88 7.13 14.17 10.83 18.79
16.18 15.17 7.50 18.03 20.27 13.84 20.67 10.53 4.08 18.01 9.09 14.07 11.22 8.86 10.67 16.42
18.46 12.92 15.12 17.50 20.12 17.47 22.91 0.96 14.72 22.13 17.34 4.08 5.94 13.51 2.18 10.85
20.65 14.44 18.13 19.13 21.71 19.94 24.94 3.43 17.82 24.53 20.36 3.52 6.71 16.30 4.44 11.48
5.79 1.76 11.95 3.01 5.63 7.02 9.13 15.26 16.62 10.15 13.35 12.95 19.97 8.37 12.32 6.16
18.34 16.80 9.78 19.95 22.27 16.06 22.86 10.02 5.75 20.28 11.30 14.16 9.73 11.06 10.81 17.57
19.08 12.64 17.37 17.33 19.90 18.55 23.27 4.06 17.68 23.07 19.61 1.55 8.32 15.23 3.55 9.53
17.74 17.20 8.44 19.87 22.04 15.27 22.11 12.16 3.57 19.21 9.61 16.00 12.12 10.42 12.60 18.54
19.70 12.80 19.05 17.43 19.91 19.48 23.65 6.39 19.76 23.85 21.28 2.24 10.38 16.62 5.53 9.06
19.07 17.48 10.46 20.67 22.99 16.79 23.59 10.21 6.21 20.99 11.92 14.50 9.55 11.78 11.19 18.16
17.34 15.91 8.85 18.99 21.29 15.06 21.86 9.90 5.18 19.30 10.44 13.80 10.10 10.06 10.42 16.82
1.66 6.50 11.31 2.99 3.59 4.27 4.53 19.07 16.78 5.58 11.94 17.42 23.45 8.38 16.30 10.95
6.85 7.46 16.31 3.35 1.78 9.49 6.47 21.18 21.60 9.78 17.11 18.36 25.96 13.08 18.19 10.62
19.75 20.54 9.79 22.58 24.48 17.07 23.74 16.48 4.25 20.32 10.01 20.33 15.98 12.76 16.93 22.40
21.13 20.06 11.90 23.05 25.30 18.71 25.55 12.65 6.73 22.67 12.98 17.13 11.19 13.80 13.86 20.89
17.15 15.95 8.47 18.92 21.19 14.83 21.64 10.39 4.64 19.00 9.99 14.21 10.65 9.84 10.81 17.01
17.33 15.36 9.39 18.68 21.06 15.18 21.91 8.64 6.29 19.55 11.14 12.61 8.98 10.16 9.24 15.98
5.64 3.41 13.33 1.48 3.90 7.54 8.02 17.11 18.25 9.80 14.53 14.55 21.87 9.84 14.15 7.22
10.11 5.32 17.27 5.62 6.82 12.02 11.69 17.56 21.73 14.12 18.69 13.88 22.54 13.68 14.55 5.91
4.26 8.82 5.77 8.08 9.32 1.52 8.28 17.29 11.40 5.65 6.21 17.20 20.88 3.82 15.05 13.03
11.61 12.89 1.95 14.45 16.30 9.00 15.79 13.99 3.94 12.72 3.64 16.08 16.06 4.62 12.95 15.60
15.61 16.00 5.93 18.16 20.16 13.03 19.83 13.42 1.08 16.73 6.92 16.64 14.19 8.41 13.26 17.97
16.16 10.10 14.41 14.76 17.36 15.52 20.46 4.00 15.18 20.07 16.65 2.44 9.00 12.16 1.26 7.78
16.20 17.17 6.27 19.05 20.93 13.54 20.26 14.93 0.73 16.94 6.76 18.18 15.52 9.22 14.81 19.33
20.50 20.71 10.66 23.07 25.09 17.88 24.64 15.50 5.00 21.37 11.16 19.59 14.63 13.34 16.22 22.25
21.77 20.92 12.35 23.82 26.03 19.30 26.13 13.63 6.98 23.16 13.29 18.12 12.02 14.44 14.85 21.83
13.71 19.09 8.69 18.15 18.72 11.39 15.53 23.82 11.02 11.38 6.45 25.46 25.78 11.33 22.54 23.02
10.40 5.76 17.69 5.88 6.92 12.36 11.82 17.94 22.17 14.36 19.10 14.21 22.92 14.10 14.94 6.25
7.61 4.25 15.34 3.09 4.53 9.63 9.28 17.71 20.12 11.59 16.60 14.61 22.60 11.81 14.69 6.78
18.77 12.72 16.29 17.39 19.99 18.01 23.09 2.50 16.27 22.61 18.52 2.58 7.05 14.38 2.51 10.09
11.70 15.58 4.02 15.66 16.84 9.00 14.82 19.03 6.77 10.96 1.85 20.82 21.03 7.18 17.82 19.11
19.43 18.42 10.29 21.35 23.59 17.02 23.86 11.84 5.38 21.03 11.49 16.07 11.07 12.10 12.73 19.39
17.09 11.45 14.29 16.04 18.66 16.19 21.50 2.34 14.42 20.83 16.52 3.44 7.33 12.42 0.71 9.45
12.91 16.82 5.07 16.91 18.06 10.23 15.91 19.76 6.77 11.98 3.03 21.77 21.51 8.38 18.70 20.30
15.97 15.63 6.73 18.16 20.29 13.50 20.34 11.96 2.63 17.46 8.06 15.36 12.64 8.65 11.97 17.24
18.23 17.21 9.24 20.12 22.36 15.85 22.68 11.22 4.71 19.92 10.57 15.25 10.96 10.90 11.87 18.26
8.99 12.29 1.76 12.62 14.04 6.25 12.70 16.74 7.10 9.29 1.56 18.00 19.35 3.93 15.19 15.84
10.52 16.03 6.76 14.96 15.56 8.21 12.57 21.93 10.62 8.44 4.73 23.08 24.40 8.70 20.36 20.09
8.12 3.29 15.03 3.85 5.72 9.85 10.31 16.46 19.57 12.29 16.44 13.28 21.37 11.44 13.44 5.45
20.10 18.54 11.33 21.74 24.06 17.79 24.61 10.81 6.76 21.95 12.70 15.26 9.65 12.80 11.99 19.16
4.17 4.15 8.70 4.73 6.96 4.15 8.62 14.93 13.65 8.22 10.02 13.71 19.24 5.20 12.25 8.46
19.65 18.75 10.41 21.64 23.85 17.21 24.05 12.24 5.36 21.18 11.54 16.48 11.39 12.32 13.14 19.77
22.32 19.94 14.05 23.53 25.95 20.15 26.90 10.04 9.70 24.47 15.54 14.89 7.62 15.13 11.90 19.92
16.76 15.84 7.89 18.67 20.90 14.39 21.22 10.89 3.97 18.50 9.36 14.58 11.30 9.43 11.18 17.07
14.22 16.39 4.38 17.56 19.18 11.48 17.96 16.66 2.87 14.40 4.06 19.28 17.91 7.90 16.03 19.18
10.51 5.65 17.64 6.01 7.15 12.42 12.03 17.67 22.07 14.51 19.08 13.91 22.66 14.05 14.68 5.96
19.13 18.88 9.53 21.44 23.55 16.59 23.41 13.56 4.08 20.34 10.40 17.58 13.02 11.85 14.19 20.27
5.05 3.11 12.47 1.60 4.22 6.77 7.89 16.67 17.40 9.31 13.68 14.33 21.37 8.98 13.74 7.29
20.35 15.80 15.02 20.15 22.76 18.90 24.96 2.99 13.17 23.58 17.10 7.97 2.88 14.33 5.61 14.40
19.34 15.53 13.17 19.62 22.18 17.65 23.98 4.56 10.96 22.28 15.18 9.32 4.50 12.87 6.38 14.78
14.74 13.57 6.61 16.46 18.72 12.49 19.27 9.91 4.61 16.78 8.45 13.03 11.32 7.47 9.65 14.90
20.14 18.36 11.56 21.65 24.00 17.88 24.67 10.26 7.18 22.10 13.01 14.76 9.05 12.87 11.52 18.84
16.88 15.07 8.86 18.31 20.66 14.70 21.45 8.91 5.85 19.05 10.61 12.73 9.45 9.68 9.35 15.83
17.99 17.59 8.56 20.20 22.34 15.49 22.32 12.62 3.46 19.35 9.63 16.48 12.49 10.68 13.08 18.99
10.42 13.38 1.49 13.97 15.45 7.68 14.12 16.64 5.82 10.64 0.79 18.30 18.91 4.83 15.33 16.72
20.40 14.23 17.84 18.91 21.50 19.67 24.69 3.17 17.54 24.26 20.07 3.39 6.64 16.01 4.16 11.33
20.65 20.16 11.09 22.86 25.01 18.13 24.95 13.83 5.63 21.90 11.95 18.11 12.71 13.35 14.77 21.32
16.05 16.22 6.45 18.50 20.54 13.49 20.31 13.10 1.56 17.25 7.50 16.46 13.73 8.80 13.07 18.05
19.13 18.12 10.03 21.05 23.28 16.73 23.57 11.66 5.21 20.76 11.27 15.85 11.01 11.80 12.50 19.10
9.31 6.32 17.52 4.78 5.18 11.56 10.09 19.38 22.33 12.97 18.72 15.92 24.32 14.00 16.36 7.93
16.73 15.46 8.19 18.46 20.73 14.43 21.24 10.11 4.69 18.65 9.79 13.83 10.58 9.43 10.43 16.53
21.55 21.81 11.68 24.16 26.16 18.92 25.66 16.29 6.02 22.34 12.08 20.49 15.14 14.41 17.13 23.31
11.65 7.68 19.47 7.09 7.50 13.82 12.39 19.72 24.06 15.34 20.80 15.81 24.72 15.90 16.74 7.96
18.65 18.77 8.90 21.14 23.18 16.06 22.86 14.19 3.31 19.68 9.62 18.05 13.88 11.43 14.65 20.37
12.32 16.83 5.70 16.51 17.47 9.73 14.99 20.76 8.19 10.96 3.47 22.50 22.72 8.64 19.53 20.52
19.34 18.79 9.90 21.50 23.66 16.85 23.68 12.91 4.64 20.71 10.91 17.03 12.24 12.03 13.66 20.00
16.82 12.22 12.43 16.53 19.14 15.51 21.40 2.79 11.86 20.19 14.63 6.23 6.45 11.17 2.95 11.18
19.84 17.21 12.15 20.86 23.32 17.79 24.45 7.93 8.65 22.23 13.87 12.56 6.85 12.79 9.42 17.21
3.48 4.74 12.06 1.18 3.18 5.63 6.15 17.95 17.29 7.61 13.01 15.89 22.51 8.77 15.07 9.06
18.14 18.65 8.27 20.81 22.77 15.51 22.26 14.85 2.61 18.99 8.81 18.54 14.77 11.02 15.14 20.47
19.72 18.45 10.75 21.51 23.78 17.36 24.19 11.34 6.01 21.44 12.04 15.67 10.40 12.40 12.36 19.26
18.38 17.98 8.92 20.60 22.74 15.88 22.71 12.80 3.72 19.72 9.95 16.73 12.52 11.08 13.34 19.35
5.67 11.27 5.90 10.02 10.80 3.26 8.60 19.27 11.42 4.98 5.39 19.52 22.56 5.46 17.21 15.51
11.71 13.23 1.86 14.67 16.47 9.06 15.81 14.43 3.84 12.66 3.29 16.54 16.43 4.86 13.40 16.00
18.78 16.65 10.74 20.07 22.47 16.63 23.37 8.74 7.13 20.99 12.40 13.08 8.26 11.61 9.79 17.05
12.56 7.90 19.94 8.00 8.66 14.60 13.57 19.19 24.33 16.39 21.37 15.08 24.19 16.34 16.25 7.43
15.62 14.70 6.98 17.50 19.73 13.28 20.10 10.58 3.91 17.45 8.61 13.96 11.51 8.30 10.57 16.06
16.67 16.16 7.48 18.80 20.96 14.22 21.06 11.80 3.10 18.20 8.78 15.40 12.21 9.35 12.00 17.61
14.51 16.54 4.63 17.80 19.45 11.77 18.28 16.51 2.55 14.74 4.41 19.22 17.68 8.09 15.94 19.27
19.80 19.21 10.35 21.95 24.11 17.30 24.14 13.09 5.03 21.15 11.32 17.28 12.25 12.48 13.93 20.38
19.36 18.01 10.50 21.10 23.39 17.02 23.85 10.94 5.93 21.15 11.85 15.23 10.15 12.05 11.91 18.79
17.75 13.05 13.25 17.40 20.01 16.44 22.32 2.08 12.39 21.12 15.43 6.22 5.54 12.08 3.20 11.79
4.94 2.98 9.62 4.35 6.81 5.28 9.14 14.47 14.35 9.16 11.06 12.91 18.93 6.05 11.68 7.33
12.60 16.38 4.58 16.55 17.74 9.90 15.70 19.30 6.47 11.81 2.57 21.28 21.10 7.91 18.22 19.83
7.13 11.80 4.19 11.22 12.28 4.46 10.40 18.36 9.61 6.82 3.56 19.05 21.35 4.65 16.51 15.80
18.33 17.35 9.29 20.25 22.48 15.93 22.77 11.38 4.67 19.98 10.59 15.41 11.08 11.00 12.04 18.42
22.97 22.12 13.49 25.03 27.24 20.48 27.31 14.44 8.03 24.30 14.35 19.04 12.47 15.64 15.82 22.97
2.13 7.19 12.05 3.20 3.06 4.88 3.72 19.96 17.57 5.36 12.57 18.22 24.35 9.21 17.17 11.56
1.19 7.91 11.09 4.40 4.38 3.82 3.52 20.07 16.69 4.12 11.45 18.66 24.31 8.52 17.37 12.38
8.62 10.90 1.41 11.76 13.44 5.96 12.74 15.07 6.94 9.75 3.04 16.24 17.88 2.34 13.45 14.24
11.87 7.43 19.38 7.31 7.95 13.94 12.86 19.12 23.85 15.68 20.77 15.14 24.12 15.79 16.16 7.35
6.55 9.44 16.49 4.82 2.20 9.29 4.48 23.08 22.00 8.35 16.97 20.58 27.75 13.59 20.14 13.00
9.67 13.40 2.56 13.51 14.78 6.94 13.09 17.76 7.18 9.45 0.89 19.15 20.21 5.12 16.30 17.01
5.18 4.28 13.49 0.68 3.00 7.32 7.18 17.95 18.56 9.19 14.57 15.45 22.67 10.08 14.99 8.11
8.36 4.52 15.94 3.84 5.14 10.36 9.96 17.71 20.64 12.34 17.25 14.43 22.63 12.39 14.69 6.51
16.27 10.10 14.68 14.77 17.37 15.67 20.53 4.17 15.50 20.21 16.92 2.14 9.16 12.39 1.56 7.64
20.67 16.38 14.91 20.65 23.24 19.11 25.29 3.88 12.73 23.77 16.94 8.86 2.76 14.44 6.40 15.15
11.23 4.21 16.09 7.47 9.54 12.38 14.01 13.84 19.81 15.56 17.85 10.02 18.84 12.54 10.87 2.07
9.87 7.52 18.47 5.47 5.29 12.27 10.10 20.60 23.39 13.28 19.59 17.08 25.55 15.00 17.58 9.09
17.58 13.52 12.19 17.67 20.25 16.04 22.21 3.65 10.87 20.71 14.31 7.83 5.74 11.42 4.63 12.79
15.01 15.79 5.19 17.73 19.66 12.39 19.16 14.02 0.65 15.97 6.04 17.05 15.00 7.92 13.70 17.97
17.63 17.18 8.27 19.81 21.96 15.15 21.99 12.33 3.35 19.05 9.42 16.13 12.34 10.32 12.73 18.58
10.46 11.25 2.17 12.99 14.95 7.97 14.81 13.05 5.35 12.06 4.38 14.75 15.57 3.20 11.73 13.94
19.70 19.17 10.23 21.88 24.04 17.20 24.04 13.18 4.89 21.03 11.19 17.34 12.38 12.39 13.98 20.38
20.57 17.86 12.86 21.56 24.02 18.53 25.19 8.09 9.23 22.97 14.56 12.83 6.51 13.53 9.77 17.75
18.47 17.27 9.59 20.27 22.54 16.12 22.94 10.90 5.16 20.23 10.97 15.00 10.53 11.15 11.64 18.21
19.19 17.90 10.30 20.96 23.24 16.84 23.67 11.01 5.72 20.96 11.64 15.26 10.31 11.87 11.93 18.73
8.17 5.39 16.33 3.61 4.37 10.37 9.27 18.76 21.19 11.94 17.52 15.53 23.66 12.83 15.74 7.61
3.83 6.25 13.32 1.63 1.55 6.43 4.93 19.65 18.69 7.27 14.07 17.46 24.24 10.20 16.75 10.33
19.11 17.79 10.26 20.86 23.15 16.77 23.60 10.90 5.73 20.90 11.62 15.14 10.23 11.80 11.81 18.61
14.90 14.86 5.61 17.21 19.30 12.41 19.24 12.25 2.26 16.34 7.00 15.35 13.33 7.60 11.98 16.69
5.76 9.72 4.31 9.46 10.79 3.02 9.69 16.86 9.96 6.73 4.74 17.21 20.18 3.05 14.82 13.70
8.98 3.87 15.81 4.64 6.32 10.72 11.02 16.56 20.26 13.12 17.25 13.17 21.51 12.21 13.54 5.22
16.90 11.54 13.68 16.06 18.69 15.89 21.37 2.20 13.66 20.54 15.91 4.22 7.04 11.95 1.07 9.83
11.63 6.07 18.24 7.20 8.47 13.39 13.34 17.12 22.45 15.71 19.79 13.13 22.12 14.64 14.16 5.34
4.18 4.08 8.79 4.66 6.90 4.21 8.61 14.94 13.73 8.26 10.11 13.69 19.26 5.29 12.24 8.40
21.48 20.35 12.27 23.37 25.62 19.06 25.90 12.71 7.09 23.04 13.35 17.23 11.10 14.15 13.98 21.11
17.77 14.88 10.78 18.59 21.07 15.85 22.40 6.55 8.35 20.38 12.71 10.75 7.05 10.91 7.46 14.91
17.97 18.26 8.18 20.53 22.54 15.37 22.15 14.25 2.57 18.95 8.88 17.96 14.19 10.79 14.55 19.99
20.15 19.45 10.74 22.25 24.44 17.67 24.51 13.01 5.46 21.55 11.74 17.28 12.01 12.83 13.94 20.54
5.66 10.36 4.83 9.68 10.79 2.94 9.24 17.84 10.46 6.01 4.81 18.16 21.14 4.03 15.80 14.46
14.10 16.00 4.17 17.32 19.01 11.38 17.95 16.02 2.37 14.48 4.18 18.67 17.29 7.58 15.40 18.69
19.54 18.49 10.42 21.44 23.69 17.14 23.97 11.80 5.52 21.16 11.63 16.05 10.97 12.21 12.72 19.43
4.54 3.76 12.45 1.04 3.65 6.45 7.22 17.25 17.51 8.74 13.57 14.98 21.90 9.03 14.33 7.96
21.61 15.60 18.50 20.28 22.87 20.76 25.96 3.33 17.76 25.39 20.71 4.87 5.53 16.91 5.22 12.80
18.64 17.90 9.39 20.69 22.88 16.19 23.03 12.10 4.43 20.15 10.55 16.15 11.68 11.31 12.77 19.07
18.38 12.61 15.48 17.23 19.85 17.50 22.78 1.69 15.32 22.14 17.71 3.30 6.56 13.70 1.97 10.30
18.15 17.84 8.65 20.41 22.53 15.63 22.46 12.90 3.43 19.46 9.66 16.77 12.72 10.85 13.37 19.27
7.25 5.86 15.96 2.85 3.07 9.64 7.99 19.49 21.01 10.82 17.01 16.48 24.34 12.55 16.49 8.66
5.53 12.43 8.71 10.08 10.14 4.34 6.79 21.83 14.13 2.68 7.91 21.70 25.29 8.13 19.61 16.89
20.77 18.77 12.32 22.17 24.55 18.55 25.33 10.04 7.98 22.81 13.79 14.67 8.48 13.53 11.50 19.08
20.18 19.36 10.84 22.22 24.42 17.72 24.56 12.73 5.63 21.63 11.89 17.03 11.70 12.85 13.70 20.38
20.21 20.58 10.32 22.85 24.84 17.57 24.31 15.73 4.67 21.00 10.76 19.75 14.99 13.09 16.36 22.22
18.05 18.02 8.40 20.45 22.52 15.49 22.30 13.53 2.97 19.21 9.27 17.32 13.41 10.79 13.92 19.60
21.52 15.14 19.20 19.84 22.40 20.88 25.74 4.47 18.89 25.45 21.43 3.99 7.23 17.33 5.46 11.95
17.61 17.43 8.09 19.93 22.03 15.09 21.91 12.95 2.89 18.89 9.10 16.69 12.98 10.33 13.29 18.96
3.36 7.26 6.74 6.63 8.10 1.36 7.85 16.60 12.23 6.03 7.54 16.12 20.45 3.98 14.19 11.53
8.39 8.99 3.37 10.66 12.68 6.12 12.89 12.97 7.70 10.56 5.41 13.86 16.15 1.10 11.16 11.99
19.39 13.39 16.70 18.06 20.66 18.60 23.74 2.30 16.47 23.22 18.93 3.10 6.53 14.89 3.06 10.75
17.48 13.78 11.61 17.80 20.35 15.81 22.11 4.55 10.02 20.45 13.69 8.69 6.12 11.08 5.44 13.32
18.78 17.86 9.64 20.74 22.96 16.36 23.20 11.73 4.82 20.37 10.87 15.84 11.24 11.45 12.47 18.93
21.14 14.67 19.10 19.36 21.91 20.57 25.32 4.65 18.98 25.11 21.34 3.47 7.76 17.12 5.28 11.40
19.36 19.60 9.53 21.92 23.93 16.75 23.52 14.89 3.88 20.27 10.11 18.83 14.38 12.18 15.44 21.22
9.24 5.43 16.96 4.68 5.61 11.32 10.51 18.32 21.64 13.12 18.27 14.85 23.27 13.41 15.31 6.86
23.22 21.86 14.05 25.01 27.30 20.82 27.66 13.28 8.84 24.82 15.12 18.01 10.99 15.89 14.87 22.39
16.74 16.22 7.54 18.86 21.02 14.29 21.13 11.80 3.14 18.27 8.84 15.42 12.18 9.41 12.02 17.65
16.89 16.91 7.30 19.29 21.35 14.34 21.16 13.11 2.13 18.11 8.30 16.67 13.42 9.63 13.27 18.60
6.11 9.12 3.89 9.38 10.96 3.50 10.33 15.76 9.44 7.65 4.85 16.15 19.10 1.95 13.73 12.93
19.88 18.64 10.88 21.69 23.96 17.51 24.34 11.48 6.08 21.58 12.14 15.83 10.48 12.55 12.52 19.44
10.24 3.03 14.85 6.76 9.03 11.24 13.28 13.33 18.63 14.59 16.61 9.86 18.31 11.29 10.32 1.99
21.54 21.25 11.85 23.87 25.98 18.98 25.79 14.89 6.26 22.64 12.54 19.23 13.55 14.28 15.90 22.47
11.47 6.66 18.69 6.93 7.84 13.43 12.75 18.29 23.09 15.39 20.13 14.36 23.29 15.09 15.32 6.52
18.94 12.41 17.46 17.10 19.65 18.47 23.09 4.44 17.89 22.96 19.70 1.22 8.74 15.24 3.69 9.20
2.87 8.33 12.83 4.06 3.06 5.56 2.55 21.17 18.42 4.96 13.18 19.41 25.55 10.18 18.38 12.64
17.99 11.72 16.14 16.41 18.99 17.38 22.23 3.54 16.55 21.93 18.38 1.44 8.26 14.00 2.34 8.92
19.07 18.22 9.86 21.07 23.28 16.64 23.48 12.04 4.89 20.61 11.03 16.18 11.43 11.74 12.82 19.30
11.63 7.82 19.55 7.08 7.41 13.83 12.28 19.93 24.17 15.29 20.85 16.04 24.93 15.98 16.95 8.18
23.51 22.54 14.08 25.52 27.74 21.04 27.88 14.51 8.64 24.89 14.96 19.18 12.33 16.18 15.99 23.29
5.34 8.92 4.64 8.80 10.26 2.68 9.50 16.34 10.23 6.85 5.36 16.53 19.80 2.66 14.22 12.90
18.81 17.39 10.07 20.50 22.80 16.49 23.31 10.52 5.74 20.66 11.50 14.73 9.99 11.50 11.39 18.19
21.56 19.73 12.88 23.07 25.43 19.29 26.09 10.96 8.23 23.48 14.23 15.64 9.08 14.28 12.49 20.09
18.65 18.03 9.31 20.76 22.94 16.18 23.02 12.39 4.25 20.09 10.42 16.42 11.98 11.33 13.03 19.26
19.61 19.35 9.99 21.93 24.04 17.07 23.89 13.80 4.50 20.79 10.82 17.90 13.10 12.33 14.52 20.71
7.30 6.24 16.17 3.01 2.88 9.74 7.80 19.88 21.26 10.75 17.18 16.88 24.73 12.79 16.88 9.05
19.42 15.45 13.45 19.60 22.17 17.78 24.05 4.16 11.35 22.42 15.48 8.97 4.22 13.04 6.10 14.59
18.49 18.06 9.04 20.70 22.84 15.99 22.83 12.77 3.85 19.84 10.08 16.73 12.44 11.18 13.34 19.40
21.29 14.59 19.81 19.26 21.77 20.88 25.36 5.79 19.95 25.35 22.05 3.45 8.98 17.66 5.96 11.03
18.02 16.77 9.24 19.78 22.06 15.68 22.50 10.60 5.03 19.83 10.68 14.62 10.45 10.70 11.25 17.73
20.40 14.12 18.06 18.81 21.39 19.73 24.66 3.58 17.88 24.31 20.30 3.13 7.09 16.16 4.29 11.11
17.18 14.58 10.00 18.16 20.61 15.20 21.81 7.12 7.60 19.70 11.92 11.12 7.85 10.23 7.76 14.85
14.71 14.30 5.78 16.82 18.97 12.28 19.12 11.45 3.08 16.36 7.37 14.53 12.67 7.37 11.16 15.99
10.19 12.48 0.29 13.43 15.08 7.49 14.16 15.39 5.49 10.93 2.04 17.04 17.77 3.89 14.06 15.64
17.72 16.74 8.76 19.62 21.86 15.34 22.17 11.10 4.40 19.42 10.14 15.02 11.07 10.39 11.63 17.85
9.88 13.06 1.63 13.50 14.93 7.13 13.54 16.85 6.41 10.04 0.76 18.36 19.25 4.59 15.45 16.51
17.01 16.06 8.13 18.91 21.15 14.64 21.47 10.91 4.09 18.75 9.58 14.66 11.21 9.69 11.26 17.26
10.23 13.58 2.08 13.93 15.31 7.48 13.77 17.29 6.40 10.19 0.24 18.86 19.60 5.12 15.93 17.04
9.07 4.63 16.37 4.59 5.92 10.99 10.74 17.43 20.94 13.10 17.75 13.99 22.39 12.79 14.42 6.02
9.94 4.38 16.50 5.62 7.23 11.63 11.98 16.37 20.81 14.10 18.01 12.75 21.35 12.89 13.37 4.77
18.76 17.81 9.64 20.70 22.93 16.35 23.19 11.66 4.86 20.37 10.89 15.76 11.17 11.43 12.40 18.87
22.94 22.06 13.49 24.99 27.20 20.46 27.30 14.32 8.05 24.30 14.37 18.92 12.33 15.62 15.70 22.88
19.66 18.68 10.47 21.60 23.83 17.24 24.07 12.04 5.48 21.23 11.64 16.30 11.18 12.32 12.97 19.66
10.31 12.87 0.77 13.68 15.26 7.58 14.18 15.89 5.55 10.84 1.53 17.55 18.21 4.28 14.58 16.10
16.53 12.64 11.21 16.71 19.27 14.97 21.16 4.27 10.22 19.64 13.36 7.89 6.81 10.36 4.54 12.17
21.38 21.08 11.70 23.70 25.82 18.82 25.63 14.77 6.11 22.49 12.40 19.09 13.48 14.11 15.76 22.30
22.99 21.18 14.16 24.53 26.88 20.68 27.50 11.97 9.26 24.83 15.42 16.76 9.55 15.69 13.70 21.46
10.10 12.60 0.54 13.44 15.03 7.38 14.01 15.74 5.68 10.71 1.71 17.34 18.11 4.02 14.39 15.84
21.65 14.92 20.18 19.59 22.09 21.25 25.71 6.07 20.29 25.72 22.42 3.81 9.09 18.04 6.33 11.32
19.45 17.38 11.24 20.79 23.18 17.27 24.02 9.18 7.33 21.59 12.83 13.64 8.31 12.25 10.39 17.75
18.45 17.46 9.41 20.36 22.60 16.06 22.89 11.39 4.77 20.11 10.70 15.46 11.04 11.12 12.08 18.51
16.42 14.57 8.55 17.82 20.18 14.26 21.00 8.73 5.86 18.64 10.36 12.42 9.54 9.24 9.03 15.37
19.41 18.09 10.51 21.17 23.45 17.06 23.89 11.06 5.89 21.17 11.85 15.35 10.25 12.09 12.03 18.90
8.66 5.19 16.52 4.10 5.06 10.77 9.95 18.34 21.26 12.53 17.78 14.99 23.27 12.98 15.32 7.04
17.29 17.05 7.82 19.56 21.68 14.77 21.61 12.67 2.80 18.62 8.91 16.36 12.82 9.99 12.96 18.58
19.40 18.50 10.19 21.38 23.60 16.97 23.81 12.09 5.19 20.95 11.35 16.29 11.34 12.07 12.94 19.53
16.00 12.86 9.83 16.63 19.13 14.21 20.64 5.95 8.53 18.82 11.92 9.45 7.88 9.39 6.06 12.97
21.83 22.06 11.95 24.43 26.43 19.20 25.94 16.43 6.30 22.61 12.34 20.66 15.20 14.68 17.31 23.54
20.13 19.61 10.62 22.33 24.48 17.62 24.45 13.45 5.22 21.43 11.53 17.67 12.50 12.83 14.32 20.80
16.88 15.81 8.12 18.72 20.96 14.53 21.36 10.61 4.30 18.68 9.63 14.34 10.98 9.56 10.94 16.97
17.24 18.31 7.28 20.16 22.01 14.56 21.23 15.70 1.88 17.83 7.55 19.11 15.98 10.33 15.73 20.45
17.64 17.65 8.00 20.05 22.12 15.08 21.90 13.42 2.62 18.81 8.90 17.13 13.45 10.39 13.73 19.28
20.46 20.24 10.78 22.82 24.91 17.90 24.71 14.40 5.21 21.57 11.52 18.60 13.42 13.20 15.24 21.56
6.05 9.04 3.96 9.31 10.89 3.45 10.28 15.73 9.49 7.63 4.93 16.10 19.09 1.94 13.69 12.86
19.41 15.48 13.40 19.61 22.18 17.76 24.05 4.25 11.27 22.40 15.42 9.05 4.27 13.02 6.16 14.64
21.89 19.76 13.44 23.23 25.63 19.68 26.45 10.39 8.97 23.94 14.88 15.16 8.26 14.66 12.09 19.91
16.77 15.64 8.09 18.57 20.82 14.44 21.26 10.42 4.41 18.61 9.64 14.14 10.86 9.45 10.74 16.77
19.64 18.16 10.86 21.31 23.62 17.32 24.14 10.77 6.32 21.47 12.23 15.14 9.84 12.33 11.84 18.86
5.34 11.91 7.79 9.89 10.20 3.72 7.25 20.94 13.25 3.30 7.08 20.91 24.36 7.21 18.76 16.33
21.07 19.37 12.33 22.65 24.99 18.78 25.59 11.00 7.66 22.95 13.67 15.60 9.37 13.78 12.40 19.84
17.03 16.83 7.57 19.32 21.43 14.52 21.35 12.65 2.61 18.36 8.67 16.28 12.90 9.74 12.88 18.40
20.18 18.70 11.34 21.86 24.17 17.85 24.67 11.04 6.68 21.99 12.67 15.49 9.86 12.87 12.21 19.35
20.07 19.16 10.81 22.06 24.28 17.63 24.47 12.43 5.69 21.58 11.91 16.73 11.41 12.74 13.40 20.14
22.46 20.48 13.83 23.90 26.28 20.21 27.00 11.14 9.15 24.42 15.18 15.93 8.83 15.20 12.87 20.68
16.08 16.81 6.21 18.81 20.74 13.45 20.20 14.36 0.58 16.96 6.89 17.63 14.98 9.00 14.25 18.89
12.17 7.73 19.70 7.61 8.20 14.26 13.11 19.32 24.16 15.97 21.09 15.29 24.32 16.11 16.36 7.54
17.48 16.54 8.52 19.40 21.63 15.10 21.93 11.11 4.22 19.18 9.91 14.97 11.19 10.15 11.57 17.70
6.91 0.60 12.24 4.10 6.68 7.91 10.32 14.30 16.63 11.27 13.79 11.81 19.08 8.63 11.33 4.99
20.98 20.67 11.32 23.29 25.41 18.43 25.24 14.49 5.75 22.11 12.06 18.77 13.32 13.71 15.43 21.91
18.90 14.23 14.05 18.59 21.20 17.53 23.48 2.01 12.76 22.21 16.20 6.80 4.36 13.08 4.13 12.87
16.88 10.69 15.17 15.37 17.96 16.27 21.14 3.83 15.82 20.82 17.41 1.78 8.77 12.94 1.64 8.11
18.78 16.82 10.57 20.17 22.55 16.59 23.35 9.16 6.79 20.91 12.18 13.47 8.66 11.57 10.17 17.31
14.95 15.32 5.35 17.47 19.48 12.39 19.20 13.13 1.40 16.15 6.50 16.20 14.15 7.73 12.84 17.33
20.23 18.64 11.47 21.86 24.18 17.92 24.74 10.81 6.89 22.09 12.83 15.28 9.59 12.93 12.02 19.24
15.70 14.45 7.37 17.40 19.68 13.43 20.22 9.90 4.59 17.69 9.10 13.33 10.88 8.42 9.93 15.64
10.37 13.67 2.06 14.07 15.45 7.63 13.93 17.25 6.25 10.34 0.18 18.86 19.53 5.19 15.92 17.11
19.06 18.49 9.66 21.20 23.37 16.58 23.41 12.72 4.46 20.45 10.70 16.80 12.15 11.74 13.42 19.71
16.29 16.41 6.70 18.72 20.77 13.74 20.55 13.08 1.72 17.50 7.73 16.50 13.62 9.04 13.10 18.19
17.58 17.23 8.15 19.81 21.94 15.08 21.91 12.56 3.14 18.95 9.25 16.32 12.59 10.27 12.92 18.69
6.11 8.53 4.10 9.07 10.78 3.66 10.48 15.12 9.48 8.05 5.33 15.44 18.55 1.43 13.04 12.25
1.62 6.47 11.25 3.00 3.64 4.22 4.58 19.02 16.72 5.58 11.89 17.38 23.39 8.31 16.25 10.92
5.91 1.52 11.72 3.34 5.97 6.99 9.37 14.92 16.34 10.27 13.17 12.66 19.62 8.14 11.99 6.00
9.44 13.21 2.57 13.29 14.55 6.70 12.87 17.74 7.34 9.24 1.10 19.07 20.23 4.97 16.24 16.84
9.20 9.95 2.63 11.62 13.61 6.80 13.63 13.03 6.72 11.09 4.80 14.27 15.95 1.88 11.42 12.84
12.95 16.10 3.96 16.67 18.05 10.21 16.36 18.12 5.07 12.61 2.52 20.31 19.77 7.52 17.18 19.32
9.08 12.11 1.37 12.60 14.08 6.34 12.89 16.33 6.84 9.55 1.71 17.63 18.94 3.66 14.80 15.58
7.09 5.16 15.49 2.56 3.39 9.35 8.24 18.79 20.47 10.84 16.61 15.80 23.64 12.04 15.78 8.02
19.28 18.29 10.14 21.21 23.44 16.87 23.70 11.81 5.25 20.88 11.35 16.01 11.10 11.95 12.66 19.28
18.49 17.25 9.64 20.27 22.54 16.14 22.97 10.81 5.24 20.27 11.03 14.93 10.43 11.17 11.57 18.17
20.22 17.49 12.58 21.18 23.65 18.19 24.84 7.85 9.06 22.63 14.30 12.55 6.51 13.19 9.46 17.39
5.43 9.41 4.60 9.11 10.45 2.70 9.41 16.83 10.24 6.56 5.09 17.07 20.22 3.07 14.74 13.43
20.91 19.25 12.15 22.51 24.84 18.61 25.43 11.00 7.48 22.78 13.49 15.57 9.45 13.62 12.36 19.75
15.50 8.79 15.29 13.48 16.03 15.26 19.54 6.28 16.79 19.63 17.49 2.43 11.24 12.60 3.62 5.73
4.15 10.08 6.79 8.54 9.28 1.88 7.31 19.07 12.43 4.10 6.66 18.94 22.62 5.49 16.83 14.43
20.10 19.80 10.48 22.40 24.52 17.56 24.38 13.96 4.97 21.28 11.29 18.13 13.08 12.82 14.77 21.09
18.35 17.25 9.40 20.20 22.45 15.97 22.81 11.10 4.90 20.06 10.75 15.16 10.79 11.02 11.79 18.26
18.84 17.74 9.84 20.70 22.95 16.46 23.29 11.31 5.18 20.53 11.14 15.46 10.78 11.51 12.11 18.70
20.70 20.55 10.98 23.09 25.18 18.13 24.93 14.71 5.38 21.77 11.67 18.92 13.67 13.45 15.56 21.89
9.16 13.36 3.32 13.16 14.30 6.46 12.39 18.41 8.07 8.66 1.76 19.62 20.98 5.37 16.85 17.12
15.96 15.93 6.50 18.31 20.39 13.44 20.27 12.63 1.98 17.29 7.67 15.99 13.29 8.68 12.60 17.68
4.37 5.00 13.17 0.33 2.36 6.69 6.21 18.53 18.39 8.25 14.12 16.21 23.19 9.88 15.61 9.02
19.08 18.23 9.87 21.08 23.29 16.65 23.49 12.05 4.90 20.62 11.03 16.19 11.44 11.75 12.83 19.31
19.14 15.73 12.49 19.67 22.20 17.33 23.78 5.59 9.98 21.91 14.44 10.23 5.34 12.45 7.16 15.29
11.55 6.02 18.18 7.12 8.39 13.32 13.26 17.12 22.39 15.63 19.72 13.14 22.12 14.58 14.16 5.34
10.76 14.97 4.00 14.82 15.92 8.09 13.79 19.21 7.59 9.91 1.79 20.75 21.44 6.77 17.85 18.64
20.23 19.19 11.05 22.15 24.39 17.81 24.65 12.18 6.00 21.81 12.19 16.54 11.07 12.90 13.23 20.08
