C00001,36064385,19.47,0.44,M3d
C00002,36042224,12.73,4.59,M3s
C00003,36054688,16.46,22.71,M3s
C00004,36054356,16.43,26.79,M3h
C00005,36092966,27.67,28.57,M2
C00006,36086399,25.83,3.23,M3s
C00007,36090341,27.11,23.59,M3s
C00008,36041320,12.52,10.51,M3h
C00009,36047767,14.32,29.40,M3e
C00010,36039009,11.84,2.99,M3s
C00011,36098663,29.58,9.23,M1
C00012,36025903,7.61,27.23,M3s
C00013,36076412,22.85,13.34,M3s
C00014,36046851,13.91,24.80,M2
C00015,36027054,8.36,19.32,M3s
C00016,36066415,20.07,4.97,M1
C00017,36038912,11.63,17.25,M1
C00018,36052331,15.68,22.71,M3s
C00019,36050067,15.15,3.64,M2
C00020,36072885,21.85,17.40,M3h
C00021,36093074,27.93,22.77,M3e
C00022,36016072,4.92,0.87,M3h
C00023,36002961,0.79,28.95,M3s
C00024,36006810,1.83,14.89,M2
C00025,36063473,19.02,29.08,M3e
C00026,36059627,17.83,17.24,M3e
C00027,36063618,19.05,12.23,M3h
C00028,36007392,2.24,1.46,M3e
C00029,36043884,12.94,14.92,M3e
C00030,36019700,5.87,8.12,M3h
C00031,36099125,29.75,20.87,M3h
C00032,36098407,29.43,20.88,M2
C00033,36014001,4.24,21.46,M1
C00034,36016849,4.83,7.52,M1
C00035,36093518,27.96,2.72,M3e
C00036,36047542,14.30,5.70,M3e
C00037,36087357,26.33,6.53,M2
C00038,36026623,7.95,12.49,M3e
C00039,36061877,18.37,29.01,M3d
C00040,36094087,28.28,11.54,M3d
C00041,36098761,29.55,24.49,M2
C00042,36014573,4.40,23.19,M3e
C00043,36010951,3.13,6.64,M3h
C00044,36004512,1.23,18.72,M3e
C00045,36017643,5.27,19.11,M1
C00046,36064395,19.41,24.31,M3d
C00047,36091284,27.39,9.23,M3e
C00048,36099552,29.73,11.20,M3e
C00049,36065601,19.53,23.67,M3s
C00050,36082904,24.88,4.83,M1
C00051,36053377,16.09,16.08,M3h
C00052,36016037,4.85,5.01,M1
C00053,36029317,8.89,13.93,M3s
C00054,36093851,28.13,18.57,M3e
C00055,36082174,24.67,18.47,M1
C00056,36079314,23.73,9.94,M3s
C00057,36092283,27.75,12.49,M1
C00058,36002088,0.74,24.79,M3e
C00059,36017332,5.35,5.36,M2
C00060,36091600,27.50,1.61,M3e
C00061,36007173,2.19,7.13,M3s
C00062,36086366,25.90,5.73,M2
C00063,36004742,1.39,2.26,M1
C00064,36068958,20.48,16.19,M3s
C00065,36073781,22.01,19.75,M1
C00066,36014511,4.47,18.32,M3h
C00067,36099144,29.88,24.85,M2
C00068,36004381,1.44,10.20,M3e
C00069,36036419,10.99,9.34,M3d
C00070,36055853,16.69,8.23,M1
C00071,36093474,27.95,20.39,M2
C00072,36065663,19.62,27.04,M1
C00073,36014365,4.22,3.06,M3s
C00074,36063089,19.11,27.21,M3s
C00075,36094344,28.28,11.37,M1
C00076,36088022,26.64,25.90,M1
C00077,36002646,0.78,29.42,M3s
C00078,36061215,18.55,25.58,M3h
C00079,36077583,23.13,10.52,M3s
C00080,36010141,3.22,20.19,M3e
C00081,36050163,15.18,7.87,M3e
C00082,36069945,20.99,23.94,M3h
C00083,36037032,11.25,15.70,M3d
C00084,36011190,3.40,18.54,M2
C00085,36055349,16.70,17.39,M3h
C00086,36034652,10.31,22.42,M2
C00087,36027222,8.28,14.64,M3e
C00088,36076095,22.82,6.33,M3d
C00089,36075096,22.57,29.86,M3d
C00090,36056961,17.05,24.19,M3e
C00091,36095067,28.74,1.12,M3h
C00092,36083590,24.99,3.62,M3h
C00093,36040803,12.10,16.32,M1
C00094,36055366,16.79,13.42,M2
C00095,36044746,13.48,23.61,M3e
C00096,36007176,2.12,13.87,M3s
C00097,36004803,1.27,0.65,M3d
C00098,36080261,24.16,4.46,M3s
C00099,36047238,14.33,21.22,M3h
C00100,36033989,9.94,12.71,M3h
C00101,36038899,11.58,6.30,M3d
C00102,36030343,9.19,10.54,M2
C00103,36039784,11.77,9.82,M3e
C00104,36018376,5.49,25.81,M3d
C00105,36043462,12.94,12.52,M1
C00106,36019840,5.77,14.31,M3s
C00107,36011662,3.36,11.25,M1
C00108,36012390,3.66,9.85,M1
C00109,36070178,21.08,22.24,M3e
C00110,36021968,6.50,26.40,M3h
C00111,36005463,1.73,22.31,M3s
C00112,36074083,22.21,5.54,M3e
C00113,36025619,7.60,11.50,M3e
C00114,36057178,17.16,28.71,M3s
C00115,36063931,18.91,1.93,M1
C00116,36090009,27.01,14.69,M1
C00117,36086607,26.10,1.52,M3d
C00118,36065990,19.54,11.69,M1
C00119,36095657,28.56,29.16,M2
C00120,36086781,26.03,25.99,M2
C00121,36047584,14.18,16.22,M3d
C00122,36065883,19.71,10.43,M3e
C00123,36051557,15.46,18.50,M3s
C00124,36002895,0.84,11.34,M3h
C00125,36006004,1.87,23.20,M3s
C00126,36024292,7.29,10.65,M3e
C00127,36016473,5.09,18.24,M3d
C00128,36060461,18.23,17.58,M2
C00129,36041587,12.33,13.09,M3e
C00130,36001647,0.38,7.90,M3e
C00131,36049776,14.76,6.41,M3h
C00132,36090490,27.03,3.75,M1
C00133,36058394,17.45,0.49,M2
C00134,36028870,8.47,3.13,M1
C00135,36032826,9.60,17.60,M1
C00136,36003900,1.11,13.63,M3e
C00137,36013980,4.06,26.40,M3d
C00138,36051566,15.33,3.27,M3e
C00139,36006409,1.99,1.86,M3e
C00140,36002678,0.61,9.35,M3e
C00141,36028959,8.60,1.82,M3h
C00142,36080045,24.15,20.24,M3d
C00143,36011844,3.51,20.41,M3s
C00144,36042910,12.64,27.18,M1
C00145,36018978,5.40,11.59,M3e
C00146,36037497,11.12,29.75,M3e
C00147,36057557,17.15,20.45,M3e
C00148,36043935,13.01,13.60,M3d
C00149,36012720,3.88,4.42,M3e
C00150,36055595,16.68,10.12,M3h
C00151,36000355,0.10,4.65,M3s
C00152,36026659,7.89,18.45,M3e
C00153,36070572,21.16,6.03,M3s
C00154,36024978,7.40,7.16,M3e
C00155,36089511,26.82,10.95,M2
C00156,36083046,24.94,7.58,M3s
C00157,36092350,27.71,24.26,M2
C00158,36083292,25.19,29.75,M3e
C00159,36025093,7.67,8.59,M3d
C00160,36047969,14.39,16.76,M3e
C00161,36005572,1.54,18.60,M3h
C00162,36021134,6.35,22.42,M3e
C00163,36081329,24.41,24.16,M1
C00164,36045108,13.74,14.97,M3h
C00165,36044464,13.25,10.11,M3e
C00166,36008356,2.50,3.05,M3e
C00167,36083721,24.96,4.33,M2
C00168,36013412,3.99,17.25,M2
C00169,36094297,28.45,11.53,M3d
C00170,36089530,26.99,16.27,M2
C00171,36014776,4.29,29.72,M3h
C00172,36070135,21.07,26.50,M3e
C00173,36040737,12.29,10.09,M1
C00174,36033503,9.93,25.75,M3e
C00175,36036682,10.86,10.65,M3e
C00176,36042735,12.62,2.33,M3e
C00177,36081039,24.43,23.03,M3s
C00178,36077148,23.37,26.23,M3s
C00179,36019599,5.90,5.95,M3e
C00180,36014608,4.22,17.22,M3d
C00181,36047707,14.38,2.09,M3e
C00182,36096889,29.10,6.10,M1
C00183,36023389,6.98,16.01,M3s
C00184,36021451,6.41,15.64,M3e
C00185,36006660,1.81,28.41,M3e
C00186,36031440,9.53,3.74,M3h
C00187,36015270,4.50,16.08,M3e
C00188,36077907,23.40,27.09,M3s
C00189,36051133,15.45,0.28,M3e
C00190,36006608,1.93,9.34,M2
C00191,36074077,22.23,5.59,M2
C00192,36056347,16.96,9.05,M2
C00193,36007706,2.19,17.38,M3s
C00194,36089011,26.75,18.71,M3d
C00195,36083633,25.18,24.44,M3h
C00196,36084258,25.43,22.31,M3e
C00197,36091901,27.53,28.26,M2
C00198,36085326,25.75,23.60,M2
C00199,36027402,8.14,8.57,M3d
C00200,36041009,12.53,15.06,M2
C00201,36084378,25.22,18.66,M3s
C00202,36029810,8.92,18.89,M1
C00203,36045577,13.65,22.35,M3e
C00204,36051177,15.34,27.22,M3h
C00205,36070826,21.15,18.43,M3e
C00206,36051025,15.34,22.23,M3e
C00207,36085603,25.61,27.85,M3h
C00208,36032844,9.64,11.68,M3s
C00209,36082962,24.72,15.57,M3d
C00210,36013514,3.92,2.82,M3s
C00211,36002209,0.82,22.89,M3e
C00212,36057747,17.22,27.54,M3s
C00213,36092945,27.86,16.50,M3e
C00214,36039437,11.77,7.96,M3e
C00215,36067478,20.39,24.84,M1
C00216,36010650,3.27,15.43,M2
C00217,36096365,28.89,11.10,M2
C00218,36001592,0.41,29.78,M3e
C00219,36011060,3.55,0.53,M3e
C00220,36058429,17.50,10.08,M3e
C00221,36069291,20.98,20.83,M3h
C00222,36027280,8.17,14.43,M2
C00223,36036967,10.96,19.44,M1
C00224,36061965,18.33,22.36,M3h
C00225,36038453,11.69,9.26,M3e
C00226,36077891,23.27,2.14,M3s
C00227,36003963,0.97,3.63,M3s
C00228,36020142,6.23,11.73,M3s
C00229,36012440,3.62,16.69,M3d
C00230,36006593,1.99,29.63,M3s
C00231,36089359,26.87,15.58,M3e
C00232,36026124,8.07,6.65,M3e
C00233,36064789,19.42,18.12,M2
C00234,36007693,2.25,2.90,M3s
C00235,36003247,0.90,14.92,M3d
C00236,36099595,29.96,13.23,M3e
C00237,36048748,14.61,17.08,M3s
C00238,36030947,9.17,27.00,M3e
C00239,36054452,16.39,8.55,M3h
C00240,36094907,28.31,0.65,M3e
C00241,36099752,29.75,26.50,M1
C00242,36017274,5.29,6.39,M3h
C00243,36023517,7.00,7.87,M3d
C00244,36002166,0.78,19.97,M3e
C00245,36021837,6.53,29.94,M3s
C00246,36009386,2.71,18.74,M3h
C00247,36009484,2.70,16.91,M3d
C00248,36060671,18.23,19.54,M3s
C00249,36068337,20.47,19.63,M3e
C00250,36043362,12.97,26.53,M3h
C00251,36000211,0.16,6.47,M3d
C00252,36002673,0.63,27.18,M2
C00253,36062186,18.69,11.78,M3e
C00254,36043643,13.17,21.21,M3e
C00255,36060794,18.29,17.96,M3e
C00256,36044467,13.23,10.35,M3h
C00257,36001151,0.37,15.44,M3h
C00258,36019454,5.93,25.95,M2
C00259,36090135,27.28,5.07,M3h
C00260,36053120,16.11,26.31,M3h
C00261,36096708,28.88,4.71,M3e
C00262,36083940,25.04,18.88,M3e
C00263,36074534,22.27,25.54,M3s
C00264,36034915,10.25,27.36,M3e
C00265,36071914,21.57,5.19,M2
C00266,36088288,26.46,10.62,M3h
C00267,36090427,27.20,5.61,M3h
C00268,36078446,23.54,22.62,M1
C00269,36046134,14.09,18.00,M3e
C00270,36050026,15.08,7.64,M3h
C00271,36093108,28.13,6.72,M1
C00272,36079639,23.99,23.88,M3e
C00273,36086581,26.09,2.56,M3e
C00274,36035103,10.68,16.19,M3e
C00275,36003977,0.98,11.50,M1
C00276,36000204,0.08,1.85,M3e
C00277,36081825,24.39,27.24,M2
C00278,36071823,21.46,7.24,M3d
C00279,36084321,25.38,25.90,M3e
C00280,36017005,5.13,29.59,M1
C00281,36038555,11.43,20.78,M3s
C00282,36096040,28.96,7.73,M1
C00283,36036244,10.92,12.32,M1
C00284,36012773,3.74,1.57,M3h
C00285,36010422,3.11,12.65,M1
C00286,36042240,12.85,7.74,M3e
C00287,36023383,6.92,11.33,M3e
C00288,36092162,27.88,12.08,M3d
C00289,36066077,19.94,20.11,M3e
C00290,36081934,24.47,10.75,M3e
C00291,36023102,7.05,26.08,M3h
C00292,36010492,3.18,16.50,M3e
C00293,36029017,8.88,21.65,M2
C00294,36081298,24.52,7.97,M3s
C00295,36009596,2.76,10.69,M3s
C00296,36027142,8.17,7.14,M3s
C00297,36098105,29.57,21.76,M3h
C00298,36015583,4.62,2.84,M3e
C00299,36003203,0.93,21.48,M3s
C00300,36044404,13.43,16.48,M3h
C00301,36087320,26.23,15.10,M2
C00302,36098971,29.56,23.43,M3e
C00303,36017736,5.12,4.32,M3s
C00304,36011377,3.59,29.22,M3h
C00305,36068565,20.60,1.75,M3e
C00306,36028735,8.63,29.85,M3e
C00307,36034333,10.44,29.77,M3e
C00308,36062076,18.85,24.79,M2
C00309,36074437,22.21,29.59,M3s
C00310,36071602,21.57,28.47,M3e
C00311,36001084,0.36,17.98,M2
C00312,36018335,5.58,3.43,M3h
C00313,36059707,17.99,23.12,M3e
C00314,36045226,13.72,9.81,M1
C00315,36099640,29.74,23.58,M3s
C00316,36026268,8.09,3.71,M3e
C00317,36017966,5.29,17.16,M3d
C00318,36091304,27.42,0.25,M3e
C00319,36069963,20.86,22.56,M3e
C00320,36060232,18.12,20.81,M3h
C00321,36050884,15.01,28.32,M3e
C00322,36076268,22.99,21.98,M3e
C00323,36091168,27.59,26.60,M3d
C00324,36015138,4.59,22.02,M3e
C00325,36028343,8.59,11.33,M3e
C00326,36043446,13.17,11.96,M3e
C00327,36088185,26.44,16.47,M3s
C00328,36011023,3.54,2.88,M3e
C00329,36037108,11.11,4.50,M1
C00330,36072433,21.76,13.20,M3d
C00331,36047716,14.38,25.18,M2
C00332,36091208,27.32,16.51,M3s
C00333,36087465,26.24,14.34,M1
C00334,36007735,2.21,6.53,M3e
C00335,36029660,8.71,22.27,M3e
C00336,36068208,20.58,0.70,M1
C00337,36035276,10.64,29.57,M3e
C00338,36011926,3.36,13.41,M3h
C00339,36098579,29.59,1.81,M3s
C00340,36079348,23.76,24.00,M3e
C00341,36019271,5.87,6.60,M3h
C00342,36061552,18.30,20.37,M2
C00343,36050129,15.25,11.90,M3d
C00344,36065999,19.63,7.83,M3h
C00345,36077625,23.16,28.49,M1
C00346,36025419,7.62,23.50,M1
C00347,36031484,9.59,5.46,M3d
C00348,36025436,7.53,19.47,M3e
C00349,36051738,15.54,13.57,M3e
C00350,36023054,6.97,18.26,M3s
C00351,36006510,1.82,0.25,M1
C00352,36094878,28.31,5.31,M3s
C00353,36061722,18.46,17.07,M3h
C00354,36099218,29.71,28.99,M3h
C00355,36010610,3.29,21.90,M2
C00356,36044820,13.37,27.98,M1
C00357,36098438,29.67,10.62,M3e
C00358,36083035,25.17,13.49,M3e
C00359,36009196,2.99,17.02,M3h
C00360,36073665,22.15,12.81,M1
C00361,36058800,17.40,29.46,M3d
C00362,36045980,13.69,27.89,M3e
C00363,36034278,10.24,21.72,M2
C00364,36012595,3.74,23.32,M1
C00365,36077928,23.14,21.35,M3s
C00366,36018927,5.50,5.22,M3s
C00367,36033799,10.09,12.98,M3d
C00368,36009296,2.83,13.22,M3e
C00369,36072770,21.75,29.49,M3e
C00370,36048170,14.62,0.72,M2
C00371,36095965,28.79,15.65,M3h
C00372,36073432,22.10,25.93,M3s
C00373,36069258,20.73,10.69,M2
C00374,36000603,0.29,10.86,M3e
C00375,36095539,28.53,15.95,M3s
C00376,36063048,19.14,15.87,M3d
C00377,36062852,18.62,29.69,M3d
C00378,36023554,7.08,20.95,M3d
C00379,36023446,7.05,9.55,M3e
C00380,36051297,15.52,25.10,M3e
C00381,36008326,2.50,14.65,M2
C00382,36078610,23.45,17.56,M3d
C00383,36008115,2.48,19.13,M2
C00384,36017017,5.39,1.00,M3e
C00385,36011934,3.52,12.03,M3e
C00386,36015265,4.72,4.61,M3d
C00387,36083020,25.00,20.34,M3h
C00388,36074187,22.29,21.31,M3e
C00389,36026008,8.08,13.89,M3s
C00390,36006141,1.93,24.37,M1
C00391,36032467,9.79,4.32,M3s
C00392,36000917,0.26,11.21,M1
C00393,36075117,22.58,13.85,M2
C00394,36083611,25.07,28.64,M3e
C00395,36019511,5.86,8.29,M3e
C00396,36086269,26.10,3.50,M2
C00397,36082093,24.87,29.16,M3d
C00398,36045558,13.59,20.95,M3e
C00399,36000782,0.20,1.43,M1
C00400,36017644,5.17,10.20,M2
C00401,36062193,18.87,23.55,M3h
C00402,36010838,3.28,23.91,M3d
C00403,36015909,4.59,27.63,M1
C00404,36082767,24.61,11.16,M1
C00405,36016078,4.91,22.53,M3s
C00406,36091775,27.59,18.89,M1
C00407,36005912,1.77,5.07,M1
C00408,36044945,13.20,7.98,M3h
C00409,36054453,16.25,18.49,M3e
C00410,36073835,22.01,2.44,M1
C00411,36076817,23.00,17.80,M3e
C00412,36096637,28.86,25.76,M3h
C00413,36071903,21.59,0.01,M3h
C00414,36025114,7.52,13.95,M3e
C00415,36006644,1.88,10.23,M2
C00416,36055877,16.56,16.46,M1
C00417,36011376,3.31,5.47,M3h
C00418,36088632,26.69,15.60,M1
C00419,36059693,17.98,29.11,M3e
C00420,36056205,16.87,27.98,M3e
C00421,36071230,21.43,19.45,M3d
C00422,36067315,20.21,15.90,M1
C00423,36017381,5.39,21.21,M3h
C00424,36093262,28.15,29.51,M3s
C00425,36011283,3.59,22.80,M3e
C00426,36044993,13.36,21.87,M3d
C00427,36095828,28.80,8.68,M3e
C00428,36071256,21.41,28.29,M1
C00429,36005748,1.69,19.31,M3h
C00430,36033449,9.90,0.50,M1
C00431,36073028,22.00,7.26,M3e
C00432,36051327,15.32,17.15,M1
C00433,36039208,11.80,14.43,M1
C00434,36045873,13.74,0.65,M2
C00435,36019309,5.88,9.17,M3d
C00436,36056063,17.01,23.81,M3h
C00437,36026687,7.86,14.52,M3e
C00438,36096296,28.85,10.72,M3s
C00439,36060819,18.02,27.17,M3d
C00440,36044081,13.23,22.83,M2
C00441,36017447,5.33,15.51,M3s
C00442,36056880,17.01,2.21,M3s
C00443,36026287,7.94,29.00,M1
C00444,36065456,19.74,15.57,M3e
C00445,36007808,2.20,23.45,M3h
C00446,36024888,7.29,21.56,M3d
C00447,36099051,29.83,21.31,M3e
C00448,36034053,10.40,3.56,M3e
C00449,36051138,15.56,25.03,M3h
C00450,36036756,11.03,10.14,M2
C00451,36004931,1.32,15.81,M3h
C00452,36046930,13.98,17.14,M2
C00453,36036671,10.81,4.70,M3s
C00454,36047351,14.12,24.31,M3d
C00455,36018233,5.64,11.79,M3e
C00456,36008201,2.46,12.14,M1
C00457,36092281,27.69,11.02,M3e
C00458,36019450,5.71,8.11,M3s
C00459,36091952,27.35,0.71,M3s
C00460,36013189,3.91,4.70,M3e
C00461,36039370,11.78,11.45,M3h
C00462,36061286,18.41,7.23,M3h
C00463,36092292,27.76,6.81,M3e
C00464,36044966,13.42,29.60,M3s
C00465,36012434,3.67,20.94,M1
C00466,36071674,21.55,27.44,M3h
C00467,36079003,23.99,4.22,M2
C00468,36002096,0.82,14.27,M1
C00469,36072403,21.90,16.55,M3e
C00470,36021207,6.45,11.37,M3e
C00471,36033773,10.18,24.54,M2
C00472,36051806,15.40,13.76,M3e
C00473,36034584,10.23,28.50,M1
C00474,36049707,14.82,2.11,M3d
C00475,36091190,27.48,18.81,M1
C00476,36000200,0.24,17.68,M1
C00477,36089734,26.94,3.93,M3e
C00478,36022567,6.70,2.14,M3h
C00479,36074875,22.43,4.30,M3e
C00480,36073774,22.10,4.15,M3e
C00481,36008687,2.56,29.55,M3e
C00482,36053316,16.11,21.53,M2
C00483,36041225,12.38,9.00,M3d
C00484,36076669,23.05,27.42,M3e
C00485,36035010,10.70,5.97,M3e
C00486,36024955,7.21,26.81,M3d
C00487,36053508,15.97,7.09,M3h
C00488,36016445,5.02,5.76,M3h
C00489,36048112,14.66,10.58,M3e
C00490,36086887,25.83,11.06,M2
C00491,36097720,29.24,5.66,M3e
C00492,36035859,10.58,11.88,M3s
C00493,36046320,14.02,16.72,M3e
C00494,36095868,28.51,9.29,M3e
C00495,36070233,21.28,13.81,M2
C00496,36091394,27.49,13.26,M1
C00497,36007947,2.26,24.36,M2
C00498,36097098,29.12,17.17,M3d
C00499,36067979,20.20,23.64,M3e
C00500,36070207,21.27,16.80,M1
C00501,36099670,29.75,13.97,M3e
C00502,36088190,26.41,1.81,M3e
C00503,36004634,1.47,21.35,M3d
C00504,36064150,19.33,18.67,M2
C00505,36060875,18.12,15.82,M2
C00506,36068336,20.49,29.04,M1
C00507,36070606,21.13,29.34,M3h
C00508,36094976,28.49,9.23,M3h
C00509,36064265,19.22,1.72,M3s
C00510,36033078,10.05,12.87,M3d
C00511,36012690,3.63,26.06,M3e
C00512,36078053,23.61,6.12,M3s
C00513,36098603,29.50,25.35,M3s
C00514,36043086,13.16,18.12,M3d
C00515,36075308,22.62,10.04,M3d
C00516,36023592,7.17,28.89,M3e
C00517,36028182,8.57,5.79,M2
C00518,36088881,26.55,13.50,M3h
C00519,36012180,3.63,14.47,M1
C00520,36002968,0.62,18.19,M3s
C00521,36012920,3.76,21.47,M3h
C00522,36047534,14.33,16.96,M3e
C00523,36042183,12.80,7.35,M3e
C00524,36092037,27.82,6.79,M3e
C00525,36081993,24.33,10.68,M3d
C00526,36055481,16.61,14.96,M3s
C00527,36096381,28.96,29.09,M3h
C00528,36050135,15.27,11.22,M3e
C00529,36085314,25.75,19.98,M1
C00530,36013005,4.10,23.33,M3d
C00531,36095383,28.59,5.64,M1
C00532,36052268,15.61,7.11,M3e
C00533,36069040,20.77,26.25,M1
C00534,36048488,14.47,12.03,M3s
C00535,36075657,22.56,8.06,M3e
C00536,36054274,16.22,18.75,M3s
C00537,36045303,13.63,8.31,M2
C00538,36094933,28.31,5.35,M1
C00539,36011113,3.44,21.49,M3s
C00540,36072424,21.76,11.71,M3h
C00541,36006063,2.01,17.77,M3s
C00542,36015862,4.74,0.21,M3h
C00543,36061505,18.41,26.76,M3e
C00544,36085894,25.75,21.96,M3e
C00545,36034605,10.49,15.94,M1
C00546,36087307,26.31,17.15,M3e
C00547,36020855,6.04,13.74,M3h
C00548,36081081,24.33,2.53,M3e
C00549,36000355,0.26,17.84,M1
C00550,36082138,24.65,15.22,M1
C00551,36072582,21.67,26.23,M3e
C00552,36014745,4.35,20.19,M1
C00553,36020648,6.20,16.98,M3s
C00554,36097463,29.28,26.60,M3s
C00555,36027310,8.38,3.59,M1
C00556,36018726,5.68,3.59,M3s
C00557,36025872,7.54,14.55,M3e
C00558,36076686,22.98,5.81,M3d
C00559,36053436,16.16,6.93,M3h
C00560,36085367,25.68,19.71,M3e
C00561,36036396,11.04,0.47,M3e
C00562,36037455,11.16,22.56,M3e
C00563,36061557,18.56,5.69,M3e
C00564,36005591,1.68,9.68,M1
C00565,36004434,1.47,12.08,M3d
C00566,36087527,26.39,24.48,M2
C00567,36075453,22.59,9.39,M3s
C00568,36079022,23.90,4.80,M3e
C00569,36078748,23.49,3.10,M3e
C00570,36093518,28.01,21.55,M1
C00571,36047946,14.11,23.86,M3d
C00572,36071105,21.49,13.39,M1
C00573,36002581,0.70,20.38,M3h
C00574,36091853,27.49,21.85,M3e
C00575,36077951,23.39,5.39,M3e
C00576,36091783,27.32,1.35,M3e
C00577,36040728,12.19,18.26,M2
C00578,36027595,8.21,6.80,M3s
C00579,36078584,23.57,4.64,M3e
C00580,36094893,28.31,19.47,M3h
C00581,36013286,3.91,23.45,M3d
C00582,36049734,14.76,24.91,M3s
C00583,36027699,8.21,27.12,M1
C00584,36070823,21.26,21.21,M3e
C00585,36024972,7.39,1.89,M2
C00586,36080546,24.24,28.11,M3d
C00587,36058532,17.57,17.73,M1
C00588,36098233,29.55,7.02,M3d
C00589,36044423,13.46,14.58,M3s
C00590,36040841,12.11,0.40,M3d
C00591,36015064,4.51,27.77,M3e
C00592,36060717,18.06,22.15,M3e
C00593,36042397,12.82,24.95,M3e
C00594,36037563,11.35,11.74,M3e
C00595,36048092,14.64,1.79,M1
C00596,36027658,8.13,8.48,M1
C00597,36093940,28.17,23.51,M3e
C00598,36074870,22.21,5.26,M3e
C00599,36012071,3.73,13.54,M3d
C00600,36021504,6.38,2.20,M3e
C00601,36009783,2.75,20.81,M3e
C00602,36059084,17.86,27.13,M3d
C00603,36009947,2.80,24.49,M3e
C00604,36002699,0.77,2.18,M3s
C00605,36031983,9.45,29.21,M1
C00606,36088815,26.58,3.56,M3e
C00607,36080297,24.16,4.98,M3s
C00608,36083833,25.01,16.65,M3s
C00609,36047887,14.23,13.91,M3e
C00610,36084428,25.37,15.47,M3e
C00611,36024358,7.33,20.46,M3s
C00612,36099006,29.99,22.75,M3d
C00613,36000614,0.06,18.51,M3e
C00614,36086049,26.08,26.63,M3s
C00615,36069733,20.89,15.59,M2
C00616,36010293,3.06,11.13,M3h
C00617,36072129,21.72,23.21,M3e
C00618,36012493,3.61,21.51,M3e
C00619,36014214,4.30,11.35,M3h
C00620,36080681,24.18,20.37,M1
C00621,36046460,13.85,8.56,M3d
C00622,36012177,3.80,17.09,M3s
C00623,36069485,20.91,22.51,M3e
C00624,36056214,16.83,15.93,M3e
C00625,36078443,23.42,25.92,M3h
C00626,36059253,17.85,16.68,M3d
C00627,36011919,3.38,11.43,M1
C00628,36004612,1.24,2.73,M3s
C00629,36035541,10.79,20.16,M1
C00630,36053253,16.09,22.68,M3e
C00631,36041574,12.42,21.94,M3e
C00632,36046869,14.08,20.83,M2
C00633,36065645,19.74,1.74,M3s
C00634,36084941,25.49,13.14,M3s
C00635,36086739,25.87,21.78,M2
C00636,36069611,20.77,4.03,M2
C00637,36042941,12.73,3.14,M3s
C00638,36053661,16.16,8.77,M2
C00639,36002696,0.71,8.26,M3e
C00640,36009516,2.89,18.28,M3s
C00641,36081442,24.53,8.75,M2
C00642,36068079,20.43,28.06,M3d
C00643,36002199,0.65,17.92,M3e
C00644,36075883,22.63,27.99,M3h
C00645,36022597,6.88,20.52,M1
C00646,36054063,16.34,28.94,M1
C00647,36071059,21.31,9.28,M2
C00648,36093672,28.09,14.29,M3h
C00649,36018056,5.57,2.41,M1
C00650,36039789,11.73,0.55,M3e
C00651,36032211,9.87,18.75,M3d
C00652,36023214,7.04,14.27,M3s
C00653,36041318,12.57,28.94,M3e
C00654,36057312,17.11,2.98,M3e
C00655,36015737,4.51,10.10,M3s
C00656,36095252,28.79,13.32,M3h
C00657,36092040,27.86,16.47,M3h
C00658,36015503,4.59,17.50,M3h
C00659,36099952,30.00,25.00,M1
C00660,36006934,1.87,22.50,M3e
C00661,36024912,7.47,12.89,M2
C00662,36058758,17.56,24.96,M1
C00663,36049117,14.95,16.98,M3d
C00664,36073366,22.12,28.28,M3h
C00665,36053815,15.94,3.23,M2
C00666,36085186,25.77,9.67,M2
C00667,36080560,24.28,22.04,M3s
C00668,36047685,14.25,12.68,M3e
C00669,36096250,28.99,13.25,M2
C00670,36086712,25.87,11.46,M3e
C00671,36051407,15.31,8.57,M3e
C00672,36048729,14.41,26.17,M1
C00673,36036582,10.81,26.98,M3e
C00674,36051207,15.39,13.04,M3h
C00675,36036562,10.87,10.22,M1
C00676,36027888,8.39,17.83,M1
C00677,36072861,21.78,23.62,M3d
C00678,36077271,23.36,14.06,M1
C00679,36019927,5.78,6.09,M3e
C00680,36017992,5.19,4.57,M3d
C00681,36025507,7.63,18.65,M3e
C00682,36058967,17.43,25.24,M2
C00683,36018811,5.69,24.45,M3h
C00684,36010778,3.03,22.99,M1
C00685,36054758,16.35,16.09,M3d
C00686,36032970,9.87,27.72,M1
C00687,36004128,1.27,10.89,M3d
C00688,36052489,15.86,26.00,M2
C00689,36031467,9.32,8.23,M1
C00690,36010741,3.01,10.02,M3s
C00691,36067258,20.11,21.91,M3e
C00692,36053827,15.93,11.85,M2
C00693,36060549,18.27,14.26,M3h
C00694,36072480,21.79,26.08,M3h
C00695,36079692,23.99,29.70,M3h
C00696,36035642,10.73,6.36,M3h
C00697,36018869,5.63,14.09,M1
C00698,36075769,22.73,28.21,M3e
C00699,36010902,3.09,3.60,M3e
C00700,36013752,4.08,28.61,M3s
C00701,36038852,11.46,29.97,M2
C00702,36034871,10.25,16.04,M3h
C00703,36039145,11.81,18.84,M2
C00704,36019010,5.92,19.67,M3d
C00705,36045229,13.51,18.61,M3e
C00706,36084123,25.44,13.84,M3e
C00707,36079059,23.72,2.39,M3e
C00708,36028590,8.41,25.10,M3h
C00709,36035777,10.76,19.83,M2
C00710,36090723,27.01,24.18,M3e
C00711,36079135,23.92,6.85,M3d
C00712,36071205,21.34,3.01,M2
C00713,36001418,0.48,0.30,M3e
C00714,36047399,14.31,24.82,M3d
C00715,36049652,14.80,5.33,M3e
C00716,36012064,3.60,23.99,M3h
C00717,36034110,10.25,21.16,M3e
C00718,36097947,29.17,27.90,M3e
C00719,36076460,23.04,8.16,M2
C00720,36026432,8.03,5.50,M3e
C00721,36086410,25.98,5.94,M3s
C00722,36079515,23.92,13.09,M3e
C00723,36001088,0.37,9.92,M3d
C00724,36036454,11.00,11.06,M3h
C00725,36059028,17.84,2.66,M3s
C00726,36045003,13.58,8.01,M3h
C00727,36035881,10.69,20.77,M3e
C00728,36030079,9.03,7.75,M3s
C00729,36042890,12.76,6.26,M3d
C00730,36042490,12.63,21.50,M3e
C00731,36049724,14.94,9.79,M1
C00732,36076413,22.90,18.93,M3e
C00733,36026541,7.97,1.22,M3e
C00734,36068911,20.40,3.89,M3h
C00735,36079613,23.80,12.60,M3s
C00736,36066339,19.82,7.43,M3h
C00737,36070337,21.04,24.27,M3e
C00738,36065581,19.52,11.44,M3s
C00739,36048299,14.48,26.42,M3s
C00740,36088197,26.42,25.55,M3e
C00741,36012404,3.83,16.34,M3h
C00742,36052935,15.88,27.93,M3s
C00743,36062512,18.80,19.22,M3e
C00744,36075636,22.77,26.57,M1
C00745,36049582,14.88,2.11,M3d
C00746,36044771,13.29,16.37,M3e
C00747,36036605,10.90,6.41,M3e
C00748,36094952,28.28,25.80,M3d
C00749,36087497,26.34,22.36,M3d
C00750,36051555,15.50,17.60,M2
C00751,36018326,5.50,24.73,M1
C00752,36000031,0.29,3.15,M1
C00753,36010298,3.26,27.24,M3e
C00754,36043327,13.01,9.14,M1
C00755,36004809,1.47,2.95,M2
C00756,36003221,1.11,5.04,M3e
C00757,36062783,18.73,9.12,M3e
C00758,36000008,0.24,5.09,M3d
C00759,36000015,0.00,20.61,M3h
C00760,36004727,1.30,3.58,M3e
C00761,36054449,16.38,20.98,M3s
C00762,36047532,14.28,9.78,M3s
C00763,36029807,8.85,4.76,M1
C00764,36053225,16.05,27.59,M3h
C00765,36071729,21.48,9.30,M3h
C00766,36022690,6.70,15.33,M3h
C00767,36049085,14.81,2.81,M2
C00768,36044929,13.47,26.60,M3s
C00769,36098298,29.65,22.93,M3h
C00770,36004655,1.49,26.64,M3s
C00771,36000950,0.24,13.26,M1
C00772,36031117,9.46,10.27,M3s
C00773,36074601,22.37,28.96,M3s
C00774,36045437,13.58,0.27,M2
C00775,36017294,5.39,18.33,M1
C00776,36063625,18.97,1.22,M3s
C00777,36023241,6.94,9.85,M3s
C00778,36085395,25.74,28.60,M3e
C00779,36005798,1.59,13.39,M2
C00780,36031911,9.48,17.80,M3h
C00781,36083709,24.95,20.49,M3e
C00782,36032354,9.69,12.20,M3e
C00783,36004991,1.27,0.74,M3s
C00784,36052329,15.84,22.97,M3h
C00785,36017791,5.15,3.55,M3e
C00786,36002383,0.63,12.47,M3s
C00787,36023640,7.16,12.21,M3e
C00788,36058322,17.67,0.18,M3e
C00789,36028533,8.43,9.38,M1
C00790,36094703,28.29,9.02,M3e
C00791,36083995,25.18,11.51,M2
C00792,36081915,24.54,26.16,M3e
C00793,36043625,13.12,19.60,M3e
C00794,36015510,4.55,8.82,M3h
C00795,36042502,12.73,4.78,M3s
C00796,36038689,11.57,10.66,M3s
C00797,36022850,6.82,22.83,M3s
C00798,36051225,15.60,29.22,M2
C00799,36005696,1.58,26.34,M3d
C00800,36013383,4.18,23.92,M3e
C00801,36058048,17.41,3.03,M3e
C00802,36093803,28.02,9.78,M2
C00803,36083825,25.16,5.74,M1
C00804,36010569,3.28,7.54,M3s
C00805,36075133,22.67,18.75,M3e
C00806,36042172,12.62,25.39,M3h
C00807,36046494,14.08,17.21,M1
C00808,36095826,28.71,18.38,M3h
C00809,36056644,17.04,12.13,M3h
C00810,36017159,5.30,5.74,M2
C00811,36061111,18.45,10.76,M3e
C00812,36038859,11.58,22.84,M3e
C00813,36062806,18.73,8.78,M1
C00814,36034043,10.47,5.23,M3d
C00815,36039740,11.71,8.83,M3e
C00816,36062426,18.78,17.76,M3s
C00817,36054300,16.41,10.55,M3s
C00818,36049969,14.81,4.80,M3e
C00819,36068903,20.54,4.55,M3e
C00820,36088320,26.58,5.41,M3d
C00821,36000794,0.15,8.33,M3e
C00822,36065261,19.52,17.07,M3e
C00823,36061686,18.39,9.41,M1
C00824,36020404,6.17,17.26,M3d
C00825,36083216,24.96,18.15,M3h
C00826,36005801,1.66,9.07,M3s
C00827,36032118,9.88,16.15,M3e
C00828,36002131,0.78,0.78,M3s
C00829,36022634,6.83,14.30,M3d
C00830,36008349,2.70,10.68,M3h
C00831,36076967,22.91,24.00,M3s
C00832,36053617,15.93,18.99,M3h
C00833,36006608,1.87,29.64,M2
C00834,36036262,10.99,27.80,M2
C00835,36092125,27.75,18.58,M3s
C00836,36052196,15.88,2.04,M1
C00837,36052597,15.66,21.64,M3e
C00838,36009163,3.00,27.15,M3d
C00839,36064946,19.44,12.89,M3e
C00840,36034501,10.43,22.21,M3d
C00841,36092564,27.70,7.29,M3e
C00842,36049655,14.81,1.21,M3e
C00843,36069879,20.96,9.22,M3e
C00844,36028201,8.60,22.72,M3h
C00845,36063864,18.94,7.82,M3s
C00846,36058648,17.45,26.57,M3d
C00847,36001167,0.47,2.51,M2
C00848,36003223,0.93,11.90,M3e
C00849,36071275,21.58,11.57,M3e
C00850,36074195,22.43,23.76,M3h
C00851,36085807,25.62,1.55,M3e
C00852,36023683,7.00,0.82,M3d
C00853,36050270,15.14,23.27,M3e
C00854,36081119,24.43,25.04,M2
C00855,36043167,13.17,2.45,M3d
C00856,36018773,5.69,14.20,M3h
C00857,36024510,7.45,15.99,M3e
C00858,36080412,24.11,6.82,M3e
C00859,36047518,14.27,2.38,M3h
C00860,36056600,16.82,10.10,M3s
C00861,36040185,12.21,10.18,M3e
C00862,36062076,18.73,12.01,M1
C00863,36078266,23.45,29.45,M3h
C00864,36016419,4.81,27.75,M2
C00865,36001027,0.57,2.55,M3d
C00866,36096298,28.81,19.07,M3h
C00867,36023462,7.01,4.16,M3s
C00868,36013300,4.08,25.71,M2
C00869,36048846,14.41,13.32,M3s
C00870,36013914,4.08,23.43,M3h
C00871,36041666,12.51,3.87,M1
C00872,36059556,17.85,26.51,M1
C00873,36026193,7.92,5.13,M3s
C00874,36086082,25.90,7.19,M3d
C00875,36077163,23.32,16.94,M1
C00876,36065276,19.53,6.70,M3e
C00877,36085580,25.54,22.44,M3e
C00878,36077114,23.21,19.92,M3h
C00879,36025489,7.64,9.59,M3d
C00880,36059985,17.88,15.45,M3s
C00881,36000149,0.16,22.76,M3d
C00882,36025162,7.65,9.46,M3e
C00883,36081397,24.59,15.27,M3s
C00884,36024549,7.46,12.60,M2
C00885,36078347,23.61,29.36,M3e
C00886,36058239,17.63,10.23,M3h
C00887,36071334,21.38,7.45,M1
C00888,36070507,21.06,15.78,M1
C00889,36059479,17.75,1.88,M3s
C00890,36027919,8.29,15.36,M2
C00891,36075783,22.56,18.88,M3e
C00892,36005433,1.72,19.93,M3e
C00893,36074335,22.46,20.92,M3s
C00894,36009094,2.92,11.78,M3e
C00895,36003358,1.05,25.36,M3h
C00896,36042062,12.64,22.10,M2
C00897,36064872,19.48,26.36,M3e
C00898,36053487,16.06,9.93,M3e
C00899,36035196,10.61,24.60,M3s
C00900,36001069,0.37,18.80,M3s
C00901,36086933,25.84,13.99,M3e
C00902,36022224,6.81,26.16,M3d
C00903,36090273,27.21,16.63,M3h
C00904,36082779,24.75,1.92,M3e
C00905,36064727,19.26,25.98,M3e
C00906,36017996,5.37,1.69,M1
C00907,36029967,8.82,11.45,M3e
C00908,36008772,2.49,18.88,M3e
C00909,36037936,11.19,3.36,M3e
C00910,36018823,5.62,7.58,M3h
C00911,36096616,28.98,19.82,M2
C00912,36018634,5.43,9.85,M3d
C00913,36043802,12.93,1.14,M1
C00914,36035630,10.64,26.48,M3d
C00915,36064214,19.40,5.52,M3e
C00916,36069018,20.74,27.16,M3h
C00917,36004605,1.35,5.57,M3e
C00918,36082003,24.61,28.55,M3s
C00919,36022590,6.76,11.72,M3h
C00920,36054596,16.34,3.91,M1
C00921,36000497,0.14,5.45,M2
C00922,36067333,20.30,7.80,M3h
C00923,36074640,22.43,17.65,M3h
C00924,36048137,14.55,12.40,M1
C00925,36094634,28.47,26.33,M3e
C00926,36010692,3.27,5.67,M1
C00927,36082433,24.73,28.10,M3s
C00928,36006742,1.93,28.39,M3s
C00929,36000559,0.19,7.43,M3h
C00930,36014943,4.36,19.45,M1
C00931,36017778,5.24,7.03,M2
C00932,36098462,29.43,23.80,M3h
C00933,36096948,28.95,24.93,M3s
C00934,36086486,26.01,23.67,M2
C00935,36078970,23.58,7.63,M3e
C00936,36031434,9.44,20.83,M2
C00937,36070196,21.27,12.99,M1
C00938,36076669,23.10,9.09,M1
C00939,36011786,3.59,16.67,M1
C00940,36002078,0.68,9.87,M3d
C00941,36030160,9.13,14.57,M3s
C00942,36068437,20.47,0.69,M3e
C00943,36047972,14.23,10.26,M2
C00944,36067990,20.32,8.07,M3e
C00945,36094529,28.40,0.96,M3e
C00946,36054434,16.37,18.52,M3e
C00947,36093507,27.98,6.47,M3e
C00948,36029690,8.92,25.85,M3d
C00949,36014657,4.29,14.68,M3e
C00950,36027265,8.20,7.16,M3e
C00951,36093010,27.98,21.37,M3h
C00952,36032719,9.76,14.18,M3d
C00953,36052269,15.66,11.61,M3d
C00954,36075282,22.58,7.27,M3e
C00955,36047049,14.40,8.92,M2
C00956,36087071,26.16,5.04,M3e
C00957,36053403,16.11,25.39,M2
C00958,36069299,20.81,19.02,M1
C00959,36025733,7.57,14.08,M3e
C00960,36096820,28.85,28.86,M3e
C00961,36046181,13.96,15.83,M3h
C00962,36096678,28.99,9.34,M3h
C00963,36039015,11.73,20.80,M1
C00964,36077170,23.24,16.22,M3d
C00965,36087451,26.28,27.59,M3e
C00966,36036913,10.92,26.00,M3s
C00967,36080001,24.03,25.02,M1
C00968,36009515,2.95,18.21,M3h
C00969,36027819,8.17,28.87,M1
C00970,36091692,27.39,14.43,M3h
C00971,36056459,16.91,22.67,M3h
C00972,36062627,18.82,12.21,M2
C00973,36060853,18.07,24.49,M3e
C00974,36056471,16.92,14.59,M3d
C00975,36061366,18.54,24.38,M3d
C00976,36077991,23.21,29.13,M3e
C00977,36080657,24.13,13.08,M3s
C00978,36054235,16.44,3.58,M3s
C00979,36012263,3.86,16.79,M3e
C00980,36076546,22.82,21.37,M3e
C00981,36043270,12.95,14.28,M3h
C00982,36056282,16.93,1.39,M3h
C00983,36010553,3.17,19.80,M3e
C00984,36006712,2.04,5.23,M3d
C00985,36025132,7.53,0.05,M3h
C00986,36023708,6.96,2.92,M3e
C00987,36009255,2.87,2.67,M1
C00988,36058957,17.59,18.65,M2
C00989,36050790,15.24,25.50,M3s
C00990,36011707,3.50,16.53,M3d
C00991,36001854,0.37,18.50,M2
C00992,36012302,3.86,7.93,M3h
C00993,36025018,7.61,2.57,M3e
C00994,36053781,16.01,5.40,M3e
C00995,36085086,25.54,7.39,M3s
C00996,36017064,5.26,26.29,M3h
C00997,36000898,0.28,3.22,M1
C00998,36040036,12.19,5.80,M3d
C00999,36072620,21.82,12.48,M3h
C01000,36042780,12.74,12.05,M3e
C01001,36021176,6.53,22.97,M3d
C01002,36043699,12.96,7.60,M3e
C01003,36009040,2.86,8.17,M3h
C01004,36098079,29.43,18.36,M3e
C01005,36080787,24.12,28.18,M3s
C01006,36025245,7.69,7.15,M3d
C01007,36026139,8.03,14.15,M3h
C01008,36002868,0.60,22.99,M2
C01009,36020606,6.09,3.10,M1
C01010,36051746,15.47,12.21,M2
C01011,36051791,15.35,8.34,M3e
C01012,36024940,7.31,13.21,M3e
C01013,36064854,19.36,21.47,M3e
C01014,36070540,21.04,11.37,M3s
C01015,36058225,17.44,23.17,M3e
C01016,36063803,18.95,18.07,M3e
C01017,36066085,20.04,13.27,M3h
C01018,36024677,7.24,2.19,M2
C01019,36057340,17.24,11.41,M2
C01020,36063008,18.99,15.16,M1
C01021,36070510,21.25,23.56,M3s
C01022,36015982,4.75,23.15,M1
C01023,36063955,19.12,13.25,M3e
C01024,36084469,25.39,16.48,M3s
C01025,36034677,10.40,29.98,M3d
C01026,36018386,5.50,10.46,M3e
C01027,36083940,25.18,26.15,M3s
C01028,36033875,10.03,2.38,M1
C01029,36006646,1.83,18.50,M3e
C01030,36078789,23.54,11.39,M3e
C01031,36053633,16.18,12.43,M1
C01032,36010767,3.25,13.48,M3e
C01033,36028421,8.48,23.16,M2
C01034,36035453,10.57,14.33,M3d
C01035,36089562,26.83,10.72,M3h
C01036,36060907,18.07,16.80,M3e
C01037,36026971,7.94,19.47,M3e
C01038,36041214,12.56,26.91,M3e
C01039,36048701,14.59,3.52,M2
C01040,36068748,20.62,29.10,M3e
C01041,36076233,23.05,10.76,M3h
C01042,36091183,27.39,24.46,M3e
C01043,36068788,20.45,2.24,M3e
C01044,36005519,1.52,23.54,M1
C01045,36030170,9.26,4.77,M3s
C01046,36065963,19.65,20.29,M2
C01047,36075557,22.66,12.71,M3e
C01048,36035187,10.74,6.92,M3d
C01049,36092086,27.67,13.59,M3h
C01050,36028260,8.45,21.54,M3e
C01051,36064903,19.21,21.52,M3e
C01052,36052187,15.87,8.56,M3d
C01053,36061969,18.56,16.35,M2
C01054,36027400,8.27,6.23,M3e
C01055,36069730,20.70,16.08,M3s
C01056,36027269,8.16,10.25,M1
C01057,36055497,16.75,22.12,M3s
C01058,36085422,25.60,10.21,M3e
C01059,36090061,27.13,13.52,M1
C01060,36000599,0.21,19.18,M2
C01061,36057330,17.24,1.65,M3h
C01062,36042411,12.62,15.60,M3e
C01063,36009008,2.90,26.00,M3e
C01064,36067538,20.23,15.06,M1
C01065,36018980,5.68,8.96,M3e
C01066,36090072,27.14,9.38,M2
C01067,36060743,18.25,14.80,M1
C01068,36024815,7.44,5.10,M2
C01069,36065244,19.59,4.49,M3e
C01070,36006823,2.06,11.69,M3h
C01071,36087148,26.20,8.97,M3e
C01072,36061787,18.44,10.78,M3e
C01073,36085610,25.73,11.10,M3e
C01074,36001241,0.45,15.45,M3e
C01075,36028529,8.42,26.83,M3s
C01076,36007237,2.17,11.40,M1
C01077,36003478,1.08,22.56,M1
C01078,36079250,23.76,15.69,M1
C01079,36076331,23.05,20.52,M1
C01080,36008181,2.70,13.91,M2
C01081,36069393,20.96,22.09,M3s
C01082,36061878,18.40,21.54,M3s
C01083,36099518,29.98,25.25,M3s
C01084,36064877,19.28,29.05,M3d
C01085,36021178,6.37,25.24,M3s
C01086,36034404,10.49,16.12,M1
C01087,36012506,3.87,8.53,M2
C01088,36051625,15.43,5.91,M3h
C01089,36010054,3.07,28.15,M3e
C01090,36003383,0.98,12.09,M3e
C01091,36093546,28.08,29.00,M3e
C01092,36029281,8.90,13.06,M3e
C01093,36043600,13.20,25.69,M3e
C01094,36041671,12.53,18.89,M1
C01095,36078489,23.47,0.82,M3s
C01096,36059656,17.94,25.82,M3e
C01097,36011987,3.55,5.87,M2
C01098,36091734,27.54,0.83,M3h
C01099,36040711,12.06,11.40,M3d
C01100,36043439,13.19,2.01,M3e
C01101,36035503,10.72,7.63,M3e
C01102,36042120,12.76,1.49,M3h
C01103,36040695,12.05,9.15,M3e
C01104,36097459,29.11,10.17,M3e
C01105,36039320,11.76,8.93,M3h
C01106,36022447,6.62,15.62,M3d
C01107,36088601,26.51,0.19,M3e
C01108,36033152,10.20,19.05,M2
C01109,36060610,18.04,25.88,M3e
C01110,36064600,19.46,14.92,M3s
C01111,36006555,1.90,1.21,M3e
C01112,36091827,27.39,21.24,M3d
C01113,36069147,20.89,11.75,M3e
C01114,36080241,24.00,15.82,M2
C01115,36021140,6.39,4.74,M3e
C01116,36067394,20.33,6.03,M3d
C01117,36095645,28.67,2.90,M3d
C01118,36052554,15.90,16.80,M3e
C01119,36054354,16.33,7.49,M3s
C01120,36097968,29.17,20.29,M3e
C01121,36054464,16.34,16.61,M3e
C01122,36084868,25.31,4.02,M3h
C01123,36013496,3.92,20.82,M2
C01124,36033358,10.03,22.68,M3s
C01125,36067121,20.38,9.07,M1
C01126,36049675,14.73,9.71,M2
C01127,36011953,3.46,10.57,M3s
C01128,36077013,23.17,27.08,M1
C01129,36005804,1.76,12.20,M3s
C01130,36021962,6.31,19.97,M1
C01131,36060989,18.08,23.14,M3h
C01132,36040397,12.04,17.92,M3e
C01133,36059814,17.82,20.74,M3s
C01134,36002532,0.73,19.57,M3e
C01135,36065950,19.78,24.05,M3s
C01136,36010843,3.23,9.21,M3e
C01137,36016413,5.08,24.16,M1
C01138,36076139,22.96,24.85,M3s
C01139,36052936,15.81,12.74,M3e
C01140,36026632,7.87,7.69,M3e
C01141,36040376,12.08,11.66,M2
C01142,36004781,1.34,5.54,M3e
C01143,36013234,4.09,8.03,M3e
C01144,36029643,8.92,11.34,M1
C01145,36027860,8.16,11.49,M3d
C01146,36052595,15.66,29.20,M3e
C01147,36051540,15.43,16.35,M3h
C01148,36084777,25.33,11.67,M3e
C01149,36093432,28.05,9.06,M3h
C01150,36070453,21.25,6.00,M3s
C01151,36050134,15.04,7.76,M3h
C01152,36091625,27.37,7.52,M3e
C01153,36034813,10.49,18.64,M3e
C01154,36096626,29.01,4.63,M3e
C01155,36087562,26.33,7.27,M3h
C01156,36038808,11.69,29.66,M3e
C01157,36059493,17.78,25.83,M3e
C01158,36015676,4.52,11.51,M3e
C01159,36027761,8.21,1.07,M1
C01160,36094159,28.45,5.00,M3s
C01161,36002724,0.71,0.08,M2
C01162,36062059,18.68,16.35,M3e
C01163,36056064,17.03,2.65,M1
C01164,36064546,19.39,0.66,M3e
C01165,36038244,11.40,13.75,M3h
C01166,36087077,26.26,9.17,M3d
C01167,36025246,7.58,15.23,M3s
C01168,36024292,7.30,7.46,M3s
C01169,36081921,24.55,25.44,M3s
C01170,36029023,8.72,10.61,M3d
C01171,36014769,4.25,3.40,M3h
C01172,36053317,15.95,1.62,M2
C01173,36009751,2.93,14.05,M2
C01174,36076118,23.08,1.55,M3s
C01175,36086593,25.97,14.64,M2
C01176,36038832,11.53,5.08,M3d
C01177,36011059,3.57,10.10,M3s
C01178,36042525,12.77,14.77,M1
C01179,36077485,23.25,19.75,M3e
C01180,36070855,21.27,22.44,M3h
C01181,36081146,24.58,5.32,M3s
C01182,36097966,29.14,8.37,M3d
C01183,36081097,24.44,26.06,M3h
C01184,36046455,13.97,13.91,M3e
C01185,36092420,27.64,21.87,M3e
C01186,36004160,1.50,10.86,M3s
C01187,36017229,5.38,18.52,M2
C01188,36016807,4.84,20.56,M2
C01189,36006430,2.08,27.27,M2
C01190,36036008,10.99,29.44,M3e
C01191,36031385,9.40,3.77,M3e
C01192,36050443,15.27,4.77,M3e
C01193,36031607,9.31,24.18,M3e
C01194,36077236,23.14,13.63,M2
C01195,36041876,12.33,23.47,M1
C01196,36007615,2.20,14.63,M3e
C01197,36003569,0.97,23.05,M3h
C01198,36011566,3.45,10.97,M3d
C01199,36030663,9.08,11.27,M2
C01200,36082450,24.84,18.73,M3e
C01201,36096390,29.08,17.86,M1
C01202,36055501,16.63,4.63,M3e
C01203,36001053,0.47,7.77,M3h
C01204,36004791,1.28,27.52,M3h
C01205,36012893,3.77,10.74,M3e
C01206,36014859,4.50,11.46,M3e
C01207,36094757,28.23,4.47,M3e
C01208,36076402,22.98,17.87,M3e
C01209,36032451,9.85,8.05,M2
C01210,36091056,27.34,7.48,M3h
C01211,36015019,4.64,27.76,M3s
C01212,36076605,23.03,29.70,M3e
C01213,36003083,1.14,21.12,M3h
C01214,36013679,4.03,9.96,M3e
C01215,36056727,16.91,13.97,M3h
C01216,36059244,17.85,14.80,M2
C01217,36003363,1.12,17.22,M2
C01218,36043411,13.11,29.12,M2
C01219,36085952,25.51,23.55,M3e
C01220,36098589,29.41,16.89,M3d
C01221,36021711,6.30,9.43,M1
C01222,36058002,17.47,5.50,M3s
C01223,36086396,26.08,4.55,M2
C01224,36078388,23.69,26.15,M3e
C01225,36083098,24.98,2.79,M3e
C01226,36033373,10.00,3.12,M3e
C01227,36020780,6.23,27.11,M3e
C01228,36044673,13.26,3.54,M3s
C01229,36017342,5.24,7.80,M3e
C01230,36039717,11.83,23.48,M3h
C01231,36089058,26.72,29.17,M3d
C01232,36037461,11.37,26.66,M3h
C01233,36078919,23.56,25.06,M3d
C01234,36016643,4.87,24.71,M3e
C01235,36088111,26.62,18.16,M3s
C01236,36047107,14.32,17.74,M1
C01237,36086238,26.01,8.74,M3e
C01238,36057507,17.17,24.12,M3e
C01239,36065667,19.60,25.35,M3h
C01240,36037831,11.33,14.72,M3e
C01241,36006723,1.91,25.76,M3d
C01242,36055066,16.69,19.46,M1
C01243,36068346,20.55,12.96,M3e
C01244,36028648,8.51,5.82,M3e
C01245,36078150,23.59,11.93,M1
C01246,36030058,9.06,11.92,M1
C01247,36052742,15.72,21.20,M3h
C01248,36052348,15.62,11.43,M3e
C01249,36030436,9.22,16.56,M1
C01250,36074436,22.48,22.58,M3e
C01251,36083168,25.04,27.99,M3d
C01252,36094779,28.48,23.79,M3e
C01253,36047999,14.25,14.37,M1
C01254,36054238,16.40,10.21,M3h
C01255,36044574,13.32,1.73,M3e
C01256,36038548,11.68,10.73,M3h
C01257,36084040,25.24,8.64,M3e
C01258,36029217,8.87,3.40,M3d
C01259,36041750,12.35,11.51,M1
C01260,36014447,4.45,6.87,M3e
C01261,36079338,23.91,11.09,M3e
C01262,36076019,22.98,3.61,M2
C01263,36025518,7.60,16.25,M3d
C01264,36023599,7.02,28.38,M1
C01265,36051223,15.43,17.94,M3s
C01266,36074950,22.25,26.71,M1
C01267,36060003,18.25,22.90,M3e
C01268,36085745,25.78,3.44,M3e
C01269,36014482,4.41,18.79,M1
C01270,36022107,6.66,8.16,M3e
C01271,36077662,23.21,4.25,M3h
C01272,36042447,12.81,28.24,M3e
C01273,36001968,0.46,4.15,M3e
C01274,36040184,12.01,5.53,M3e
C01275,36095903,28.78,22.02,M3h
C01276,36022106,6.77,26.87,M2
C01277,36082453,24.82,19.40,M2
C01278,36073960,21.93,0.38,M2
C01279,36052560,15.78,1.27,M3e
C01280,36062756,18.89,11.45,M3h
C01281,36086582,26.07,2.16,M3e
C01282,36023282,6.98,24.60,M3h
C01283,36098083,29.61,0.70,M3h
C01284,36057814,17.26,20.88,M3e
C01285,36043485,12.97,8.77,M3h
C01286,36070234,21.11,14.25,M3s
C01287,36084908,25.23,6.95,M3e
C01288,36026782,7.81,16.58,M1
C01289,36030528,9.03,18.69,M3e
C01290,36032128,9.89,0.32,M3e
C01291,36055365,16.51,19.41,M3s
C01292,36055975,16.56,17.19,M3e
C01293,36074385,22.37,10.79,M1
C01294,36071097,21.39,12.83,M1
C01295,36090141,27.10,0.13,M3d
C01296,36043434,12.95,28.92,M3h
C01297,36084373,25.42,27.30,M3e
C01298,36063741,18.99,11.92,M1
C01299,36099768,29.72,5.84,M3e
C01300,36082507,24.88,22.93,M3e
C01301,36047481,14.37,19.05,M3e
C01302,36090060,27.27,6.62,M1
C01303,36065219,19.72,26.18,M3s
C01304,36018075,5.43,27.53,M3e
C01305,36039790,11.92,1.20,M3h
C01306,36025763,7.77,14.03,M3e
C01307,36022426,6.86,23.63,M3e
C01308,36063897,19.10,22.30,M3e
C01309,36054888,16.42,2.56,M3s
C01310,36089100,26.88,5.68,M3d
C01311,36083473,25.04,28.25,M3s
C01312,36028587,8.60,4.57,M3e
C01313,36041548,12.40,21.15,M2
C01314,36000167,0.19,23.21,M3h
C01315,36076107,23.09,4.31,M3s
C01316,36081846,24.52,12.82,M1
C01317,36087973,26.21,2.32,M3e
C01318,36059278,17.89,5.92,M3d
C01319,36072191,21.78,9.59,M1
C01320,36089053,26.76,3.52,M3e
C01321,36030919,9.14,17.14,M3e
C01322,36061196,18.56,10.71,M3h
C01323,36019319,5.88,24.86,M3h
C01324,36064999,19.46,1.66,M3s
C01325,36087917,26.35,16.46,M3s
C01326,36094641,28.42,22.55,M3h
C01327,36083797,24.92,1.98,M3s
C01328,36061736,18.41,16.26,M3e
C01329,36001834,0.48,14.62,M3e
C01330,36042938,12.85,24.63,M1
C01331,36060760,18.12,12.41,M3e
C01332,36094370,28.50,5.30,M3e
C01333,36010136,3.13,15.92,M2
C01334,36021660,6.56,3.81,M3h
C01335,36090310,27.25,18.05,M2
C01336,36098596,29.41,19.75,M2
C01337,36066412,20.06,17.49,M3h
C01338,36021081,6.30,17.23,M2
C01339,36062930,18.61,1.81,M3e
C01340,36033930,10.12,25.33,M3s
C01341,36069093,20.81,0.81,M1
C01342,36073500,22.02,13.86,M3e
C01343,36081397,24.58,18.54,M2
C01344,36006811,2.08,22.29,M3d
C01345,36083268,24.99,6.16,M3e
C01346,36001468,0.47,23.35,M3e
C01347,36092438,27.72,15.64,M2
C01348,36018718,5.44,13.45,M3e
C01349,36002725,0.88,1.03,M3d
C01350,36093627,28.02,23.34,M3s
C01351,36092751,27.89,4.66,M2
C01352,36019674,5.81,10.54,M3e
C01353,36074896,22.35,27.80,M3e
C01354,36032560,9.68,0.90,M3e
C01355,36020526,6.06,23.82,M1
C01356,36033033,9.93,9.68,M3d
C01357,36043245,12.99,12.24,M3h
C01358,36098309,29.58,1.39,M3d
C01359,36056884,16.97,26.30,M3e
C01360,36041540,12.34,22.81,M3e
C01361,36066847,19.90,23.39,M1
C01362,36084291,25.42,27.30,M3s
C01363,36067065,20.29,0.62,M3d
C01364,36060189,18.16,3.21,M3e
C01365,36054278,16.29,19.94,M3h
C01366,36083532,24.95,7.07,M3e
C01367,36036317,11.01,10.67,M2
C01368,36084648,25.48,26.88,M3s
C01369,36033356,10.08,5.93,M1
C01370,36001536,0.54,27.43,M3h
C01371,36092639,27.80,10.23,M1
C01372,36003726,1.03,27.74,M3e
C01373,36021268,6.41,3.71,M3e
C01374,36069028,20.73,19.67,M3d
C01375,36069635,20.88,20.12,M2
C01376,36055117,16.64,6.69,M3e
C01377,36009636,2.94,21.76,M3e
C01378,36046350,13.86,15.59,M1
C01379,36041215,12.56,27.90,M3s
C01380,36048074,14.55,15.45,M3h
C01381,36069071,20.75,15.64,M3e
C01382,36056909,17.01,22.98,M3h
C01383,36085817,25.79,5.27,M2
C01384,36036022,11.05,15.76,M1
C01385,36015642,4.64,15.79,M3e
C01386,36006415,2.00,12.17,M3h
C01387,36059739,17.96,0.05,M3h
C01388,36023523,7.05,13.63,M1
C01389,36081062,24.42,27.32,M3e
C01390,36005264,1.59,21.13,M3e
C01391,36098951,29.60,1.60,M3e
C01392,36084160,25.30,1.07,M3e
C01393,36000838,0.11,6.11,M3e
C01394,36021742,6.56,15.89,M3d
C01395,36028441,8.52,26.39,M3e
C01396,36006102,1.94,20.56,M3d
C01397,36097759,29.10,6.85,M2
C01398,36080596,24.20,17.99,M3e
C01399,36085706,25.73,0.18,M3h
C01400,36055395,16.63,26.07,M3s
C01401,36048265,14.65,25.49,M3d
C01402,36000241,0.10,14.12,M3s
C01403,36012770,3.85,24.30,M3e
C01404,36066275,19.92,9.67,M3s
C01405,36060153,18.14,2.85,M3s
C01406,36093628,28.04,17.72,M2
C01407,36001922,0.46,23.81,M3e
C01408,36011207,3.35,1.43,M3e
C01409,36055178,16.54,17.29,M3d
C01410,36029345,8.74,9.35,M3e
C01411,36037144,11.17,15.76,M3e
C01412,36052880,15.77,2.00,M3e
C01413,36063513,19.13,22.80,M3d
C01414,36063879,19.19,28.33,M2
C01415,36053930,16.13,2.64,M3s
C01416,36090442,27.01,2.70,M3s
C01417,36012824,3.83,16.72,M3d
C01418,36063813,19.13,13.56,M3e
C01419,36015917,4.65,9.44,M3e
C01420,36024792,7.28,25.26,M3s
C01421,36036891,11.02,17.95,M3e
C01422,36005615,1.62,7.76,M3e
C01423,36077996,23.14,18.69,M3h
C01424,36003959,0.96,28.07,M1
C01425,36023478,7.00,28.87,M3e
C01426,36011909,3.54,23.95,M1
C01427,36069737,20.96,1.27,M3e
C01428,36008044,2.56,18.37,M1
C01429,36033746,10.11,26.24,M2
C01430,36074379,22.33,16.44,M3d
C01431,36076545,22.90,18.44,M3e
C01432,36056932,16.88,19.77,M3s
C01433,36022241,6.73,11.53,M3e
C01434,36026450,7.98,4.81,M3e
C01435,36013116,4.17,10.41,M1
C01436,36030595,9.11,15.72,M3s
C01437,36060840,18.28,10.42,M2
C01438,36095274,28.64,27.84,M3s
C01439,36023583,7.16,7.05,M3e
C01440,36010716,3.05,0.30,M3e
C01441,36081428,24.52,25.32,M1
C01442,36016166,4.91,11.89,M3h
C01443,36053301,15.97,9.33,M1
C01444,36009046,2.96,7.61,M3h
C01445,36099989,29.85,12.77,M3h
C01446,36013461,4.09,15.49,M3s
C01447,36097030,29.38,22.87,M3e
C01448,36043097,12.92,11.58,M3e
C01449,36026238,8.06,6.98,M3e
C01450,36081257,24.47,7.56,M3s
C01451,36035869,10.62,25.93,M3h
C01452,36053734,15.98,14.53,M3h
C01453,36097181,29.19,11.77,M3s
C01454,36026967,7.86,29.30,M3d
C01455,36002440,0.76,24.44,M2
C01456,36097492,29.30,21.56,M2
C01457,36008399,2.62,10.89,M3s
C01458,36099333,29.85,26.05,M2
C01459,36039781,11.71,2.92,M3s
C01460,36005958,1.58,1.09,M3e
C01461,36064832,19.32,1.08,M3e
C01462,36064440,19.49,1.83,M3d
C01463,36007168,2.32,19.84,M3e
C01464,36082742,24.76,5.08,M3e
C01465,36065877,19.77,25.26,M3d
C01466,36069011,20.76,19.29,M2
C01467,36087751,26.13,0.90,M3e
C01468,36086969,26.07,17.52,M3e
C01469,36023574,6.93,4.49,M2
C01470,36049372,14.92,8.52,M3e
C01471,36024078,7.41,17.42,M3d
C01472,36081788,24.45,21.84,M3e
C01473,36091254,27.53,21.59,M3h
C01474,36034088,10.23,10.01,M3h
C01475,36076325,22.82,13.15,M1
C01476,36088021,26.51,22.26,M3e
C01477,36058365,17.55,7.86,M3s
C01478,36068655,20.45,15.65,M3e
C01479,36048903,14.62,25.33,M3d
C01480,36016711,4.91,15.13,M3e
C01481,36035780,10.60,17.45,M3e
C01482,36088363,26.67,20.47,M3s
C01483,36056808,16.85,27.34,M3e
C01484,36016768,4.95,5.19,M1
C01485,36005306,1.58,11.62,M3d
C01486,36092538,27.62,24.84,M2
C01487,36013833,3.97,27.47,M3s
C01488,36094181,28.38,3.89,M3e
C01489,36079495,23.97,3.58,M3d
C01490,36045055,13.60,0.27,M3e
C01491,36024707,7.39,14.71,M3e
C01492,36005488,1.75,3.44,M3e
C01493,36060166,18.29,20.95,M1
C01494,36032164,9.67,27.07,M3e
C01495,36094524,28.45,15.66,M3e
C01496,36033558,10.01,5.24,M3e
C01497,36011579,3.56,24.63,M3d
C01498,36071755,21.43,2.49,M2
C01499,36068110,20.59,0.58,M3e
C01500,36041797,12.47,2.32,M3e
C01501,36051541,15.33,5.32,M3h
C01502,36052229,15.76,16.28,M1
C01503,36017635,5.37,26.06,M3s
C01504,36021013,6.39,3.76,M1
C01505,36016698,4.86,9.57,M3d
C01506,36023768,6.93,27.78,M3e
C01507,36017543,5.31,20.52,M1
C01508,36005271,1.56,28.65,M2
C01509,36096088,28.91,29.27,M2
C01510,36019018,5.96,3.93,M3h
C01511,36070015,21.21,22.84,M3e
C01512,36066404,20.01,2.47,M2
C01513,36072538,21.86,15.49,M3e
C01514,36061541,18.42,27.64,M2
C01515,36081633,24.59,0.18,M1
C01516,36036713,10.94,18.29,M3e
C01517,36054978,16.33,5.79,M3d
C01518,36074884,22.28,0.87,M1
C01519,36098008,29.43,24.33,M3e
C01520,36075623,22.73,12.74,M3s
C01521,36039643,11.77,21.14,M2
C01522,36027452,8.13,6.62,M3h
C01523,36081223,24.44,10.47,M3e
C01524,36068454,20.67,12.36,M3e
C01525,36061395,18.47,19.71,M3s
C01526,36038902,11.61,8.54,M3e
C01527,36037754,11.26,22.64,M3h
C01528,36048089,14.56,4.37,M3e
C01529,36060182,18.23,11.53,M3e
C01530,36011490,3.46,19.85,M3s
C01531,36067030,20.27,2.23,M3s
C01532,36028820,8.50,27.35,M3e
C01533,36020993,6.11,16.59,M3e
C01534,36055175,16.54,26.50,M3e
C01535,36047076,14.21,9.47,M1
C01536,36016049,4.86,21.63,M1
C01537,36041984,12.51,13.28,M3h
C01538,36071136,21.50,0.33,M3e
C01539,36061972,18.38,13.81,M2
C01540,36062705,18.62,4.24,M3e
C01541,36017639,5.25,5.41,M3d
C01542,36076783,23.05,29.76,M3d
C01543,36002878,0.77,21.49,M3d
C01544,36092126,27.62,14.54,M3e
C01545,36077271,23.21,0.23,M1
C01546,36061645,18.32,1.71,M3e
C01547,36024887,7.31,16.68,M1
C01548,36045844,13.52,17.80,M3e
C01549,36086163,26.04,11.09,M3d
C01550,36069120,20.85,15.75,M3e
C01551,36089950,26.78,14.13,M1
C01552,36050457,15.27,17.53,M3d
C01553,36068761,20.64,4.04,M1
C01554,36073594,21.92,2.07,M3d
C01555,36057821,17.33,14.26,M2
C01556,36027823,8.39,12.48,M2
C01557,36024203,7.20,15.75,M3e
C01558,36092479,27.69,8.81,M3e
C01559,36026089,7.99,25.47,M3e
C01560,36076141,23.09,7.53,M3e
C01561,36000261,0.26,16.85,M3h
C01562,36058374,17.56,14.88,M3e
C01563,36039129,11.90,24.09,M3s
C01564,36090928,27.03,7.05,M3d
C01565,36019901,5.76,16.86,M3e
C01566,36014058,4.42,2.67,M3e
C01567,36016727,4.85,9.56,M3h
C01568,36004557,1.35,27.02,M3e
C01569,36024941,7.23,2.85,M3e
C01570,36082788,24.87,23.85,M1
C01571,36003823,1.01,13.67,M3e
C01572,36082348,24.83,27.27,M3e
C01573,36038664,11.45,12.60,M3e
C01574,36080971,24.05,10.48,M2
C01575,36043664,13.20,3.04,M3e
C01576,36027751,8.25,28.02,M1
C01577,36045577,13.76,15.78,M3e
C01578,36042178,12.84,18.80,M3e
C01579,36038046,11.46,26.25,M2
C01580,36078125,23.47,20.48,M3e
C01581,36008507,2.56,10.56,M3e
C01582,36061756,18.36,25.11,M3s
C01583,36007640,2.33,3.63,M3d
C01584,36050812,15.00,7.10,M3e
C01585,36043012,13.06,26.10,M3e
C01586,36022707,6.83,8.61,M3e
C01587,36038454,11.49,29.01,M3e
C01588,36075882,22.75,17.86,M3d
C01589,36034939,10.49,2.64,M3s
C01590,36007745,2.21,3.28,M3e
C01591,36019953,5.98,29.68,M1
C01592,36088423,26.42,18.79,M3e
C01593,36055343,16.72,19.07,M3e
C01594,36055280,16.64,4.69,M3e
C01595,36053562,16.13,22.39,M3s
C01596,36037885,11.39,2.30,M3d
C01597,36002163,0.64,14.90,M2
C01598,36073579,22.11,6.74,M1
C01599,36070413,21.05,17.68,M2
C01600,36071808,21.51,5.84,M3s
C01601,36096533,28.98,0.43,M3h
C01602,36085455,25.59,6.24,M3h
C01603,36082273,24.71,6.33,M1
C01604,36026193,7.99,18.28,M3e
C01605,36097574,29.29,6.07,M3h
C01606,36018325,5.41,16.12,M3h
C01607,36076150,23.07,27.28,M3s
C01608,36082635,24.67,22.32,M1
C01609,36078822,23.65,2.15,M3e
C01610,36098684,29.50,24.21,M3e
C01611,36074772,22.46,2.62,M3e
C01612,36034122,10.43,22.34,M3e
C01613,36048031,14.55,7.51,M3e
C01614,36071391,21.51,29.16,M3h
C01615,36038941,11.61,1.99,M3e
C01616,36066918,20.03,9.70,M3s
C01617,36068467,20.59,3.55,M1
C01618,36067705,20.23,3.36,M3e
C01619,36097633,29.11,5.72,M1
C01620,36033387,10.08,6.34,M3d
C01621,36020274,6.28,21.96,M3d
C01622,36063689,19.12,27.78,M3h
C01623,36032433,9.75,20.79,M3h
C01624,36089435,26.86,12.59,M3s
C01625,36026290,8.09,28.79,M3e
C01626,36068621,20.52,19.14,M1
C01627,36072136,21.80,8.26,M3e
C01628,36072997,21.80,16.54,M3h
C01629,36086489,26.07,29.00,M3s
C01630,36001395,0.32,11.81,M3h
C01631,36011689,3.59,14.56,M2
C01632,36088892,26.61,13.91,M3e
C01633,36022280,6.80,21.90,M3s
C01634,36013991,3.97,18.17,M3e
C01635,36082061,24.90,5.89,M3s
C01636,36039373,11.94,24.80,M3s
C01637,36017647,5.37,5.83,M3e
C01638,36095590,28.76,23.34,M3e
C01639,36026457,8.08,13.58,M1
C01640,36013181,4.12,13.48,M3e
C01641,36031136,9.33,23.57,M3e
C01642,36070522,21.20,11.24,M2
C01643,36013604,4.16,13.89,M3e
C01644,36000461,0.10,4.18,M3e
C01645,36024041,7.33,26.58,M3s
C01646,36065421,19.58,19.67,M3s
C01647,36005550,1.57,19.57,M3d
C01648,36084892,25.22,21.20,M3h
C01649,36031234,9.34,22.48,M3e
C01650,36093062,28.02,12.75,M2
C01651,36087603,26.21,12.25,M3e
C01652,36015468,4.73,29.89,M3s
C01653,36097171,29.33,6.50,M3e
C01654,36099151,30.00,13.79,M3e
C01655,36094715,28.25,29.40,M2
C01656,36088829,26.70,21.86,M3d
C01657,36005247,1.75,11.02,M1
C01658,36099754,29.95,29.79,M2
C01659,36009626,2.88,12.25,M3e
C01660,36009271,2.91,23.04,M3e
C01661,36052513,15.78,9.79,M3h
C01662,36082041,24.78,26.93,M3s
C01663,36052680,15.70,20.79,M3h
C01664,36055491,16.79,20.48,M3e
C01665,36065973,19.79,3.83,M3s
C01666,36025467,7.58,23.18,M3e
C01667,36053932,16.01,3.96,M3e
C01668,36003784,1.00,3.05,M3e
C01669,36068676,20.41,1.34,M3s
C01670,36066862,19.96,28.48,M3s
C01671,36029601,8.79,0.44,M1
C01672,36060451,18.19,25.85,M3d
C01673,36096209,29.05,16.67,M3d
C01674,36067738,20.24,16.38,M1
C01675,36034535,10.49,7.57,M3d
C01676,36076403,23.07,27.43,M3e
C01677,36009516,2.75,20.47,M3s
C01678,36089521,26.77,21.65,M3e
C01679,36048619,14.48,18.90,M3s
C01680,36088881,26.53,15.60,M3d
C01681,36064485,19.24,22.49,M3d
C01682,36057641,17.19,6.21,M3s
C01683,36043815,12.92,22.07,M3s
C01684,36013126,4.04,5.81,M1
C01685,36054418,16.47,2.36,M3h
C01686,36073069,22.03,17.69,M3e
C01687,36027534,8.13,1.75,M3s
C01688,36025217,7.64,24.26,M3s
C01689,36011847,3.48,13.65,M3e
C01690,36066086,19.89,12.90,M3d
C01691,36009011,2.91,11.32,M3e
C01692,36088920,26.63,25.67,M3e
C01693,36033621,9.95,5.54,M3e
C01694,36098787,29.55,19.62,M3e
C01695,36079527,23.76,9.79,M3e
C01696,36023619,6.98,24.36,M2
C01697,36003216,1.08,15.81,M3d
C01698,36087414,26.28,24.21,M3h
C01699,36045715,13.67,17.09,M1
C01700,36009191,2.93,1.05,M3e
C01701,36018354,5.57,28.71,M3e
C01702,36074798,22.42,20.62,M3h
C01703,36021143,6.49,25.94,M3s
C01704,36015549,4.67,2.61,M1
C01705,36099654,29.88,11.29,M3e
C01706,36030623,9.10,17.93,M3d
C01707,36096961,29.06,8.99,M1
C01708,36093464,28.06,21.32,M1
C01709,36047509,14.36,25.07,M3s
C01710,36057345,17.38,8.21,M1
C01711,36083832,24.93,0.57,M3e
C01712,36054020,16.30,17.05,M3s
C01713,36025443,7.71,5.85,M3d
C01714,36006492,1.90,19.15,M1
C01715,36091428,27.39,29.03,M2
C01716,36056928,16.83,26.54,M3e
C01717,36088748,26.56,18.16,M1
C01718,36051748,15.48,2.33,M1
C01719,36000676,0.20,29.96,M1
C01720,36092263,27.62,19.86,M1
C01721,36068260,20.63,20.39,M3e
C01722,36065605,19.76,17.86,M3h
C01723,36054361,16.43,16.93,M2
C01724,36045372,13.52,18.06,M1
C01725,36082222,24.88,21.40,M2
C01726,36055897,16.58,10.53,M3e
C01727,36019603,5.94,1.20,M3s
C01728,36047041,14.32,9.55,M3h
C01729,36033703,10.08,29.07,M3s
C01730,36030132,9.02,6.05,M1
C01731,36040150,12.18,17.33,M1
C01732,36054493,16.28,16.50,M3e
C01733,36058135,17.61,25.91,M2
C01734,36024937,7.26,18.82,M3d
C01735,36028021,8.46,20.05,M1
C01736,36067161,20.30,5.03,M3e
C01737,36048008,14.50,3.48,M3e
C01738,36077909,23.37,6.01,M3e
C01739,36007406,2.27,6.24,M3e
C01740,36029346,8.72,17.25,M1
C01741,36008339,2.40,24.74,M3d
C01742,36041178,12.54,22.26,M3e
C01743,36067388,20.20,7.50,M3h
C01744,36066372,20.06,6.33,M3d
C01745,36090648,27.10,0.18,M3e
C01746,36061227,18.38,17.99,M3s
C01747,36027638,8.23,2.70,M3s
C01748,36091897,27.45,24.99,M3s
C01749,36093452,27.94,15.98,M1
C01750,36094433,28.23,8.22,M3e
C01751,36060781,18.01,10.41,M3e
C01752,36069706,20.72,8.70,M3e
C01753,36035733,10.76,9.08,M3h
C01754,36059177,17.89,5.00,M3h
C01755,36080667,24.26,15.40,M3s
C01756,36084236,25.21,15.39,M3s
C01757,36005738,1.78,1.31,M1
C01758,36042688,12.85,8.09,M3e
C01759,36095159,28.66,7.41,M1
C01760,36017352,5.14,27.39,M3h
C01761,36090566,27.14,29.78,M2
C01762,36015824,4.72,16.40,M3h
C01763,36062907,18.61,2.33,M3e
C01764,36045661,13.62,13.79,M3e
C01765,36015458,4.77,24.85,M3s
C01766,36077650,23.35,21.81,M1
C01767,36088992,26.68,26.47,M3d
C01768,36039487,11.83,16.40,M3e
C01769,36040493,12.04,29.69,M3e
C01770,36001053,0.35,11.67,M3s
C01771,36067626,20.17,17.12,M3h
C01772,36021649,6.57,9.85,M3h
C01773,36002652,0.83,28.60,M1
C01774,36086364,25.95,16.67,M3e
C01775,36064494,19.49,10.64,M3e
C01776,36064332,19.45,1.44,M3e
C01777,36078553,23.50,22.53,M1
C01778,36097156,29.37,13.88,M3e
C01779,36007970,2.23,10.34,M3e
C01780,36052432,15.74,25.50,M3h
C01781,36003806,1.12,27.16,M1
C01782,36046219,13.93,3.37,M3s
C01783,36063960,19.15,13.08,M3s
C01784,36047858,14.17,9.89,M3h
C01785,36005139,1.63,23.84,M3s
C01786,36092434,27.64,10.06,M3s
C01787,36039180,11.90,3.66,M3s
C01788,36016639,4.82,27.48,M3h
C01789,36044343,13.24,5.49,M3e
C01790,36072775,21.73,6.50,M3s
C01791,36012899,3.77,23.29,M3e
C01792,36024535,7.30,9.63,M3e
C01793,36030867,9.28,16.14,M3s
C01794,36068244,20.66,11.99,M3e
C01795,36002972,0.66,8.94,M3e
C01796,36042551,12.68,2.08,M2
C01797,36030570,9.13,13.73,M2
C01798,36092187,27.78,5.83,M3s
C01799,36093838,27.93,16.01,M2
C01800,36038791,11.68,26.80,M3e
C01801,36033447,10.03,5.88,M3h
C01802,36046461,14.02,3.25,M1
C01803,36098106,29.54,7.62,M1
C01804,36016338,4.83,27.88,M3s
C01805,36001688,0.46,17.58,M3e
C01806,36039241,11.84,11.95,M3h
C01807,36080080,24.14,25.33,M3e
C01808,36048324,14.46,8.87,M3s
C01809,36068101,20.45,6.55,M2
C01810,36061831,18.32,23.35,M2
C01811,36056355,16.96,9.83,M2
C01812,36022633,6.70,25.68,M3h
C01813,36010474,3.21,22.74,M3h
C01814,36090903,27.08,4.09,M3d
C01815,36052837,15.88,0.70,M3h
C01816,36063918,18.96,15.59,M1
C01817,36025730,7.65,13.00,M3h
C01818,36022439,6.74,10.06,M3h
C01819,36025776,7.62,22.10,M1
C01820,36004160,1.22,15.79,M3e
C01821,36094904,28.35,28.03,M3e
C01822,36053122,15.98,25.15,M3d
C01823,36017324,5.11,24.51,M3e
C01824,36083902,25.17,1.89,M3s
C01825,36080983,24.23,23.55,M3d
C01826,36067257,20.23,15.96,M3d
C01827,36007309,2.24,26.33,M3e
C01828,36028989,8.64,17.98,M1
C01829,36096354,28.94,10.31,M3s
C01830,36093000,28.16,7.31,M2
C01831,36037403,11.25,25.45,M3d
C01832,36008886,2.44,29.69,M3e
C01833,36092638,27.81,8.41,M1
C01834,36078748,23.52,7.75,M3e
C01835,36052794,15.89,16.85,M3h
C01836,36055703,16.67,8.62,M1
C01837,36094756,28.46,7.21,M1
C01838,36093731,28.14,4.71,M3e
C01839,36028209,8.70,14.03,M3h
C01840,36004032,1.50,18.57,M3h
C01841,36045903,13.70,11.77,M3s
C01842,36065415,19.55,16.69,M3e
C01843,36071858,21.47,24.39,M1
C01844,36092336,27.85,6.16,M3d
C01845,36003137,1.08,7.23,M1
C01846,36020652,6.13,12.84,M3e
C01847,36024012,7.28,14.43,M1
C01848,36067149,20.32,12.75,M3h
C01849,36033184,10.18,16.03,M3s
C01850,36063704,19.08,29.81,M2
C01851,36076836,22.86,12.96,M3d
C01852,36088532,26.51,3.14,M1
C01853,36038828,11.64,1.60,M2
C01854,36087882,26.16,25.79,M3h
C01855,36098873,29.53,17.17,M2
C01856,36000099,0.20,27.17,M2
C01857,36072098,21.70,16.18,M3h
C01858,36092337,27.65,16.29,M3e
C01859,36082929,24.87,2.27,M3e
C01860,36091811,27.39,5.65,M3e
C01861,36040302,12.12,12.47,M3h
C01862,36099044,29.86,16.82,M2
C01863,36017454,5.23,1.33,M3e
C01864,36093106,27.96,3.76,M3e
C01865,36033254,9.95,3.71,M3d
C01866,36031595,9.50,6.69,M3h
C01867,36012580,3.86,24.13,M3e
C01868,36034981,10.35,12.58,M3h
C01869,36014246,4.48,10.95,M3h
C01870,36035821,10.59,17.38,M3d
C01871,36087940,26.27,20.64,M3s
C01872,36062771,18.83,26.42,M3h
C01873,36092398,27.67,8.44,M2
C01874,36060490,18.13,25.53,M3e
C01875,36096459,28.81,28.93,M1
C01876,36042304,12.75,27.62,M3s
C01877,36041966,12.32,16.94,M3d
C01878,36020598,6.05,23.11,M3e
C01879,36080068,24.19,13.40,M3s
C01880,36061120,18.38,1.92,M2
C01881,36043923,13.02,11.19,M3s
C01882,36033951,10.12,16.22,M3d
C01883,36023826,6.98,22.24,M3s
C01884,36029012,8.77,27.55,M1
C01885,36000872,0.14,4.15,M1
C01886,36083896,25.07,7.79,M2
C01887,36089305,26.83,19.23,M1
C01888,36062335,18.81,3.32,M3d
C01889,36040263,12.04,1.40,M3d
C01890,36004744,1.24,12.27,M3s
C01891,36035137,10.73,16.66,M3e
C01892,36033859,10.17,21.76,M1
C01893,36083656,25.18,0.22,M3s
C01894,36027631,8.29,17.41,M3h
C01895,36009648,2.87,15.06,M1
C01896,36067767,20.13,17.04,M2
C01897,36077102,23.40,1.60,M3e
C01898,36076903,22.96,22.32,M2
C01899,36072255,21.81,28.51,M3d
C01900,36020651,6.15,10.38,M1
C01901,36028054,8.40,1.20,M1
C01902,36081801,24.59,1.55,M3s
C01903,36099971,29.78,0.97,M3h
C01904,36057415,17.38,0.38,M3h
C01905,36020214,6.09,22.19,M2
C01906,36097398,29.28,6.54,M2
C01907,36073785,22.04,10.76,M3d
C01908,36075824,22.62,12.91,M3d
C01909,36011660,3.38,21.01,M3e
C01910,36034208,10.44,21.22,M3s
C01911,36024831,7.30,9.64,M3e
C01912,36042363,12.71,7.94,M3e
C01913,36074851,22.42,11.30,M3e
C01914,36032328,9.69,26.05,M3h
C01915,36054050,16.37,18.93,M3s
C01916,36045684,13.53,20.36,M3d
C01917,36084332,25.44,9.08,M2
C01918,36079733,23.78,20.17,M3h
C01919,36083623,25.09,14.09,M1
C01920,36049004,14.99,6.66,M3e
C01921,36033285,9.97,26.46,M3e
C01922,36009200,2.73,14.96,M3h
C01923,36042790,12.65,18.97,M3d
C01924,36058241,17.63,16.18,M3s
C01925,36075084,22.73,22.42,M3d
C01926,36075387,22.51,18.61,M3s
C01927,36008255,2.55,9.29,M1
C01928,36081167,24.47,24.70,M2
C01929,36047382,14.38,18.82,M3h
C01930,36067427,20.20,11.35,M3d
C01931,36093496,28.19,15.38,M3e
C01932,36050751,15.21,17.27,M3s
C01933,36019839,5.70,10.43,M2
C01934,36071655,21.56,15.84,M3d
C01935,36048023,14.55,5.99,M3h
C01936,36034069,10.26,14.54,M1
C01937,36027688,8.18,8.59,M1
C01938,36084664,25.38,11.86,M2
C01939,36070841,21.14,27.26,M3h
C01940,36042594,12.85,9.81,M3e
C01941,36045915,13.72,21.34,M3d
C01942,36082762,24.71,22.01,M2
C01943,36010236,3.07,18.86,M3e
C01944,36037896,11.31,25.03,M3e
C01945,36007224,2.21,24.43,M3s
C01946,36046636,13.99,2.61,M3e
C01947,36021002,6.38,24.38,M3e
C01948,36037266,11.38,11.04,M3d
C01949,36031228,9.41,19.36,M3e
C01950,36059725,17.84,25.01,M3s
C01951,36033478,10.07,6.54,M3h
C01952,36017424,5.38,25.87,M3h
C01953,36074746,22.39,13.73,M3e
C01954,36046470,13.97,4.14,M3h
C01955,36045922,13.53,20.33,M3e
C01956,36014861,4.34,17.16,M3s
C01957,36018278,5.57,6.08,M3h
C01958,36026805,7.83,26.47,M3e
C01959,36038669,11.69,22.52,M2
C01960,36089181,26.80,13.05,M3h
C01961,36092748,27.85,2.30,M3d
C01962,36020225,6.16,5.10,M3s
C01963,36069263,20.77,18.48,M3h
C01964,36009072,2.84,18.12,M3s
C01965,36067609,20.37,7.63,M3e
C01966,36008540,2.59,21.14,M3e
C01967,36068748,20.46,20.27,M3e
C01968,36001302,0.47,23.32,M2
C01969,36082840,24.78,10.46,M3s
C01970,36083967,25.14,15.41,M3s
C01971,36029918,8.71,0.05,M3h
C01972,36034123,10.39,25.21,M3e
C01973,36093671,28.13,20.30,M3e
C01974,36069241,20.86,12.73,M3h
C01975,36076442,22.84,16.01,M3s
C01976,36017394,5.15,5.47,M3e
C01977,36099157,29.77,29.69,M3e
C01978,36070432,21.21,22.67,M3e
C01979,36004663,1.22,3.06,M3d
C01980,36057948,17.21,20.22,M3e
C01981,36067004,20.26,29.14,M3e
C01982,36036083,10.94,8.42,M3e
C01983,36082260,24.62,15.41,M3e
C01984,36017067,5.32,1.26,M2
C01985,36056524,16.98,27.63,M3s
C01986,36008572,2.54,12.98,M3d
C01987,36039951,11.74,7.15,M3e
C01988,36089887,26.89,12.88,M1
C01989,36088704,26.49,21.26,M3d
C01990,36096924,28.96,9.00,M3d
C01991,36027747,8.14,10.41,M3h
C01992,36082784,24.81,8.17,M2
C01993,36017652,5.16,22.76,M3s
C01994,36010244,3.16,28.23,M2
C01995,36093388,28.16,8.97,M3s
C01996,36032284,9.67,25.97,M1
C01997,36072486,21.87,2.29,M3d
C01998,36021639,6.56,7.99,M3e
C01999,36011699,3.56,0.42,M3h
C02000,36080881,24.10,21.96,M1
C02001,36029847,8.73,7.20,M1
C02002,36003806,1.15,26.52,M1
C02003,36038727,11.53,21.17,M3h
C02004,36006238,1.87,28.66,M3e
C02005,36055697,16.53,7.30,M3s
C02006,36011558,3.60,5.71,M3s
C02007,36012352,3.68,4.29,M3e
C02008,36089272,26.85,1.50,M3h
C02009,36072700,21.69,1.82,M3d
C02010,36017860,5.32,6.81,M3e
C02011,36076978,23.09,8.93,M3d
C02012,36061835,18.43,15.37,M2
C02013,36017559,5.21,5.14,M3d
C02014,36078623,23.52,27.52,M3s
C02015,36079074,23.71,7.14,M3e
C02016,36097743,29.32,17.31,M3e
C02017,36017849,5.34,16.35,M3e
C02018,36087352,26.17,22.63,M3h
C02019,36093185,28.12,28.33,M3d
C02020,36084098,25.26,2.94,M3d
C02021,36068349,20.69,8.71,M3h
C02022,36004030,1.25,3.21,M3s
C02023,36096652,28.81,6.29,M3e
C02024,36090243,27.09,27.42,M2
C02025,36004941,1.49,25.33,M2
C02026,36009817,2.93,15.38,M3s
C02027,36015392,4.79,18.80,M3e
C02028,36078197,23.62,24.61,M3s
C02029,36001472,0.46,12.02,M1
C02030,36070959,21.16,24.12,M3e
C02031,36022871,6.68,25.17,M2
C02032,36029940,8.98,11.12,M1
C02033,36033238,10.15,18.17,M3d
C02034,36028404,8.43,17.71,M3d
C02035,36073746,21.93,0.44,M3s
C02036,36050105,15.01,0.65,M3e
C02037,36046861,13.96,9.52,M3h
C02038,36005851,1.57,11.39,M3h
C02039,36077344,23.30,12.87,M3s
C02040,36082443,24.74,13.74,M3e
C02041,36099876,29.82,23.60,M3s
C02042,36016512,4.93,7.42,M2
C02043,36065420,19.60,0.63,M3h
C02044,36097706,29.21,9.75,M3s
C02045,36019928,5.88,13.60,M3e
C02046,36064615,19.29,29.92,M2
C02047,36052647,15.66,19.05,M2
C02048,36015769,4.52,6.75,M3s
C02049,36015719,4.50,14.52,M3e
C02050,36045821,13.65,28.90,M3h
C02051,36000744,0.01,24.42,M3e
C02052,36097990,29.26,12.94,M3d
C02053,36050795,15.23,5.25,M3e
C02054,36000151,0.21,2.33,M3s
C02055,36070419,21.12,28.29,M3s
C02056,36017671,5.33,24.88,M3d
C02057,36025633,7.63,25.92,M3h
C02058,36003814,1.03,23.43,M1
C02059,36031470,9.35,17.99,M1
C02060,36050586,15.21,24.52,M3s
C02061,36001037,0.50,29.09,M3s
C02062,36028627,8.67,20.77,M2
C02063,36047320,14.20,9.08,M1
C02064,36020333,6.01,14.85,M3d
C02065,36021402,6.36,25.24,M3e
C02066,36074240,22.24,9.06,M3e
C02067,36090883,27.12,7.84,M1
C02068,36043643,12.96,16.50,M3h
C02069,36020480,6.25,12.22,M1
C02070,36070733,21.20,29.91,M3e
C02071,36099682,29.95,3.32,M1
C02072,36058392,17.53,26.28,M3e
C02073,36084379,25.29,2.51,M2
C02074,36033209,9.91,24.29,M1
C02075,36088651,26.43,10.67,M3e
C02076,36050750,15.26,12.82,M3e
C02077,36051634,15.55,3.77,M3d
C02078,36082579,24.70,11.75,M3e
C02079,36021711,6.48,13.13,M3e
C02080,36084884,25.34,17.43,M3s
C02081,36000782,0.15,18.17,M3h
C02082,36078353,23.49,22.85,M3d
C02083,36063585,18.96,27.91,M3e
C02084,36049384,14.88,27.81,M3h
C02085,36045876,13.74,12.65,M3s
C02086,36016342,5.01,8.46,M3e
C02087,36074614,22.42,5.71,M3h
C02088,36095846,28.58,23.16,M1
C02089,36007213,2.18,22.69,M3d
C02090,36010611,3.10,6.07,M3s
C02091,36097944,29.24,27.58,M3s
C02092,36001983,0.40,4.97,M1
C02093,36020909,6.12,7.07,M3e
C02094,36015389,4.70,2.83,M3e
C02095,36036210,11.07,0.03,M3e
C02096,36048334,14.44,12.96,M3e
C02097,36075867,22.69,5.32,M3e
C02098,36035066,10.52,16.46,M3d
C02099,36024810,7.49,16.99,M2
C02100,36013487,3.95,21.55,M1
C02101,36088287,26.57,13.27,M3e
C02102,36028075,8.64,28.07,M3e
C02103,36052147,15.69,22.51,M3e
C02104,36067624,20.17,10.40,M2
C02105,36094934,28.29,25.03,M1
C02106,36096495,28.86,19.19,M3e
C02107,36073566,22.09,20.68,M3d
C02108,36078140,23.66,17.54,M3e
C02109,36007690,2.28,3.28,M3s
C02110,36082272,24.67,21.24,M3s
C02111,36031906,9.58,24.56,M3s
C02112,36005914,1.59,28.84,M3h
C02113,36075140,22.72,22.53,M3h
C02114,36047873,14.37,19.39,M3e
C02115,36045476,13.73,20.39,M3e
C02116,36084341,25.26,28.84,M3d
C02117,36066038,19.99,8.00,M3d
C02118,36090323,27.27,11.36,M3d
C02119,36087120,26.30,24.65,M3h
C02120,36074847,22.37,3.73,M3d
C02121,36094168,28.44,11.44,M1
C02122,36069009,20.85,20.90,M2
C02123,36070022,21.04,20.33,M1
C02124,36067442,20.27,19.70,M3e
C02125,36069426,20.91,19.68,M3e
C02126,36020842,6.05,29.89,M2
C02127,36074116,22.38,27.40,M3h
C02128,36045728,13.54,3.20,M3h
C02129,36011000,3.44,25.33,M3d
C02130,36030602,9.09,27.20,M3d
C02131,36070030,21.06,17.41,M3e
C02132,36003696,1.00,0.01,M2
C02133,36040504,12.17,9.94,M3e
C02134,36000958,0.26,11.31,M2
C02135,36032551,9.66,16.35,M3e
C02136,36067780,20.13,20.29,M3e
C02137,36069560,20.98,3.99,M3h
C02138,36038736,11.41,10.85,M3s
C02139,36008493,2.61,16.02,M3s
C02140,36001021,0.32,5.90,M3e
C02141,36028761,8.41,26.00,M1
C02142,36013807,3.97,11.60,M3e
C02143,36081207,24.33,18.97,M1
C02144,36088813,26.45,8.95,M3e
C02145,36064329,19.45,20.47,M3e
C02146,36010799,3.27,0.70,M3h
C02147,36013202,4.16,8.36,M3s
C02148,36063905,19.03,25.07,M3s
C02149,36037319,11.32,4.08,M3s
C02150,36025576,7.53,1.86,M3s
C02151,36092985,27.62,0.77,M1
C02152,36077931,23.33,14.16,M3e
C02153,36092308,27.85,14.18,M2
C02154,36005840,1.63,25.24,M3d
C02155,36066857,20.10,3.83,M3d
C02156,36046816,13.91,18.98,M3e
C02157,36095119,28.56,22.52,M3e
C02158,36013986,3.90,4.85,M2
C02159,36064609,19.39,1.95,M3e
C02160,36025526,7.78,5.89,M3d
C02161,36038831,11.69,18.48,M3d
C02162,36067651,20.36,18.29,M3e
C02163,36027237,8.37,9.73,M3e
C02164,36022728,6.84,4.93,M2
C02165,36047194,14.36,4.23,M3h
C02166,36084829,25.47,7.93,M3d
C02167,36072351,21.71,21.43,M3e
C02168,36002259,0.82,26.51,M3s
C02169,36033097,10.06,22.91,M2
C02170,36013642,4.05,20.05,M3d
C02171,36042952,12.60,21.07,M3h
C02172,36068225,20.62,9.08,M3e
C02173,36012057,3.73,15.31,M3d
C02174,36072814,21.76,2.38,M2
C02175,36010340,3.21,1.55,M3s
C02176,36032102,9.77,25.72,M3h
C02177,36028565,8.43,24.73,M3e
C02178,36016150,4.98,10.79,M3s
C02179,36078218,23.67,9.65,M3s
C02180,36078189,23.55,29.98,M3d
C02181,36078083,23.53,24.31,M2
C02182,36088410,26.45,0.60,M2
C02183,36076611,22.83,18.31,M3e
C02184,36055955,16.77,0.69,M2
C02185,36095119,28.54,3.80,M3d
C02186,36071241,21.33,23.26,M3s
C02187,36075095,22.57,2.93,M3d
C02188,36044303,13.48,24.96,M1
C02189,36078255,23.40,9.61,M3e
C02190,36092953,27.72,27.85,M3s
C02191,36064858,19.39,26.08,M3e
C02192,36089901,26.73,10.45,M3e
C02193,36024109,7.32,10.53,M3e
C02194,36066211,20.04,10.32,M3s
C02195,36062204,18.90,13.04,M3d
C02196,36033520,10.07,18.45,M3e
C02197,36027522,8.39,3.92,M2
C02198,36059023,17.71,18.58,M3s
C02199,36042938,12.72,1.34,M3e
C02200,36064984,19.34,23.92,M3e
C02201,36072881,21.81,22.55,M1
C02202,36046157,13.93,23.68,M3e
C02203,36050941,15.09,22.74,M2
C02204,36059866,17.89,23.58,M3e
C02205,36070912,21.20,21.28,M3e
C02206,36069217,20.73,6.99,M1
C02207,36091431,27.41,0.14,M3e
C02208,36039038,11.98,3.97,M2
C02209,36013072,3.96,4.70,M3s
C02210,36059163,17.79,9.12,M1
C02211,36025994,7.67,25.40,M3s
C02212,36046244,14.01,26.00,M3d
C02213,36031406,9.55,29.12,M2
C02214,36023412,7.03,12.81,M2
C02215,36040650,12.12,23.09,M3e
C02216,36042787,12.74,15.29,M3e
C02217,36029881,8.76,20.42,M3s
C02218,36079591,23.84,27.60,M1
C02219,36007526,2.21,25.36,M2
C02220,36073616,22.06,8.51,M2
C02221,36084634,25.30,20.59,M3e
C02222,36004433,1.37,4.73,M3e
C02223,36023120,7.05,7.93,M2
C02224,36067966,20.37,15.08,M3s
C02225,36009216,2.89,10.45,M3h
C02226,36013149,3.93,8.97,M2
C02227,36014689,4.48,19.69,M3h
C02228,36002717,0.85,25.39,M3e
C02229,36063169,18.92,7.87,M3s
C02230,36075071,22.55,9.58,M3d
C02231,36065317,19.69,16.99,M1
C02232,36018967,5.56,25.60,M3h
C02233,36074622,22.20,16.27,M3d
C02234,36097852,29.22,3.70,M3e
C02235,36074595,22.46,18.44,M3s
C02236,36007651,2.26,10.08,M1
C02237,36032364,9.61,21.29,M3d
C02238,36037972,11.14,17.87,M3e
C02239,36017180,5.27,19.34,M3s
C02240,36005697,1.76,13.46,M3e
C02241,36012147,3.63,20.45,M2
C02242,36030704,9.00,18.18,M3e
C02243,36067950,20.32,10.57,M3e
C02244,36061155,18.45,15.58,M1
C02245,36034408,10.45,14.38,M3h
C02246,36041862,12.47,2.15,M2
C02247,36015916,4.55,22.98,M3s
C02248,36065904,19.62,16.44,M3s
C02249,36024341,7.45,9.24,M2
C02250,36042369,12.83,20.08,M1
C02251,36048095,14.50,8.62,M3e
C02252,36002205,0.86,13.55,M3e
C02253,36082979,24.61,19.39,M3s
C02254,36080052,24.25,6.78,M3h
C02255,36066550,20.02,11.96,M3e
C02256,36086655,25.91,21.15,M3e
C02257,36033048,10.01,0.34,M3e
C02258,36053874,15.96,19.07,M3s
C02259,36078484,23.57,27.37,M3h
C02260,36096458,29.08,0.49,M2
C02261,36047389,14.14,7.29,M3s
C02262,36007984,2.34,15.16,M3h
C02263,36068845,20.49,25.39,M3e
C02264,36046580,13.86,27.97,M3s
C02265,36070586,21.17,4.09,M3h
C02266,36006074,1.94,24.30,M3h
C02267,36069433,21.00,3.18,M3e
C02268,36068678,20.67,9.33,M3h
C02269,36003002,1.05,16.46,M3e
C02270,36004477,1.27,2.13,M2
C02271,36045200,13.75,22.70,M3h
C02272,36067433,20.33,1.19,M3e
C02273,36068911,20.45,9.43,M3d
C02274,36089010,26.79,26.51,M2
C02275,36045488,13.75,22.20,M3e
C02276,36092056,27.88,11.91,M2
C02277,36010533,3.09,15.28,M3h
C02278,36046627,14.08,9.80,M3e
C02279,36016957,5.02,2.27,M1
C02280,36056957,17.00,6.37,M2
C02281,36013963,4.01,0.80,M2
C02282,36024186,7.48,8.55,M1
C02283,36076679,22.88,4.69,M3e
C02284,36019406,5.93,20.10,M3e
C02285,36067449,20.30,7.00,M3d
C02286,36040062,12.19,0.93,M3h
C02287,36001304,0.52,23.98,M2
C02288,36011941,3.58,10.31,M3e
C02289,36001318,0.38,24.75,M1
C02290,36004600,1.28,2.07,M3d
C02291,36061288,18.50,5.08,M3h
C02292,36088714,26.54,13.24,M2
C02293,36018834,5.60,8.07,M3d
C02294,36063980,19.18,27.45,M3e
C02295,36053048,16.08,8.81,M3h
C02296,36069865,20.87,15.65,M3e
C02297,36098586,29.67,4.65,M3s
C02298,36090858,27.17,27.36,M3h
C02299,36090583,27.15,23.91,M3d
C02300,36084796,25.28,18.39,M1
C02301,36059177,17.91,29.50,M3s
C02302,36017138,5.23,15.96,M1
C02303,36019930,5.73,6.80,M3e
C02304,36091909,27.58,11.13,M3e
C02305,36074915,22.38,16.18,M3e
C02306,36068745,20.52,24.82,M2
C02307,36007174,2.30,1.73,M1
C02308,36028989,8.63,12.05,M3h
C02309,36061635,18.42,20.34,M3s
C02310,36085633,25.70,3.28,M3e
C02311,36036237,11.01,15.07,M3e
C02312,36091170,27.31,11.14,M1
C02313,36022246,6.78,17.09,M3e
C02314,36043931,13.10,27.55,M3e
C02315,36015398,4.67,9.40,M3e
C02316,36096709,28.83,22.75,M2
C02317,36057880,17.25,9.34,M2
C02318,36070011,21.21,25.38,M3e
C02319,36002782,0.89,17.51,M3e
C02320,36078578,23.57,0.01,M3d
C02321,36081707,24.45,8.57,M1
C02322,36042565,12.80,25.48,M3s
C02323,36073272,22.10,2.29,M1
C02324,36004303,1.42,29.41,M3e
C02325,36064693,19.46,20.73,M3d
C02326,36022469,6.83,19.93,M1
C02327,36053253,15.91,6.51,M3s
C02328,36012366,3.83,13.44,M3e
C02329,36052545,15.85,9.48,M2
C02330,36024005,7.28,0.23,M1
C02331,36043809,12.92,24.54,M3e
C02332,36051697,15.41,22.23,M1
C02333,36000576,0.07,0.78,M3s
C02334,36007468,2.18,23.50,M1
C02335,36092344,27.63,28.71,M3s
C02336,36016736,4.87,10.16,M3e
C02337,36003221,1.03,15.35,M3s
C02338,36043423,13.09,3.66,M3s
C02339,36033837,9.95,28.18,M3e
C02340,36058820,17.68,11.46,M3s
C02341,36060246,18.02,21.71,M3e
C02342,36055843,16.53,25.17,M1
C02343,36033735,10.08,7.37,M3e
C02344,36040202,12.30,5.72,M3s
C02345,36060413,18.11,11.38,M3e
C02346,36008832,2.45,10.40,M3e
C02347,36009371,2.83,29.28,M3e
C02348,36079565,23.99,28.98,M3d
C02349,36037933,11.29,19.62,M3e
C02350,36022835,6.79,4.43,M3e
C02351,36082632,24.71,26.58,M3s
C02352,36055481,16.76,0.10,M3d
C02353,36047531,14.26,12.90,M3e
C02354,36018504,5.56,29.01,M3h
C02355,36026499,8.01,16.12,M3s
C02356,36073168,22.04,8.95,M3s
C02357,36046651,13.83,10.17,M3s
C02358,36038340,11.41,8.88,M3d
C02359,36021011,6.54,15.98,M3e
C02360,36094319,28.28,10.21,M3e
C02361,36043094,13.15,17.39,M2
C02362,36095022,28.67,4.17,M3h
C02363,36042122,12.88,18.68,M1
C02364,36037697,11.19,3.25,M3h
C02365,36073435,22.07,7.11,M3e
C02366,36030799,9.12,13.86,M3e
C02367,36047450,14.35,11.31,M3e
C02368,36083418,25.02,19.07,M3h
C02369,36055766,16.53,4.31,M3e
C02370,36025180,7.56,14.01,M3h
C02371,36095797,28.53,21.49,M3h
C02372,36034666,10.29,9.63,M3d
C02373,36084996,25.25,3.64,M3s
C02374,36022050,6.63,4.73,M3h
C02375,36074405,22.40,10.15,M3e
C02376,36069450,20.78,23.42,M2
C02377,36019126,5.90,13.11,M3e
C02378,36078957,23.68,16.29,M3e
C02379,36024889,7.33,1.83,M1
C02380,36064652,19.30,18.19,M1
C02381,36067012,20.28,19.74,M1
C02382,36048096,14.49,2.58,M3d
C02383,36038686,11.58,25.43,M3d
C02384,36011944,3.32,23.18,M3e
C02385,36087544,26.38,19.89,M3d
C02386,36042165,12.74,20.93,M3e
C02387,36033438,10.03,17.45,M3h
C02388,36014012,4.34,28.66,M3d
C02389,36000798,0.27,7.14,M3d
C02390,36074701,22.30,7.02,M3e
C02391,36075298,22.60,21.31,M3d
C02392,36049941,14.86,28.97,M3s
C02393,36071198,21.52,12.78,M3e
C02394,36012827,3.77,20.85,M1
C02395,36007828,2.24,20.18,M3s
C02396,36053332,16.09,27.51,M3e
C02397,36033418,9.95,22.37,M1
C02398,36054858,16.48,6.34,M3e
C02399,36015850,4.67,2.58,M3e
C02400,36015359,4.62,2.77,M3e
C02401,36023307,6.94,13.41,M3d
C02402,36049044,14.77,26.44,M3s
C02403,36020753,6.10,14.42,M3e
C02404,36048494,14.46,25.04,M3e
C02405,36000570,0.21,20.67,M3s
C02406,36053327,16.12,9.04,M2
C02407,36060509,18.16,14.18,M3s
C02408,36010731,3.10,4.73,M1
C02409,36043863,13.06,23.26,M2
C02410,36054353,16.45,10.94,M1
C02411,36027882,8.32,14.95,M1
C02412,36078309,23.65,23.64,M3e
C02413,36004652,1.29,7.97,M3s
C02414,36016062,5.08,21.25,M3e
C02415,36045123,13.78,9.96,M3h
C02416,36000928,0.05,18.81,M3e
C02417,36002189,0.74,23.74,M3e
C02418,36090836,27.11,27.52,M2
C02419,36064243,19.29,26.81,M3d
C02420,36038048,11.43,5.38,M2
C02421,36011633,3.52,7.87,M3s
C02422,36083631,25.08,19.70,M1
C02423,36026797,7.95,16.64,M3h
C02424,36003849,1.03,28.63,M3h
C02425,36007418,2.18,18.19,M1
C02426,36029223,8.84,16.09,M3e
C02427,36075673,22.57,12.51,M3h
C02428,36061927,18.49,1.77,M2
C02429,36012752,3.80,25.05,M3e
C02430,36041825,12.52,6.49,M3e
C02431,36060175,18.20,21.56,M3d
C02432,36083417,25.14,24.58,M3e
C02433,36056031,17.08,7.00,M3e
C02434,36091697,27.53,22.42,M1
C02435,36040083,12.29,10.20,M3s
C02436,36024636,7.37,15.94,M1
C02437,36030765,9.04,2.15,M3s
C02438,36094760,28.23,1.66,M3e
C02439,36075317,22.62,29.22,M3e
C02440,36061955,18.43,28.86,M3e
C02441,36093120,28.13,17.13,M3e
C02442,36078391,23.54,16.09,M3s
C02443,36024269,7.31,26.67,M3d
C02444,36012126,3.67,16.58,M3d
C02445,36034748,10.38,19.95,M3e
C02446,36051700,15.39,21.20,M3e
C02447,36043178,13.01,19.57,M3s
C02448,36037687,11.18,25.84,M3s
C02449,36036394,11.05,6.07,M2
C02450,36092538,27.86,2.85,M3e
C02451,36023917,6.93,2.63,M3e
C02452,36005487,1.73,10.10,M2
C02453,36018931,5.66,19.58,M3h
C02454,36018206,5.41,7.92,M3h
C02455,36030539,9.20,10.51,M3s
C02456,36003506,1.11,29.85,M3d
C02457,36085080,25.65,4.57,M2
C02458,36055075,16.70,23.52,M3h
C02459,36042897,12.72,8.94,M1
C02460,36044925,13.27,26.61,M3h
C02461,36083154,25.02,26.28,M3d
C02462,36099326,29.81,8.00,M3s
C02463,36035606,10.62,27.37,M3h
C02464,36033666,10.05,24.25,M3e
C02465,36071178,21.51,22.19,M3e
C02466,36040689,12.02,0.36,M2
C02467,36033207,9.95,5.73,M3e
C02468,36091470,27.39,19.77,M3s
C02469,36068587,20.70,23.09,M1
C02470,36094627,28.41,6.81,M2
C02471,36094672,28.40,16.91,M3d
C02472,36026642,8.09,13.05,M1
C02473,36075145,22.77,3.70,M3e
C02474,36018402,5.61,11.01,M3e
C02475,36076702,22.84,16.74,M3e
C02476,36054115,16.40,11.36,M1
C02477,36041874,12.39,16.34,M3e
C02478,36010821,3.07,7.32,M3e
C02479,36010405,3.14,14.19,M3s
C02480,36081646,24.32,18.78,M3e
C02481,36083397,25.08,18.95,M3d
C02482,36007526,2.17,22.55,M3e
C02483,36093168,28.08,6.69,M3d
C02484,36062317,18.70,10.15,M3e
C02485,36066369,19.88,21.39,M3s
C02486,36002493,0.89,0.56,M2
C02487,36017932,5.28,1.31,M3e
C02488,36078347,23.45,6.95,M3e
C02489,36054938,16.22,12.95,M3e
C02490,36057740,17.36,18.75,M3e
C02491,36035366,10.51,28.88,M3e
C02492,36082762,24.67,20.93,M3e
C02493,36024982,7.27,10.29,M3e
C02494,36054879,16.39,18.37,M2
C02495,36062377,18.75,4.63,M3h
C02496,36075123,22.66,7.79,M3d
C02497,36032710,9.62,25.45,M3h
C02498,36040109,12.19,4.74,M3e
C02499,36095828,28.52,16.32,M3d
C02500,36090689,27.27,8.70,M3e
C02501,36014074,4.34,4.67,M3d
C02502,36009857,2.76,1.27,M1
C02503,36014439,4.45,19.62,M3d
C02504,36060621,18.06,3.59,M3d
C02505,36098360,29.41,26.21,M3e
C02506,36033947,9.97,22.99,M3h
C02507,36091893,27.34,26.29,M1
C02508,36011478,3.32,26.13,M2
C02509,36010173,3.08,6.48,M2
C02510,36093949,28.12,10.34,M3h
C02511,36073828,22.12,19.64,M1
C02512,36098195,29.66,2.08,M3e
C02513,36014035,4.37,15.15,M1
C02514,36015732,4.54,21.11,M2
C02515,36036605,10.94,10.15,M3e
C02516,36024961,7.48,20.95,M3e
C02517,36050337,15.22,14.36,M3e
C02518,36051960,15.38,14.51,M3s
C02519,36036445,10.88,27.43,M3e
C02520,36043369,13.18,5.42,M1
C02521,36071389,21.34,21.45,M3e
C02522,36077636,23.28,10.47,M3d
C02523,36000038,0.10,16.64,M1
C02524,36011592,3.59,16.30,M3e
C02525,36087640,26.26,27.35,M3s
C02526,36004133,1.25,11.60,M3e
C02527,36085453,25.64,13.54,M3s
C02528,36061662,18.32,4.94,M3d
C02529,36090271,27.09,12.58,M3s
C02530,36023662,7.04,17.70,M3e
C02531,36078712,23.52,6.15,M1
C02532,36046743,14.01,20.59,M3h
C02533,36031107,9.34,24.81,M3e
C02534,36058925,17.50,22.99,M3h
C02535,36037936,11.15,22.44,M3e
C02536,36029186,8.88,12.59,M1
C02537,36089384,26.77,1.58,M1
C02538,36095705,28.54,20.49,M3e
C02539,36083593,25.04,7.68,M1
C02540,36075890,22.53,1.46,M1
C02541,36004336,1.30,22.86,M3s
C02542,36027716,8.33,20.22,M3s
C02543,36048654,14.65,19.91,M2
C02544,36082003,24.68,25.79,M2
C02545,36093990,28.16,28.30,M3e
C02546,36063279,18.98,12.34,M3s
C02547,36039217,11.78,11.19,M1
C02548,36005458,1.72,0.08,M3e
C02549,36098953,29.52,20.08,M1
C02550,36068696,20.49,4.86,M3e
C02551,36027174,8.11,18.10,M3e
C02552,36070578,21.25,27.85,M3d
C02553,36058162,17.66,27.60,M2
C02554,36053587,16.02,4.45,M3e
C02555,36007570,2.32,13.03,M3s
C02556,36084786,25.37,7.75,M2
C02557,36044871,13.26,25.53,M3e
C02558,36041373,12.33,10.12,M3h
C02559,36077768,23.21,18.81,M3s
C02560,36068821,20.63,27.51,M3e
C02561,36000551,0.13,16.24,M3e
C02562,36029997,8.77,7.91,M3d
C02563,36024113,7.32,29.41,M3e
C02564,36009960,2.87,25.81,M3e
C02565,36093938,28.18,13.11,M3e
C02566,36035441,10.59,11.83,M3h
C02567,36062221,18.73,12.61,M1
C02568,36020588,6.01,29.72,M3e
C02569,36030853,9.29,16.95,M3e
C02570,36044702,13.48,5.15,M3h
C02571,36005309,1.51,10.67,M3s
C02572,36079361,23.79,2.27,M3s
C02573,36060422,18.28,17.65,M3e
C02574,36058887,17.51,26.11,M3s
C02575,36051629,15.35,9.33,M3e
C02576,36033792,9.91,23.16,M3e
C02577,36093563,28.06,9.24,M1
C02578,36046554,14.03,9.55,M2
C02579,36094084,28.33,11.72,M3e
C02580,36035946,10.72,26.43,M3e
C02581,36020453,6.11,10.96,M3s
C02582,36013678,4.06,9.50,M3s
C02583,36066207,19.81,2.82,M3d
C02584,36022193,6.76,14.01,M3d
C02585,36074167,22.32,9.81,M1
C02586,36000580,0.10,13.01,M3s
C02587,36006820,2.04,11.41,M3h
C02588,36001682,0.48,16.27,M3h
C02589,36093703,28.09,29.14,M1
C02590,36036027,10.83,18.80,M3e
C02591,36003912,1.00,7.36,M3e
C02592,36051656,15.56,29.96,M3s
C02593,36025650,7.60,12.46,M2
C02594,36017700,5.15,16.99,M3d
C02595,36019059,5.83,29.70,M1
C02596,36027741,8.35,12.61,M3e
C02597,36005578,1.70,11.65,M3e
C02598,36025383,7.57,3.71,M3e
C02599,36093137,27.96,18.00,M3d
C02600,36047550,14.29,20.88,M3h
C02601,36076715,22.84,9.40,M1
C02602,36085526,25.72,15.29,M3s
C02603,36042865,12.76,19.38,M3e
C02604,36087305,26.39,8.54,M3d
C02605,36000171,0.12,20.32,M3e
C02606,36038254,11.52,10.50,M2
C02607,36059705,17.98,15.05,M3s
C02608,36070246,21.28,21.74,M3e
C02609,36034174,10.37,2.95,M3e
C02610,36077178,23.23,10.59,M3d
C02611,36036212,10.91,28.10,M3e
C02612,36005273,1.61,15.69,M1
C02613,36028285,8.46,26.35,M3s
C02614,36063062,19.03,13.73,M3e
C02615,36028816,8.51,9.32,M1
C02616,36093720,28.10,29.92,M2
C02617,36018489,5.61,27.68,M3e
C02618,36096420,28.86,19.89,M3d
C02619,36050829,15.10,29.08,M1
C02620,36081457,24.56,24.88,M3e
C02621,36041113,12.44,18.80,M3s
C02622,36015402,4.52,25.27,M3s
C02623,36092133,27.68,19.04,M1
C02624,36032608,9.64,18.30,M1
C02625,36001764,0.54,15.22,M3d
C02626,36032243,9.86,7.59,M3e
C02627,36000030,0.05,10.25,M3h
C02628,36056141,16.80,22.87,M3s
C02629,36004079,1.46,8.64,M3h
C02630,36006441,1.94,13.07,M1
C02631,36004530,1.28,8.86,M3s
C02632,36079005,23.74,8.11,M3s
C02633,36054885,16.42,20.78,M3e
C02634,36095783,28.53,27.48,M3e
C02635,36048167,14.47,27.77,M3d
C02636,36076192,23.10,13.20,M3e
C02637,36011495,3.48,11.13,M2
C02638,36069043,20.90,23.29,M3e
C02639,36059445,17.78,14.81,M3e
C02640,36004502,1.38,16.06,M1
C02641,36056658,16.98,2.39,M3h
C02642,36078170,23.44,24.00,M3e
C02643,36035847,10.50,15.27,M3e
C02644,36084371,25.32,3.43,M3e
C02645,36095680,28.70,16.63,M3e
C02646,36079607,23.99,23.45,M1
C02647,36034616,10.48,7.89,M3e
C02648,36034126,10.47,5.62,M3h
C02649,36025973,7.78,28.92,M3d
C02650,36001501,0.56,20.74,M3s
C02651,36006457,1.91,1.33,M3e
C02652,36057514,17.28,18.47,M2
C02653,36041297,12.30,18.55,M3s
C02654,36020230,6.08,20.49,M3s
C02655,36053369,16.02,13.26,M3h
C02656,36060202,18.08,13.23,M2
C02657,36020594,6.10,1.99,M3h
C02658,36003809,0.94,18.45,M3h
C02659,36092198,27.81,28.77,M3e
C02660,36035431,10.53,2.26,M3d
C02661,36051868,15.41,24.18,M3d
C02662,36045475,13.57,18.56,M3e
C02663,36090228,27.07,22.92,M3e
C02664,36030149,9.05,20.76,M3e
C02665,36013820,4.04,0.01,M3h
C02666,36073761,22.08,0.99,M2
C02667,36078923,23.59,15.46,M3h
C02668,36065386,19.54,22.77,M3h
C02669,36092614,27.79,6.48,M3e
C02670,36005308,1.50,22.18,M2
C02671,36031773,9.38,22.89,M2
C02672,36017732,5.25,3.98,M3e
C02673,36082028,24.76,21.42,M3h
C02674,36062974,18.81,20.09,M3e
C02675,36024532,7.29,27.82,M3e
C02676,36038614,11.51,7.08,M3e
C02677,36067300,20.38,6.87,M3s
C02678,36098573,29.56,29.55,M3d
C02679,36096673,29.07,19.73,M2
C02680,36053471,15.91,28.51,M3s
C02681,36074892,22.48,28.82,M1
C02682,36032771,9.88,23.14,M3e
C02683,36065899,19.60,16.26,M3e
C02684,36042700,12.85,16.51,M1
C02685,36083949,25.03,9.70,M3e
C02686,36079477,23.71,7.21,M2
C02687,36098683,29.49,10.99,M1
C02688,36022872,6.70,2.06,M3e
C02689,36075104,22.78,9.42,M2
C02690,36059611,17.77,28.02,M3e
C02691,36026833,7.81,7.06,M3h
C02692,36079779,23.75,12.81,M3s
C02693,36073497,21.97,11.86,M3d
C02694,36036797,10.99,14.79,M1
C02695,36004567,1.41,12.09,M3s
C02696,36068338,20.44,13.84,M3s
C02697,36045190,13.55,26.24,M3e
C02698,36062082,18.88,12.70,M2
C02699,36016560,4.95,5.63,M3e
C02700,36014268,4.23,16.89,M2
C02701,36008804,2.68,14.33,M3e
C02702,36034901,10.48,21.08,M2
C02703,36066767,20.02,0.17,M3e
C02704,36025701,7.69,8.89,M1
C02705,36087901,26.35,11.86,M3d
C02706,36036988,11.06,14.03,M3h
C02707,36035396,10.79,10.88,M3h
C02708,36002692,0.67,28.82,M3d
C02709,36066206,20.00,4.02,M3e
C02710,36027534,8.17,16.55,M3h
C02711,36017547,5.28,5.03,M3e
C02712,36032436,9.69,19.54,M3s
C02713,36056275,17.03,23.77,M3h
C02714,36047928,14.38,16.17,M3e
C02715,36015652,4.67,26.71,M3e
C02716,36077994,23.36,15.69,M3h
C02717,36081478,24.58,29.75,M3s
C02718,36053534,16.16,14.72,M3d
C02719,36023756,7.02,23.85,M3e
C02720,36046581,14.01,22.57,M3s
C02721,36053058,16.07,1.57,M3e
C02722,36030514,9.23,16.96,M3h
C02723,36057682,17.22,23.76,M3e
C02724,36061389,18.47,6.95,M3e
C02725,36040856,12.28,7.08,M1
C02726,36024189,7.44,18.98,M2
C02727,36058915,17.66,17.65,M2
C02728,36042511,12.70,1.27,M3d
C02729,36096372,28.94,18.10,M3e
C02730,36014533,4.36,1.51,M3e
C02731,36063399,19.00,27.30,M1
C02732,36046164,14.07,18.01,M3e
C02733,36003784,1.09,20.30,M1
C02734,36010095,3.20,11.10,M1
C02735,36015687,4.60,4.71,M2
C02736,36057302,17.20,0.64,M3h
C02737,36038027,11.55,24.65,M3e
C02738,36048708,14.41,5.20,M3e
C02739,36024655,7.20,12.86,M3e
C02740,36000486,0.24,19.20,M3e
C02741,36029463,8.77,26.65,M1
C02742,36074851,22.23,26.13,M1
C02743,36072974,21.67,28.98,M3d
C02744,36002792,0.61,27.66,M1
C02745,36091072,27.40,24.23,M2
C02746,36038873,11.45,27.04,M3h
C02747,36086577,25.87,1.36,M3d
C02748,36090558,27.08,11.10,M1
C02749,36078849,23.65,11.52,M3s
C02750,36036467,10.80,8.95,M3s
C02751,36022437,6.78,16.17,M3e
C02752,36047790,14.22,13.26,M3e
C02753,36089159,26.94,13.66,M3d
C02754,36027449,8.22,8.39,M3s
C02755,36040951,12.30,25.00,M1
C02756,36095847,28.55,5.34,M3h
C02757,36006525,2.04,13.41,M3h
C02758,36066908,19.93,5.04,M3h
C02759,36007409,2.10,18.55,M1
C02760,36072920,21.79,3.62,M3e
C02761,36090395,27.11,29.13,M3e
C02762,36074510,22.33,11.09,M3s
C02763,36038564,11.42,26.51,M3d
C02764,36054955,16.23,27.05,M3e
C02765,36006009,2.00,17.98,M3e
C02766,36078465,23.55,13.57,M1
C02767,36072859,21.82,3.33,M3h
C02768,36080377,24.09,10.79,M3h
C02769,36040500,12.23,17.34,M3e
C02770,36062060,18.62,17.57,M3s
C02771,36066896,19.86,25.24,M3h
C02772,36073492,22.15,29.73,M3h
C02773,36021718,6.48,23.65,M1
C02774,36015242,4.72,11.49,M1
C02775,36045762,13.76,22.50,M3s
C02776,36036014,10.92,24.22,M3e
C02777,36060792,18.00,27.43,M3d
C02778,36084339,25.37,2.99,M3e
C02779,36091597,27.32,20.46,M2
C02780,36097639,29.35,16.83,M3e
C02781,36055545,16.78,25.01,M1
C02782,36005441,1.58,18.06,M3e
C02783,36080540,24.02,13.63,M1
C02784,36024697,7.46,7.78,M2
C02785,36084591,25.30,7.93,M3e
C02786,36098289,29.60,6.53,M1
C02787,36013399,4.05,5.53,M3h
C02788,36095662,28.79,14.63,M3h
C02789,36035392,10.65,26.00,M3h
C02790,36053023,16.01,1.84,M3e
C02791,36075670,22.76,14.93,M3d
C02792,36096022,28.85,25.81,M2
C02793,36047859,14.23,11.00,M3e
C02794,36001707,0.39,2.82,M3d
C02795,36037052,11.33,18.93,M1
C02796,36070220,21.15,14.60,M3h
C02797,36053204,16.18,21.56,M3h
C02798,36086301,25.89,20.45,M3e
C02799,36005661,1.69,29.90,M3h
C02800,36011244,3.47,26.14,M3s
C02801,36034290,10.27,14.26,M2
C02802,36010550,3.01,16.68,M2
C02803,36029330,8.88,15.76,M3h
C02804,36094153,28.26,26.40,M3s
C02805,36015948,4.62,0.19,M1
C02806,36035069,10.50,3.83,M3h
C02807,36069406,20.71,16.45,M3d
C02808,36062999,18.82,7.79,M1
C02809,36099310,29.87,19.05,M3d
C02810,36016393,4.98,26.97,M2
C02811,36091202,27.54,22.71,M1
C02812,36040937,12.09,8.15,M3d
C02813,36053132,16.06,8.13,M3e
C02814,36004398,1.25,17.38,M3e
C02815,36046431,13.84,22.67,M3s
C02816,36082057,24.72,21.70,M3d
C02817,36097783,29.23,7.05,M3h
C02818,36063084,18.94,26.05,M3s
C02819,36067465,20.25,11.22,M3d
C02820,36070639,21.07,23.79,M3d
C02821,36060240,18.22,9.66,M3e
C02822,36066089,19.97,12.83,M2
C02823,36096858,28.85,28.51,M3s
C02824,36038537,11.62,21.03,M3d
C02825,36060378,18.20,14.40,M3e
C02826,36016329,4.91,8.89,M3d
C02827,36094864,28.48,14.68,M2
C02828,36057101,17.33,3.77,M1
C02829,36002743,0.78,22.30,M3d
C02830,36056306,17.01,6.01,M3h
C02831,36008802,2.54,20.08,M1
C02832,36016947,5.02,28.44,M1
C02833,36027533,8.31,7.75,M3s
C02834,36045566,13.64,25.58,M3s
C02835,36031232,9.45,29.87,M2
C02836,36006527,1.86,7.00,M2
C02837,36003041,1.00,22.36,M1
C02838,36021372,6.56,22.94,M1
C02839,36094139,28.44,7.63,M3e
C02840,36076314,22.84,9.58,M3e
C02841,36007829,2.23,19.16,M3s
C02842,36042935,12.78,8.39,M2
C02843,36064721,19.40,22.63,M3d
C02844,36099943,29.93,23.92,M3e
C02845,36010967,3.07,8.33,M3h
C02846,36019870,5.78,25.51,M2
C02847,36041287,12.41,17.80,M3s
C02848,36072635,21.66,9.62,M3e
C02849,36032690,9.66,10.75,M3s
C02850,36061654,18.40,7.34,M3h
C02851,36099285,29.88,12.34,M3e
C02852,36089564,26.98,17.90,M3e
C02853,36057208,17.30,21.58,M3h
C02854,36041055,12.38,1.85,M3d
C02855,36061527,18.53,18.61,M1
C02856,36027718,8.31,26.96,M3e
C02857,36011025,3.51,23.77,M3e
C02858,36073862,21.91,2.06,M3d
C02859,36058208,17.53,0.06,M3e
C02860,36067043,20.23,17.04,M3e
C02861,36014355,4.21,4.87,M3d
C02862,36063961,18.91,24.16,M1
C02863,36065852,19.56,0.04,M3e
C02864,36043706,12.99,29.67,M1
C02865,36029990,8.84,26.29,M2
C02866,36085229,25.61,25.08,M3s
C02867,36061992,18.39,15.98,M2
C02868,36038772,11.53,4.76,M3e
C02869,36063724,19.18,29.60,M3s
C02870,36007909,2.21,27.02,M3h
C02871,36048563,14.41,24.22,M3h
C02872,36030624,9.18,21.30,M3e
C02873,36016339,4.83,12.39,M3e
C02874,36092980,27.82,27.09,M3h
C02875,36098411,29.65,14.57,M2
C02876,36039692,11.84,27.32,M3e
C02877,36026840,7.87,9.67,M3d
C02878,36051363,15.32,0.86,M1
C02879,36004036,1.47,20.98,M3e
C02880,36070802,21.11,16.06,M3e
C02881,36004347,1.37,24.29,M3s
C02882,36028576,8.50,22.24,M2
C02883,36017124,5.17,26.57,M3d
C02884,36051610,15.35,2.08,M3s
C02885,36034192,10.48,15.66,M3d
C02886,36017906,5.35,29.69,M3e
C02887,36021109,6.44,29.08,M3e
C02888,36016251,5.08,7.81,M3h
C02889,36059084,17.73,26.23,M3d
C02890,36003656,1.02,8.31,M1
C02891,36060988,18.09,20.18,M3e
C02892,36096899,28.81,29.37,M1
C02893,36067111,20.18,17.72,M3s
C02894,36052490,15.64,17.82,M3e
C02895,36001859,0.35,14.18,M3e
C02896,36054993,16.43,10.09,M3e
C02897,36015511,4.63,9.60,M3e
C02898,36084461,25.23,28.01,M3s
C02899,36048387,14.56,1.10,M1
C02900,36025697,7.61,28.61,M1
C02901,36031669,9.42,8.29,M3e
C02902,36065205,19.73,1.34,M3h
C02903,36095029,28.58,0.03,M3d
C02904,36088489,26.70,17.37,M3e
C02905,36045479,13.59,4.53,M3d
C02906,36022346,6.84,28.11,M3e
C02907,36035104,10.61,21.66,M2
C02908,36005285,1.62,22.13,M3s
C02909,36065958,19.68,13.04,M3s
C02910,36096314,28.86,27.19,M2
C02911,36081967,24.52,1.80,M3e
C02912,36023505,7.07,29.86,M3e
C02913,36049557,14.71,16.72,M3e
C02914,36031297,9.45,19.02,M3d
C02915,36094856,28.29,29.53,M3s
C02916,36069155,20.73,16.18,M3s
C02917,36032933,9.82,1.21,M3e
C02918,36025069,7.66,9.48,M2
C02919,36062816,18.84,19.41,M3h
C02920,36032044,9.88,13.86,M3s
C02921,36039093,11.83,9.00,M2
C02922,36034314,10.25,5.41,M3s
C02923,36059144,17.86,29.73,M3h
C02924,36005058,1.79,6.85,M3h
C02925,36032888,9.64,17.72,M3e
C02926,36008142,2.65,20.44,M3d
C02927,36044745,13.30,28.98,M3s
C02928,36035615,10.56,28.53,M2
C02929,36062436,18.69,26.87,M3e
C02930,36011794,3.58,20.04,M3e
C02931,36072039,21.77,24.56,M3e
C02932,36024811,7.31,22.52,M1
C02933,36096967,28.96,11.54,M1
C02934,36029781,8.82,13.42,M3s
C02935,36065656,19.71,1.91,M3s
C02936,36002021,0.65,27.28,M3d
C02937,36091695,27.54,21.26,M2
C02938,36082975,24.74,13.50,M3e
C02939,36028309,8.64,14.37,M3e
C02940,36084013,25.27,13.84,M3d
C02941,36006231,1.97,16.69,M3e
C02942,36084772,25.41,26.73,M1
C02943,36026283,8.06,7.86,M3h
C02944,36032838,9.75,20.08,M3d
C02945,36063476,18.92,19.58,M3e
C02946,36063788,18.90,16.34,M3s
C02947,36016633,5.02,22.36,M3s
C02948,36098725,29.45,5.68,M3s
C02949,36059913,17.79,2.61,M1
C02950,36011180,3.36,16.70,M3d
C02951,36032816,9.76,8.12,M3s
C02952,36030219,9.22,23.28,M3s
C02953,36038340,11.44,15.08,M3s
C02954,36004201,1.31,20.45,M2
C02955,36015549,4.56,8.00,M3e
C02956,36081570,24.30,25.46,M3h
C02957,36043791,12.92,23.93,M3e
C02958,36067000,20.38,19.81,M3e
C02959,36009778,2.88,6.48,M1
C02960,36058959,17.40,12.72,M3s
C02961,36018956,5.56,9.81,M3e
C02962,36020505,6.28,12.86,M1
C02963,36039925,11.81,23.93,M3s
C02964,36015908,4.66,29.23,M3h
C02965,36007944,2.35,10.97,M1
C02966,36016404,4.82,15.13,M3d
C02967,36039398,11.99,26.75,M3e
C02968,36036809,10.98,12.74,M3d
C02969,36000036,0.16,14.83,M1
C02970,36047378,14.13,16.59,M1
C02971,36065715,19.76,16.59,M3d
C02972,36037154,11.31,6.21,M3s
C02973,36090520,27.03,8.95,M3s
C02974,36059145,17.75,6.29,M3e
C02975,36043254,12.93,8.78,M3s
C02976,36011910,3.49,24.09,M3h
C02977,36042650,12.82,24.43,M2
C02978,36043255,13.12,26.81,M2
C02979,36049822,14.91,10.98,M3s
C02980,36033696,10.03,1.12,M3e
C02981,36046313,13.93,20.67,M3s
C02982,36012172,3.71,23.70,M3h
C02983,36033239,10.18,19.86,M3d
C02984,36096285,28.86,24.34,M3h
C02985,36098617,29.68,4.44,M3e
C02986,36026074,8.09,25.30,M3d
C02987,36041120,12.36,18.46,M3e
C02988,36016368,4.92,0.06,M3e
C02989,36089055,26.95,0.77,M3d
C02990,36008137,2.57,8.97,M3d
C02991,36041427,12.36,17.93,M3h
C02992,36002368,0.66,17.43,M3h
C02993,36099048,29.89,21.61,M3e
C02994,36099556,29.74,19.50,M3h
C02995,36059996,17.82,16.33,M1
C02996,36026246,7.92,5.43,M3e
C02997,36016328,4.97,1.97,M3e
C02998,36043606,13.15,11.12,M3e
C02999,36036726,10.86,18.42,M3e
C03000,36090984,27.01,11.89,M3e
C03001,36035923,10.79,4.07,M3h
C03002,36064585,19.33,29.77,M3e
C03003,36082636,24.87,20.45,M3d
C03004,36058906,17.52,3.32,M3h
C03005,36015759,4.79,18.97,M3e
C03006,36092630,27.84,8.75,M3h
C03007,36033554,10.10,1.98,M3d
C03008,36073016,21.98,3.75,M3h
C03009,36033876,9.90,22.45,M3s
C03010,36068477,20.45,14.39,M3e
C03011,36078106,23.67,8.39,M3h
C03012,36060908,18.09,5.00,M1
C03013,36077873,23.35,1.81,M3e
C03014,36070692,21.18,21.91,M3s
C03015,36083594,25.10,16.84,M3e
C03016,36002532,0.68,22.44,M3e
C03017,36029504,8.86,6.81,M3e
C03018,36064169,19.49,16.37,M3e
C03019,36031463,9.41,5.20,M2
C03020,36060404,18.08,4.69,M3s
C03021,36047142,14.16,3.41,M3d
C03022,36073652,21.93,20.15,M3e
C03023,36021822,6.50,1.92,M3e
C03024,36059632,17.80,5.34,M3s
C03025,36078777,23.67,16.29,M1
C03026,36004779,1.37,28.55,M3e
C03027,36089432,26.81,28.78,M2
C03028,36079113,23.89,26.22,M3e
C03029,36025878,7.67,26.45,M3d
C03030,36032991,9.62,9.48,M3e
C03031,36004486,1.21,1.45,M3s
C03032,36098231,29.46,22.18,M3d
C03033,36097124,29.15,5.83,M3e
C03034,36050181,15.00,6.60,M3d
C03035,36078462,23.53,5.29,M3s
C03036,36052796,15.85,25.47,M3d
C03037,36097036,29.17,22.52,M3d
C03038,36046367,13.81,2.59,M3h
C03039,36056907,16.94,8.78,M3e
C03040,36090436,27.01,2.02,M3e
C03041,36060232,18.22,18.46,M1
C03042,36067219,20.40,20.17,M3h
C03043,36057936,17.12,25.21,M1
C03044,36038542,11.67,27.44,M3h
C03045,36061786,18.39,22.77,M1
C03046,36077796,23.18,12.95,M3e
C03047,36071134,21.44,17.69,M3d
C03048,36018503,5.70,22.42,M3e
C03049,36085284,25.58,21.42,M1
C03050,36096181,28.97,27.39,M3s
C03051,36045327,13.75,16.98,M3e
C03052,36052425,15.68,8.24,M2
C03053,36081641,24.54,14.94,M3d
C03054,36025290,7.61,11.47,M3s
C03055,36055489,16.54,25.59,M1
C03056,36049059,14.81,10.25,M3e
C03057,36082212,24.82,29.83,M3e
C03058,36032251,9.69,13.57,M3e
C03059,36076482,22.96,8.15,M2
C03060,36032559,9.79,10.26,M3e
C03061,36008941,2.45,11.46,M3s
C03062,36018070,5.70,19.94,M3d
C03063,36045469,13.66,28.80,M3e
C03064,36049010,14.91,27.25,M2
C03065,36083055,24.92,25.60,M1
C03066,36047562,14.35,19.26,M3d
C03067,36038348,11.70,25.58,M3s
C03068,36088242,26.62,3.82,M3s
C03069,36000276,0.10,18.84,M2
C03070,36048846,14.55,26.44,M2
C03071,36090145,27.14,5.82,M1
C03072,36032547,9.80,15.67,M3e
C03073,36047548,14.11,15.30,M2
C03074,36057026,17.26,12.16,M3h
C03075,36051664,15.43,16.54,M3e
C03076,36001385,0.32,8.03,M3e
C03077,36045125,13.71,16.55,M3s
C03078,36062068,18.64,0.27,M1
C03079,36056132,17.01,16.09,M1
C03080,36083210,25.20,28.79,M2
C03081,36028162,8.58,18.63,M1
C03082,36097516,29.33,29.45,M3d
C03083,36064003,19.32,1.81,M3s
C03084,36018836,5.42,21.90,M3e
C03085,36068900,20.50,24.81,M3h
C03086,36010728,3.29,23.47,M3e
C03087,36030933,9.17,1.34,M3s
C03088,36094944,28.26,21.41,M1
C03089,36044055,13.28,17.63,M3s
C03090,36086318,25.93,0.36,M2
C03091,36030469,9.27,13.67,M1
C03092,36013687,4.16,20.98,M3e
C03093,36057752,17.21,17.08,M1
C03094,36041212,12.56,8.96,M3e
C03095,36083179,25.12,26.44,M3e
C03096,36064353,19.24,3.78,M3e
C03097,36094606,28.41,2.09,M3s
C03098,36024815,7.48,19.02,M2
C03099,36096428,28.98,20.42,M3e
C03100,36059384,17.71,14.24,M3e
C03101,36045280,13.77,2.60,M3h
C03102,36092905,27.84,7.06,M3s
C03103,36010218,3.15,20.63,M3h
C03104,36079055,23.76,8.47,M3d
C03105,36081258,24.46,13.67,M3s
C03106,36042452,12.84,12.00,M3s
C03107,36078792,23.50,5.58,M3s
C03108,36039826,11.99,1.07,M1
C03109,36028813,8.50,7.99,M3s
C03110,36009252,2.82,17.16,M3e
C03111,36013850,4.12,26.54,M3s
C03112,36082100,24.63,26.11,M3e
C03113,36064861,19.40,19.19,M3e
C03114,36064829,19.30,22.49,M3e
C03115,36092660,27.72,9.87,M3d
C03116,36006044,1.85,6.44,M3d
C03117,36048073,14.47,6.78,M3s
C03118,36008793,2.62,3.50,M3h
C03119,36054502,16.31,17.13,M2
C03120,36097238,29.21,6.59,M3e
C03121,36069638,20.84,24.09,M3e
C03122,36041761,12.42,6.76,M3e
C03123,36001458,0.50,5.74,M3e
C03124,36053851,15.99,29.64,M3e
C03125,36096997,29.02,23.33,M3s
C03126,36053738,16.19,17.43,M2
C03127,36032712,9.82,9.10,M1
C03128,36058321,17.59,16.78,M3e
C03129,36078424,23.64,8.59,M3h
C03130,36010786,3.20,17.70,M1
C03131,36083536,25.01,17.76,M2
C03132,36004258,1.36,20.39,M1
C03133,36038576,11.53,7.40,M1
C03134,36092137,27.82,3.65,M3e
C03135,36000153,0.21,17.90,M3h
C03136,36018021,5.43,23.32,M1
C03137,36091113,27.43,15.65,M3e
C03138,36039502,11.98,2.80,M3h
C03139,36026927,8.00,9.82,M3e
C03140,36061476,18.31,5.71,M1
C03141,36072658,21.88,24.56,M3s
C03142,36011726,3.59,20.43,M3d
C03143,36024726,7.22,10.04,M3e
C03144,36031883,9.52,8.74,M3e
C03145,36032808,9.77,21.72,M3d
C03146,36051582,15.39,21.44,M3e
C03147,36026563,7.93,1.79,M3s
C03148,36072166,21.85,16.12,M3h
C03149,36052352,15.61,21.39,M3e
C03150,36069963,20.95,0.49,M3h
C03151,36050992,15.02,10.93,M3d
C03152,36015058,4.52,2.24,M1
C03153,36037095,11.11,19.50,M1
C03154,36080890,24.26,24.54,M3d
C03155,36023547,7.11,28.08,M3h
C03156,36008876,2.55,18.93,M1
C03157,36049060,14.75,13.16,M3s
C03158,36095326,28.50,9.77,M3d
C03159,36021653,6.38,10.06,M3h
C03160,36077827,23.28,3.17,M1
C03161,36019774,5.75,14.66,M3d
C03162,36078355,23.69,18.36,M3e
C03163,36075039,22.76,15.39,M3e
C03164,36051674,15.32,28.64,M3e
C03165,36088309,26.55,3.80,M3s
C03166,36066839,19.84,26.32,M3e
C03167,36023865,7.07,6.52,M3h
C03168,36016366,5.01,17.15,M3e
C03169,36048270,14.47,0.67,M1
C03170,36044848,13.34,18.57,M2
C03171,36057746,17.10,11.51,M3e
C03172,36097249,29.12,25.60,M3e
C03173,36085554,25.59,20.17,M3h
C03174,36025213,7.63,3.71,M1
C03175,36090492,27.03,27.92,M3d
C03176,36077839,23.28,9.65,M1
C03177,36021173,6.56,17.30,M3d
C03178,36074918,22.39,13.95,M2
C03179,36069580,20.99,19.22,M3h
C03180,36049657,14.91,2.39,M3d
C03181,36081383,24.51,1.06,M1
C03182,36030851,9.20,0.53,M3d
C03183,36027493,8.17,3.56,M3e
C03184,36096836,29.08,5.68,M2
C03185,36074954,22.41,3.50,M3e
C03186,36013327,4.13,3.38,M3h
C03187,36091238,27.44,24.91,M2
C03188,36085486,25.53,16.35,M3e
C03189,36039731,11.89,0.64,M3d
C03190,36062414,18.83,1.34,M2
C03191,36030286,9.11,18.67,M1
C03192,36036948,11.02,12.68,M2
C03193,36078404,23.54,10.83,M2
C03194,36068933,20.69,1.63,M3s
C03195,36003191,1.19,13.27,M1
C03196,36056302,16.83,1.18,M1
C03197,36066833,19.90,10.61,M3e
C03198,36031335,9.42,22.48,M3s
C03199,36070761,21.11,13.05,M3s
C03200,36007361,2.16,15.35,M3d
C03201,36018488,5.68,19.55,M3e
C03202,36026227,7.96,0.43,M1
C03203,36038659,11.66,10.65,M3e
C03204,36019021,5.99,21.29,M3e
C03205,36044225,13.43,11.10,M3h
C03206,36021782,6.53,26.74,M3e
C03207,36091908,27.57,26.13,M3s
C03208,36056200,16.92,2.09,M3e
C03209,36097915,29.35,29.93,M3d
C03210,36046625,14.10,29.42,M1
C03211,36023749,6.96,5.85,M2
C03212,36066267,19.83,26.39,M3s
C03213,36060021,18.07,23.89,M3h
C03214,36004484,1.39,25.43,M1
C03215,36022338,6.81,2.19,M3s
C03216,36024262,7.32,21.97,M3h
C03217,36050687,15.01,12.35,M3s
C03218,36024185,7.36,12.45,M1
C03219,36008353,2.69,11.06,M2
C03220,36029110,8.86,15.77,M3e
C03221,36001075,0.39,14.21,M3e
C03222,36088832,26.62,13.95,M3s
C03223,36039826,11.94,18.25,M3e
C03224,36092491,27.85,28.00,M1
C03225,36060205,18.08,25.97,M3e
C03226,36065129,19.75,8.10,M1
C03227,36024457,7.35,14.55,M3e
C03228,36060673,18.01,14.35,M1
C03229,36072572,21.71,22.62,M3s
C03230,36031734,9.37,6.53,M3e
C03231,36005772,1.56,23.17,M3e
C03232,36044417,13.37,16.61,M1
C03233,36091322,27.44,10.95,M1
C03234,36071991,21.49,29.11,M3s
C03235,36011985,3.36,17.07,M3d
C03236,36092961,27.82,12.37,M3h
C03237,36023665,7.08,20.79,M1
C03238,36085171,25.69,25.11,M3e
C03239,36041667,12.42,5.41,M1
C03240,36085303,25.56,6.62,M2
C03241,36000694,0.07,14.34,M3e
C03242,36035668,10.79,7.54,M3s
C03243,36077774,23.30,5.44,M3e
C03244,36054489,16.34,23.09,M3e
C03245,36058370,17.60,21.10,M3h
C03246,36044618,13.24,4.35,M2
C03247,36079349,23.88,24.30,M1
C03248,36081692,24.51,27.65,M3s
C03249,36051098,15.48,15.07,M2
C03250,36018214,5.49,9.84,M3h
C03251,36004892,1.35,2.00,M1
C03252,36066111,20.08,2.44,M3d
C03253,36090122,27.25,3.34,M3e
C03254,36034781,10.25,18.34,M3e
C03255,36094274,28.29,9.17,M3h
C03256,36090430,27.29,19.81,M3e
C03257,36038351,11.60,24.16,M3s
C03258,36057085,17.35,9.81,M3e
C03259,36080480,24.23,22.01,M3e
C03260,36025414,7.57,8.39,M2
C03261,36067025,20.17,2.68,M3e
C03262,36090299,27.29,17.94,M2
C03263,36022838,6.64,23.23,M1
C03264,36094058,28.46,24.61,M2
C03265,36058830,17.60,9.16,M3s
C03266,36043286,13.17,13.51,M3s
C03267,36037473,11.15,13.75,M3d
C03268,36007465,2.11,2.77,M3e
C03269,36093048,27.98,13.10,M3e
C03270,36025533,7.71,3.70,M3e
C03271,36085565,25.78,24.80,M3s
C03272,36075131,22.72,1.91,M1
C03273,36076857,23.04,28.44,M3e
C03274,36015079,4.57,11.48,M3s
C03275,36037967,11.26,27.36,M2
C03276,36030433,9.07,28.13,M2
C03277,36024959,7.26,14.15,M3e
C03278,36062281,18.89,0.99,M3s
C03279,36064886,19.30,5.36,M3e
C03280,36082195,24.68,25.33,M2
C03281,36043923,12.94,15.74,M2
C03282,36042138,12.76,26.01,M3e
C03283,36025991,7.58,12.24,M3h
C03284,36081133,24.49,7.78,M3e
C03285,36035382,10.70,15.56,M3e
C03286,36036332,11.10,18.71,M3e
C03287,36012043,3.79,0.83,M3h
C03288,36079261,23.79,10.74,M3e
C03289,36021526,6.44,6.16,M3d
C03290,36087967,26.13,25.29,M3s
C03291,36084658,25.33,22.91,M3e
C03292,36044847,13.44,7.55,M1
C03293,36042326,12.89,26.68,M3d
C03294,36090659,27.17,27.75,M1
C03295,36046209,13.96,28.17,M2
C03296,36094590,28.35,22.05,M2
C03297,36098704,29.62,6.48,M3e
C03298,36032627,9.74,27.87,M3e
C03299,36090646,27.11,5.74,M3h
C03300,36005409,1.77,20.37,M3s
C03301,36037121,11.28,16.01,M3s
C03302,36048725,14.49,3.99,M3e
C03303,36093199,28.04,8.69,M3d
C03304,36072169,21.81,25.54,M3e
C03305,36030406,9.13,1.81,M1
C03306,36032169,9.85,2.98,M3s
C03307,36035726,10.51,22.42,M3s
C03308,36047369,14.30,17.36,M1
C03309,36070420,21.11,15.06,M3e
C03310,36013667,3.90,5.27,M2
C03311,36061440,18.57,13.49,M3d
C03312,36082025,24.81,8.62,M3h
C03313,36037638,11.39,18.06,M1
C03314,36008108,2.56,19.44,M3e
C03315,36024242,7.49,11.10,M3e
C03316,36065238,19.79,21.81,M3e
C03317,36060154,18.28,28.46,M3s
C03318,36098505,29.43,2.78,M3e
C03319,36050520,15.24,22.68,M3e
C03320,36072126,21.81,24.25,M1
C03321,36092801,27.69,8.96,M3e
C03322,36025999,7.57,8.18,M3e
C03323,36075669,22.62,19.37,M3h
C03324,36091798,27.57,9.51,M2
C03325,36015404,4.55,1.88,M1
C03326,36053954,15.97,11.38,M1
C03327,36030091,9.13,10.98,M2
C03328,36099000,29.80,22.96,M3s
C03329,36001200,0.31,12.51,M3d
C03330,36003953,1.03,6.42,M3e
C03331,36065112,19.73,13.43,M3h
C03332,36047466,14.13,18.35,M3h
C03333,36050215,15.26,15.21,M3s
C03334,36082206,24.83,19.11,M1
C03335,36094788,28.30,9.12,M3e
C03336,36002951,0.69,29.58,M3d
C03337,36070910,21.15,18.32,M3d
C03338,36020823,6.10,8.88,M2
C03339,36065580,19.68,26.19,M3d
C03340,36085231,25.53,9.58,M1
C03341,36022050,6.69,19.38,M1
C03342,36061270,18.50,9.08,M3e
C03343,36019191,5.77,24.16,M3e
C03344,36073762,22.15,3.21,M3e
C03345,36007994,2.29,5.06,M2
C03346,36064307,19.40,8.63,M3e
C03347,36044964,13.23,28.60,M3s
C03348,36086533,25.96,15.65,M3e
C03349,36027392,8.16,23.13,M3e
C03350,36008649,2.50,5.40,M3e
C03351,36042316,12.77,14.80,M3h
C03352,36028275,8.54,27.65,M3e
C03353,36062068,18.79,29.13,M3d
C03354,36063665,19.07,2.30,M3e
C03355,36047593,14.35,5.98,M1
C03356,36031130,9.34,5.72,M3s
C03357,36045441,13.64,17.79,M2
C03358,36004381,1.44,28.92,M3h
C03359,36065753,19.59,28.92,M3d
C03360,36047796,14.13,13.45,M3e
C03361,36025970,7.61,27.88,M3e
C03362,36036961,11.00,1.48,M3s
C03363,36069073,20.89,6.39,M3e
C03364,36025495,7.54,8.62,M1
C03365,36046248,13.98,14.41,M2
C03366,36003736,1.16,14.73,M3e
C03367,36028584,8.60,22.55,M2
C03368,36098542,29.47,0.81,M3d
C03369,36030584,9.24,2.89,M3e
C03370,36051581,15.59,26.05,M3s
C03371,36022729,6.83,8.22,M3d
C03372,36022423,6.63,27.69,M3e
C03373,36080554,24.09,28.64,M1
C03374,36008967,2.63,17.17,M3h
C03375,36030847,9.28,29.29,M3s
C03376,36092460,27.73,29.34,M3d
C03377,36043272,13.12,3.99,M3s
C03378,36049717,14.85,24.25,M3d
C03379,36054252,16.25,29.07,M3s
C03380,36096718,28.83,20.23,M3e
C03381,36094634,28.30,6.45,M3s
C03382,36086807,25.84,13.79,M3s
C03383,36091149,27.47,2.02,M3e
C03384,36084600,25.31,22.27,M3d
C03385,36066924,19.85,8.23,M3e
C03386,36059578,17.93,23.17,M2
C03387,36064093,19.35,18.90,M1
C03388,36064462,19.47,14.13,M3e
C03389,36038829,11.56,19.90,M3h
C03390,36033010,10.12,8.30,M3e
C03391,36018355,5.49,18.36,M2
C03392,36062143,18.65,11.02,M1
C03393,36020133,6.20,4.55,M3e
C03394,36074276,22.33,5.03,M3e
C03395,36096065,29.09,4.54,M3s
C03396,36087079,26.15,9.02,M1
C03397,36085523,25.57,7.60,M3e
C03398,36033011,10.04,16.65,M2
C03399,36059334,17.81,2.03,M3e
C03400,36043067,12.93,5.49,M3e
C03401,36004722,1.42,2.26,M2
C03402,36074095,22.20,2.35,M3h
C03403,36020902,6.00,13.59,M2
C03404,36056626,16.99,0.71,M3e
C03405,36030960,9.24,18.22,M3h
C03406,36058592,17.44,11.85,M3e
C03407,36049985,14.71,14.55,M3e
C03408,36099808,29.96,23.71,M3e
C03409,36070786,21.17,12.79,M3e
C03410,36070380,21.13,29.52,M3h
C03411,36080741,24.20,14.64,M3e
C03412,36099661,29.71,14.66,M3e
C03413,36095967,28.51,10.94,M3d
C03414,36076612,22.81,19.61,M3s
C03415,36056497,16.92,4.68,M3h
C03416,36002782,0.73,0.96,M3d
C03417,36015200,4.78,4.89,M3s
C03418,36090004,27.03,5.89,M2
C03419,36061593,18.46,3.44,M3e
C03420,36041951,12.46,19.55,M1
C03421,36017250,5.14,20.35,M3e
C03422,36021355,6.34,7.69,M3e
C03423,36014020,4.33,18.97,M3d
C03424,36093887,28.01,5.73,M3e
C03425,36024306,7.40,14.43,M3s
C03426,36086064,25.89,18.27,M3e
C03427,36007666,2.25,5.50,M3d
C03428,36075755,22.70,18.42,M3h
C03429,36042684,12.67,2.20,M1
C03430,36009028,2.75,5.52,M3e
C03431,36077757,23.13,26.61,M3h
C03432,36098110,29.63,8.48,M3d
C03433,36031732,9.59,7.50,M1
C03434,36013605,4.17,23.27,M3h
C03435,36053411,16.18,11.10,M3e
C03436,36047377,14.31,13.18,M3e
C03437,36050913,15.12,11.36,M3d
C03438,36002348,0.78,14.04,M3e
C03439,36096447,28.95,19.41,M3h
C03440,36088994,26.68,11.11,M3e
C03441,36035791,10.62,16.73,M3e
C03442,36019766,5.97,1.03,M3h
C03443,36029841,8.76,4.09,M3s
C03444,36078840,23.60,10.57,M3e
C03445,36083641,25.04,13.24,M3s
C03446,36070144,21.04,3.01,M3s
C03447,36028116,8.60,4.69,M2
C03448,36029629,8.75,12.94,M1
C03449,36049286,14.94,28.49,M3h
C03450,36013233,4.02,11.01,M3h
C03451,36075406,22.75,8.44,M3s
C03452,36070844,21.24,5.33,M3h
C03453,36018471,5.66,29.54,M3e
C03454,36094647,28.23,10.03,M1
C03455,36006215,1.86,7.14,M3e
C03456,36094544,28.33,29.87,M3e
C03457,36083019,25.04,16.77,M3h
C03458,36048390,14.68,19.46,M3s
C03459,36052794,15.79,12.18,M3e
C03460,36069923,20.87,21.39,M2
C03461,36076632,23.06,29.46,M1
C03462,36015050,4.64,20.65,M3s
C03463,36008273,2.52,13.30,M3e
C03464,36080253,24.15,25.05,M3d
C03465,36069603,20.82,10.27,M2
C03466,36003574,1.15,3.92,M3e
C03467,36091503,27.46,0.19,M3e
C03468,36009182,2.99,8.59,M2
C03469,36049775,14.97,14.77,M3e
C03470,36050919,15.20,19.01,M1
C03471,36080384,24.18,26.42,M3h
C03472,36060901,18.01,3.70,M2
C03473,36003828,1.17,8.45,M3e
C03474,36059226,17.94,3.39,M3e
C03475,36020361,6.10,13.01,M3e
C03476,36092570,27.82,16.79,M3h
C03477,36021239,6.42,10.95,M3s
C03478,36076707,23.04,18.56,M2
C03479,36002254,0.69,18.57,M3d
C03480,36078517,23.41,15.73,M3s
C03481,36042899,12.73,18.03,M3d
C03482,36083732,25.13,16.23,M3e
C03483,36000703,0.22,5.55,M3d
C03484,36068326,20.65,11.63,M3s
C03485,36078547,23.48,13.89,M3d
C03486,36077906,23.33,15.62,M3e
C03487,36011992,3.42,8.30,M1
C03488,36040127,12.18,6.45,M2
C03489,36011365,3.33,7.08,M3h
C03490,36048039,14.66,6.18,M1
C03491,36068179,20.53,15.98,M3e
C03492,36045031,13.74,25.54,M3h
C03493,36061926,18.41,22.88,M3e
C03494,36008761,2.46,20.46,M1
C03495,36000260,0.01,2.76,M3e
C03496,36032196,9.60,5.57,M3e
C03497,36040741,12.14,5.40,M3e
C03498,36028317,8.69,20.14,M3e
C03499,36071351,21.34,10.23,M1
C03500,36071514,21.39,0.56,M3e
C03501,36060520,18.29,29.85,M1
C03502,36049836,14.96,3.77,M3e
C03503,36052397,15.61,28.17,M3e
C03504,36026899,8.02,9.62,M3h
C03505,36089455,26.97,23.03,M2
C03506,36006701,2.07,28.51,M3e
C03507,36014172,4.45,6.68,M3s
C03508,36011952,3.47,12.73,M3s
C03509,36010338,3.17,27.40,M3d
C03510,36027307,8.15,5.93,M3e
C03511,36094006,28.48,4.78,M3s
C03512,36090419,27.05,13.62,M3s
C03513,36079457,23.89,27.33,M1
C03514,36035806,10.53,15.52,M3e
C03515,36017712,5.31,27.34,M3e
C03516,36095252,28.63,8.76,M3e
C03517,36026880,8.03,4.91,M3e
C03518,36088092,26.64,23.50,M3e
C03519,36006806,2.00,1.03,M3d
C03520,36046665,13.97,23.16,M3h
C03521,36066630,20.04,20.21,M2
C03522,36073576,22.09,2.51,M2
C03523,36055179,16.56,1.99,M3h
C03524,36036233,10.89,5.01,M3e
C03525,36025567,7.66,16.63,M3e
C03526,36095416,28.69,2.90,M3h
C03527,36041287,12.40,2.10,M3s
C03528,36002933,0.82,28.26,M3h
C03529,36027002,8.34,28.28,M3h
C03530,36058498,17.47,4.95,M3h
C03531,36034002,10.25,1.64,M3e
C03532,36009388,2.84,7.08,M3h
C03533,36083092,25.03,28.86,M3e
C03534,36014568,4.27,8.74,M3h
C03535,36016199,5.01,7.17,M2
C03536,36029914,8.98,16.81,M3s
C03537,36036403,10.95,23.14,M3h
C03538,36088159,26.64,18.62,M3s
C03539,36045460,13.57,22.33,M3e
C03540,36088262,26.48,29.81,M3h
C03541,36035901,10.71,8.95,M3e
C03542,36088322,26.69,11.37,M1
C03543,36006902,1.87,1.25,M3h
C03544,36025660,7.76,18.41,M3e
C03545,36084064,25.41,11.88,M1
C03546,36030667,9.03,11.88,M3d
C03547,36065740,19.69,21.57,M3s
C03548,36044197,13.28,3.11,M3d
C03549,36086599,25.82,7.72,M3s
C03550,36022946,6.76,0.40,M3e
C03551,36025664,7.71,18.69,M1
C03552,36035690,10.63,18.98,M3h
C03553,36051200,15.57,3.88,M3e
C03554,36060690,18.05,24.57,M3s
C03555,36060789,18.08,12.73,M3h
C03556,36066184,20.08,25.13,M3e
C03557,36033605,10.03,22.55,M3d
C03558,36098795,29.66,29.31,M3h
C03559,36004549,1.28,10.98,M3e
C03560,36003908,0.93,3.61,M3e
C03561,36045865,13.75,11.53,M3h
C03562,36034159,10.29,25.73,M2
C03563,36084369,25.30,25.56,M3h
C03564,36033372,9.96,12.59,M3s
C03565,36083009,25.03,7.88,M3d
C03566,36074690,22.46,9.96,M3d
C03567,36009231,2.95,5.02,M3e
C03568,36083076,24.95,5.76,M3e
C03569,36003891,0.99,12.15,M1
C03570,36029440,8.87,12.35,M3e
C03571,36084809,25.24,16.00,M3d
C03572,36044271,13.42,19.79,M3h
C03573,36021037,6.55,7.30,M3s
C03574,36035769,10.51,2.53,M3e
C03575,36024204,7.31,22.16,M2
C03576,36068274,20.40,26.43,M3e
C03577,36033450,10.15,17.45,M3e
C03578,36085914,25.65,21.26,M3h
C03579,36013709,3.97,25.78,M3e
C03580,36072073,21.89,6.44,M3s
C03581,36017417,5.31,9.53,M3e
C03582,36080469,24.12,0.04,M3h
C03583,36093641,28.16,12.84,M3h
C03584,36082403,24.68,8.72,M3e
C03585,36041930,12.53,14.07,M3h
C03586,36001696,0.60,16.88,M3s
C03587,36010104,3.20,12.94,M3d
C03588,36016666,4.98,25.81,M3s
C03589,36012835,3.85,22.08,M3d
C03590,36069028,20.75,19.30,M1
C03591,36039897,11.88,25.00,M3e
C03592,36085782,25.71,5.08,M3e
C03593,36003412,1.00,24.51,M3e
C03594,36081383,24.51,23.52,M3d
C03595,36043680,12.93,24.53,M3h
C03596,36024252,7.41,26.86,M2
C03597,36013833,4.06,29.02,M3h
C03598,36060752,18.08,10.32,M3d
C03599,36070639,21.12,5.01,M3e
C03600,36019538,5.92,8.07,M3s
C03601,36073416,22.06,25.83,M3s
C03602,36061708,18.50,13.59,M3d
C03603,36014375,4.45,4.48,M3d
C03604,36054972,16.21,1.96,M3e
C03605,36051230,15.51,22.56,M3e
C03606,36075885,22.75,26.25,M3e
C03607,36084949,25.28,26.04,M1
C03608,36089001,26.98,0.81,M1
C03609,36068516,20.51,6.05,M3e
C03610,36071031,21.58,15.69,M3h
C03611,36025889,7.79,13.78,M3e
C03612,36021336,6.55,1.18,M3h
C03613,36017057,5.30,13.22,M3d
C03614,36049101,14.93,26.42,M3e
C03615,36058279,17.62,24.80,M3d
C03616,36027326,8.23,10.59,M1
C03617,36050776,15.29,6.20,M3h
C03618,36001639,0.36,17.52,M1
C03619,36047170,14.13,16.23,M3e
C03620,36093178,28.00,10.45,M3e
C03621,36002063,0.75,18.19,M3d
C03622,36038586,11.48,15.50,M3d
C03623,36075598,22.56,28.47,M3h
C03624,36048475,14.43,28.78,M3e
C03625,36002023,0.70,0.23,M3e
C03626,36085759,25.72,26.00,M3d
C03627,36084447,25.26,11.20,M3s
C03628,36025994,7.79,10.64,M3e
C03629,36048266,14.45,24.35,M3s
C03630,36030605,9.23,1.72,M1
C03631,36032222,9.70,1.40,M2
C03632,36075657,22.71,15.03,M3s
C03633,36049212,14.74,3.09,M3e
C03634,36039807,11.74,13.77,M3h
C03635,36021327,6.36,2.80,M3e
C03636,36021217,6.35,2.69,M1
C03637,36067614,20.24,29.49,M3e
C03638,36065936,19.52,10.46,M3h
C03639,36011955,3.37,27.76,M2
C03640,36070045,21.18,6.59,M3s
C03641,36027395,8.21,28.89,M3h
C03642,36023856,7.03,5.93,M3e
C03643,36009456,2.92,19.49,M3e
C03644,36085752,25.69,17.92,M3s
C03645,36086369,25.83,0.60,M3e
C03646,36008276,2.51,12.78,M3e
C03647,36055426,16.57,27.53,M3e
C03648,36057327,17.28,12.58,M3h
C03649,36033345,10.12,19.66,M3d
C03650,36085605,25.65,24.56,M3h
C03651,36011027,3.48,14.32,M3e
C03652,36077494,23.32,29.45,M3e
C03653,36021100,6.51,6.81,M3s
C03654,36032624,9.62,7.03,M3s
C03655,36019054,5.87,25.22,M2
C03656,36085580,25.56,16.42,M3e
C03657,36082256,24.84,8.47,M1
C03658,36010551,3.03,22.68,M3h
C03659,36025249,7.59,22.21,M3h
C03660,36001591,0.35,29.12,M3s
C03661,36028872,8.65,0.80,M2
C03662,36073926,21.93,3.29,M3d
C03663,36020457,6.02,19.00,M3d
C03664,36073137,22.08,1.01,M2
C03665,36047085,14.33,7.36,M3h
C03666,36004096,1.35,9.63,M3s
C03667,36050729,15.13,29.60,M2
C03668,36079826,23.94,11.78,M3s
C03669,36090935,27.01,12.69,M3d
C03670,36019902,5.97,16.97,M3s
C03671,36027935,8.11,15.68,M3e
C03672,36050007,15.27,21.40,M3e
C03673,36009485,2.76,22.99,M3h
C03674,36085307,25.73,0.28,M3e
C03675,36047450,14.32,5.70,M3e
C03676,36040539,12.13,29.82,M3d
C03677,36050898,15.06,19.36,M3e
C03678,36011530,3.34,6.88,M1
C03679,36057042,17.35,15.13,M2
C03680,36010236,3.06,9.84,M3e
C03681,36081553,24.44,16.62,M3d
C03682,36095712,28.79,7.10,M2
C03683,36006968,1.93,26.00,M3s
C03684,36078813,23.65,5.04,M3h
C03685,36082541,24.84,28.17,M3e
C03686,36052226,15.78,13.75,M3s
C03687,36089172,26.91,4.26,M1
C03688,36003049,0.94,23.28,M3e
C03689,36046266,13.82,18.00,M3e
C03690,36007627,2.23,26.39,M3s
C03691,36025579,7.53,6.65,M3e
C03692,36044752,13.46,28.38,M3e
C03693,36025976,7.80,29.98,M1
C03694,36028039,8.68,25.76,M3e
C03695,36074620,22.31,28.65,M3e
C03696,36039990,11.72,29.49,M3e
C03697,36076213,22.94,1.49,M3s
C03698,36024791,7.25,25.98,M1
C03699,36011853,3.42,1.39,M3h
C03700,36015348,4.74,22.62,M1
C03701,36024984,7.32,29.40,M3e
C03702,36090644,27.26,12.54,M3h
C03703,36062531,18.62,25.27,M3d
C03704,36088453,26.41,27.04,M3d
C03705,36021119,6.39,20.06,M2
C03706,36090627,27.24,28.15,M3e
C03707,36084662,25.26,16.78,M3e
C03708,36022985,6.63,15.71,M1
C03709,36078056,23.54,23.76,M3h
C03710,36065550,19.51,21.40,M3e
C03711,36040511,12.25,25.61,M1
C03712,36041028,12.55,5.57,M3h
C03713,36017095,5.24,29.12,M2
C03714,36086450,26.08,27.40,M3d
C03715,36052143,15.69,23.64,M3e
C03716,36061272,18.45,0.70,M1
C03717,36016200,4.84,5.74,M1
C03718,36029311,8.78,24.81,M3h
C03719,36083590,25.06,15.60,M3e
C03720,36042674,12.71,24.31,M2
C03721,36070521,21.28,6.58,M3d
C03722,36008878,2.46,3.70,M2
C03723,36054965,16.25,4.10,M3d
C03724,36085483,25.53,18.59,M1
C03725,36083280,25.09,28.57,M3h
C03726,36069829,20.73,26.06,M3d
C03727,36058410,17.62,0.29,M3d
C03728,36065098,19.58,17.21,M2
C03729,36016396,4.89,18.41,M1
C03730,36082093,24.89,14.07,M3h
C03731,36043320,13.17,9.51,M3d
C03732,36036493,11.02,2.55,M3s
C03733,36023611,7.10,11.70,M3e
C03734,36056911,16.82,12.99,M3e
C03735,36019563,5.81,21.06,M3e
C03736,36027878,8.34,28.24,M3s
C03737,36016867,4.85,15.37,M3e
C03738,36077106,23.15,2.89,M3h
C03739,36043682,12.94,11.87,M3e
C03740,36047858,14.30,8.17,M3e
C03741,36066910,19.88,1.63,M3e
C03742,36000980,0.13,20.48,M3h
C03743,36089408,26.73,29.22,M1
C03744,36088163,26.63,14.64,M3e
C03745,36015249,4.53,23.92,M2
C03746,36047575,14.24,12.43,M3s
C03747,36082379,24.78,28.90,M3e
C03748,36094794,28.22,10.42,M3e
C03749,36060887,18.20,16.64,M3e
C03750,36021428,6.33,3.03,M1
C03751,36054357,16.34,20.29,M2
C03752,36098759,29.59,13.49,M3h
C03753,36092763,27.84,28.64,M3d
C03754,36099217,29.84,12.55,M3d
C03755,36039830,11.89,13.16,M3e
C03756,36056514,17.06,15.37,M1
C03757,36043225,13.02,15.99,M1
C03758,36043218,12.97,13.26,M2
C03759,36044475,13.44,27.08,M3e
C03760,36082214,24.81,7.45,M3h
C03761,36069635,20.97,14.65,M3s
C03762,36006574,2.06,17.50,M3s
C03763,36084733,25.48,19.90,M2
C03764,36063027,19.07,27.20,M3h
C03765,36017774,5.19,23.75,M3h
C03766,36067041,20.11,3.06,M3s
C03767,36062948,18.85,22.64,M2
C03768,36085835,25.65,0.28,M3d
C03769,36035056,10.56,2.22,M3s
C03770,36045583,13.68,22.15,M3e
C03771,36053851,15.94,5.95,M1
C03772,36006514,1.93,14.40,M3s
C03773,36037676,11.24,14.15,M3e
C03774,36064200,19.46,21.60,M1
C03775,36069796,20.74,7.24,M2
C03776,36018970,5.69,28.49,M3h
C03777,36091019,27.50,27.79,M3e
C03778,36063268,19.12,10.10,M3e
C03779,36008891,2.60,25.94,M3s
C03780,36038543,11.68,23.58,M3e
C03781,36095710,28.63,14.24,M3e
C03782,36045938,13.78,21.47,M3s
C03783,36004226,1.24,19.31,M3d
C03784,36033397,10.13,10.99,M3e
C03785,36089465,26.91,17.69,M3d
C03786,36049128,14.71,20.93,M3h
C03787,36092643,27.68,11.34,M3e
C03788,36073206,21.91,17.44,M3e
C03789,36038190,11.57,23.03,M3h
C03790,36087544,26.39,0.34,M3e
C03791,36021537,6.39,13.74,M3e
C03792,36061492,18.55,15.08,M3s
C03793,36007666,2.19,4.24,M3s
C03794,36067687,20.32,12.70,M3s
C03795,36050441,15.11,15.61,M2
C03796,36051887,15.56,1.18,M3h
C03797,36094252,28.38,25.23,M3e
C03798,36061534,18.56,12.68,M3d
C03799,36047161,14.15,8.69,M1
C03800,36022904,6.73,7.90,M3e
C03801,36016917,5.04,15.17,M3e
C03802,36060982,18.30,0.75,M1
C03803,36023421,7.01,25.01,M3e
C03804,36011603,3.36,9.49,M3h
C03805,36026781,7.84,11.67,M3s
C03806,36019048,6.00,27.91,M3e
C03807,36007427,2.27,20.13,M2
C03808,36002520,0.89,15.45,M3e
C03809,36083783,24.93,28.24,M1
C03810,36010859,3.23,0.28,M3e
C03811,36031739,9.54,2.06,M3h
C03812,36089843,26.73,2.46,M3e
C03813,36092197,27.65,25.09,M3s
C03814,36025546,7.61,19.42,M3d
C03815,36057325,17.15,28.83,M3d
C03816,36057072,17.29,14.70,M3e
C03817,36035760,10.68,26.58,M1
C03818,36093354,28.11,9.83,M1
C03819,36047588,14.33,7.54,M3h
C03820,36032058,9.72,1.69,M2
C03821,36086023,25.88,23.74,M3s
C03822,36059825,17.75,15.24,M3e
C03823,36024851,7.26,2.94,M3e
C03824,36097944,29.36,14.85,M3h
C03825,36048011,14.56,1.27,M3d
C03826,36044025,13.32,28.22,M1
C03827,36005329,1.56,22.14,M1
C03828,36090710,27.19,24.20,M1
C03829,36056560,16.92,10.01,M3h
C03830,36046566,14.08,9.65,M3e
C03831,36068074,20.56,3.22,M3e
C03832,36062582,18.86,13.39,M3h
C03833,36081473,24.33,18.14,M2
C03834,36074001,22.44,2.59,M3e
C03835,36031561,9.56,3.33,M2
C03836,36042946,12.72,10.12,M3h
C03837,36025449,7.65,9.20,M3d
C03838,36090782,27.17,3.57,M3e
C03839,36086592,25.91,28.15,M3h
C03840,36080701,24.03,0.49,M3e
C03841,36029382,8.82,26.61,M3e
C03842,36081622,24.44,24.02,M3e
C03843,36034380,10.29,3.74,M3s
C03844,36002615,0.89,5.39,M3e
C03845,36042564,12.83,25.36,M3e
C03846,36055342,16.53,10.40,M2
C03847,36049118,14.84,5.74,M3h
C03848,36037669,11.10,22.77,M3s
C03849,36055285,16.65,8.30,M1
C03850,36047732,14.23,2.52,M3h
C03851,36005932,1.62,22.52,M1
C03852,36090863,27.05,8.66,M3e
C03853,36042174,12.67,9.48,M1
C03854,36074839,22.22,6.32,M3e
C03855,36007694,2.10,16.63,M3s
C03856,36081150,24.30,14.93,M3e
C03857,36037391,11.31,0.28,M3s
C03858,36078897,23.45,29.98,M3h
C03859,36029649,8.71,6.23,M3e
C03860,36063468,19.18,19.29,M3d
C03861,36022583,6.82,17.62,M3e
C03862,36078236,23.70,21.53,M2
C03863,36074588,22.49,6.96,M3d
C03864,36015119,4.76,1.19,M3e
C03865,36094209,28.44,1.43,M3e
C03866,36069107,20.95,21.01,M3h
C03867,36077470,23.36,3.09,M3h
C03868,36071672,21.35,12.31,M3e
C03869,36059049,17.71,8.76,M3h
C03870,36085701,25.52,7.03,M3h
C03871,36099239,29.71,7.58,M3e
C03872,36009030,2.81,15.81,M3s
C03873,36072106,21.86,11.25,M3e
C03874,36023802,7.11,11.77,M1
C03875,36002659,0.85,27.54,M3e
C03876,36081560,24.48,27.12,M1
C03877,36041343,12.50,21.87,M1
C03878,36078988,23.59,8.52,M1
C03879,36032014,9.86,1.24,M3e
C03880,36079465,23.78,0.28,M3e
C03881,36088611,26.48,14.45,M1
C03882,36015415,4.54,28.86,M1
C03883,36038211,11.49,24.17,M3e
C03884,36033830,9.92,12.70,M3d
C03885,36034055,10.33,24.18,M3e
C03886,36084868,25.36,4.09,M3e
C03887,36063387,18.99,8.34,M1
C03888,36037207,11.27,2.84,M3e
C03889,36015071,4.72,23.62,M3e
C03890,36001031,0.39,15.20,M2
C03891,36028064,8.66,7.12,M3e
C03892,36056632,16.92,18.22,M3e
C03893,36017769,5.18,0.27,M3e
C03894,36081251,24.40,12.86,M3e
C03895,36089277,26.99,1.11,M3d
C03896,36090739,27.17,19.22,M3e
C03897,36030325,9.12,27.93,M2
C03898,36032077,9.78,6.27,M3e
C03899,36077258,23.11,26.78,M3e
C03900,36045039,13.52,7.73,M3e
C03901,36052547,15.62,10.03,M3s
C03902,36096308,28.92,17.18,M3e
C03903,36024225,7.24,18.32,M1
C03904,36067809,20.19,1.41,M3s
C03905,36097877,29.26,28.70,M3s
C03906,36075236,22.51,0.20,M3d
C03907,36056817,16.84,18.62,M3e
C03908,36003623,1.06,11.20,M3e
C03909,36054266,16.40,7.41,M3e
C03910,36010288,3.22,21.68,M3e
C03911,36021041,6.35,1.61,M1
C03912,36009778,2.88,0.52,M1
C03913,36093032,28.06,10.85,M3e
C03914,36032153,9.75,4.25,M3e
C03915,36077188,23.33,23.16,M2
C03916,36055976,16.62,16.32,M2
C03917,36095638,28.59,21.33,M3e
C03918,36080459,24.00,12.37,M1
C03919,36061656,18.41,21.97,M3e
C03920,36032484,9.70,6.52,M3d
C03921,36099047,29.85,8.31,M1
C03922,36011749,3.35,17.94,M3s
C03923,36094074,28.43,20.17,M2
C03924,36089447,26.85,1.07,M3e
C03925,36033571,10.07,16.44,M3h
C03926,36029349,8.95,16.29,M3e
C03927,36034561,10.43,20.80,M3e
C03928,36072890,21.65,26.86,M3d
C03929,36091818,27.42,28.76,M3e
C03930,36096225,28.90,6.91,M3s
C03931,36045556,13.67,26.45,M3e
C03932,36005460,1.50,5.98,M1
C03933,36099367,29.77,6.47,M1
C03934,36052482,15.65,1.23,M3s
C03935,36024921,7.48,21.24,M3d
C03936,36024108,7.21,24.19,M3h
C03937,36042337,12.74,11.85,M2
C03938,36091525,27.58,9.02,M1
C03939,36044731,13.49,9.30,M2
C03940,36005306,1.59,1.95,M3s
C03941,36043960,13.05,29.39,M3d
C03942,36030349,9.23,15.78,M3s
C03943,36016440,4.87,27.95,M3s
C03944,36095782,28.71,29.30,M3d
C03945,36018317,5.54,14.00,M3h
C03946,36087585,26.18,26.93,M3e
C03947,36019542,5.82,20.40,M3s
C03948,36072910,21.77,9.65,M3h
C03949,36011114,3.50,17.49,M1
C03950,36090662,27.23,5.12,M3h
C03951,36019514,5.99,26.33,M3h
C03952,36025545,7.69,19.87,M3h
C03953,36087088,26.21,20.75,M3s
C03954,36064157,19.27,13.44,M1
C03955,36072574,21.83,24.32,M1
C03956,36076941,22.99,22.48,M3e
C03957,36091986,27.49,28.02,M3e
C03958,36056450,17.00,10.90,M3e
C03959,36095444,28.66,9.11,M3h
C03960,36060027,18.03,9.98,M3s
C03961,36073947,22.02,20.55,M1
C03962,36029564,8.97,24.06,M3h
C03963,36097729,29.11,27.72,M1
C03964,36041520,12.34,11.25,M3h
C03965,36086317,25.97,10.80,M3s
C03966,36057240,17.39,8.52,M3e
C03967,36056771,17.00,11.57,M3d
C03968,36058147,17.57,10.74,M1
C03969,36036825,11.03,24.10,M3e
C03970,36085170,25.79,7.53,M3s
C03971,36058862,17.55,16.51,M3h
C03972,36054935,16.45,24.74,M1
C03973,36025376,7.53,14.02,M3e
C03974,36016370,4.87,23.05,M3e
C03975,36087293,26.12,20.10,M3e
C03976,36072650,21.75,6.98,M3s
C03977,36024992,7.30,28.69,M3e
C03978,36090373,27.19,14.22,M2
C03979,36044724,13.49,6.07,M2
C03980,36023609,7.10,9.07,M3h
C03981,36061362,18.51,8.26,M3e
C03982,36012734,3.71,27.03,M3d
C03983,36031425,9.31,28.57,M3e
C03984,36068535,20.41,8.13,M3d
C03985,36021568,6.55,7.07,M3s
C03986,36096407,28.87,17.34,M3e
C03987,36049882,14.71,13.89,M3d
C03988,36098837,29.53,21.99,M2
C03989,36038070,11.67,12.10,M3s
C03990,36043940,12.98,1.36,M3e
C03991,36077624,23.28,12.02,M3d
C03992,36021565,6.45,2.41,M3h
C03993,36020498,6.24,19.33,M3e
C03994,36097069,29.34,4.41,M3s
C03995,36081339,24.33,7.55,M3e
C03996,36072869,21.72,27.36,M3e
C03997,36092037,27.74,14.54,M3h
C03998,36007126,2.12,8.76,M3e
C03999,36035103,10.50,11.62,M3h
C04000,36021785,6.50,16.86,M3s
C04001,36047222,14.18,0.16,M1
C04002,36015380,4.77,13.61,M3e
C04003,36005707,1.65,18.11,M3d
C04004,36068110,20.45,0.23,M3d
C04005,36075861,22.72,22.53,M3s
C04006,36007247,2.33,0.08,M1
C04007,36087178,26.21,3.59,M3d
C04008,36095841,28.62,28.64,M3d
C04009,36032706,9.62,28.21,M3d
C04010,36059669,17.91,25.63,M3h
C04011,36073234,22.01,2.53,M2
C04012,36022182,6.75,11.75,M2
C04013,36044138,13.39,19.32,M3e
C04014,36036732,10.88,20.41,M3e
C04015,36099043,29.95,25.87,M3s
C04016,36036303,10.95,0.94,M3h
C04017,36063340,19.08,16.13,M3s
C04018,36084050,25.38,8.83,M3e
C04019,36071334,21.38,8.24,M2
C04020,36077749,23.18,0.65,M1
C04021,36097127,29.25,15.06,M3s
C04022,36072646,21.65,13.43,M3s
C04023,36055875,16.67,15.63,M3e
C04024,36042007,12.77,29.65,M3s
C04025,36077068,23.36,2.02,M3h
C04026,36071147,21.59,29.82,M3s
C04027,36014900,4.24,27.70,M3e
C04028,36033496,9.94,25.60,M3h
C04029,36049148,14.91,21.09,M3e
C04030,36090857,27.04,9.20,M3d
C04031,36049959,14.95,28.90,M3e
C04032,36032708,9.61,14.02,M3e
C04033,36077981,23.33,8.85,M3e
C04034,36026702,7.86,2.90,M3e
C04035,36053269,16.04,21.95,M3h
C04036,36062100,18.88,21.64,M3e
C04037,36097643,29.37,23.93,M3h
C04038,36012521,3.65,14.28,M3h
C04039,36026753,8.02,25.47,M3h
C04040,36000017,0.03,15.94,M3d
C04041,36009286,2.85,10.64,M1
C04042,36000397,0.20,5.20,M1
C04043,36091430,27.48,18.08,M3h
C04044,36014508,4.46,16.37,M1
C04045,36012038,3.74,1.35,M2
C04046,36092376,27.78,14.82,M1
C04047,36071578,21.56,11.04,M3d
C04048,36044970,13.48,28.69,M3e
C04049,36037615,11.18,26.12,M3e
C04050,36010598,3.25,28.62,M1
C04051,36030113,9.15,23.66,M1
C04052,36083409,25.09,15.03,M3e
C04053,36065782,19.54,25.99,M3s
C04054,36017554,5.36,4.98,M3e
C04055,36095367,28.53,17.22,M3s
C04056,36054155,16.50,26.00,M1
C04057,36028566,8.47,26.66,M3e
C04058,36091313,27.50,22.46,M3e
C04059,36006613,1.91,22.81,M3e
C04060,36088201,26.69,27.67,M3d
C04061,36034017,10.37,4.44,M3h
C04062,36097010,29.27,29.94,M3e
C04063,36074362,22.24,16.05,M3e
C04064,36015740,4.76,10.06,M3s
C04065,36030751,9.01,12.53,M3h
C04066,36029311,8.89,24.04,M3d
C04067,36063786,18.92,26.09,M3h
C04068,36043193,13.09,23.45,M3d
C04069,36063396,18.96,5.07,M1
C04070,36048013,14.55,21.72,M3e
C04071,36034870,10.32,5.22,M1
C04072,36074561,22.49,22.80,M3h
C04073,36043723,12.92,5.93,M3s
C04074,36004695,1.50,24.01,M3e
C04075,36011853,3.39,17.17,M3h
C04076,36038738,11.68,6.61,M2
C04077,36080761,24.06,27.67,M3e
C04078,36072162,21.84,10.90,M3h
C04079,36054508,16.36,23.98,M3e
C04080,36037644,11.32,29.81,M3h
C04081,36042911,12.83,8.22,M3e
C04082,36069669,20.85,8.95,M3d
C04083,36027655,8.29,10.04,M3h
C04084,36004446,1.41,8.54,M3e
C04085,36061326,18.58,26.30,M3e
C04086,36074384,22.30,8.03,M3s
C04087,36071585,21.51,17.85,M3d
C04088,36082390,24.87,27.86,M3d
C04089,36009044,2.84,10.42,M1
C04090,36013357,4.04,2.56,M3d
C04091,36077444,23.14,24.11,M3h
C04092,36019909,5.71,27.55,M3e
C04093,36049561,14.83,9.20,M1
C04094,36089107,26.79,11.09,M3s
C04095,36081081,24.39,12.14,M3s
C04096,36086963,25.88,20.19,M3h
C04097,36034554,10.49,4.42,M3d
C04098,36036784,10.89,8.76,M3e
C04099,36069592,20.75,28.37,M1
C04100,36069374,20.87,23.12,M3d
C04101,36085205,25.52,10.23,M3e
C04102,36008590,2.65,5.07,M3h
C04103,36012056,3.81,16.73,M3d
C04104,36044018,13.46,1.46,M3d
C04105,36027049,8.22,23.26,M3e
C04106,36044289,13.39,16.21,M2
C04107,36043821,12.97,26.57,M3e
C04108,36063119,18.92,26.56,M1
C04109,36008212,2.55,5.30,M1
C04110,36065533,19.79,6.53,M3d
C04111,36007508,2.14,19.47,M2
C04112,36023883,7.12,14.20,M3e
C04113,36042829,12.83,0.08,M3s
C04114,36099887,29.95,18.13,M3e
C04115,36060534,18.30,6.67,M3s
C04116,36020436,6.10,7.04,M1
C04117,36005336,1.56,26.52,M3d
C04118,36003984,1.11,10.15,M3s
C04119,36087229,26.13,19.59,M3d
C04120,36007525,2.15,28.99,M3s
C04121,36084821,25.35,18.62,M3e
C04122,36077673,23.27,10.06,M2
C04123,36016605,4.91,15.29,M1
C04124,36038125,11.55,2.82,M3e
C04125,36035926,10.55,2.16,M2
C04126,36076251,23.01,15.99,M2
C04127,36026766,7.83,1.23,M3e
C04128,36043475,13.09,5.24,M2
C04129,36031865,9.56,3.57,M2
C04130,36008389,2.61,18.45,M3e
C04131,36096746,29.03,28.06,M3e
C04132,36089844,26.76,14.30,M3e
C04133,36066270,19.96,10.42,M3s
C04134,36043793,13.04,8.99,M3e
C04135,36047458,14.30,27.71,M3d
C04136,36024637,7.41,2.69,M3h
C04137,36048581,14.65,21.63,M3e
C04138,36076627,22.80,10.70,M3e
C04139,36000168,0.18,0.52,M2
C04140,36041027,12.32,0.97,M3d
C04141,36086649,26.02,20.80,M3e
C04142,36078182,23.49,11.38,M3e
C04143,36050901,15.09,5.85,M3e
C04144,36053361,16.14,21.11,M3d
C04145,36063430,18.98,24.46,M2
C04146,36088414,26.41,15.55,M3e
C04147,36008780,2.48,13.42,M3d
C04148,36003798,0.93,11.18,M3h
C04149,36015101,4.57,2.83,M3h
C04150,36071575,21.37,29.43,M3d
C04151,36072130,21.84,19.01,M3s
C04152,36068040,20.41,18.77,M2
C04153,36096131,29.01,20.36,M3s
C04154,36049205,14.81,15.12,M3e
C04155,36081411,24.40,1.44,M3e
C04156,36009523,2.99,23.16,M2
C04157,36054830,16.33,0.54,M3d
C04158,36049346,14.99,29.24,M1
C04159,36008408,2.60,19.46,M3e
C04160,36009041,2.81,29.37,M3s
C04161,36048173,14.64,24.01,M1
C04162,36096279,28.82,8.50,M3e
C04163,36097226,29.22,7.35,M3h
C04164,36034778,10.22,25.62,M1
C04165,36083694,24.94,8.88,M3h
C04166,36089506,26.84,17.17,M1
C04167,36076829,22.91,2.40,M3e
C04168,36011616,3.46,14.44,M3e
C04169,36014799,4.35,0.27,M1
C04170,36056723,17.08,4.09,M3e
C04171,36093670,28.07,2.71,M3e
C04172,36019300,5.93,0.66,M3s
C04173,36053564,16.04,25.60,M3d
C04174,36087984,26.18,24.73,M3e
C04175,36056480,16.93,17.73,M3h
C04176,36023817,7.01,10.11,M1
C04177,36008100,2.67,14.01,M1
C04178,36091400,27.38,6.15,M2
C04179,36035346,10.58,6.19,M3d
C04180,36031534,9.44,5.98,M3e
C04181,36097334,29.26,12.06,M1
C04182,36084312,25.34,1.19,M3s
C04183,36072217,21.89,10.50,M2
C04184,36007218,2.17,13.10,M3d
C04185,36069389,20.92,9.89,M3s
C04186,36014126,4.20,29.19,M3e
C04187,36000104,0.11,10.38,M3h
C04188,36007264,2.38,27.14,M3d
C04189,36075419,22.56,18.17,M1
C04190,36013982,4.06,11.78,M3e
C04191,36064725,19.21,12.13,M2
C04192,36080260,24.26,29.40,M2
C04193,36094417,28.48,14.30,M3e
C04194,36042302,12.79,3.35,M1
C04195,36022810,6.65,19.31,M2
C04196,36031753,9.52,25.87,M3e
C04197,36005578,1.75,15.09,M1
C04198,36045563,13.56,11.92,M3e
C04199,36022810,6.61,16.16,M2
C04200,36018446,5.62,7.93,M3e
C04201,36026194,7.92,13.10,M3s
C04202,36099420,29.95,28.73,M1
C04203,36070567,21.17,3.66,M2
C04204,36004514,1.38,14.32,M3e
C04205,36077460,23.36,26.46,M3e
C04206,36085608,25.57,29.01,M3e
C04207,36051326,15.48,21.00,M3h
C04208,36043613,12.95,21.57,M3d
C04209,36024656,7.39,26.70,M1
C04210,36016233,5.04,10.59,M3h
C04211,36093949,28.12,1.48,M3e
C04212,36055427,16.73,4.13,M1
C04213,36094080,28.38,12.96,M3e
C04214,36016332,5.08,19.85,M3e
C04215,36027158,8.19,8.79,M3s
C04216,36050414,15.01,15.89,M3d
C04217,36076486,22.99,13.72,M1
C04218,36008345,2.65,7.19,M3s
C04219,36085046,25.67,28.74,M3e
C04220,36015676,4.56,27.27,M3h
C04221,36022868,6.81,14.86,M3h
C04222,36006192,1.91,9.96,M3e
C04223,36061687,18.59,5.80,M3e
C04224,36095403,28.79,16.94,M3e
C04225,36035452,10.63,4.15,M1
C04226,36025162,7.56,13.24,M3e
C04227,36008675,2.40,9.75,M3h
C04228,36039158,11.79,6.97,M3e
C04229,36097043,29.11,26.10,M1
C04230,36047741,14.26,21.46,M3e
C04231,36065230,19.73,13.79,M1
C04232,36093252,27.92,16.33,M3d
C04233,36073765,21.99,28.45,M3e
C04234,36055403,16.60,8.75,M3h
C04235,36060853,18.28,18.28,M3d
C04236,36088546,26.47,1.14,M3e
C04237,36016770,4.96,8.81,M3e
C04238,36029107,8.70,5.44,M2
C04239,36021906,6.38,25.60,M3s
C04240,36093755,28.16,12.09,M3d
C04241,36016621,4.85,13.77,M3s
C04242,36058183,17.57,5.64,M3d
C04243,36086663,25.88,16.11,M1
C04244,36067127,20.27,15.49,M3h
C04245,36025336,7.71,11.54,M3h
C04246,36098653,29.54,17.84,M3d
C04247,36049984,14.97,8.65,M1
C04248,36001772,0.45,26.25,M1
C04249,36084526,25.23,19.72,M2
C04250,36036332,10.81,12.55,M3h
C04251,36030508,9.19,3.14,M3e
C04252,36064108,19.37,28.90,M3s
C04253,36064654,19.37,6.26,M1
C04254,36095327,28.65,7.40,M3s
C04255,36054551,16.36,29.79,M2
C04256,36028178,8.69,28.62,M2
C04257,36026704,7.94,25.26,M3e
C04258,36041047,12.46,9.22,M3d
C04259,36090588,27.24,14.99,M3e
C04260,36077440,23.18,17.97,M3h
C04261,36034258,10.28,2.77,M3s
C04262,36048454,14.60,3.71,M2
C04263,36099146,29.90,26.25,M3e
C04264,36066553,19.89,22.44,M3s
C04265,36037956,11.31,0.53,M3e
C04266,36035731,10.58,7.01,M3d
C04267,36010641,3.19,7.51,M3h
C04268,36009915,2.98,11.20,M1
C04269,36028990,8.43,5.07,M2
C04270,36034837,10.23,17.42,M3h
C04271,36006785,1.82,19.72,M3d
C04272,36084548,25.25,29.27,M3e
C04273,36075458,22.78,8.27,M1
C04274,36085958,25.61,19.14,M3s
C04275,36094439,28.50,21.15,M3d
C04276,36045173,13.57,5.26,M3d
C04277,36055667,16.74,19.48,M2
C04278,36050392,15.20,18.51,M3e
C04279,36043105,13.00,10.32,M1
C04280,36098425,29.41,25.04,M3e
C04281,36013540,4.17,29.60,M3h
C04282,36024654,7.34,17.02,M3d
C04283,36091064,27.40,25.07,M3s
C04284,36073941,22.10,19.01,M3e
C04285,36025085,7.71,12.35,M3e
C04286,36077012,23.12,10.53,M1
C04287,36076429,23.04,28.34,M3h
C04288,36006981,1.86,17.75,M3h
C04289,36014008,4.37,0.40,M1
C04290,36045569,13.65,2.52,M3e
C04291,36048899,14.49,28.35,M3e
C04292,36071388,21.56,24.96,M1
C04293,36058665,17.69,20.22,M3e
C04294,36032283,9.83,26.21,M3e
C04295,36015174,4.76,16.67,M3h
C04296,36014242,4.21,10.81,M3d
C04297,36059167,17.78,14.51,M3s
C04298,36042401,12.87,3.16,M3e
C04299,36002729,0.68,15.49,M3h
C04300,36099399,29.86,21.08,M3e
C04301,36013467,4.01,25.13,M3e
C04302,36089857,26.87,5.27,M1
C04303,36035192,10.68,2.30,M3s
C04304,36090246,27.07,0.93,M3e
C04305,36002942,0.87,17.32,M3e
C04306,36099628,29.74,23.24,M3h
C04307,36042431,12.76,11.97,M3e
C04308,36028730,8.47,8.67,M2
C04309,36032398,9.66,4.71,M3h
C04310,36082759,24.70,19.74,M3d
C04311,36052746,15.81,14.14,M3h
C04312,36068794,20.44,4.62,M3e
C04313,36054530,16.32,9.01,M2
C04314,36007449,2.39,13.56,M3e
C04315,36027887,8.30,0.63,M3s
C04316,36024257,7.47,5.53,M2
C04317,36009387,2.99,22.68,M3d
C04318,36017487,5.37,13.11,M3e
C04319,36078580,23.47,7.32,M3e
C04320,36098334,29.46,10.25,M1
C04321,36043384,13.05,13.68,M3d
C04322,36025748,7.52,21.42,M2
C04323,36099462,29.72,14.53,M3e
C04324,36016000,4.82,16.49,M3e
C04325,36069083,20.78,15.34,M3h
C04326,36010280,3.24,16.61,M3s
C04327,36081367,24.52,22.06,M3s
C04328,36045084,13.64,25.26,M1
C04329,36021272,6.30,28.30,M3s
C04330,36021819,6.54,3.85,M1
C04331,36050056,15.24,26.93,M1
C04332,36013655,3.95,16.31,M3h
C04333,36012936,3.65,25.43,M1
C04334,36098560,29.41,21.60,M3e
C04335,36079385,23.89,11.16,M3h
C04336,36092671,27.69,12.11,M3s
C04337,36011603,3.53,13.89,M1
C04338,36096608,28.89,10.29,M3h
C04339,36050212,15.16,18.72,M3s
C04340,36057202,17.33,29.54,M3s
C04341,36011967,3.41,28.20,M3e
C04342,36000353,0.27,14.46,M2
C04343,36023862,7.07,29.43,M1
C04344,36064415,19.34,9.96,M3h
C04345,36030533,9.18,27.70,M3e
C04346,36017418,5.17,25.67,M3h
C04347,36042610,12.63,14.11,M1
C04348,36053026,16.14,0.36,M3d
C04349,36073658,21.98,12.46,M3d
C04350,36005262,1.70,21.87,M1
C04351,36041944,12.38,4.65,M1
C04352,36023133,7.02,20.78,M3d
C04353,36072235,21.61,10.04,M3h
C04354,36083636,25.17,13.29,M3e
C04355,36098944,29.57,5.38,M3e
C04356,36060889,18.06,4.38,M3s
C04357,36076663,23.05,19.00,M3d
C04358,36077131,23.14,16.45,M3h
C04359,36017578,5.18,11.01,M3e
C04360,36036820,10.97,8.38,M1
C04361,36028206,8.56,3.87,M1
C04362,36007657,2.24,13.81,M1
C04363,36029010,8.89,15.75,M3e
C04364,36024009,7.30,13.11,M3e
C04365,36082091,24.89,23.03,M3h
C04366,36042071,12.69,8.47,M3d
C04367,36030101,9.08,18.38,M1
C04368,36025445,7.62,18.69,M3s
C04369,36075658,22.71,0.70,M3e
C04370,36082144,24.63,26.05,M3s
C04371,36072500,21.82,3.99,M3e
C04372,36003148,0.99,3.16,M1
C04373,36081333,24.42,5.40,M3e
C04374,36047421,14.19,6.72,M3s
C04375,36038581,11.44,9.75,M3h
C04376,36051595,15.58,13.82,M2
C04377,36027919,8.32,21.47,M3e
C04378,36024504,7.21,27.34,M1
C04379,36067729,20.21,12.79,M1
C04380,36039369,11.99,1.57,M3h
C04381,36027766,8.16,18.88,M3e
C04382,36038080,11.63,16.22,M1
C04383,36064924,19.38,21.10,M3e
C04384,36018949,5.51,20.59,M3e
C04385,36055006,16.67,23.90,M1
C04386,36089307,26.79,9.77,M3h
C04387,36062547,18.62,7.14,M3e
C04388,36058598,17.69,19.22,M3s
C04389,36068534,20.70,18.92,M2
C04390,36021149,6.58,3.82,M3h
C04391,36067486,20.28,0.92,M3d
C04392,36089857,26.96,2.64,M3e
C04393,36066596,19.87,16.73,M1
C04394,36040115,12.04,27.70,M3e
C04395,36022734,6.74,26.22,M3h
C04396,36096321,28.89,8.17,M3e
C04397,36007467,2.14,12.06,M3e
C04398,36014446,4.34,23.71,M2
C04399,36006646,2.06,8.89,M3h
C04400,36055576,16.56,1.16,M3e
C04401,36082333,24.67,9.30,M3h
C04402,36011338,3.42,24.68,M3e
C04403,36051030,15.50,26.87,M3s
C04404,36038412,11.61,8.11,M2
C04405,36033473,10.05,13.23,M3s
C04406,36069408,20.92,20.89,M1
C04407,36072085,21.65,20.46,M3s
C04408,36089434,26.75,0.90,M3s
C04409,36012345,3.61,20.35,M3e
C04410,36066229,20.04,3.18,M2
C04411,36035661,10.53,7.79,M3d
C04412,36057629,17.12,11.15,M1
C04413,36066187,19.84,11.11,M3e
C04414,36046733,13.95,8.84,M3d
C04415,36081423,24.37,2.80,M3e
C04416,36099288,29.75,20.83,M1
C04417,36029256,8.70,20.25,M3e
C04418,36010149,3.23,10.36,M3d
C04419,36078695,23.58,7.30,M3e
C04420,36016629,4.93,8.36,M3d
C04421,36047451,14.39,22.52,M3e
C04422,36079974,23.85,27.71,M3e
C04423,36053546,16.16,6.83,M3s
C04424,36006532,2.06,6.45,M1
C04425,36032652,9.84,4.36,M3e
C04426,36076992,22.85,25.97,M3d
C04427,36054292,16.25,11.31,M3d
C04428,36053496,16.12,15.38,M1
C04429,36005919,1.70,17.69,M3e
C04430,36008265,2.53,7.74,M3h
C04431,36064325,19.28,6.30,M2
C04432,36012603,3.62,10.94,M3h
C04433,36048137,14.52,14.72,M3e
C04434,36033910,10.11,21.19,M3e
C04435,36028214,8.56,25.60,M2
C04436,36064697,19.38,0.85,M1
C04437,36051887,15.54,22.77,M3h
C04438,36079601,23.71,8.49,M3s
C04439,36063456,19.07,11.73,M3h
C04440,36080876,24.19,6.85,M3d
C04441,36024694,7.25,23.91,M1
C04442,36034818,10.40,26.94,M3e
C04443,36034030,10.42,5.20,M3e
C04444,36017389,5.33,25.67,M3e
C04445,36082437,24.88,15.49,M3h
C04446,36070389,21.03,23.34,M3d
C04447,36000068,0.25,14.62,M3s
C04448,36036459,10.93,24.44,M3e
C04449,36074766,22.28,18.25,M3e
C04450,36076691,22.81,27.22,M3e
C04451,36018566,5.53,17.91,M3e
C04452,36061270,18.39,20.35,M3e
C04453,36098699,29.41,4.83,M3s
C04454,36042438,12.67,7.16,M3e
C04455,36046353,13.95,18.86,M3d
C04456,36075096,22.69,20.07,M3s
C04457,36036829,10.87,15.08,M1
C04458,36091919,27.51,13.22,M3s
C04459,36092336,27.86,24.63,M3h
C04460,36076274,23.08,27.99,M3d
C04461,36005425,1.76,24.89,M3s
C04462,36063320,19.08,11.81,M3d
C04463,36081401,24.37,26.74,M3e
C04464,36084696,25.24,25.95,M3e
C04465,36004975,1.27,29.05,M3h
C04466,36045752,13.76,11.05,M3e
C04467,36064627,19.45,19.00,M3h
C04468,36077204,23.12,7.11,M2
C04469,36041079,12.52,14.58,M3e
C04470,36068002,20.64,18.91,M1
C04471,36085600,25.74,25.93,M3s
C04472,36085524,25.62,2.23,M3e
C04473,36060537,18.09,5.12,M1
C04474,36005473,1.50,29.74,M1
C04475,36028002,8.48,12.71,M3e
C04476,36037028,11.30,14.04,M2
C04477,36086853,26.07,10.87,M1
C04478,36090721,27.03,22.13,M3e
C04479,36035150,10.62,11.59,M1
C04480,36010820,3.27,7.13,M3d
C04481,36098012,29.50,13.83,M3e
C04482,36012789,3.86,16.16,M3e
C04483,36008355,2.47,18.68,M3d
C04484,36042416,12.71,29.05,M3e
C04485,36046140,13.88,24.67,M1
C04486,36096059,28.91,21.45,M3h
C04487,36048736,14.52,20.07,M3s
C04488,36099441,29.71,12.88,M3d
C04489,36011393,3.40,15.08,M3h
C04490,36057373,17.38,1.34,M3e
C04491,36001391,0.32,8.78,M3d
C04492,36039563,11.77,14.64,M3d
C04493,36018168,5.56,9.46,M3s
C04494,36082253,24.82,5.92,M3s
C04495,36058796,17.66,8.33,M3e
C04496,36054797,16.27,19.28,M3h
C04497,36091920,27.32,11.61,M1
C04498,36036241,11.07,22.93,M1
C04499,36067389,20.18,6.60,M3e
C04500,36038148,11.50,25.26,M3d
C04501,36067278,20.18,29.46,M3s
C04502,36040660,12.25,0.49,M2
C04503,36068283,20.62,27.27,M3d
C04504,36085099,25.79,26.74,M3e
C04505,36085658,25.57,20.96,M3e
C04506,36019602,5.77,16.48,M3s
C04507,36023863,7.02,0.96,M3s
C04508,36063230,19.19,22.94,M1
C04509,36026864,8.00,16.52,M2
C04510,36072242,21.73,15.33,M3s
C04511,36095419,28.65,19.61,M3d
C04512,36016160,5.00,1.91,M3e
C04513,36047637,14.36,6.28,M3d
C04514,36031600,9.45,8.08,M3h
C04515,36051212,15.58,6.69,M3d
C04516,36009861,2.90,10.55,M3s
C04517,36083272,24.93,28.76,M1
C04518,36065437,19.74,25.64,M3e
C04519,36023016,7.17,7.31,M3s
C04520,36027447,8.17,20.03,M3e
C04521,36006817,2.10,15.90,M3h
C04522,36008809,2.49,27.12,M3d
C04523,36014653,4.47,17.05,M3h
C04524,36095143,28.55,24.74,M3h
C04525,36046560,13.82,21.78,M3s
C04526,36063851,18.92,12.39,M3s
C04527,36066667,20.05,12.32,M1
C04528,36081570,24.37,27.87,M2
C04529,36058989,17.64,20.39,M3e
C04530,36039652,11.77,0.86,M3e
C04531,36004983,1.21,17.08,M1
C04532,36039924,11.81,15.90,M3e
C04533,36032127,9.87,16.66,M3h
C04534,36046848,13.90,8.30,M3e
C04535,36001767,0.51,26.06,M3e
C04536,36060444,18.24,19.52,M3e
C04537,36021255,6.50,25.30,M2
C04538,36049335,14.98,0.68,M1
C04539,36032233,9.73,18.79,M2
C04540,36063902,19.20,9.79,M2
C04541,36091903,27.39,23.07,M3e
C04542,36010220,3.24,17.96,M3h
C04543,36013118,3.93,13.89,M3h
C04544,36090407,27.06,15.42,M3h
C04545,36015992,4.64,17.34,M3e
C04546,36060729,18.24,5.31,M3e
C04547,36001920,0.47,28.66,M3h
C04548,36006385,2.00,24.68,M3s
C04549,36086123,26.07,25.30,M3d
C04550,36044825,13.25,16.37,M3e
C04551,36032594,9.61,29.70,M3e
C04552,36034987,10.45,10.99,M3e
C04553,36012257,3.89,5.36,M3e
C04554,36010697,3.10,28.28,M3d
C04555,36098729,29.47,1.88,M3e
C04556,36015153,4.65,21.70,M3s
C04557,36012721,3.84,6.57,M1
C04558,36042885,12.67,21.20,M3s
C04559,36022660,6.78,7.90,M1
C04560,36011941,3.43,12.08,M1
C04561,36034271,10.49,0.49,M2
C04562,36015148,4.65,22.66,M3h
C04563,36066856,20.02,0.46,M3d
C04564,36099803,29.78,6.27,M3d
C04565,36047453,14.38,21.05,M1
C04566,36025851,7.68,25.02,M1
C04567,36053801,15.94,25.47,M3e
C04568,36042347,12.70,15.36,M3s
C04569,36066312,19.81,17.19,M3h
C04570,36044480,13.44,19.98,M3d
C04571,36082357,24.64,22.20,M3e
C04572,36005617,1.58,18.68,M3d
C04573,36087438,26.16,12.93,M3e
C04574,36050597,15.17,0.41,M3e
C04575,36037904,11.13,4.70,M3d
C04576,36034728,10.20,23.53,M2
C04577,36018782,5.53,13.79,M1
C04578,36058379,17.51,11.83,M3e
C04579,36019544,5.71,2.13,M3d
C04580,36099792,29.84,15.58,M1
C04581,36038382,11.62,7.51,M3s
C04582,36092431,27.81,6.38,M3d
C04583,36070465,21.22,19.68,M3e
C04584,36084850,25.20,28.59,M3s
C04585,36069505,20.89,1.55,M3e
C04586,36054323,16.39,17.31,M3h
C04587,36006729,2.10,14.89,M3s
C04588,36097482,29.14,13.91,M3e
C04589,36066596,19.99,19.71,M3e
C04590,36082646,24.70,15.40,M3e
C04591,36057940,17.13,24.92,M3e
C04592,36089490,26.81,19.02,M3d
C04593,36049774,14.89,25.60,M3e
C04594,36061923,18.33,21.37,M3e
C04595,36089307,26.83,13.95,M3e
C04596,36096326,29.03,26.42,M2
C04597,36003835,1.05,2.86,M3e
C04598,36078663,23.43,24.84,M3d
C04599,36043274,12.96,4.02,M3e
C04600,36059934,17.88,8.53,M3e
C04601,36026583,8.04,27.47,M3h
C04602,36024194,7.28,5.01,M3d
C04603,36042969,12.86,22.32,M3e
C04604,36031501,9.34,29.28,M2
C04605,36072870,21.61,13.71,M1
C04606,36071979,21.38,26.05,M3e
C04607,36043904,13.04,2.27,M3e
C04608,36046778,14.05,26.67,M3e
C04609,36034041,10.29,19.56,M3s
C04610,36085136,25.70,12.92,M1
C04611,36044436,13.39,16.03,M3d
C04612,36035022,10.79,14.81,M3e
C04613,36053581,16.06,19.77,M3e
C04614,36093154,28.14,17.13,M2
C04615,36037138,11.12,10.91,M2
C04616,36077348,23.34,14.95,M3h
C04617,36072581,21.68,29.71,M3e
C04618,36027522,8.19,19.37,M2
C04619,36003486,0.97,23.19,M1
C04620,36016782,4.91,9.70,M3e
C04621,36018390,5.48,20.91,M3e
C04622,36066163,19.87,4.70,M2
C04623,36062684,18.69,26.13,M3h
C04624,36022005,6.62,26.47,M3d
C04625,36045698,13.60,24.53,M3s
C04626,36015807,4.69,28.38,M3h
C04627,36003760,1.14,27.70,M3e
C04628,36064346,19.44,14.62,M3e
C04629,36015219,4.75,5.74,M1
C04630,36060259,18.09,6.22,M3e
C04631,36096894,28.91,15.49,M3e
C04632,36060225,18.12,23.47,M3d
C04633,36016817,4.83,6.72,M3e
C04634,36007476,2.11,15.90,M3e
C04635,36089874,26.76,11.91,M3e
C04636,36049781,14.81,0.81,M3h
C04637,36093827,28.15,14.84,M3e
C04638,36045795,13.77,20.38,M3h
C04639,36028682,8.47,29.42,M1
C04640,36039004,11.85,5.33,M3d
C04641,36032517,9.83,17.23,M1
C04642,36062122,18.67,20.62,M1
C04643,36005132,1.55,4.67,M3s
C04644,36047582,14.26,27.74,M3d
C04645,36014704,4.23,5.61,M3h
C04646,36010829,3.27,25.77,M3d
C04647,36092290,27.76,22.89,M3e
C04648,36061696,18.56,2.92,M3e
C04649,36096789,28.83,9.39,M1
C04650,36055161,16.70,13.59,M3h
C04651,36027989,8.19,8.40,M3h
C04652,36039888,11.75,29.53,M2
C04653,36098478,29.50,2.09,M3e
C04654,36027599,8.22,11.63,M3d
C04655,36023475,7.10,1.64,M2
C04656,36036855,10.95,1.06,M1
C04657,36075398,22.61,21.18,M3d
C04658,36039547,11.75,14.01,M3d
C04659,36092471,27.84,23.20,M3e
C04660,36098877,29.45,27.22,M3s
C04661,36042288,12.67,14.85,M3s
C04662,36078498,23.49,5.19,M2
C04663,36014077,4.33,0.18,M2
C04664,36076419,22.93,17.25,M1
C04665,36098026,29.61,9.84,M1
C04666,36080945,24.12,24.49,M3e
C04667,36014272,4.45,4.61,M3e
C04668,36084922,25.45,3.80,M1
C04669,36093968,27.94,27.17,M3s
C04670,36047906,14.21,3.10,M3s
C04671,36052715,15.84,21.45,M3h
C04672,36001877,0.47,21.95,M3s
C04673,36085661,25.54,29.60,M3h
C04674,36035081,10.55,15.81,M3e
C04675,36054247,16.40,6.26,M3e
C04676,36084512,25.22,26.35,M1
C04677,36043476,13.19,10.26,M3s
C04678,36035195,10.63,18.25,M3s
C04679,36042250,12.78,2.22,M3e
C04680,36092429,27.82,3.17,M3e
C04681,36017143,5.23,27.92,M3s
C04682,36041980,12.34,6.49,M3s
C04683,36042972,12.69,7.05,M3e
C04684,36007232,2.23,9.35,M3d
C04685,36054111,16.26,16.37,M1
C04686,36033258,10.19,25.52,M3s
C04687,36017325,5.27,6.19,M3e
C04688,36067264,20.34,9.69,M3d
C04689,36089901,26.80,27.47,M1
C04690,36071822,21.30,1.16,M3d
C04691,36079412,23.81,26.02,M3e
C04692,36064271,19.37,7.97,M1
C04693,36027584,8.17,24.24,M3e
C04694,36032396,9.64,28.35,M3e
C04695,36025556,7.66,12.32,M1
C04696,36021509,6.44,28.73,M2
C04697,36053739,16.04,26.09,M3s
C04698,36076904,22.97,14.45,M3e
C04699,36017762,5.33,19.98,M1
C04700,36015983,4.60,6.12,M3s
C04701,36031363,9.55,29.35,M1
C04702,36023818,6.97,23.70,M2
C04703,36030828,9.03,14.87,M3s
C04704,36029096,8.70,29.47,M3h
C04705,36020467,6.24,9.45,M1
C04706,36076451,22.92,5.82,M2
C04707,36039360,11.77,16.41,M3e
C04708,36080177,24.24,20.22,M1
C04709,36007371,2.33,19.55,M3e
C04710,36014754,4.47,27.83,M3h
C04711,36000724,0.17,2.76,M3e
C04712,36083301,25.19,1.57,M3e
C04713,36083705,25.15,17.27,M3h
C04714,36000284,0.22,24.24,M3e
C04715,36019339,5.94,6.66,M3d
C04716,36022477,6.84,13.50,M3h
C04717,36056295,16.84,2.77,M3h
C04718,36053281,16.20,17.28,M3e
C04719,36025136,7.80,15.94,M3s
C04720,36094887,28.27,26.61,M1
C04721,36019425,5.97,28.21,M1
C04722,36032259,9.62,21.75,M3e
C04723,36075524,22.51,27.29,M3e
C04724,36012744,3.78,4.17,M3s
C04725,36001769,0.55,9.16,M3e
C04726,36083771,25.12,5.94,M3s
C04727,36016889,4.95,14.67,M3h
C04728,36068788,20.54,24.85,M3e
C04729,36094717,28.34,28.31,M3e
C04730,36050291,15.10,5.59,M2
C04731,36095352,28.51,15.79,M3e
C04732,36045504,13.59,26.34,M3e
C04733,36048004,14.58,14.77,M3e
C04734,36093614,28.00,3.04,M3e
C04735,36046374,14.01,25.45,M1
C04736,36004919,1.41,19.44,M1
C04737,36045190,13.53,2.88,M3e
C04738,36064016,19.31,29.95,M3e
C04739,36031214,9.43,9.05,M1
C04740,36095493,28.52,23.16,M3d
C04741,36097107,29.37,28.50,M3d
C04742,36066232,20.09,9.26,M3h
C04743,36097146,29.25,12.00,M3s
C04744,36079076,23.98,7.96,M3d
C04745,36047099,14.13,4.95,M3h
C04746,36055501,16.67,25.32,M3s
C04747,36067063,20.17,24.49,M2
C04748,36067753,20.15,19.84,M3d
C04749,36011560,3.43,21.15,M2
C04750,36087210,26.28,22.11,M3s
C04751,36004359,1.28,8.59,M3e
C04752,36047117,14.39,11.76,M3e
C04753,36016381,4.84,25.11,M3d
C04754,36005733,1.72,5.85,M3h
C04755,36088715,26.61,17.94,M2
C04756,36065007,19.67,20.64,M3h
C04757,36040182,12.29,6.98,M3s
C04758,36088949,26.70,9.07,M2
C04759,36030322,9.10,29.76,M3e
C04760,36032318,9.82,28.86,M3s
C04761,36017651,5.31,21.29,M3s
C04762,36050042,15.06,10.26,M3d
C04763,36077580,23.27,29.98,M3e
C04764,36083765,25.13,22.81,M3h
C04765,36037541,11.17,16.71,M3e
C04766,36022073,6.84,16.94,M2
C04767,36033369,9.97,3.65,M3h
C04768,36058205,17.58,9.56,M2
C04769,36071016,21.41,11.99,M3e
C04770,36057522,17.23,12.68,M3d
C04771,36071135,21.42,15.63,M3s
C04772,36091480,27.35,1.77,M3s
C04773,36076439,23.10,4.65,M3e
C04774,36038889,11.64,0.92,M3d
C04775,36021541,6.51,14.90,M3e
C04776,36052885,15.72,0.13,M3h
C04777,36099279,29.97,23.65,M3e
C04778,36061744,18.41,19.83,M3e
C04779,36077681,23.36,27.55,M3e
C04780,36022439,6.74,15.08,M1
C04781,36034674,10.49,15.37,M3s
C04782,36002867,0.75,26.81,M3e
C04783,36003261,0.96,6.95,M3s
C04784,36010277,3.29,28.74,M2
C04785,36039196,11.79,25.51,M3s
C04786,36041981,12.59,14.33,M3e
C04787,36015179,4.74,29.10,M3e
C04788,36041436,12.55,10.54,M3e
C04789,36011605,3.50,27.21,M3d
C04790,36017970,5.10,15.85,M2
C04791,36068216,20.61,9.65,M3s
C04792,36072799,21.63,28.14,M3e
C04793,36061757,18.60,8.98,M3h
C04794,36007737,2.11,1.74,M3h
C04795,36064611,19.48,21.28,M3e
C04796,36079915,23.83,13.75,M3e
C04797,36081436,24.41,19.38,M3s
C04798,36077628,23.16,9.74,M3e
C04799,36058885,17.47,22.37,M2
C04800,36001351,0.48,16.96,M3h
C04801,36091155,27.57,24.21,M3d
C04802,36085187,25.69,29.89,M3e
C04803,36044445,13.37,22.74,M3d
C04804,36033323,10.17,24.37,M3d
C04805,36085025,25.78,22.25,M3h
C04806,36043441,13.13,4.16,M3e
C04807,36054261,16.38,9.33,M3h
C04808,36095009,28.55,16.83,M3h
C04809,36053360,15.94,0.58,M3s
C04810,36020710,6.17,7.16,M3s
C04811,36084424,25.24,21.55,M3e
C04812,36069517,20.79,5.87,M3s
C04813,36086734,25.88,12.56,M3e
C04814,36086727,25.83,18.17,M3e
C04815,36099401,29.70,3.51,M3d
C04816,36006235,1.97,7.07,M1
C04817,36066761,20.01,13.56,M3h
C04818,36089907,26.97,6.29,M3e
C04819,36085578,25.71,8.54,M3e
C04820,36031031,9.38,18.97,M2
C04821,36081340,24.32,25.12,M3s
C04822,36026373,7.98,2.66,M3e
C04823,36074842,22.32,0.75,M3h
C04824,36081173,24.40,27.51,M1
C04825,36039996,11.91,18.45,M3d
C04826,36068739,20.59,28.10,M1
C04827,36003812,1.11,7.81,M3s
C04828,36044761,13.20,12.36,M3h
C04829,36025104,7.79,12.83,M3d
C04830,36080854,24.14,19.85,M3e
C04831,36058475,17.41,20.83,M3e
C04832,36064709,19.33,28.14,M3e
C04833,36028117,8.41,21.15,M3e
C04834,36090655,27.16,4.09,M3d
C04835,36006817,1.92,19.70,M3e
C04836,36090413,27.09,3.90,M3d
C04837,36059585,17.73,11.64,M2
C04838,36092314,27.78,29.61,M3e
C04839,36081791,24.60,25.63,M3d
C04840,36073290,22.00,18.48,M3e
C04841,36050512,15.22,6.75,M3h
C04842,36059382,17.73,23.26,M3d
C04843,36070019,21.14,10.80,M1
C04844,36034476,10.45,25.98,M3e
C04845,36052772,15.66,21.53,M3e
C04846,36093484,28.17,26.40,M3h
C04847,36063517,18.90,9.81,M3e
C04848,36036428,10.94,8.35,M3h
C04849,36027881,8.23,27.13,M3h
C04850,36092274,27.62,14.12,M3e
C04851,36074404,22.36,11.33,M3h
C04852,36032916,9.75,13.73,M3h
C04853,36097793,29.13,29.00,M3s
C04854,36045732,13.60,28.98,M3h
C04855,36087012,26.18,10.86,M3d
C04856,36099545,29.83,6.86,M3e
C04857,36067539,20.12,22.38,M2
C04858,36051123,15.40,9.43,M3s
C04859,36093005,28.02,19.35,M3e
C04860,36076347,22.96,3.51,M3h
C04861,36063845,18.90,20.61,M3e
C04862,36097817,29.24,13.24,M3e
C04863,36096451,28.93,1.89,M3h
C04864,36015330,4.70,14.69,M3e
C04865,36041048,12.42,3.96,M3e
C04866,36035344,10.51,3.08,M3h
C04867,36093893,28.18,4.42,M3e
C04868,36090702,27.13,0.88,M1
C04869,36066404,19.91,12.85,M3e
C04870,36053454,16.12,20.74,M3e
C04871,36065166,19.66,14.36,M1
C04872,36066592,19.87,7.06,M2
C04873,36033875,9.91,13.86,M1
C04874,36092649,27.87,11.02,M3e
C04875,36061683,18.41,2.87,M1
C04876,36079162,23.93,13.92,M1
C04877,36002614,0.74,4.79,M3e
C04878,36047480,14.33,2.95,M3h
C04879,36026348,7.82,23.22,M3s
C04880,36038638,11.43,9.37,M3s
C04881,36032989,9.69,18.39,M3h
C04882,36003225,1.10,13.58,M3h
C04883,36034679,10.34,15.51,M1
C04884,36005701,1.76,26.80,M3e
C04885,36082949,24.85,27.87,M1
C04886,36023822,7.13,10.38,M3s
C04887,36066028,19.87,9.62,M3d
C04888,36033422,10.13,11.84,M3h
C04889,36098977,29.43,4.46,M3s
C04890,36072648,21.71,29.51,M3e
C04891,36001368,0.34,23.12,M3e
C04892,36044048,13.22,0.93,M3e
C04893,36058250,17.57,19.67,M3d
C04894,36065166,19.52,1.86,M3e
C04895,36060139,18.18,18.21,M3e
C04896,36046470,13.95,15.04,M3e
C04897,36065951,19.71,9.40,M3d
C04898,36012239,3.85,21.39,M3d
C04899,36065595,19.65,1.36,M3e
C04900,36018755,5.41,13.99,M3h
C04901,36096778,29.04,0.94,M3s
C04902,36097717,29.25,7.98,M3e
C04903,36091707,27.31,19.67,M1
C04904,36076962,23.00,22.55,M2
C04905,36004053,1.41,6.55,M3d
C04906,36030640,9.13,19.26,M3s
C04907,36057601,17.27,15.37,M3e
C04908,36096435,29.07,22.21,M3s
C04909,36019312,5.97,12.91,M3e
C04910,36008205,2.64,23.21,M3s
C04911,36083762,25.12,29.95,M3e
C04912,36035014,10.57,21.53,M3e
C04913,36032696,9.83,27.69,M3e
C04914,36074642,22.36,19.43,M2
C04915,36007587,2.31,25.39,M3d
C04916,36082324,24.82,7.36,M3d
C04917,36089183,27.00,10.88,M1
C04918,36087119,26.14,7.32,M3e
C04919,36027611,8.20,27.89,M3h
C04920,36000913,0.29,20.27,M2
C04921,36080776,24.15,10.93,M2
C04922,36083094,25.16,0.60,M3e
C04923,36051408,15.49,29.26,M1
C04924,36092531,27.66,1.41,M3e
C04925,36098710,29.58,12.64,M3e
C04926,36026535,8.08,28.57,M3e
C04927,36062424,18.73,15.22,M3e
C04928,36005445,1.52,19.20,M3e
C04929,36025002,7.51,15.02,M3d
C04930,36071633,21.58,1.29,M1
C04931,36004500,1.42,29.78,M2
C04932,36097388,29.15,26.61,M1
C04933,36005212,1.65,7.22,M3e
C04934,36012865,3.84,15.17,M3h
C04935,36007178,2.25,16.04,M3h
C04936,36060807,18.14,28.39,M2
C04937,36000297,0.14,5.97,M3e
C04938,36069882,20.95,3.10,M2
C04939,36083211,25.12,20.16,M2
C04940,36043812,13.04,25.11,M2
C04941,36098466,29.60,24.95,M2
C04942,36094887,28.22,7.79,M3e
C04943,36020406,6.15,24.50,M3e
C04944,36091567,27.55,16.90,M3h
C04945,36082886,24.72,23.99,M3e
C04946,36049402,14.78,1.01,M2
C04947,36022350,6.66,26.73,M3d
C04948,36032536,9.71,9.19,M3e
C04949,36080825,24.08,23.77,M3s
C04950,36001335,0.40,27.29,M3s
C04951,36044559,13.44,0.97,M3e
C04952,36027318,8.37,25.15,M3s
C04953,36055867,16.66,6.71,M2
C04954,36080878,24.10,8.25,M3s
C04955,36001978,0.38,19.74,M3s
C04956,36050615,15.19,24.79,M3d
C04957,36087157,26.20,22.52,M3h
C04958,36012272,3.68,25.83,M3s
C04959,36023751,7.02,9.91,M3s
C04960,36076396,22.89,4.26,M3e
C04961,36036620,11.01,25.52,M1
C04962,36009582,2.91,9.03,M2
C04963,36014471,4.41,10.12,M3e
C04964,36015713,4.70,3.40,M3e
C04965,36053721,15.94,29.45,M3e
C04966,36081619,24.51,6.90,M3e
C04967,36069724,20.74,19.72,M3e
C04968,36066803,19.81,10.11,M3d
C04969,36094301,28.35,26.67,M3e
C04970,36016060,4.96,20.64,M3s
C04971,36073043,22.15,4.52,M3h
C04972,36084760,25.42,16.85,M3s
C04973,36020891,6.02,13.50,M1
C04974,36010245,3.28,15.84,M3e
C04975,36097571,29.19,2.30,M3d
C04976,36069623,20.88,8.49,M3h
C04977,36041257,12.38,11.49,M3e
C04978,36045643,13.68,10.62,M2
C04979,36072438,21.73,21.23,M1
C04980,36076344,22.82,13.09,M2
C04981,36097533,29.28,17.86,M3e
C04982,36083199,25.04,18.90,M3e
C04983,36026107,7.87,15.99,M3h
C04984,36040668,12.29,10.14,M1
C04985,36026351,7.97,21.72,M1
C04986,36048196,14.53,22.88,M3d
C04987,36061479,18.44,0.25,M1
C04988,36006017,1.91,0.71,M2
C04989,36054014,16.41,1.45,M3e
C04990,36032593,9.63,14.41,M3e
C04991,36023437,7.18,12.83,M2
C04992,36073423,21.90,20.28,M3e
C04993,36087387,26.18,2.75,M3h
C04994,36079632,23.80,28.60,M3e
C04995,36028179,8.56,19.19,M2
C04996,36021335,6.49,25.08,M3d
C04997,36008166,2.59,5.58,M3e
C04998,36050773,15.07,13.36,M3e
C04999,36032411,9.76,19.91,M2
C05000,36037464,11.32,13.94,M3e
C05001,36073141,21.91,8.70,M3h
C05002,36092293,27.70,2.15,M3e
C05003,36091021,27.49,9.49,M3e
C05004,36003940,1.02,1.79,M3d
C05005,36028338,8.61,27.53,M1
C05006,36058619,17.53,21.78,M3e
C05007,36092333,27.83,5.77,M3e
C05008,36056854,17.08,25.77,M3s
C05009,36081715,24.53,10.28,M3e
C05010,36000170,0.12,8.13,M3e
C05011,36019731,5.73,6.83,M1
C05012,36012527,3.72,11.18,M3h
C05013,36065549,19.59,21.88,M3e
C05014,36011833,3.45,27.55,M1
C05015,36063255,18.94,22.22,M3e
C05016,36005646,1.71,12.36,M3e
C05017,36032564,9.78,8.10,M3d
C05018,36067517,20.28,9.22,M3e
C05019,36020877,6.03,27.45,M3h
C05020,36002445,0.66,11.23,M3e
C05021,36026216,7.98,8.50,M3e
C05022,36015815,4.64,24.56,M3e
C05023,36034794,10.29,1.87,M3d
C05024,36034440,10.46,14.86,M1
C05025,36023270,7.12,24.62,M3s
C05026,36046465,13.89,8.03,M3d
C05027,36049766,14.71,14.57,M2
C05028,36076707,22.90,16.32,M3h
C05029,36021416,6.34,26.09,M3e
C05030,36091629,27.45,2.22,M3s
C05031,36060838,18.19,12.64,M3s
C05032,36022874,6.86,0.78,M3d
C05033,36065302,19.50,19.80,M3e
C05034,36001072,0.55,7.57,M3e
C05035,36081120,24.49,0.55,M3e
C05036,36049805,14.80,15.09,M3h
C05037,36089822,26.86,25.82,M3s
C05038,36043222,12.98,21.06,M3h
C05039,36069573,20.89,7.27,M3e
C05040,36044380,13.42,3.79,M3e
C05041,36064278,19.42,3.63,M3d
C05042,36022057,6.89,26.54,M3d
C05043,36049334,14.98,9.18,M3e
C05044,36085000,25.52,29.49,M3s
C05045,36060400,18.10,17.05,M3s
C05046,36019726,5.74,9.62,M1
C05047,36032194,9.80,14.77,M3e
C05048,36050075,15.24,9.01,M2
C05049,36054083,16.29,15.39,M3s
C05050,36016616,4.98,14.58,M3d
C05051,36081874,24.30,26.53,M3e
C05052,36060068,18.26,6.36,M3h
C05053,36058801,17.58,29.21,M3s
C05054,36094133,28.31,12.62,M3e
C05055,36043019,12.90,8.27,M3e
C05056,36013047,4.11,17.89,M3s
C05057,36048072,14.60,24.67,M1
C05058,36098637,29.58,3.88,M3e
C05059,36061566,18.49,19.15,M3s
C05060,36084524,25.23,0.80,M3e
C05061,36035032,10.68,8.65,M2
C05062,36032041,9.89,8.77,M3d
C05063,36007250,2.28,2.24,M3e
C05064,36079759,23.87,15.94,M1
C05065,36086880,25.82,21.66,M3h
C05066,36034159,10.31,0.63,M3s
C05067,36077757,23.24,8.92,M3h
C05068,36056767,16.96,28.14,M3s
C05069,36080884,24.26,25.68,M1
C05070,36001426,0.39,27.76,M3s
C05071,36062811,18.72,22.08,M3e
C05072,36046525,13.82,19.12,M3e
C05073,36077700,23.26,8.80,M3s
