C00001,36046846,13.83,11.97,M2
C00002,36087419,26.28,12.53,M2
C00003,36046395,14.07,12.74,M3h
C00004,36072147,21.79,7.18,M1
C00005,36084366,25.29,7.23,M2
C00006,36049018,14.74,15.62,M2
C00007,36006731,2.04,13.85,M1
C00008,36039439,11.90,14.90,M1
C00009,36073043,22.05,21.06,M3h
C00010,36064593,19.43,7.82,M3d
C00011,36038711,11.57,14.25,M1
C00012,36016797,4.95,12.63,M2
C00013,36074536,22.24,12.41,M1
C00014,36078156,23.57,21.47,M1
C00015,36014678,4.44,17.28,M3s
C00016,36046076,13.93,16.72,M3s
C00017,36030154,9.14,17.82,M2
C00018,36057983,17.12,12.83,M1
C00019,36039000,11.87,13.35,M2
C00020,36045151,13.52,22.14,M3e
C00021,36081586,24.38,23.65,M2
C00022,36085064,25.51,6.03,M2
C00023,36076118,22.98,22.38,M1
C00024,36046735,14.09,15.96,M3e
C00025,36040720,12.12,22.36,M2
C00026,36078185,23.53,26.56,M1
C00027,36083348,25.02,6.21,M1
C00028,36083057,25.15,7.88,M3h
C00029,36016547,4.94,10.91,M2
C00030,36064335,19.43,20.68,M2
C00031,36079274,23.76,21.29,M1
C00032,36071153,21.35,11.29,M3s
C00033,36086179,26.01,10.02,M2
C00034,36015250,4.64,15.71,M3s
C00035,36045421,13.55,16.96,M1
C00036,36050162,15.11,13.41,M2
C00037,36072101,21.81,9.42,M1
C00038,36072297,21.62,24.20,M3s
C00039,36039465,11.88,24.12,M3d
C00040,36036377,10.90,21.61,M3d
C00041,36024709,7.35,19.98,M3s
C00042,36044138,13.32,16.17,M2
C00043,36053415,15.92,10.75,M3s
C00044,36081581,24.52,11.55,M3s
C00045,36047862,14.33,18.09,M3e
C00046,36024480,7.38,12.96,M1
C00047,36011841,3.54,12.89,M1
C00048,36046958,14.10,13.29,M2
C00049,36077448,23.16,12.57,M3s
C00050,36017535,5.19,14.62,M3d
C00051,36091906,27.50,22.81,M1
C00052,36072652,21.65,8.96,M2
C00053,36072965,21.61,7.94,M1
C00054,36072118,21.72,23.88,M3s
C00055,36010479,3.05,13.71,M3e
C00056,36065526,19.60,24.47,M2
C00057,36015401,4.75,12.07,M2
C00058,36081992,24.47,7.98,M2
C00059,36088120,26.60,14.54,M1
C00060,36062737,18.82,24.26,M2
C00061,36078272,23.46,21.40,M2
C00062,36013093,4.10,16.39,M1
C00063,36016873,4.98,11.87,M3d
C00064,36081618,24.36,18.91,M3s
C00065,36018984,5.61,13.54,M2
C00066,36057313,17.16,13.67,M1
C00067,36018310,5.48,13.11,M3s
C00068,36071051,21.45,20.28,M2
C00069,36075751,22.76,21.21,M3e
C00070,36041427,12.57,24.82,M1
C00071,36022098,6.85,25.44,M3h
C00072,36043976,13.04,13.82,M3s
C00073,36084491,25.32,23.10,M3s
C00074,36087390,26.19,12.70,M1
C00075,36007507,2.40,12.37,M2
C00076,36038512,11.52,24.26,M1
C00077,36022346,6.71,25.27,M1
C00078,36072562,21.88,4.76,M3e
C00079,36084806,25.40,7.63,M2
C00080,36073988,22.14,23.85,M3e
C00081,36053319,15.93,12.01,M3h
C00082,36071581,21.50,11.76,M3e
C00083,36009409,2.88,11.97,M2
C00084,36087676,26.32,21.82,M2
C00085,36059531,17.73,16.84,M1
C00086,36013273,4.01,16.25,M2
C00087,36012875,3.60,13.48,M1
C00088,36027040,8.15,26.29,M3s
C00089,36053442,15.94,11.95,M1
C00090,36047208,14.15,11.42,M1
C00091,36014914,4.31,11.54,M2
C00092,36024891,7.35,26.23,M3d
C00093,36037295,11.28,24.75,M2
C00094,36077886,23.37,3.44,M2
C00095,36072272,21.89,22.43,M1
C00096,36073187,22.09,26.60,M2
C00097,36092473,27.78,11.15,M1
C00098,36044099,13.48,18.07,M3e
C00099,36091559,27.60,15.18,M1
C00100,36059373,17.90,22.68,M3e
C00101,36018777,5.52,13.59,M2
C00102,36083478,24.96,17.91,M2
C00103,36061165,18.53,24.52,M1
C00104,36088091,26.48,25.49,M2
C00105,36071873,21.39,25.60,M3s
C00106,36081989,24.55,22.66,M2
C00107,36045420,13.63,13.87,M2
C00108,36084249,25.47,17.60,M3d
C00109,36012125,3.82,10.51,M3e
C00110,36028112,8.69,23.72,M2
C00111,36010503,3.01,13.85,M2
C00112,36026200,8.03,25.51,M2
C00113,36074928,22.26,27.78,M2
C00114,36084143,25.48,6.97,M3s
C00115,36018734,5.68,12.62,M2
C00116,36019605,5.86,25.41,M1
C00117,36080643,24.11,8.26,M1
C00118,36036529,10.87,20.55,M1
C00119,36048138,14.49,14.76,M2
C00120,36039292,11.85,19.30,M1
C00121,36066127,20.01,22.52,M1
C00122,36037143,11.19,25.19,M2
C00123,36040926,12.10,13.09,M2
C00124,36032985,9.73,23.42,M3e
C00125,36081673,24.38,21.27,M2
C00126,36073494,22.10,20.45,M2
C00127,36041037,12.53,11.68,M2
C00128,36010788,3.24,15.03,M2
C00129,36067751,20.23,27.32,M2
C00130,36079950,23.95,6.92,M3e
C00131,36015717,4.78,12.45,M3s
C00132,36059150,17.93,12.91,M3e
C00133,36022782,6.65,21.41,M1
C00134,36065315,19.55,24.88,M3s
C00135,36083395,24.96,24.25,M1
C00136,36024757,7.46,22.34,M2
C00137,36018724,5.64,12.80,M3s
C00138,36043638,13.18,15.45,M1
C00139,36024523,7.24,26.39,M2
C00140,36024807,7.33,23.86,M3s
C00141,36005333,1.70,11.89,M2
C00142,36062144,18.85,8.26,M3h
C00143,36087751,26.35,11.80,M2
C00144,36040609,12.08,21.49,M3s
C00145,36083527,25.12,20.98,M1
C00146,36045242,13.67,16.97,M3s
C00147,36067287,20.32,20.61,M3s
C00148,36074269,22.47,3.84,M2
C00149,36024307,7.25,24.23,M2
C00150,36072256,21.79,8.81,M2
C00151,36057166,17.14,21.70,M3e
C00152,36093056,27.97,14.46,M2
C00153,36087885,26.34,15.84,M3s
C00154,36080717,24.02,8.07,M3s
C00155,36021018,6.46,28.53,M2
C00156,36078813,23.62,13.15,M2
C00157,36052881,15.89,16.14,M3s
C00158,36076127,23.09,22.23,M1
C00159,36054516,16.26,13.89,M3e
C00160,36077186,23.37,15.34,M3s
C00161,36070764,21.18,25.35,M3d
C00162,36078175,23.62,21.45,M3e
C00163,36027194,8.14,27.62,M3h
C00164,36074608,22.43,8.72,M3h
C00165,36034166,10.47,24.54,M3h
C00166,36085129,25.54,22.15,M1
C00167,36011678,3.54,12.10,M3s
C00168,36053540,16.07,14.76,M3d
C00169,36089592,26.73,21.14,M3s
C00170,36038674,11.51,16.12,M2
C00171,36042044,12.63,18.96,M2
C00172,36012349,3.89,13.84,M3e
C00173,36023039,7.14,15.43,M1
C00174,36084487,25.35,17.07,M2
C00175,36074766,22.47,23.29,M2
C00176,36031908,9.45,21.46,M2
C00177,36010457,3.16,11.69,M2
C00178,36084479,25.25,12.13,M1
C00179,36078309,23.42,15.13,M1
C00180,36081969,24.49,21.71,M1
C00181,36041232,12.37,23.77,M2
C00182,36081497,24.42,5.28,M2
C00183,36079341,23.75,20.85,M1
C00184,36044474,13.49,19.27,M3s
C00185,36085825,25.71,10.98,M3s
C00186,36074553,22.20,23.46,M3d
C00187,36050579,15.18,17.60,M1
C00188,36026316,8.05,13.43,M2
C00189,36087430,26.27,12.75,M2
C00190,36013132,4.06,9.17,M2
C00191,36039128,11.88,24.31,M2
C00192,36082943,24.90,6.19,M2
C00193,36037418,11.13,19.59,M2
C00194,36078341,23.62,21.37,M2
C00195,36038676,11.55,17.87,M3s
C00196,36030969,9.22,19.50,M2
C00197,36070139,21.23,20.60,M2
C00198,36082221,24.78,18.12,M1
C00199,36068117,20.43,11.18,M3s
C00200,36069975,20.72,5.50,M3s
C00201,36018665,5.53,12.83,M1
C00202,36046130,13.86,12.94,M1
C00203,36054913,16.26,23.25,M3d
C00204,36048195,14.52,19.89,M1
C00205,36050921,15.29,14.67,M2
C00206,36085291,25.50,10.20,M3s
C00207,36041837,12.60,16.84,M2
C00208,36046910,13.81,19.00,M1
C00209,36077870,23.37,8.31,M3s
C00210,36043995,13.05,18.06,M2
C00211,36052135,15.73,15.57,M3s
C00212,36009837,2.98,11.02,M3s
C00213,36069036,20.87,7.99,M2
C00214,36060092,18.06,23.48,M2
C00215,36012459,3.65,11.63,M3s
C00216,36065241,19.72,8.09,M2
C00217,36088386,26.41,7.87,M2
C00218,36091147,27.33,12.16,M2
C00219,36075897,22.52,20.44,M2
C00220,36037215,11.30,22.92,M3e
C00221,36048532,14.46,13.58,M2
C00222,36045128,13.78,14.26,M1
C00223,36036057,11.01,26.31,M2
C00224,36031270,9.51,13.32,M1
C00225,36029541,8.75,16.19,M2
C00226,36084353,25.35,15.49,M3h
C00227,36081477,24.37,11.04,M1
C00228,36031737,9.37,26.73,M1
C00229,36019138,5.97,10.09,M2
C00230,36087730,26.11,10.68,M2
C00231,36077053,23.31,4.45,M3h
C00232,36089711,26.73,11.33,M1
C00233,36087387,26.21,22.43,M3s
C00234,36011698,3.51,8.79,M3e
C00235,36054279,16.39,16.83,M3d
C00236,36044298,13.31,19.12,M1
C00237,36078222,23.45,12.61,M3s
C00238,36082570,24.80,14.10,M1
C00239,36076277,23.05,7.62,M3s
C00240,36043246,13.11,12.52,M2
C00241,36028163,8.52,23.62,M3d
C00242,36016920,4.91,13.77,M2
C00243,36077584,23.31,24.28,M1
C00244,36087795,26.13,11.32,M1
C00245,36078199,23.44,19.76,M3d
C00246,36078509,23.41,26.40,M3e
C00247,36043151,13.17,15.74,M3s
C00248,36088780,26.50,22.44,M2
C00249,36082994,24.77,25.00,M1
C00250,36027355,8.37,18.02,M2
C00251,36070696,21.13,25.42,M3s
C00252,36034278,10.24,26.43,M3d
C00253,36012666,3.66,14.32,M2
C00254,36086075,25.99,7.64,M3e
C00255,36025285,7.66,10.26,M2
C00256,36059862,17.80,7.55,M2
C00257,36037445,11.15,19.25,M1
C00258,36038200,11.46,22.21,M1
C00259,36038720,11.50,18.63,M3d
C00260,36048537,14.47,20.73,M1
C00261,36027680,8.15,25.66,M2
C00262,36050940,15.30,17.53,M3d
C00263,36083172,25.15,19.45,M3e
C00264,36085635,25.56,5.31,M2
C00265,36028177,8.63,22.05,M1
C00266,36077438,23.11,11.54,M3e
C00267,36059344,17.74,23.12,M2
C00268,36075408,22.77,13.73,M1
C00269,36066043,19.99,25.72,M2
C00270,36024223,7.43,14.16,M1
C00271,36051528,15.59,13.70,M2
C00272,36029364,8.89,16.85,M3s
C00273,36084440,25.43,3.43,M2
C00274,36079237,23.94,9.28,M3e
C00275,36035795,10.56,14.37,M1
C00276,36024477,7.38,23.72,M1
C00277,36017424,5.22,11.34,M3s
C00278,36072579,21.82,24.24,M3e
C00279,36075521,22.52,7.04,M2
C00280,36030034,9.16,24.06,M3s
C00281,36062150,18.63,25.68,M2
C00282,36081213,24.38,10.11,M3e
C00283,36090874,27.24,9.55,M2
C00284,36099195,30.00,12.30,M2
C00285,36024355,7.28,14.05,M3h
C00286,36071778,21.35,9.31,M2
C00287,36036241,10.96,23.22,M2
C00288,36044314,13.34,18.68,M3d
C00289,36040489,12.00,15.25,M2
C00290,36050022,15.20,12.79,M2
C00291,36047314,14.29,13.95,M3e
C00292,36048939,14.44,13.82,M1
C00293,36049259,14.72,15.63,M2
C00294,36015571,4.61,13.72,M3e
C00295,36021261,6.57,25.29,M1
C00296,36012307,3.88,10.33,M3e
C00297,36080791,24.22,1.73,M3e
C00298,36034555,10.45,26.63,M2
C00299,36039591,11.78,18.69,M1
C00300,36090648,27.00,16.61,M2
C00301,36022645,6.83,26.41,M3s
C00302,36079042,23.73,27.14,M3s
C00303,36059846,17.96,24.70,M1
C00304,36095592,28.65,12.97,M2
C00305,36067347,20.21,26.22,M2
C00306,36084146,25.20,6.40,M2
C00307,36019511,5.79,10.91,M2
C00308,36078391,23.69,21.05,M3s
C00309,36074307,22.26,26.96,M2
C00310,36075286,22.74,21.10,M3d
C00311,36077865,23.24,20.37,M1
C00312,36075262,22.77,7.41,M1
C00313,36085991,25.62,13.09,M3e
C00314,36009381,2.83,17.56,M1
C00315,36082392,24.83,13.57,M3d
C00316,36047277,14.35,13.72,M1
C00317,36074083,22.41,20.71,M3s
C00318,36071797,21.57,4.47,M1
C00319,36041766,12.31,25.02,M1
C00320,36069021,20.75,22.49,M2
C00321,36074936,22.32,26.79,M1
C00322,36072254,21.62,6.77,M2
C00323,36069641,20.87,7.64,M1
C00324,36027943,8.37,11.60,M3d
C00325,36069682,20.88,23.38,M3e
C00326,36085514,25.66,25.56,M3s
C00327,36047598,14.12,19.48,M2
C00328,36033599,10.20,15.82,M3s
C00329,36079622,23.92,22.89,M2
C00330,36025048,7.53,24.79,M1
C00331,36094314,28.39,9.03,M2
C00332,36040320,12.04,12.37,M3e
C00333,36012651,3.75,12.61,M3s
C00334,36052750,15.73,28.29,M3s
C00335,36030623,9.22,21.83,M1
C00336,36013652,4.06,13.68,M3s
C00337,36041684,12.38,16.53,M1
C00338,36047823,14.36,14.70,M2
C00339,36090862,27.03,13.56,M3h
C00340,36018113,5.53,25.08,M2
C00341,36081422,24.34,17.03,M3s
C00342,36039876,11.94,30.00,M2
C00343,36061412,18.43,27.61,M3s
C00344,36034964,10.42,23.55,M3e
C00345,36080147,24.07,14.32,M2
C00346,36005322,1.76,12.52,M2
C00347,36034408,10.29,26.68,M2
C00348,36032077,9.75,12.82,M2
C00349,36074988,22.20,23.45,M2
C00350,36080480,24.30,9.55,M3s
C00351,36014792,4.34,13.95,M2
C00352,36068357,20.52,24.00,M1
C00353,36028338,8.58,12.77,M2
C00354,36061175,18.55,21.24,M1
C00355,36035973,10.63,13.79,M2
C00356,36010077,3.14,14.50,M3e
C00357,36073196,22.04,20.15,M1
C00358,36072074,21.84,8.20,M2
C00359,36037575,11.40,17.67,M3e
C00360,36021499,6.53,13.13,M2
C00361,36034746,10.38,23.93,M1
C00362,36077516,23.27,22.17,M3h
C00363,36079221,23.92,11.25,M3s
C00364,36072394,21.71,22.67,M2
C00365,36035800,10.77,26.57,M2
C00366,36008903,2.69,14.23,M3e
C00367,36081865,24.42,20.23,M2
C00368,36094731,28.21,13.38,M3d
C00369,36082376,24.63,11.23,M3d
C00370,36040004,12.29,15.47,M3h
C00371,36080886,24.16,20.32,M3s
C00372,36008405,2.56,10.69,M3s
C00373,36084475,25.24,6.73,M3e
C00374,36048967,14.43,14.86,M3e
C00375,36076089,23.02,24.10,M3e
C00376,36076128,22.96,10.31,M1
C00377,36024908,7.27,25.56,M3d
C00378,36068236,20.66,21.77,M2
C00379,36098367,29.41,10.28,M3s
C00380,36075945,22.60,19.15,M3s
C00381,36098255,29.62,5.39,M1
C00382,36082882,24.75,7.45,M2
C00383,36033253,9.93,25.68,M1
C00384,36040487,12.15,17.03,M2
C00385,36069549,20.97,3.65,M1
C00386,36017963,5.11,13.86,M2
C00387,36058532,17.52,18.63,M2
C00388,36072126,21.61,7.92,M1
C00389,36084974,25.28,6.31,M3s
C00390,36055560,16.52,15.90,M2
C00391,36053916,15.92,14.85,M2
C00392,36068412,20.58,20.83,M1
C00393,36023317,7.05,20.97,M3e
C00394,36033706,10.18,25.22,M3s
C00395,36047700,14.39,19.72,M3s
C00396,36015846,4.54,11.36,M3s
C00397,36021136,6.53,12.87,M2
C00398,36055403,16.56,18.61,M2
C00399,36015150,4.72,13.93,M1
C00400,36039659,11.74,17.34,M2
C00401,36035912,10.60,16.05,M3s
C00402,36076190,22.94,12.34,M3e
C00403,36070159,21.07,9.63,M3s
C00404,36046921,13.86,15.20,M3s
C00405,36038850,11.47,19.36,M1
C00406,36038307,11.61,26.04,M3s
C00407,36065473,19.60,6.81,M3s
C00408,36072780,21.82,8.28,M2
C00409,36041066,12.43,16.49,M1
C00410,36017498,5.26,12.17,M2
C00411,36088466,26.47,11.65,M3s
C00412,36061459,18.37,25.27,M2
C00413,36045389,13.51,15.73,M1
C00414,36063353,19.03,25.02,M3h
C00415,36040770,12.08,16.37,M1
C00416,36050673,15.07,19.10,M1
C00417,36048548,14.48,14.69,M1
C00418,36046812,13.86,19.44,M1
C00419,36098887,29.69,9.76,M2
C00420,36045182,13.58,13.98,M2
C00421,36025121,7.69,27.39,M2
C00422,36099140,30.00,16.42,M2
C00423,36078851,23.56,10.99,M2
C00424,36082256,24.88,20.80,M3s
C00425,36075237,22.59,26.48,M2
C00426,36060982,18.23,24.50,M2
C00427,36084497,25.25,7.45,M2
C00428,36091804,27.38,13.58,M1
C00429,36030386,9.27,25.14,M2
C00430,36091806,27.37,15.19,M2
C00431,36015933,4.57,10.85,M3s
C00432,36041046,12.55,18.67,M2
C00433,36074556,22.41,4.49,M1
C00434,36032375,9.79,18.25,M3e
C00435,36021623,6.59,21.26,M2
C00436,36051100,15.30,14.90,M2
C00437,36042953,12.67,14.73,M1
C00438,36079202,23.97,24.08,M1
C00439,36044213,13.40,16.21,M1
C00440,36045418,13.61,18.73,M2
C00441,36094593,28.37,13.05,M2
C00442,36062968,18.79,23.65,M2
C00443,36016452,4.94,22.55,M2
C00444,36033472,10.15,16.23,M2
C00445,36060985,18.09,15.17,M3s
C00446,36095982,28.55,21.14,M2
C00447,36043728,13.02,13.94,M3e
C00448,36081640,24.57,12.68,M2
C00449,36076464,22.88,12.07,M2
C00450,36033392,9.91,22.98,M1
C00451,36076914,22.95,22.32,M3e
C00452,36048160,14.44,12.66,M2
C00453,36028722,8.59,23.82,M2
C00454,36077432,23.18,12.52,M2
C00455,36005365,1.77,11.74,M3s
C00456,36085528,25.77,20.49,M3h
C00457,36044345,13.35,16.42,M2
C00458,36076872,22.83,21.87,M2
C00459,36052872,15.69,16.25,M2
C00460,36074726,22.38,8.98,M2
C00461,36015405,4.65,7.13,M1
C00462,36032670,9.74,26.79,M2
C00463,36068683,20.52,23.94,M2
C00464,36066126,19.97,27.59,M2
C00465,36045529,13.54,15.77,M2
C00466,36073401,22.09,24.66,M2
C00467,36072659,21.81,5.19,M2
C00468,36086178,25.89,20.47,M2
C00469,36078061,23.44,19.76,M3e
C00470,36089557,26.79,14.84,M1
C00471,36066795,20.02,24.37,M3e
C00472,36038197,11.54,14.74,M2
C00473,36075247,22.62,21.73,M1
C00474,36029417,8.82,13.59,M3e
C00475,36049569,14.84,13.23,M3h
C00476,36013647,3.96,14.24,M1
C00477,36064252,19.30,23.06,M2
C00478,36029413,8.76,25.29,M2
C00479,36068587,20.56,24.50,M3s
C00480,36032924,9.89,23.73,M1
C00481,36027786,8.35,24.46,M2
C00482,36084436,25.25,12.72,M3s
C00483,36043884,13.13,13.56,M3h
C00484,36024590,7.35,23.50,M2
C00485,36038480,11.48,15.29,M2
C00486,36027706,8.40,22.58,M1
C00487,36019777,5.94,11.19,M1
C00488,36090155,27.25,13.81,M3s
C00489,36069890,20.94,26.82,M3d
C00490,36026506,7.87,11.15,M2
C00491,36095725,28.51,13.49,M3s
C00492,36087587,26.36,16.07,M3s
C00493,36082987,24.70,16.08,M2
C00494,36038746,11.48,15.46,M2
C00495,36039375,11.84,14.96,M3d
C00496,36063289,19.12,21.57,M2
C00497,36059272,17.70,24.01,M2
C00498,36028862,8.54,16.98,M1
C00499,36015979,4.63,13.23,M1
C00500,36070980,21.06,6.57,M2
C00501,36047008,14.18,16.57,M3d
C00502,36066108,19.85,19.61,M2
C00503,36038803,11.70,19.64,M1
C00504,36054684,16.45,15.45,M2
C00505,36017856,5.22,12.54,M2
C00506,36046423,13.92,16.86,M1
C00507,36026081,8.10,12.66,M1
C00508,36012199,3.82,12.50,M3s
C00509,36011999,3.35,12.91,M2
C00510,36074967,22.22,5.49,M3s
C00511,36037807,11.31,20.37,M3e
C00512,36014635,4.38,16.87,M1
C00513,36050057,15.15,13.62,M1
C00514,36012378,3.74,13.37,M3d
C00515,36029232,8.71,18.78,M2
C00516,36021122,6.53,12.41,M2
C00517,36004817,1.31,12.34,M2
C00518,36003852,0.99,11.52,M3e
C00519,36025671,7.73,23.64,M1
C00520,36058784,17.64,22.29,M1
C00521,36039807,11.80,17.46,M1
C00522,36041091,12.32,14.14,M3h
C00523,36074974,22.39,10.39,M1
C00524,36091923,27.34,13.77,M1
C00525,36071055,21.35,6.04,M2
C00526,36021934,6.40,9.96,M1
C00527,36086322,25.86,8.04,M1
C00528,36038714,11.66,17.46,M1
C00529,36076411,22.86,5.13,M2
C00530,36064264,19.44,5.37,M2
C00531,36075931,22.63,23.01,M2
C00532,36077049,23.21,24.22,M2
C00533,36075426,22.71,13.06,M3s
C00534,36041356,12.42,24.88,M3s
C00535,36072873,21.77,8.28,M3s
C00536,36085438,25.67,12.47,M1
C00537,36087778,26.24,17.50,M2
C00538,36073026,22.13,5.72,M3d
C00539,36072866,21.63,6.08,M2
C00540,36070790,21.17,27.21,M2
C00541,36039014,11.89,18.44,M3s
C00542,36042985,12.89,16.00,M1
C00543,36052466,15.85,15.57,M1
C00544,36081405,24.58,19.51,M1
C00545,36018406,5.43,13.82,M2
C00546,36037646,11.35,25.22,M3s
C00547,36042272,12.77,16.29,M3e
C00548,36032815,9.81,12.35,M2
C00549,36050153,15.13,15.33,M2
C00550,36046298,13.86,17.72,M3s
C00551,36024297,7.29,24.12,M3s
C00552,36088282,26.56,13.07,M3e
C00553,36041824,12.52,19.52,M3s
C00554,36077035,23.22,20.56,M1
C00555,36069119,20.80,26.48,M2
C00556,36042860,12.82,17.32,M2
C00557,36074367,22.27,19.25,M2
C00558,36071809,21.40,6.15,M2
C00559,36035042,10.69,17.22,M3s
C00560,36067023,20.20,24.05,M2
C00561,36038279,11.55,14.58,M2
C00562,36066656,20.06,9.44,M2
C00563,36078173,23.63,9.30,M1
C00564,36066010,19.84,27.09,M3s
C00565,36075048,22.68,9.60,M1
C00566,36024093,7.41,22.37,M1
C00567,36040458,12.23,13.34,M2
C00568,36081631,24.34,8.63,M2
C00569,36079037,23.72,13.26,M3e
C00570,36059715,17.87,27.34,M1
C00571,36073486,22.08,10.73,M3e
C00572,36048419,14.67,21.74,M2
C00573,36082005,24.64,19.85,M2
C00574,36039455,11.90,14.50,M2
C00575,36016026,4.84,15.03,M3s
C00576,36087052,26.12,17.92,M3h
C00577,36065337,19.55,26.27,M2
C00578,36066367,19.85,23.77,M1
C00579,36019976,5.71,25.30,M2
C00580,36080892,24.01,21.03,M2
C00581,36012042,3.70,12.10,M1
C00582,36036077,11.00,14.95,M3s
C00583,36044762,13.23,14.78,M3e
C00584,36042367,12.67,16.09,M2
C00585,36042502,12.65,22.10,M2
C00586,36079481,23.83,22.60,M2
C00587,36046071,14.02,14.66,M2
C00588,36036319,11.00,19.52,M2
C00589,36073185,22.08,21.12,M3s
C00590,36029975,8.91,15.20,M2
C00591,36032035,9.87,22.74,M2
C00592,36070123,21.01,22.23,M2
C00593,36047384,14.21,12.53,M2
C00594,36087147,26.39,11.44,M2
C00595,36096448,28.86,20.73,M1
C00596,36086416,25.92,13.88,M3e
C00597,36078158,23.42,8.92,M2
C00598,36032601,9.69,22.53,M2
C00599,36078710,23.45,26.87,M2
C00600,36044592,13.20,22.58,M1
C00601,36088516,26.60,21.40,M1
C00602,36019426,5.72,13.06,M2
C00603,36031830,9.41,23.75,M3s
C00604,36069036,20.79,7.19,M3s
C00605,36028992,8.46,24.08,M1
C00606,36062334,18.77,21.07,M2
C00607,36013207,4.18,7.94,M3e
C00608,36009096,2.83,12.99,M1
C00609,36078526,23.59,5.72,M2
C00610,36035459,10.76,27.52,M1
C00611,36079015,23.80,18.59,M1
C00612,36076164,22.90,5.76,M3e
C00613,36024325,7.43,26.41,M2
C00614,36015744,4.64,11.56,M3s
C00615,36079855,23.80,21.49,M2
C00616,36074670,22.33,27.55,M2
C00617,36009787,2.80,10.87,M3s
C00618,36011007,3.42,13.66,M3s
C00619,36029441,8.88,19.02,M2
C00620,36078925,23.53,9.36,M2
C00621,36086647,25.86,22.54,M2
C00622,36009116,2.92,14.85,M3s
C00623,36037522,11.27,15.16,M1
C00624,36000657,0.09,13.06,M3s
C00625,36079275,23.73,6.93,M2
C00626,36076512,22.96,26.29,M1
C00627,36003478,1.04,13.99,M2
C00628,36071840,21.58,20.10,M1
C00629,36037266,11.17,17.94,M2
C00630,36016792,4.88,10.32,M2
C00631,36026794,7.84,17.79,M2
C00632,36035719,10.68,25.86,M3s
C00633,36053184,16.03,16.88,M3s
C00634,36022872,6.68,9.66,M2
C00635,36046168,13.83,15.99,M2
C00636,36079156,23.76,4.81,M2
C00637,36089842,26.90,8.70,M1
C00638,36083191,25.03,6.11,M2
C00639,36003819,1.02,14.44,M3s
C00640,36027818,8.15,24.51,M3d
C00641,36085679,25.61,10.65,M1
C00642,36067333,20.28,23.17,M3e
C00643,36083844,24.97,9.31,M2
C00644,36065198,19.61,26.43,M3d
C00645,36023974,7.20,24.30,M2
C00646,36062510,18.78,23.55,M2
C00647,36079589,23.82,6.74,M3e
C00648,36072518,21.84,13.04,M2
C00649,36089946,26.71,21.83,M2
C00650,36064309,19.45,23.16,M2
C00651,36079058,23.77,10.16,M2
C00652,36048585,14.55,17.01,M2
C00653,36039229,11.77,19.45,M2
C00654,36077602,23.22,19.41,M2
C00655,36027627,8.35,25.89,M1
C00656,36088401,26.48,5.10,M1
C00657,36035045,10.74,19.08,M2
C00658,36081960,24.45,9.46,M1
C00659,36028511,8.59,22.12,M2
C00660,36042654,12.74,26.38,M3s
C00661,36070610,21.24,19.99,M1
C00662,36043174,13.14,20.79,M3s
C00663,36045944,13.53,13.43,M2
C00664,36074458,22.48,20.04,M2
C00665,36040677,12.23,16.65,M1
C00666,36086842,26.09,14.53,M2
C00667,36044198,13.28,12.68,M1
C00668,36018563,5.65,11.26,M3s
C00669,36039451,11.96,14.75,M3s
C00670,36044790,13.22,13.29,M3s
C00671,36078068,23.60,12.00,M1
C00672,36022244,6.81,11.16,M2
C00673,36076553,23.08,24.42,M2
C00674,36015737,4.61,15.49,M3s
C00675,36015670,4.56,27.13,M3s
C00676,36013191,4.10,11.18,M2
C00677,36034358,10.27,26.69,M2
C00678,36079422,23.74,21.37,M3s
C00679,36095435,28.70,9.17,M2
C00680,36016498,4.82,13.82,M2
C00681,36035308,10.70,18.69,M2
C00682,36040470,12.08,18.02,M1
C00683,36067086,20.36,23.15,M3s
C00684,36066361,19.89,25.55,M1
C00685,36039826,11.96,23.07,M3d
C00686,36022419,6.87,15.14,M2
C00687,36073929,22.19,23.57,M2
C00688,36036908,11.00,20.12,M1
C00689,36034707,10.50,24.34,M3s
C00690,36085513,25.53,10.92,M2
C00691,36063642,19.16,29.06,M1
C00692,36052472,15.67,15.27,M3h
C00693,36067925,20.34,20.45,M1
C00694,36089018,26.81,11.54,M2
C00695,36093501,27.97,11.63,M3h
C00696,36027560,8.37,21.64,M3e
C00697,36070136,21.04,17.84,M2
C00698,36026218,8.10,10.69,M1
C00699,36078996,23.58,20.88,M3e
C00700,36083155,25.02,22.34,M1
C00701,36069951,20.94,20.49,M2
C00702,36037773,11.27,17.52,M3s
C00703,36036758,11.01,14.41,M1
C00704,36079823,23.73,20.70,M1
C00705,36048552,14.63,13.26,M1
C00706,36063866,18.96,28.74,M1
C00707,36079580,23.87,22.69,M1
C00708,36085429,25.55,24.21,M3e
C00709,36072504,21.72,18.91,M2
C00710,36078306,23.52,22.85,M2
C00711,36089337,26.81,8.87,M1
C00712,36079757,23.87,22.03,M3e
C00713,36081230,24.37,26.02,M3e
C00714,36098930,29.41,18.48,M3d
C00715,36062235,18.62,21.41,M1
C00716,36092534,27.69,9.94,M1
C00717,36063336,19.10,23.59,M2
C00718,36052487,15.78,16.12,M2
C00719,36028540,8.60,10.93,M1
C00720,36070630,21.08,17.41,M2
C00721,36080010,24.14,12.66,M3s
C00722,36019186,5.93,26.11,M1
C00723,36087559,26.29,9.90,M3s
C00724,36040456,12.03,11.10,M3d
C00725,36048832,14.65,16.19,M1
C00726,36031516,9.44,20.17,M2
C00727,36083634,24.96,11.63,M3s
C00728,36080562,24.08,11.62,M2
C00729,36043179,13.03,13.33,M3s
C00730,36043003,13.11,20.17,M3e
C00731,36018224,5.56,12.61,M1
C00732,36048602,14.54,14.56,M3d
C00733,36068630,20.54,24.01,M2
C00734,36083141,25.17,22.50,M2
C00735,36093569,28.07,6.71,M3s
C00736,36038297,11.58,15.88,M2
C00737,36079739,23.74,22.54,M3s
C00738,36029158,8.79,21.08,M2
C00739,36036253,10.90,21.31,M3s
C00740,36056806,16.85,25.10,M3e
C00741,36017286,5.14,13.10,M2
C00742,36065122,19.80,21.72,M2
C00743,36027690,8.11,23.82,M2
C00744,36091959,27.44,13.78,M3s
C00745,36080652,24.29,15.10,M3s
C00746,36048283,14.64,16.33,M1
C00747,36036262,10.98,18.08,M2
C00748,36055199,16.56,15.08,M3s
C00749,36028912,8.68,12.00,M1
C00750,36077392,23.28,9.39,M2
C00751,36087480,26.27,10.78,M3s
C00752,36036699,11.02,20.69,M2
C00753,36073118,21.95,25.35,M2
C00754,36071996,21.43,20.38,M1
C00755,36063981,18.93,24.15,M3d
C00756,36022945,6.78,12.29,M1
C00757,36078944,23.65,18.53,M2
C00758,36039162,11.91,17.38,M1
C00759,36002359,0.72,11.29,M2
C00760,36065144,19.53,27.69,M1
C00761,36082920,24.83,12.39,M2
C00762,36078065,23.50,7.99,M1
C00763,36070380,21.29,5.33,M2
C00764,36058549,17.40,23.57,M3e
C00765,36074877,22.45,8.30,M1
C00766,36070912,21.05,27.00,M3d
C00767,36034308,10.39,24.22,M1
C00768,36075927,22.54,13.31,M3s
C00769,36043348,13.18,14.17,M2
C00770,36030759,9.10,12.08,M2
C00771,36049859,14.73,16.91,M2
C00772,36028637,8.62,19.14,M2
C00773,36032623,9.80,24.46,M2
C00774,36079649,23.96,5.18,M2
C00775,36048260,14.47,13.24,M2
C00776,36077279,23.26,24.89,M2
C00777,36077810,23.24,13.81,M3s
C00778,36012589,3.63,16.85,M3s
C00779,36018061,5.55,11.74,M1
C00780,36088141,26.41,10.92,M2
C00781,36026777,8.02,14.98,M1
C00782,36070964,21.16,11.33,M2
C00783,36089689,26.74,18.45,M2
C00784,36047191,14.33,7.90,M2
C00785,36029040,8.98,24.97,M2
C00786,36009825,2.70,10.46,M2
C00787,36086306,26.05,20.18,M2
C00788,36046180,14.04,13.53,M1
C00789,36080778,24.05,19.06,M2
C00790,36044851,13.28,18.19,M1
C00791,36056379,17.01,11.31,M2
C00792,36078238,23.60,17.91,M1
C00793,36064724,19.30,25.35,M2
C00794,36045414,13.67,14.22,M3e
C00795,36075005,22.62,6.28,M1
C00796,36093592,27.96,13.47,M3d
C00797,36072570,21.71,28.43,M1
C00798,36063573,19.05,22.16,M3s
C00799,36022994,6.74,22.91,M1
C00800,36077596,23.32,13.75,M1
C00801,36019040,5.99,23.55,M2
C00802,36030751,9.09,23.04,M2
C00803,36082432,24.73,18.44,M1
C00804,36074501,22.47,25.71,M3e
C00805,36026491,7.87,21.42,M1
C00806,36027157,8.16,23.58,M2
C00807,36007395,2.19,14.28,M3d
C00808,36034870,10.31,18.24,M1
C00809,36041222,12.41,14.72,M2
C00810,36027992,8.38,25.63,M2
C00811,36072074,21.71,23.97,M3d
C00812,36026696,7.82,20.93,M1
C00813,36009829,2.98,14.57,M3s
C00814,36086736,25.99,21.55,M1
C00815,36043706,13.13,11.75,M3s
C00816,36078917,23.50,16.70,M1
C00817,36089759,26.84,10.95,M3s
C00818,36070768,21.09,7.99,M2
C00819,36025608,7.72,24.87,M1
C00820,36019981,5.74,12.60,M1
C00821,36024158,7.36,25.45,M3s
C00822,36039051,11.98,22.34,M1
C00823,36045708,13.59,15.80,M3d
C00824,36073364,22.14,6.87,M3d
C00825,36048511,14.58,19.93,M3d
C00826,36073567,22.17,8.03,M1
C00827,36031769,9.48,17.45,M2
C00828,36085279,25.73,14.77,M3s
C00829,36078139,23.44,26.21,M2
C00830,36053010,15.92,19.52,M3s
C00831,36075470,22.55,28.33,M2
C00832,36078548,23.46,20.72,M3s
C00833,36069339,20.91,28.79,M3s
C00834,36047281,14.30,19.21,M1
C00835,36039515,12.00,19.76,M2
C00836,36046495,13.88,14.84,M1
C00837,36047040,14.26,20.50,M1
C00838,36015741,4.51,10.37,M3d
C00839,36064526,19.35,12.69,M2
C00840,36006665,1.97,11.72,M3s
C00841,36070604,21.11,29.88,M3d
C00842,36077166,23.23,5.98,M1
C00843,36045803,13.67,15.57,M2
C00844,36076462,22.90,16.19,M1
C00845,36027255,8.18,28.06,M2
C00846,36021163,6.51,25.78,M1
C00847,36069063,20.79,9.42,M3d
C00848,36079514,23.98,10.22,M3s
C00849,36042643,12.77,13.75,M2
C00850,36077346,23.12,20.73,M2
C00851,36082333,24.89,11.04,M2
C00852,36062155,18.62,27.93,M1
C00853,36084141,25.32,10.10,M1
C00854,36014273,4.23,16.26,M2
C00855,36039987,11.98,18.69,M2
C00856,36087275,26.19,20.55,M2
C00857,36065107,19.72,24.27,M1
C00858,36079284,23.75,14.46,M2
C00859,36084102,25.24,13.89,M2
C00860,36027231,8.38,26.91,M3h
C00861,36075872,22.68,25.64,M1
C00862,36024602,7.40,24.34,M2
C00863,36024896,7.46,24.98,M2
C00864,36032443,9.69,20.30,M2
C00865,36083346,24.90,15.80,M3h
C00866,36071804,21.30,21.65,M2
C00867,36009116,2.91,14.06,M3e
C00868,36071305,21.40,5.65,M3s
C00869,36027235,8.22,27.40,M2
C00870,36052284,15.89,16.26,M2
C00871,36071589,21.56,27.06,M1
C00872,36090719,27.10,20.23,M1
C00873,36036670,10.99,28.10,M3s
C00874,36043435,12.96,16.65,M1
C00875,36044186,13.34,14.08,M2
C00876,36086156,25.97,16.42,M1
C00877,36052477,15.67,14.73,M2
C00878,36036563,10.81,21.25,M3s
C00879,36070943,21.04,25.36,M2
C00880,36025300,7.80,17.27,M3s
C00881,36040102,12.07,15.88,M3s
C00882,36028455,8.55,23.31,M1
C00883,36084231,25.26,11.61,M3s
C00884,36012769,3.63,12.39,M1
C00885,36070062,21.22,20.74,M2
C00886,36049048,14.83,14.83,M2
C00887,36014981,4.44,12.46,M3e
C00888,36035005,10.63,25.22,M3s
C00889,36032552,9.74,21.31,M1
C00890,36078742,23.58,17.80,M3d
C00891,36044749,13.41,14.28,M2
C00892,36066248,19.81,8.31,M2
C00893,36026467,7.95,12.61,M1
C00894,36042599,12.66,13.28,M2
C00895,36037519,11.21,14.44,M1
C00896,36022884,6.78,23.41,M2
C00897,36081407,24.42,15.14,M3e
C00898,36028780,8.43,26.42,M3e
C00899,36079647,23.74,9.22,M2
C00900,36052914,15.63,15.11,M3h
C00901,36075834,22.78,14.33,M1
C00902,36033325,9.94,23.04,M2
C00903,36081299,24.41,13.53,M1
C00904,36021679,6.36,25.24,M2
C00905,36045608,13.61,13.30,M2
C00906,36069862,20.75,24.63,M1
C00907,36009040,2.91,10.21,M2
C00908,36085406,25.50,13.05,M1
C00909,36084927,25.22,15.12,M3s
C00910,36020528,6.11,22.21,M3s
C00911,36046595,13.88,16.60,M2
C00912,36051523,15.59,18.24,M3e
C00913,36080138,24.07,15.05,M2
C00914,36040521,12.08,18.97,M2
C00915,36041413,12.39,14.62,M3d
C00916,36012825,3.68,25.71,M2
C00917,36045001,13.80,14.92,M2
C00918,36002332,0.73,13.07,M2
C00919,36096613,28.92,12.34,M2
C00920,36072701,21.78,22.74,M3e
C00921,36086560,25.97,18.89,M2
C00922,36025895,7.58,25.15,M1
C00923,36016101,4.82,11.14,M2
C00924,36081951,24.48,5.74,M2
C00925,36045903,13.78,15.49,M2
C00926,36089171,26.83,11.48,M3h
C00927,36078773,23.44,22.45,M2
C00928,36043532,13.07,22.67,M2
C00929,36023135,6.99,22.90,M3h
C00930,36084383,25.34,20.56,M2
C00931,36070037,21.08,26.22,M3h
C00932,36055862,16.62,10.39,M2
C00933,36014673,4.39,11.91,M1
C00934,36082559,24.89,13.59,M2
C00935,36058124,17.57,26.73,M1
C00936,36050882,15.29,11.56,M2
C00937,36020716,6.16,17.98,M1
C00938,36058803,17.48,9.40,M2
C00939,36018712,5.48,13.30,M3s
C00940,36071368,21.38,3.74,M3s
C00941,36072103,21.67,3.82,M3s
C00942,36053974,16.12,15.28,M2
C00943,36083468,25.01,14.42,M2
C00944,36072891,21.66,22.90,M2
C00945,36092284,27.78,13.14,M2
C00946,36078384,23.60,11.72,M1
C00947,36091072,27.48,23.18,M2
C00948,36024754,7.37,26.43,M3s
C00949,36021768,6.48,10.67,M1
C00950,36018819,5.65,13.09,M2
C00951,36057917,17.24,21.55,M1
C00952,36043241,13.02,11.20,M3d
C00953,36029061,8.82,24.29,M2
C00954,36051101,15.50,14.80,M1
C00955,36079234,23.95,25.33,M2
C00956,36094795,28.47,13.33,M2
C00957,36033143,10.17,21.91,M3s
C00958,36066997,19.87,7.73,M2
C00959,36033160,10.03,21.78,M3s
C00960,36067925,20.34,27.71,M3s
C00961,36074976,22.28,19.35,M1
C00962,36045689,13.69,20.56,M2
C00963,36078611,23.65,11.78,M3e
C00964,36011371,3.35,13.13,M3s
C00965,36007842,2.23,13.69,M2
C00966,36081049,24.36,9.51,M1
C00967,36011196,3.33,10.87,M1
C00968,36049302,14.85,15.93,M2
C00969,36031391,9.50,22.50,M3e
C00970,36080163,24.30,20.74,M2
C00971,36079792,23.80,16.72,M2
C00972,36019046,5.81,12.64,M2
C00973,36085283,25.70,12.04,M1
C00974,36080599,24.06,24.55,M3d
C00975,36029270,8.78,14.45,M2
C00976,36099907,29.74,24.68,M3s
C00977,36063785,19.15,24.21,M2
C00978,36098615,29.47,13.46,M2
C00979,36080609,24.11,22.63,M1
C00980,36012151,3.85,15.49,M1
C00981,36071714,21.41,9.37,M3d
C00982,36043975,13.17,15.92,M1
C00983,36042373,12.86,16.03,M2
C00984,36053830,15.92,18.14,M2
C00985,36071943,21.45,25.67,M2
C00986,36070857,21.16,20.64,M2
C00987,36078806,23.50,20.27,M3e
C00988,36037279,11.27,19.49,M2
C00989,36020980,6.05,14.95,M3s
C00990,36082721,24.89,8.82,M1
C00991,36088874,26.43,21.11,M1
C00992,36075801,22.58,18.58,M2
C00993,36027537,8.13,25.95,M2
C00994,36070694,21.14,25.48,M3s
C00995,36079099,23.94,21.92,M3e
C00996,36049074,14.93,10.05,M3e
C00997,36035408,10.61,15.60,M2
C00998,36041408,12.45,18.70,M2
C00999,36037145,11.25,22.86,M3s
C01000,36073707,21.96,11.21,M1
C01001,36096297,28.87,13.42,M2
C01002,36039715,11.70,26.19,M2
C01003,36011238,3.30,13.22,M2
C01004,36039247,11.91,20.63,M2
C01005,36017634,5.10,14.96,M3s
C01006,36086105,25.95,24.41,M2
C01007,36078421,23.65,25.18,M3s
C01008,36086331,26.02,21.95,M2
C01009,36025865,7.66,13.40,M2
C01010,36084239,25.33,10.93,M3h
C01011,36074493,22.29,9.25,M2
C01012,36075417,22.76,11.27,M2
C01013,36078228,23.65,16.62,M3e
C01014,36097523,29.16,15.31,M2
C01015,36084754,25.46,21.37,M3e
C01016,36038120,11.44,25.29,M3s
C01017,36076751,23.06,6.06,M3s
C01018,36028038,8.65,22.12,M3d
C01019,36035220,10.75,16.86,M3s
C01020,36070916,21.13,5.45,M1
C01021,36085165,25.79,9.12,M2
C01022,36083395,25.17,15.24,M3e
C01023,36006590,2.02,13.96,M2
C01024,36033252,10.01,13.67,M2
C01025,36072222,21.89,4.12,M1
C01026,36018733,5.51,27.38,M2
C01027,36071273,21.45,21.39,M2
C01028,36056104,16.93,12.75,M1
C01029,36067135,20.30,24.13,M3s
C01030,36049667,14.75,21.27,M2
C01031,36050575,15.15,11.61,M3s
C01032,36090099,27.15,11.64,M1
C01033,36093592,28.00,9.62,M3s
C01034,36044396,13.26,20.12,M1
C01035,36009715,2.77,13.29,M1
C01036,36084729,25.46,20.96,M3s
C01037,36054945,16.30,16.21,M3e
C01038,36078757,23.52,18.79,M3e
C01039,36031723,9.32,25.74,M1
C01040,36038275,11.53,26.70,M3s
C01041,36032314,9.85,27.12,M3s
C01042,36092217,27.64,12.34,M1
C01043,36052030,15.70,11.83,M3d
C01044,36043468,13.19,19.44,M1
C01045,36082971,24.87,24.68,M3e
C01046,36065406,19.64,5.27,M2
C01047,36081506,24.32,22.95,M2
C01048,36075808,22.53,7.44,M3s
C01049,36053837,15.99,15.08,M3h
C01050,36080319,24.24,5.88,M1
C01051,36075787,22.76,18.49,M2
C01052,36038729,11.45,19.84,M1
C01053,36074199,22.21,10.47,M2
C01054,36026475,8.05,18.68,M3s
C01055,36076743,22.80,21.04,M1
C01056,36017877,5.30,22.56,M3d
C01057,36041837,12.30,21.66,M2
C01058,36019667,5.88,13.59,M2
C01059,36045860,13.57,16.68,M1
C01060,36041997,12.59,11.89,M2
C01061,36095024,28.77,15.38,M1
C01062,36048517,14.67,19.54,M3e
C01063,36068396,20.61,8.14,M2
C01064,36082622,24.68,7.79,M3e
C01065,36095151,28.56,13.08,M2
C01066,36069038,20.86,28.33,M1
C01067,36009328,2.74,14.25,M1
C01068,36028577,8.55,10.78,M1
C01069,36017175,5.20,10.68,M1
C01070,36072703,21.73,25.17,M1
C01071,36016424,5.00,16.95,M3h
C01072,36067635,20.14,24.91,M2
C01073,36069968,20.88,21.57,M1
C01074,36039625,11.77,17.47,M2
C01075,36094023,28.48,11.17,M1
C01076,36018466,5.68,11.25,M2
C01077,36082282,24.68,19.37,M2
C01078,36063927,19.07,26.09,M2
C01079,36038220,11.58,22.07,M1
C01080,36018834,5.52,23.53,M1
C01081,36084692,25.25,20.05,M1
C01082,36069906,20.98,11.85,M1
C01083,36038601,11.57,23.74,M3e
C01084,36040077,12.02,19.82,M1
C01085,36073770,21.95,20.32,M1
C01086,36073544,22.02,7.13,M2
C01087,36079842,23.94,3.63,M1
C01088,36070487,21.15,12.03,M3d
C01089,36014889,4.50,13.29,M3s
C01090,36078855,23.41,20.02,M3e
C01091,36040548,12.03,17.89,M2
C01092,36071550,21.56,24.76,M2
C01093,36048389,14.58,17.72,M3s
C01094,36086075,25.89,19.89,M3s
C01095,36037862,11.35,19.62,M1
C01096,36074308,22.25,21.89,M3e
C01097,36057631,17.25,6.48,M2
C01098,36065790,19.67,4.34,M3e
C01099,36078514,23.53,21.96,M3d
C01100,36055323,16.51,15.77,M3e
C01101,36069369,20.98,2.48,M2
C01102,36077005,23.12,19.24,M2
C01103,36088249,26.43,12.80,M1
C01104,36092535,27.86,13.08,M2
C01105,36048373,14.57,12.70,M2
C01106,36014499,4.25,13.84,M1
C01107,36086459,25.83,10.02,M1
C01108,36018107,5.48,12.92,M1
C01109,36039357,11.99,15.85,M1
C01110,36062962,18.66,25.25,M1
C01111,36077017,23.16,6.07,M3s
C01112,36023978,7.18,28.33,M1
C01113,36082556,24.78,12.13,M2
C01114,36013289,3.93,9.50,M1
C01115,36080763,24.29,14.32,M1
C01116,36039534,11.94,22.68,M2
C01117,36076573,22.97,5.93,M1
C01118,36047508,14.21,13.42,M3s
C01119,36078960,23.42,24.79,M3s
C01120,36067255,20.21,21.62,M2
C01121,36026408,7.84,21.13,M1
C01122,36016106,4.97,21.91,M1
C01123,36075745,22.73,9.86,M2
C01124,36028188,8.56,11.39,M3e
C01125,36070054,21.22,8.67,M3h
C01126,36030774,9.29,25.17,M3s
C01127,36032569,9.74,17.25,M2
C01128,36068838,20.55,25.53,M2
C01129,36085878,25.53,20.73,M3h
C01130,36079023,23.98,19.15,M3e
C01131,36016511,5.09,9.65,M3h
C01132,36033306,10.14,19.19,M1
C01133,36078004,23.69,7.67,M3d
C01134,36050877,15.13,10.90,M2
C01135,36068005,20.45,30.00,M1
C01136,36069046,20.87,25.09,M3d
C01137,36066105,19.91,25.17,M2
C01138,36086428,25.82,11.17,M3s
C01139,36081943,24.52,5.52,M1
C01140,36018098,5.50,13.48,M3h
C01141,36009798,2.87,15.68,M2
C01142,36025848,7.72,10.55,M3s
C01143,36032606,9.69,24.79,M2
C01144,36092790,27.87,21.83,M3e
C01145,36083376,25.04,15.31,M1
C01146,36060558,18.01,25.50,M2
C01147,36084342,25.39,7.64,M1
C01148,36008713,2.64,12.15,M2
C01149,36086814,25.97,9.85,M3s
C01150,36065546,19.71,5.69,M2
C01151,36077844,23.33,7.58,M1
C01152,36041599,12.49,15.37,M1
C01153,36070764,21.05,23.59,M1
C01154,36087632,26.33,5.26,M2
C01155,36092901,27.70,12.85,M2
C01156,36044370,13.31,15.11,M3e
C01157,36007996,2.25,13.15,M2
C01158,36056271,16.94,17.48,M1
C01159,36073603,22.01,25.27,M3e
C01160,36071116,21.41,23.37,M2
C01161,36080506,24.16,21.58,M2
C01162,36081389,24.33,21.28,M1
C01163,36073261,22.01,18.52,M1
C01164,36037445,11.34,12.55,M3e
C01165,36073310,22.10,26.23,M1
C01166,36006597,1.89,11.97,M1
C01167,36023212,6.98,11.00,M2
C01168,36040600,12.27,25.10,M3s
C01169,36085651,25.59,11.39,M2
C01170,36038582,11.66,22.29,M2
C01171,36028430,8.62,26.13,M2
C01172,36070095,21.30,6.85,M3e
C01173,36013371,3.96,10.46,M2
C01174,36079450,24.00,21.77,M3s
C01175,36077478,23.37,18.45,M2
C01176,36057599,17.14,15.19,M1
C01177,36036162,10.91,16.11,M2
C01178,36077947,23.23,13.84,M2
C01179,36078922,23.49,23.01,M1
C01180,36042733,12.66,13.78,M3s
C01181,36081236,24.41,21.76,M3s
C01182,36042482,12.61,23.31,M1
C01183,36017641,5.14,12.45,M2
C01184,36047438,14.29,20.78,M1
C01185,36084872,25.25,12.94,M3h
C01186,36063641,19.13,24.86,M2
C01187,36096220,28.96,11.45,M3d
C01188,36082212,24.84,20.16,M2
C01189,36073891,21.93,5.97,M2
C01190,36037378,11.29,15.84,M2
C01191,36070321,21.13,20.60,M3h
C01192,36039915,11.86,27.43,M1
C01193,36083630,24.96,13.87,M1
C01194,36053944,16.14,20.06,M2
C01195,36040296,12.26,19.69,M2
C01196,36040894,12.12,19.92,M3h
C01197,36016277,5.08,15.15,M3h
C01198,36074222,22.32,23.29,M2
C01199,36092446,27.68,12.82,M2
C01200,36039371,11.77,14.35,M1
C01201,36084951,25.30,12.42,M1
C01202,36082277,24.64,18.74,M1
C01203,36031643,9.41,26.23,M2
C01204,36018801,5.52,14.78,M3s
C01205,36064377,19.38,23.14,M3e
C01206,36076458,22.84,15.76,M3s
C01207,36017675,5.29,12.88,M3h
C01208,36079882,23.91,26.48,M3d
C01209,36078996,23.66,8.38,M2
C01210,36049254,14.85,13.19,M2
C01211,36026531,7.82,24.47,M2
C01212,36003616,1.12,12.89,M3h
C01213,36074354,22.43,3.76,M2
C01214,36081538,24.52,22.42,M2
C01215,36068560,20.67,23.54,M1
C01216,36048980,14.49,19.37,M3s
C01217,36039492,11.95,18.60,M3s
C01218,36087030,26.21,14.38,M2
C01219,36036258,10.81,30.00,M3s
C01220,36070693,21.18,24.69,M2
C01221,36040842,12.16,13.96,M3s
C01222,36026404,7.99,12.34,M3s
C01223,36028442,8.55,14.38,M3e
C01224,36039535,11.80,12.71,M2
C01225,36028945,8.46,22.95,M2
C01226,36043006,13.10,14.28,M2
C01227,36076372,22.84,11.21,M2
C01228,36085004,25.78,20.12,M2
C01229,36078731,23.69,21.34,M2
C01230,36012848,3.72,14.28,M2
C01231,36068611,20.61,24.94,M2
C01232,36077900,23.13,7.54,M1
C01233,36089235,26.90,6.33,M1
C01234,36065408,19.58,27.68,M3s
C01235,36093582,28.08,14.56,M3h
C01236,36079278,23.96,8.90,M2
C01237,36083711,24.94,3.38,M2
C01238,36087323,26.23,22.81,M1
C01239,36047949,14.30,21.92,M1
C01240,36094221,28.47,13.03,M1
C01241,36035833,10.53,15.50,M3s
C01242,36087524,26.17,24.90,M2
C01243,36071179,21.33,6.64,M3h
C01244,36090153,27.05,8.98,M3h
C01245,36021874,6.39,9.84,M2
C01246,36067728,20.28,26.28,M2
C01247,36077769,23.14,6.56,M2
C01248,36039544,11.75,15.04,M3e
C01249,36082958,24.77,14.18,M2
C01250,36047444,14.39,17.91,M3e
C01251,36017718,5.35,11.60,M2
C01252,36041835,12.53,13.53,M1
C01253,36031323,9.33,24.76,M1
C01254,36019141,5.71,12.81,M2
C01255,36024360,7.47,24.90,M1
C01256,36016558,5.02,12.50,M1
C01257,36041618,12.36,19.31,M2
C01258,36093820,27.96,10.95,M2
C01259,36065704,19.68,24.62,M1
C01260,36052661,15.60,15.66,M2
C01261,36019789,5.70,14.45,M3h
C01262,36057168,17.30,14.13,M1
C01263,36085903,25.60,12.76,M3d
C01264,36075122,22.74,8.99,M1
C01265,36039551,11.83,20.70,M1
C01266,36048384,14.48,14.61,M2
C01267,36036452,10.82,19.02,M1
C01268,36026090,7.99,24.65,M1
C01269,36069871,20.86,25.70,M2
C01270,36020398,6.21,27.20,M1
C01271,36001211,0.33,12.49,M3e
C01272,36022576,6.67,10.33,M2
C01273,36043925,13.03,19.19,M2
C01274,36018214,5.42,12.40,M1
C01275,36078102,23.52,8.44,M1
C01276,36053319,16.10,13.94,M2
C01277,36096090,28.99,24.71,M1
C01278,36031171,9.55,28.16,M2
C01279,36077189,23.21,21.67,M2
C01280,36080707,24.24,21.41,M3s
C01281,36023350,7.17,12.48,M2
C01282,36044091,13.45,21.30,M3d
C01283,36043653,12.98,19.80,M2
C01284,36030653,9.15,24.41,M3s
C01285,36076997,22.92,7.63,M3s
C01286,36044511,13.34,17.75,M3s
C01287,36072266,21.69,19.53,M3s
C01288,36038501,11.66,15.42,M3s
C01289,36028614,8.63,21.72,M3e
C01290,36068715,20.66,15.39,M2
C01291,36073513,22.15,19.91,M1
C01292,36076136,22.98,19.36,M3s
C01293,36096008,28.93,14.21,M3h
C01294,36027685,8.23,22.93,M3h
C01295,36082080,24.60,8.68,M2
C01296,36072234,21.85,25.25,M2
C01297,36041719,12.38,19.82,M3s
C01298,36071993,21.44,25.41,M3s
C01299,36097412,29.15,15.61,M2
C01300,36013332,4.19,15.28,M2
C01301,36075585,22.50,21.69,M2
C01302,36083456,25.16,23.10,M2
C01303,36048218,14.41,18.02,M2
C01304,36082309,24.86,16.75,M2
C01305,36030824,9.17,23.42,M3h
C01306,36022226,6.69,9.17,M2
C01307,36044631,13.37,18.00,M1
C01308,36070042,21.20,28.08,M2
C01309,36078989,23.42,11.87,M2
C01310,36088646,26.43,8.93,M2
C01311,36082076,24.87,10.67,M1
C01312,36034410,10.44,24.45,M2
C01313,36014100,4.21,10.60,M2
C01314,36044936,13.22,11.82,M2
C01315,36032179,9.71,18.65,M3s
C01316,36069900,20.84,27.11,M1
C01317,36014375,4.22,14.27,M3d
C01318,36042595,12.83,16.80,M2
C01319,36085724,25.62,6.70,M3h
C01320,36070630,21.03,6.78,M3s
C01321,36071432,21.57,7.20,M3s
C01322,36043556,13.05,16.02,M3d
C01323,36035923,10.67,25.21,M3s
C01324,36082419,24.69,20.14,M3s
C01325,36079136,23.99,9.75,M3s
C01326,36047164,14.30,19.56,M2
C01327,36023299,7.12,11.16,M3s
C01328,36084513,25.26,11.14,M2
C01329,36014622,4.28,12.38,M3s
C01330,36075911,22.78,25.95,M2
C01331,36038543,11.46,20.61,M3h
C01332,36038612,11.60,20.88,M3d
C01333,36042612,12.72,14.90,M2
C01334,36083848,24.92,9.11,M3h
C01335,36036933,10.98,22.21,M1
C01336,36081032,24.43,17.90,M2
C01337,36042846,12.65,13.42,M2
C01338,36039461,11.87,16.05,M1
C01339,36052549,15.76,20.22,M2
C01340,36033846,10.12,22.57,M2
C01341,36071085,21.42,8.73,M1
C01342,36082086,24.82,7.00,M3d
C01343,36045986,13.50,26.31,M1
C01344,36063793,19.10,9.16,M1
C01345,36082000,24.65,10.86,M1
C01346,36045137,13.57,21.55,M1
C01347,36032215,9.64,18.00,M2
C01348,36061165,18.57,29.57,M2
C01349,36041062,12.35,15.17,M3e
C01350,36069524,20.82,22.40,M3s
C01351,36084940,25.42,19.68,M2
C01352,36038391,11.60,20.30,M2
C01353,36076233,23.06,22.18,M2
C01354,36040229,12.22,19.18,M2
C01355,36033798,9.98,23.30,M3s
C01356,36060150,18.27,23.92,M3s
C01357,36080610,24.08,19.85,M1
C01358,36045672,13.65,19.09,M3h
C01359,36066240,19.91,19.79,M2
C01360,36078918,23.52,6.43,M1
C01361,36081362,24.47,8.81,M2
C01362,36016045,5.10,12.42,M3s
C01363,36077716,23.14,19.74,M1
C01364,36051442,15.32,16.55,M1
C01365,36064530,19.22,22.33,M1
C01366,36077810,23.31,4.25,M1
C01367,36033690,10.16,23.37,M2
C01368,36082707,24.64,14.15,M2
C01369,36075917,22.73,8.23,M2
C01370,36088075,26.49,14.11,M2
C01371,36092890,27.67,15.23,M1
C01372,36074455,22.50,10.49,M2
C01373,36041181,12.50,15.64,M3s
C01374,36023130,7.05,10.58,M2
C01375,36062950,18.90,26.05,M2
C01376,36088897,26.51,13.67,M1
C01377,36049416,14.87,15.16,M3e
C01378,36036179,10.85,19.02,M2
C01379,36010299,3.02,11.86,M2
C01380,36087710,26.31,19.98,M3s
C01381,36009696,2.86,11.32,M3s
C01382,36044452,13.38,14.78,M2
C01383,36052539,15.70,13.01,M1
C01384,36037845,11.11,20.06,M3s
C01385,36029329,8.85,26.95,M1
C01386,36070958,21.26,17.63,M1
C01387,36084439,25.34,12.40,M3h
C01388,36087070,26.10,10.70,M3e
C01389,36072878,21.81,17.36,M2
C01390,36021126,6.39,22.79,M2
C01391,36078004,23.47,21.95,M1
C01392,36075230,22.63,14.17,M1
C01393,36019157,5.90,24.24,M3h
C01394,36087196,26.21,15.43,M3s
C01395,36090352,27.23,15.10,M1
C01396,36087059,26.32,11.13,M3s
C01397,36096801,29.06,11.98,M1
C01398,36085220,25.53,11.43,M1
C01399,36040089,12.24,20.08,M3s
C01400,36068950,20.59,20.35,M3s
C01401,36042857,12.87,16.66,M1
C01402,36046192,13.99,14.18,M2
C01403,36043030,12.98,16.66,M3s
C01404,36083785,25.20,13.25,M1
C01405,36021165,6.54,26.54,M3e
C01406,36082822,24.69,17.92,M3s
C01407,36056511,16.86,27.41,M3e
C01408,36076850,22.83,6.07,M2
C01409,36082726,24.83,20.86,M1
C01410,36085796,25.60,9.04,M2
C01411,36045355,13.66,15.91,M3s
C01412,36075643,22.72,23.48,M3s
C01413,36011549,3.55,14.16,M2
C01414,36089040,27.00,20.09,M3e
C01415,36076750,22.84,23.76,M3s
C01416,36085822,25.64,8.06,M1
C01417,36031438,9.52,16.41,M3s
C01418,36054965,16.26,14.45,M3s
C01419,36035031,10.72,17.66,M2
C01420,36022253,6.80,25.65,M3e
C01421,36076808,22.99,18.53,M2
C01422,36077305,23.20,9.34,M3e
C01423,36037660,11.35,18.30,M3s
C01424,36084947,25.29,20.90,M3d
C01425,36066849,20.06,23.99,M3d
C01426,36081394,24.47,8.04,M2
C01427,36057232,17.25,25.40,M3e
C01428,36029254,8.81,23.05,M3d
C01429,36087850,26.28,6.89,M2
C01430,36085812,25.67,12.34,M2
C01431,36068298,20.65,19.38,M3d
C01432,36074058,22.41,25.61,M2
C01433,36010136,3.28,13.04,M2
C01434,36072232,21.66,24.75,M1
C01435,36081244,24.41,15.75,M1
C01436,36041240,12.32,16.61,M3s
C01437,36049520,14.79,15.70,M3e
C01438,36086945,26.00,10.30,M2
C01439,36077144,23.15,10.69,M2
C01440,36094386,28.37,13.63,M2
C01441,36081708,24.52,17.15,M1
C01442,36081134,24.49,10.70,M2
C01443,36066127,19.98,21.46,M1
C01444,36035073,10.59,14.21,M3s
C01445,36041158,12.49,17.24,M3d
C01446,36067783,20.19,25.86,M3d
C01447,36025357,7.69,26.57,M3s
C01448,36061538,18.51,22.93,M1
C01449,36061546,18.44,23.82,M2
C01450,36020050,6.16,13.35,M2
C01451,36020601,6.01,13.20,M3s
C01452,36040582,12.09,17.19,M2
C01453,36086388,25.81,14.34,M3s
C01454,36031391,9.32,25.25,M1
C01455,36022135,6.79,14.00,M3d
C01456,36094477,28.45,8.47,M2
C01457,36085743,25.71,11.82,M1
C01458,36028052,8.41,11.76,M3s
C01459,36049883,14.72,16.45,M2
C01460,36011582,3.42,13.72,M2
C01461,36081487,24.55,5.93,M3s
C01462,36052560,15.76,16.35,M2
C01463,36008138,2.46,13.04,M1
C01464,36063968,19.01,18.16,M2
C01465,36080263,24.06,20.00,M2
C01466,36076374,23.04,8.57,M2
C01467,36037296,11.20,22.83,M2
C01468,36042608,12.74,19.05,M1
C01469,36024109,7.24,21.92,M2
C01470,36055862,16.70,25.81,M3s
C01471,36074281,22.21,16.00,M3s
C01472,36082009,24.89,7.04,M2
C01473,36034807,10.28,25.62,M2
C01474,36022079,6.66,14.45,M3s
C01475,36029883,8.94,19.62,M1
C01476,36090644,27.02,22.39,M2
C01477,36044458,13.21,16.68,M2
C01478,36014171,4.32,16.64,M1
C01479,36020616,6.07,16.34,M2
C01480,36071694,21.59,7.92,M2
C01481,36032615,9.85,20.62,M1
C01482,36072686,21.89,25.52,M2
C01483,36085124,25.67,8.04,M2
C01484,36070623,21.20,22.29,M3h
C01485,36026647,8.04,25.55,M3s
C01486,36039185,11.72,23.25,M2
C01487,36085686,25.75,17.42,M1
C01488,36084654,25.39,8.80,M3s
C01489,36048630,14.57,17.01,M2
C01490,36032337,9.67,13.55,M2
C01491,36013703,4.10,10.82,M2
C01492,36080411,24.26,12.47,M3s
C01493,36039465,11.90,21.79,M1
C01494,36013775,4.00,14.82,M1
C01495,36086239,25.98,19.71,M2
C01496,36089697,26.92,21.53,M2
C01497,36078247,23.45,8.02,M2
C01498,36051543,15.32,15.68,M1
C01499,36043088,13.12,12.81,M2
C01500,36071551,21.39,22.74,M3s
C01501,36032788,9.71,20.06,M3s
C01502,36013407,4.12,12.12,M3d
C01503,36000361,0.00,15.60,M2
C01504,36072945,21.90,24.50,M3s
C01505,36075954,22.55,21.32,M3s
C01506,36022113,6.82,17.88,M1
C01507,36083140,25.05,14.75,M2
C01508,36087045,26.15,21.60,M2
C01509,36070034,21.11,30.00,M2
C01510,36056768,16.86,16.60,M3e
C01511,36081264,24.45,22.36,M1
C01512,36022408,6.82,23.70,M1
C01513,36016018,4.86,11.37,M1
C01514,36074870,22.22,7.20,M1
C01515,36016296,5.03,16.26,M2
C01516,36079062,23.81,5.08,M2
C01517,36033508,10.04,22.37,M2
C01518,36039471,11.92,14.35,M2
C01519,36079191,23.93,11.27,M2
C01520,36005233,1.51,9.69,M3s
C01521,36017299,5.13,12.88,M3s
C01522,36016236,4.95,11.30,M3e
C01523,36079122,23.93,24.82,M1
C01524,36089796,26.88,6.39,M2
C01525,36027912,8.14,21.97,M3s
C01526,36077332,23.33,24.27,M1
C01527,36067315,20.35,9.15,M1
C01528,36079425,23.71,11.80,M1
C01529,36083484,24.92,15.78,M3h
C01530,36046943,13.91,14.09,M2
C01531,36078617,23.41,16.97,M3s
C01532,36092015,27.72,13.32,M1
C01533,36056124,17.00,13.13,M2
C01534,36018541,5.62,11.38,M3s
C01535,36069535,20.91,27.44,M1
C01536,36034082,10.35,18.37,M2
C01537,36051613,15.51,16.24,M2
C01538,36036193,10.80,18.48,M1
C01539,36043315,12.91,17.04,M1
C01540,36078271,23.66,20.25,M3d
C01541,36053600,16.17,15.33,M2
C01542,36063667,19.00,25.68,M1
C01543,36093669,28.16,21.20,M2
C01544,36075258,22.50,6.38,M2
C01545,36065920,19.69,24.03,M2
C01546,36070353,21.16,6.50,M2
C01547,36077270,23.31,21.08,M2
C01548,36075745,22.51,16.92,M1
C01549,36070686,21.13,8.81,M2
C01550,36049552,14.97,15.46,M2
C01551,36020303,6.24,25.56,M3d
C01552,36056621,17.09,15.50,M3h
C01553,36092194,27.65,12.05,M2
C01554,36031352,9.54,23.11,M3e
C01555,36059083,17.89,15.24,M3e
C01556,36017732,5.34,11.55,M3d
C01557,36097344,29.21,12.93,M3s
C01558,36029709,8.98,22.36,M2
C01559,36079131,23.71,10.33,M3s
C01560,36043254,12.91,18.75,M3e
C01561,36000729,0.20,9.07,M3d
C01562,36017588,5.26,23.29,M3s
C01563,36077149,23.25,22.27,M2
C01564,36047976,14.29,14.95,M2
C01565,36084675,25.25,20.48,M3s
C01566,36038255,11.59,18.22,M1
C01567,36056014,17.05,20.21,M2
C01568,36048981,14.49,15.69,M2
C01569,36064540,19.38,27.08,M1
C01570,36076147,22.98,18.92,M2
C01571,36073192,21.92,26.26,M2
C01572,36043955,12.96,14.63,M3s
C01573,36072908,21.61,5.59,M3s
C01574,36084202,25.38,11.61,M2
C01575,36090868,27.11,10.99,M1
C01576,36047382,14.32,19.51,M1
C01577,36060046,18.07,25.39,M3d
C01578,36025099,7.79,26.88,M3s
C01579,36025540,7.55,24.25,M1
C01580,36057018,17.25,25.64,M2
C01581,36087262,26.31,12.16,M1
C01582,36076771,22.83,9.22,M1
C01583,36049328,14.91,20.10,M1
C01584,36022268,6.70,10.82,M1
C01585,36085327,25.78,11.53,M2
C01586,36046112,13.91,14.94,M3h
C01587,36049261,14.79,19.32,M3s
C01588,36036422,10.90,25.26,M3e
C01589,36073879,22.15,20.27,M3s
C01590,36069970,20.72,24.52,M3s
C01591,36070699,21.06,19.57,M3h
C01592,36090036,27.02,19.72,M2
C01593,36081607,24.40,8.78,M3s
C01594,36017593,5.13,11.14,M1
C01595,36005480,1.63,10.83,M1
C01596,36018959,5.59,11.99,M1
C01597,36075536,22.57,15.26,M2
C01598,36082813,24.85,12.10,M1
C01599,36088160,26.48,19.58,M2
C01600,36030012,9.23,28.28,M2
C01601,36082064,24.66,20.69,M2
C01602,36011166,3.32,12.78,M2
C01603,36045088,13.54,12.60,M3s
C01604,36049755,14.75,11.06,M1
C01605,36015957,4.57,12.56,M1
C01606,36079780,23.97,22.87,M2
C01607,36071701,21.45,8.05,M3s
C01608,36036999,10.91,19.80,M1
C01609,36005565,1.60,9.50,M2
C01610,36083246,25.02,15.97,M1
C01611,36086760,25.84,12.33,M3s
C01612,36092686,27.85,11.66,M3e
C01613,36086750,25.88,20.04,M3e
C01614,36078454,23.68,23.89,M2
C01615,36049499,14.78,19.56,M3h
C01616,36078970,23.46,9.47,M3s
C01617,36027851,8.14,25.05,M3e
C01618,36021265,6.41,10.18,M2
C01619,36064451,19.37,24.06,M3s
C01620,36073494,22.11,23.52,M2
C01621,36043866,13.07,18.26,M2
C01622,36031026,9.36,19.23,M3e
C01623,36090882,27.22,8.68,M1
C01624,36019873,5.98,13.95,M1
C01625,36049101,14.73,15.28,M3s
C01626,36068330,20.42,8.09,M2
C01627,36030241,9.23,18.56,M2
C01628,36084953,25.38,14.42,M2
C01629,36024622,7.23,22.79,M3d
C01630,36035185,10.78,26.60,M1
C01631,36078074,23.59,9.19,M1
C01632,36019059,5.82,10.49,M2
C01633,36004106,1.24,12.46,M3s
C01634,36024213,7.26,9.24,M3h
C01635,36013430,3.95,14.34,M2
C01636,36064540,19.21,14.74,M2
C01637,36046880,14.08,14.03,M1
C01638,36041643,12.42,19.56,M3s
C01639,36079029,23.71,4.63,M3s
C01640,36078319,23.40,7.80,M3h
C01641,36021324,6.55,9.25,M1
C01642,36064495,19.34,8.14,M3s
C01643,36041779,12.39,18.55,M2
C01644,36088357,26.57,10.01,M1
C01645,36043648,13.06,20.15,M3s
C01646,36036844,10.84,22.32,M2
C01647,36055013,16.52,18.90,M3s
C01648,36019880,5.89,22.69,M1
C01649,36039279,11.99,18.83,M3e
C01650,36085525,25.61,10.29,M2
C01651,36061916,18.51,23.56,M2
C01652,36087088,26.12,9.97,M3e
C01653,36083035,25.18,8.68,M1
C01654,36025329,7.62,20.73,M2
C01655,36036369,10.91,17.08,M2
C01656,36023214,7.16,25.76,M1
C01657,36071556,21.30,8.33,M3e
C01658,36030503,9.23,24.90,M1
C01659,36015883,4.66,10.82,M1
C01660,36070179,21.28,8.87,M2
C01661,36069790,20.89,22.38,M1
C01662,36070446,21.16,7.71,M2
C01663,36009386,2.95,13.67,M2
C01664,36084833,25.48,6.74,M2
C01665,36060688,18.24,6.65,M1
C01666,36026099,7.84,24.28,M3s
C01667,36037642,11.30,22.22,M3d
C01668,36076703,23.10,27.29,M3h
C01669,36012840,3.67,12.07,M3e
C01670,36071089,21.39,10.85,M3d
C01671,36090026,27.22,13.12,M3s
C01672,36032763,9.90,18.22,M3s
C01673,36064404,19.34,27.43,M1
C01674,36072624,21.89,26.74,M1
C01675,36036214,11.05,15.50,M2
C01676,36035117,10.53,20.75,M2
C01677,36092214,27.80,18.38,M2
C01678,36068624,20.70,24.30,M3h
C01679,36041062,12.42,18.16,M2
C01680,36027101,8.36,16.75,M3e
C01681,36073220,21.95,22.22,M1
C01682,36012918,3.74,10.20,M3e
C01683,36072396,21.78,19.86,M3e
C01684,36069541,20.80,8.75,M1
C01685,36020850,6.02,17.73,M2
C01686,36031945,9.57,25.19,M3s
C01687,36038228,11.56,22.86,M3s
C01688,36067954,20.39,9.13,M2
C01689,36093732,28.13,11.51,M1
C01690,36042098,12.83,17.87,M1
C01691,36042457,12.62,26.22,M2
C01692,36079400,23.80,11.98,M3s
C01693,36072529,21.83,20.41,M2
C01694,36031161,9.30,25.83,M2
C01695,36083608,25.10,20.46,M2
C01696,36029375,8.86,23.84,M3s
C01697,36079022,23.74,14.08,M3e
C01698,36046109,14.08,14.86,M2
C01699,36094657,28.31,16.19,M1
C01700,36083507,25.11,11.23,M2
C01701,36070769,21.11,25.08,M3e
C01702,36081229,24.51,20.49,M2
C01703,36070039,21.09,23.64,M2
C01704,36009660,2.94,13.13,M2
C01705,36016663,4.80,13.30,M3e
C01706,36077440,23.31,19.16,M3e
C01707,36049056,14.76,19.66,M1
C01708,36048951,14.64,15.11,M3e
C01709,36071334,21.58,22.56,M2
C01710,36088164,26.50,14.06,M1
C01711,36070232,21.10,23.75,M3e
C01712,36091211,27.54,12.76,M1
C01713,36037703,11.18,21.71,M2
C01714,36073357,22.13,24.80,M2
C01715,36051562,15.39,15.22,M2
C01716,36071174,21.37,24.77,M3d
C01717,36082540,24.70,11.06,M2
C01718,36019853,5.86,14.64,M1
C01719,36062993,18.77,23.23,M2
C01720,36071349,21.58,25.43,M3h
C01721,36030009,9.23,9.64,M2
C01722,36042704,12.83,19.40,M2
C01723,36077156,23.13,10.43,M3s
C01724,36061926,18.53,14.79,M2
C01725,36074953,22.41,10.68,M2
C01726,36089687,26.91,5.18,M3s
C01727,36061586,18.32,23.79,M1
C01728,36016421,4.85,12.09,M2
C01729,36028639,8.50,11.20,M2
C01730,36010961,3.20,22.10,M2
C01731,36084440,25.38,22.78,M3e
C01732,36037685,11.12,14.23,M2
C01733,36083403,25.19,20.77,M1
C01734,36086052,25.83,26.80,M3s
C01735,36017251,5.37,24.85,M2
C01736,36091510,27.48,12.19,M3d
C01737,36032537,9.84,21.95,M2
C01738,36059752,17.95,16.66,M2
C01739,36047591,14.33,15.76,M2
C01740,36075185,22.67,17.51,M3e
C01741,36038582,11.57,14.98,M2
C01742,36068843,20.53,4.95,M1
C01743,36082665,24.75,15.31,M2
C01744,36051599,15.46,18.17,M1
C01745,36082844,24.63,22.67,M1
C01746,36029276,8.74,22.36,M1
C01747,36041834,12.38,16.52,M2
C01748,36014225,4.39,13.72,M1
C01749,36041924,12.41,14.31,M2
C01750,36088856,26.54,12.23,M1
C01751,36021565,6.50,22.43,M3h
C01752,36066304,19.82,26.79,M2
C01753,36019229,5.79,11.81,M3s
C01754,36044221,13.24,18.85,M2
C01755,36020500,6.09,23.93,M1
C01756,36081876,24.59,14.87,M1
C01757,36068780,20.50,9.37,M2
C01758,36027352,8.28,24.24,M3e
C01759,36073357,21.93,12.69,M3s
C01760,36074770,22.48,26.70,M1
C01761,36035462,10.73,26.05,M1
C01762,36041693,12.46,14.92,M2
C01763,36073230,22.08,26.74,M3e
C01764,36010671,3.24,12.13,M3s
C01765,36079195,23.89,12.27,M3s
C01766,36083730,25.04,10.37,M1
C01767,36078150,23.62,21.29,M2
C01768,36055554,16.73,18.87,M1
C01769,36049458,14.89,15.89,M3d
C01770,36063078,18.97,26.08,M2
C01771,36007510,2.35,11.98,M1
C01772,36065226,19.50,8.88,M2
C01773,36068745,20.44,27.18,M3s
C01774,36047362,14.37,14.80,M2
C01775,36074022,22.48,23.57,M1
C01776,36045729,13.76,19.48,M3e
C01777,36076416,22.82,6.05,M3h
C01778,36095743,28.50,12.39,M1
C01779,36082396,24.63,26.97,M2
C01780,36035151,10.65,24.46,M2
C01781,36050851,15.21,13.59,M2
C01782,36026303,7.82,19.11,M2
C01783,36077808,23.26,22.91,M1
C01784,36040142,12.24,15.51,M2
C01785,36077731,23.15,26.81,M2
C01786,36030129,9.26,24.97,M3e
C01787,36033751,9.91,24.44,M3h
C01788,36035717,10.59,18.02,M1
C01789,36056134,16.90,12.71,M2
C01790,36008370,2.58,14.61,M2
C01791,36009568,2.88,9.34,M1
C01792,36032490,9.83,25.70,M1
C01793,36023700,6.98,15.78,M3e
C01794,36071442,21.49,25.85,M1
C01795,36054180,16.40,9.40,M1
C01796,36042001,12.64,14.59,M2
C01797,36032644,9.86,19.82,M1
C01798,36075921,22.72,24.30,M3e
C01799,36068706,20.44,28.94,M3s
C01800,36020818,6.24,9.29,M3s
C01801,36029438,8.79,13.60,M2
C01802,36080246,24.10,21.77,M2
C01803,36067761,20.31,23.17,M1
C01804,36074853,22.48,7.01,M3e
C01805,36092207,27.85,10.27,M2
C01806,36032719,9.70,22.54,M2
C01807,36011234,3.39,9.89,M2
C01808,36054783,16.30,15.70,M2
C01809,36075215,22.57,26.69,M2
C01810,36069106,20.86,23.99,M3e
C01811,36091925,27.49,15.18,M1
C01812,36050132,15.15,16.66,M1
C01813,36085155,25.72,8.37,M2
C01814,36045466,13.76,18.66,M2
C01815,36065748,19.59,7.23,M2
C01816,36044590,13.38,22.20,M2
C01817,36080265,24.15,11.84,M1
C01818,36082603,24.70,13.53,M2
C01819,36029208,8.99,20.75,M2
C01820,36068408,20.43,23.70,M1
C01821,36054161,16.40,27.48,M3h
C01822,36058518,17.62,12.87,M2
C01823,36075647,22.59,20.68,M2
C01824,36089551,26.88,21.59,M2
C01825,36030483,9.16,25.69,M1
C01826,36058810,17.65,8.95,M2
C01827,36035927,10.61,22.75,M1
C01828,36077486,23.11,19.94,M3s
C01829,36075192,22.54,25.34,M1
C01830,36071727,21.41,21.12,M3d
C01831,36049572,14.84,11.68,M3d
C01832,36083684,24.94,20.74,M1
C01833,36044051,13.42,18.06,M2
C01834,36069598,20.86,23.86,M3s
C01835,36010126,3.21,20.08,M2
C01836,36040669,12.14,14.04,M3e
C01837,36083438,24.92,20.26,M3e
C01838,36066814,19.98,21.09,M2
C01839,36063358,19.11,10.31,M2
C01840,36080834,24.29,11.63,M3e
C01841,36087800,26.35,9.97,M2
C01842,36016972,5.09,12.39,M1
C01843,36004453,1.31,11.01,M2
C01844,36066007,20.05,25.90,M3e
C01845,36060262,18.23,27.93,M2
C01846,36006681,2.08,13.74,M2
C01847,36087047,26.23,21.43,M3s
C01848,36044094,13.40,16.80,M2
C01849,36038309,11.69,25.66,M1
C01850,36084610,25.34,12.36,M3s
C01851,36073770,21.96,20.08,M1
C01852,36022450,6.83,25.81,M2
C01853,36025182,7.51,22.17,M2
C01854,36075672,22.60,7.76,M3s
C01855,36058769,17.64,14.18,M3s
C01856,36048930,14.49,15.51,M3d
C01857,36040263,12.15,11.79,M2
C01858,36014253,4.46,12.38,M2
C01859,36072508,21.60,8.77,M2
C01860,36064719,19.27,22.06,M2
C01861,36073185,21.98,7.72,M2
C01862,36046520,14.00,17.50,M3s
C01863,36078459,23.43,6.94,M1
C01864,36049637,14.79,13.09,M2
C01865,36086879,26.05,11.28,M3e
C01866,36013343,4.14,10.91,M2
C01867,36076723,22.90,11.06,M1
C01868,36019408,5.71,19.52,M3e
C01869,36019416,5.86,13.30,M1
C01870,36028781,8.49,27.16,M3s
C01871,36073479,22.06,17.79,M1
C01872,36017959,5.27,13.37,M2
C01873,36002864,0.86,8.31,M3e
C01874,36072630,21.64,20.88,M3s
C01875,36078716,23.48,21.19,M3s
C01876,36071339,21.58,8.18,M1
C01877,36064421,19.27,25.73,M3s
C01878,36024575,7.41,21.98,M2
C01879,36054752,16.33,18.63,M1
C01880,36036115,10.83,19.17,M1
C01881,36010872,3.06,15.58,M2
C01882,36060891,18.27,22.94,M1
C01883,36069204,20.97,21.13,M2
C01884,36081023,24.54,19.97,M2
C01885,36038169,11.49,24.99,M2
C01886,36082267,24.75,7.98,M3d
C01887,36079495,23.97,22.34,M3d
C01888,36080372,24.27,19.73,M1
C01889,36076448,23.05,23.54,M2
C01890,36080467,24.23,22.72,M2
C01891,36041531,12.46,14.01,M2
C01892,36038987,11.68,21.70,M2
C01893,36088355,26.67,13.40,M3e
C01894,36045219,13.73,16.50,M2
C01895,36063886,19.18,22.21,M3s
C01896,36074991,22.43,24.30,M1
C01897,36074096,22.48,13.22,M1
C01898,36026739,8.01,26.39,M3s
C01899,36043123,12.93,19.69,M1
C01900,36028387,8.54,25.86,M3e
C01901,36083353,25.16,19.34,M1
C01902,36026933,8.06,9.39,M3h
C01903,36088525,26.66,7.65,M2
C01904,36073115,21.99,23.79,M2
C01905,36080727,24.10,21.85,M1
C01906,36068902,20.46,27.28,M2
C01907,36042340,12.68,15.13,M2
C01908,36082839,24.84,19.33,M2
C01909,36077782,23.36,6.75,M2
C01910,36039512,11.87,25.18,M1
C01911,36077020,23.29,24.80,M3d
C01912,36076433,22.81,19.14,M3s
C01913,36082843,24.66,11.67,M3e
C01914,36008244,2.47,11.30,M1
C01915,36007398,2.35,15.84,M1
C01916,36083725,24.96,20.98,M3s
C01917,36069480,20.86,22.96,M2
C01918,36034866,10.48,19.62,M2
C01919,36015137,4.74,13.18,M3s
C01920,36074144,22.39,4.76,M2
C01921,36083500,24.96,22.16,M2
C01922,36031765,9.35,18.10,M2
C01923,36091804,27.44,17.47,M3h
C01924,36082592,24.79,23.94,M2
C01925,36023502,7.16,12.65,M2
C01926,36051641,15.55,17.44,M1
C01927,36074552,22.41,6.04,M1
C01928,36091582,27.32,12.06,M3h
C01929,36032055,9.75,16.55,M2
C01930,36083526,25.04,13.29,M3s
C01931,36085395,25.76,6.58,M3s
C01932,36049653,14.96,20.58,M2
C01933,36025337,7.77,19.13,M3s
C01934,36082147,24.64,12.19,M1
C01935,36000385,0.00,14.60,M1
C01936,36024904,7.31,22.85,M2
C01937,36046553,13.85,14.37,M2
C01938,36075535,22.57,7.29,M3s
C01939,36025339,7.54,11.98,M2
C01940,36011153,3.59,12.80,M1
C01941,36088784,26.54,13.10,M1
C01942,36085004,25.60,6.17,M3h
C01943,36039977,11.86,15.09,M1
C01944,36080366,24.22,15.65,M2
C01945,36098600,29.49,11.81,M3s
C01946,36041668,12.36,24.96,M2
C01947,36018477,5.53,10.77,M1
C01948,36067445,20.30,18.20,M3s
C01949,36029215,8.71,25.53,M3e
C01950,36084646,25.47,13.65,M3e
C01951,36075637,22.54,8.17,M2
C01952,36019881,5.79,11.66,M3s
C01953,36065917,19.53,8.60,M2
C01954,36026532,8.02,15.29,M2
C01955,36068326,20.43,14.32,M3d
C01956,36049388,14.75,24.32,M2
C01957,36069536,20.99,22.74,M2
C01958,36029952,8.74,20.82,M2
C01959,36077977,23.28,6.74,M1
C01960,36015481,4.57,11.32,M1
C01961,36078846,23.41,12.08,M1
C01962,36051784,15.48,27.87,M2
C01963,36079643,23.73,21.11,M2
C01964,36040790,12.01,15.56,M3e
C01965,36016032,4.88,12.50,M3h
C01966,36067152,20.37,10.10,M1
C01967,36081607,24.46,9.11,M3s
C01968,36074760,22.39,10.42,M3s
C01969,36092357,27.77,18.69,M2
C01970,36088605,26.47,13.57,M2
C01971,36002968,0.86,12.62,M2
C01972,36047578,14.22,18.57,M2
C01973,36074764,22.43,12.56,M3e
C01974,36020975,6.17,9.52,M2
C01975,36065184,19.77,28.96,M2
C01976,36048778,14.44,21.70,M2
C01977,36004380,1.39,12.31,M2
C01978,36080477,24.10,20.43,M1
C01979,36082775,24.70,11.39,M3e
C01980,36075297,22.66,26.40,M1
C01981,36031511,9.59,16.70,M2
C01982,36057889,17.37,13.04,M2
C01983,36032071,9.61,26.60,M3d
C01984,36044827,13.41,18.01,M3s
C01985,36072035,21.88,22.24,M3h
C01986,36040887,12.23,17.70,M1
C01987,36077694,23.26,23.09,M3e
C01988,36018708,5.51,11.94,M1
C01989,36085778,25.53,17.96,M2
C01990,36075460,22.59,11.58,M3s
C01991,36020011,6.28,11.69,M3d
C01992,36010229,3.01,12.22,M2
C01993,36030309,9.10,25.13,M3s
C01994,36051624,15.51,17.80,M1
C01995,36049340,14.90,20.32,M2
C01996,36086342,25.86,12.28,M3s
C01997,36026149,7.82,24.35,M3e
C01998,36041736,12.34,28.87,M2
C01999,36077572,23.21,7.57,M1
C02000,36073297,22.08,8.53,M2
C02001,36045179,13.73,15.65,M2
C02002,36005464,1.52,6.53,M1
C02003,36016409,4.94,13.43,M1
C02004,36067555,20.10,19.03,M2
C02005,36048432,14.45,15.31,M2
C02006,36082048,24.70,21.81,M2
C02007,36027491,8.34,21.32,M2
C02008,36065778,19.58,6.45,M2
C02009,36019798,5.87,14.55,M3h
C02010,36065735,19.64,13.11,M3s
C02011,36040550,12.07,16.44,M1
C02012,36075949,22.63,23.44,M3s
C02013,36053613,15.92,13.43,M2
C02014,36084811,25.24,11.87,M3e
C02015,36028148,8.56,22.82,M3s
C02016,36036932,11.08,16.21,M1
C02017,36093704,28.11,14.19,M3d
C02018,36090662,27.17,15.49,M2
C02019,36057840,17.28,14.72,M1
C02020,36020497,6.26,25.17,M1
C02021,36021682,6.52,12.79,M1
C02022,36077163,23.21,21.24,M2
C02023,36041521,12.38,29.69,M2
C02024,36051422,15.41,14.20,M3h
C02025,36052493,15.86,16.15,M3e
C02026,36075738,22.66,10.53,M2
C02027,36096057,28.86,11.44,M3d
C02028,36086128,25.84,12.45,M2
C02029,36013499,3.94,15.22,M2
C02030,36076286,23.05,6.89,M3h
C02031,36045296,13.79,13.83,M2
C02032,36059675,17.87,26.63,M2
C02033,36082657,24.73,21.86,M2
C02034,36074647,22.36,23.23,M2
C02035,36053583,16.03,16.24,M2
C02036,36040312,12.18,16.69,M3e
C02037,36064562,19.23,6.83,M3e
C02038,36016636,4.82,13.02,M3d
C02039,36005324,1.56,11.62,M1
C02040,36065789,19.79,28.28,M3s
C02041,36090644,27.11,13.11,M1
C02042,36084790,25.31,18.93,M3s
C02043,36082759,24.90,10.85,M2
C02044,36042924,12.75,16.96,M3d
C02045,36069619,20.82,3.12,M1
C02046,36070220,21.06,6.29,M1
C02047,36041758,12.46,14.05,M2
C02048,36047032,14.29,14.16,M2
C02049,36071306,21.48,6.69,M2
C02050,36044461,13.30,14.84,M2
C02051,36010060,3.03,14.55,M2
C02052,36033883,9.99,19.73,M1
C02053,36045336,13.65,13.72,M1
C02054,36035654,10.77,17.76,M2
C02055,36030042,9.28,17.36,M2
C02056,36045568,13.59,17.95,M2
C02057,36011183,3.47,11.26,M1
C02058,36082380,24.71,11.57,M3s
C02059,36073195,21.94,24.65,M3s
C02060,36063996,18.95,6.79,M2
C02061,36080343,24.28,23.12,M1
C02062,36076892,22.95,24.61,M2
C02063,36027420,8.14,21.37,M3e
C02064,36088250,26.47,21.15,M1
C02065,36072988,21.74,27.81,M2
C02066,36090205,27.14,12.37,M2
C02067,36041048,12.51,17.73,M3s
C02068,36076884,22.90,18.70,M3e
C02069,36070438,21.22,10.64,M3s
C02070,36052827,15.87,17.17,M2
C02071,36045061,13.63,16.52,M2
C02072,36095564,28.65,11.49,M2
C02073,36014290,4.35,8.06,M1
C02074,36053609,15.99,15.40,M3s
C02075,36078859,23.62,19.35,M3h
C02076,36025712,7.74,23.47,M2
C02077,36019605,5.78,13.26,M2
C02078,36085391,25.69,13.05,M2
C02079,36072224,21.71,7.55,M3s
C02080,36039037,11.96,19.53,M2
C02081,36042089,12.81,20.55,M3s
C02082,36085597,25.74,10.76,M3e
C02083,36017885,5.10,13.23,M1
C02084,36048444,14.49,15.06,M1
C02085,36080572,24.18,8.79,M3s
C02086,36026992,7.82,19.23,M2
C02087,36019618,5.72,9.96,M2
C02088,36085609,25.78,19.98,M3e
C02089,36036547,11.02,20.04,M2
C02090,36077956,23.32,19.30,M1
C02091,36050691,15.26,16.92,M2
C02092,36018729,5.48,24.76,M1
C02093,36075238,22.53,18.76,M3d
C02094,36082693,24.75,7.15,M3s
C02095,36082244,24.60,28.03,M2
C02096,36084894,25.44,21.66,M3h
C02097,36060039,18.15,24.27,M3s
C02098,36020255,6.02,25.07,M1
C02099,36078095,23.47,17.94,M1
C02100,36083894,25.05,21.47,M2
C02101,36052834,15.85,14.41,M2
C02102,36019501,5.96,8.07,M2
C02103,36027868,8.29,28.91,M2
C02104,36040564,12.30,18.93,M2
C02105,36020067,6.18,25.05,M2
C02106,36070366,21.26,8.91,M3s
C02107,36085843,25.62,12.10,M2
C02108,36080658,24.05,11.13,M1
C02109,36067407,20.19,8.63,M2
C02110,36079185,23.73,7.08,M3h
C02111,36070893,21.17,25.74,M3s
C02112,36076997,23.00,17.89,M1
C02113,36016426,4.83,13.12,M2
C02114,36043092,13.12,24.60,M3h
C02115,36079440,23.77,22.13,M3h
C02116,36071792,21.59,7.34,M1
C02117,36018831,5.55,12.74,M3s
C02118,36075597,22.73,21.43,M2
C02119,36054323,16.31,16.56,M2
C02120,36039208,11.99,24.93,M2
C02121,36076801,22.91,8.91,M1
C02122,36049988,14.83,12.92,M1
C02123,36036941,11.08,25.38,M1
C02124,36083706,25.15,11.15,M2
C02125,36033318,10.13,27.40,M1
C02126,36022678,6.82,11.77,M1
C02127,36072061,21.87,6.05,M1
C02128,36078653,23.54,15.51,M2
C02129,36027719,8.30,26.02,M1
C02130,36075871,22.72,18.44,M1
C02131,36071985,21.55,22.89,M3s
C02132,36040664,12.03,13.38,M2
C02133,36053259,16.16,14.21,M3s
C02134,36047946,14.13,19.85,M1
C02135,36078660,23.41,23.34,M3d
C02136,36058806,17.57,13.22,M3s
C02137,36085059,25.64,12.25,M2
C02138,36064716,19.33,25.37,M2
C02139,36043104,13.16,25.55,M2
C02140,36030984,9.09,13.66,M1
C02141,36087185,26.25,18.31,M2
C02142,36013842,4.06,12.62,M3h
C02143,36063521,19.11,25.70,M2
C02144,36059024,17.86,9.10,M3s
C02145,36025043,7.58,9.59,M3s
C02146,36034196,10.46,18.71,M1
C02147,36030558,9.03,24.32,M3s
C02148,36069584,20.76,25.43,M3d
C02149,36078819,23.42,18.97,M3e
C02150,36070477,21.23,4.80,M1
C02151,36037616,11.31,18.30,M2
C02152,36069333,20.75,25.32,M3s
C02153,36084915,25.22,20.11,M2
C02154,36077754,23.40,7.04,M1
C02155,36079420,23.71,24.51,M3s
C02156,36064691,19.42,23.74,M3d
C02157,36054392,16.26,19.09,M1
C02158,36074324,22.46,8.97,M2
C02159,36080582,24.22,21.86,M1
C02160,36028366,8.55,22.01,M3s
C02161,36036255,10.83,19.69,M1
C02162,36041759,12.52,16.19,M1
C02163,36090902,27.03,11.56,M1
C02164,36033830,10.10,13.31,M2
C02165,36051485,15.51,13.76,M2
C02166,36078863,23.56,10.35,M1
C02167,36038819,11.57,20.19,M2
C02168,36084939,25.26,22.01,M1
C02169,36040830,12.03,15.06,M3e
C02170,36076152,23.00,5.60,M2
C02171,36045681,13.66,20.73,M2
C02172,36043885,12.92,18.62,M3e
C02173,36012734,3.61,10.20,M2
C02174,36074106,22.50,17.33,M1
C02175,36072446,21.72,9.31,M2
C02176,36071105,21.58,20.09,M2
C02177,36039930,11.72,17.28,M3s
C02178,36005561,1.67,13.01,M3d
C02179,36049887,14.89,12.74,M1
C02180,36050739,15.19,15.41,M1
C02181,36027868,8.39,21.94,M3s
C02182,36079456,23.74,10.81,M2
C02183,36046670,14.03,17.30,M2
C02184,36018726,5.53,9.44,M3h
C02185,36052269,15.88,14.57,M2
C02186,36015036,4.77,12.01,M3e
C02187,36038457,11.48,12.12,M3e
C02188,36059099,17.78,24.59,M3s
C02189,36086867,25.84,13.58,M3s
C02190,36077519,23.28,6.07,M2
C02191,36070801,21.21,21.79,M1
C02192,36083957,25.13,19.09,M3e
C02193,36036001,10.98,25.10,M3s
C02194,36078172,23.53,6.04,M3h
C02195,36075139,22.61,22.48,M2
C02196,36041009,12.41,17.15,M2
C02197,36072805,21.70,24.02,M3e
C02198,36034176,10.38,23.22,M2
C02199,36045087,13.59,15.13,M3s
C02200,36040162,12.16,24.13,M3e
C02201,36066085,20.00,26.16,M3s
C02202,36040573,12.14,14.36,M3e
C02203,36070357,21.19,26.35,M1
C02204,36063326,19.16,25.34,M2
C02205,36086733,26.04,9.20,M1
C02206,36061305,18.53,24.52,M1
C02207,36036279,11.03,18.64,M1
C02208,36087005,26.36,20.85,M1
C02209,36079480,23.87,7.53,M3s
C02210,36014786,4.35,24.26,M1
C02211,36075689,22.64,5.97,M2
C02212,36091862,27.38,9.14,M3s
C02213,36079987,23.71,13.08,M1
C02214,36024603,7.20,25.84,M2
C02215,36075036,22.62,7.92,M2
C02216,36033273,10.15,16.60,M1
C02217,36044642,13.45,18.42,M1
C02218,36028632,8.58,21.99,M3s
C02219,36040348,12.22,16.16,M3e
C02220,36086680,26.04,10.40,M1
C02221,36036439,10.94,16.05,M3s
C02222,36021755,6.34,24.99,M1
C02223,36068154,20.69,6.56,M2
C02224,36094591,28.29,21.74,M2
C02225,36026571,8.08,22.03,M3s
C02226,36045421,13.73,17.23,M2
C02227,36023040,6.99,24.47,M2
C02228,36051949,15.43,13.38,M2
C02229,36015675,4.74,25.00,M3s
C02230,36045540,13.51,18.25,M2
C02231,36068147,20.62,16.71,M2
C02232,36072013,21.81,10.10,M3d
C02233,36004164,1.35,11.54,M2
C02234,36073349,21.90,22.41,M2
C02235,36073154,21.95,25.84,M1
C02236,36043194,12.99,25.48,M2
C02237,36045350,13.71,15.68,M1
C02238,36094714,28.49,14.62,M1
C02239,36061403,18.46,26.05,M3s
C02240,36051766,15.56,15.98,M2
C02241,36084884,25.44,6.94,M2
C02242,36090891,27.08,8.95,M1
C02243,36093803,28.18,13.81,M3h
C02244,36024207,7.21,25.26,M2
C02245,36003586,1.01,11.11,M3h
C02246,36083805,24.91,21.14,M3s
C02247,36023584,6.94,27.57,M1
C02248,36093740,28.07,11.84,M1
C02249,36070794,21.28,21.56,M2
C02250,36046208,13.93,16.97,M2
C02251,36065468,19.66,29.05,M3s
C02252,36074670,22.32,4.42,M1
C02253,36038753,11.66,12.01,M1
C02254,36049255,14.97,16.72,M2
C02255,36088619,26.61,3.90,M1
C02256,36024697,7.29,24.16,M1
C02257,36011924,3.54,12.57,M3s
C02258,36077404,23.35,11.62,M2
C02259,36074763,22.32,23.30,M1
C02260,36079597,23.78,8.39,M1
C02261,36080219,24.19,9.42,M3e
C02262,36087108,26.32,17.53,M1
C02263,36092582,27.66,21.58,M3h
C02264,36085403,25.79,9.26,M1
C02265,36066509,19.98,25.16,M3s
C02266,36038934,11.52,18.88,M2
C02267,36048841,14.45,18.26,M1
C02268,36081578,24.35,11.59,M3s
C02269,36042705,12.75,12.48,M3e
C02270,36080264,24.28,5.17,M1
C02271,36031544,9.56,26.57,M2
C02272,36022358,6.70,12.53,M2
C02273,36068479,20.67,4.97,M3s
C02274,36040376,12.11,16.90,M2
C02275,36018900,5.45,10.61,M2
C02276,36080306,24.24,18.11,M1
C02277,36081861,24.47,18.32,M2
C02278,36019305,5.93,24.06,M2
C02279,36087106,26.36,20.19,M2
C02280,36049825,14.91,14.41,M3s
C02281,36078168,23.63,9.53,M3s
C02282,36074707,22.24,20.72,M1
C02283,36087202,26.33,19.45,M2
C02284,36049162,15.00,17.67,M2
C02285,36024218,7.42,28.34,M3s
C02286,36074568,22.48,24.73,M1
C02287,36083358,25.01,8.46,M3s
C02288,36091168,27.39,13.44,M1
C02289,36048405,14.45,13.40,M1
C02290,36083783,25.09,13.38,M2
C02291,36036680,10.99,17.92,M1
C02292,36027966,8.26,22.56,M1
C02293,36091121,27.48,18.91,M3e
C02294,36093327,28.14,14.67,M2
C02295,36029433,8.75,24.24,M1
C02296,36044557,13.29,14.12,M1
C02297,36081905,24.54,2.66,M3s
C02298,36080727,24.12,15.16,M2
C02299,36014407,4.22,11.75,M1
C02300,36079802,23.82,11.11,M3s
C02301,36064531,19.44,22.12,M1
C02302,36049560,14.77,18.24,M3s
C02303,36078539,23.59,7.62,M2
C02304,36080262,24.23,7.94,M1
C02305,36016202,5.02,11.26,M2
C02306,36076747,22.90,23.45,M2
C02307,36070813,21.28,25.07,M2
C02308,36003251,0.96,12.51,M2
C02309,36079164,23.86,18.35,M2
C02310,36082191,24.75,10.84,M3e
C02311,36087593,26.35,10.73,M3s
C02312,36068285,20.61,22.95,M3s
C02313,36034385,10.37,18.29,M2
C02314,36084484,25.37,11.53,M3s
C02315,36044690,13.30,16.92,M3s
C02316,36020136,6.10,10.49,M3s
C02317,36075760,22.66,20.66,M2
C02318,36047985,14.12,18.39,M3s
C02319,36052700,15.63,13.70,M1
C02320,36081766,24.46,9.19,M2
C02321,36050392,15.18,29.43,M3e
C02322,36029036,8.97,24.04,M1
C02323,36019807,5.85,12.76,M2
C02324,36085861,25.52,9.44,M1
C02325,36039160,11.72,11.04,M1
C02326,36031292,9.34,24.51,M2
C02327,36019711,5.94,23.23,M1
C02328,36068647,20.53,23.97,M2
C02329,36086678,26.10,12.61,M2
C02330,36031455,9.52,25.75,M2
C02331,36080629,24.03,9.11,M2
C02332,36034427,10.26,24.97,M1
C02333,36079232,23.75,23.63,M3h
C02334,36073058,22.10,20.00,M1
C02335,36019122,5.93,13.70,M1
C02336,36040396,12.28,14.55,M1
C02337,36069826,20.83,12.89,M3h
C02338,36085048,25.57,9.55,M3s
C02339,36005903,1.75,13.96,M3h
C02340,36015410,4.56,13.12,M1
C02341,36078179,23.67,16.27,M1
C02342,36025326,7.65,11.25,M2
C02343,36033462,10.15,16.29,M1
C02344,36035630,10.52,19.75,M1
C02345,36071063,21.31,23.40,M2
C02346,36075802,22.72,26.25,M3e
C02347,36073183,22.19,5.80,M3s
C02348,36028967,8.68,23.65,M3s
C02349,36021316,6.38,23.74,M1
C02350,36046022,13.82,10.80,M1
C02351,36082026,24.73,26.53,M2
C02352,36075085,22.61,21.12,M3e
C02353,36092687,27.79,10.31,M1
C02354,36024210,7.46,26.52,M2
C02355,36093926,27.94,15.12,M1
C02356,36058306,17.42,21.98,M2
C02357,36087043,26.39,12.25,M3s
C02358,36012023,3.69,11.33,M3s
C02359,36039700,11.90,13.68,M2
C02360,36086895,26.04,10.73,M2
C02361,36018035,5.42,12.53,M2
C02362,36080446,24.26,18.24,M1
C02363,36014897,4.31,10.88,M1
C02364,36038390,11.67,29.37,M2
C02365,36048844,14.48,12.59,M2
C02366,36046384,13.89,10.02,M3s
C02367,36039268,11.84,17.83,M3s
C02368,36078947,23.55,20.16,M3h
C02369,36027060,8.31,18.93,M2
C02370,36085747,25.52,9.45,M1
C02371,36073501,22.02,7.05,M2
C02372,36084494,25.28,10.08,M3e
C02373,36025457,7.66,22.73,M3e
C02374,36081471,24.47,12.62,M1
C02375,36084995,25.31,5.62,M1
C02376,36033995,10.09,21.98,M3d
C02377,36071705,21.49,9.69,M2
C02378,36025990,7.68,23.77,M2
C02379,36045816,13.79,20.48,M3e
C02380,36061791,18.38,25.46,M1
C02381,36075955,22.73,7.99,M2
C02382,36017141,5.16,25.06,M2
C02383,36086374,26.04,18.27,M3s
C02384,36027561,8.29,22.40,M2
C02385,36028306,8.61,21.87,M1
C02386,36090849,27.07,16.71,M3s
C02387,36038616,11.46,17.82,M2
C02388,36059378,17.81,22.91,M2
C02389,36092918,27.88,12.24,M3s
C02390,36047670,14.30,20.10,M2
C02391,36074283,22.34,21.69,M2
C02392,36042209,12.85,17.27,M1
C02393,36023887,7.17,26.89,M2
C02394,36033916,10.11,24.48,M3s
C02395,36072983,21.88,8.33,M2
C02396,36043817,12.93,20.76,M3d
C02397,36071057,21.34,6.77,M1
C02398,36094025,28.47,17.44,M3s
C02399,36045510,13.53,18.92,M2
C02400,36036424,10.87,12.76,M1
C02401,36042462,12.71,13.60,M3s
C02402,36037873,11.22,19.90,M2
C02403,36071868,21.52,19.25,M2
C02404,36071014,21.44,19.70,M2
C02405,36031239,9.51,25.65,M3d
C02406,36033433,9.91,15.82,M1
C02407,36032031,9.83,18.40,M2
C02408,36076412,23.02,21.46,M2
C02409,36071987,21.39,6.07,M1
C02410,36041517,12.48,23.37,M3e
C02411,36088791,26.49,19.82,M1
C02412,36090428,27.30,10.37,M2
C02413,36041294,12.36,23.93,M2
C02414,36078280,23.43,22.63,M1
C02415,36045491,13.77,17.37,M3h
C02416,36075129,22.58,25.43,M3h
C02417,36059260,17.95,26.46,M1
C02418,36037342,11.37,14.46,M1
C02419,36068046,20.54,9.69,M3h
C02420,36070103,21.10,4.16,M2
C02421,36085173,25.63,12.02,M2
C02422,36026825,7.91,24.90,M2
C02423,36031497,9.48,26.39,M1
C02424,36011012,3.53,15.40,M2
C02425,36088554,26.59,11.69,M1
C02426,36073148,22.15,11.02,M2
C02427,36020654,6.22,13.41,M1
C02428,36089068,26.81,17.83,M2
C02429,36081067,24.49,25.66,M1
C02430,36039913,11.80,20.04,M3s
C02431,36019854,5.97,14.01,M3s
C02432,36089527,26.95,11.96,M2
C02433,36070146,21.01,10.00,M1
C02434,36020164,6.10,24.60,M1
C02435,36047927,14.29,20.34,M1
C02436,36049315,14.75,12.92,M2
C02437,36084068,25.20,13.48,M1
C02438,36085304,25.57,11.22,M1
C02439,36035032,10.64,10.23,M1
C02440,36048237,14.63,15.96,M2
C02441,36049357,14.72,12.91,M3s
C02442,36041847,12.32,24.18,M2
C02443,36077959,23.24,5.72,M3s
C02444,36052286,15.63,18.33,M2
C02445,36020025,6.25,12.19,M2
C02446,36035288,10.52,14.80,M3s
C02447,36085800,25.58,16.26,M3s
C02448,36075094,22.53,13.14,M2
C02449,36084340,25.32,11.07,M1
C02450,36046514,13.99,18.44,M2
C02451,36088238,26.59,12.10,M3e
C02452,36051275,15.51,14.38,M3s
C02453,36028018,8.55,23.96,M3e
C02454,36047900,14.15,12.45,M2
C02455,36048565,14.52,19.20,M3h
C02456,36010771,3.06,9.87,M3s
C02457,36059523,17.78,15.45,M2
C02458,36090420,27.04,5.65,M3e
C02459,36028813,8.40,23.34,M3s
C02460,36071776,21.46,21.95,M3s
C02461,36087326,26.34,22.41,M1
C02462,36087262,26.28,10.84,M2
C02463,36081332,24.42,9.43,M3s
C02464,36037286,11.18,19.61,M2
C02465,36086040,25.95,25.67,M3s
C02466,36096199,28.87,16.27,M2
C02467,36031000,9.58,22.99,M1
C02468,36024905,7.31,23.13,M2
C02469,36080825,24.03,18.86,M2
C02470,36071800,21.37,22.72,M2
C02471,36034467,10.47,18.62,M2
C02472,36015981,4.77,12.72,M2
C02473,36023932,7.13,23.95,M3s
C02474,36069892,20.92,27.57,M3s
C02475,36010991,3.20,13.92,M2
C02476,36041052,12.59,21.10,M3s
C02477,36033669,9.98,25.04,M2
C02478,36060306,18.05,22.81,M2
C02479,36008807,2.47,15.27,M3e
C02480,36010391,3.08,12.38,M2
C02481,36099260,29.90,9.15,M1
C02482,36092110,27.81,16.66,M1
C02483,36067940,20.36,11.40,M3s
C02484,36020850,6.14,12.58,M3e
C02485,36065311,19.65,25.09,M2
C02486,36083158,25.11,20.21,M2
C02487,36041115,12.40,17.50,M3s
C02488,36013173,3.93,11.49,M3d
C02489,36081017,24.45,5.19,M2
C02490,36074881,22.37,20.35,M1
C02491,36094776,28.48,15.35,M2
C02492,36024902,7.36,22.46,M1
C02493,36072132,21.62,26.52,M2
C02494,36048940,14.48,11.88,M2
C02495,36080057,24.01,14.28,M3s
C02496,36072106,21.89,22.30,M2
C02497,36025565,7.53,26.40,M2
C02498,36079279,23.73,18.53,M1
C02499,36088689,26.48,13.13,M1
C02500,36075580,22.58,21.56,M1
C02501,36029517,8.84,28.43,M1
C02502,36091305,27.33,22.79,M2
C02503,36033937,10.02,21.85,M3s
C02504,36087298,26.38,12.47,M1
C02505,36091640,27.57,12.37,M2
C02506,36067703,20.39,3.41,M2
C02507,36080047,24.07,13.45,M1
C02508,36035382,10.55,21.30,M2
C02509,36017035,5.32,21.76,M3e
C02510,36071518,21.39,7.11,M2
C02511,36081316,24.40,12.76,M1
C02512,36071563,21.31,7.59,M2
C02513,36010898,3.19,13.90,M1
C02514,36024100,7.49,9.36,M1
C02515,36072529,21.73,6.49,M2
C02516,36006288,1.83,12.21,M1
C02517,36031985,9.32,27.26,M3s
C02518,36011902,3.55,18.69,M2
C02519,36085755,25.51,5.17,M2
C02520,36033101,10.08,23.71,M3s
C02521,36086524,26.06,10.54,M3s
C02522,36032073,9.71,27.38,M3e
C02523,36015686,4.52,13.04,M2
C02524,36082778,24.70,19.33,M2
C02525,36040101,12.01,22.63,M3s
C02526,36093747,28.02,22.35,M1
C02527,36072274,21.69,25.38,M1
C02528,36093836,28.01,16.77,M3s
C02529,36007680,2.21,13.74,M3e
C02530,36044075,13.22,22.29,M2
C02531,36071920,21.32,22.18,M1
C02532,36044067,13.31,12.36,M2
C02533,36085148,25.73,11.30,M1
C02534,36048514,14.70,19.39,M1
C02535,36038982,11.62,18.51,M3s
C02536,36091925,27.49,11.52,M1
C02537,36086810,25.81,11.11,M1
C02538,36069350,20.91,6.91,M2
C02539,36030665,9.07,24.50,M1
C02540,36073547,22.09,7.28,M2
C02541,36061735,18.40,25.32,M1
C02542,36025159,7.52,23.77,M2
C02543,36087309,26.10,12.47,M3h
C02544,36037466,11.19,18.19,M2
C02545,36085539,25.62,20.65,M3s
C02546,36034319,10.34,14.89,M3d
C02547,36081285,24.43,22.77,M2
C02548,36030237,9.11,23.31,M1
C02549,36068896,20.63,3.71,M3s
C02550,36082691,24.90,14.35,M3e
C02551,36016693,5.10,13.93,M2
C02552,36045077,13.77,13.64,M1
C02553,36070727,21.23,6.86,M1
C02554,36027582,8.17,9.65,M1
C02555,36083599,24.92,24.89,M2
C02556,36086525,26.06,14.61,M1
C02557,36076259,22.99,13.02,M2
C02558,36066776,19.97,16.48,M1
C02559,36071978,21.56,27.36,M2
C02560,36038526,11.57,19.98,M1
C02561,36009453,2.85,14.14,M1
C02562,36002770,0.61,12.76,M2
C02563,36093673,27.94,12.78,M2
C02564,36092557,27.64,13.61,M1
C02565,36074449,22.34,20.13,M1
C02566,36057630,17.21,25.73,M1
C02567,36019821,5.78,24.71,M3s
C02568,36008681,2.59,12.91,M3s
C02569,36074172,22.44,23.91,M3s
C02570,36069720,20.95,23.98,M2
C02571,36021843,6.34,24.35,M1
C02572,36066118,19.82,4.75,M2
C02573,36048948,14.53,13.63,M2
C02574,36079160,23.94,20.76,M2
C02575,36070536,21.23,22.53,M1
C02576,36090816,27.10,21.88,M3d
C02577,36042771,12.88,20.92,M1
C02578,36068861,20.60,22.54,M3s
C02579,36083239,25.09,18.84,M2
C02580,36089984,26.90,10.75,M3s
C02581,36016804,5.03,14.46,M1
C02582,36084132,25.26,18.65,M2
C02583,36080154,24.03,23.98,M2
C02584,36006924,1.88,17.05,M2
C02585,36087992,26.30,22.90,M3s
C02586,36037273,11.37,14.34,M1
C02587,36018267,5.58,11.01,M3e
C02588,36074152,22.23,14.64,M2
C02589,36089832,26.94,11.95,M3h
C02590,36030115,9.03,25.97,M1
C02591,36062839,18.85,23.26,M3s
C02592,36027541,8.35,24.35,M3s
C02593,36088802,26.65,7.84,M2
C02594,36073867,21.92,7.64,M1
C02595,36059160,17.82,22.58,M2
C02596,36014264,4.33,14.71,M2
C02597,36024157,7.38,17.69,M3s
C02598,36072510,21.69,7.37,M1
C02599,36007463,2.35,11.54,M2
C02600,36076490,22.96,8.59,M3s
C02601,36040966,12.04,17.31,M2
C02602,36029615,8.95,24.77,M2
C02603,36020429,6.13,23.59,M2
C02604,36042243,12.64,12.66,M2
C02605,36048139,14.47,16.64,M3s
C02606,36097247,29.30,12.35,M3d
C02607,36035242,10.73,25.21,M3d
C02608,36075271,22.75,25.88,M2
C02609,36059818,17.99,18.08,M3h
C02610,36048049,14.50,14.84,M1
C02611,36034590,10.37,10.78,M2
C02612,36082229,24.88,20.69,M2
C02613,36070695,21.03,6.27,M3e
C02614,36042240,12.61,12.65,M2
C02615,36005313,1.77,6.85,M2
C02616,36040072,12.10,20.61,M3s
C02617,36020509,6.27,10.16,M1
C02618,36075501,22.61,8.41,M3s
C02619,36045737,13.53,16.15,M2
C02620,36051281,15.55,14.46,M2
C02621,36074172,22.35,24.64,M1
C02622,36081794,24.35,21.30,M3s
C02623,36045392,13.56,12.28,M3s
C02624,36040707,12.22,13.95,M3e
C02625,36079442,23.94,5.97,M1
C02626,36035762,10.50,19.31,M1
C02627,36080869,24.29,8.86,M3s
C02628,36095133,28.75,13.20,M2
C02629,36081197,24.32,6.24,M2
C02630,36039613,11.88,20.69,M2
C02631,36067344,20.39,20.13,M3s
C02632,36070363,21.07,5.57,M3h
C02633,36011013,3.39,10.91,M1
C02634,36071970,21.37,5.10,M3h
C02635,36072688,21.70,23.14,M2
C02636,36043532,13.02,18.09,M2
C02637,36079214,23.96,21.26,M3e
C02638,36087961,26.19,19.68,M1
C02639,36073362,22.05,23.88,M1
C02640,36063821,18.93,25.57,M2
C02641,36029911,8.72,22.82,M1
C02642,36012490,3.84,11.12,M3s
C02643,36076606,22.99,6.28,M2
C02644,36039368,11.90,17.28,M2
C02645,36029053,8.88,26.58,M3s
C02646,36085827,25.54,19.34,M3s
C02647,36080081,24.25,20.78,M2
C02648,36007765,2.30,8.67,M2
C02649,36035983,10.66,24.48,M2
C02650,36032977,9.72,16.58,M3s
C02651,36041567,12.34,15.88,M1
C02652,36042165,12.63,14.51,M2
C02653,36067670,20.25,27.37,M1
C02654,36041044,12.47,9.81,M2
C02655,36083472,24.91,22.72,M3s
C02656,36017190,5.34,12.92,M3e
C02657,36032396,9.74,23.51,M3s
C02658,36071176,21.46,23.83,M2
C02659,36011119,3.59,15.32,M2
C02660,36030358,9.15,18.96,M2
C02661,36044523,13.24,16.16,M2
C02662,36083668,25.19,21.66,M2
C02663,36029152,8.73,22.27,M2
C02664,36041327,12.41,13.64,M3s
C02665,36043203,13.05,17.16,M3e
C02666,36079692,23.84,22.25,M3s
C02667,36076859,22.98,21.01,M1
C02668,36076263,23.00,25.49,M2
C02669,36082087,24.68,25.16,M1
C02670,36059589,17.92,11.82,M1
C02671,36087240,26.34,13.00,M2
C02672,36042146,12.70,20.18,M3s
C02673,36033049,10.07,20.04,M1
C02674,36018959,5.42,15.03,M2
C02675,36047535,14.14,17.93,M3s
C02676,36037108,11.22,20.39,M2
C02677,36078308,23.65,19.88,M3s
C02678,36025365,7.73,10.21,M3s
C02679,36078539,23.67,13.00,M3d
C02680,36062878,18.76,7.23,M3s
C02681,36075553,22.73,8.48,M2
C02682,36083195,25.16,24.51,M2
C02683,36082112,24.66,6.49,M2
C02684,36066770,19.98,8.55,M3s
C02685,36052584,15.77,14.69,M2
C02686,36094476,28.50,10.94,M3e
C02687,36012008,3.77,12.49,M3s
C02688,36031055,9.31,17.99,M3e
C02689,36066610,19.98,21.20,M3h
C02690,36076070,22.87,9.25,M1
C02691,36036070,10.83,24.90,M1
C02692,36080397,24.13,19.12,M2
C02693,36049732,14.96,17.34,M1
C02694,36050736,15.16,19.00,M1
C02695,36087581,26.29,21.73,M2
C02696,36076222,23.06,20.72,M2
C02697,36082822,24.62,23.36,M3h
C02698,36039080,11.81,18.67,M2
C02699,36037500,11.33,21.39,M2
C02700,36085283,25.58,22.51,M2
C02701,36006730,1.88,14.21,M3e
C02702,36082468,24.83,22.27,M3e
C02703,36039305,11.94,20.69,M3s
C02704,36090216,27.05,13.92,M1
C02705,36048717,14.63,10.87,M3d
C02706,36028591,8.53,20.47,M1
C02707,36023777,7.15,15.41,M2
C02708,36033575,10.20,17.88,M2
C02709,36078821,23.65,7.78,M2
C02710,36026387,7.85,17.01,M2
C02711,36042741,12.62,13.72,M2
C02712,36071743,21.52,23.44,M1
C02713,36064356,19.46,18.72,M2
C02714,36016456,4.89,12.11,M3h
C02715,36049947,14.75,17.78,M3h
C02716,36068613,20.60,22.87,M2
C02717,36078564,23.64,26.96,M2
C02718,36033580,10.07,22.27,M1
C02719,36069221,20.98,4.37,M1
C02720,36048652,14.48,14.76,M2
C02721,36038930,11.42,21.59,M2
C02722,36039583,11.91,14.82,M3s
C02723,36072636,21.82,7.95,M2
C02724,36021896,6.51,15.04,M3s
C02725,36073781,22.07,11.66,M1
C02726,36020478,6.05,28.21,M3s
C02727,36079080,23.76,25.11,M2
C02728,36068176,20.67,21.99,M3e
C02729,36039504,11.91,22.46,M1
C02730,36043587,13.00,10.71,M3s
C02731,36082531,24.78,7.35,M2
C02732,36082947,24.73,15.28,M2
C02733,36069585,20.78,5.77,M2
C02734,36048837,14.41,16.87,M1
C02735,36039512,11.83,24.29,M2
C02736,36042441,12.70,17.31,M2
C02737,36081731,24.44,21.11,M2
C02738,36025323,7.72,14.42,M2
C02739,36041203,12.31,22.81,M1
C02740,36072164,21.64,2.59,M2
C02741,36050635,15.30,14.36,M2
C02742,36040022,12.19,14.01,M3e
C02743,36088058,26.62,11.48,M3e
C02744,36047640,14.25,16.51,M3s
C02745,36037038,11.36,22.33,M2
C02746,36078480,23.49,12.26,M2
C02747,36033257,10.19,21.57,M1
C02748,36032352,9.65,14.44,M3s
C02749,36034224,10.38,19.33,M2
C02750,36080703,24.11,25.69,M3h
C02751,36081162,24.55,13.90,M3s
C02752,36078053,23.57,7.55,M1
C02753,36031703,9.44,23.29,M3d
C02754,36053185,15.94,15.25,M2
C02755,36033363,10.08,24.17,M2
C02756,36013795,3.96,12.91,M1
C02757,36036839,10.82,15.80,M2
C02758,36082220,24.63,5.83,M3d
C02759,36038225,11.40,17.29,M3s
C02760,36045196,13.58,18.16,M3d
C02761,36079848,23.76,19.07,M1
C02762,36043647,13.07,14.36,M2
C02763,36061712,18.44,27.20,M1
C02764,36042798,12.71,15.92,M3s
C02765,36050320,15.00,14.91,M2
C02766,36083043,25.04,20.70,M1
C02767,36073064,22.20,8.82,M3s
C02768,36017145,5.28,13.95,M2
C02769,36086929,25.89,8.10,M3d
C02770,36079783,23.78,23.14,M2
C02771,36071084,21.49,21.00,M1
C02772,36043508,12.97,19.74,M1
C02773,36041672,12.54,19.06,M2
C02774,36041389,12.46,15.96,M1
C02775,36048520,14.59,19.23,M1
C02776,36045617,13.74,16.09,M2
C02777,36070501,21.23,22.72,M2
C02778,36079071,23.80,22.14,M3h
C02779,36014405,4.37,15.46,M3e
C02780,36071843,21.36,20.43,M3s
C02781,36088930,26.66,14.21,M3s
C02782,36047765,14.31,12.72,M2
C02783,36080809,24.08,21.37,M2
C02784,36039960,11.77,28.31,M1
C02785,36093136,28.17,7.37,M2
C02786,36065631,19.69,22.95,M3s
C02787,36050867,15.08,20.18,M1
C02788,36032362,9.85,26.62,M1
C02789,36077595,23.31,21.53,M1
C02790,36008627,2.62,12.46,M3d
C02791,36042011,12.75,11.43,M3e
C02792,36067272,20.18,6.00,M1
C02793,36050093,15.25,13.28,M2
C02794,36054106,16.42,13.75,M2
C02795,36072218,21.73,17.46,M3s
C02796,36018522,5.60,10.08,M2
C02797,36068726,20.41,21.08,M3s
C02798,36041243,12.60,19.58,M1
C02799,36013982,3.93,17.15,M3e
C02800,36079006,23.77,20.46,M3e
C02801,36079101,23.87,5.30,M3h
C02802,36075291,22.53,6.39,M1
C02803,36014310,4.25,26.22,M3s
C02804,36044510,13.31,17.43,M2
C02805,36021017,6.58,11.56,M3d
C02806,36044567,13.38,13.40,M2
C02807,36022213,6.83,13.87,M2
C02808,36064110,19.27,24.31,M2
C02809,36027057,8.26,22.14,M3e
C02810,36019559,5.82,26.02,M3h
C02811,36036951,11.05,20.55,M3d
C02812,36053394,16.10,17.02,M1
C02813,36033177,9.98,27.00,M3s
C02814,36029923,8.78,25.08,M1
C02815,36089161,26.94,11.73,M3d
C02816,36044501,13.36,15.84,M3e
C02817,36079274,23.76,18.16,M2
C02818,36021048,6.54,10.02,M3s
C02819,36077850,23.40,22.30,M1
C02820,36048994,14.48,20.78,M3s
C02821,36016326,5.00,12.95,M1
C02822,36030221,9.11,20.18,M2
C02823,36016053,4.94,6.91,M2
C02824,36079089,23.77,13.12,M3s
C02825,36027403,8.24,23.05,M3e
C02826,36033204,10.04,19.04,M2
C02827,36044268,13.45,20.55,M2
C02828,36080427,24.19,10.28,M2
C02829,36033897,10.18,27.60,M1
C02830,36087649,26.29,18.14,M3h
C02831,36058968,17.44,15.93,M1
C02832,36032956,9.77,16.85,M3d
C02833,36077530,23.37,18.34,M2
C02834,36040709,12.10,19.72,M2
C02835,36035642,10.58,19.12,M3s
C02836,36088321,26.55,13.23,M2
C02837,36078899,23.56,21.45,M2
C02838,36089690,26.73,17.56,M3h
C02839,36036955,10.87,19.59,M1
C02840,36083387,25.13,3.50,M3s
C02841,36047272,14.18,16.85,M1
C02842,36086948,26.01,12.78,M3s
C02843,36060697,18.21,26.02,M2
C02844,36042500,12.74,22.02,M2
C02845,36026669,8.02,10.71,M3s
C02846,36053392,16.00,14.51,M3d
C02847,36091095,27.58,15.26,M3e
C02848,36063640,19.01,30.00,M3s
C02849,36021334,6.31,12.10,M3s
C02850,36042547,12.78,12.84,M2
C02851,36033242,10.05,24.15,M3d
C02852,36084819,25.26,26.68,M2
C02853,36083141,25.05,21.44,M1
C02854,36083962,25.09,20.49,M3s
C02855,36041684,12.32,14.67,M2
C02856,36020422,6.13,15.52,M2
C02857,36024114,7.23,24.92,M2
C02858,36084046,25.34,15.51,M2
C02859,36073651,21.99,25.47,M1
C02860,36081773,24.51,8.97,M2
C02861,36067031,20.39,6.64,M3s
C02862,36071380,21.48,27.45,M2
C02863,36022637,6.73,23.67,M2
C02864,36033102,10.11,26.56,M2
C02865,36094440,28.47,14.04,M2
C02866,36041581,12.49,20.05,M3d
C02867,36071750,21.30,23.88,M3d
C02868,36071716,21.51,22.38,M3s
C02869,36080182,24.28,7.73,M2
C02870,36083289,25.19,13.14,M3d
C02871,36065364,19.67,18.51,M2
C02872,36005605,1.51,15.46,M1
C02873,36064537,19.24,25.75,M3e
C02874,36025419,7.77,24.89,M2
C02875,36076471,22.87,20.50,M2
C02876,36043090,13.00,19.21,M2
C02877,36068528,20.62,26.45,M2
C02878,36018467,5.61,13.47,M2
C02879,36050797,15.18,16.62,M3s
C02880,36023159,7.05,21.72,M3s
C02881,36098975,29.59,21.49,M2
C02882,36035583,10.74,16.02,M2
C02883,36088627,26.69,13.91,M1
C02884,36060794,18.20,24.00,M1
C02885,36017007,5.15,12.71,M3s
C02886,36080237,24.01,6.77,M1
C02887,36084270,25.21,6.26,M2
C02888,36072623,21.63,26.54,M3h
C02889,36079354,23.78,13.09,M3s
C02890,36012146,3.86,10.10,M3s
C02891,36075300,22.70,25.46,M1
C02892,36040446,12.26,15.12,M2
C02893,36043481,12.92,16.36,M1
C02894,36018006,5.55,13.34,M2
C02895,36084390,25.28,18.75,M1
C02896,36044615,13.40,13.26,M3s
C02897,36061251,18.53,24.64,M3s
C02898,36090772,27.20,20.84,M2
C02899,36070889,21.05,9.49,M2
C02900,36042525,12.72,20.52,M2
C02901,36049141,14.70,16.47,M1
C02902,36093013,28.09,11.09,M3s
C02903,36048617,14.69,14.49,M2
C02904,36020646,6.08,11.94,M3h
C02905,36072747,21.78,26.03,M3s
C02906,36077177,23.35,24.69,M1
C02907,36029933,8.97,17.31,M2
C02908,36012485,3.77,15.14,M3e
C02909,36090073,27.03,15.24,M3e
C02910,36089920,26.94,23.23,M3s
C02911,36036080,11.01,14.32,M1
C02912,36087197,26.32,22.13,M3e
C02913,36071093,21.41,23.23,M3h
C02914,36066330,19.94,24.61,M1
C02915,36088424,26.47,12.62,M3s
C02916,36075530,22.72,7.61,M1
C02917,36082533,24.70,8.05,M2
C02918,36017148,5.39,8.78,M3s
C02919,36077767,23.17,12.96,M3s
C02920,36004721,1.44,8.97,M3d
C02921,36073965,22.19,21.63,M2
C02922,36027936,8.30,18.48,M1
C02923,36055879,16.59,15.49,M2
C02924,36056346,16.88,14.04,M2
C02925,36072261,21.63,16.50,M2
C02926,36035573,10.62,18.25,M1
C02927,36054264,16.37,15.48,M1
C02928,36071127,21.43,22.97,M3e
C02929,36029924,8.84,25.09,M1
C02930,36028732,8.43,28.39,M3s
C02931,36086925,25.96,12.61,M2
C02932,36073546,22.03,9.49,M1
C02933,36077057,23.34,9.44,M2
C02934,36002580,0.64,11.31,M2
C02935,36082795,24.84,3.60,M1
C02936,36035705,10.70,19.21,M2
C02937,36027622,8.28,25.20,M3s
C02938,36085835,25.70,10.26,M3s
C02939,36067316,20.21,6.48,M2
C02940,36013059,4.10,11.73,M3s
C02941,36021383,6.46,15.47,M1
C02942,36016476,5.09,10.62,M1
C02943,36031716,9.49,19.99,M2
C02944,36083554,24.97,7.10,M2
C02945,36051223,15.37,14.76,M1
C02946,36047386,14.16,14.18,M2
C02947,36078925,23.65,6.47,M3s
C02948,36055174,16.55,14.79,M2
C02949,36064192,19.36,7.68,M2
C02950,36066404,19.89,28.42,M1
C02951,36021490,6.47,25.21,M1
C02952,36021418,6.42,25.24,M1
C02953,36036546,10.84,19.08,M2
C02954,36050265,15.20,14.81,M2
C02955,36033789,10.04,22.29,M3s
C02956,36055486,16.73,14.23,M3h
C02957,36084451,25.26,9.35,M3e
C02958,36050498,15.04,16.03,M2
C02959,36066757,19.83,22.51,M3d
C02960,36064943,19.37,26.21,M2
C02961,36017508,5.15,11.94,M1
C02962,36076999,23.09,21.39,M1
C02963,36016541,5.07,14.41,M3s
C02964,36079911,23.81,24.26,M1
C02965,36028333,8.61,25.98,M3h
C02966,36073180,21.94,25.04,M2
C02967,36030918,9.07,23.26,M1
C02968,36019942,5.75,10.30,M2
C02969,36075608,22.79,12.22,M2
C02970,36080549,24.12,19.26,M1
C02971,36083368,25.10,21.26,M3e
C02972,36074986,22.39,13.29,M1
C02973,36067362,20.26,9.56,M2
C02974,36079747,23.74,6.01,M3e
C02975,36048315,14.49,13.45,M2
C02976,36092110,27.68,12.47,M1
C02977,36036383,10.82,18.33,M1
C02978,36008542,2.53,14.48,M3e
C02979,36036023,11.08,22.69,M1
C02980,36044932,13.44,20.43,M3s
C02981,36039688,11.74,20.05,M1
C02982,36077648,23.22,8.83,M2
C02983,36081922,24.38,21.02,M2
C02984,36075287,22.61,26.30,M3s
C02985,36046891,13.84,14.57,M3s
C02986,36013024,4.14,14.40,M3s
C02987,36090558,27.10,13.72,M3e
C02988,36079669,23.78,12.75,M1
C02989,36082148,24.66,11.44,M2
C02990,36070150,21.05,22.54,M1
C02991,36084506,25.30,11.32,M1
C02992,36072366,21.87,8.37,M2
C02993,36093980,27.94,15.90,M2
C02994,36034203,10.22,23.85,M2
C02995,36068377,20.70,13.90,M3e
C02996,36033502,9.99,15.19,M1
C02997,36065273,19.70,24.96,M2
C02998,36086611,26.02,13.94,M1
C02999,36042555,12.78,17.37,M1
C03000,36087101,26.24,24.88,M2
C03001,36036919,10.97,18.37,M2
C03002,36082400,24.61,6.19,M1
C03003,36099219,30.00,13.05,M3s
C03004,36012397,3.62,8.02,M1
C03005,36047666,14.12,16.17,M3s
C03006,36087547,26.34,8.22,M2
C03007,36029769,8.77,25.59,M3h
C03008,36082125,24.73,8.04,M1
C03009,36058152,17.66,13.75,M2
C03010,36013531,3.94,9.01,M2
C03011,36019801,5.71,13.82,M3e
C03012,36081840,24.59,9.03,M3e
C03013,36074268,22.48,12.67,M3s
C03014,36080539,24.02,13.01,M3s
C03015,36027452,8.17,16.78,M1
C03016,36090797,27.03,11.45,M2
C03017,36088762,26.40,12.98,M3d
C03018,36069353,20.85,25.58,M1
C03019,36037640,11.36,16.76,M3e
C03020,36073636,22.10,10.51,M2
C03021,36073047,22.16,6.09,M1
C03022,36019781,5.88,14.93,M2
C03023,36016789,5.01,15.41,M1
C03024,36085181,25.64,6.54,M3e
C03025,36081099,24.32,13.68,M1
C03026,36087748,26.32,18.97,M3h
C03027,36043544,12.94,19.44,M2
C03028,36036112,10.90,15.74,M1
C03029,36039391,11.79,14.31,M3e
C03030,36076209,22.90,9.86,M2
C03031,36062228,18.66,24.76,M1
C03032,36095589,28.76,15.60,M2
C03033,36070181,21.28,5.05,M1
C03034,36049854,14.90,18.54,M2
C03035,36089192,26.74,9.88,M2
C03036,36068342,20.66,6.69,M3s
C03037,36035212,10.70,19.11,M2
C03038,36069693,20.97,20.50,M3e
C03039,36091155,27.51,21.05,M1
C03040,36085510,25.67,11.49,M2
C03041,36022359,6.68,15.16,M2
C03042,36051292,15.50,13.67,M2
C03043,36072213,21.60,6.49,M2
C03044,36062208,18.62,10.77,M2
C03045,36087463,26.20,23.35,M3s
C03046,36023719,7.07,12.51,M2
C03047,36050676,15.03,23.98,M2
C03048,36027259,8.29,12.73,M2
C03049,36087701,26.28,11.88,M2
C03050,36094153,28.26,20.60,M3e
C03051,36050725,15.15,15.97,M2
C03052,36027450,8.12,21.99,M2
C03053,36078630,23.50,8.13,M3h
C03054,36024607,7.45,24.89,M1
C03055,36072767,21.64,4.85,M2
C03056,36075801,22.58,28.10,M2
C03057,36045352,13.51,17.10,M3s
C03058,36033662,10.17,20.51,M3d
C03059,36026224,7.85,24.06,M1
C03060,36049173,14.99,12.39,M1
C03061,36057360,17.14,16.63,M3s
C03062,36082989,24.64,8.00,M1
C03063,36039046,11.89,19.51,M3s
C03064,36016991,5.01,13.87,M1
C03065,36032180,9.66,24.82,M3h
C03066,36069039,20.71,20.20,M2
C03067,36006686,1.95,15.80,M1
C03068,36092228,27.88,22.28,M1
C03069,36079282,23.80,21.08,M2
C03070,36083193,25.07,19.27,M3s
C03071,36084663,25.21,4.22,M2
C03072,36016673,5.04,14.36,M1
C03073,36029461,8.74,25.62,M2
C03074,36073907,22.05,8.34,M1
C03075,36040328,12.20,14.90,M1
C03076,36018455,5.56,13.06,M3s
C03077,36033310,10.19,18.08,M3e
C03078,36080473,24.22,13.49,M2
C03079,36083134,25.20,14.90,M2
C03080,36031024,9.45,25.01,M2
C03081,36082280,24.74,13.42,M2
C03082,36065742,19.77,9.11,M3s
C03083,36073895,22.16,8.00,M2
C03084,36027631,8.23,27.54,M2
C03085,36054067,16.23,12.42,M1
C03086,36038393,11.63,21.86,M2
C03087,36016781,4.86,12.66,M1
C03088,36037279,11.33,16.51,M3h
C03089,36039844,11.95,14.64,M1
C03090,36094343,28.48,24.12,M3h
C03091,36081986,24.38,13.75,M1
C03092,36087502,26.21,13.27,M1
C03093,36091914,27.58,14.35,M3s
C03094,36047624,14.21,19.79,M1
C03095,36082420,24.83,3.76,M1
C03096,36051273,15.43,16.27,M1
C03097,36036416,11.08,14.00,M2
C03098,36055168,16.72,15.80,M2
C03099,36063699,19.11,24.11,M3d
C03100,36021444,6.33,14.11,M3h
C03101,36070761,21.01,21.45,M3s
C03102,36039169,11.74,20.04,M2
C03103,36036323,10.98,20.95,M2
C03104,36085632,25.52,17.92,M2
C03105,36046479,13.87,11.36,M2
C03106,36059305,17.82,9.95,M1
C03107,36058433,17.52,25.59,M2
C03108,36019973,5.74,13.44,M3s
C03109,36027247,8.24,16.49,M2
C03110,36009089,2.70,10.55,M2
C03111,36068561,20.48,26.29,M2
C03112,36069631,20.83,24.32,M1
C03113,36074888,22.28,18.59,M3s
C03114,36069214,20.81,24.66,M3d
C03115,36039896,11.73,12.47,M1
C03116,36045097,13.70,12.41,M3s
C03117,36022836,6.81,22.74,M3s
C03118,36046950,14.05,19.60,M2
C03119,36020006,6.08,23.98,M1
C03120,36035894,10.51,23.20,M2
C03121,36031077,9.51,21.06,M3e
C03122,36011407,3.57,16.52,M2
C03123,36099037,30.00,14.34,M3s
C03124,36060641,18.28,26.03,M3d
C03125,36099136,30.00,13.26,M2
C03126,36081384,24.56,5.39,M1
C03127,36043221,12.91,25.79,M1
C03128,36027901,8.32,23.24,M3e
C03129,36067984,20.11,8.11,M1
C03130,36042540,12.64,19.78,M1
C03131,36088348,26.67,12.40,M3s
C03132,36047082,14.19,17.48,M2
C03133,36089320,26.89,13.19,M3h
C03134,36078567,23.49,11.31,M1
C03135,36035211,10.71,17.12,M2
C03136,36072890,21.75,7.62,M2
C03137,36079534,23.89,3.61,M3s
C03138,36055795,16.55,17.52,M3e
C03139,36017562,5.12,11.74,M1
C03140,36074552,22.27,23.37,M3s
C03141,36083434,25.18,20.21,M2
C03142,36043120,13.08,24.75,M1
C03143,36057403,17.34,16.52,M2
C03144,36057048,17.18,25.61,M1
C03145,36037781,11.32,28.14,M2
C03146,36039936,11.98,18.39,M2
C03147,36075711,22.70,21.85,M1
C03148,36024316,7.41,12.79,M3s
C03149,36067396,20.29,25.12,M2
C03150,36000052,0.00,15.04,M1
C03151,36031708,9.40,23.92,M3s
C03152,36033196,9.93,27.89,M3s
C03153,36027057,8.15,9.87,M1
C03154,36080844,24.05,18.73,M1
C03155,36091941,27.42,10.28,M1
C03156,36040819,12.18,19.16,M3s
C03157,36075839,22.52,20.04,M2
C03158,36087326,26.28,21.62,M3e
C03159,36083063,25.02,7.47,M2
C03160,36068305,20.59,7.10,M2
C03161,36082527,24.87,6.81,M2
C03162,36014879,4.26,12.57,M3d
C03163,36084529,25.48,12.25,M3s
C03164,36028955,8.65,16.40,M1
C03165,36064908,19.28,26.11,M1
C03166,36040837,12.17,18.80,M2
C03167,36085059,25.80,12.94,M1
C03168,36073535,22.01,22.96,M3e
C03169,36090708,27.19,13.13,M1
C03170,36053353,15.90,17.13,M1
C03171,36008150,2.47,14.55,M2
C03172,36034053,10.41,24.46,M1
C03173,36080445,24.14,20.15,M2
C03174,36028701,8.61,22.38,M3d
C03175,36017129,5.24,9.13,M2
C03176,36033683,10.12,22.13,M3d
C03177,36089221,26.89,12.79,M1
C03178,36094445,28.37,9.90,M3d
C03179,36033702,9.99,25.34,M3h
C03180,36049642,14.90,12.50,M1
C03181,36069753,20.73,26.84,M3s
C03182,36013562,3.91,14.20,M3s
C03183,36082951,24.78,21.65,M2
C03184,36081962,24.48,19.09,M3s
C03185,36028997,8.53,17.90,M1
C03186,36027712,8.29,25.31,M1
C03187,36092000,27.72,12.16,M3s
C03188,36080377,24.28,9.91,M2
C03189,36047920,14.17,15.92,M3h
C03190,36059181,17.89,26.89,M1
C03191,36067827,20.18,9.38,M2
C03192,36043660,12.92,11.91,M2
C03193,36009102,2.72,13.14,M2
C03194,36072406,21.69,18.79,M1
C03195,36013707,4.16,13.79,M3s
C03196,36092506,27.78,13.77,M2
C03197,36081506,24.55,21.81,M1
C03198,36036877,10.96,21.01,M3h
C03199,36038064,11.64,19.29,M2
C03200,36067256,20.35,9.15,M2
C03201,36052004,15.85,18.61,M2
C03202,36083708,24.94,14.76,M2
C03203,36036448,11.02,16.10,M1
C03204,36016121,4.97,25.37,M3s
C03205,36085666,25.60,21.28,M3s
C03206,36039664,11.74,15.83,M2
C03207,36015148,4.60,10.70,M1
C03208,36036729,11.05,19.45,M2
C03209,36041308,12.59,15.56,M2
C03210,36091389,27.38,10.73,M2
C03211,36040476,12.27,17.09,M1
C03212,36084599,25.20,13.91,M1
C03213,36073665,22.13,23.12,M2
C03214,36021013,6.57,16.21,M1
C03215,36067075,20.23,29.04,M1
C03216,36073592,22.18,19.71,M2
C03217,36045942,13.70,14.74,M1
C03218,36019430,5.77,11.36,M2
C03219,36000894,0.26,11.51,M1
C03220,36068205,20.49,9.67,M1
C03221,36042184,12.82,13.82,M3s
C03222,36054464,16.43,16.21,M2
C03223,36080253,24.11,17.98,M2
C03224,36051235,15.58,18.27,M3e
C03225,36031870,9.32,24.55,M3h
C03226,36035057,10.78,23.69,M1
C03227,36077469,23.26,11.50,M2
C03228,36042400,12.74,12.78,M2
C03229,36027408,8.16,25.21,M2
C03230,36081096,24.56,24.34,M2
C03231,36022658,6.81,23.84,M2
C03232,36079435,23.85,21.18,M1
C03233,36083015,25.18,10.97,M1
C03234,36025142,7.74,16.29,M3s
C03235,36037685,11.39,10.58,M1
C03236,36053575,16.12,10.56,M3h
C03237,36083814,24.91,21.18,M3s
C03238,36016454,4.84,11.13,M2
C03239,36074466,22.32,24.24,M2
C03240,36051932,15.42,12.56,M2
C03241,36045024,13.60,14.51,M3h
C03242,36025350,7.74,26.60,M2
C03243,36008751,2.53,16.52,M3s
C03244,36011016,3.58,12.96,M2
C03245,36075034,22.62,22.15,M2
C03246,36071469,21.55,8.39,M1
C03247,36082392,24.76,9.21,M2
C03248,36076454,22.88,11.91,M2
C03249,36041649,12.37,14.90,M3e
C03250,36025486,7.67,12.50,M2
C03251,36021163,6.47,12.62,M1
C03252,36073638,21.96,21.63,M1
C03253,36068258,20.44,7.73,M2
C03254,36001124,0.49,7.35,M1
C03255,36073313,21.93,23.59,M1
C03256,36091111,27.59,22.50,M1
C03257,36015840,4.67,12.42,M3s
C03258,36051106,15.49,17.90,M3d
C03259,36044410,13.26,18.54,M3s
C03260,36045688,13.65,17.55,M2
C03261,36091499,27.48,23.98,M3s
C03262,36063598,19.17,4.05,M2
C03263,36016434,4.89,9.45,M3s
C03264,36065415,19.55,6.25,M2
C03265,36069654,20.92,6.63,M3s
C03266,36038187,11.67,20.57,M3s
C03267,36042048,12.86,14.57,M2
C03268,36074413,22.48,23.14,M2
C03269,36021385,6.31,18.43,M3s
C03270,36029444,9.00,22.58,M3e
C03271,36086487,25.82,10.21,M3e
C03272,36093165,27.99,16.67,M1
C03273,36046813,13.99,14.59,M1
C03274,36046120,13.87,16.63,M1
C03275,36017247,5.12,17.04,M1
C03276,36046101,13.86,12.66,M1
C03277,36043825,13.05,14.55,M3s
C03278,36054604,16.25,13.33,M3s
C03279,36024043,7.29,14.52,M2
C03280,36085509,25.56,8.57,M2
C03281,36042344,12.77,19.48,M3e
C03282,36078965,23.46,27.09,M2
C03283,36074738,22.33,20.75,M1
C03284,36047808,14.17,13.14,M3e
C03285,36083635,24.93,8.36,M2
C03286,36080685,24.18,13.58,M3s
C03287,36014103,4.43,15.46,M2
C03288,36071079,21.53,25.88,M1
C03289,36071469,21.59,17.66,M2
C03290,36067068,20.39,5.70,M2
C03291,36066500,19.92,21.00,M3e
C03292,36081505,24.44,17.54,M2
C03293,36039012,11.97,17.26,M2
C03294,36034545,10.38,22.60,M2
C03295,36076471,22.89,21.28,M2
C03296,36045076,13.66,16.15,M2
C03297,36026217,7.96,23.30,M1
C03298,36031002,9.45,27.75,M2
C03299,36043673,13.19,15.51,M2
C03300,36051454,15.31,13.63,M3e
C03301,36027058,8.11,23.56,M3s
C03302,36082859,24.84,8.60,M2
C03303,36074171,22.28,15.46,M2
C03304,36029518,8.95,21.94,M2
C03305,36027134,8.12,14.55,M2
C03306,36074452,22.48,30.00,M2
C03307,36044873,13.25,14.39,M1
C03308,36075219,22.74,12.79,M3h
C03309,36071346,21.49,7.05,M3d
C03310,36001726,0.52,11.77,M3s
C03311,36041848,12.51,16.00,M2
C03312,36043740,12.92,16.03,M3s
C03313,36076014,22.89,2.76,M2
C03314,36070883,21.03,25.42,M3d
C03315,36046068,14.01,17.60,M2
C03316,36091939,27.53,13.33,M3s
C03317,36086254,25.84,17.58,M2
C03318,36016981,4.93,9.95,M1
C03319,36024049,7.25,22.66,M1
C03320,36037033,11.37,13.90,M3s
C03321,36047122,14.25,15.04,M2
C03322,36035234,10.70,20.68,M3s
C03323,36044127,13.48,16.20,M1
C03324,36003222,1.20,15.27,M3s
C03325,36024715,7.44,24.67,M3s
C03326,36079941,23.82,23.30,M2
C03327,36090698,27.10,15.57,M2
C03328,36079710,23.80,8.40,M2
C03329,36079956,23.94,6.77,M2
C03330,36049628,14.97,18.47,M3e
C03331,36091845,27.57,10.14,M2
C03332,36011345,3.37,17.10,M1
C03333,36033738,10.19,27.02,M3h
C03334,36077114,23.26,20.23,M3s
C03335,36024337,7.22,24.89,M3d
C03336,36083083,25.14,21.13,M2
C03337,36069794,20.77,17.94,M3s
C03338,36039716,11.85,19.36,M2
C03339,36031671,9.46,22.59,M3e
C03340,36016856,5.05,11.90,M2
C03341,36045139,13.55,17.04,M2
C03342,36030988,9.04,13.22,M1
C03343,36070396,21.06,6.21,M1
C03344,36018940,5.54,13.05,M3e
C03345,36029344,8.86,26.45,M1
C03346,36079301,23.81,20.86,M1
C03347,36075490,22.67,7.47,M2
C03348,36040169,12.05,17.52,M2
C03349,36072636,21.72,19.11,M1
C03350,36056357,16.83,16.96,M2
C03351,36079188,23.86,25.01,M2
C03352,36065696,19.62,26.16,M3d
C03353,36072053,21.71,16.88,M3s
C03354,36081325,24.58,9.42,M3s
C03355,36075673,22.79,25.03,M2
C03356,36062657,18.69,18.02,M3h
C03357,36064719,19.50,22.56,M3s
C03358,36091360,27.34,17.43,M3d
C03359,36079979,23.90,7.03,M1
C03360,36073514,22.19,9.83,M2
C03361,36038315,11.43,16.35,M2
C03362,36074551,22.36,26.08,M3s
C03363,36081266,24.42,7.81,M2
C03364,36079516,23.84,11.75,M2
C03365,36040271,12.06,13.81,M3e
C03366,36081781,24.37,6.09,M3d
C03367,36074666,22.46,26.13,M1
C03368,36045761,13.54,21.16,M1
C03369,36089172,26.88,15.32,M2
C03370,36069892,20.84,19.43,M1
C03371,36018706,5.48,11.87,M3s
C03372,36074771,22.45,24.64,M1
C03373,36086119,26.03,9.65,M2
C03374,36070299,21.03,5.47,M1
C03375,36041834,12.49,20.72,M3d
C03376,36076288,22.81,9.53,M2
C03377,36035684,10.64,25.86,M1
C03378,36050986,15.02,15.37,M3s
C03379,36069719,20.90,6.71,M3e
C03380,36076073,22.91,22.37,M2
C03381,36027654,8.16,23.28,M3s
C03382,36080917,24.14,11.08,M1
C03383,36034042,10.26,16.70,M3s
C03384,36010252,3.11,11.06,M2
C03385,36036273,10.93,13.30,M1
C03386,36081174,24.58,8.36,M2
C03387,36042351,12.66,11.99,M3s
C03388,36033873,10.15,27.61,M2
C03389,36042764,12.69,13.77,M1
C03390,36036507,10.93,19.02,M3h
C03391,36065647,19.75,21.56,M3h
C03392,36036850,10.92,22.50,M2
C03393,36038657,11.70,13.20,M1
C03394,36012252,3.80,9.81,M1
C03395,36024120,7.21,7.04,M2
C03396,36072422,21.77,19.74,M2
C03397,36042078,12.67,23.33,M2
C03398,36087058,26.39,10.55,M1
C03399,36009423,2.75,11.37,M3h
C03400,36076688,23.07,15.52,M3s
C03401,36014884,4.44,24.45,M2
C03402,36044385,13.30,15.54,M2
C03403,36081507,24.43,14.79,M1
C03404,36030231,9.16,17.31,M3s
C03405,36066854,20.01,25.17,M2
C03406,36029821,8.81,22.44,M1
C03407,36070135,21.04,9.70,M2
C03408,36093525,28.06,23.29,M1
C03409,36078057,23.57,6.38,M2
C03410,36078679,23.46,19.01,M3s
C03411,36038644,11.45,21.04,M2
C03412,36054011,16.44,28.05,M2
C03413,36029928,8.72,25.31,M2
C03414,36048529,14.66,13.74,M2
C03415,36035492,10.63,16.43,M2
C03416,36076868,23.00,7.17,M3s
C03417,36010189,3.29,13.72,M1
C03418,36097812,29.33,13.32,M2
C03419,36084582,25.49,21.08,M1
C03420,36078085,23.64,22.11,M2
C03421,36015088,4.68,9.90,M2
C03422,36081056,24.50,9.80,M1
C03423,36040118,12.23,15.97,M3s
C03424,36045633,13.52,13.87,M2
C03425,36066366,20.07,9.04,M3e
C03426,36079589,23.72,20.22,M2
C03427,36083882,24.94,12.72,M1
C03428,36082917,24.86,12.72,M1
C03429,36086665,26.08,13.15,M3s
C03430,36048838,14.46,11.84,M3e
C03431,36071097,21.48,21.79,M1
C03432,36063511,19.20,4.36,M3e
C03433,36064818,19.48,5.58,M2
C03434,36038779,11.69,25.69,M2
C03435,36070983,21.04,9.55,M2
C03436,36051911,15.58,20.42,M1
C03437,36032251,9.64,23.77,M1
C03438,36043779,13.07,17.39,M2
C03439,36050323,15.07,20.92,M2
C03440,36042946,12.72,16.42,M3s
C03441,36040078,12.17,25.68,M2
C03442,36078421,23.41,8.64,M3s
C03443,36014950,4.44,16.03,M3s
C03444,36037474,11.28,13.07,M2
C03445,36047571,14.19,20.04,M3e
C03446,36066308,19.86,13.29,M2
C03447,36047043,14.21,18.82,M2
C03448,36037969,11.10,21.39,M2
C03449,36039400,11.84,16.54,M2
C03450,36025012,7.75,23.80,M3d
C03451,36069380,20.86,23.70,M3s
C03452,36066360,19.84,9.37,M1
C03453,36045103,13.63,20.35,M2
C03454,36021105,6.48,17.45,M3s
C03455,36072987,21.83,24.98,M2
C03456,36063257,18.92,25.05,M1
C03457,36080663,24.14,7.78,M2
C03458,36034539,10.22,18.76,M2
C03459,36035243,10.59,25.82,M2
C03460,36031093,9.48,25.75,M1
C03461,36023332,7.05,14.06,M2
C03462,36082186,24.74,20.38,M1
C03463,36022263,6.71,26.33,M3e
C03464,36062465,18.64,22.56,M1
C03465,36033568,10.01,17.15,M3s
C03466,36053898,16.13,14.21,M2
C03467,36072909,21.66,9.32,M2
C03468,36097104,29.37,19.37,M2
C03469,36041338,12.51,16.92,M3e
C03470,36062697,18.69,28.14,M2
C03471,36029631,8.94,25.89,M3s
C03472,36020958,6.06,16.10,M1
C03473,36082418,24.68,19.26,M2
C03474,36034001,10.35,24.95,M1
C03475,36082932,24.67,19.34,M3s
C03476,36027485,8.16,24.43,M3s
C03477,36078764,23.41,12.51,M3s
C03478,36019158,5.93,15.06,M1
C03479,36043581,13.01,11.49,M2
C03480,36081485,24.40,22.42,M2
C03481,36030163,9.03,23.72,M2
C03482,36028515,8.68,25.12,M2
C03483,36072367,21.62,4.80,M2
C03484,36006149,2.09,9.93,M2
C03485,36048423,14.43,11.58,M2
C03486,36039300,11.97,17.78,M3s
C03487,36083971,25.02,22.46,M1
C03488,36090519,27.07,22.38,M2
C03489,36044278,13.39,15.66,M2
C03490,36021779,6.38,15.51,M1
C03491,36033005,10.03,22.22,M2
C03492,36067631,20.39,9.10,M2
C03493,36044314,13.25,24.49,M2
C03494,36071121,21.57,2.82,M1
C03495,36044083,13.21,25.64,M3h
C03496,36021698,6.55,13.53,M3s
C03497,36074340,22.44,20.58,M2
C03498,36025466,7.78,23.27,M3e
C03499,36017241,5.15,14.21,M1
C03500,36076008,22.94,23.58,M3s
C03501,36043703,12.96,15.36,M2
C03502,36028879,8.41,21.75,M2
C03503,36079516,23.87,23.70,M2
C03504,36062117,18.77,23.94,M3s
C03505,36077193,23.17,6.70,M3d
C03506,36040947,12.15,18.51,M3s
C03507,36039980,11.76,17.78,M1
C03508,36046423,14.06,18.66,M3d
C03509,36047370,14.27,11.06,M3e
C03510,36064105,19.34,26.67,M1
C03511,36074214,22.22,4.85,M2
C03512,36078167,23.48,5.32,M2
C03513,36085999,25.57,23.85,M2
C03514,36076650,23.00,25.59,M2
C03515,36013082,4.05,12.48,M1
C03516,36038716,11.57,23.10,M1
C03517,36008904,2.65,16.04,M1
C03518,36064565,19.26,27.04,M1
C03519,36047854,14.13,12.75,M2
C03520,36095911,28.77,20.63,M2
C03521,36076493,23.01,19.91,M1
C03522,36008146,2.70,12.83,M1
C03523,36075275,22.75,25.28,M3d
C03524,36050242,15.06,19.09,M3e
C03525,36079683,23.82,12.17,M3s
C03526,36050901,15.28,18.84,M2
C03527,36070266,21.10,10.35,M3e
C03528,36065960,19.70,3.83,M2
C03529,36083782,25.01,22.27,M2
C03530,36082933,24.80,16.12,M2
C03531,36024476,7.33,23.80,M1
C03532,36067050,20.26,6.04,M3e
C03533,36022382,6.88,28.03,M2
C03534,36054938,16.33,13.35,M1
C03535,36019618,5.81,10.68,M1
C03536,36064599,19.25,28.00,M2
C03537,36029587,8.77,28.94,M1
C03538,36040905,12.23,20.25,M1
C03539,36080084,24.05,7.88,M3e
C03540,36049175,14.98,12.46,M3d
C03541,36065903,19.78,22.47,M3d
C03542,36042360,12.78,17.89,M3s
C03543,36067594,20.29,25.57,M3s
C03544,36051579,15.46,16.67,M2
C03545,36059656,17.94,14.93,M1
C03546,36073850,22.03,19.47,M1
C03547,36021187,6.58,11.96,M2
C03548,36038057,11.66,19.07,M2
C03549,36035977,10.56,17.90,M2
C03550,36073581,22.06,21.02,M3h
C03551,36081732,24.49,22.75,M3d
C03552,36073488,21.98,10.18,M3s
C03553,36026554,7.98,22.76,M2
C03554,36076872,23.06,15.56,M1
C03555,36037934,11.19,17.71,M3e
C03556,36040944,12.22,14.17,M1
C03557,36052212,15.90,12.37,M2
C03558,36053662,15.95,23.88,M1
C03559,36041327,12.35,17.27,M1
C03560,36046404,14.01,14.25,M1
C03561,36062902,18.85,11.63,M1
C03562,36078053,23.45,11.91,M1
C03563,36046650,13.92,14.92,M1
C03564,36080545,24.13,11.92,M3e
C03565,36083641,25.18,20.03,M2
C03566,36019460,5.88,20.88,M1
C03567,36078001,23.59,9.46,M2
C03568,36064304,19.31,23.51,M3e
C03569,36083609,25.02,9.76,M3s
C03570,36032129,9.82,16.74,M2
C03571,36094178,28.40,9.24,M2
C03572,36042559,12.80,16.85,M3h
C03573,36034333,10.30,21.20,M1
C03574,36017650,5.30,15.82,M3h
C03575,36042560,12.65,18.51,M2
C03576,36011030,3.55,12.74,M1
C03577,36049333,14.93,11.65,M2
C03578,36086911,25.87,10.71,M2
C03579,36044335,13.32,14.58,M1
C03580,36025041,7.53,15.67,M3s
C03581,36079031,23.74,7.68,M1
C03582,36041724,12.47,19.27,M3s
C03583,36083943,24.96,13.13,M1
C03584,36084190,25.22,11.27,M1
C03585,36071919,21.43,23.67,M2
C03586,36071219,21.35,25.98,M3e
C03587,36038094,11.63,19.22,M2
C03588,36074424,22.29,22.20,M3h
C03589,36075550,22.78,21.74,M2
C03590,36008829,2.40,14.61,M2
C03591,36036138,10.99,16.13,M1
C03592,36011566,3.57,10.22,M3s
C03593,36076742,22.88,6.73,M1
C03594,36048539,14.50,13.77,M2
C03595,36005884,1.63,15.31,M2
C03596,36080969,24.01,19.07,M1
C03597,36084781,25.26,3.18,M3e
C03598,36038582,11.48,18.95,M3s
C03599,36023316,7.18,25.35,M3s
C03600,36061948,18.57,8.00,M2
C03601,36087910,26.33,11.56,M3s
C03602,36085073,25.63,12.94,M3s
C03603,36040914,12.05,21.88,M1
C03604,36063403,19.05,26.29,M2
C03605,36042796,12.74,17.36,M2
C03606,36086062,26.05,19.19,M1
C03607,36015379,4.61,10.22,M2
C03608,36073062,22.10,26.10,M2
C03609,36081021,24.53,9.45,M3s
C03610,36077871,23.33,27.51,M1
C03611,36068620,20.64,16.07,M2
C03612,36089116,26.98,14.76,M2
C03613,36074018,22.29,8.03,M2
C03614,36030473,9.25,20.70,M1
C03615,36058339,17.40,15.77,M3d
C03616,36034197,10.35,24.27,M3s
C03617,36025453,7.51,22.79,M2
C03618,36088856,26.44,11.49,M3s
C03619,36077495,23.36,13.28,M2
C03620,36053973,16.05,15.47,M2
C03621,36080704,24.18,10.59,M1
C03622,36092877,27.76,16.94,M2
C03623,36043258,12.98,19.80,M1
C03624,36043253,13.15,14.44,M3s
C03625,36081181,24.42,8.86,M1
C03626,36079948,23.88,23.30,M2
C03627,36091514,27.45,20.75,M1
C03628,36066844,20.07,25.00,M2
C03629,36048925,14.58,17.07,M3s
C03630,36014113,4.40,11.14,M3d
C03631,36014165,4.22,14.23,M1
C03632,36025680,7.60,21.58,M3e
C03633,36089790,26.73,11.06,M3s
C03634,36083400,25.12,15.25,M3s
C03635,36019108,5.82,14.38,M3s
C03636,36071306,21.40,4.23,M3e
C03637,36045727,13.56,22.45,M2
C03638,36041792,12.45,20.33,M1
C03639,36045346,13.52,13.02,M2
C03640,36064105,19.46,23.91,M1
C03641,36068729,20.60,6.77,M1
C03642,36081160,24.41,13.21,M3s
C03643,36068405,20.57,8.77,M2
C03644,36038421,11.55,17.06,M2
C03645,36019941,5.75,15.73,M3e
C03646,36031630,9.33,22.36,M1
C03647,36064646,19.25,23.41,M1
C03648,36021652,6.45,22.99,M2
C03649,36002376,0.61,8.20,M1
C03650,36074967,22.26,4.81,M2
C03651,36078097,23.69,10.71,M3d
C03652,36088968,26.55,12.65,M3s
C03653,36035655,10.78,11.82,M2
C03654,36074175,22.33,4.78,M2
C03655,36013825,4.01,13.98,M2
C03656,36049743,14.91,14.63,M1
C03657,36077445,23.38,21.46,M3s
C03658,36017692,5.11,15.84,M1
C03659,36075180,22.68,22.19,M3d
C03660,36078018,23.41,25.30,M1
C03661,36001863,0.36,10.90,M3s
C03662,36090129,27.28,14.73,M1
C03663,36067505,20.19,26.54,M2
C03664,36089424,26.98,11.03,M3s
C03665,36040877,12.19,20.85,M1
C03666,36080119,24.12,10.08,M3d
C03667,36039802,11.90,14.28,M2
C03668,36025995,7.71,10.35,M3s
C03669,36073219,21.96,8.42,M2
C03670,36018510,5.64,11.98,M2
C03671,36046449,13.99,16.19,M1
C03672,36025932,7.66,10.92,M3s
C03673,36077039,23.40,5.23,M3d
C03674,36057676,17.25,19.72,M1
C03675,36056126,16.80,23.48,M2
C03676,36072036,21.84,25.17,M3h
C03677,36021504,6.46,13.99,M2
C03678,36069538,20.79,24.14,M3h
C03679,36029071,8.96,22.67,M3e
C03680,36049595,14.96,14.69,M1
C03681,36069783,20.98,8.15,M2
C03682,36004377,1.31,15.64,M2
C03683,36029234,8.88,24.83,M1
C03684,36035490,10.57,19.12,M3e
C03685,36072891,21.72,8.92,M1
C03686,36025383,7.62,12.98,M2
C03687,36040869,12.04,20.63,M2
C03688,36088924,26.48,12.06,M2
C03689,36037473,11.16,16.96,M3e
C03690,36039674,11.79,14.84,M3s
C03691,36071413,21.40,4.75,M2
C03692,36068543,20.49,27.50,M1
C03693,36017650,5.24,15.07,M1
C03694,36082786,24.89,9.41,M2
C03695,36062767,18.84,25.52,M1
C03696,36015012,4.78,14.01,M1
C03697,36075654,22.76,18.01,M2
C03698,36047215,14.14,13.35,M2
C03699,36033187,10.06,18.48,M1
C03700,36048555,14.50,16.12,M1
C03701,36031208,9.58,16.64,M3d
C03702,36049543,14.77,14.68,M1
C03703,36044028,13.25,15.00,M3s
C03704,36038483,11.65,20.60,M2
C03705,36080964,24.03,7.63,M2
C03706,36068246,20.50,25.34,M3d
C03707,36085142,25.69,12.70,M1
C03708,36035713,10.78,22.85,M3d
C03709,36074632,22.21,23.54,M2
C03710,36087008,26.35,13.20,M2
C03711,36004884,1.49,10.73,M3s
C03712,36035655,10.68,19.29,M3e
C03713,36076430,22.98,9.88,M2
C03714,36053815,16.18,14.53,M2
C03715,36020745,6.06,22.30,M2
C03716,36048546,14.41,16.67,M2
C03717,36009171,2.73,11.89,M3s
C03718,36084340,25.39,14.65,M2
C03719,36036948,10.86,22.30,M2
C03720,36042409,12.88,18.26,M2
C03721,36029246,8.73,23.89,M2
C03722,36076032,23.03,25.22,M2
C03723,36046959,13.91,15.93,M1
C03724,36041747,12.30,19.06,M3s
C03725,36082636,24.80,10.46,M3d
C03726,36064243,19.48,22.55,M3s
C03727,36071399,21.33,26.17,M3s
C03728,36039365,11.99,17.29,M3e
C03729,36080150,24.08,9.80,M1
C03730,36037523,11.31,15.62,M3s
C03731,36049183,14.76,16.83,M2
C03732,36025659,7.55,11.32,M1
C03733,36013982,4.18,12.07,M1
C03734,36029148,8.76,26.08,M3s
C03735,36080244,24.03,12.78,M1
C03736,36092217,27.86,15.31,M3e
C03737,36069771,20.81,24.34,M2
C03738,36038129,11.52,20.08,M1
C03739,36079055,23.81,12.84,M2
C03740,36073677,21.99,7.24,M3e
C03741,36044167,13.44,12.15,M2
C03742,36070774,21.06,22.81,M2
C03743,36030085,9.27,14.82,M2
C03744,36025038,7.51,12.96,M1
C03745,36010451,3.27,12.71,M1
C03746,36091226,27.41,20.08,M1
C03747,36080449,24.02,19.70,M3s
C03748,36046112,14.07,12.76,M3e
C03749,36085459,25.54,12.68,M3h
C03750,36072747,21.89,7.38,M1
C03751,36076324,23.02,18.21,M2
C03752,36042426,12.63,17.00,M3d
C03753,36056120,16.86,23.09,M1
C03754,36065416,19.58,23.97,M2
C03755,36042698,12.80,18.25,M3h
C03756,36041313,12.54,18.27,M2
C03757,36037453,11.32,14.13,M3e
C03758,36086719,25.89,19.34,M3s
C03759,36080460,24.19,6.89,M3s
C03760,36006076,1.99,14.06,M1
C03761,36037761,11.39,19.90,M1
C03762,36092879,27.68,4.10,M1
C03763,36054697,16.27,27.84,M1
C03764,36024968,7.32,13.59,M3s
C03765,36083059,24.94,8.42,M2
C03766,36035028,10.66,18.63,M3e
C03767,36079159,23.79,22.78,M1
C03768,36083429,25.18,18.26,M1
C03769,36080440,24.04,25.55,M3e
C03770,36090773,27.23,15.51,M2
C03771,36076932,22.86,19.67,M3s
C03772,36036658,11.08,20.56,M3s
C03773,36049035,15.00,14.90,M3d
C03774,36087295,26.25,14.19,M3s
C03775,36091738,27.52,11.81,M1
C03776,36076103,22.89,13.45,M2
C03777,36078447,23.66,26.95,M2
C03778,36016809,5.03,13.80,M1
C03779,36059059,17.98,8.85,M2
C03780,36074172,22.30,5.53,M1
C03781,36077874,23.20,13.91,M2
C03782,36070995,21.07,26.63,M3s
C03783,36081644,24.60,11.36,M3s
C03784,36074955,22.49,26.68,M2
C03785,36069001,20.91,9.28,M1
C03786,36007746,2.34,12.80,M2
C03787,36012719,3.64,11.92,M2
C03788,36074487,22.40,6.22,M3e
C03789,36070235,21.26,5.15,M2
C03790,36039263,11.77,17.33,M3e
C03791,36044739,13.42,15.99,M2
C03792,36063147,18.99,25.97,M1
C03793,36025052,7.51,22.95,M2
C03794,36016377,4.94,12.58,M1
C03795,36015986,4.54,13.72,M2
C03796,36087324,26.37,11.50,M3s
C03797,36044381,13.50,19.30,M3e
C03798,36079289,23.90,17.45,M2
C03799,36043533,13.03,14.80,M3s
C03800,36030219,9.29,25.25,M1
C03801,36072442,21.68,5.28,M3h
C03802,36039759,11.83,17.35,M3s
C03803,36040661,12.16,15.76,M3d
C03804,36093093,28.02,7.60,M3h
C03805,36074382,22.34,9.20,M2
C03806,36073156,22.20,23.20,M1
C03807,36008542,2.68,12.42,M2
C03808,36068840,20.69,18.34,M3e
C03809,36029651,8.77,23.97,M1
C03810,36087343,26.28,6.51,M3s
C03811,36043382,13.15,9.96,M1
C03812,36071285,21.34,24.66,M1
C03813,36042244,12.77,19.99,M2
C03814,36021513,6.34,25.32,M2
C03815,36025846,7.53,25.90,M2
C03816,36034183,10.29,21.18,M2
C03817,36033029,10.08,17.43,M2
C03818,36083639,25.02,18.55,M2
C03819,36082961,24.63,9.48,M2
C03820,36075196,22.51,21.60,M1
C03821,36031704,9.50,25.06,M1
C03822,36080523,24.19,14.21,M3e
C03823,36048900,14.62,13.14,M1
C03824,36061663,18.50,23.06,M3s
C03825,36074336,22.21,21.38,M2
C03826,36072114,21.66,4.62,M2
C03827,36041103,12.50,15.07,M3h
C03828,36081974,24.59,16.09,M2
C03829,36085352,25.79,4.92,M1
C03830,36046041,13.93,16.47,M1
C03831,36047994,14.18,15.44,M1
C03832,36031240,9.41,26.60,M3h
C03833,36031701,9.54,13.76,M2
C03834,36049254,14.71,21.20,M3h
C03835,36033492,10.17,26.95,M1
C03836,36094526,28.27,8.28,M3s
C03837,36081604,24.46,7.61,M2
C03838,36068961,20.52,8.77,M3h
C03839,36066849,19.96,6.73,M1
C03840,36099061,30.00,12.43,M1
C03841,36081071,24.44,20.75,M1
C03842,36025906,7.56,24.46,M1
C03843,36077248,23.21,22.96,M2
C03844,36040045,12.23,14.01,M2
C03845,36073160,21.98,20.98,M2
C03846,36080976,24.29,14.41,M2
C03847,36032748,9.72,17.96,M3h
C03848,36074296,22.29,25.70,M3e
C03849,36050310,15.26,15.32,M2
C03850,36019531,5.85,12.86,M3e
C03851,36033321,10.11,20.16,M2
C03852,36052705,15.81,14.97,M1
C03853,36089990,26.71,11.89,M2
C03854,36045425,13.52,11.90,M2
C03855,36083654,24.96,7.00,M3s
C03856,36035140,10.70,14.84,M2
C03857,36072312,21.81,8.41,M3s
C03858,36041173,12.53,12.87,M1
C03859,36014426,4.23,12.57,M1
C03860,36068895,20.48,20.64,M2
C03861,36034133,10.30,17.04,M2
C03862,36032126,9.80,17.29,M2
C03863,36027083,8.10,22.58,M3e
C03864,36029827,8.77,28.86,M3s
C03865,36008411,2.60,11.81,M3s
C03866,36019268,5.82,14.39,M2
C03867,36006673,1.99,15.05,M2
C03868,36080433,24.04,19.48,M1
C03869,36041422,12.44,17.36,M2
C03870,36067521,20.25,24.01,M3s
C03871,36018037,5.49,23.04,M3s
C03872,36081099,24.45,12.66,M3e
C03873,36019872,5.79,25.83,M2
C03874,36082513,24.81,9.86,M1
C03875,36040854,12.30,18.33,M2
C03876,36000667,0.00,12.97,M3h
C03877,36051656,15.40,18.21,M2
C03878,36047341,14.39,14.88,M2
C03879,36085479,25.74,25.92,M1
C03880,36043889,12.95,17.66,M3e
C03881,36080728,24.20,9.17,M3s
C03882,36081095,24.37,19.67,M1
C03883,36010498,3.21,8.04,M2
C03884,36037121,11.32,24.94,M1
C03885,36084401,25.22,21.02,M3s
C03886,36071906,21.35,5.48,M1
C03887,36031829,9.54,23.52,M3s
C03888,36066986,20.01,8.88,M2
C03889,36070135,21.02,18.85,M1
C03890,36035140,10.57,19.66,M3e
C03891,36037736,11.37,23.14,M1
C03892,36093532,28.08,9.36,M2
C03893,36074957,22.40,7.57,M2
C03894,36009145,2.88,14.38,M2
C03895,36086412,25.87,12.40,M2
C03896,36072900,21.61,26.45,M1
C03897,36047565,14.17,16.98,M1
C03898,36074702,22.24,10.27,M1
C03899,36082334,24.88,11.40,M1
C03900,36028026,8.68,11.11,M2
C03901,36074385,22.44,26.62,M2
C03902,36070358,21.14,22.59,M3s
C03903,36084287,25.26,10.32,M2
C03904,36094542,28.35,13.30,M1
C03905,36069495,20.79,20.24,M3d
C03906,36069743,20.81,4.75,M2
C03907,36019459,5.88,12.65,M3s
C03908,36072056,21.84,8.60,M1
C03909,36075267,22.65,10.09,M2
C03910,36094322,28.42,17.03,M1
C03911,36090292,27.13,13.92,M1
C03912,36047607,14.15,16.14,M1
C03913,36040098,12.22,13.11,M2
C03914,36056163,16.81,16.69,M2
C03915,36094471,28.36,21.64,M2
C03916,36086508,25.91,14.02,M3d
C03917,36006972,1.85,13.52,M1
C03918,36081170,24.45,17.89,M3d
C03919,36091689,27.51,12.06,M2
C03920,36038517,11.67,22.19,M3e
C03921,36073591,21.97,8.68,M3d
C03922,36044340,13.40,13.45,M3e
C03923,36075696,22.67,26.13,M1
C03924,36020958,6.28,25.58,M3s
C03925,36090838,27.26,12.88,M3s
C03926,36074149,22.26,22.99,M3h
C03927,36028181,8.63,22.69,M1
C03928,36085154,25.70,19.70,M3e
C03929,36073822,22.11,25.55,M2
C03930,36083537,24.96,13.63,M1
C03931,36038474,11.58,19.45,M3e
C03932,36085846,25.74,14.35,M1
C03933,36075229,22.74,23.74,M2
C03934,36076647,22.97,22.09,M3s
C03935,36084404,25.30,11.33,M1
C03936,36010121,3.20,15.73,M1
C03937,36045316,13.79,22.55,M3s
C03938,36073420,22.17,23.61,M1
C03939,36030243,9.20,23.71,M1
C03940,36009430,2.82,11.44,M3s
C03941,36003727,1.01,13.42,M1
C03942,36084234,25.45,14.26,M3d
C03943,36088588,26.42,7.49,M3h
C03944,36002378,0.66,10.34,M3d
C03945,36064078,19.33,21.82,M1
C03946,36014168,4.47,11.03,M2
C03947,36027657,8.26,18.17,M3d
C03948,36035587,10.62,28.33,M3s
C03949,36035567,10.51,13.94,M2
C03950,36075992,22.59,7.50,M2
C03951,36082185,24.64,13.35,M3s
C03952,36048277,14.63,17.11,M3s
C03953,36036299,10.97,16.88,M1
C03954,36087868,26.39,9.06,M1
C03955,36090727,27.01,11.18,M3h
C03956,36043307,13.03,14.73,M2
C03957,36066610,19.98,23.87,M3d
C03958,36048873,14.64,17.47,M2
C03959,36042861,12.75,18.37,M3e
C03960,36072251,21.71,8.91,M1
C03961,36062839,18.79,29.50,M2
C03962,36079287,23.84,21.74,M3s
C03963,36061746,18.48,22.34,M2
C03964,36070966,21.10,22.13,M3s
C03965,36011269,3.38,11.61,M2
C03966,36088636,26.52,24.82,M2
C03967,36033877,9.95,11.35,M2
C03968,36019933,5.92,13.74,M2
C03969,36073568,22.06,22.53,M3h
C03970,36027461,8.40,8.52,M3d
C03971,36096583,28.85,10.30,M2
C03972,36034218,10.23,18.89,M2
C03973,36069593,20.78,8.78,M1
C03974,36094524,28.32,6.04,M2
C03975,36089014,26.74,12.71,M3e
C03976,36036971,10.90,20.25,M2
C03977,36073291,22.03,25.89,M2
C03978,36078707,23.53,23.58,M2
C03979,36095713,28.61,20.86,M2
C03980,36010420,3.11,10.69,M3s
C03981,36041433,12.45,13.63,M3d
C03982,36084570,25.32,23.66,M2
C03983,36033936,9.96,25.14,M3s
C03984,36039142,11.98,16.14,M1
C03985,36054029,16.48,18.71,M3h
C03986,36008306,2.50,10.27,M3e
C03987,36052029,15.76,17.69,M1
C03988,36090415,27.24,10.16,M3s
C03989,36094484,28.50,11.89,M2
C03990,36055312,16.57,26.93,M2
C03991,36082688,24.63,19.86,M2
C03992,36075586,22.67,9.52,M2
C03993,36014785,4.38,10.64,M3s
C03994,36085867,25.53,9.81,M1
C03995,36057506,17.15,10.23,M2
C03996,36062974,18.62,25.44,M2
C03997,36069410,20.93,6.43,M1
C03998,36030240,9.24,26.15,M1
C03999,36079890,23.94,19.93,M2
C04000,36086378,26.05,15.24,M3s
C04001,36088962,26.41,12.27,M3e
C04002,36036212,10.97,16.39,M3e
C04003,36047442,14.31,14.76,M2
C04004,36044568,13.31,14.20,M2
C04005,36043547,13.19,19.67,M1
C04006,36073326,22.13,6.39,M1
C04007,36045682,13.59,16.18,M2
C04008,36059833,17.94,13.99,M3e
C04009,36082888,24.68,9.96,M2
C04010,36039980,11.86,23.07,M2
C04011,36071692,21.52,26.95,M1
C04012,36023134,7.11,22.57,M2
C04013,36058683,17.58,22.84,M2
C04014,36042294,12.64,21.24,M3s
C04015,36069852,21.00,25.56,M3e
C04016,36029067,8.90,20.76,M2
C04017,36062771,18.88,22.91,M2
C04018,36064627,19.49,25.45,M2
C04019,36029622,8.96,18.02,M3e
C04020,36046084,13.87,17.08,M3h
C04021,36013182,4.02,10.71,M2
C04022,36044515,13.30,19.86,M2
C04023,36039076,11.71,18.01,M1
C04024,36049645,14.91,21.35,M2
C04025,36038960,11.67,26.96,M2
C04026,36052997,15.80,15.73,M1
C04027,36059940,17.79,26.52,M1
C04028,36096649,28.93,14.69,M3s
C04029,36060225,18.17,25.14,M2
C04030,36080979,24.03,19.54,M2
C04031,36011791,3.46,11.55,M3s
C04032,36084046,25.41,23.21,M3d
C04033,36084391,25.27,16.25,M1
C04034,36071307,21.30,6.38,M3s
C04035,36076642,22.89,25.55,M1
C04036,36052892,15.79,13.58,M3h
C04037,36046151,13.92,19.30,M3s
C04038,36004410,1.23,11.20,M1
C04039,36046925,14.10,12.39,M2
C04040,36070263,21.23,24.12,M1
C04041,36073398,22.19,7.94,M1
C04042,36066108,19.87,4.01,M3e
C04043,36006066,2.01,12.35,M2
C04044,36077677,23.35,5.17,M2
C04045,36084269,25.33,16.15,M2
C04046,36084108,25.44,11.82,M3s
C04047,36045308,13.67,18.89,M3s
C04048,36054009,16.39,16.09,M3e
C04049,36050342,15.12,25.55,M2
C04050,36064558,19.48,24.32,M2
C04051,36018072,5.41,22.05,M2
C04052,36067452,20.28,22.21,M2
C04053,36042840,12.77,18.44,M1
C04054,36041137,12.51,27.03,M2
C04055,36024617,7.24,22.79,M2
C04056,36025561,7.69,21.50,M1
C04057,36020618,6.17,9.27,M3s
C04058,36020926,6.09,26.05,M3s
C04059,36092123,27.64,12.09,M3s
C04060,36045683,13.65,13.89,M1
C04061,36093128,28.02,10.54,M2
C04062,36030531,9.24,25.20,M3s
C04063,36033003,10.12,22.05,M1
C04064,36085124,25.78,21.22,M2
C04065,36033724,9.91,24.34,M1
C04066,36044076,13.20,14.80,M3s
C04067,36032130,9.71,22.48,M2
C04068,36040518,12.10,12.51,M3s
C04069,36086910,25.87,25.66,M2
C04070,36033583,10.17,16.47,M2
C04071,36081908,24.58,24.72,M3s
C04072,36068690,20.43,25.82,M3e
C04073,36040579,12.18,14.63,M2
C04074,36049232,14.79,29.31,M2
C04075,36066986,20.00,2.86,M3h
C04076,36072035,21.60,7.46,M1
C04077,36014108,4.43,13.05,M3e
C04078,36036848,10.90,15.35,M1
C04079,36080983,24.02,4.28,M2
C04080,36020560,6.18,23.89,M2
C04081,36072550,21.76,5.76,M3s
C04082,36048473,14.49,16.56,M2
C04083,36074587,22.40,23.34,M3h
C04084,36014769,4.48,14.26,M2
C04085,36033801,10.09,15.47,M3h
C04086,36026180,7.96,25.97,M2
C04087,36072247,21.63,22.42,M1
C04088,36034619,10.34,21.36,M3s
C04089,36013159,4.06,11.86,M2
C04090,36082874,24.63,23.35,M3s
C04091,36052177,15.70,13.66,M2
C04092,36084885,25.36,12.06,M2
C04093,36046885,13.99,20.02,M1
C04094,36087369,26.19,11.36,M2
C04095,36071468,21.60,5.91,M3s
C04096,36045902,13.52,16.77,M3s
C04097,36021351,6.33,14.08,M2
C04098,36014996,4.42,12.25,M3e
C04099,36077408,23.28,22.43,M2
C04100,36080883,24.28,24.12,M1
C04101,36080060,24.24,12.19,M1
C04102,36014898,4.22,15.85,M2
C04103,36080413,24.28,18.94,M1
C04104,36083913,24.97,14.83,M2
C04105,36070801,21.20,23.69,M2
C04106,36051173,15.31,15.52,M1
C04107,36020050,6.13,26.59,M3e
C04108,36081459,24.60,21.60,M2
C04109,36099973,30.00,9.10,M3h
C04110,36069764,20.77,26.37,M1
C04111,36074856,22.21,22.10,M3e
C04112,36039515,11.87,17.93,M2
C04113,36052204,15.69,14.31,M3d
C04114,36050778,15.30,11.85,M2
C04115,36018048,5.50,11.29,M2
C04116,36047186,14.13,17.95,M2
C04117,36071140,21.57,30.00,M2
C04118,36024951,7.45,14.74,M2
C04119,36035686,10.72,27.61,M2
C04120,36046275,13.93,19.97,M1
C04121,36078074,23.56,21.20,M2
C04122,36066815,20.03,23.07,M3s
C04123,36082015,24.85,7.42,M1
C04124,36078352,23.65,12.95,M3e
C04125,36049761,14.96,15.24,M3s
C04126,36070796,21.00,6.49,M2
C04127,36050565,15.01,19.35,M2
C04128,36013287,4.06,12.88,M1
C04129,36083877,25.05,6.39,M2
C04130,36054695,16.40,14.42,M1
C04131,36082461,24.69,20.57,M2
C04132,36041624,12.46,21.29,M1
C04133,36031240,9.49,19.89,M3e
C04134,36073663,21.94,20.83,M1
C04135,36070590,21.01,22.30,M3s
C04136,36000992,0.13,10.72,M2
C04137,36052758,15.63,7.31,M2
C04138,36078432,23.49,26.44,M2
C04139,36026899,7.81,24.22,M2
C04140,36027047,8.17,21.24,M2
C04141,36010757,3.24,11.74,M1
C04142,36066075,19.87,28.22,M1
C04143,36038932,11.59,16.67,M2
C04144,36085954,25.55,13.53,M2
C04145,36043597,13.16,11.63,M2
C04146,36048704,14.57,21.31,M3s
C04147,36041121,12.38,22.74,M3e
C04148,36024718,7.27,25.65,M3h
C04149,36023756,6.92,25.94,M3h
C04150,36054469,16.28,13.37,M3e
C04151,36097499,29.19,12.58,M2
C04152,36022737,6.89,25.39,M3s
C04153,36074299,22.40,25.63,M3h
C04154,36042374,12.86,14.33,M3s
C04155,36048094,14.41,19.00,M3e
C04156,36046715,13.86,16.93,M3s
C04157,36082034,24.71,16.61,M2
C04158,36037467,11.39,19.64,M2
C04159,36031125,9.54,24.78,M2
C04160,36078640,23.58,11.11,M2
C04161,36087203,26.32,5.14,M2
C04162,36034649,10.22,21.80,M1
C04163,36018663,5.52,11.48,M1
C04164,36083897,25.16,20.44,M3e
C04165,36050061,15.10,18.19,M1
C04166,36045028,13.69,12.03,M2
C04167,36005503,1.75,10.49,M2
C04168,36023183,7.02,14.25,M1
C04169,36079359,23.79,19.05,M3e
C04170,36039348,11.89,14.93,M2
C04171,36015704,4.65,13.69,M1
C04172,36034055,10.28,26.65,M3s
C04173,36037960,11.14,20.41,M2
C04174,36077901,23.17,5.93,M3s
C04175,36011895,3.38,12.19,M3s
C04176,36086258,25.83,8.98,M2
C04177,36080296,24.15,11.10,M3s
C04178,36066618,19.87,23.14,M3s
C04179,36091797,27.57,11.05,M3d
C04180,36008437,2.66,11.85,M2
C04181,36041302,12.35,14.41,M2
C04182,36037753,11.34,20.86,M2
C04183,36085444,25.62,11.58,M2
C04184,36085755,25.71,21.51,M3s
C04185,36091580,27.44,13.64,M3h
C04186,36088456,26.66,5.26,M2
C04187,36074166,22.36,26.23,M2
C04188,36069903,20.93,24.08,M2
C04189,36078021,23.55,5.38,M1
C04190,36021370,6.32,23.47,M2
C04191,36051341,15.37,16.04,M2
C04192,36038087,11.64,14.81,M1
C04193,36076685,23.05,9.92,M2
C04194,36076009,23.06,8.36,M2
C04195,36080942,24.06,13.31,M1
C04196,36068367,20.47,9.09,M3d
C04197,36055670,16.69,5.55,M1
C04198,36079005,23.99,24.03,M3s
C04199,36045849,13.58,13.00,M3s
C04200,36087707,26.37,20.71,M1
C04201,36081944,24.42,16.60,M1
C04202,36020098,6.18,10.25,M3s
C04203,36025946,7.78,13.17,M2
C04204,36076466,22.92,6.32,M1
C04205,36029814,8.97,22.43,M1
C04206,36070360,21.25,24.23,M3s
C04207,36021042,6.59,12.07,M3e
C04208,36032187,9.90,27.19,M1
C04209,36036821,10.85,18.15,M3s
C04210,36072000,21.85,10.01,M2
C04211,36044656,13.41,18.28,M2
C04212,36052669,15.61,11.94,M3s
C04213,36071917,21.35,28.45,M3d
C04214,36045836,13.63,18.76,M1
C04215,36034552,10.22,16.79,M1
C04216,36060978,18.20,24.47,M1
C04217,36076273,22.86,26.00,M1
C04218,36034332,10.39,17.45,M2
C04219,36047864,14.38,16.33,M1
C04220,36068038,20.43,21.26,M3d
C04221,36092379,27.75,10.94,M3h
C04222,36074998,22.32,24.57,M2
C04223,36045285,13.67,16.87,M2
C04224,36069297,20.88,16.90,M3s
C04225,36086857,25.90,9.82,M2
C04226,36029060,8.97,24.67,M2
C04227,36066880,20.01,23.55,M2
C04228,36078432,23.49,7.18,M3s
C04229,36031652,9.51,25.73,M1
C04230,36025267,7.78,24.92,M1
C04231,36047683,14.17,19.84,M2
C04232,36030192,9.17,23.90,M3s
C04233,36080263,24.18,21.93,M1
C04234,36054233,16.46,24.80,M2
C04235,36086881,25.92,6.79,M2
C04236,36047129,14.13,21.50,M1
C04237,36070407,21.24,24.22,M3h
C04238,36087067,26.15,5.52,M2
C04239,36024108,7.20,24.53,M3s
C04240,36067828,20.16,6.83,M1
C04241,36027546,8.22,23.32,M2
C04242,36035933,10.73,14.99,M2
C04243,36046841,13.85,12.67,M1
C04244,36084792,25.31,10.53,M3e
C04245,36067083,20.11,28.26,M2
C04246,36072291,21.77,28.74,M2
C04247,36066301,19.94,22.74,M2
C04248,36071710,21.59,27.13,M2
C04249,36070698,21.24,21.42,M3e
C04250,36033747,10.09,23.36,M3s
C04251,36063420,19.12,28.22,M2
C04252,36068609,20.48,6.01,M2
C04253,36033261,9.94,26.78,M2
C04254,36020265,6.23,12.44,M1
C04255,36069353,20.76,26.11,M1
C04256,36003236,1.16,13.98,M3s
C04257,36066323,19.93,29.22,M3e
C04258,36071151,21.60,27.43,M3s
C04259,36063350,18.99,22.99,M3e
C04260,36024843,7.39,15.03,M3h
C04261,36039824,11.77,18.71,M3h
C04262,36042153,12.79,17.46,M2
C04263,36048442,14.47,16.44,M3s
C04264,36023307,7.16,26.81,M2
C04265,36064041,19.35,27.77,M1
C04266,36075055,22.78,22.26,M2
C04267,36077923,23.18,11.84,M3s
C04268,36034680,10.35,19.71,M1
C04269,36031631,9.38,25.50,M3e
C04270,36038589,11.56,16.45,M1
C04271,36039655,11.81,17.36,M3h
C04272,36093305,28.16,5.19,M2
C04273,36034487,10.22,16.27,M1
C04274,36032559,9.74,14.81,M3s
C04275,36068715,20.46,22.85,M2
C04276,36085712,25.50,18.85,M1
C04277,36040791,12.30,16.75,M3s
C04278,36047587,14.32,19.09,M3e
C04279,36041604,12.44,16.57,M1
C04280,36044602,13.25,20.22,M1
C04281,36067921,20.21,23.16,M3s
C04282,36077593,23.20,7.75,M3s
C04283,36095004,28.54,13.96,M3d
C04284,36028544,8.53,25.78,M3s
C04285,36046547,13.88,17.46,M3e
C04286,36087638,26.14,13.50,M3d
C04287,36025936,7.54,22.85,M3h
C04288,36021143,6.35,10.80,M3d
C04289,36036174,10.92,26.57,M3s
C04290,36076795,22.89,8.03,M2
C04291,36078470,23.59,10.20,M3s
C04292,36038517,11.64,20.86,M1
C04293,36074893,22.47,11.19,M1
C04294,36082894,24.75,20.71,M2
C04295,36040953,12.05,20.51,M3e
C04296,36025713,7.72,24.43,M2
C04297,36069931,20.72,27.71,M3e
C04298,36081382,24.51,13.76,M2
C04299,36049595,14.74,15.79,M2
C04300,36080440,24.04,7.53,M2
C04301,36022832,6.78,22.34,M1
C04302,36095990,28.65,16.08,M2
C04303,36048871,14.42,15.44,M3s
C04304,36046800,14.02,14.37,M2
C04305,36047536,14.39,16.19,M3e
C04306,36083968,24.97,17.74,M3s
C04307,36047901,14.37,14.93,M3e
C04308,36053392,16.08,17.04,M1
C04309,36025284,7.68,25.94,M2
C04310,36065052,19.69,22.37,M2
C04311,36027885,8.32,24.51,M2
C04312,36007454,2.31,10.53,M1
C04313,36026883,7.87,28.43,M2
C04314,36061822,18.50,25.47,M2
C04315,36068911,20.67,27.90,M3s
C04316,36052793,15.66,15.38,M2
C04317,36031503,9.34,21.64,M1
C04318,36092394,27.63,21.15,M3s
C04319,36034110,10.45,19.09,M2
C04320,36017768,5.26,12.69,M3d
C04321,36046937,14.00,17.59,M3d
C04322,36039387,11.83,21.84,M1
C04323,36078559,23.46,9.20,M2
C04324,36025161,7.79,23.29,M3s
C04325,36081118,24.31,13.80,M1
C04326,36024900,7.21,10.50,M2
C04327,36069116,20.93,12.58,M2
C04328,36021680,6.40,23.84,M1
C04329,36005440,1.58,10.21,M2
C04330,36073968,22.13,23.58,M2
C04331,36050458,15.10,17.15,M1
C04332,36067395,20.22,25.06,M3s
C04333,36022022,6.62,14.17,M2
C04334,36035767,10.61,25.70,M2
C04335,36081195,24.43,18.97,M2
C04336,36016006,5.00,7.96,M3d
C04337,36026745,7.88,13.04,M1
C04338,36088340,26.42,19.30,M3s
C04339,36066109,19.90,27.22,M3s
C04340,36031047,9.55,17.89,M2
C04341,36076022,22.94,27.99,M3d
C04342,36078136,23.65,24.40,M2
C04343,36016354,4.82,12.30,M3e
C04344,36023682,6.98,24.54,M2
C04345,36071587,21.32,7.07,M1
C04346,36082935,24.88,8.38,M1
C04347,36065094,19.51,25.06,M2
C04348,36060906,18.13,24.15,M2
C04349,36055182,16.69,25.21,M2
C04350,36030959,9.18,25.95,M3s
C04351,36065089,19.72,25.53,M2
C04352,36035084,10.78,14.75,M2
C04353,36018424,5.62,14.24,M1
C04354,36046459,13.97,19.92,M2
C04355,36038249,11.56,18.94,M1
C04356,36037222,11.18,17.35,M3e
C04357,36039180,11.71,19.52,M3s
C04358,36054849,16.36,15.32,M1
C04359,36085017,25.56,9.34,M3e
C04360,36036823,11.01,23.54,M1
C04361,36029675,8.74,24.65,M3s
C04362,36084873,25.24,20.61,M3e
C04363,36092963,27.69,13.67,M3h
C04364,36023562,7.15,21.67,M2
C04365,36007767,2.35,15.72,M1
C04366,36016867,4.95,14.11,M3e
C04367,36072471,21.74,25.12,M1
C04368,36033902,10.15,25.74,M2
C04369,36031022,9.31,17.89,M2
C04370,36072342,21.88,20.60,M1
C04371,36045617,13.75,14.81,M2
C04372,36045128,13.67,12.95,M3d
C04373,36008071,2.53,16.22,M3h
C04374,36073693,22.14,8.08,M2
C04375,36069136,20.84,20.12,M3e
C04376,36063300,19.03,7.86,M1
C04377,36052821,15.85,15.47,M3d
C04378,36029146,8.71,27.62,M2
C04379,36071451,21.33,23.23,M1
C04380,36041101,12.52,17.98,M3e
C04381,36077179,23.34,21.21,M2
C04382,36086553,26.04,13.11,M3s
C04383,36066687,19.84,24.20,M2
C04384,36042580,12.68,18.34,M2
C04385,36083673,25.19,13.04,M2
C04386,36073980,22.10,6.77,M2
C04387,36080837,24.06,24.02,M3s
C04388,36071954,21.52,6.83,M2
C04389,36078593,23.40,8.69,M3e
C04390,36044134,13.35,23.28,M3d
C04391,36025935,7.61,23.71,M1
C04392,36065883,19.78,25.08,M1
C04393,36008793,2.59,11.75,M1
C04394,36032712,9.76,13.89,M3h
C04395,36011578,3.51,15.12,M3e
C04396,36038483,11.47,21.46,M3e
C04397,36075825,22.52,21.57,M3s
C04398,36072656,21.67,9.43,M2
C04399,36065356,19.77,25.49,M2
C04400,36043840,13.12,16.31,M2
C04401,36079456,23.72,24.66,M3h
C04402,36082178,24.88,9.61,M1
C04403,36073224,21.98,12.14,M2
C04404,36038780,11.47,18.35,M3s
C04405,36080317,24.19,25.79,M2
C04406,36039032,11.81,21.38,M1
C04407,36090603,27.03,18.31,M1
C04408,36081196,24.47,7.86,M2
C04409,36066029,20.00,24.82,M1
C04410,36042093,12.75,10.10,M3s
C04411,36019706,5.91,12.94,M2
C04412,36042724,12.89,18.64,M2
C04413,36044138,13.48,21.59,M1
C04414,36042589,12.81,14.14,M2
C04415,36069255,20.71,11.13,M3h
C04416,36029503,8.80,23.48,M3s
C04417,36047721,14.40,10.98,M3e
C04418,36074108,22.28,20.57,M1
C04419,36084763,25.22,21.81,M1
C04420,36039990,11.84,25.50,M3d
C04421,36007345,2.22,12.12,M1
C04422,36070438,21.14,7.42,M3h
C04423,36069243,20.80,8.59,M3s
C04424,36077004,23.19,19.21,M1
C04425,36035278,10.73,17.82,M3s
C04426,36070317,21.02,21.01,M3e
C04427,36022118,6.70,15.16,M3d
C04428,36077752,23.24,13.28,M3s
C04429,36046822,13.96,19.32,M2
C04430,36075661,22.75,20.92,M1
C04431,36013845,4.06,12.95,M3d
C04432,36078551,23.47,8.70,M2
C04433,36074567,22.34,5.19,M2
C04434,36078327,23.60,19.65,M3d
C04435,36049671,14.95,20.63,M2
C04436,36068668,20.43,6.21,M3s
C04437,36077412,23.20,13.27,M1
C04438,36076846,23.03,19.24,M2
C04439,36017288,5.15,12.07,M3s
C04440,36034833,10.35,25.62,M2
C04441,36041141,12.45,11.83,M2
C04442,36069358,20.91,6.43,M1
C04443,36049135,14.92,22.08,M3s
C04444,36062981,18.74,18.40,M2
C04445,36090766,27.18,14.14,M2
C04446,36072280,21.88,25.10,M3s
C04447,36067679,20.11,25.42,M3s
C04448,36058363,17.59,6.92,M2
C04449,36017286,5.20,16.06,M1
C04450,36014733,4.23,12.82,M2
C04451,36019900,5.83,13.42,M3h
C04452,36020949,6.22,14.32,M2
C04453,36041815,12.45,12.01,M3e
C04454,36020106,6.02,14.16,M2
C04455,36068632,20.48,25.87,M3s
C04456,36021156,6.50,25.73,M3s
C04457,36084239,25.43,21.46,M1
C04458,36042245,12.83,14.82,M3e
C04459,36041342,12.37,14.18,M3s
C04460,36044368,13.44,13.06,M2
C04461,36078485,23.50,7.49,M1
C04462,36086235,26.00,20.59,M3s
C04463,36090564,27.21,11.69,M3e
C04464,36086099,25.87,21.45,M1
C04465,36069146,20.81,7.79,M1
C04466,36063713,19.09,18.39,M2
C04467,36090244,27.14,21.85,M1
C04468,36017725,5.34,15.13,M3e
C04469,36032661,9.76,16.32,M2
C04470,36044461,13.45,17.11,M3e
C04471,36019646,5.76,17.69,M1
C04472,36083783,25.15,23.44,M3s
C04473,36081885,24.53,9.70,M1
C04474,36072898,21.66,23.18,M1
C04475,36047247,14.26,14.92,M2
C04476,36039327,11.85,18.28,M2
C04477,36089795,26.80,12.65,M3s
C04478,36055195,16.61,15.42,M3d
C04479,36092619,27.73,13.55,M2
C04480,36041915,12.49,12.82,M3s
C04481,36048782,14.48,16.06,M1
C04482,36026899,7.85,18.37,M1
C04483,36082320,24.62,12.91,M3s
C04484,36029986,8.91,19.07,M3e
C04485,36047482,14.33,13.99,M1
C04486,36024598,7.48,14.22,M2
C04487,36030798,9.18,20.33,M3h
C04488,36079531,23.88,8.47,M2
C04489,36044554,13.41,15.35,M2
C04490,36039415,11.87,18.32,M3s
C04491,36034055,10.38,25.73,M2
C04492,36072584,21.61,6.71,M3s
C04493,36047977,14.36,19.44,M3h
C04494,36045877,13.76,20.85,M2
C04495,36085026,25.56,19.16,M2
C04496,36018156,5.53,12.26,M2
C04497,36080618,24.24,19.90,M2
C04498,36045677,13.62,15.08,M2
C04499,36028344,8.64,23.53,M3d
C04500,36036543,10.98,26.03,M2
C04501,36072237,21.79,8.35,M3d
C04502,36044023,13.32,19.91,M3s
C04503,36080419,24.30,7.58,M3s
C04504,36036269,10.95,18.22,M3s
C04505,36078411,23.62,10.85,M2
C04506,36015649,4.64,8.96,M2
C04507,36039693,11.78,28.07,M1
C04508,36044404,13.22,18.92,M2
C04509,36068913,20.52,24.14,M2
C04510,36088383,26.58,23.58,M3s
C04511,36037839,11.22,14.89,M3s
C04512,36016834,5.06,12.79,M2
C04513,36029832,8.98,15.37,M2
C04514,36065323,19.66,23.50,M1
C04515,36079166,24.00,8.96,M2
C04516,36021482,6.38,24.86,M1
C04517,36029210,8.87,25.57,M3e
C04518,36029351,8.78,22.48,M2
C04519,36034649,10.31,18.26,M1
C04520,36017061,5.36,13.94,M2
C04521,36039584,11.96,17.78,M1
C04522,36084836,25.48,11.62,M1
C04523,36069529,20.89,23.85,M1
C04524,36036608,10.93,24.21,M2
C04525,36083522,24.93,16.10,M1
C04526,36067080,20.15,24.53,M3e
C04527,36081697,24.32,20.06,M3s
C04528,36043114,12.91,16.85,M1
C04529,36016621,4.91,8.52,M2
C04530,36051910,15.51,13.75,M3s
C04531,36075318,22.57,15.28,M2
C04532,36070000,21.09,20.17,M3d
C04533,36085809,25.57,19.27,M3d
C04534,36076860,23.06,9.80,M3d
C04535,36015692,4.74,14.17,M2
C04536,36071998,21.55,24.78,M1
C04537,36091418,27.45,21.75,M3s
C04538,36062912,18.76,23.99,M2
C04539,36036600,10.98,14.59,M3s
C04540,36051699,15.31,20.99,M1
C04541,36067309,20.32,26.41,M2
C04542,36072640,21.71,21.33,M3d
C04543,36066620,19.91,20.66,M3e
C04544,36045148,13.80,21.34,M2
C04545,36042006,12.80,17.13,M1
C04546,36046222,13.82,11.26,M2
C04547,36089891,26.82,13.59,M3e
C04548,36082239,24.79,11.27,M1
C04549,36076727,22.87,8.49,M1
C04550,36032153,9.83,26.54,M3e
C04551,36078206,23.45,21.75,M3s
C04552,36061200,18.36,6.72,M3h
C04553,36045439,13.80,12.78,M3h
C04554,36056901,16.83,26.58,M3s
C04555,36084909,25.46,10.29,M2
C04556,36080335,24.27,24.28,M3s
C04557,36028630,8.50,11.75,M2
C04558,36006775,2.04,10.40,M3s
C04559,36081145,24.58,8.10,M3s
C04560,36070096,21.22,8.27,M1
C04561,36079934,23.96,20.83,M3e
C04562,36084064,25.44,22.73,M2
C04563,36072223,21.64,25.64,M3s
C04564,36016855,5.02,9.85,M2
C04565,36035393,10.70,24.86,M3h
C04566,36005363,1.77,10.85,M3e
C04567,36076456,22.99,8.89,M2
C04568,36052160,15.81,15.84,M3s
C04569,36072493,21.79,21.29,M1
C04570,36021898,6.44,23.73,M2
C04571,36083024,24.92,21.00,M1
C04572,36092463,27.67,8.45,M2
C04573,36038046,11.47,15.81,M1
C04574,36048517,14.49,13.37,M2
C04575,36012197,3.88,15.35,M1
C04576,36082469,24.69,17.38,M3e
C04577,36035369,10.56,18.12,M3s
C04578,36014362,4.23,8.93,M2
C04579,36030946,9.10,26.36,M3e
C04580,36038975,11.63,22.88,M1
C04581,36048585,14.68,20.27,M2
C04582,36079907,23.81,6.16,M3s
C04583,36081885,24.40,23.24,M3s
C04584,36087024,26.12,16.94,M2
C04585,36074561,22.25,20.21,M2
C04586,36023337,6.98,17.60,M2
C04587,36029732,8.96,24.84,M2
C04588,36056442,16.86,15.64,M3s
C04589,36083193,24.94,23.62,M3s
C04590,36060932,18.18,26.04,M1
C04591,36040136,12.29,17.39,M1
C04592,36040401,12.26,13.70,M1
C04593,36083118,24.94,2.59,M3d
C04594,36066151,20.10,7.09,M1
C04595,36049277,14.93,14.18,M1
C04596,36084420,25.26,5.50,M2
C04597,36064899,19.42,14.15,M1
C04598,36015638,4.57,10.73,M3e
C04599,36012409,3.62,10.26,M3e
C04600,36062975,18.69,7.21,M2
C04601,36041533,12.46,20.54,M1
C04602,36060346,18.05,25.26,M2
C04603,36093165,27.98,15.88,M3e
C04604,36085637,25.67,8.54,M3s
C04605,36029750,8.96,14.58,M1
C04606,36036823,10.93,20.13,M1
C04607,36076673,22.95,10.01,M1
C04608,36024302,7.44,24.54,M1
C04609,36076399,23.09,6.94,M2
C04610,36077200,23.22,8.04,M3s
C04611,36076772,22.87,4.59,M3s
C04612,36079728,23.92,13.44,M3s
C04613,36080756,24.12,23.13,M2
C04614,36034479,10.47,17.21,M1
C04615,36047139,14.16,19.25,M2
C04616,36029217,8.79,23.06,M3s
C04617,36074719,22.33,17.83,M3s
C04618,36068801,20.68,25.04,M3s
C04619,36019097,5.84,16.27,M2
C04620,36086881,26.01,14.35,M3s
C04621,36039282,11.85,18.18,M3d
C04622,36052335,15.78,15.96,M3s
C04623,36071534,21.42,6.46,M1
C04624,36076562,22.82,26.03,M2
C04625,36047282,14.31,15.92,M2
C04626,36035235,10.76,11.84,M1
C04627,36078262,23.68,12.12,M3s
C04628,36056424,16.91,13.82,M3s
C04629,36099128,29.89,20.09,M3h
C04630,36085987,25.70,7.11,M2
C04631,36081794,24.34,12.86,M3s
C04632,36045463,13.54,24.46,M2
C04633,36083891,25.07,22.15,M2
C04634,36042130,12.72,17.54,M1
C04635,36074272,22.46,26.73,M1
C04636,36041472,12.47,24.43,M2
C04637,36030451,9.07,30.00,M3e
C04638,36066112,19.93,22.79,M1
C04639,36054614,16.26,12.87,M3s
C04640,36074130,22.27,23.55,M2
C04641,36038806,11.46,13.02,M3s
C04642,36031168,9.48,19.00,M2
C04643,36068484,20.59,25.32,M1
C04644,36051023,15.58,17.21,M3h
C04645,36084988,25.23,15.06,M2
C04646,36079167,23.90,9.75,M2
C04647,36034483,10.30,24.91,M2
C04648,36069972,20.83,21.83,M1
C04649,36074241,22.35,19.10,M3s
C04650,36070402,21.05,8.85,M1
C04651,36082787,24.90,12.71,M1
C04652,36012414,3.72,14.95,M1
C04653,36075649,22.64,19.55,M3e
C04654,36080699,24.05,7.15,M2
C04655,36075581,22.61,20.13,M3s
C04656,36065867,19.77,10.02,M1
C04657,36042965,12.86,16.74,M1
C04658,36079667,23.87,19.05,M1
C04659,36072274,21.89,7.97,M3h
C04660,36071166,21.56,23.91,M1
C04661,36079517,23.70,23.21,M1
C04662,36027031,8.22,22.34,M2
C04663,36000907,0.02,17.00,M1
C04664,36088721,26.52,18.88,M3e
C04665,36042551,12.63,16.76,M2
C04666,36070644,21.24,23.63,M3s
C04667,36085895,25.53,20.77,M1
C04668,36034611,10.48,18.55,M1
C04669,36013441,4.04,10.53,M2
C04670,36064441,19.40,24.63,M2
C04671,36031312,9.59,23.09,M2
C04672,36065602,19.61,23.55,M3s
C04673,36082727,24.77,26.88,M2
C04674,36070319,21.02,23.68,M1
C04675,36093659,28.03,18.49,M3s
C04676,36029495,8.88,25.56,M1
C04677,36045954,13.62,14.07,M2
C04678,36034571,10.48,25.05,M3s
C04679,36023605,7.08,24.57,M2
C04680,36072940,21.64,27.57,M3d
C04681,36022579,6.65,24.36,M2
C04682,36045891,13.59,23.03,M3d
C04683,36049657,14.91,17.54,M1
C04684,36093169,28.07,13.15,M2
C04685,36039231,11.76,17.45,M2
C04686,36014992,4.25,26.37,M1
C04687,36060719,18.21,9.65,M1
C04688,36050677,15.02,17.08,M3s
C04689,36080359,24.28,6.46,M1
C04690,36028694,8.43,24.74,M2
C04691,36076201,22.95,18.77,M3e
C04692,36078826,23.44,18.99,M1
C04693,36029159,8.90,27.10,M2
C04694,36066443,19.97,6.86,M2
C04695,36053577,16.19,14.77,M1
C04696,36069376,20.95,10.98,M2
C04697,36019731,5.87,12.19,M2
C04698,36039966,11.99,14.83,M3s
C04699,36007158,2.26,12.80,M1
C04700,36094086,28.26,10.99,M2
C04701,36033535,10.18,15.73,M2
C04702,36044140,13.21,17.45,M1
C04703,36041755,12.43,12.04,M3e
C04704,36091675,27.60,17.98,M2
C04705,36079744,23.88,15.79,M2
C04706,36086581,25.85,13.02,M2
C04707,36081546,24.59,21.96,M1
C04708,36019828,5.85,22.85,M3d
C04709,36008703,2.67,10.54,M1
C04710,36071816,21.37,7.65,M2
C04711,36031673,9.60,21.12,M3s
C04712,36074086,22.34,24.85,M2
C04713,36064912,19.36,22.37,M2
C04714,36045447,13.76,16.64,M3h
C04715,36088027,26.41,21.58,M3d
C04716,36042242,12.70,17.89,M3s
C04717,36091544,27.44,12.32,M1
C04718,36049528,14.84,13.45,M2
C04719,36066567,20.05,24.74,M2
C04720,36077352,23.30,4.69,M2
C04721,36074016,22.38,4.98,M2
C04722,36029548,8.86,21.85,M2
C04723,36039948,11.93,19.56,M3e
C04724,36093381,27.91,15.09,M2
C04725,36028744,8.40,24.76,M3h
C04726,36047698,14.29,14.04,M2
C04727,36049849,14.74,17.33,M3e
C04728,36086782,26.10,6.39,M3s
C04729,36080391,24.09,11.07,M1
C04730,36084615,25.42,16.09,M2
C04731,36030536,9.24,20.97,M3s
C04732,36080358,24.15,7.53,M3e
C04733,36012347,3.84,10.76,M2
C04734,36018528,5.56,16.31,M3s
C04735,36033255,10.06,20.79,M1
C04736,36082845,24.64,23.18,M3e
C04737,36029067,8.83,20.55,M2
C04738,36019337,5.72,13.23,M3d
C04739,36075283,22.72,24.50,M1
C04740,36088754,26.54,14.85,M2
C04741,36038256,11.53,22.22,M1
C04742,36038244,11.41,14.20,M1
C04743,36020672,6.06,26.35,M2
C04744,36044200,13.40,18.26,M2
C04745,36072459,21.72,6.60,M3h
C04746,36073197,22.08,27.05,M2
C04747,36024944,7.28,24.47,M3h
C04748,36074421,22.42,2.50,M3d
C04749,36065270,19.61,29.02,M2
C04750,36096670,28.84,10.80,M1
C04751,36073515,22.06,23.74,M2
C04752,36026641,7.97,16.02,M2
C04753,36046299,13.98,17.63,M2
C04754,36037943,11.29,20.48,M3s
C04755,36075623,22.73,5.89,M1
C04756,36087936,26.38,9.27,M1
C04757,36070830,21.28,23.98,M3d
C04758,36054406,16.39,13.43,M3s
C04759,36069510,20.76,6.17,M1
C04760,36072807,21.75,7.87,M2
C04761,36014953,4.28,11.19,M1
C04762,36047873,14.13,21.71,M2
C04763,36076573,23.03,9.16,M2
C04764,36018613,5.40,13.78,M2
C04765,36068660,20.55,8.44,M1
C04766,36073910,22.06,26.72,M1
C04767,36017732,5.27,12.66,M3h
C04768,36034739,10.50,24.71,M2
C04769,36021557,6.39,12.43,M3d
C04770,36045651,13.51,13.83,M3s
C04771,36080265,24.08,15.08,M3s
C04772,36020790,6.25,23.69,M2
C04773,36083907,25.01,21.75,M2
C04774,36046236,13.89,14.42,M2
C04775,36047553,14.19,17.93,M3e
C04776,36073367,22.06,25.57,M1
C04777,36047336,14.17,14.87,M2
C04778,36078679,23.41,23.71,M1
C04779,36076445,23.07,22.40,M2
C04780,36078673,23.53,9.99,M2
C04781,36071788,21.38,9.24,M2
C04782,36042225,12.72,16.60,M2
C04783,36031073,9.43,23.49,M2
C04784,36031785,9.47,22.58,M2
C04785,36066235,19.83,24.32,M2
C04786,36040586,12.29,21.49,M1
C04787,36023447,7.17,12.11,M2
C04788,36078874,23.66,18.93,M1
C04789,36073980,22.12,7.14,M1
C04790,36086645,25.86,9.85,M1
C04791,36063054,19.05,23.56,M1
C04792,36065845,19.70,10.19,M1
C04793,36046503,13.91,14.41,M1
C04794,36085145,25.63,7.70,M3e
C04795,36094634,28.29,20.50,M1
C04796,36055702,16.58,17.42,M3d
C04797,36079908,23.73,15.77,M1
C04798,36056988,16.85,14.20,M3s
C04799,36084558,25.30,22.03,M2
C04800,36080973,24.03,9.62,M2
C04801,36032067,9.65,23.56,M2
C04802,36043880,13.13,15.64,M2
C04803,36036193,11.00,19.77,M3s
C04804,36034296,10.23,25.84,M3h
C04805,36048964,14.48,15.80,M1
C04806,36071537,21.47,13.94,M3s
C04807,36048923,14.42,15.59,M3d
C04808,36088288,26.42,27.63,M2
C04809,36022407,6.67,14.12,M1
C04810,36078585,23.54,22.49,M3d
C04811,36042293,12.81,14.87,M1
C04812,36083880,24.97,16.27,M1
C04813,36009234,2.88,13.29,M3s
C04814,36078870,23.47,6.18,M3s
C04815,36086256,26.00,12.25,M2
C04816,36076385,23.09,24.84,M3h
C04817,36080718,24.17,18.48,M2
C04818,36035633,10.63,16.90,M3d
C04819,36077094,23.30,8.06,M3s
C04820,36039475,11.91,13.88,M3d
C04821,36048867,14.62,13.36,M3s
C04822,36088561,26.62,20.28,M2
C04823,36040613,12.21,16.51,M1
C04824,36072748,21.71,23.01,M1
C04825,36076901,22.88,26.71,M3s
C04826,36047159,14.39,19.82,M1
C04827,36084481,25.44,21.24,M1
C04828,36006267,1.84,13.25,M3e
C04829,36077602,23.20,12.86,M3s
C04830,36071921,21.54,27.84,M2
C04831,36063939,19.00,24.11,M2
C04832,36042637,12.85,15.24,M3s
C04833,36076857,22.84,7.23,M2
C04834,36078431,23.51,24.07,M3s
C04835,36097915,29.34,14.21,M2
C04836,36044736,13.47,15.49,M1
C04837,36096519,28.86,10.21,M3e
C04838,36028243,8.52,24.29,M1
C04839,36072197,21.77,25.82,M2
C04840,36014150,4.49,13.10,M1
C04841,36010989,3.11,9.98,M3h
C04842,36046376,13.95,20.68,M2
C04843,36040801,12.01,16.30,M1
C04844,36078765,23.50,24.90,M2
C04845,36041134,12.53,24.67,M2
C04846,36073839,22.02,10.00,M2
C04847,36054300,16.39,14.55,M2
C04848,36077835,23.33,23.25,M3d
C04849,36047016,14.29,16.58,M1
C04850,36072309,21.72,25.80,M3s
C04851,36093387,28.01,9.99,M1
C04852,36027171,8.11,22.49,M2
C04853,36038863,11.67,12.78,M3s
C04854,36088581,26.49,12.33,M2
C04855,36092385,27.76,13.43,M2
C04856,36066188,20.10,9.68,M3s
C04857,36082061,24.68,9.69,M1
C04858,36079481,23.75,21.34,M1
C04859,36072794,21.69,25.21,M1
C04860,36040841,12.21,12.98,M1
C04861,36047260,14.18,14.35,M3s
C04862,36065918,19.67,25.52,M2
C04863,36016825,4.87,12.57,M1
C04864,36021067,6.52,22.48,M3h
C04865,36093579,28.17,12.41,M1
C04866,36044650,13.32,14.84,M1
C04867,36032489,9.70,17.91,M3s
C04868,36091166,27.50,13.39,M2
C04869,36029476,8.84,22.71,M1
C04870,36022377,6.78,13.19,M1
C04871,36074494,22.33,7.40,M2
C04872,36038513,11.49,13.82,M3h
C04873,36062442,18.81,25.24,M3s
C04874,36087397,26.30,15.59,M2
C04875,36043521,12.90,16.09,M2
C04876,36004126,1.50,6.95,M1
C04877,36074595,22.33,22.28,M1
C04878,36031216,9.36,25.31,M2
C04879,36037411,11.17,18.89,M2
C04880,36067141,20.40,23.40,M3s
C04881,36059783,17.91,17.22,M1
C04882,36030679,9.19,26.64,M3s
C04883,36077214,23.37,21.86,M2
C04884,36014159,4.37,25.86,M3s
C04885,36077010,23.24,21.42,M2
C04886,36048035,14.41,16.29,M3d
C04887,36048686,14.55,17.65,M1
C04888,36082316,24.87,11.55,M2
C04889,36094394,28.44,14.37,M2
C04890,36044217,13.29,20.56,M2
C04891,36035690,10.61,26.84,M2
C04892,36077575,23.12,22.78,M2
C04893,36090858,27.11,19.31,M1
C04894,36054551,16.20,13.72,M2
C04895,36093638,28.09,8.27,M2
C04896,36049763,14.80,16.24,M2
C04897,36049055,14.89,11.70,M2
C04898,36041101,12.59,21.19,M2
C04899,36020877,6.27,23.37,M3s
C04900,36032020,9.76,20.81,M1
C04901,36046774,13.96,21.22,M1
C04902,36071508,21.49,2.72,M1
C04903,36037038,11.19,26.20,M3d
C04904,36085138,25.70,22.89,M2
C04905,36040941,12.27,19.03,M2
C04906,36077451,23.39,20.58,M2
C04907,36035277,10.55,24.74,M3d
C04908,36084358,25.29,13.23,M3s
C04909,36033463,10.10,12.05,M1
C04910,36088940,26.63,9.00,M1
C04911,36087643,26.21,21.55,M2
C04912,36069591,20.88,27.21,M3h
C04913,36037819,11.30,15.94,M3e
C04914,36087034,26.39,20.07,M3s
C04915,36076068,22.96,7.46,M2
C04916,36015993,4.66,11.38,M2
C04917,36033772,10.00,19.98,M2
C04918,36024723,7.26,9.06,M3s
C04919,36046067,13.91,21.23,M2
C04920,36045827,13.52,14.39,M1
C04921,36036211,10.95,20.84,M3s
C04922,36008075,2.55,11.70,M3s
C04923,36092641,27.64,13.61,M2
C04924,36041682,12.44,14.74,M1
C04925,36077443,23.32,21.87,M2
C04926,36064211,19.39,27.16,M1
C04927,36088005,26.54,12.42,M2
C04928,36062923,18.77,26.57,M3s
C04929,36035078,10.52,26.37,M2
C04930,36020900,6.08,13.88,M1
C04931,36028421,8.58,17.90,M1
C04932,36065390,19.64,20.94,M1
C04933,36075086,22.66,19.71,M1
C04934,36071496,21.56,7.36,M1
C04935,36074360,22.42,6.02,M2
C04936,36074580,22.45,20.33,M2
C04937,36018670,5.41,13.27,M1
C04938,36024440,7.31,26.12,M2
C04939,36039014,12.00,17.65,M2
C04940,36071717,21.42,11.08,M2
C04941,36045430,13.57,17.70,M3d
C04942,36092680,27.71,22.16,M3h
C04943,36045438,13.71,17.96,M3e
C04944,36086733,25.90,19.51,M2
C04945,36033587,10.15,23.58,M1
C04946,36054190,16.41,23.39,M2
C04947,36028992,8.46,25.72,M3s
C04948,36029519,8.70,24.54,M2
C04949,36020874,6.01,13.39,M2
C04950,36087949,26.39,8.94,M1
C04951,36019417,5.70,11.72,M2
C04952,36092931,27.73,10.36,M1
C04953,36053556,16.20,5.81,M2
C04954,36016014,4.94,18.01,M3e
C04955,36077460,23.40,10.69,M3h
C04956,36079039,23.93,11.07,M1
C04957,36050037,15.02,17.95,M2
C04958,36081432,24.52,23.75,M1
C04959,36029720,8.90,24.05,M3e
C04960,36016959,4.89,10.82,M1
C04961,36074066,22.23,4.88,M3s
C04962,36081329,24.38,19.12,M3s
C04963,36076517,22.92,12.68,M2
C04964,36081538,24.35,14.24,M2
C04965,36011567,3.46,13.36,M3s
C04966,36026661,7.93,11.05,M3e
C04967,36066355,19.91,27.69,M2
C04968,36085721,25.64,11.67,M3h
C04969,36084237,25.36,6.65,M2
C04970,36043152,13.16,25.56,M2
C04971,36091578,27.55,12.83,M3s
C04972,36057014,17.35,28.73,M2
C04973,36049247,14.75,15.42,M1
C04974,36050628,15.13,15.55,M3d
C04975,36035336,10.69,24.31,M1
C04976,36026411,8.00,22.33,M2
C04977,36091173,27.48,14.87,M2
C04978,36020000,6.26,8.26,M3s
C04979,36072902,21.66,13.85,M2
C04980,36008556,2.41,8.53,M3s
C04981,36021065,6.35,24.35,M1
C04982,36086869,25.81,6.55,M2
C04983,36045613,13.55,25.17,M2
C04984,36082566,24.80,21.40,M2
C04985,36026158,7.95,26.16,M2
C04986,36035556,10.72,17.52,M3s
C04987,36042070,12.66,19.88,M2
C04988,36068160,20.58,5.43,M3s
C04989,36073114,22.14,22.95,M2
C04990,36076896,22.99,22.04,M2
C04991,36022198,6.88,17.97,M1
C04992,36097212,29.20,20.03,M2
C04993,36065927,19.79,21.74,M2
C04994,36017726,5.39,11.86,M2
C04995,36060399,18.04,21.97,M1
C04996,36040263,12.11,21.15,M2
C04997,36076227,22.91,6.59,M1
C04998,36045965,13.63,20.11,M2
C04999,36067774,20.34,4.47,M3d
C05000,36057863,17.23,8.78,M2
C05001,36033781,10.09,25.86,M2
C05002,36085040,25.78,21.10,M3s
C05003,36070925,21.02,22.10,M2
C05004,36030796,9.11,19.55,M1
C05005,36081346,24.40,21.13,M2
C05006,36040152,12.27,19.93,M1
C05007,36086345,25.91,18.54,M1
C05008,36042359,12.83,16.53,M1
C05009,36063275,19.08,6.75,M2
C05010,36045259,13.76,15.36,M1
C05011,36044480,13.31,15.12,M2
C05012,36068949,20.51,23.83,M3s
C05013,36018687,5.54,22.68,M1
C05014,36056554,16.86,17.52,M3d
C05015,36056906,17.01,15.18,M3s
C05016,36037398,11.25,26.51,M2
C05017,36076195,22.88,12.59,M3d
C05018,36035081,10.58,27.29,M1
C05019,36090716,27.20,15.43,M2
C05020,36071065,21.49,11.97,M2
C05021,36035648,10.73,22.89,M1
C05022,36089156,26.90,12.70,M3s
C05023,36046207,14.04,11.13,M3e
C05024,36019085,5.92,24.50,M1
C05025,36085536,25.69,20.08,M2
C05026,36064477,19.24,24.89,M2
C05027,36048039,14.45,11.48,M2
C05028,36082037,24.69,3.87,M3s
C05029,36028881,8.50,22.32,M1
C05030,36099833,30.00,12.45,M2
C05031,36009685,2.93,13.71,M3e
C05032,36089793,26.97,21.21,M1
C05033,36093173,28.08,11.96,M3h
C05034,36021020,6.40,9.42,M1
C05035,36084894,25.50,19.20,M1
C05036,36084675,25.47,22.18,M3s
C05037,36056802,17.07,13.67,M2
C05038,36048688,14.51,17.30,M1
C05039,36026253,8.09,25.08,M2
C05040,36041461,12.50,19.25,M1
C05041,36003270,1.11,11.92,M3s
C05042,36067218,20.24,21.20,M2
C05043,36029810,8.98,20.16,M1
C05044,36019608,5.93,12.56,M3d
C05045,36078816,23.41,5.14,M2
C05046,36046479,13.91,16.46,M3d
C05047,36049309,14.70,21.37,M2
C05048,36076863,23.04,19.51,M2
C05049,36045524,13.76,16.48,M2
C05050,36010455,3.07,16.17,M3h
C05051,36089018,26.97,14.50,M2
C05052,36086425,26.03,13.36,M3e
C05053,36082110,24.81,9.49,M3d
C05054,36007941,2.36,9.84,M2
C05055,36037770,11.31,18.18,M2
C05056,36031896,9.58,18.23,M2
C05057,36055456,16.74,24.46,M2
C05058,36050036,15.26,16.59,M3s
C05059,36079177,23.90,8.75,M3e
C05060,36077474,23.14,7.03,M1
C05061,36036941,10.96,21.80,M3s
C05062,36077551,23.13,9.34,M3s
C05063,36074118,22.25,25.00,M3s
C05064,36078817,23.66,10.13,M2
C05065,36045032,13.75,18.17,M3e
C05066,36025210,7.73,11.79,M2
C05067,36056201,16.95,29.34,M1
C05068,36053106,16.08,14.06,M2
C05069,36070355,21.12,7.29,M3e
C05070,36082673,24.62,12.03,M2
C05071,36037674,11.10,15.61,M3d
C05072,36072225,21.83,6.56,M2
C05073,36083665,24.98,23.33,M2
C05074,36034938,10.47,19.60,M2
C05075,36060049,18.22,4.94,M1
C05076,36067178,20.27,22.46,M2
C05077,36083103,25.01,21.48,M2
C05078,36022335,6.82,11.14,M2
C05079,36079229,23.79,16.47,M2
C05080,36089212,26.73,20.70,M1
C05081,36085633,25.72,12.39,M1
C05082,36046364,13.84,15.38,M1
C05083,36023100,7.03,12.63,M3e
C05084,36023555,7.03,23.33,M1
C05085,36093560,28.09,10.17,M1
C05086,36078484,23.67,20.41,M2
C05087,36006207,1.81,12.75,M1
C05088,36082706,24.82,13.50,M2
C05089,36075854,22.71,20.56,M3s
C05090,36088875,26.53,20.29,M1
C05091,36081330,24.45,11.72,M2
C05092,36027358,8.18,26.06,M1
C05093,36045393,13.74,16.92,M2
C05094,36074649,22.40,3.73,M3s
C05095,36081083,24.45,13.07,M2
C05096,36026479,7.92,23.69,M1
C05097,36050056,15.06,14.42,M2
C05098,36081923,24.40,26.21,M2
C05099,36089753,26.94,15.91,M1
C05100,36072222,21.86,5.88,M2
C05101,36011057,3.33,12.13,M2
C05102,36010975,3.28,13.20,M1
C05103,36052773,15.77,11.71,M2
C05104,36036020,10.82,25.78,M2
C05105,36070448,21.15,24.69,M3s
C05106,36092740,27.79,13.19,M2
C05107,36038914,11.69,19.83,M1
C05108,36086362,26.02,21.95,M1
C05109,36052754,15.66,17.01,M2
C05110,36063665,18.93,25.18,M3e
C05111,36033645,10.07,21.83,M2
C05112,36030022,9.16,16.95,M2
C05113,36067085,20.30,22.21,M2
C05114,36081389,24.54,8.49,M1
C05115,36077131,23.20,12.00,M1
C05116,36089086,26.84,13.01,M3d
C05117,36074114,22.34,20.71,M3e
C05118,36053435,16.09,16.87,M3h
C05119,36075337,22.59,19.52,M3s
C05120,36071025,21.42,25.04,M3e
C05121,36074304,22.25,19.58,M2
C05122,36024712,7.40,23.45,M1
C05123,36044488,13.22,20.34,M3s
C05124,36085771,25.79,9.93,M1
C05125,36057790,17.40,13.93,M1
C05126,36049482,14.79,12.19,M2
C05127,36080797,24.26,18.48,M1
C05128,36094813,28.31,11.58,M1
C05129,36029476,8.99,10.58,M1
C05130,36038060,11.41,16.59,M2
C05131,36041606,12.50,18.99,M3s
C05132,36086101,26.03,5.97,M3e
C05133,36015244,4.79,12.66,M1
C05134,36019224,5.86,20.94,M1
C05135,36086576,25.87,18.55,M3d
C05136,36089264,26.70,22.11,M2
C05137,36078552,23.47,19.30,M2
C05138,36062645,18.70,26.02,M2
C05139,36026703,7.94,22.70,M2
C05140,36038829,11.66,20.11,M3s
C05141,36036770,10.95,21.46,M2
C05142,36078837,23.67,20.03,M1
C05143,36043184,13.18,16.74,M3s
C05144,36095997,28.76,12.73,M2
C05145,36016811,4.80,10.74,M1
C05146,36092762,27.73,10.66,M1
C05147,36078144,23.52,21.72,M2
C05148,36036475,11.09,13.68,M2
C05149,36077840,23.18,14.67,M3s
C05150,36078582,23.49,22.26,M3h
C05151,36040387,12.06,20.35,M2
C05152,36086020,25.80,13.36,M2
C05153,36077742,23.39,19.39,M3s
C05154,36077758,23.14,18.43,M3e
C05155,36081077,24.43,22.89,M2
C05156,36039830,11.92,17.11,M2
C05157,36017465,5.39,11.14,M2
C05158,36008028,2.68,17.90,M3s
C05159,36037481,11.23,20.85,M3e
C05160,36028190,8.66,19.71,M2
C05161,36089721,26.81,12.48,M3e
C05162,36082367,24.62,27.60,M2
C05163,36078269,23.65,21.40,M2
C05164,36074537,22.21,26.97,M2
C05165,36024117,7.22,26.79,M1
C05166,36037265,11.27,24.36,M3e
C05167,36090908,27.08,13.35,M3s
C05168,36081363,24.47,12.77,M2
C05169,36095912,28.50,16.32,M3h
C05170,36069697,20.71,23.87,M2
C05171,36066991,20.08,24.29,M2
C05172,36012385,3.71,11.39,M3e
C05173,36074349,22.34,12.30,M1
C05174,36022659,6.62,12.31,M3h
C05175,36084075,25.24,19.58,M1
C05176,36041668,12.51,13.58,M3s
C05177,36072300,21.81,24.87,M1
C05178,36085493,25.67,22.00,M3s
C05179,36045006,13.65,18.74,M1
C05180,36079162,23.97,11.14,M2
C05181,36030104,9.09,26.88,M2
C05182,36022209,6.65,23.59,M1
C05183,36045899,13.67,10.83,M3s
C05184,36085702,25.62,13.55,M3s
C05185,36078607,23.68,26.77,M3e
C05186,36031682,9.37,17.19,M2
C05187,36035717,10.69,23.92,M2
C05188,36043458,12.94,24.07,M2
C05189,36040914,12.03,23.30,M2
C05190,36036380,10.96,22.89,M2
C05191,36080829,24.29,18.48,M3s
C05192,36043035,13.03,19.15,M2
C05193,36092552,27.60,12.04,M1
C05194,36069338,20.87,25.93,M2
C05195,36031286,9.59,23.32,M3s
C05196,36070092,21.20,25.49,M2
C05197,36089399,26.87,19.40,M3s
C05198,36084726,25.49,8.48,M2
C05199,36071869,21.39,7.80,M1
C05200,36077130,23.37,22.39,M2
C05201,36044162,13.42,14.01,M2
C05202,36049156,14.99,14.22,M3e
C05203,36045576,13.50,19.24,M2
C05204,36079017,23.75,14.88,M2
C05205,36046698,13.88,18.61,M3d
C05206,36037241,11.20,13.17,M3h
C05207,36074840,22.24,10.42,M3e
C05208,36050803,15.03,16.98,M3s
C05209,36076556,22.92,12.09,M3s
C05210,36035458,10.77,16.20,M1
C05211,36063456,19.02,22.68,M3h
C05212,36069530,20.83,26.18,M2
C05213,36076777,22.94,4.40,M2
C05214,36071071,21.45,8.14,M3d
C05215,36046840,13.99,11.39,M3h
C05216,36015438,4.69,11.11,M1
C05217,36071840,21.38,18.95,M3e
C05218,36040863,12.19,22.72,M3s
C05219,36087431,26.29,11.33,M1
C05220,36068683,20.46,26.20,M2
C05221,36032548,9.86,19.76,M2
C05222,36065740,19.54,24.91,M2
C05223,36090217,27.06,20.69,M2
C05224,36090670,27.07,20.64,M1
C05225,36075171,22.60,11.85,M1
C05226,36026219,8.04,18.44,M2
C05227,36081371,24.40,15.93,M1
C05228,36040486,12.16,13.29,M2
C05229,36074720,22.49,24.28,M2
C05230,36083188,25.18,12.29,M3e
C05231,36054940,16.38,15.81,M3e
C05232,36057190,17.35,23.36,M2
C05233,36034080,10.29,16.78,M3s
C05234,36078681,23.69,6.42,M1
C05235,36082282,24.88,19.99,M1
C05236,36050832,15.26,20.07,M2
C05237,36008167,2.55,13.22,M2
C05238,36080714,24.12,6.01,M1
C05239,36036155,10.82,18.02,M3h
C05240,36036173,10.85,23.31,M2
C05241,36030465,9.13,24.67,M3s
C05242,36076516,22.82,24.96,M3s
C05243,36017359,5.37,13.51,M3s
C05244,36065646,19.71,7.73,M1
C05245,36027321,8.35,23.61,M1
C05246,36075050,22.75,8.52,M2
C05247,36032400,9.78,25.62,M2
C05248,36040315,12.15,22.15,M3e
C05249,36021653,6.49,12.60,M2
C05250,36082313,24.87,11.09,M1
C05251,36046056,14.03,14.44,M2
C05252,36037735,11.22,25.03,M3s
C05253,36087112,26.32,18.79,M1
C05254,36079516,23.72,25.77,M1
C05255,36007978,2.14,12.70,M1
C05256,36047686,14.13,17.02,M2
C05257,36032643,9.84,27.34,M3e
C05258,36079669,23.70,12.81,M2
C05259,36009441,2.72,12.51,M2
C05260,36064811,19.39,27.45,M2
C05261,36040276,12.29,17.10,M2
C05262,36009042,2.84,8.10,M2
C05263,36035954,10.55,23.25,M3h
C05264,36030203,9.07,26.16,M1
C05265,36095721,28.54,9.83,M1
C05266,36044045,13.21,14.24,M2
C05267,36072837,21.82,10.57,M3d
C05268,36076086,22.95,6.92,M1
C05269,36025845,7.75,25.07,M2
C05270,36041766,12.58,14.71,M1
C05271,36083734,24.98,14.15,M2
C05272,36086776,25.86,13.58,M2
C05273,36057820,17.33,26.68,M2
C05274,36053276,15.99,13.05,M2
C05275,36083532,25.13,15.26,M2
C05276,36075530,22.77,8.52,M2
C05277,36054950,16.32,18.43,M2
C05278,36050605,15.04,14.33,M1
C05279,36032964,9.72,25.47,M3h
C05280,36073811,21.92,24.83,M3d
C05281,36043941,12.96,18.10,M1
C05282,36048979,14.47,13.16,M2
C05283,36053673,15.97,12.48,M3s
C05284,36075759,22.52,5.93,M1
C05285,36038173,11.62,18.05,M2
C05286,36080531,24.05,5.73,M3s
C05287,36026328,8.04,15.03,M3s
C05288,36087077,26.14,25.56,M3s
C05289,36041728,12.35,13.94,M2
C05290,36027369,8.21,17.52,M2
C05291,36050281,15.16,14.65,M2
C05292,36005322,1.75,11.54,M2
C05293,36011176,3.39,25.14,M1
C05294,36060276,18.01,27.06,M3h
C05295,36009975,2.94,13.38,M1
C05296,36028263,8.55,18.45,M3d
C05297,36070773,21.25,7.91,M1
C05298,36080063,24.26,20.31,M2
C05299,36015051,4.71,11.73,M2
C05300,36049659,15.00,19.63,M2
C05301,36043623,13.12,13.85,M3s
C05302,36045236,13.58,13.36,M1
C05303,36016714,4.98,10.59,M3s
C05304,36078261,23.66,4.51,M2
C05305,36079886,23.88,7.39,M2
C05306,36022706,6.79,11.71,M3s
C05307,36052781,15.68,19.26,M2
C05308,36031224,9.50,23.28,M3e
C05309,36030781,9.30,23.24,M2
C05310,36075094,22.65,10.56,M2
C05311,36017181,5.11,9.51,M3s
C05312,36074559,22.29,23.97,M2
C05313,36038853,11.49,22.30,M3e
C05314,36035360,10.57,24.14,M2
C05315,36078650,23.51,6.05,M3s
C05316,36038129,11.53,14.11,M1
C05317,36015228,4.65,13.60,M2
C05318,36093343,28.18,19.17,M3d
C05319,36063398,19.02,25.73,M2
C05320,36032827,9.78,22.75,M1
C05321,36078283,23.65,26.25,M3s
C05322,36050737,15.01,18.64,M1
C05323,36085346,25.52,16.37,M1
C05324,36072470,21.65,27.01,M2
C05325,36049694,14.75,16.28,M3h
C05326,36036969,11.00,15.61,M3e
C05327,36040854,12.05,13.55,M1
C05328,36045414,13.70,14.60,M2
C05329,36082217,24.78,22.50,M1
C05330,36039296,11.98,19.91,M2
C05331,36069130,20.86,9.96,M2
C05332,36081626,24.46,9.80,M1
C05333,36041506,12.57,17.26,M3d
C05334,36019238,5.94,13.30,M2
C05335,36049331,14.77,13.45,M2
C05336,36037297,11.19,19.88,M3s
C05337,36084502,25.42,8.33,M1
C05338,36020334,6.19,13.05,M2
C05339,36086699,26.06,4.55,M3h
C05340,36076562,22.97,8.61,M3h
C05341,36012822,3.70,11.99,M3s
C05342,36072541,21.90,29.58,M3s
C05343,36086639,25.81,20.92,M3s
C05344,36073184,22.10,25.49,M2
C05345,36077979,23.38,17.55,M2
C05346,36084036,25.20,19.53,M1
C05347,36077822,23.12,11.35,M2
C05348,36031302,9.59,28.72,M2
C05349,36083257,25.08,21.18,M3s
C05350,36054036,16.34,19.92,M1
C05351,36007549,2.12,10.47,M3h
C05352,36076549,22.96,13.05,M2
C05353,36077361,23.38,5.22,M1
C05354,36048723,14.56,16.46,M3h
C05355,36011855,3.42,12.92,M2
C05356,36070684,21.06,26.32,M1
C05357,36038740,11.62,24.54,M2
C05358,36040320,12.29,19.60,M3s
C05359,36044607,13.40,16.62,M2
C05360,36060298,18.20,22.46,M3d
C05361,36047514,14.36,11.07,M1
C05362,36071251,21.31,16.12,M1
C05363,36083372,24.95,19.18,M1
C05364,36069029,20.88,27.77,M2
C05365,36087999,26.23,8.45,M3s
C05366,36035559,10.66,22.90,M3s
C05367,36083972,25.05,19.45,M2
C05368,36038897,11.43,25.93,M2
C05369,36089309,26.79,7.70,M1
C05370,36053622,15.91,18.26,M2
C05371,36058142,17.53,12.90,M2
C05372,36091364,27.60,11.79,M2
C05373,36081939,24.58,5.54,M3d
C05374,36022033,6.65,16.23,M2
C05375,36041446,12.47,14.37,M2
C05376,36085436,25.78,22.86,M1
C05377,36023557,7.09,12.69,M3h
C05378,36075800,22.52,29.55,M2
C05379,36076876,22.94,25.86,M2
C05380,36084099,25.48,18.80,M1
C05381,36037396,11.27,18.90,M1
C05382,36035042,10.80,21.08,M2
C05383,36022485,6.65,26.86,M2
C05384,36079470,23.73,6.01,M3s
C05385,36085942,25.58,18.52,M2
C05386,36056733,17.08,15.56,M3e
C05387,36046889,13.94,10.67,M2
C05388,36084837,25.33,12.81,M2
C05389,36066209,19.86,21.80,M2
C05390,36074185,22.25,20.27,M2
C05391,36046605,14.00,19.65,M3s
C05392,36051882,15.30,15.56,M1
C05393,36074682,22.23,19.70,M3h
C05394,36016535,4.83,11.01,M2
C05395,36024063,7.39,24.42,M1
C05396,36061528,18.46,23.70,M3h
C05397,36041112,12.38,18.50,M3e
C05398,36077965,23.19,5.40,M2
C05399,36066737,20.09,25.77,M1
C05400,36078623,23.62,19.75,M2
C05401,36079218,23.98,26.79,M2
C05402,36049762,14.92,14.54,M1
C05403,36027457,8.19,17.54,M2
C05404,36020727,6.01,11.79,M1
C05405,36057799,17.11,25.70,M3s
C05406,36081821,24.39,25.97,M2
C05407,36079700,23.76,7.76,M2
C05408,36049549,14.78,14.03,M1
C05409,36016988,4.90,18.13,M3e
C05410,36053147,15.98,18.62,M2
C05411,36076812,22.98,23.15,M2
C05412,36037161,11.18,20.51,M2
C05413,36069834,20.86,24.38,M1
C05414,36063319,19.02,24.97,M1
C05415,36067111,20.36,6.91,M2
C05416,36093029,28.16,16.79,M2
C05417,36030770,9.25,22.59,M1
C05418,36072867,21.84,11.67,M3d
C05419,36048711,14.63,13.47,M2
C05420,36064868,19.50,23.40,M2
C05421,36041504,12.37,16.36,M1
C05422,36018348,5.48,11.09,M3s
C05423,36074953,22.24,26.10,M2
C05424,36012541,3.61,14.37,M3d
C05425,36078550,23.67,23.49,M3h
C05426,36084378,25.43,20.54,M3s
C05427,36046732,13.88,12.56,M3e
C05428,36052538,15.75,13.85,M3e
C05429,36083754,25.19,7.56,M1
C05430,36052936,15.80,16.73,M1
C05431,36081011,24.54,21.80,M2
C05432,36031595,9.57,24.25,M3s
C05433,36088353,26.67,16.37,M3s
C05434,36037004,11.14,19.95,M1
C05435,36082218,24.63,6.55,M1
C05436,36011128,3.44,14.43,M3s
C05437,36064036,19.20,20.51,M2
C05438,36087750,26.23,11.58,M2
C05439,36040063,12.08,18.47,M2
C05440,36013037,3.93,18.00,M3h
C05441,36085694,25.59,9.44,M2
C05442,36017717,5.26,15.06,M2
C05443,36076371,22.92,12.41,M1
C05444,36085418,25.65,9.67,M3s
C05445,36049040,14.84,20.89,M3s
C05446,36067636,20.16,22.80,M2
C05447,36041500,12.37,16.03,M2
C05448,36021593,6.39,13.95,M3d
C05449,36047344,14.13,18.63,M1
C05450,36031679,9.59,25.05,M2
C05451,36044408,13.45,13.71,M3e
C05452,36081037,24.37,12.39,M1
C05453,36036490,10.83,25.94,M2
C05454,36088613,26.51,11.68,M2
C05455,36006391,2.04,14.51,M3s
C05456,36083308,24.98,9.49,M1
C05457,36035435,10.63,13.55,M3d
C05458,36078059,23.62,9.09,M1
C05459,36020677,6.07,13.57,M2
C05460,36081265,24.36,6.51,M3e
C05461,36066559,20.01,25.35,M3s
C05462,36078900,23.41,18.89,M3s
C05463,36047774,14.28,18.60,M3e
C05464,36083631,24.96,13.17,M2
C05465,36071221,21.30,20.86,M3e
C05466,36020213,6.12,13.33,M3d
C05467,36047212,14.35,15.06,M2
C05468,36007288,2.36,15.75,M1
C05469,36075729,22.70,24.75,M1
C05470,36042514,12.73,24.69,M1
C05471,36020294,6.12,25.95,M1
C05472,36075471,22.71,24.69,M2
C05473,36089328,26.72,14.37,M1
C05474,36021268,6.43,24.21,M2
C05475,36081927,24.33,7.00,M3s
C05476,36073280,21.98,22.39,M2
C05477,36051386,15.56,20.79,M2
C05478,36027821,8.36,22.34,M2
C05479,36041195,12.39,14.98,M2
C05480,36070090,21.20,25.28,M1
C05481,36091631,27.55,19.31,M3s
C05482,36080464,24.25,6.57,M3e
C05483,36083511,25.12,12.25,M1
C05484,36018854,5.49,11.27,M1
C05485,36066108,19.80,23.19,M2
C05486,36087239,26.29,13.19,M3e
C05487,36087362,26.31,11.99,M3e
C05488,36033406,10.16,18.92,M3h
C05489,36047477,14.13,20.55,M3s
C05490,36066551,20.05,24.66,M2
C05491,36028056,8.40,27.80,M3s
C05492,36014625,4.41,23.97,M1
C05493,36070567,21.04,22.32,M1
C05494,36043111,13.03,16.95,M3s
C05495,36083897,24.91,10.81,M3h
C05496,36009015,2.90,8.34,M2
C05497,36075702,22.67,12.13,M3h
C05498,36028242,8.56,27.54,M1
C05499,36087120,26.16,10.05,M2
C05500,36036004,11.03,14.98,M3s
C05501,36090132,27.21,13.49,M3s
C05502,36074083,22.38,7.07,M1
C05503,36077719,23.35,25.56,M3s
C05504,36067689,20.26,26.28,M1
C05505,36014164,4.46,12.38,M2
C05506,36013572,4.06,13.15,M1
C05507,36053900,16.05,15.93,M2
C05508,36035378,10.58,18.41,M2
C05509,36036873,11.06,22.19,M2
C05510,36031269,9.41,27.34,M1
C05511,36049920,14.74,15.52,M3s
C05512,36042205,12.73,12.75,M1
C05513,36009621,2.74,11.91,M3e
C05514,36079459,23.74,6.41,M3s
C05515,36085021,25.51,8.77,M2
C05516,36018156,5.41,14.16,M3h
C05517,36087597,26.25,18.93,M2
C05518,36029960,8.80,21.68,M1
C05519,36079244,23.85,20.80,M3h
C05520,36048483,14.56,11.89,M2
C05521,36084412,25.45,18.63,M2
C05522,36075708,22.69,23.36,M1
C05523,36077051,23.19,23.68,M3h
C05524,36063779,19.08,28.55,M2
C05525,36044259,13.26,17.33,M2
C05526,36020304,6.23,16.62,M3d
C05527,36083510,25.10,6.75,M2
C05528,36085787,25.71,22.14,M3s
C05529,36083487,24.99,10.16,M1
C05530,36034874,10.44,24.95,M3d
C05531,36001730,0.45,12.24,M3e
C05532,36008274,2.68,13.32,M3s
C05533,36012104,3.65,22.48,M1
C05534,36016566,5.07,10.56,M2
C05535,36021598,6.43,23.09,M3s
C05536,36034259,10.30,13.46,M2
C05537,36086164,25.89,11.63,M2
C05538,36077490,23.18,19.51,M1
C05539,36039405,11.84,18.29,M1
C05540,36079031,23.97,18.48,M1
C05541,36065143,19.54,24.36,M3s
C05542,36089365,26.95,10.44,M3d
C05543,36095519,28.65,12.72,M1
C05544,36010041,3.27,11.02,M3e
C05545,36043263,13.06,15.11,M2
C05546,36032070,9.69,24.44,M2
C05547,36081224,24.33,6.42,M2
C05548,36085407,25.62,19.09,M3s
C05549,36068846,20.58,23.79,M3s
C05550,36024178,7.21,27.96,M3s
C05551,36087900,26.11,14.14,M1
C05552,36075233,22.50,7.99,M2
C05553,36039238,11.97,19.94,M1
C05554,36079788,23.79,21.96,M3e
C05555,36000043,0.00,12.50,M1
C05556,36028879,8.43,18.86,M1
C05557,36017861,5.25,13.32,M2
C05558,36075128,22.71,21.14,M2
C05559,36044698,13.39,17.30,M3e
C05560,36080060,24.19,7.89,M1
C05561,36014994,4.46,13.40,M1
C05562,36027493,8.35,13.70,M1
C05563,36052789,15.65,15.12,M2
C05564,36070770,21.24,27.34,M3s
C05565,36009092,2.71,14.13,M2
C05566,36070023,21.05,8.14,M3d
C05567,36022751,6.64,14.27,M3d
C05568,36082237,24.81,5.78,M2
C05569,36007213,2.39,15.92,M3s
C05570,36080732,24.12,5.51,M2
C05571,36091943,27.33,15.66,M3d
C05572,36076826,22.88,8.57,M2
C05573,36085501,25.64,10.23,M2
C05574,36085147,25.74,23.44,M1
C05575,36069659,20.85,24.69,M3e
C05576,36095673,28.77,14.51,M2
C05577,36095736,28.57,16.10,M2
C05578,36075673,22.75,14.41,M1
C05579,36046366,13.90,21.15,M1
C05580,36022835,6.66,15.15,M3s
C05581,36063415,19.04,16.75,M2
C05582,36006150,2.04,16.65,M2
C05583,36019731,5.94,25.44,M3h
C05584,36062453,18.70,23.38,M1
C05585,36087037,26.39,12.36,M2
C05586,36083284,24.95,6.78,M3s
C05587,36027700,8.16,22.59,M3s
C05588,36081888,24.43,11.58,M3s
C05589,36060506,18.07,23.23,M1
C05590,36079913,23.70,4.73,M3s
C05591,36075976,22.53,12.27,M2
C05592,36035477,10.79,26.55,M1
C05593,36011051,3.41,16.31,M2
C05594,36078795,23.53,6.74,M1
C05595,36047316,14.10,14.12,M2
C05596,36066228,19.98,24.76,M3s
C05597,36076539,22.86,3.22,M2
C05598,36067503,20.23,24.55,M3s
C05599,36024059,7.24,15.12,M3s
C05600,36072957,21.88,8.69,M1
C05601,36065712,19.57,28.17,M2
C05602,36090978,27.04,17.72,M3s
C05603,36092801,27.62,18.79,M2
C05604,36019738,5.93,25.17,M2
C05605,36081616,24.41,11.04,M3s
C05606,36087729,26.12,8.57,M2
C05607,36046296,13.91,13.38,M3h
C05608,36046263,13.93,12.12,M2
C05609,36023103,6.98,25.28,M1
C05610,36042494,12.75,23.54,M1
C05611,36027514,8.14,27.11,M3s
C05612,36072069,21.82,25.41,M1
C05613,36051706,15.55,13.91,M3e
C05614,36041500,12.42,19.07,M1
C05615,36075266,22.66,7.85,M1
C05616,36027711,8.11,26.24,M3s
C05617,36077162,23.37,20.08,M2
C05618,36068085,20.52,23.28,M3h
C05619,36077665,23.39,8.52,M2
C05620,36071554,21.41,6.61,M2
C05621,36045875,13.59,14.49,M1
C05622,36076407,22.89,19.30,M1
C05623,36071244,21.59,23.07,M3e
C05624,36087442,26.17,3.28,M1
C05625,36084649,25.36,14.21,M2
C05626,36031128,9.41,19.72,M2
C05627,36051148,15.40,12.39,M1
C05628,36067644,20.22,6.11,M1
C05629,36072030,21.64,21.21,M2
C05630,36066297,20.06,27.43,M3s
C05631,36080923,24.28,17.28,M2
C05632,36071265,21.34,26.34,M2
C05633,36083891,25.15,12.72,M3h
C05634,36013625,3.92,7.39,M2
C05635,36080427,24.06,14.90,M2
C05636,36084075,25.29,12.53,M3h
C05637,36090363,27.08,6.53,M3s
C05638,36070861,21.13,23.21,M3s
C05639,36082225,24.67,15.34,M1
C05640,36076528,22.94,19.27,M1
C05641,36016479,4.94,10.36,M2
C05642,36083254,25.15,9.47,M3e
C05643,36069649,20.85,18.08,M1
C05644,36039557,11.87,22.48,M1
C05645,36075136,22.66,26.52,M3h
C05646,36007924,2.15,15.26,M3s
C05647,36072839,21.81,10.11,M1
C05648,36085268,25.63,11.04,M2
C05649,36024132,7.27,22.94,M2
C05650,36067144,20.25,22.62,M2
C05651,36041546,12.41,19.39,M1
C05652,36063439,19.18,19.16,M1
C05653,36028858,8.56,26.39,M1
C05654,36070074,21.13,10.55,M2
C05655,36032485,9.78,27.21,M1
C05656,36031802,9.56,21.66,M3s
C05657,36051693,15.51,9.85,M2
C05658,36047868,14.11,18.35,M3s
C05659,36010231,3.19,12.62,M1
C05660,36081746,24.37,21.18,M3s
C05661,36066109,20.05,25.45,M1
C05662,36054450,16.35,21.55,M2
C05663,36045280,13.71,16.48,M3s
C05664,36070932,21.16,24.39,M2
C05665,36046688,13.91,11.97,M3h
C05666,36084821,25.47,21.64,M2
C05667,36075064,22.62,3.64,M1
C05668,36030867,9.14,24.40,M3h
C05669,36084964,25.21,12.41,M3d
C05670,36025178,7.74,19.21,M1
C05671,36027530,8.24,24.68,M2
C05672,36066699,19.88,7.06,M2
C05673,36078534,23.51,13.85,M1
C05674,36039708,11.84,12.71,M1
C05675,36032067,9.76,13.55,M2
C05676,36062769,18.73,26.15,M1
C05677,36028886,8.63,23.20,M2
C05678,36070664,21.09,25.37,M2
C05679,36073015,21.91,12.67,M1
C05680,36083348,25.17,9.74,M2
C05681,36068681,20.55,23.92,M1
C05682,36043141,12.98,14.86,M3s
C05683,36026079,8.09,23.49,M3s
C05684,36021221,6.43,10.11,M2
C05685,36068783,20.40,24.94,M3s
C05686,36095555,28.75,11.33,M2
C05687,36086775,25.99,17.13,M3s
C05688,36097351,29.16,13.84,M1
C05689,36037417,11.15,24.03,M2
C05690,36037300,11.22,20.49,M2
C05691,36019533,5.81,25.91,M3s
C05692,36072629,21.74,25.57,M2
C05693,36073423,22.15,20.21,M2
C05694,36075570,22.73,27.32,M3s
C05695,36081566,24.34,26.66,M2
C05696,36082629,24.71,21.67,M3h
C05697,36044287,13.49,22.07,M2
C05698,36080988,24.19,20.71,M3e
C05699,36050778,15.19,16.60,M2
C05700,36020701,6.27,9.28,M2
C05701,36081300,24.40,14.63,M1
C05702,36051236,15.53,11.94,M2
C05703,36085737,25.71,7.81,M2
C05704,36047618,14.17,18.95,M1
C05705,36027529,8.14,26.45,M1
C05706,36074004,22.31,15.92,M3s
C05707,36024613,7.26,8.36,M3s
C05708,36054663,16.34,17.14,M2
C05709,36038830,11.61,15.78,M2
C05710,36087788,26.36,20.45,M1
C05711,36070610,21.08,6.31,M2
C05712,36045119,13.72,16.91,M3e
C05713,36028269,8.58,15.04,M1
C05714,36076795,23.04,21.86,M1
C05715,36036886,10.91,16.67,M2
C05716,36008639,2.41,10.58,M1
C05717,36042482,12.87,18.28,M1
C05718,36051357,15.52,19.14,M3h
C05719,36080856,24.11,5.52,M3e
C05720,36086692,25.99,11.55,M1
C05721,36031215,9.38,20.65,M1
C05722,36084583,25.49,24.76,M2
C05723,36074962,22.49,20.26,M3s
C05724,36035828,10.53,27.07,M2
C05725,36021767,6.40,16.52,M1
C05726,36037060,11.20,29.24,M3s
C05727,36054496,16.43,17.32,M2
C05728,36048803,14.51,21.32,M3s
C05729,36076896,22.87,21.33,M3e
C05730,36079796,23.96,19.47,M2
C05731,36040303,12.05,20.67,M2
C05732,36081919,24.48,22.82,M3d
C05733,36092674,27.77,10.30,M2
C05734,36065912,19.56,26.95,M1
C05735,36076607,22.86,12.45,M1
C05736,36025641,7.51,15.19,M3s
C05737,36076015,22.87,7.20,M3e
C05738,36066790,19.90,25.28,M1
C05739,36048670,14.46,17.86,M1
C05740,36019435,5.95,10.99,M2
C05741,36011255,3.38,14.57,M3h
C05742,36043582,12.98,13.53,M2
C05743,36089762,26.87,11.27,M1
C05744,36079767,23.70,20.25,M3s
C05745,36072244,21.88,6.34,M1
C05746,36031029,9.34,24.06,M2
C05747,36031359,9.37,20.12,M2
C05748,36072539,21.74,21.61,M2
C05749,36092966,27.60,10.93,M2
C05750,36042165,12.68,15.32,M2
C05751,36067304,20.33,5.17,M1
C05752,36012918,3.61,12.65,M3s
C05753,36074140,22.31,23.73,M3e
C05754,36044435,13.25,18.25,M3e
C05755,36080443,24.17,11.93,M2
C05756,36047667,14.17,17.40,M3d
C05757,36047612,14.29,14.47,M1
C05758,36094134,28.29,11.92,M2
C05759,36068944,20.40,7.84,M2
C05760,36002882,0.77,12.20,M2
C05761,36053373,16.16,16.33,M1
C05762,36073125,21.90,23.57,M2
C05763,36047473,14.18,14.67,M2
C05764,36021144,6.56,11.16,M2
C05765,36082251,24.69,11.97,M3h
C05766,36071892,21.53,10.72,M1
C05767,36074137,22.26,20.40,M1
C05768,36063495,19.08,28.08,M3s
C05769,36014682,4.37,13.40,M1
C05770,36052605,15.62,16.49,M1
C05771,36066615,20.03,26.09,M2
C05772,36046878,13.98,21.51,M2
C05773,36083680,25.15,25.82,M1
C05774,36077773,23.32,23.80,M2
C05775,36070584,21.17,8.83,M1
C05776,36086218,25.81,11.53,M3s
C05777,36072381,21.68,14.70,M3e
C05778,36042436,12.80,20.89,M1
C05779,36024852,7.48,11.89,M1
C05780,36038501,11.68,14.44,M2
C05781,36073493,22.16,23.56,M2
C05782,36044053,13.29,13.81,M3s
C05783,36009337,2.89,16.32,M2
C05784,36012878,3.85,15.07,M2
C05785,36038275,11.69,18.02,M2
C05786,36056181,17.05,17.54,M3s
C05787,36066393,19.97,25.94,M1
C05788,36037471,11.29,25.83,M3s
C05789,36047651,14.11,17.19,M2
C05790,36076663,22.87,23.07,M3s
C05791,36047085,14.39,11.59,M1
C05792,36018047,5.57,11.44,M1
C05793,36036301,10.94,17.36,M1
C05794,36033341,10.05,19.59,M1
C05795,36091200,27.33,20.40,M2
C05796,36030485,9.23,17.24,M3e
C05797,36022103,6.69,26.65,M2
C05798,36080320,24.26,22.36,M2
C05799,36027603,8.11,23.78,M2
C05800,36034226,10.29,22.24,M2
C05801,36036359,10.85,20.30,M3s
C05802,36070849,21.19,25.37,M1
C05803,36015983,4.62,9.94,M2
C05804,36043950,13.04,18.83,M1
C05805,36000599,0.00,14.67,M1
C05806,36044570,13.41,13.98,M1
C05807,36046577,13.84,14.95,M3e
C05808,36015607,4.58,13.71,M3s
C05809,36076593,22.92,4.86,M1
C05810,36010389,3.15,25.07,M2
C05811,36073220,22.19,8.66,M2
C05812,36050390,15.13,15.78,M3s
C05813,36042957,12.84,17.64,M3s
C05814,36048335,14.62,20.94,M1
C05815,36064284,19.40,23.17,M2
C05816,36076149,23.06,22.14,M3s
C05817,36082832,24.61,7.88,M2
C05818,36072534,21.73,27.78,M2
C05819,36027582,8.38,13.93,M3d
C05820,36073048,22.18,8.83,M2
C05821,36075411,22.71,7.18,M3s
C05822,36062470,18.90,22.86,M3s
C05823,36080173,24.00,21.74,M2
C05824,36047222,14.33,14.67,M1
C05825,36051983,15.33,15.64,M3s
C05826,36044094,13.28,16.91,M3s
C05827,36046368,13.98,12.57,M1
C05828,36013465,4.18,12.47,M3h
C05829,36075415,22.58,13.43,M3h
C05830,36036905,10.87,20.35,M2
C05831,36084443,25.48,20.91,M1
C05832,36067177,20.37,22.23,M3e
C05833,36065567,19.68,28.51,M3s
C05834,36074160,22.47,23.23,M3s
C05835,36036353,10.82,11.74,M1
C05836,36027341,8.36,27.67,M2
C05837,36060864,18.00,26.42,M3e
C05838,36070073,21.11,23.36,M2
C05839,36035127,10.51,24.33,M3s
C05840,36066261,19.96,5.52,M1
C05841,36081766,24.34,11.41,M3h
C05842,36084381,25.37,20.87,M1
C05843,36071146,21.31,27.89,M3h
C05844,36037244,11.13,17.90,M3e
C05845,36085495,25.73,5.34,M1
C05846,36011800,3.56,12.97,M2
C05847,36071520,21.57,7.29,M2
C05848,36071462,21.44,8.31,M3e
C05849,36013156,4.06,11.55,M2
C05850,36087919,26.24,19.62,M2
C05851,36039784,11.92,12.50,M1
C05852,36013005,4.18,11.31,M1
C05853,36010572,3.03,14.72,M2
C05854,36069944,20.72,26.07,M3s
C05855,36068634,20.54,22.08,M3e
C05856,36085954,25.68,21.90,M2
C05857,36041604,12.39,17.20,M1
C05858,36065892,19.69,24.35,M2
C05859,36082995,24.65,19.42,M2
C05860,36046601,13.85,14.91,M3s
C05861,36078352,23.52,12.50,M2
C05862,36040399,12.08,22.97,M1
C05863,36043465,13.20,18.37,M1
C05864,36060787,18.18,24.55,M3e
C05865,36081942,24.56,18.79,M2
C05866,36040991,12.23,19.04,M1
C05867,36027272,8.26,24.92,M3s
C05868,36049128,14.91,18.78,M1
C05869,36031879,9.56,30.00,M3s
C05870,36084563,25.27,20.20,M3e
C05871,36075499,22.68,28.08,M1
C05872,36071072,21.54,7.19,M1
C05873,36034799,10.40,14.95,M3s
C05874,36093832,28.03,14.00,M1
C05875,36012311,3.68,11.82,M2
C05876,36032848,9.79,25.12,M3s
C05877,36040493,12.25,16.43,M2
C05878,36028542,8.57,16.46,M1
C05879,36008011,2.50,10.09,M2
C05880,36089363,26.80,15.32,M3s
C05881,36046396,13.80,18.46,M2
C05882,36075830,22.54,12.83,M1
C05883,36070794,21.16,21.79,M3s
C05884,36029732,8.91,13.58,M3s
C05885,36010240,3.00,12.21,M3d
C05886,36073858,22.04,20.74,M1
C05887,36034468,10.42,25.63,M1
C05888,36067168,20.29,23.60,M1
C05889,36022804,6.78,16.16,M3s
C05890,36013764,4.04,15.43,M2
C05891,36086829,25.97,24.60,M1
C05892,36044494,13.22,20.92,M3s
C05893,36016836,5.04,14.69,M2
C05894,36076440,23.05,8.25,M2
C05895,36076141,22.83,6.43,M2
C05896,36029927,8.93,15.14,M3d
C05897,36078101,23.70,13.24,M1
C05898,36027201,8.20,13.67,M2
C05899,36086094,26.08,6.49,M1
C05900,36034753,10.42,16.94,M2
C05901,36083769,25.16,13.54,M1
C05902,36067037,20.17,23.75,M3e
C05903,36076243,22.90,4.45,M1
C05904,36046542,13.92,15.18,M1
C05905,36008139,2.56,11.82,M1
C05906,36080011,24.29,13.51,M2
C05907,36012720,3.69,9.74,M1
C05908,36078684,23.46,7.85,M1
C05909,36089015,26.76,11.52,M2
C05910,36034886,10.25,21.78,M1
C05911,36040709,12.25,12.58,M3d
C05912,36022662,6.79,28.58,M3s
C05913,36011750,3.43,15.85,M2
C05914,36073875,22.09,5.07,M1
C05915,36026756,7.89,21.58,M2
C05916,36012275,3.83,11.59,M2
C05917,36029463,8.84,24.20,M2
C05918,36043845,12.93,21.49,M3s
C05919,36037236,11.31,25.02,M3d
C05920,36047744,14.40,19.04,M2
C05921,36006178,1.92,16.33,M2
C05922,36079524,23.77,19.30,M3s
C05923,36044258,13.32,16.42,M3e
C05924,36036062,11.10,19.08,M2
C05925,36038783,11.53,24.28,M1
C05926,36087840,26.15,20.51,M3h
C05927,36074495,22.35,18.59,M3e
C05928,36029294,8.99,20.53,M1
C05929,36065854,19.69,21.38,M1
C05930,36045711,13.68,14.46,M2
C05931,36030584,9.01,25.64,M1
C05932,36033057,9.97,24.74,M3s
C05933,36070585,21.13,7.49,M1
C05934,36034898,10.41,24.86,M2
C05935,36073257,22.00,5.87,M2
C05936,36070089,21.16,27.33,M3d
C05937,36081915,24.50,16.14,M2
C05938,36079502,23.76,21.25,M3e
C05939,36068061,20.58,22.84,M1
C05940,36081666,24.54,21.96,M2
C05941,36049368,14.79,25.18,M1
C05942,36082020,24.71,7.66,M2
C05943,36070048,21.09,21.99,M3s
C05944,36087080,26.29,18.92,M1
C05945,36069154,20.87,16.93,M3s
C05946,36050471,15.30,14.09,M2
C05947,36036943,10.90,14.29,M1
C05948,36080078,24.10,10.50,M2
C05949,36089987,26.85,12.34,M3s
C05950,36084977,25.40,18.02,M3s
C05951,36028867,8.56,22.51,M2
C05952,36076306,23.08,29.23,M2
C05953,36024589,7.39,25.09,M1
C05954,36083962,25.09,13.07,M2
C05955,36073547,22.09,7.96,M1
C05956,36035710,10.78,15.41,M2
C05957,36017302,5.33,13.02,M2
C05958,36069881,20.77,7.65,M3s
C05959,36077723,23.31,20.68,M3e
C05960,36066916,20.03,23.31,M2
C05961,36073280,22.18,21.99,M1
C05962,36067846,20.20,23.47,M3s
C05963,36097171,29.12,11.47,M3h
C05964,36075741,22.62,12.15,M1
C05965,36069347,20.93,25.74,M3d
C05966,36070056,21.29,7.96,M2
C05967,36049491,14.74,16.53,M1
C05968,36012889,3.88,11.97,M2
C05969,36043833,13.10,16.64,M1
C05970,36047209,14.13,19.39,M2
C05971,36071658,21.46,24.99,M3e
C05972,36018808,5.65,10.12,M3e
C05973,36072564,21.66,26.06,M3d
C05974,36085625,25.57,18.27,M3s
C05975,36051300,15.47,14.51,M2
C05976,36073937,22.10,14.74,M2
C05977,36025066,7.78,23.07,M2
C05978,36058155,17.60,14.47,M3s
C05979,36023221,6.94,27.50,M3e
C05980,36078638,23.66,25.43,M3s
C05981,36049282,14.93,14.48,M2
C05982,36016843,5.09,13.56,M1
C05983,36080561,24.14,7.44,M1
C05984,36025835,7.52,12.50,M2
C05985,36039896,11.74,18.79,M2
C05986,36076556,23.03,8.36,M1
C05987,36008582,2.68,11.44,M1
C05988,36016042,4.93,11.34,M2
C05989,36050534,15.13,15.92,M3s
C05990,36076479,23.09,18.66,M3d
C05991,36086946,25.82,25.40,M3s
C05992,36062578,18.88,6.64,M2
C05993,36037731,11.36,18.00,M1
C05994,36077485,23.37,4.47,M3e
C05995,36051821,15.59,17.05,M1
C05996,36043167,13.10,13.05,M2
C05997,36047568,14.12,19.16,M1
C05998,36080035,24.18,16.24,M3d
C05999,36071774,21.37,25.60,M2
C06000,36072896,21.75,19.14,M1
C06001,36024852,7.39,24.65,M2
C06002,36074756,22.50,16.21,M3e
C06003,36085557,25.54,12.48,M2
C06004,36082396,24.89,24.53,M2
C06005,36021444,6.51,24.13,M2
C06006,36045684,13.77,16.68,M1
C06007,36046959,13.83,15.23,M3e
C06008,36025317,7.59,13.99,M3s
C06009,36047443,14.30,12.27,M2
C06010,36036877,11.00,17.23,M3s
C06011,36077751,23.23,21.42,M2
C06012,36041725,12.53,12.28,M2
C06013,36043262,13.15,26.34,M3s
C06014,36045253,13.69,14.00,M1
C06015,36014650,4.31,11.78,M3s
C06016,36088499,26.68,21.77,M2
C06017,36016077,5.09,10.93,M1
C06018,36059143,17.88,6.53,M2
C06019,36039378,11.74,15.10,M3s
C06020,36047890,14.24,18.48,M1
C06021,36051291,15.37,12.88,M2
C06022,36034414,10.34,22.49,M2
C06023,36034869,10.39,24.26,M1
C06024,36016004,5.03,27.27,M3e
C06025,36048923,14.61,23.46,M3s
C06026,36076570,22.95,7.49,M1
C06027,36045121,13.53,16.37,M3e
C06028,36054351,16.26,13.95,M1
C06029,36045397,13.57,19.09,M3h
C06030,36034217,10.21,19.28,M2
C06031,36083086,24.96,6.60,M3h
C06032,36052306,15.71,14.08,M3e
C06033,36074157,22.34,10.50,M2
C06034,36098808,29.63,9.48,M2
C06035,36038798,11.48,17.36,M2
C06036,36013787,3.99,10.81,M1
C06037,36081346,24.50,5.00,M2
C06038,36085191,25.68,11.06,M3s
C06039,36038345,11.49,14.82,M3s
C06040,36068590,20.58,26.73,M3s
C06041,36080148,24.07,8.72,M2
C06042,36048297,14.46,19.93,M3s
C06043,36025652,7.66,24.34,M2
C06044,36011695,3.58,16.06,M2
C06045,36051216,15.57,13.21,M2
C06046,36020993,6.23,12.11,M2
C06047,36021550,6.49,8.66,M1
C06048,36067754,20.24,27.81,M2
C06049,36042320,12.85,18.43,M2
C06050,36081312,24.46,22.08,M1
C06051,36099300,30.00,13.40,M2
C06052,36075612,22.60,21.25,M2
C06053,36053204,16.00,14.89,M2
C06054,36075156,22.61,24.25,M2
C06055,36079499,23.89,6.90,M2
C06056,36073144,22.16,6.93,M1
C06057,36027597,8.24,24.33,M2
C06058,36084293,25.43,21.51,M1
C06059,36078680,23.57,6.87,M3d
C06060,36085461,25.54,11.06,M2
C06061,36043128,12.93,21.01,M3d
C06062,36031189,9.49,24.80,M1
C06063,36049237,14.87,12.18,M3s
C06064,36014370,4.24,12.36,M2
C06065,36043729,13.17,14.51,M1
C06066,36086321,26.03,13.31,M2
C06067,36077557,23.37,10.63,M2
C06068,36045875,13.74,16.16,M1
C06069,36075222,22.52,22.70,M1
C06070,36084519,25.20,13.35,M1
C06071,36051875,15.51,13.72,M2
C06072,36029782,8.91,27.32,M1
C06073,36041677,12.40,16.00,M3h
C06074,36083146,25.19,21.52,M3e
C06075,36071856,21.53,21.18,M2
C06076,36013487,3.91,15.61,M2
C06077,36036302,10.86,18.42,M2
C06078,36045419,13.64,15.09,M2
C06079,36082911,24.64,4.58,M3s
C06080,36029381,8.95,13.92,M3s
C06081,36042417,12.69,17.87,M2
C06082,36099873,30.00,14.92,M3d
C06083,36069298,20.99,26.27,M1
C06084,36079851,23.83,11.15,M1
C06085,36075625,22.61,22.84,M2
C06086,36077734,23.30,7.12,M2
C06087,36016341,5.08,10.68,M1
C06088,36068295,20.47,24.72,M3s
C06089,36047924,14.30,11.58,M2
C06090,36038724,11.63,15.97,M2
C06091,36037650,11.26,19.19,M3e
C06092,36011043,3.59,11.09,M2
C06093,36026478,7.88,25.96,M2
C06094,36025908,7.74,22.31,M1
C06095,36025494,7.62,23.81,M2
C06096,36038864,11.53,18.73,M2
C06097,36081159,24.57,12.23,M3e
C06098,36081159,24.41,6.14,M3h
C06099,36080527,24.04,14.43,M2
C06100,36017545,5.10,14.97,M3d
C06101,36084006,25.28,7.55,M3s
C06102,36016496,4.96,12.29,M3d
C06103,36025903,7.66,24.85,M1
C06104,36043948,13.12,15.62,M3s
C06105,36045206,13.76,14.66,M1
C06106,36011975,3.59,9.55,M2
C06107,36069971,20.80,25.86,M3s
C06108,36089584,26.86,12.05,M2
C06109,36032330,9.79,19.50,M2
C06110,36037860,11.20,24.01,M1
C06111,36078354,23.46,5.30,M1
C06112,36027674,8.20,11.78,M2
C06113,36012592,3.83,14.55,M3e
C06114,36078608,23.46,20.78,M1
C06115,36055713,16.60,17.50,M3s
C06116,36028482,8.61,20.73,M1
C06117,36020049,6.05,13.73,M2
C06118,36033078,10.09,18.12,M2
C06119,36061538,18.48,22.63,M3e
C06120,36017236,5.37,14.16,M1
C06121,36073618,22.12,24.00,M3e
C06122,36077119,23.28,17.69,M2
C06123,36026945,7.82,22.64,M1
C06124,36080520,24.13,11.81,M3s
C06125,36084677,25.28,11.09,M1
C06126,36056257,16.83,13.60,M2
C06127,36042028,12.64,16.46,M1
C06128,36036819,11.07,18.90,M3s
C06129,36052378,15.73,14.62,M2
C06130,36074900,22.42,24.30,M2
C06131,36021632,6.56,22.40,M3s
C06132,36035470,10.56,23.48,M2
C06133,36085674,25.50,12.56,M3e
C06134,36010955,3.14,14.25,M3s
C06135,36045922,13.57,14.96,M2
C06136,36046293,14.00,15.78,M3d
C06137,36023417,6.96,27.46,M1
C06138,36047763,14.29,13.04,M3s
C06139,36044691,13.39,19.79,M3s
C06140,36093384,28.14,14.61,M2
C06141,36034653,10.47,15.61,M1
C06142,36043632,12.95,15.31,M1
C06143,36034015,10.49,16.35,M1
C06144,36069170,20.81,7.38,M2
C06145,36000419,0.13,10.91,M2
C06146,36006682,2.04,10.68,M2
C06147,36020597,6.23,23.81,M2
C06148,36020347,6.25,16.38,M1
C06149,36073590,22.02,3.52,M2
C06150,36037415,11.21,19.28,M1
C06151,36067388,20.27,12.30,M3d
C06152,36073100,21.94,7.02,M2
C06153,36043716,12.91,18.44,M3s
C06154,36090600,27.21,4.51,M2
C06155,36074569,22.33,22.12,M3h
C06156,36050132,15.14,15.72,M3e
C06157,36068743,20.60,26.01,M2
C06158,36089135,26.88,12.75,M3e
C06159,36042054,12.88,18.93,M2
C06160,36077614,23.38,6.62,M1
C06161,36005751,1.60,13.04,M2
C06162,36066116,20.00,25.26,M2
C06163,36072747,21.84,26.56,M2
C06164,36077636,23.12,12.18,M2
C06165,36075197,22.60,21.99,M2
C06166,36068609,20.54,9.32,M2
C06167,36049972,14.79,17.88,M2
C06168,36074019,22.44,21.09,M3s
C06169,36015310,4.74,14.68,M2
C06170,36027257,8.35,24.71,M1
C06171,36014542,4.35,12.25,M2
C06172,36063225,19.14,25.15,M3s
C06173,36027599,8.33,20.57,M2
C06174,36081774,24.47,9.41,M3d
C06175,36083518,24.96,10.34,M1
C06176,36037528,11.14,24.46,M1
C06177,36035823,10.77,20.76,M3s
C06178,36047908,14.25,12.52,M2
C06179,36025181,7.68,12.04,M3e
C06180,36043519,13.11,17.03,M2
C06181,36074800,22.23,19.14,M3s
C06182,36079705,23.74,13.94,M2
C06183,36089259,26.89,9.84,M2
C06184,36073427,21.90,7.90,M3s
C06185,36067576,20.12,22.59,M1
C06186,36064864,19.20,27.69,M1
C06187,36016973,4.85,14.79,M3s
C06188,36038433,11.49,19.01,M3e
C06189,36058581,17.62,13.47,M3s
C06190,36038062,11.53,18.04,M3h
C06191,36040445,12.00,18.13,M1
C06192,36046229,14.02,18.62,M1
C06193,36074455,22.22,23.04,M2
C06194,36072302,21.65,21.69,M3d
C06195,36034710,10.30,17.42,M3s
C06196,36067357,20.19,24.53,M1
C06197,36074573,22.22,22.62,M1
C06198,36090700,27.17,11.66,M3s
C06199,36085905,25.51,22.26,M3s
C06200,36052064,15.80,13.52,M1
C06201,36087245,26.11,14.49,M1
C06202,36082017,24.75,11.36,M2
C06203,36083295,25.02,12.36,M1
C06204,36085395,25.77,11.47,M2
C06205,36028402,8.56,24.59,M2
C06206,36046719,13.91,17.53,M3d
C06207,36065725,19.71,25.21,M1
C06208,36058082,17.66,20.30,M3h
C06209,36057109,17.14,27.36,M2
C06210,36051743,15.38,24.94,M1
C06211,36029987,8.95,20.68,M3h
C06212,36080620,24.01,22.39,M3s
C06213,36058205,17.44,23.30,M1
C06214,36079543,23.74,12.32,M3s
C06215,36064491,19.24,25.30,M3s
C06216,36069355,20.73,20.77,M1
C06217,36042229,12.85,24.71,M3s
C06218,36034722,10.41,26.55,M3h
C06219,36082647,24.74,22.10,M3d
C06220,36065027,19.73,24.20,M3s
C06221,36030336,9.11,26.70,M1
C06222,36012097,3.71,12.41,M2
C06223,36067871,20.14,19.34,M2
C06224,36069670,20.87,24.26,M2
C06225,36089559,26.78,15.83,M2
C06226,36088708,26.58,11.15,M3e
C06227,36082087,24.77,8.26,M2
C06228,36084415,25.24,18.79,M1
C06229,36093570,28.18,20.15,M3e
C06230,36032124,9.62,29.17,M2
C06231,36086639,26.00,12.69,M1
C06232,36096928,28.80,11.55,M3s
C06233,36071502,21.52,7.78,M3s
C06234,36043553,12.96,15.33,M3h
C06235,36013708,4.05,14.88,M1
C06236,36062803,18.76,26.96,M2
C06237,36032857,9.87,26.48,M3s
C06238,36079909,23.73,14.77,M2
C06239,36092177,27.71,4.53,M2
C06240,36045961,13.79,15.16,M1
C06241,36084771,25.47,17.10,M2
C06242,36078908,23.41,22.00,M3s
C06243,36020159,6.23,28.43,M1
C06244,36081071,24.42,22.56,M2
C06245,36079670,23.99,22.72,M2
C06246,36076047,23.07,18.46,M3h
C06247,36094206,28.38,14.42,M2
C06248,36018805,5.64,22.66,M2
C06249,36074808,22.21,22.33,M2
C06250,36039606,11.78,14.12,M3e
C06251,36089390,26.84,19.63,M3s
C06252,36030934,9.13,19.45,M3s
C06253,36090985,27.19,12.12,M2
C06254,36053510,16.03,13.79,M2
C06255,36047009,14.21,14.35,M3s
C06256,36015666,4.61,11.83,M2
C06257,36033120,10.01,16.92,M2
C06258,36052498,15.61,11.62,M2
C06259,36007210,2.39,16.76,M3s
C06260,36021326,6.37,11.01,M1
C06261,36031783,9.57,29.22,M2
C06262,36082846,24.80,12.42,M1
C06263,36060762,18.29,25.54,M2
C06264,36011684,3.50,13.33,M1
C06265,36080633,24.04,7.70,M2
C06266,36037649,11.17,19.82,M2
C06267,36067061,20.20,23.63,M2
C06268,36093632,28.08,13.12,M2
C06269,36090381,27.23,12.66,M1
C06270,36075024,22.68,21.16,M3s
C06271,36089599,26.76,8.46,M2
C06272,36078424,23.51,25.78,M2
C06273,36069555,20.76,19.90,M1
C06274,36073571,22.19,6.39,M3h
C06275,36084758,25.50,18.03,M3d
