1.47,13.16,16.57,8.85,14.26,17.18,20.53,9.31,19.87,18.97,6.78,14.89,9.49,20.90,5.19,5.43,13.02,9.19,14.57
13.45,10.19,14.10,17.99,20.25,11.22,16.51,11.12,4.97,32.01,11.29,11.82,23.93,33.27,11.05,9.80,4.24,15.90,5.35
11.97,17.56,18.55,7.05,10.50,21.13,21.93,20.29,28.82,8.15,17.76,18.21,4.14,9.92,16.12,15.94,23.21,9.64,24.99
12.01,1.47,3.71,9.48,9.30,4.65,7.58,16.87,15.15,23.59,15.14,1.88,18.39,24.15,13.46,11.75,13.82,6.89,15.74
3.53,13.13,16.01,6.79,12.35,17.17,19.94,11.84,21.50,16.53,9.30,14.62,7.42,18.40,7.64,7.59,15.09,7.69,16.75
12.65,7.08,6.24,5.91,3.67,9.45,9.44,19.65,20.69,18.64,17.46,6.64,15.30,18.90,15.54,14.12,18.31,4.07,20.29
16.20,4.27,2.16,13.28,11.63,1.76,3.91,20.22,15.10,26.85,18.77,2.41,22.47,27.10,17.24,15.48,15.96,10.76,17.70
11.31,13.76,14.26,3.40,6.09,17.07,17.51,19.81,26.02,11.05,17.27,14.14,7.95,11.95,15.41,14.75,21.35,5.83,23.26
4.08,16.09,19.64,11.63,17.15,20.07,23.59,8.64,21.37,19.87,6.44,17.89,9.84,22.07,5.64,6.73,13.92,12.23,15.17
11.42,15.67,16.46,5.11,8.36,19.14,19.78,19.91,27.39,9.42,17.36,16.21,5.86,10.74,15.60,15.19,22.20,7.70,24.04
16.25,7.60,4.30,9.90,6.06,8.09,6.06,22.55,20.95,21.60,20.55,6.09,19.24,21.46,18.71,17.14,20.08,8.06,22.01
1.79,13.77,17.40,10.21,15.57,17.74,21.34,8.05,19.44,20.15,5.55,15.59,10.48,22.15,4.16,4.78,12.28,10.43,13.72
1.08,11.87,15.26,7.96,13.24,15.89,19.22,9.60,19.10,19.02,7.05,13.58,9.93,20.83,5.26,5.06,12.55,8.06,14.21
11.41,14.92,15.58,4.40,7.41,18.32,18.87,19.93,26.89,9.99,17.38,15.39,6.73,11.11,15.57,15.06,21.91,6.95,23.78
13.01,1.62,2.87,10.37,9.75,3.71,6.63,17.63,15.02,24.36,15.98,0.85,19.37,24.83,14.34,12.61,14.24,7.79,16.12
5.22,17.05,20.34,11.39,16.97,21.07,24.30,10.43,23.08,18.35,8.26,18.74,8.25,20.63,7.43,8.41,15.72,12.37,16.99
11.13,17.40,18.65,7.03,10.98,21.07,22.12,19.37,28.29,8.92,16.85,18.16,3.23,10.83,15.25,15.15,22.50,9.58,24.25
10.32,1.74,5.63,9.16,10.11,5.78,9.43,14.92,14.20,23.51,13.20,3.54,17.54,24.29,11.54,9.82,12.10,6.63,14.05
13.03,9.97,13.95,17.63,19.95,11.15,16.43,10.81,5.39,31.62,10.92,11.65,23.52,32.89,10.66,9.39,4.04,15.55,5.28
13.73,12.19,16.22,19.24,21.92,13.43,18.71,9.96,5.19,32.96,10.60,13.91,24.44,34.36,10.75,9.79,2.77,17.31,3.27
11.52,3.45,4.32,7.66,7.30,6.44,8.24,17.34,17.05,21.60,15.39,3.51,16.80,22.12,13.59,11.97,15.08,5.10,17.04
12.14,17.28,18.16,6.74,9.97,20.80,21.49,20.51,28.74,8.13,17.98,17.88,4.73,9.75,16.31,16.06,23.27,9.33,25.06
13.58,1.86,2.58,11.00,10.21,3.08,6.16,17.99,14.80,24.94,16.40,0.24,20.01,25.38,14.79,13.05,14.36,8.42,16.22
16.97,4.98,2.87,14.16,12.40,1.69,3.60,20.76,14.95,27.68,19.38,3.24,23.35,27.89,17.89,16.13,16.26,11.63,17.95
7.43,15.00,17.00,5.78,11.04,18.90,20.75,15.70,24.94,12.62,13.17,16.10,4.20,14.51,11.55,11.46,18.88,7.85,20.59
14.91,3.09,1.78,12.02,10.69,2.31,4.89,19.20,15.09,25.73,17.66,1.09,21.16,26.06,16.08,14.33,15.28,9.47,17.09
12.17,1.85,5.79,11.97,12.56,4.06,8.88,15.28,11.84,26.32,13.96,3.43,20.21,27.06,12.55,10.78,11.14,9.44,12.97
10.36,4.39,5.73,6.31,6.73,7.77,9.62,16.64,17.60,20.42,14.57,4.86,15.39,21.05,12.72,11.17,14.97,3.73,16.96
13.42,7.37,6.03,6.54,3.56,9.43,8.99,20.39,21.04,18.86,18.21,6.72,15.89,19.01,16.30,14.86,18.90,4.83,20.88
9.92,11.94,12.73,1.48,5.56,15.36,16.16,18.33,24.11,12.92,15.81,12.44,8.65,13.86,13.91,13.12,19.54,3.98,21.46
10.53,15.07,16.07,4.55,8.36,18.63,19.49,19.03,26.61,10.20,16.48,15.70,5.64,11.60,14.71,14.30,21.34,7.14,23.17
12.36,17.39,18.21,6.84,9.94,20.89,21.51,20.75,28.91,7.94,18.21,17.96,4.91,9.53,16.53,16.28,23.47,9.43,25.27
9.40,10.46,14.85,15.51,18.85,12.93,18.03,6.95,9.24,28.85,6.80,12.47,20.14,30.37,6.57,5.47,2.64,13.86,4.61
11.22,9.67,13.91,16.32,19.06,11.52,16.75,9.16,7.19,30.11,9.10,11.54,21.79,31.47,8.78,7.52,3.09,14.39,4.85
13.06,16.75,17.18,6.28,8.49,20.06,20.32,21.55,28.80,8.10,19.00,17.13,6.65,9.21,17.24,16.81,23.77,8.80,25.63
5.30,14.06,16.55,6.25,11.81,18.06,20.42,13.54,23.14,14.76,11.02,15.38,5.75,16.66,9.40,9.37,16.85,7.73,18.52
8.74,3.34,7.01,8.08,9.88,7.39,10.89,13.81,14.73,22.46,11.94,5.08,16.08,23.38,10.21,8.53,11.71,5.68,13.70
12.30,0.68,3.81,10.32,10.21,3.95,7.48,16.70,14.30,24.48,15.08,1.56,19.11,25.06,13.47,11.73,13.29,7.73,15.18
4.39,16.33,19.74,11.25,16.81,20.33,23.70,9.53,22.09,19.02,7.32,18.07,8.97,21.24,6.44,7.42,14.72,12.03,16.01
12.74,16.86,17.43,6.34,8.89,20.24,20.63,21.21,28.74,8.08,18.66,17.31,6.08,9.36,16.92,16.55,23.58,8.89,25.42
7.18,16.04,18.31,7.34,12.67,20.01,22.12,15.04,25.24,13.15,12.57,17.27,3.66,15.24,11.10,11.27,18.81,9.25,20.44
9.19,12.88,17.29,16.56,20.46,15.55,20.59,4.45,10.86,29.17,4.97,14.92,19.94,30.88,5.48,5.11,2.96,15.24,4.14
1.92,13.90,17.53,10.32,15.69,17.87,21.48,8.01,19.51,20.18,5.53,15.73,10.48,22.19,4.17,4.85,12.33,10.55,13.75
3.30,13.12,16.05,6.98,12.53,17.16,19.99,11.60,21.34,16.76,9.06,14.63,7.61,18.64,7.40,7.37,14.89,7.82,16.54
9.15,2.86,6.82,8.79,10.42,6.87,10.63,13.79,14.09,23.17,12.02,4.74,16.76,24.07,10.35,8.63,11.33,6.37,13.31
11.64,3.56,4.26,7.65,7.18,6.47,8.16,17.49,17.17,21.55,15.53,3.54,16.83,22.05,13.73,12.11,15.23,5.10,17.20
12.72,9.37,8.67,4.56,1.61,11.92,11.64,20.39,22.82,16.21,18.05,9.09,13.56,16.43,16.10,14.86,19.84,3.88,21.83
3.28,12.88,15.80,6.78,12.32,16.93,19.74,11.65,21.21,16.77,9.10,14.39,7.71,18.62,7.42,7.33,14.81,7.58,16.48
13.04,10.19,14.18,17.75,20.13,11.40,16.68,10.66,5.37,31.71,10.82,11.88,23.56,33.00,10.60,9.36,3.83,15.70,5.04
14.66,5.95,3.42,8.96,6.13,7.06,6.31,20.79,19.49,21.57,18.82,4.67,18.38,21.65,16.99,15.40,18.34,6.84,20.28
6.83,6.63,10.97,10.76,13.92,10.09,14.60,9.53,12.31,24.59,7.97,8.71,16.67,25.91,6.52,4.75,7.55,8.95,9.53
8.65,6.22,7.96,4.35,6.48,9.89,11.82,15.69,18.61,18.69,13.44,7.03,13.18,19.52,11.52,10.14,15.01,1.82,17.00
11.41,9.15,13.34,16.14,18.72,10.89,16.14,9.75,7.02,30.05,9.59,10.98,21.88,31.36,9.17,7.83,3.72,14.15,5.43
14.09,2.11,3.48,12.30,11.72,1.95,6.34,17.79,13.46,26.36,16.38,1.49,21.15,26.85,14.89,13.12,13.62,9.71,15.40
15.85,19.38,19.43,9.07,10.22,22.51,22.31,24.29,31.67,5.46,21.75,19.60,7.97,6.31,20.03,19.67,26.67,11.51,28.52
4.97,16.87,20.23,11.47,17.05,20.89,24.18,10.01,22.72,18.72,7.85,18.59,8.63,20.98,7.04,8.05,15.32,12.37,16.59
2.99,9.20,12.64,6.96,11.64,13.23,16.60,10.35,17.40,19.77,7.94,10.92,11.53,21.30,5.99,4.96,11.64,6.25,13.48
8.22,3.84,7.51,7.88,9.98,7.88,11.40,13.39,14.83,22.24,11.49,5.59,15.69,23.21,9.74,8.07,11.52,5.56,13.51
10.22,16.20,17.52,5.89,10.11,19.89,21.03,18.56,27.15,9.91,16.03,16.99,3.87,11.67,14.37,14.18,21.46,8.41,23.23
11.71,6.94,11.00,15.03,17.00,8.47,13.72,11.66,7.59,29.24,11.09,8.67,21.66,30.37,10.29,8.71,6.13,12.82,7.83
14.66,2.74,2.24,12.06,10.94,2.09,5.28,18.80,14.64,25.89,17.29,0.93,21.13,26.26,15.74,13.98,14.82,9.50,16.62
5.92,17.91,21.36,12.74,18.32,21.90,25.32,9.77,23.11,19.53,7.82,19.67,9.41,21.86,7.32,8.54,15.55,13.62,16.69
12.01,16.46,17.21,5.91,8.94,19.92,20.50,20.46,28.17,8.64,17.92,16.99,5.59,10.03,16.19,15.83,22.91,8.49,24.74
2.35,9.85,13.67,8.83,13.47,13.77,17.58,8.49,16.35,21.30,6.11,11.74,12.58,22.93,4.16,3.08,10.08,8.07,11.85
2.02,12.31,16.24,10.79,15.78,16.15,20.13,6.52,17.07,22.03,3.99,14.26,12.62,23.90,2.16,2.41,9.95,10.42,11.45
12.11,14.58,18.93,19.34,22.99,16.70,21.91,6.07,9.29,32.10,7.45,16.54,22.85,33.80,8.30,8.04,2.12,17.88,1.53
7.18,14.04,15.98,4.79,10.13,17.92,19.73,15.61,24.26,12.97,13.06,15.11,5.13,14.71,11.36,11.12,18.41,6.82,20.17
12.70,12.28,16.46,18.65,21.62,13.89,19.17,8.66,6.49,32.16,9.33,14.11,23.47,33.64,9.56,8.69,1.47,16.84,2.40
10.79,8.18,8.43,3.39,3.60,11.24,11.87,18.37,21.28,16.74,16.03,8.32,12.79,17.27,14.09,12.84,17.94,1.91,19.93
1.15,12.95,16.42,8.95,14.32,16.96,20.38,9.04,19.54,19.27,6.50,14.71,9.82,21.19,4.88,5.09,12.67,9.20,14.23
9.99,10.44,14.80,15.91,19.12,12.74,17.89,7.43,8.62,29.36,7.38,12.42,20.72,30.84,7.19,6.09,2.33,14.19,4.32
8.01,4.29,8.52,9.45,11.84,8.07,12.25,12.01,13.17,23.71,10.31,6.33,16.62,24.79,8.71,6.96,9.68,7.28,11.67
12.78,16.96,17.54,6.43,9.00,20.34,20.74,21.24,28.83,8.00,18.70,17.41,6.02,9.29,16.96,16.60,23.64,8.99,25.48
2.58,13.41,16.55,7.96,13.48,17.45,20.50,10.63,20.93,17.64,8.10,15.02,8.23,19.58,6.52,6.67,14.24,8.63,15.83
8.31,7.35,11.76,12.78,15.73,10.23,15.12,9.07,10.37,26.61,8.02,9.40,18.53,27.93,6.98,5.32,5.73,10.90,7.73
12.21,7.37,6.81,5.27,3.40,9.93,10.07,19.38,20.89,18.10,17.15,7.08,14.66,18.41,15.22,13.84,18.26,3.52,20.26
10.23,8.68,12.99,15.07,17.84,10.84,16.00,9.10,8.22,28.90,8.69,10.61,20.69,30.24,8.13,6.71,3.94,13.15,5.85
7.54,13.68,15.46,4.12,9.41,17.50,19.17,16.03,24.23,12.80,13.48,14.66,5.54,14.43,11.73,11.39,18.57,6.27,20.37
5.63,9.96,12.27,3.35,8.60,13.89,16.14,13.89,20.46,16.37,11.39,11.15,9.25,17.73,9.47,8.64,15.26,3.67,17.14
14.21,4.92,2.65,9.17,6.92,6.11,6.04,20.05,18.44,22.22,18.13,3.63,18.57,22.40,16.34,14.71,17.39,6.87,19.32
5.33,16.78,20.68,13.93,19.32,20.60,24.58,6.16,20.06,22.70,4.39,18.72,12.65,24.91,4.45,6.06,12.29,14.16,13.27
3.65,13.27,16.13,6.83,12.40,17.31,20.06,11.93,21.66,16.42,9.39,14.76,7.28,18.30,7.75,7.72,15.23,7.78,16.88
9.59,17.75,19.60,8.11,12.89,21.62,23.28,17.40,27.54,10.84,14.96,18.80,1.43,13.05,13.52,13.69,21.22,10.40,22.86
9.87,12.96,13.88,2.41,6.55,16.46,17.32,18.36,24.85,12.03,15.82,13.53,7.52,13.13,13.96,13.31,19.99,4.99,21.88
6.32,17.39,21.40,15.07,20.41,21.12,25.26,5.35,19.79,23.90,4.02,19.37,13.83,26.13,4.63,6.36,11.91,15.20,12.73
12.97,14.74,19.03,19.99,23.47,16.63,21.88,7.04,8.46,32.91,8.42,16.65,23.74,34.57,9.23,8.88,2.12,18.44,0.61
10.48,16.01,17.19,5.59,9.62,19.65,20.67,18.88,27.17,9.77,16.34,16.74,4.39,11.42,14.65,14.39,21.61,8.15,23.40
3.92,15.43,18.63,9.68,15.25,19.47,22.58,10.58,22.22,17.70,8.20,17.08,7.78,19.84,6.99,7.62,15.14,10.60,16.58
10.99,10.94,15.24,16.85,19.93,12.96,18.17,7.91,7.72,30.36,8.13,12.86,21.72,31.83,8.08,7.06,1.68,15.08,3.60
6.32,18.14,21.41,12.22,17.80,22.17,25.37,11.00,24.04,18.29,8.97,19.83,8.18,20.66,8.30,9.38,16.58,13.32,17.79
10.04,3.79,8.18,11.63,13.38,6.70,11.49,12.63,11.09,25.97,11.33,5.80,18.99,26.97,9.99,8.22,8.86,9.31,10.78
1.68,10.33,13.98,8.25,13.11,14.31,17.91,8.98,17.29,20.41,6.51,12.15,11.64,22.08,4.57,3.79,10.98,7.75,12.73
4.05,8.22,11.59,6.51,10.87,12.26,15.55,11.07,17.08,19.86,8.72,9.90,12.02,21.26,6.78,5.56,11.74,5.47,13.64
9.71,17.73,19.54,8.02,12.75,21.59,23.20,17.55,27.61,10.67,15.10,18.76,1.45,12.87,13.65,13.80,21.32,10.34,22.97
11.70,12.55,16.85,18.14,21.42,14.52,19.75,7.29,7.84,31.40,8.02,14.47,22.50,32.95,8.36,7.64,0.11,16.47,2.02
11.07,17.15,18.37,6.77,10.69,20.81,21.84,19.34,28.13,9.00,16.82,17.91,3.49,10.86,15.20,15.06,22.39,9.32,24.14
12.12,18.74,19.97,8.37,12.12,22.41,23.42,20.19,29.53,8.00,17.70,19.51,2.78,10.12,16.17,16.17,23.60,10.92,25.31
4.68,15.85,18.89,9.45,15.03,19.90,22.83,11.50,23.06,16.82,9.13,17.43,6.87,18.99,7.91,8.49,16.04,10.59,17.49
2.64,14.64,18.18,10.50,15.96,18.62,22.14,8.48,20.35,19.73,6.07,16.43,9.90,21.80,4.88,5.67,13.10,10.92,14.49
14.76,13.26,17.22,20.41,23.08,14.31,19.59,10.47,4.70,34.10,11.33,14.93,25.51,35.52,11.63,10.77,3.41,18.49,3.19
10.30,16.37,17.68,6.06,10.26,20.06,21.20,18.63,27.29,9.80,16.10,17.16,3.73,11.59,14.45,14.28,21.57,8.58,23.34
11.62,16.05,16.85,5.50,8.70,19.53,20.17,20.10,27.73,9.07,17.55,16.60,5.62,10.45,15.81,15.43,22.49,8.09,24.32
11.72,12.75,17.05,18.25,21.56,14.73,19.96,7.14,7.98,31.45,7.93,14.67,22.52,33.02,8.32,7.64,0.13,16.60,1.87
13.06,6.58,5.43,6.69,4.30,8.72,8.61,19.83,20.25,19.44,17.69,5.96,16.09,19.66,15.79,14.32,18.17,4.71,20.15
15.44,3.56,1.86,12.56,11.10,1.96,4.47,19.60,15.04,26.22,18.11,1.64,21.72,26.51,16.55,14.79,15.53,10.02,17.31
6.74,16.67,19.22,8.63,14.06,20.69,23.08,14.09,25.09,14.23,11.69,18.03,4.28,16.44,10.37,10.77,18.35,10.33,19.88
6.17,7.53,10.11,4.38,8.36,11.49,14.05,13.57,18.38,18.44,11.23,8.81,11.69,19.60,9.28,8.06,13.79,2.97,15.74
9.84,2.37,6.71,9.91,11.34,6.16,10.35,13.79,13.05,24.29,12.20,4.44,17.83,25.18,10.63,8.87,10.75,7.48,12.70
12.46,11.91,16.10,18.31,21.25,13.56,18.82,8.68,6.53,31.86,9.24,13.74,23.22,33.33,9.40,8.48,1.53,16.49,2.72
3.27,13.18,16.13,7.07,12.62,17.22,20.06,11.54,21.35,16.80,9.01,14.70,7.61,18.69,7.36,7.35,14.87,7.91,16.52
10.32,10.69,15.03,16.27,19.45,12.90,18.07,7.50,8.35,29.72,7.57,12.65,21.06,31.20,7.45,6.39,2.00,14.54,3.99
15.96,5.21,1.00,11.40,8.86,4.75,3.85,21.17,17.86,24.31,19.43,3.27,20.79,24.39,17.72,16.02,17.79,9.06,19.65
6.93,6.06,8.88,5.45,8.55,10.05,12.83,13.60,17.17,19.73,11.39,7.42,13.18,20.79,9.48,8.06,13.06,3.43,15.04
12.80,11.69,15.83,18.41,21.22,13.19,18.47,9.24,6.02,32.07,9.76,13.48,23.53,33.50,9.85,8.87,2.11,16.53,3.15
13.51,17.84,18.36,7.32,9.67,21.20,21.51,21.94,29.71,7.11,19.39,18.27,6.03,8.47,17.69,17.37,24.47,9.88,26.30
2.40,14.41,17.96,10.37,15.81,18.39,21.91,8.42,20.14,19.78,5.98,16.20,9.99,21.84,4.73,5.47,12.93,10.75,14.33
11.53,16.87,17.88,6.37,9.91,20.44,21.26,19.90,28.20,8.70,17.37,17.52,4.45,10.36,15.69,15.45,22.67,8.95,24.47
5.64,6.57,10.60,8.79,12.25,10.44,14.44,10.28,14.27,22.59,8.33,8.54,14.83,23.90,6.58,4.91,9.40,7.11,11.37
5.71,8.58,11.07,3.88,8.49,12.54,14.99,13.54,19.20,17.61,11.12,9.83,10.65,18.86,9.17,8.12,14.29,3.17,16.22
12.08,15.44,15.96,4.98,7.52,18.78,19.17,20.59,27.52,9.41,18.04,15.85,6.89,10.46,16.24,15.73,22.58,7.49,24.46
14.66,8.18,6.16,7.48,3.49,9.78,8.63,21.63,21.86,19.03,19.46,7.25,16.70,19.00,17.55,16.11,20.01,5.98,21.99
16.75,14.81,18.58,22.36,24.87,15.46,20.68,12.02,3.83,36.10,13.11,16.36,27.51,37.50,13.53,12.74,5.25,20.38,4.44
3.85,12.06,14.80,5.63,11.16,16.09,18.72,12.36,21.07,16.40,9.81,13.48,7.85,18.12,8.03,7.69,15.00,6.42,16.75
14.93,6.27,3.57,9.08,6.03,7.26,6.27,21.11,19.78,21.52,19.13,4.94,18.49,21.56,17.29,15.71,18.67,7.01,20.61
4.99,16.66,19.87,10.74,16.33,20.70,23.82,10.79,23.09,17.80,8.55,18.32,7.72,20.05,7.58,8.42,15.84,11.78,17.18
14.69,3.16,1.31,11.44,9.99,3.01,4.92,19.29,15.68,25.08,17.67,1.09,20.64,25.38,16.05,14.31,15.61,8.92,17.45
8.02,4.09,7.67,7.61,9.82,8.14,11.58,13.35,15.07,21.96,11.41,5.80,15.40,22.94,9.64,7.99,11.64,5.31,13.64
2.37,12.60,16.57,11.18,16.17,16.41,20.44,6.16,17.03,22.32,3.61,14.56,12.85,24.21,1.84,2.35,9.80,10.82,11.26
16.01,12.98,16.67,20.98,23.22,13.50,18.71,12.30,2.81,34.94,13.02,14.47,26.65,36.24,13.16,12.14,5.15,18.91,5.10
12.64,10.48,14.56,17.67,20.22,11.88,17.16,9.99,5.81,31.52,10.21,12.23,23.23,32.86,10.05,8.87,3.15,15.68,4.45
11.02,12.89,17.24,17.84,21.35,15.09,20.28,6.25,8.89,30.86,7.03,14.86,21.82,32.48,7.50,6.93,0.94,16.30,2.28
10.58,9.45,13.75,15.77,18.62,11.51,16.71,8.76,7.84,29.51,8.57,11.37,21.16,30.89,8.19,6.89,3.17,13.88,5.06
4.89,15.74,18.67,8.98,14.56,19.79,22.60,12.01,23.30,16.26,9.61,17.27,6.36,18.42,8.33,8.82,16.39,10.22,17.88
11.32,15.40,16.18,4.85,8.10,18.86,19.50,19.82,27.17,9.65,17.27,15.93,6.07,10.92,15.49,15.06,22.03,7.43,23.88
10.97,9.90,14.17,16.27,19.13,11.85,17.07,8.75,7.48,29.99,8.71,11.79,21.59,31.38,8.43,7.21,2.77,14.40,4.61
14.04,12.52,16.53,19.60,22.28,13.70,18.98,10.10,5.02,33.31,10.81,14.22,24.77,34.72,11.01,10.09,2.93,17.67,3.20
16.66,5.16,1.15,12.77,10.46,3.49,2.90,21.30,16.82,25.89,19.70,3.08,22.11,25.99,18.08,16.34,17.41,10.35,19.20
14.91,3.42,1.07,11.54,9.96,3.06,4.68,19.54,15.87,25.10,17.92,1.34,20.77,25.38,16.29,14.56,15.86,9.03,17.69
4.55,7.49,11.31,8.07,11.98,11.44,15.21,10.12,15.36,21.59,7.97,9.37,13.65,22.98,6.10,4.59,10.08,6.68,12.01
4.14,16.03,19.74,12.35,17.81,19.95,23.68,7.49,20.55,21.03,5.35,17.89,11.02,23.21,4.75,6.04,12.99,12.75,14.16
12.79,10.40,14.45,17.72,20.21,11.74,17.02,10.21,5.64,31.61,10.42,12.13,23.36,32.93,10.24,9.05,3.37,15.71,4.63
5.10,16.92,20.22,11.28,16.86,20.95,24.17,10.39,22.99,18.33,8.21,18.62,8.24,20.61,7.35,8.31,15.64,12.25,16.92
5.69,17.64,21.04,12.29,17.87,21.65,25.00,10.02,23.14,19.09,8.00,19.38,8.97,21.41,7.38,8.52,15.64,13.21,16.83
6.96,5.16,9.21,8.72,11.56,9.05,13.03,11.51,13.96,22.86,9.66,7.12,15.58,24.02,7.96,6.25,9.88,6.71,11.87
15.20,11.50,15.18,19.72,21.81,12.03,17.26,12.30,3.22,33.78,12.73,12.98,25.71,35.02,12.64,11.47,5.15,17.59,5.65
14.36,6.84,4.75,7.97,4.79,8.33,7.52,20.93,20.50,20.26,18.84,5.81,17.35,20.32,16.97,15.45,18.92,6.07,20.88
10.81,16.60,17.79,6.19,10.14,20.24,21.26,19.16,27.68,9.33,16.63,17.33,3.95,11.08,14.97,14.77,22.04,8.75,23.81
11.98,1.52,3.72,9.42,9.24,4.71,7.60,16.87,15.21,23.53,15.13,1.93,18.33,24.08,13.45,11.74,13.85,6.83,15.77
10.28,1.75,5.72,9.24,10.23,5.79,9.50,14.82,14.08,23.59,13.11,3.60,17.57,24.38,11.46,9.73,11.97,6.71,13.93
3.05,13.06,16.05,7.15,12.69,17.11,20.00,11.34,21.14,17.02,8.80,14.60,7.83,18.90,7.15,7.13,14.65,7.92,16.30
9.85,9.06,13.40,15.03,17.97,11.35,16.48,8.51,8.56,28.75,8.12,11.02,20.40,30.13,7.60,6.24,3.60,13.18,5.56
1.22,11.49,14.89,7.74,12.96,15.52,18.84,9.70,18.87,19.07,7.16,13.20,10.10,20.84,5.32,4.99,12.42,7.75,14.11
9.63,10.16,14.54,15.51,18.74,12.55,17.67,7.39,8.92,28.96,7.21,12.16,20.34,30.44,6.93,5.77,2.71,13.80,4.70
13.82,5.80,3.99,8.07,5.58,7.43,7.16,20.13,19.45,20.88,18.10,4.82,17.48,21.05,16.25,14.69,17.94,5.92,19.90
5.80,15.66,18.28,7.94,13.46,19.68,22.16,13.43,24.10,14.77,10.98,17.05,5.05,16.89,9.58,9.87,17.45,9.49,19.01
5.64,11.55,13.79,3.72,9.28,15.48,17.63,14.14,21.76,15.22,11.59,12.73,7.67,16.74,9.74,9.19,16.19,4.90,18.02
15.70,5.92,2.37,10.39,7.45,6.15,4.86,21.44,19.06,22.95,19.57,4.23,19.81,22.97,17.79,16.14,18.52,8.20,20.42
14.88,9.48,7.62,7.01,2.18,11.24,9.96,22.21,23.17,17.70,19.95,8.67,15.92,17.59,18.02,16.66,21.00,6.01,22.98
4.91,16.74,20.04,11.16,16.74,20.76,24.00,10.28,22.81,18.38,8.08,18.43,8.30,20.63,7.19,8.13,15.47,12.10,16.77
9.05,13.72,15.02,3.39,8.10,17.38,18.57,17.56,25.02,11.80,15.01,14.48,6.09,13.21,13.21,12.74,19.73,5.89,21.57
12.09,12.42,16.67,18.33,21.48,14.25,19.50,7.84,7.30,31.69,8.54,14.30,22.88,33.22,8.83,8.05,0.66,16.60,2.09
5.45,16.84,20.76,14.07,19.46,20.65,24.65,6.04,20.01,22.86,4.31,18.79,12.80,25.07,4.44,6.08,12.22,14.28,13.18
1.36,12.23,16.06,10.20,15.26,16.12,19.97,7.17,17.53,21.37,4.63,14.13,11.99,23.23,2.82,2.94,10.52,9.92,12.06
8.52,14.58,16.18,4.63,9.55,18.36,19.81,16.96,25.31,11.72,14.42,15.49,4.80,13.39,12.70,12.42,19.64,6.98,21.43
14.32,8.49,6.75,6.88,2.82,10.31,9.32,21.46,22.18,18.35,19.25,7.70,16.04,18.34,17.33,15.93,20.08,5.54,22.06
0.57,12.03,15.74,9.45,14.57,15.98,19.67,7.96,18.00,20.61,5.42,13.88,11.32,22.45,3.62,3.57,11.15,9.27,12.74
2.10,11.84,15.02,7.06,12.43,15.89,18.97,10.62,19.79,18.06,8.07,13.46,9.13,19.84,6.27,6.00,13.43,7.36,15.12
4.25,12.66,15.32,5.73,11.30,16.68,19.22,12.71,21.71,15.87,10.16,14.04,7.20,17.65,8.43,8.19,15.57,6.76,17.29
5.84,12.54,14.74,4.25,9.83,16.47,18.57,14.35,22.57,14.56,11.80,13.71,6.70,16.20,10.01,9.62,16.81,5.76,18.60
7.59,4.52,8.61,8.86,11.40,8.42,12.41,12.03,13.77,23.10,10.23,6.50,16.02,24.20,8.56,6.83,10.06,6.73,12.06
14.75,9.39,7.58,6.90,2.15,11.18,9.97,22.08,23.07,17.69,19.82,8.60,15.84,17.60,17.89,16.53,20.88,5.88,22.86
5.68,17.46,20.71,11.57,17.16,21.49,24.67,10.83,23.57,18.11,8.70,19.14,7.99,20.42,7.90,8.89,16.19,12.64,17.45
15.42,5.52,2.06,10.31,7.59,5.83,4.89,21.08,18.67,23.06,19.22,3.84,19.73,23.12,17.45,15.80,18.12,8.07,20.02
12.41,4.00,3.75,7.92,6.83,6.41,7.56,18.32,17.69,21.57,16.37,3.52,17.22,21.96,14.56,12.95,15.99,5.45,17.95
9.64,8.78,13.14,14.72,17.66,11.15,16.26,8.58,8.78,28.46,8.10,10.76,20.15,29.84,7.51,6.09,3.90,12.86,5.87
3.41,14.92,18.77,12.18,17.49,18.78,22.68,6.42,19.11,21.82,4.10,16.84,11.94,23.90,3.31,4.61,11.57,12.28,12.80
10.26,4.00,8.35,12.00,13.73,6.70,11.59,12.59,10.72,26.33,11.36,5.97,19.32,27.34,10.07,8.31,8.62,9.68,10.52
13.76,2.95,1.85,10.18,8.88,4.15,5.80,18.79,16.26,23.84,17.05,1.44,19.40,24.19,15.36,13.66,15.56,7.66,17.45
11.52,13.07,17.40,18.26,21.70,15.15,20.37,6.64,8.47,31.34,7.51,15.02,22.32,32.95,8.00,7.43,0.63,16.68,1.82
4.71,15.30,18.18,8.46,14.04,19.34,22.11,12.13,23.10,16.08,9.69,16.80,6.29,18.19,8.33,8.71,16.30,9.70,17.82
2.18,12.76,15.94,7.64,13.11,16.81,19.89,10.50,20.39,17.89,7.96,14.39,8.65,19.76,6.28,6.27,13.81,8.15,15.44
10.26,1.81,6.09,9.79,10.92,5.73,9.77,14.41,13.40,24.16,12.79,3.85,17.94,24.99,11.19,9.44,11.34,7.29,13.29
12.30,10.78,14.92,17.62,20.33,12.34,17.61,9.39,6.23,31.37,9.67,12.58,22.96,32.75,9.58,8.47,2.55,15.69,3.95
10.30,8.44,12.74,14.99,17.68,10.57,15.74,9.35,8.18,28.86,8.90,10.36,20.72,30.18,8.30,6.85,4.18,13.03,6.07
13.03,1.04,3.57,11.16,10.85,3.11,6.97,17.11,13.89,25.28,15.58,1.18,19.97,25.83,14.03,12.27,13.36,8.57,15.21
6.80,18.50,21.67,12.16,17.73,22.54,25.61,11.73,24.69,17.68,9.69,20.14,7.58,20.08,8.99,10.02,17.27,13.40,18.50
8.15,15.01,16.78,5.34,10.40,18.84,20.47,16.50,25.36,11.93,13.97,16.00,4.20,13.74,12.30,12.14,19.48,7.59,21.22
11.14,16.11,17.09,5.59,9.19,19.67,20.48,19.58,27.55,9.29,17.04,16.74,4.97,10.81,15.32,15.01,22.15,8.18,23.96
10.55,5.23,6.08,5.67,5.86,8.44,9.87,17.17,18.49,19.64,15.04,5.51,14.90,20.22,13.15,11.66,15.75,3.14,17.74
12.32,17.60,18.49,7.06,10.27,21.13,21.81,20.66,29.01,7.88,18.14,18.20,4.58,9.57,16.48,16.26,23.50,9.65,25.29
11.66,4.65,4.84,6.82,6.10,7.44,8.60,17.95,18.23,20.54,15.90,4.52,16.12,20.99,14.04,12.49,16.05,4.36,18.03
15.30,13.53,17.42,20.87,23.45,14.43,19.70,10.98,4.24,34.60,11.88,15.15,26.05,36.00,12.19,11.32,3.96,18.91,3.61
2.64,14.48,17.87,9.73,15.23,18.49,21.83,9.36,20.83,18.83,6.92,16.20,9.06,20.89,5.61,6.21,13.74,10.30,15.18
10.81,17.28,18.62,6.99,11.10,20.99,22.13,19.02,28.06,9.24,16.51,18.09,2.99,11.18,14.92,14.83,22.21,9.51,23.95
11.10,8.32,12.52,15.46,17.92,10.14,15.37,10.11,7.46,29.45,9.74,10.16,21.44,30.72,9.16,7.71,4.47,13.42,6.24
1.92,12.33,15.54,7.51,12.92,16.37,19.50,10.37,19.98,18.13,7.82,13.97,9.01,19.97,6.08,5.97,13.47,7.89,15.13
12.05,12.24,16.49,18.21,21.33,14.06,19.31,7.94,7.22,31.61,8.59,14.12,22.83,33.12,8.84,8.02,0.78,16.47,2.27
11.08,12.47,16.81,17.69,21.09,14.61,19.80,6.69,8.48,30.84,7.35,14.42,21.89,32.42,7.70,7.01,0.59,16.08,2.39
6.68,15.21,17.47,6.58,11.98,19.17,21.28,14.77,24.57,13.44,12.27,16.43,4.33,15.43,10.72,10.77,18.27,8.43,19.93
2.47,12.41,15.51,7.09,12.56,16.46,19.46,10.91,20.41,17.59,8.36,14.00,8.54,19.42,6.64,6.50,13.98,7.62,15.65
10.76,15.93,17.01,5.45,9.28,19.52,20.44,19.19,27.25,9.61,16.65,16.61,4.78,11.18,14.93,14.63,21.80,8.02,23.60
16.60,19.68,19.54,9.53,10.19,22.70,22.30,25.07,32.15,5.36,22.52,19.81,8.86,5.82,20.78,20.38,27.30,11.89,29.17
3.13,15.02,18.42,10.16,15.69,19.03,22.37,9.37,21.18,18.87,6.98,16.75,8.99,20.98,5.80,6.53,14.00,10.80,15.40
3.75,15.15,18.32,9.35,14.93,19.19,22.27,10.68,22.11,17.55,8.27,16.78,7.70,19.67,6.99,7.55,15.10,10.27,16.56
1.39,10.65,14.33,8.58,13.48,14.61,18.27,8.65,17.32,20.56,6.17,12.48,11.67,22.26,4.24,3.56,10.88,8.12,12.59
5.10,13.49,15.98,5.79,11.37,17.49,19.85,13.47,22.72,14.96,10.93,14.80,6.19,16.79,9.25,9.12,16.54,7.18,18.25
15.64,4.04,0.91,12.18,10.35,2.88,3.97,20.18,16.02,25.61,18.59,1.96,21.44,25.83,16.98,15.24,16.33,9.69,18.14
14.45,4.36,1.75,9.92,7.87,5.18,5.40,19.93,17.68,23.13,18.10,2.82,19.29,23.34,16.36,14.69,16.95,7.54,18.85
11.01,6.52,6.76,4.88,4.54,9.50,10.34,18.06,19.84,18.48,15.84,6.58,14.28,18.97,13.92,12.52,16.98,2.65,18.97
3.38,14.37,17.47,8.47,14.04,18.42,21.41,10.95,21.78,17.24,8.47,15.97,7.59,19.27,7.03,7.37,14.96,9.35,16.49
13.99,14.07,18.22,20.34,23.42,15.54,20.82,8.87,6.49,33.69,9.99,15.87,24.79,35.23,10.54,9.91,2.34,18.59,1.36
17.55,5.80,2.27,13.90,11.55,3.22,2.23,21.86,16.53,27.01,20.36,3.78,23.23,27.08,18.79,17.04,17.64,11.47,19.38
8.31,3.75,7.43,7.93,9.98,7.79,11.32,13.45,14.79,22.29,11.56,5.50,15.77,23.26,9.81,8.14,11.53,5.60,13.52
11.91,13.46,13.69,3.48,5.21,16.63,16.84,20.36,26.01,11.36,17.83,13.71,8.88,12.04,15.95,15.20,21.60,5.67,23.53
6.00,16.73,19.55,9.46,14.99,20.77,23.46,12.87,24.41,15.57,10.53,18.21,5.52,17.81,9.33,9.90,17.46,10.91,18.92
5.01,13.88,16.44,6.30,11.87,17.89,20.32,13.26,22.86,15.05,10.73,15.23,6.03,16.95,9.10,9.07,16.55,7.68,18.23
12.02,9.58,9.26,3.68,2.13,12.37,12.37,19.83,22.85,15.64,17.45,9.49,12.69,15.99,15.50,14.32,19.56,3.29,21.55
3.87,10.36,13.18,5.10,10.33,14.39,17.12,12.20,19.71,17.38,9.68,11.80,9.36,18.92,7.78,7.08,14.02,5.22,15.85
10.39,10.17,14.50,16.03,19.09,12.33,17.51,8.00,8.13,29.61,7.95,12.12,21.07,31.05,7.72,6.55,2.46,14.24,4.42
10.01,2.62,5.61,7.98,8.91,6.53,9.54,15.32,15.43,22.30,13.44,3.90,16.56,23.05,11.69,10.02,13.01,5.42,14.98
14.19,3.37,1.43,10.40,8.83,4.16,5.39,19.25,16.54,23.93,17.52,1.68,19.67,24.22,15.82,14.12,15.99,7.91,17.87
12.26,16.82,17.56,6.27,9.23,20.28,20.83,20.70,28.51,8.30,18.15,17.35,5.47,9.73,16.44,16.11,23.21,8.86,25.04
8.51,16.06,17.90,6.47,11.44,19.92,21.60,16.66,26.11,11.57,14.15,17.09,3.12,13.55,12.58,12.57,20.02,8.71,21.72
15.33,3.40,2.10,12.60,11.25,1.76,4.68,19.40,14.79,26.32,17.93,1.57,21.72,26.64,16.38,14.62,15.29,10.05,17.06
10.71,14.00,18.40,18.13,21.95,16.41,21.55,4.89,10.24,30.72,6.05,16.01,21.43,32.45,6.87,6.66,2.41,16.77,2.84
3.18,14.86,18.15,9.62,15.16,18.89,22.11,9.94,21.46,18.27,7.52,16.54,8.44,20.36,6.25,6.85,14.38,10.35,15.83
11.86,11.64,15.88,17.78,20.81,13.45,18.70,8.22,7.08,31.29,8.70,13.51,22.61,32.76,8.81,7.88,1.26,15.99,2.88
9.18,15.38,16.88,5.27,9.94,19.13,20.47,17.57,26.13,10.96,15.03,16.25,4.17,12.70,13.35,13.13,20.41,7.70,22.18
15.18,8.52,6.25,7.91,3.62,9.93,8.50,22.14,22.19,19.16,19.97,7.49,17.07,19.05,18.07,16.62,20.46,6.48,22.43
11.65,3.99,4.45,7.33,6.76,6.84,8.31,17.67,17.59,21.16,15.68,3.91,16.56,21.64,13.86,12.26,15.56,4.81,17.53
9.91,14.88,16.06,4.45,8.68,18.51,19.56,18.39,26.19,10.65,15.84,15.60,5.31,12.14,14.09,13.71,20.80,7.01,22.63
10.43,16.82,18.18,6.55,10.77,20.53,21.71,18.69,27.60,9.63,16.17,17.64,3.23,11.51,14.55,14.44,21.79,9.06,23.54
8.23,13.95,15.54,4.02,9.08,17.72,19.19,16.72,24.76,12.19,14.17,14.85,5.43,13.77,12.41,12.05,19.20,6.35,21.01
12.47,0.60,3.82,10.60,10.48,3.71,7.41,16.72,14.07,24.77,15.14,1.49,19.37,25.35,13.55,11.80,13.19,8.01,15.07
3.28,15.26,18.89,11.38,16.83,19.21,22.84,7.93,20.38,20.37,5.62,17.09,10.44,22.49,4.69,5.73,12.97,11.78,14.26
6.73,12.53,14.46,3.51,9.04,16.39,18.23,15.25,23.05,13.90,12.70,13.58,6.65,15.45,10.89,10.43,17.50,5.33,19.32
6.81,15.59,17.88,7.00,12.38,19.56,21.70,14.77,24.81,13.42,12.29,16.82,4.08,15.46,10.78,10.90,18.43,8.84,20.07
11.47,6.12,6.12,5.54,4.71,8.94,9.68,18.33,19.59,19.03,16.15,6.04,14.94,19.46,14.25,12.80,16.99,3.28,18.98
8.49,14.54,16.14,4.60,9.54,18.32,19.78,16.93,25.27,11.77,14.38,15.45,4.83,13.43,12.66,12.38,19.60,6.95,21.39
3.00,14.66,18.45,11.71,17.04,18.55,22.38,6.82,19.21,21.39,4.44,16.56,11.54,23.46,3.47,4.62,11.76,11.84,13.04
13.64,5.55,3.89,8.04,5.74,7.26,7.16,19.90,19.21,20.98,17.88,4.61,17.46,21.18,16.04,14.47,17.69,5.85,19.64
12.68,11.35,15.47,18.16,20.91,12.84,18.12,9.37,6.00,31.87,9.80,13.13,23.38,33.27,9.82,8.79,2.32,16.25,3.48
3.49,15.08,18.91,12.19,17.53,18.95,22.82,6.57,19.32,21.70,4.28,16.99,11.80,23.80,3.53,4.82,11.78,12.34,13.00
14.19,3.40,1.43,10.38,8.81,4.19,5.39,19.27,16.58,23.91,17.54,1.71,19.66,24.19,15.84,14.14,16.02,7.90,17.90
7.81,4.71,7.80,6.59,8.94,8.72,11.76,13.78,16.10,20.95,11.72,6.18,14.55,21.92,9.87,8.31,12.50,4.29,14.50
10.97,12.86,17.21,17.79,21.31,15.07,20.25,6.22,8.91,30.81,7.00,14.83,21.77,32.43,7.45,6.88,0.97,16.25,2.33
2.16,12.83,16.02,7.74,13.20,16.87,19.97,10.44,20.40,17.93,7.90,14.46,8.67,19.81,6.23,6.25,13.79,8.25,15.42
12.17,9.84,13.95,17.02,19.55,11.34,16.61,9.98,6.24,30.91,10.03,11.61,22.70,32.23,9.75,8.49,3.44,15.01,4.94
4.50,15.51,18.52,9.05,14.64,19.56,22.46,11.58,22.90,16.67,9.18,17.07,6.79,18.81,7.89,8.39,15.96,10.19,17.44
4.16,15.44,18.55,9.35,14.93,19.49,22.49,11.06,22.53,17.20,8.67,17.05,7.30,19.34,7.41,7.98,15.53,10.37,16.99
11.76,16.84,17.75,6.30,9.66,20.37,21.10,20.16,28.29,8.57,17.62,17.44,4.80,10.15,15.93,15.66,22.84,8.89,24.64
6.50,17.82,21.77,15.09,20.49,21.60,25.66,6.03,20.48,23.51,4.71,19.78,13.41,25.77,5.20,6.91,12.61,15.33,13.43
14.46,3.73,1.21,10.47,8.71,4.31,5.15,19.60,16.85,23.89,17.85,1.99,19.78,24.14,16.15,14.45,16.35,8.01,18.23
10.73,8.76,13.02,15.47,18.13,10.74,15.94,9.45,7.72,29.35,9.12,10.65,21.18,30.67,8.60,7.21,3.91,13.50,5.75
9.27,3.10,7.45,9.96,11.74,6.80,11.08,13.05,12.79,24.32,11.46,5.18,17.59,25.29,9.91,8.15,10.12,7.61,12.08
10.81,16.26,17.38,5.80,9.67,19.87,20.82,19.21,27.48,9.44,16.67,16.96,4.42,11.09,14.98,14.73,21.94,8.37,23.73
1.12,12.76,16.50,10.07,15.26,16.69,20.42,7.54,18.29,20.82,4.99,14.62,11.34,22.72,3.34,3.67,11.24,9.99,12.74
9.52,10.40,14.78,15.56,18.86,12.83,17.94,7.10,9.10,28.94,6.95,12.40,20.26,30.44,6.72,5.61,2.60,13.89,4.58
5.68,14.88,17.39,6.96,12.48,18.88,21.25,13.68,23.75,14.52,11.19,16.21,5.17,16.53,9.66,9.77,17.31,8.53,18.94
6.58,5.56,9.04,6.94,9.99,9.61,12.97,12.45,15.71,21.13,10.36,7.25,14.14,22.25,8.51,6.96,11.53,4.98,13.51
8.45,3.68,7.23,7.77,9.72,7.72,11.14,13.71,15.00,22.14,11.80,5.36,15.73,23.08,10.04,8.38,11.81,5.40,13.80
9.85,2.57,5.80,8.12,9.18,6.54,9.72,15.05,15.17,22.46,13.19,4.00,16.60,23.24,11.45,9.77,12.71,5.58,14.68
12.26,11.09,15.26,17.76,20.56,12.70,17.97,9.10,6.37,31.44,9.45,12.91,22.95,32.85,9.43,8.37,2.18,15.87,3.58
9.50,7.39,11.75,13.76,16.43,9.84,14.91,9.63,9.20,27.70,8.85,9.37,19.72,28.98,7.97,6.38,5.28,11.77,7.22
11.19,11.96,16.27,17.51,20.77,14.01,19.23,7.25,8.01,30.82,7.77,13.89,21.99,32.36,7.97,7.16,0.68,15.83,2.67
8.92,16.29,18.05,6.55,11.39,20.13,21.72,17.07,26.47,11.15,14.57,17.29,2.92,13.13,13.00,12.98,20.42,8.85,22.12
13.81,10.49,14.35,18.37,20.60,11.41,16.69,11.33,4.60,32.40,11.57,12.09,24.31,33.65,11.37,10.14,4.36,16.27,5.33
12.24,6.78,6.21,5.72,3.97,9.30,9.54,19.21,20.35,18.72,17.02,6.45,15.13,19.04,15.11,13.68,17.88,3.75,19.87
15.26,3.68,4.83,14.14,13.59,1.37,6.65,18.12,12.10,28.25,16.95,3.33,22.85,28.75,15.61,13.84,13.27,11.55,14.92
9.83,17.66,19.41,7.87,12.53,21.50,23.06,17.73,27.66,10.47,15.27,18.66,1.56,12.64,13.80,13.92,21.43,10.21,23.08
12.81,17.68,18.42,7.13,10.00,21.14,21.67,21.19,29.29,7.53,18.65,18.21,5.18,9.09,16.97,16.72,23.89,9.72,25.70
10.72,17.56,18.99,7.36,11.58,21.30,22.53,18.84,28.15,9.36,16.35,18.41,2.48,11.39,14.79,14.77,22.19,9.85,23.91
8.57,4.44,7.12,6.35,8.21,8.35,11.08,14.66,16.54,20.73,12.59,5.67,14.74,21.60,10.74,9.19,13.25,3.89,15.25
8.03,7.38,9.12,3.29,6.43,11.09,12.95,15.51,19.42,17.67,13.17,8.23,11.97,18.59,11.22,9.98,15.39,1.10,17.37
11.40,18.41,19.80,8.17,12.24,22.14,23.31,19.42,28.95,8.77,16.94,19.25,2.13,10.92,15.43,15.47,22.93,10.68,24.62
8.84,4.90,7.09,5.71,7.41,8.68,11.02,15.27,17.32,20.06,13.14,5.88,14.36,20.88,11.26,9.76,14.04,3.18,16.03
12.55,16.49,17.04,5.97,8.53,19.85,20.25,21.04,28.42,8.43,18.49,16.92,6.28,9.64,16.73,16.33,23.31,8.52,25.16
16.45,13.80,17.51,21.66,23.99,14.33,19.54,12.31,2.99,35.55,13.19,15.30,27.15,36.88,13.44,12.51,5.26,19.62,4.89
13.65,14.59,18.81,20.37,23.65,16.26,21.53,8.03,7.48,33.50,9.33,16.45,24.45,35.10,10.02,9.56,2.23,18.72,0.44
5.44,6.57,10.35,7.77,11.33,10.55,14.25,10.95,15.21,21.62,8.87,8.42,14.03,22.90,7.03,5.46,10.41,6.13,12.37
10.83,17.20,18.51,6.88,10.96,20.89,22.01,19.06,28.02,9.22,16.55,17.99,3.14,11.14,14.95,14.85,22.21,9.41,23.95
2.40,12.88,16.02,7.57,13.05,16.93,19.97,10.69,20.59,17.68,8.14,14.49,8.44,19.56,6.48,6.48,14.02,8.14,15.65
1.96,13.96,17.52,10.05,15.46,17.94,21.47,8.42,19.84,19.77,5.94,15.75,10.06,21.78,4.58,5.19,12.70,10.36,14.14
13.43,19.58,20.55,9.08,12.28,23.16,23.88,21.54,30.68,6.65,19.06,20.23,3.91,8.77,17.51,17.48,24.87,11.66,26.60
10.43,16.91,18.30,6.67,10.90,20.63,21.83,18.67,27.65,9.62,16.15,17.74,3.10,11.53,14.55,14.45,21.81,9.17,23.55
10.41,11.01,15.35,16.50,19.73,13.21,18.38,7.31,8.37,29.89,7.47,12.97,21.17,31.40,7.44,6.45,1.71,14.80,3.71
12.28,0.30,4.30,10.83,10.93,3.75,7.78,16.31,13.56,25.07,14.77,1.93,19.47,25.69,13.22,11.46,12.67,8.25,14.54
15.83,5.31,1.29,11.10,8.49,5.07,4.11,21.18,18.12,23.96,19.40,3.43,20.51,24.02,17.67,15.99,17.92,8.79,19.79
14.49,11.52,15.36,19.34,21.64,12.35,17.62,11.40,3.98,33.30,11.86,13.10,25.08,34.59,11.83,10.70,4.24,17.27,4.82
10.40,1.80,5.41,8.90,9.74,5.81,9.26,15.19,14.57,23.23,13.44,3.42,17.38,23.98,11.75,10.04,12.47,6.35,14.42
10.96,11.65,15.97,17.20,20.45,13.74,18.95,7.27,8.09,30.53,7.68,13.59,21.74,32.06,7.81,6.94,1.00,15.51,2.99
6.49,18.09,21.22,11.66,17.22,22.13,25.16,11.79,24.51,17.36,9.68,19.71,7.25,19.73,8.88,9.84,17.17,12.91,18.44
12.08,12.61,16.87,18.41,21.61,14.47,19.71,7.67,7.45,31.73,8.43,14.50,22.88,33.27,8.76,8.02,0.50,16.71,1.90
13.48,1.68,4.20,12.18,11.96,2.51,7.14,17.00,12.89,26.36,15.62,1.98,20.85,26.93,14.15,12.38,12.82,9.59,14.62
11.57,17.73,18.91,7.32,11.09,21.38,22.35,19.79,28.71,8.49,17.28,18.47,3.34,10.41,15.68,15.58,22.93,9.88,24.68
13.24,7.06,5.82,6.54,3.83,9.17,8.88,20.13,20.73,19.06,17.97,6.43,15.92,19.24,16.06,14.61,18.59,4.72,20.57
12.18,19.60,21.02,9.39,13.38,23.34,24.53,19.99,29.96,8.33,17.56,20.46,1.83,10.67,16.13,16.27,23.79,11.89,25.44
11.34,17.13,18.25,6.68,10.42,20.75,21.68,19.66,28.26,8.77,17.13,17.84,3.87,10.55,15.49,15.32,22.60,9.25,24.37
6.20,17.79,21.65,14.57,20.03,21.62,25.57,6.77,21.00,22.70,5.25,19.72,12.60,24.98,5.48,7.11,13.18,14.94,14.07
15.54,8.59,6.10,8.33,3.96,9.83,8.19,22.43,22.23,19.48,20.29,7.47,17.48,19.33,18.39,16.92,20.64,6.88,22.61
10.47,17.23,18.66,7.04,11.32,20.97,22.21,18.64,27.84,9.59,16.14,18.08,2.70,11.57,14.57,14.52,21.92,9.52,23.64
0.09,11.95,15.57,8.99,14.15,15.92,19.51,8.47,18.32,20.13,5.92,13.76,10.89,21.96,4.12,4.01,11.57,8.88,13.18
7.72,16.53,18.72,7.62,12.85,20.48,22.51,15.52,25.80,12.69,13.06,17.73,3.11,14.83,11.62,11.81,19.36,9.62,20.98
4.49,12.17,14.74,5.13,10.70,16.17,18.64,13.01,21.54,15.80,10.46,13.51,7.45,17.50,8.67,8.31,15.58,6.14,17.34
15.59,5.13,1.28,10.89,8.37,5.07,4.33,20.96,18.04,23.81,19.17,3.29,20.29,23.90,17.44,15.76,17.75,8.57,19.62
13.68,7.63,6.15,6.66,3.39,9.61,9.01,20.68,21.31,18.78,18.49,6.93,15.97,18.88,16.58,15.15,19.20,5.03,21.18
8.12,3.91,7.67,8.04,10.22,7.94,11.55,13.17,14.63,22.39,11.29,5.71,15.75,23.38,9.54,7.87,11.28,5.75,13.27
13.03,14.47,14.44,4.67,5.48,17.51,17.42,21.50,27.15,10.46,18.97,14.61,9.13,10.98,17.09,16.37,22.80,6.78,24.73
6.79,5.48,8.82,6.68,9.64,9.52,12.77,12.79,15.96,20.91,10.68,7.10,14.06,22.01,8.83,7.29,11.87,4.65,13.85
10.17,3.09,7.50,11.18,12.73,6.22,10.89,13.20,11.66,25.55,11.81,5.13,18.79,26.49,10.39,8.62,9.58,8.80,11.50
12.51,10.97,15.10,17.85,20.56,12.48,17.76,9.47,6.06,31.60,9.80,12.76,23.17,32.99,9.75,8.65,2.52,15.92,3.82
1.59,11.96,15.24,7.57,12.91,16.00,19.20,10.10,19.52,18.51,7.55,13.63,9.46,20.31,5.77,5.57,13.04,7.79,14.71
7.92,11.28,12.77,1.46,7.02,14.98,16.44,16.34,22.73,14.08,13.82,12.10,8.20,15.30,11.92,11.18,17.79,3.57,19.68
11.08,9.46,13.70,16.10,18.82,11.34,16.56,9.20,7.34,29.91,9.07,11.33,21.62,31.26,8.71,7.41,3.27,14.16,5.06
6.49,16.29,18.83,8.26,13.72,20.31,22.69,13.99,24.80,14.26,11.57,17.65,4.41,16.44,10.21,10.54,18.13,9.94,19.68
9.78,2.28,6.51,9.55,10.93,6.20,10.22,13.99,13.45,23.93,12.34,4.30,17.57,24.80,10.73,8.98,11.10,7.10,13.06
6.78,14.69,16.84,5.85,11.24,18.62,20.63,15.04,24.38,13.27,12.52,15.86,4.62,15.16,10.89,10.82,18.26,7.75,19.96
3.92,13.87,16.73,7.25,12.83,17.91,20.65,12.00,22.11,16.24,9.49,15.36,6.90,18.19,7.92,8.01,15.56,8.31,17.18
13.65,7.14,5.62,6.95,3.94,9.06,8.55,20.49,20.83,19.29,18.34,6.39,16.31,19.42,16.44,14.98,18.84,5.15,20.82
10.21,6.66,7.37,4.27,4.90,9.89,11.03,17.38,19.72,18.18,15.13,6.96,13.61,18.79,13.20,11.83,16.54,1.88,18.53
13.49,6.73,5.28,7.05,4.32,8.68,8.32,20.22,20.41,19.61,18.09,5.98,16.44,19.77,16.20,14.72,18.48,5.12,20.46
11.26,12.33,16.66,17.74,21.07,14.40,19.62,7.00,8.18,30.97,7.63,14.27,22.07,32.53,7.94,7.20,0.40,16.10,2.37
14.69,2.79,2.18,12.05,10.91,2.11,5.22,18.85,14.71,25.86,17.34,0.94,21.13,26.23,15.78,14.02,14.89,9.49,16.69
16.61,4.98,1.31,12.93,10.76,3.10,3.01,21.10,16.44,26.16,19.54,2.91,22.25,26.28,17.94,16.20,17.11,10.48,18.89
10.23,4.99,6.15,5.74,6.25,8.34,9.99,16.77,18.14,19.83,14.65,5.42,14.88,20.46,12.77,11.27,15.34,3.17,17.33
13.51,11.85,15.89,18.93,21.59,13.12,18.40,9.95,5.26,32.68,10.51,13.58,24.21,34.07,10.60,9.60,2.78,16.99,3.47
11.14,9.49,13.73,16.17,18.88,11.36,16.58,9.24,7.27,29.98,9.12,11.36,21.69,31.33,8.77,7.48,3.25,14.23,5.03
9.66,15.08,16.38,4.75,9.14,18.75,19.91,18.11,26.19,10.71,15.56,15.85,4.86,12.30,13.84,13.52,20.68,7.27,22.49
13.31,10.00,13.92,17.81,20.06,11.06,16.35,11.11,5.12,31.83,11.23,11.64,23.77,33.09,10.96,9.69,4.29,15.71,5.46
3.65,15.65,19.18,11.20,16.71,19.64,23.14,8.68,21.13,19.70,6.40,17.44,9.72,21.86,5.47,6.47,13.76,11.78,15.05
14.48,8.46,6.61,7.10,3.00,10.20,9.13,21.58,22.15,18.54,19.38,7.62,16.26,18.51,17.46,16.05,20.13,5.72,22.11
8.90,6.02,7.68,4.53,6.39,9.65,11.53,15.86,18.54,18.85,13.63,6.78,13.43,19.64,11.71,10.32,15.07,1.97,17.06
12.76,11.08,15.18,18.06,20.73,12.51,17.79,9.67,5.81,31.83,10.03,12.84,23.42,33.21,9.99,8.91,2.66,16.12,3.84
12.42,2.52,3.20,9.03,8.36,5.07,7.16,17.69,16.20,22.94,15.88,2.14,18.15,23.40,14.15,12.47,14.86,6.47,16.79
9.30,5.51,9.91,12.29,14.62,8.30,13.21,10.99,10.36,26.45,9.84,7.54,18.93,27.61,8.64,6.91,7.20,10.16,9.15
14.58,3.23,1.19,11.16,9.66,3.34,4.98,19.32,15.96,24.76,17.67,1.22,20.39,25.05,16.02,14.29,15.76,8.65,17.60
7.19,14.75,16.79,5.64,10.95,18.66,20.55,15.48,24.66,12.86,12.95,15.87,4.46,14.73,11.32,11.21,18.62,7.65,20.33
2.69,13.69,16.85,8.22,13.75,17.73,20.80,10.56,21.08,17.66,8.05,15.31,8.16,19.63,6.51,6.74,14.32,8.92,15.89
6.91,5.10,8.86,7.75,10.59,9.12,12.75,12.19,14.89,21.95,10.21,6.92,14.90,23.07,8.43,6.79,10.87,5.71,12.86
10.91,2.28,4.70,8.32,8.64,5.89,8.65,16.19,15.66,22.52,14.35,3.13,17.14,23.16,12.60,10.93,13.67,5.73,15.63
10.77,3.46,5.00,7.27,7.47,6.83,8.94,16.63,16.83,21.38,14.66,3.93,16.28,21.99,12.85,11.24,14.55,4.68,16.52
14.13,4.52,2.33,9.37,7.32,5.69,5.90,19.81,18.00,22.56,17.93,3.19,18.75,22.77,16.16,14.51,17.03,7.01,18.95
13.80,11.17,15.10,18.74,21.15,12.21,17.49,10.82,4.67,32.66,11.21,12.81,24.40,33.97,11.15,10.01,3.72,16.71,4.54
15.45,6.02,2.76,9.95,6.97,6.52,5.33,21.34,19.31,22.47,19.43,4.45,19.37,22.49,17.63,16.01,18.58,7.81,20.49
9.81,15.43,16.74,5.11,9.46,19.11,20.27,18.23,26.48,10.47,15.69,16.21,4.54,12.11,13.98,13.70,20.91,7.63,22.70
10.36,4.18,8.51,12.23,13.97,6.77,11.71,12.52,10.49,26.55,11.33,6.13,19.49,27.56,10.07,8.31,8.44,9.91,10.33
12.54,17.01,17.69,6.46,9.26,20.44,20.93,20.98,28.75,8.05,18.44,17.51,5.62,9.45,16.72,16.39,23.48,9.04,25.31
11.87,2.84,3.80,8.36,7.92,5.73,7.76,17.38,16.50,22.32,15.50,2.80,17.47,22.82,13.74,12.08,14.82,5.80,16.77
4.40,13.09,15.74,5.98,11.57,17.11,19.64,12.80,22.06,15.66,10.26,14.47,6.84,17.49,8.56,8.41,15.84,7.13,17.54
14.36,16.26,20.51,21.56,25.07,18.01,23.28,7.76,8.74,34.36,9.47,18.14,25.07,36.06,10.48,10.30,3.69,20.03,1.76
13.17,5.11,3.88,7.85,5.95,7.06,7.36,19.37,18.79,21.04,17.36,4.32,17.25,21.30,15.52,13.95,17.16,5.56,19.12
2.50,14.10,17.90,11.31,16.60,18.00,21.82,6.86,18.84,21.33,4.40,16.00,11.57,23.35,3.20,4.19,11.47,11.37,12.81
12.15,6.11,10.03,14.79,16.43,7.41,12.67,12.64,7.93,29.09,11.95,7.73,21.81,30.13,11.04,9.40,7.20,12.48,8.87
6.68,6.51,9.24,5.09,8.45,10.49,13.19,13.59,17.55,19.32,11.33,7.84,12.72,20.41,9.41,8.05,13.28,3.21,15.26
10.84,6.23,10.44,13.99,16.05,8.21,13.37,11.43,8.64,28.19,10.64,8.07,20.66,29.32,9.69,8.04,6.50,11.79,8.32
11.46,0.65,5.06,10.44,10.97,4.54,8.63,15.48,13.37,24.75,13.92,2.73,18.88,25.46,12.36,10.60,12.03,7.88,13.93
0.79,11.83,15.57,9.52,14.59,15.76,19.50,7.82,17.71,20.84,5.28,13.70,11.59,22.66,3.44,3.30,10.87,9.26,12.47
12.46,15.85,16.31,5.40,7.74,19.16,19.48,20.97,27.95,8.98,18.42,16.24,6.90,10.03,16.63,16.14,23.01,7.90,24.88
11.26,15.14,15.89,4.59,7.82,18.59,19.22,19.77,26.97,9.86,17.22,15.66,6.31,11.08,15.43,14.96,21.88,7.17,23.74
16.08,4.09,2.66,13.49,12.04,1.19,4.34,19.88,14.53,27.18,18.49,2.43,22.61,27.47,16.99,15.22,15.49,10.94,17.22
10.85,13.28,17.65,17.90,21.54,15.57,20.74,5.71,9.41,30.77,6.62,15.27,21.63,32.43,7.20,6.76,1.49,16.43,2.42
5.57,7.27,10.26,5.38,9.32,11.30,14.22,12.64,17.50,19.31,10.33,8.75,12.19,20.53,8.39,7.10,12.77,3.95,14.72
6.54,15.03,17.31,6.46,11.89,19.00,21.13,14.66,24.40,13.56,12.16,16.26,4.50,15.54,10.59,10.62,18.12,8.28,19.78
12.10,18.85,20.11,8.51,12.30,22.54,23.57,20.14,29.58,8.05,17.66,19.64,2.61,10.21,16.14,16.17,23.61,11.05,25.31
10.20,3.20,5.45,7.36,8.04,6.87,9.41,15.90,16.28,21.61,13.95,4.08,16.16,22.30,12.15,10.53,13.82,4.77,15.80
10.81,2.53,4.80,8.08,8.42,6.11,8.75,16.22,15.88,22.28,14.34,3.32,16.93,22.92,12.59,10.92,13.80,5.49,15.76
2.99,14.86,18.26,10.03,15.55,18.88,22.22,9.38,21.09,18.84,6.97,16.59,9.00,20.94,5.75,6.44,13.94,10.65,15.35
13.31,12.82,12.36,4.37,3.19,15.59,15.21,21.60,25.93,12.52,19.11,12.73,11.12,12.75,17.19,16.25,22.16,5.70,24.13
10.92,1.19,5.57,10.19,11.00,5.07,9.17,14.95,13.29,24.54,13.38,3.27,18.49,25.31,11.81,10.05,11.64,7.66,13.56
4.74,7.33,11.19,8.21,12.05,11.27,15.08,10.11,15.15,21.79,8.00,9.23,13.88,23.16,6.15,4.60,9.93,6.77,11.87
5.57,7.29,10.27,5.35,9.30,11.32,14.23,12.65,17.53,19.28,10.34,8.77,12.17,20.51,8.41,7.12,12.80,3.93,14.74
13.31,8.54,7.41,5.69,2.24,10.79,10.28,20.66,22.15,17.50,18.39,8.03,14.86,17.63,16.46,15.11,19.62,4.46,21.61
1.00,11.64,15.07,7.97,13.20,15.66,19.03,9.50,18.85,19.20,6.96,13.37,10.16,20.99,5.14,4.86,12.33,7.98,14.01
11.72,17.92,19.09,7.51,11.24,21.57,22.53,19.93,28.89,8.33,17.42,18.66,3.29,10.28,15.83,15.74,23.10,10.07,24.85
10.25,1.78,5.98,9.60,10.70,5.75,9.69,14.53,13.62,23.97,12.87,3.77,17.81,24.79,11.26,9.52,11.53,7.10,13.48
8.06,4.04,7.63,7.66,9.84,8.09,11.54,13.37,15.03,22.01,11.43,5.76,15.45,22.99,9.66,8.01,11.63,5.35,13.62
7.71,17.86,20.39,9.66,15.01,21.88,24.25,14.65,26.11,13.96,12.33,19.22,3.85,16.30,11.14,11.67,19.24,11.45,20.71
15.49,12.78,16.55,20.58,22.92,13.46,18.70,11.77,3.35,34.49,12.47,14.32,26.15,35.81,12.61,11.61,4.61,18.54,4.63
8.66,3.96,6.96,6.95,8.73,7.94,10.91,14.42,15.94,21.33,12.42,5.34,15.23,22.20,10.60,9.00,12.77,4.50,14.76
2.62,14.26,17.57,9.24,14.75,18.28,21.53,9.80,20.96,18.39,7.33,15.95,8.69,20.43,5.94,6.41,13.98,9.86,15.46
12.15,12.34,16.58,18.33,21.45,14.14,19.39,7.98,7.17,31.73,8.66,14.22,22.94,33.24,8.93,8.12,0.80,16.59,2.17
12.37,0.51,3.91,10.55,10.48,3.79,7.51,16.63,14.05,24.73,15.04,1.59,19.30,25.32,13.45,11.70,13.12,7.96,15.00
3.74,15.54,19.30,12.17,17.58,19.45,23.23,7.13,20.02,21.24,4.91,17.42,11.28,23.38,4.22,5.49,12.47,12.46,13.68
10.87,13.81,18.19,18.16,21.90,16.16,21.31,5.25,9.88,30.86,6.35,15.81,21.62,32.56,7.09,6.80,2.05,16.75,2.55
5.59,6.43,10.10,7.40,10.92,10.44,14.02,11.34,15.50,21.32,9.23,8.23,13.86,22.57,7.37,5.83,10.80,5.72,12.77
0.51,11.54,15.20,8.92,14.00,15.51,19.14,8.42,17.94,20.34,5.88,13.37,11.20,22.13,4.02,3.74,11.26,8.69,12.90
8.40,16.51,18.47,7.13,12.17,20.40,22.20,16.38,26.25,11.80,13.91,17.60,2.72,13.88,12.40,12.49,20.00,9.30,21.65
11.99,2.22,3.62,8.91,8.55,5.17,7.57,17.20,15.90,22.93,15.40,2.27,17.94,23.45,13.67,11.99,14.41,6.33,16.34
5.09,7.77,10.79,5.39,9.59,11.80,14.74,12.34,17.71,19.11,10.00,9.27,11.80,20.40,8.05,6.83,12.76,4.20,14.69
16.09,4.73,0.54,12.17,9.97,3.58,3.47,20.85,16.81,25.35,19.22,2.65,21.50,25.49,17.58,15.85,17.12,9.74,18.93
16.27,4.62,1.16,12.71,10.68,2.90,3.36,20.75,16.21,26.03,19.19,2.56,22.01,26.19,17.59,15.84,16.79,10.24,18.57
12.65,4.95,4.21,7.44,5.91,7.20,7.80,18.90,18.63,20.81,16.87,4.38,16.83,21.14,15.03,13.46,16.81,5.10,18.78
11.09,9.25,13.48,15.99,18.67,11.12,16.34,9.38,7.33,29.84,9.20,11.11,21.60,31.17,8.80,7.47,3.49,14.03,5.27
11.20,8.81,13.02,15.81,18.36,10.62,15.85,9.82,7.27,29.74,9.56,10.65,21.63,31.04,9.07,7.69,3.99,13.81,5.74
2.83,14.48,18.27,11.56,16.88,18.38,22.20,6.85,19.10,21.35,4.44,16.38,11.53,23.40,3.39,4.49,11.68,11.68,12.98
3.23,13.69,16.70,7.67,13.23,17.73,20.64,11.27,21.52,16.98,8.75,15.24,7.57,18.93,7.18,7.32,14.89,8.53,16.49
3.05,14.61,17.87,9.30,14.85,18.64,21.83,10.09,21.39,18.10,7.65,16.28,8.33,20.17,6.31,6.83,14.38,10.04,15.86
3.79,8.30,12.15,8.37,12.56,12.24,16.05,9.43,15.57,21.57,7.22,10.20,13.34,23.05,5.33,3.89,9.91,7.20,11.79
12.75,11.77,15.91,18.42,21.25,13.29,18.57,9.12,6.12,32.05,9.65,13.57,23.48,33.48,9.77,8.80,1.98,16.55,3.03
12.81,13.68,17.93,19.40,22.68,15.47,20.73,7.67,7.53,32.59,8.74,15.57,23.61,34.18,9.29,8.72,1.26,17.74,0.82
9.75,4.72,6.35,5.86,6.80,8.26,10.25,16.17,17.66,20.08,14.06,5.38,14.83,20.78,12.19,10.67,14.73,3.27,16.73
14.54,4.13,1.40,10.23,8.27,4.77,5.18,19.86,17.34,23.52,18.08,2.47,19.58,23.73,16.35,14.66,16.74,7.82,18.64
13.51,5.95,4.42,7.61,5.21,7.79,7.63,19.95,19.63,20.45,17.89,5.11,17.03,20.64,16.03,14.49,17.93,5.49,19.89
12.21,16.67,17.39,6.12,9.05,20.11,20.66,20.67,28.39,8.41,18.12,17.18,5.60,9.80,16.40,16.05,23.13,8.70,24.96
15.43,3.62,1.56,12.38,10.83,2.25,4.36,19.72,15.33,25.98,18.19,1.62,21.57,26.26,16.62,14.86,15.73,9.85,17.52
10.40,13.70,14.52,3.15,6.84,17.16,17.91,18.92,25.61,11.26,16.37,14.24,7.14,12.38,14.53,13.94,20.69,5.73,22.58
12.83,3.85,3.23,8.43,7.15,5.98,7.06,18.59,17.53,22.01,16.68,3.13,17.73,22.37,14.89,13.25,16.07,5.97,18.01
6.12,15.41,17.87,7.30,12.78,19.41,21.73,13.99,24.26,14.20,11.51,16.72,4.70,16.26,10.03,10.21,17.76,8.97,19.38
10.88,9.96,14.24,16.25,19.14,11.94,17.15,8.62,7.57,29.94,8.59,11.86,21.52,31.35,8.32,7.11,2.69,14.39,4.55
11.07,1.93,4.57,8.66,8.95,5.58,8.49,16.18,15.36,22.88,14.37,2.86,17.46,23.52,12.65,10.96,13.50,6.07,15.45
6.04,6.52,9.65,5.87,9.40,10.56,13.60,12.67,16.86,19.96,10.44,8.05,12.96,21.13,8.53,7.13,12.38,4.15,14.34
13.61,1.75,4.04,12.20,11.91,2.37,6.97,17.17,13.00,26.36,15.78,1.86,20.92,26.91,14.31,12.54,12.99,9.61,14.78
15.05,9.96,13.46,18.76,20.47,10.23,15.44,13.21,3.88,32.98,13.31,11.32,25.28,34.10,12.96,11.60,6.30,16.50,7.19
16.10,4.44,1.13,12.61,10.65,2.81,3.54,20.56,16.09,25.97,19.01,2.38,21.89,26.15,17.41,15.66,16.61,10.13,18.40
15.09,12.76,16.61,20.34,22.79,13.59,18.85,11.26,3.86,34.19,11.98,14.35,25.78,35.54,12.15,11.18,4.10,18.33,4.14
11.62,17.05,18.05,6.54,10.07,20.62,21.44,19.98,28.34,8.58,17.44,17.70,4.34,10.27,15.78,15.56,22.80,9.13,24.58
16.03,5.99,2.16,10.82,7.84,5.94,4.43,21.66,18.96,23.36,19.82,4.21,20.24,23.36,18.06,16.40,18.61,8.62,20.49
1.48,11.61,14.94,7.53,12.80,15.65,18.89,9.99,19.17,18.75,7.44,13.29,9.78,20.52,5.62,5.32,12.75,7.63,14.44
16.09,4.32,1.44,12.79,10.95,2.46,3.67,20.41,15.75,26.23,18.89,2.30,22.04,26.43,17.31,15.56,16.37,10.29,18.14
11.11,5.25,5.69,5.97,5.63,8.24,9.42,17.69,18.67,19.76,15.57,5.31,15.28,20.26,13.69,12.19,16.14,3.51,18.13
14.89,14.30,18.34,21.01,23.91,15.51,20.79,9.88,5.61,34.49,11.00,16.03,25.69,35.99,11.51,10.83,3.25,19.18,2.31
16.72,9.92,7.12,9.11,4.08,10.90,8.67,23.76,23.52,19.25,21.59,8.69,18.00,18.91,19.67,18.24,22.03,7.94,24.00
12.25,4.27,4.07,7.58,6.52,6.76,7.84,18.30,17.94,21.21,16.31,3.87,16.90,21.61,14.49,12.89,16.10,5.13,18.07
8.62,4.17,7.02,6.67,8.48,8.12,10.97,14.54,16.23,21.04,12.51,5.48,15.00,21.92,10.68,9.10,13.01,4.21,15.00
1.24,11.87,15.23,7.83,13.12,15.90,19.19,9.76,19.21,18.87,7.21,13.57,9.80,20.67,5.42,5.21,12.69,7.95,14.36
18.41,10.13,6.49,11.27,6.41,10.21,6.99,25.00,23.33,21.44,22.94,8.52,20.29,20.97,21.08,19.54,22.64,9.84,24.57
5.65,15.55,18.19,7.92,13.45,19.58,22.08,13.29,23.95,14.91,10.84,16.95,5.20,17.02,9.43,9.71,17.29,9.43,18.86
15.58,15.22,19.24,21.86,24.81,16.38,21.65,10.13,5.88,35.27,11.44,16.94,26.38,36.80,12.07,11.50,3.93,20.07,2.56
16.73,4.90,4.63,15.06,13.95,0.99,5.49,19.68,12.90,28.96,18.51,3.92,23.98,29.32,17.17,15.40,14.69,12.48,16.29
6.49,5.54,9.20,7.40,10.47,9.57,13.11,12.07,15.28,21.54,10.02,7.32,14.42,22.69,8.20,6.61,11.05,5.46,13.03
11.36,18.33,19.71,8.08,12.15,22.05,23.23,19.40,28.90,8.79,16.92,19.16,2.20,10.92,15.40,15.43,22.88,10.59,24.58
18.08,6.10,3.52,15.06,12.98,2.59,2.87,21.83,15.47,28.38,20.48,4.32,24.31,28.51,19.00,17.23,17.19,12.56,18.84
12.56,7.62,6.86,5.44,3.12,10.08,10.01,19.75,21.19,18.01,17.51,7.26,14.80,18.27,15.59,14.21,18.62,3.82,20.62
9.06,15.75,17.36,5.79,10.54,19.54,20.99,17.36,26.27,11.01,14.83,16.68,3.63,12.85,13.20,13.06,20.41,8.17,22.15
6.05,6.77,11.00,9.91,13.28,10.44,14.73,9.60,13.26,23.66,7.83,8.81,15.73,25.00,6.23,4.47,8.29,8.20,10.26
9.08,13.70,14.99,3.36,8.05,17.36,18.55,17.60,25.02,11.79,15.05,14.46,6.13,13.19,13.25,12.77,19.75,5.87,21.59
9.36,4.71,6.63,5.84,7.11,8.38,10.55,15.75,17.44,20.13,13.65,5.53,14.67,20.88,11.77,10.26,14.38,3.26,16.37
4.59,15.79,18.84,9.44,15.02,19.83,22.78,11.42,22.96,16.89,9.04,17.37,6.95,19.06,7.82,8.40,15.95,10.55,17.40
0.87,12.50,15.96,8.62,13.94,16.51,19.91,9.16,19.27,19.26,6.61,14.24,9.94,21.13,4.91,4.95,12.52,8.78,14.12
17.94,5.94,4.14,15.43,13.67,2.04,3.84,21.32,14.50,28.97,20.06,4.41,24.59,29.17,18.65,16.87,16.45,12.90,18.06
12.20,13.81,18.11,19.06,22.51,15.79,21.02,6.83,8.36,32.08,7.95,15.73,23.00,33.71,8.58,8.11,1.19,17.49,1.06
7.08,17.14,19.69,9.06,14.47,21.16,23.56,14.25,25.46,14.17,11.88,18.51,4.12,16.43,10.63,11.08,18.66,10.79,20.17
15.21,3.51,1.32,12.03,10.48,2.57,4.48,19.63,15.54,25.63,18.07,1.44,21.24,25.90,16.47,14.73,15.77,9.51,17.58
2.55,13.63,16.81,8.28,13.80,17.67,20.77,10.43,20.95,17.80,7.91,15.26,8.31,19.77,6.37,6.60,14.18,8.94,15.75
2.52,14.52,18.08,10.48,15.92,18.50,22.03,8.39,20.20,19.81,5.97,16.32,10.00,21.88,4.75,5.53,12.97,10.87,14.36
17.73,7.07,2.68,12.58,9.26,5.93,2.84,23.06,19.26,24.81,21.31,5.07,22.00,24.68,19.59,17.90,19.60,10.41,21.43
12.94,8.01,7.04,5.60,2.74,10.34,10.05,20.19,21.60,17.84,17.94,7.56,14.89,18.03,16.01,14.65,19.08,4.15,21.07
10.24,14.02,14.95,3.47,7.36,17.53,18.37,18.76,25.76,11.06,16.21,14.61,6.63,12.28,14.39,13.85,20.71,6.06,22.58
5.95,6.06,9.91,7.98,11.29,10.03,13.79,11.19,14.86,21.95,9.17,7.94,14.50,23.19,7.37,5.75,10.29,6.19,12.27
10.79,18.47,20.09,8.49,12.89,22.28,23.69,18.64,28.62,9.60,16.20,19.42,1.16,11.84,14.75,14.88,22.40,10.91,24.05
9.14,3.07,6.55,7.98,9.51,7.10,10.45,14.32,14.99,22.36,12.44,4.68,16.19,23.22,10.70,9.03,12.17,5.51,14.15
5.88,15.70,18.30,7.92,13.43,19.72,22.18,13.52,24.17,14.68,11.07,17.08,4.96,16.80,9.67,9.95,17.53,9.49,19.10
10.79,11.48,15.81,17.00,20.25,13.61,18.80,7.25,8.19,30.35,7.60,13.43,21.57,31.87,7.69,6.78,1.20,15.31,3.19
5.63,15.94,18.67,8.52,14.06,19.97,22.57,13.00,24.01,15.26,10.58,17.38,5.39,17.42,9.25,9.64,17.23,9.98,18.75
12.31,10.22,14.33,17.31,19.90,11.71,16.98,9.83,6.12,31.17,9.97,11.99,22.89,32.51,9.77,8.57,3.14,15.33,4.58
6.58,6.76,9.44,4.87,8.38,10.73,13.38,13.62,17.78,19.08,11.34,8.07,12.46,20.18,9.41,8.08,13.44,3.08,15.41
12.19,7.73,11.72,15.81,17.83,9.06,14.33,11.56,6.83,29.98,11.17,9.41,22.29,31.14,10.51,8.99,5.63,13.62,7.22
13.10,15.78,15.99,5.52,7.14,18.97,19.04,21.62,28.15,9.03,19.07,16.05,7.81,9.82,17.25,16.69,23.42,7.91,25.32
6.97,6.84,9.27,4.42,7.83,10.76,13.20,14.15,18.21,18.70,11.85,8.03,12.33,19.76,9.92,8.61,13.97,2.54,15.94
2.00,14.00,17.61,10.31,15.69,17.97,21.55,8.12,19.66,20.07,5.64,15.82,10.35,22.09,4.31,4.99,12.47,10.57,13.89
5.80,17.48,20.67,11.35,16.94,21.52,24.62,11.19,23.80,17.71,9.04,19.13,7.60,20.03,8.19,9.13,16.47,12.49,17.76
3.96,10.10,12.93,5.03,10.20,14.12,16.87,12.22,19.53,17.51,9.72,11.54,9.59,19.03,7.80,7.05,13.91,5.04,15.75
14.58,2.68,2.21,11.96,10.85,2.18,5.32,18.76,14.69,25.79,17.24,0.83,21.03,26.16,15.68,13.92,14.82,9.39,16.62
5.02,16.24,19.27,9.74,15.32,20.29,23.21,11.65,23.38,16.75,9.31,17.82,6.74,18.96,8.15,8.79,16.32,10.93,17.75
8.14,14.45,16.15,4.67,9.74,18.26,19.82,16.57,25.03,12.06,14.03,15.41,4.82,13.76,12.32,12.06,19.31,6.95,21.08
11.33,17.60,18.83,7.22,11.10,21.27,22.29,19.55,28.51,8.72,17.04,18.36,3.20,10.65,15.45,15.35,22.71,9.77,24.46
1.00,11.01,14.65,8.54,13.54,14.99,18.59,8.72,17.71,20.28,6.21,12.83,11.31,22.02,4.31,3.79,11.20,8.21,12.89
13.20,10.04,13.99,17.76,20.06,11.16,16.44,10.95,5.22,31.77,11.08,11.70,23.68,33.03,10.82,9.56,4.13,15.68,5.32
10.96,19.06,20.77,9.19,13.65,22.90,24.39,18.62,28.96,9.77,16.20,20.05,0.44,12.12,14.82,15.05,22.60,11.58,24.22
9.18,9.08,13.47,14.57,17.67,11.59,16.66,8.02,9.23,28.18,7.51,11.09,19.76,29.60,6.93,5.55,3.78,12.79,5.77
6.30,13.72,15.89,5.08,10.57,17.66,19.70,14.71,23.57,13.81,12.16,14.89,5.54,15.59,10.46,10.26,17.60,6.84,19.34
10.68,8.51,8.81,3.04,3.57,11.61,12.24,18.37,21.54,16.38,16.01,8.69,12.43,16.93,14.06,12.85,18.08,1.83,20.07
13.42,6.89,5.50,6.86,4.10,8.89,8.54,20.22,20.57,19.38,18.08,6.18,16.25,19.54,16.18,14.71,18.56,4.98,20.54
13.46,8.10,6.82,6.13,2.76,10.23,9.69,20.65,21.75,18.10,18.42,7.51,15.38,18.22,16.50,15.11,19.41,4.69,21.40
9.29,15.89,17.45,5.85,10.51,19.66,21.06,17.59,26.47,10.78,15.06,16.79,3.58,12.62,13.43,13.28,20.63,8.27,22.38
6.68,5.41,9.42,8.56,11.53,9.33,13.26,11.38,14.16,22.65,9.48,7.36,15.31,23.83,7.76,6.07,9.93,6.61,11.92
1.20,12.87,16.60,10.14,15.34,16.80,20.53,7.52,18.36,20.81,4.97,14.73,11.31,22.73,3.34,3.73,11.28,10.08,12.78
2.07,13.90,17.32,9.41,14.87,17.92,21.28,9.22,20.34,18.98,6.73,15.64,9.32,20.98,5.30,5.77,13.33,9.87,14.82
13.02,5.93,4.80,7.10,4.98,8.04,8.12,19.57,19.62,20.08,17.48,5.28,16.52,20.32,15.60,14.08,17.70,4.96,19.67
13.64,7.20,5.69,6.90,3.86,9.14,8.62,20.51,20.89,19.22,18.35,6.46,16.26,19.34,16.45,14.99,18.88,5.12,20.86
10.16,1.91,5.75,9.02,10.05,5.95,9.57,14.82,14.27,23.38,13.08,3.69,17.37,24.17,11.42,9.69,12.08,6.50,14.03
2.24,13.40,16.63,8.30,13.79,17.43,20.59,10.19,20.64,18.06,7.67,15.05,8.60,20.01,6.10,6.30,13.88,8.87,15.45
8.49,3.85,7.12,7.30,9.20,7.87,11.06,14.04,15.51,21.68,12.08,5.38,15.41,22.59,10.28,8.65,12.30,4.90,14.29
8.13,4.50,8.83,10.01,12.42,8.12,12.48,11.67,12.61,24.24,10.07,6.57,17.02,25.35,8.53,6.77,9.12,7.86,11.10
2.18,14.06,17.49,9.58,15.05,18.07,21.45,9.14,20.39,19.05,6.66,15.80,9.36,21.08,5.27,5.79,13.34,10.05,14.81
6.51,16.81,19.46,9.05,14.52,20.83,23.34,13.64,24.91,14.74,11.27,18.22,4.72,16.98,10.02,10.49,18.07,10.66,19.57
9.48,15.75,17.22,5.60,10.16,19.49,20.80,17.82,26.49,10.64,15.29,16.60,3.88,12.41,13.63,13.44,20.74,8.05,22.51
7.40,4.77,8.23,7.13,9.71,8.82,12.16,13.06,15.50,21.44,11.04,6.43,14.74,22.48,9.22,7.62,11.73,4.95,13.73
6.79,5.65,8.84,6.30,9.32,9.69,12.80,13.01,16.33,20.54,10.87,7.19,13.77,21.63,9.00,7.50,12.22,4.28,14.21
13.60,2.61,2.05,10.26,9.13,3.96,5.96,18.51,15.92,24.01,16.80,1.14,19.43,24.39,15.13,13.41,15.23,7.72,17.12
3.90,15.73,19.07,10.47,16.03,19.75,23.03,9.84,21.94,18.52,7.52,17.44,8.54,20.69,6.46,7.27,14.70,11.27,16.06
0.38,11.78,15.33,8.58,13.76,15.78,19.28,8.87,18.49,19.78,6.32,13.56,10.62,21.59,4.51,4.31,11.84,8.50,13.48
13.72,1.72,3.17,11.69,11.10,2.46,6.37,17.71,13.93,25.73,16.22,0.94,20.58,26.22,14.68,12.92,13.77,9.11,15.59
11.14,9.19,9.27,2.99,3.01,12.19,12.57,18.95,22.27,15.78,16.57,9.28,12.23,16.27,14.62,13.45,18.79,2.42,20.78
14.67,12.67,16.59,20.05,22.60,13.65,18.92,10.78,4.33,33.84,11.51,14.31,25.38,35.22,11.69,10.74,3.62,18.08,3.73
6.41,15.09,17.41,6.64,12.08,19.06,21.24,14.49,24.34,13.72,11.99,16.34,4.56,15.72,10.44,10.50,18.01,8.41,19.66
8.82,4.77,7.05,5.85,7.56,8.58,10.99,15.18,17.16,20.21,13.06,5.79,14.46,21.03,11.19,9.68,13.90,3.33,15.89
14.33,2.73,1.73,11.30,10.07,2.95,5.31,18.86,15.37,25.05,17.26,0.66,20.45,25.40,15.64,13.90,15.19,8.76,17.03
12.02,20.05,21.65,10.03,14.25,23.86,25.22,19.60,30.04,8.98,17.21,20.99,1.24,11.42,15.86,16.11,23.67,12.48,25.28
12.41,11.59,15.76,18.11,20.99,13.20,18.47,8.88,6.42,31.73,9.36,13.41,23.14,33.17,9.45,8.47,1.80,16.26,3.08
1.73,13.43,16.82,8.97,14.41,17.45,20.78,9.37,20.11,18.87,6.85,15.15,9.33,20.83,5.32,5.63,13.21,9.38,14.74
12.21,2.62,3.43,8.78,8.19,5.31,7.38,17.56,16.31,22.71,15.73,2.39,17.89,23.19,13.98,12.31,14.83,6.22,16.77
10.68,15.97,17.09,5.51,9.40,19.58,20.53,19.10,27.24,9.64,16.56,16.67,4.64,11.24,14.86,14.57,21.75,8.08,23.55
7.78,16.89,19.14,8.08,13.33,20.85,22.94,15.42,25.96,12.84,12.99,18.11,3.03,15.03,11.60,11.86,19.43,10.05,21.02
10.45,12.40,16.77,17.23,20.75,14.71,19.87,6.10,9.13,30.26,6.67,14.39,21.26,31.88,7.02,6.37,1.27,15.69,2.89
3.33,14.99,18.79,11.99,17.34,18.88,22.71,6.76,19.40,21.49,4.44,16.89,11.60,23.59,3.62,4.85,11.89,12.16,13.13
3.02,13.71,17.68,11.97,17.09,17.50,21.55,5.69,17.64,22.54,3.17,15.67,12.85,24.51,1.90,3.12,10.19,11.76,11.50
5.44,16.89,19.98,10.51,16.09,20.93,23.93,11.50,23.67,17.11,9.25,18.49,7.02,19.38,8.23,9.02,16.48,11.69,17.84
10.34,8.97,13.28,15.33,18.13,11.10,16.27,8.95,8.08,29.12,8.62,10.90,20.85,30.48,8.13,6.76,3.64,13.42,5.55
10.27,11.56,12.18,1.44,4.90,14.90,15.56,18.61,23.94,13.25,16.11,11.96,9.31,14.07,14.19,13.33,19.57,3.65,21.51
12.90,11.90,16.04,18.58,21.41,13.39,18.67,9.19,6.01,32.22,9.76,13.69,23.64,33.65,9.90,8.95,2.03,16.71,2.96
10.56,17.50,18.96,7.34,11.63,21.25,22.52,18.67,28.02,9.53,16.18,18.37,2.39,11.57,14.62,14.61,22.04,9.81,23.75
10.97,17.99,19.43,7.80,11.98,21.73,22.96,19.03,28.50,9.16,16.54,18.85,2.16,11.26,15.02,15.04,22.49,10.28,24.19
6.12,14.84,17.22,6.55,12.03,18.83,21.06,14.23,24.04,14.00,11.72,16.11,4.86,15.97,10.16,10.20,17.71,8.26,19.37
14.37,12.73,16.70,19.90,22.54,13.82,19.10,10.36,4.75,33.63,11.11,14.41,25.10,35.03,11.33,10.41,3.21,17.97,3.32
9.15,14.95,16.39,4.77,9.43,18.67,19.97,17.59,25.86,11.12,15.05,15.78,4.69,12.77,13.33,13.04,20.25,7.23,22.04
9.52,3.63,6.14,6.96,8.12,7.45,10.10,15.35,16.31,21.28,13.35,4.71,15.60,22.05,11.54,9.93,13.51,4.40,15.50
9.32,3.90,6.36,6.70,8.00,7.72,10.32,15.27,16.49,21.04,13.25,4.97,15.33,21.82,11.42,9.83,13.57,4.15,15.56
1.48,10.65,14.16,7.81,12.82,14.66,18.11,9.44,17.97,19.74,6.94,12.41,10.95,21.43,5.02,4.40,11.67,7.49,13.40
9.32,10.91,15.31,15.69,19.15,13.42,18.50,6.48,9.49,28.91,6.42,12.93,20.10,30.46,6.31,5.32,2.47,14.10,4.39
13.91,12.47,16.50,19.50,22.20,13.69,18.97,9.98,5.14,33.19,10.68,14.18,24.65,34.61,10.88,9.96,2.81,17.58,3.13
8.89,15.00,16.54,4.95,9.73,18.76,20.15,17.30,25.75,11.30,14.76,15.88,4.47,13.00,13.06,12.81,20.07,7.35,21.84
13.93,5.16,3.21,8.65,6.39,6.62,6.55,19.96,18.77,21.66,18.00,4.04,18.06,21.85,16.18,14.58,17.49,6.39,19.44
13.82,3.62,1.97,9.70,8.11,4.89,5.87,19.18,17.06,23.18,17.37,2.26,19.01,23.47,15.64,13.96,16.19,7.24,18.10
4.16,13.01,15.71,6.12,11.70,17.04,19.62,12.56,21.86,15.90,10.01,14.42,7.03,17.73,8.32,8.17,15.61,7.18,17.31
14.67,9.06,7.22,6.99,2.47,10.82,9.64,21.92,22.74,18.02,19.68,8.24,16.02,17.94,17.76,16.38,20.62,5.84,22.61
10.27,16.54,17.89,6.26,10.52,20.24,21.42,18.57,27.36,9.80,16.04,17.35,3.47,11.64,14.41,14.27,21.59,8.77,23.35
10.77,18.18,19.73,8.11,12.45,21.96,23.31,18.72,28.47,9.48,16.25,19.09,1.60,11.66,14.77,14.85,22.34,10.56,24.01
5.11,16.37,19.41,9.88,15.46,20.42,23.35,11.63,23.45,16.80,9.31,17.95,6.77,19.02,8.18,8.85,16.37,11.07,17.78
13.02,9.06,12.97,17.10,19.20,10.13,15.42,11.46,5.61,31.21,11.38,10.69,23.33,32.41,10.95,9.56,4.94,14.95,6.28
12.04,2.20,3.57,8.96,8.58,5.12,7.52,17.23,15.88,22.98,15.43,2.21,17.99,23.49,13.71,12.02,14.41,6.38,16.35
12.56,11.28,15.42,18.04,20.81,12.81,18.08,9.28,6.11,31.75,9.69,13.08,23.25,33.15,9.70,8.66,2.26,16.15,3.49
10.65,15.86,16.96,5.39,9.28,19.46,20.41,19.08,27.16,9.71,16.54,16.55,4.76,11.29,14.82,14.52,21.69,7.96,23.50
14.60,2.65,2.43,12.12,11.08,1.99,5.41,18.67,14.46,25.98,17.18,0.96,21.16,26.37,15.63,13.87,14.65,9.55,16.45
11.98,5.97,5.63,6.08,4.78,8.58,9.13,18.72,19.54,19.41,16.57,5.70,15.49,19.78,14.68,13.21,17.18,3.86,19.17
16.00,10.34,8.07,7.98,2.68,11.79,9.99,23.35,24.03,17.82,21.09,9.37,16.66,17.53,19.16,17.80,22.06,7.13,24.04
0.95,11.67,15.44,9.54,14.57,15.60,19.36,7.76,17.51,20.97,5.23,13.55,11.76,22.78,3.36,3.14,10.70,9.23,12.31
6.26,14.69,17.00,6.25,11.71,18.66,20.82,14.44,24.06,13.82,11.93,15.93,4.85,15.75,10.34,10.33,17.81,8.00,19.48
4.19,8.04,11.44,6.55,10.83,12.08,15.39,11.11,16.95,19.97,8.78,9.73,12.18,21.36,6.84,5.59,11.67,5.44,13.57
12.36,10.12,14.21,17.29,19.84,11.58,16.85,9.97,6.05,31.17,10.09,11.88,22.92,32.50,9.87,8.65,3.30,15.30,4.72
9.88,14.50,15.63,4.04,8.24,18.11,19.11,18.39,25.93,10.88,15.83,15.19,5.75,12.29,14.06,13.63,20.65,6.61,22.48
13.98,2.36,2.08,11.12,10.07,3.02,5.69,18.48,15.15,24.95,16.88,0.31,20.21,25.34,15.26,13.52,14.85,8.56,16.70
10.55,3.21,5.13,7.41,7.82,6.73,9.09,16.29,16.48,21.59,14.34,3.88,16.32,22.24,12.54,10.92,14.16,4.81,16.14
11.07,16.25,17.28,5.75,9.44,19.83,20.69,19.48,27.60,9.27,16.94,16.91,4.71,10.85,15.24,14.96,22.13,8.33,23.94
16.22,14.00,17.78,21.64,24.09,14.67,19.89,11.86,3.52,35.45,12.81,15.55,26.95,36.82,13.12,12.25,4.89,19.64,4.39
8.18,16.07,18.02,6.68,11.76,19.96,21.75,16.27,25.92,11.94,13.77,17.16,3.13,13.95,12.23,12.26,19.74,8.85,21.41
12.78,17.37,18.04,6.82,9.58,20.80,21.28,21.20,29.09,7.72,18.66,17.87,5.52,9.17,16.95,16.65,23.78,9.40,25.60
8.33,14.84,16.53,5.04,10.04,18.65,20.20,16.72,25.36,11.81,14.18,15.80,4.43,13.56,12.49,12.27,19.57,7.33,21.33
10.21,17.75,19.39,7.80,12.32,21.56,23.00,18.18,27.94,10.02,15.71,18.70,1.67,12.16,14.21,14.29,21.79,10.20,23.46
6.65,5.93,9.02,5.99,9.14,9.96,12.97,13.08,16.64,20.22,10.90,7.43,13.45,21.32,9.01,7.54,12.45,4.04,14.43
6.75,16.34,18.80,8.11,13.52,20.34,22.65,14.32,25.02,13.92,11.89,17.66,4.10,16.08,10.51,10.82,18.40,9.86,19.96
14.88,11.89,15.68,19.76,22.03,12.63,17.88,11.62,3.64,33.71,12.15,13.44,25.48,35.01,12.16,11.07,4.44,17.68,4.85
16.12,7.02,3.59,10.14,6.60,7.38,5.50,22.22,20.29,22.15,20.26,5.44,19.52,22.06,18.45,16.84,19.57,8.16,21.49
10.89,9.55,13.82,16.03,18.82,11.51,16.72,8.95,7.53,29.79,8.82,11.44,21.46,31.17,8.47,7.19,3.12,14.12,4.95
6.35,5.99,10.12,9.16,12.33,9.79,13.91,10.57,13.71,23.11,8.73,7.99,15.49,24.37,7.05,5.33,9.17,7.32,11.15
16.02,8.35,5.48,9.09,4.84,9.25,7.35,22.70,21.89,20.34,20.60,7.05,18.31,20.16,18.72,17.21,20.63,7.50,22.58
6.44,13.96,16.11,5.23,10.70,17.89,19.91,14.82,23.79,13.64,12.28,15.12,5.31,15.45,10.60,10.42,17.78,7.04,19.52
10.85,16.92,18.17,6.55,10.56,20.59,21.65,19.14,27.88,9.23,16.62,17.69,3.55,11.06,14.99,14.84,22.15,9.10,23.91
4.75,11.87,14.37,4.71,10.27,15.86,18.26,13.27,21.49,15.72,10.72,13.18,7.59,17.36,8.90,8.47,15.65,5.71,17.43
13.33,10.42,14.37,18.05,20.40,11.53,16.82,10.82,5.08,32.02,11.04,12.08,23.86,33.31,10.85,9.63,3.90,15.99,5.00
12.57,7.80,7.04,5.34,2.94,10.26,10.17,19.82,21.36,17.83,17.57,7.44,14.67,18.08,15.64,14.28,18.75,3.79,20.74
8.70,3.75,8.07,9.90,11.98,7.43,11.73,12.43,12.76,24.21,10.82,5.81,17.26,25.24,9.27,7.50,9.69,7.63,11.67
6.01,7.28,11.56,10.48,13.94,10.85,15.26,8.99,12.92,24.11,7.29,9.34,16.00,25.49,5.76,3.99,7.68,8.83,9.64
4.71,14.93,17.73,7.90,13.48,18.97,21.65,12.41,23.04,15.78,9.94,16.40,6.14,17.84,8.50,8.77,16.35,9.18,17.92
9.76,6.38,10.73,13.29,15.68,8.83,13.88,10.57,9.42,27.39,9.65,8.35,19.69,28.59,8.64,6.97,6.25,11.19,8.17
4.77,15.23,18.08,8.29,13.87,19.27,22.00,12.28,23.15,15.92,9.83,16.72,6.18,18.02,8.44,8.79,16.38,9.56,17.92
7.74,10.31,14.72,14.22,17.88,13.21,18.12,6.14,10.88,27.32,5.48,12.37,18.51,28.89,5.00,3.81,4.05,12.73,5.89
6.13,6.47,10.66,9.60,12.91,10.20,14.42,9.97,13.44,23.43,8.17,8.50,15.61,24.74,6.53,4.79,8.64,7.85,10.61
3.02,12.64,15.61,6.79,12.30,16.69,19.55,11.44,20.91,17.04,8.89,14.17,8.01,18.87,7.18,7.05,14.52,7.49,16.20
13.18,14.18,18.43,19.88,23.18,15.93,21.19,7.75,7.59,33.02,8.95,16.06,23.98,34.62,9.59,9.09,1.75,18.23,0.36
11.29,7.18,11.33,14.90,17.05,8.92,14.14,11.11,7.76,29.05,10.54,8.98,21.34,30.22,9.77,8.20,5.69,12.74,7.44
12.70,5.02,4.22,7.44,5.86,7.24,7.79,18.97,18.70,20.78,16.94,4.42,16.83,21.10,15.09,13.53,16.88,5.12,18.85
13.48,1.64,2.85,11.12,10.46,2.97,6.34,17.77,14.49,25.12,16.21,0.46,20.08,25.59,14.62,12.87,14.08,8.54,15.93
10.17,11.19,15.55,16.43,19.76,13.47,18.63,6.93,8.71,29.73,7.11,13.17,20.95,31.27,7.12,6.17,1.71,14.78,3.69
3.53,8.95,12.94,9.28,13.56,12.80,16.80,8.43,15.20,22.22,6.24,10.91,13.70,23.77,4.37,2.89,9.17,8.19,11.01
13.58,7.31,5.85,6.76,3.71,9.29,8.78,20.49,20.99,19.05,18.33,6.60,16.11,19.18,16.42,14.97,18.93,5.02,20.91
11.41,5.17,5.40,6.24,5.62,8.04,9.11,17.93,18.67,19.94,15.83,5.12,15.57,20.41,13.95,12.44,16.28,3.81,18.26
8.19,3.83,7.62,8.14,10.28,7.85,11.49,13.18,14.54,22.49,11.31,5.64,15.86,23.48,9.58,7.89,11.23,5.84,13.22
14.33,10.67,14.44,18.77,20.90,11.41,16.67,11.81,4.10,32.83,12.08,12.21,24.80,34.07,11.90,10.67,4.78,16.64,5.61
6.10,11.99,14.09,3.58,9.17,15.89,17.90,14.62,22.34,14.64,12.07,13.11,7.20,16.17,10.24,9.73,16.77,5.07,18.59
14.28,10.41,9.07,5.87,0.51,12.57,11.60,21.97,24.01,16.05,19.63,9.86,14.42,16.01,17.68,16.44,21.31,5.46,23.30
2.57,14.36,17.74,9.58,15.08,18.38,21.70,9.45,20.81,18.74,6.99,16.08,8.99,20.79,5.65,6.21,13.75,10.15,15.21
11.34,9.32,9.31,3.11,2.80,12.28,12.57,19.17,22.44,15.69,16.78,9.37,12.29,16.15,14.83,13.66,19.00,2.64,20.98
15.09,3.41,1.31,11.91,10.38,2.65,4.59,19.54,15.55,25.51,17.97,1.34,21.11,25.80,16.36,14.62,15.71,9.38,17.53
12.49,5.38,4.72,6.97,5.41,7.74,8.25,18.93,19.05,20.27,16.86,4.90,16.37,20.60,14.99,13.46,17.04,4.68,19.02
14.15,9.59,13.28,18.05,19.95,10.21,15.47,12.38,4.58,32.22,12.41,11.07,24.43,33.38,12.04,10.68,5.58,15.84,6.65
13.83,11.00,14.92,18.67,21.03,12.01,17.29,10.97,4.61,32.62,11.32,12.64,24.40,33.91,11.23,10.07,3.90,16.62,4.75
13.38,4.16,2.86,8.77,7.12,5.89,6.59,19.13,17.78,22.17,17.22,3.16,18.12,22.46,15.44,13.80,16.51,6.36,18.45
10.71,3.62,5.11,7.10,7.33,6.99,9.05,16.64,16.97,21.21,14.65,4.09,16.13,21.82,12.83,11.24,14.63,4.51,16.61
14.97,3.32,1.32,11.78,10.29,2.72,4.69,19.45,15.56,25.40,17.87,1.24,20.98,25.70,16.26,14.52,15.66,9.26,17.48
9.97,14.59,15.70,4.11,8.26,18.18,19.17,18.47,26.03,10.79,15.92,15.27,5.72,12.19,14.15,13.72,20.74,6.68,22.58
14.94,5.52,2.59,9.64,6.96,6.28,5.57,20.79,18.90,22.40,18.88,4.04,19.06,22.49,17.09,15.46,18.05,7.42,19.97
4.75,14.83,17.60,7.72,13.30,18.86,21.51,12.53,23.04,15.66,10.05,16.28,6.07,17.70,8.59,8.82,16.40,9.01,17.98
12.10,4.21,4.17,7.51,6.56,6.79,7.96,18.15,17.87,21.18,16.16,3.88,16.80,21.60,14.33,12.74,15.98,5.04,17.95
11.24,19.83,21.65,10.11,14.65,23.71,25.31,18.63,29.42,10.09,16.26,20.88,0.69,12.55,14.97,15.31,22.89,12.46,24.46
12.55,11.64,15.80,18.23,21.09,13.22,18.49,8.99,6.28,31.86,9.49,13.45,23.28,33.29,9.59,8.61,1.89,16.37,3.08
11.93,10.37,14.54,17.16,19.87,12.02,17.28,9.32,6.54,30.93,9.48,12.19,22.56,32.30,9.31,8.14,2.70,15.23,4.26
12.38,2.08,3.24,9.33,8.80,4.75,7.17,17.45,15.75,23.31,15.69,1.83,18.38,23.80,13.98,12.28,14.49,6.76,16.41
10.50,17.95,19.54,7.93,12.35,21.74,23.13,18.47,28.21,9.73,16.00,18.88,1.65,11.88,14.51,14.59,22.07,10.36,23.75
13.42,1.57,4.11,12.05,11.82,2.57,7.11,17.01,13.01,26.22,15.61,1.86,20.74,26.79,14.13,12.36,12.88,9.46,14.69
12.80,16.79,17.32,6.28,8.74,20.15,20.51,21.28,28.72,8.12,18.73,17.22,6.25,9.35,16.98,16.59,23.60,8.82,25.45
9.54,17.67,19.52,8.03,12.82,21.54,23.20,17.36,27.47,10.87,14.91,18.71,1.51,13.07,13.47,13.63,21.16,10.32,22.80
10.05,8.41,12.74,14.79,17.55,10.64,15.78,9.18,8.42,28.65,8.69,10.36,20.47,29.98,8.06,6.61,4.20,12.86,6.13
6.09,5.93,9.60,7.40,10.67,9.95,13.51,11.74,15.36,21.45,9.66,7.72,14.18,22.65,7.83,6.26,10.92,5.57,12.90
10.29,12.32,16.70,17.07,20.62,14.66,19.81,6.01,9.25,30.10,6.54,14.31,21.09,31.72,6.86,6.21,1.42,15.54,3.05
1.55,10.90,14.30,7.49,12.60,14.92,18.26,9.81,18.47,19.24,7.29,12.61,10.45,20.95,5.40,4.87,12.17,7.33,13.91
9.85,16.79,18.35,6.74,11.25,20.57,21.94,18.03,27.27,10.21,15.52,17.70,2.74,12.18,13.94,13.89,21.31,9.17,23.02
19.08,7.08,4.44,16.04,13.80,3.38,2.80,22.67,15.70,29.26,21.38,5.34,25.31,29.32,19.93,18.16,17.84,13.56,19.44
9.51,4.78,6.55,5.78,6.93,8.39,10.46,15.94,17.59,20.05,13.83,5.52,14.68,20.78,11.95,10.44,14.57,3.20,16.56
2.25,9.81,13.36,7.59,12.39,13.82,17.31,9.66,17.39,20.04,7.21,11.59,11.50,21.64,5.27,4.36,11.33,7.01,13.13
8.96,9.29,13.69,14.53,17.73,11.87,16.91,7.70,9.46,28.07,7.18,11.31,19.58,29.52,6.63,5.28,3.71,12.80,5.70
6.39,5.80,9.23,6.78,9.95,9.84,13.17,12.39,15.90,20.93,10.27,7.47,13.90,22.07,8.41,6.88,11.62,4.87,13.60
1.10,12.92,16.62,9.98,15.22,16.86,20.55,7.74,18.57,20.57,5.20,14.77,11.07,22.50,3.58,3.96,11.52,9.97,13.02
15.14,12.11,15.87,20.02,22.29,12.79,18.03,11.80,3.42,33.99,12.36,13.64,25.75,35.28,12.40,11.32,4.61,17.95,4.92
4.02,15.08,18.13,8.87,14.45,19.12,22.07,11.26,22.43,16.95,8.82,16.66,7.15,19.06,7.49,7.94,15.52,9.90,17.02
14.23,12.57,16.55,19.74,22.38,13.69,18.97,10.30,4.82,33.47,11.01,14.25,24.95,34.87,11.21,10.28,3.13,17.80,3.34
1.48,13.24,16.67,8.98,14.39,17.25,20.62,9.21,19.86,19.05,6.68,14.97,9.55,21.00,5.12,5.39,12.98,9.31,14.52
14.57,2.68,2.21,11.96,10.85,2.19,5.32,18.75,14.69,25.78,17.24,0.83,21.02,26.16,15.67,13.92,14.81,9.39,16.62
12.44,12.15,16.36,18.42,21.43,13.84,19.10,8.46,6.71,31.92,9.09,14.00,23.21,33.40,9.30,8.44,1.29,16.63,2.44
14.60,15.88,20.08,21.55,24.92,17.48,22.76,8.36,7.94,34.54,9.94,17.73,25.36,36.20,10.83,10.52,3.48,19.95,1.49
7.39,4.66,8.67,8.55,11.17,8.60,12.50,12.06,14.08,22.78,10.21,6.60,15.71,23.89,8.50,6.80,10.28,6.44,12.27
12.53,17.64,18.46,7.09,10.15,21.14,21.75,20.90,29.14,7.72,18.36,18.21,4.84,9.36,16.70,16.46,23.67,9.68,25.47
16.29,14.09,17.87,21.73,24.18,14.75,19.98,11.90,3.53,35.53,12.86,15.64,27.03,36.91,13.18,12.32,4.94,19.73,4.41
3.83,14.20,18.24,12.78,17.87,17.93,22.09,4.94,17.46,23.26,2.47,16.19,13.50,25.26,1.68,3.25,9.86,12.53,11.07
3.97,10.47,13.25,4.99,10.26,14.50,17.19,12.33,19.89,17.20,9.81,11.89,9.20,18.75,7.92,7.24,14.19,5.20,16.02
12.12,11.84,16.06,18.05,21.06,13.58,18.84,8.35,6.89,31.56,8.89,13.69,22.88,33.04,9.04,8.13,1.26,16.26,2.71
11.38,4.35,4.88,6.86,6.43,7.29,8.71,17.58,17.88,20.71,15.55,4.36,16.11,21.21,13.70,12.14,15.66,4.35,17.64
15.95,4.21,4.63,14.53,13.70,0.87,6.04,18.88,12.50,28.54,17.70,3.50,23.36,28.97,16.35,14.58,13.97,11.94,15.60
2.27,13.30,16.52,8.15,13.64,17.35,20.47,10.30,20.64,17.97,7.78,14.95,8.55,19.90,6.19,6.35,13.92,8.73,15.51
10.76,8.32,12.57,15.23,17.78,10.28,15.48,9.82,7.77,29.18,9.41,10.19,21.12,30.46,8.81,7.35,4.37,13.22,6.20
2.54,13.77,16.99,8.50,14.02,17.81,20.95,10.27,20.95,17.94,7.77,15.42,8.39,19.92,6.26,6.54,14.13,9.16,15.68
9.08,2.93,6.87,8.72,10.39,6.94,10.69,13.76,14.14,23.10,11.98,4.80,16.69,24.01,10.30,8.58,11.34,6.31,13.32
3.26,14.84,18.10,9.46,15.02,18.88,22.06,10.14,21.57,18.07,7.71,16.51,8.26,20.16,6.42,6.98,14.53,10.24,15.99
8.03,14.68,16.44,5.01,10.11,18.51,20.13,16.42,25.10,12.10,13.88,15.67,4.54,13.86,12.19,11.98,19.28,7.25,21.04
13.12,7.06,5.90,6.42,3.79,9.22,8.99,20.04,20.72,18.97,17.86,6.47,15.80,19.17,15.96,14.51,18.53,4.59,20.52
4.77,15.77,18.76,9.19,14.77,19.82,22.69,11.76,23.17,16.53,9.37,17.33,6.60,18.69,8.11,8.65,16.21,10.38,17.68
14.43,3.86,1.34,10.30,8.48,4.53,5.23,19.65,17.05,23.68,17.89,2.19,19.63,23.92,16.17,14.48,16.48,7.86,18.37
1.82,13.75,17.42,10.41,15.75,17.70,21.36,7.77,19.23,20.43,5.27,15.59,10.75,22.43,3.89,4.56,12.04,10.57,13.46
13.58,18.29,18.90,7.75,10.27,21.70,22.08,21.96,30.02,6.79,19.42,18.77,5.61,8.32,17.75,17.49,24.66,10.32,26.47
7.71,16.30,18.45,7.31,12.53,20.24,22.22,15.60,25.71,12.59,13.13,17.48,3.19,14.69,11.66,11.80,19.34,9.33,20.97
11.31,14.83,15.50,4.30,7.38,18.23,18.80,19.83,26.78,10.10,17.28,15.30,6.74,11.22,15.47,14.95,21.80,6.86,23.67
10.91,12.78,17.14,17.72,21.23,15.00,20.19,6.23,8.92,30.75,6.97,14.76,21.72,32.37,7.41,6.82,0.97,16.18,2.40
7.23,19.04,22.81,15.15,20.68,22.92,26.74,8.06,22.46,22.31,6.70,20.94,12.19,24.67,6.94,8.54,14.62,15.74,15.47
2.11,10.95,14.19,6.85,12.05,14.99,18.14,10.51,19.01,18.55,7.98,12.59,9.88,20.24,6.10,5.58,12.84,6.84,14.59
4.23,15.18,18.18,8.79,14.38,19.22,22.12,11.50,22.64,16.72,9.07,16.74,6.91,18.82,7.73,8.17,15.75,9.88,17.25
14.77,3.63,0.85,11.05,9.33,3.71,4.79,19.66,16.43,24.51,17.98,1.67,20.33,24.76,16.31,14.59,16.19,8.57,18.05
4.60,7.41,11.14,7.67,11.60,11.40,15.05,10.47,15.67,21.25,8.29,9.24,13.40,22.61,6.40,4.93,10.48,6.28,12.41
5.25,6.86,10.36,6.86,10.60,10.89,14.30,11.49,16.12,20.70,9.29,8.58,13.23,21.97,7.40,5.95,11.30,5.31,13.25
11.65,11.02,15.25,17.33,20.26,12.83,18.07,8.51,7.02,30.93,8.81,12.89,22.37,32.37,8.79,7.74,1.82,15.49,3.50
13.82,7.74,6.18,6.76,3.35,9.67,8.99,20.83,21.42,18.77,18.64,7.01,16.05,18.85,16.73,15.30,19.34,5.16,21.32
10.09,15.23,16.41,4.80,8.95,18.86,19.89,18.55,26.49,10.37,16.00,15.95,5.03,11.90,14.27,13.93,21.06,7.36,22.87
3.64,12.05,14.84,5.81,11.32,16.08,18.77,12.15,20.93,16.59,9.60,13.49,7.97,18.32,7.82,7.49,14.82,6.54,16.56
13.00,4.28,3.35,8.28,6.77,6.29,7.07,18.90,17.95,21.73,16.96,3.50,17.63,22.05,15.15,13.54,16.47,5.87,18.42
16.16,7.62,4.40,9.76,5.90,8.18,6.22,22.50,21.00,21.44,20.48,6.14,19.09,21.31,18.64,17.07,20.07,7.93,22.01
10.14,15.86,17.13,5.51,9.72,19.53,20.64,18.54,26.91,10.07,16.00,16.63,4.26,11.75,14.31,14.07,21.30,8.04,23.09
13.18,12.99,17.16,19.31,22.33,14.55,19.83,8.67,6.45,32.75,9.53,14.81,23.97,34.25,9.89,9.13,1.62,17.52,1.83
11.26,11.55,15.85,17.35,20.50,13.55,18.77,7.66,7.71,30.76,8.07,13.47,22.03,32.27,8.17,7.26,1.07,15.61,2.99
6.08,14.82,17.20,6.56,12.04,18.81,21.04,14.19,24.00,14.04,11.68,16.10,4.89,16.01,10.12,10.16,17.67,8.25,19.33
10.16,2.12,5.57,8.58,9.51,6.12,9.45,15.12,14.81,22.92,13.32,3.66,17.06,23.68,11.61,9.91,12.55,6.03,14.51
15.39,4.18,0.24,11.50,9.51,3.70,4.17,20.26,16.70,24.81,18.59,2.16,20.82,25.00,16.93,15.21,16.70,9.05,18.54
9.38,14.83,16.18,4.55,9.09,18.52,19.74,17.84,25.90,11.01,15.29,15.63,4.97,12.59,13.56,13.23,20.38,7.05,22.19
10.94,8.54,12.77,15.48,18.04,10.44,15.65,9.80,7.56,29.42,9.46,10.41,21.34,30.72,8.91,7.48,4.18,13.48,5.98
10.31,16.76,18.15,6.52,10.80,20.48,21.69,18.56,27.50,9.75,16.04,17.59,3.20,11.64,14.43,14.32,21.68,9.02,23.42
18.70,6.96,6.18,17.07,15.68,3.01,5.71,21.21,12.91,30.86,20.19,5.91,26.04,31.14,18.93,17.17,15.78,14.50,17.23
13.65,12.90,17.00,19.56,22.43,14.28,19.56,9.33,5.79,33.12,10.16,14.67,24.43,34.58,10.46,9.64,2.23,17.71,2.36
6.41,18.30,21.61,12.52,18.11,22.32,25.56,10.79,23.98,18.63,8.81,20.00,8.51,21.00,8.22,9.35,16.48,13.59,17.66
2.09,13.78,17.15,9.11,14.58,17.80,21.11,9.50,20.44,18.70,7.00,15.49,9.09,20.70,5.53,5.92,13.50,9.60,15.01
9.56,14.42,15.64,4.02,8.43,18.06,19.16,18.06,25.73,11.10,15.51,15.15,5.61,12.56,13.74,13.33,20.38,6.56,22.21
12.66,4.02,3.52,8.14,6.89,6.26,7.31,18.53,17.71,21.72,16.59,3.41,17.45,22.08,14.78,13.16,16.12,5.68,18.07
2.76,13.12,16.19,7.48,13.00,17.17,20.14,10.99,20.96,17.34,8.46,14.70,8.07,19.24,6.82,6.85,14.40,8.17,16.02
17.78,9.67,6.19,10.68,5.92,9.95,7.05,24.41,22.97,21.10,22.34,8.13,19.74,20.70,20.47,18.94,22.13,9.22,24.06
8.79,17.45,19.49,8.17,13.19,21.37,23.23,16.49,26.88,11.77,14.06,18.58,2.02,13.99,12.66,12.88,20.44,10.33,22.05
1.24,11.27,14.69,7.73,12.91,15.29,18.64,9.64,18.64,19.23,7.10,12.99,10.31,20.98,5.24,4.84,12.24,7.66,13.94
14.94,5.18,2.14,9.91,7.39,5.82,5.29,20.63,18.48,22.80,18.76,3.62,19.32,22.91,16.99,15.34,17.76,7.63,19.67
10.44,8.31,12.60,15.00,17.64,10.39,15.57,9.56,8.07,28.92,9.11,10.22,20.82,30.22,8.49,7.03,4.32,13.02,6.20
13.86,1.87,3.07,11.78,11.13,2.35,6.23,17.85,13.98,25.80,16.36,0.91,20.69,26.27,14.82,13.06,13.89,9.19,15.70
1.45,10.56,14.23,8.44,13.34,14.54,18.16,8.79,17.35,20.47,6.30,12.39,11.62,22.16,4.37,3.67,10.95,7.98,12.68
12.46,2.73,3.18,8.92,8.17,5.21,7.14,17.81,16.41,22.78,15.98,2.28,18.07,23.23,14.24,12.57,15.03,6.36,16.97
6.12,11.12,13.21,3.05,8.60,15.02,17.03,14.57,21.70,15.17,12.04,12.22,8.05,16.59,10.16,9.51,16.35,4.24,18.20
14.51,7.22,5.10,7.90,4.47,8.71,7.75,21.18,20.88,19.98,19.08,6.20,17.24,20.00,17.19,15.69,19.26,6.10,21.23
10.25,2.11,5.46,8.53,9.39,6.08,9.35,15.26,14.92,22.86,13.45,3.58,17.06,23.60,11.74,10.04,12.70,5.98,14.66
15.76,3.90,4.10,14.10,13.18,0.43,5.71,18.93,12.96,28.07,17.69,3.01,22.98,28.48,16.30,14.53,14.19,11.51,15.86
10.34,2.20,6.61,10.53,11.80,5.74,10.13,13.95,12.53,24.91,12.44,4.28,18.46,25.78,10.93,9.16,10.57,8.07,12.49
13.04,18.25,19.03,7.70,10.63,21.73,22.30,21.36,29.74,7.14,18.83,18.81,4.83,8.85,17.19,16.99,24.23,10.29,26.02
4.55,15.08,17.96,8.28,13.86,19.12,21.88,12.08,22.93,16.11,9.63,16.58,6.39,18.20,8.23,8.58,16.16,9.49,17.70
6.47,16.67,19.31,8.87,14.35,20.70,23.19,13.68,24.85,14.66,11.30,18.07,4.68,16.89,10.02,10.47,18.05,10.49,19.56
11.49,6.68,6.60,5.13,4.21,9.49,10.08,18.54,20.11,18.48,16.32,6.59,14.54,18.90,14.40,13.00,17.38,3.03,19.38
17.34,6.91,2.60,12.07,8.76,6.07,3.35,22.80,19.36,24.31,21.02,4.95,21.49,24.19,19.28,17.60,19.49,9.92,21.34
4.90,14.58,17.26,7.25,12.82,18.60,21.16,12.86,23.08,15.35,10.36,15.99,5.92,17.35,8.84,8.99,16.54,8.60,18.16
6.42,7.97,10.32,3.71,7.90,11.89,14.22,14.06,19.05,17.78,11.67,9.15,11.20,18.93,9.72,8.57,14.45,2.51,16.39
5.14,14.11,16.66,6.45,12.02,18.12,20.54,13.34,23.06,14.93,10.82,15.46,5.84,16.86,9.22,9.22,16.72,7.88,18.38
10.24,3.28,5.43,7.29,7.93,6.91,9.38,15.99,16.39,21.53,14.03,4.10,16.12,22.21,12.23,10.61,13.93,4.70,15.91
3.89,13.14,15.93,6.48,12.05,17.18,19.85,12.24,21.76,16.16,9.70,14.59,7.14,18.02,8.03,7.94,15.41,7.48,17.09
1.21,13.12,16.79,9.97,15.25,17.08,20.73,7.88,18.83,20.40,5.34,14.96,10.85,22.34,3.78,4.21,11.77,10.03,13.25
15.65,3.96,1.16,12.33,10.58,2.63,4.03,20.08,15.78,25.81,18.52,1.90,21.57,26.04,16.93,15.18,16.16,9.82,17.96
4.10,13.48,17.62,12.90,17.81,17.13,21.42,4.42,16.35,23.94,1.87,15.50,14.31,25.87,0.58,2.31,8.78,12.43,10.04
6.87,5.17,9.11,8.32,11.19,9.12,12.96,11.74,14.35,22.47,9.83,7.08,15.26,23.62,8.08,6.41,10.27,6.31,12.26
3.56,13.21,16.09,6.85,12.41,17.25,20.02,11.85,21.56,16.50,9.31,14.70,7.37,18.39,7.66,7.63,15.13,7.77,16.79
3.78,15.74,19.19,10.95,16.49,19.74,23.15,9.16,21.50,19.22,6.87,17.50,9.24,21.40,5.90,6.83,14.17,11.62,15.49
6.76,8.52,12.91,12.29,15.82,11.73,16.45,7.63,11.68,25.71,6.34,10.60,17.26,27.18,5.21,3.54,5.84,10.71,7.79
9.74,2.94,7.35,10.52,12.14,6.43,10.88,13.20,12.30,24.88,11.70,5.02,18.17,25.83,10.20,8.44,9.93,8.14,11.88
12.40,1.36,3.40,9.89,9.56,4.22,7.22,17.12,15.00,23.97,15.43,1.45,18.82,24.50,13.77,12.05,13.90,7.31,15.81
9.34,9.10,13.49,14.70,17.77,11.56,16.65,8.11,9.07,28.33,7.63,11.10,19.92,29.75,7.08,5.71,3.70,12.90,5.69
14.42,2.76,4.47,13.24,12.85,1.74,6.84,17.56,12.39,27.39,16.29,2.63,21.93,27.92,14.90,13.13,12.99,10.65,14.71
11.02,18.92,20.57,8.97,13.37,22.74,24.18,18.76,28.95,9.56,16.34,19.89,0.77,11.88,14.93,15.12,22.65,11.39,24.29
5.87,6.23,9.75,6.94,10.37,10.27,13.69,11.87,15.85,20.96,9.74,7.96,13.70,22.17,7.87,6.36,11.31,5.19,13.28
12.69,17.35,18.05,6.80,9.62,20.80,21.30,21.10,29.03,7.78,18.56,17.87,5.41,9.25,16.86,16.57,23.70,9.38,25.52
17.80,5.80,3.79,15.14,13.32,2.02,3.58,21.32,14.76,28.64,20.02,4.18,24.32,28.83,18.58,16.81,16.55,12.61,18.19
8.87,15.73,17.39,5.85,10.67,19.53,21.04,17.15,26.15,11.19,14.63,16.67,3.58,13.05,13.00,12.88,20.25,8.20,21.98
12.51,9.01,8.38,4.53,1.95,11.60,11.42,20.11,22.45,16.49,17.79,8.76,13.65,16.75,15.84,14.58,19.50,3.65,21.49
6.64,5.37,9.11,7.65,10.64,9.39,13.01,12.01,15.02,21.81,10.01,7.19,14.68,22.96,8.21,6.59,10.85,5.68,12.84
14.03,2.04,3.44,12.22,11.64,2.02,6.35,17.77,13.51,26.28,16.34,1.41,21.07,26.77,14.85,13.08,13.62,9.63,15.41
12.96,1.16,4.32,11.70,11.65,3.03,7.48,16.61,13.01,25.91,15.18,1.98,20.33,26.52,13.69,11.92,12.61,9.11,14.44
7.45,6.08,8.57,4.97,7.85,10.00,12.51,14.29,17.68,19.32,12.06,7.28,13.09,20.31,10.14,8.75,13.72,2.80,15.71
4.14,16.04,19.43,10.91,16.47,20.05,23.38,9.62,21.98,18.83,7.36,17.77,8.81,21.03,6.40,7.31,14.67,11.69,15.99
4.68,13.59,16.21,6.26,11.84,17.61,20.10,12.98,22.50,15.37,10.45,14.97,6.39,17.25,8.80,8.74,16.21,7.53,17.89
16.66,9.58,6.71,9.21,4.34,10.49,8.27,23.60,23.15,19.61,21.45,8.31,18.19,19.30,19.54,18.08,21.75,7.93,23.72
18.83,6.95,5.69,16.83,15.22,2.91,4.95,21.63,13.65,30.49,20.54,5.70,25.89,30.71,19.23,17.46,16.34,14.27,17.84
9.99,18.12,19.93,8.40,13.09,21.98,23.59,17.76,27.95,10.51,15.32,19.15,1.05,12.76,13.90,14.09,21.63,10.73,23.26
5.49,6.53,10.19,7.35,10.91,10.54,14.11,11.31,15.58,21.24,9.18,8.32,13.76,22.50,7.32,5.80,10.84,5.70,12.80
0.47,11.60,15.17,8.56,13.70,15.59,19.11,8.83,18.31,19.89,6.29,13.39,10.78,21.69,4.45,4.18,11.69,8.42,13.34
13.16,2.65,2.45,9.69,8.66,4.50,6.40,18.28,16.18,23.47,16.52,1.62,18.86,23.86,14.81,13.11,15.21,7.15,17.12
15.64,8.23,5.56,8.68,4.51,9.31,7.62,22.38,21.82,20.04,20.27,7.01,17.91,19.90,18.38,16.89,20.41,7.09,22.37
12.06,0.41,4.66,10.88,11.15,3.93,8.11,15.97,13.28,25.16,14.46,2.29,19.43,25.82,12.92,11.15,12.31,8.31,14.18
8.41,3.61,7.42,8.23,10.24,7.64,11.28,13.35,14.49,22.59,11.50,5.43,16.02,23.55,9.77,8.08,11.30,5.89,13.29
14.39,11.83,15.72,19.45,21.85,12.76,18.03,11.04,4.21,33.34,11.58,13.45,25.02,34.67,11.61,10.55,3.87,17.42,4.36
12.51,12.35,16.56,18.56,21.60,14.03,19.30,8.38,6.76,32.03,9.07,14.20,23.29,33.52,9.33,8.49,1.20,16.78,2.24
10.44,6.93,11.20,14.15,16.48,9.05,14.20,10.61,8.56,28.25,9.89,8.83,20.49,29.45,9.03,7.43,5.72,12.05,7.58
14.40,19.29,19.85,8.75,11.10,22.68,22.99,22.72,31.00,5.83,20.20,19.75,5.78,7.49,18.56,18.35,25.58,11.32,27.37
1.19,11.81,15.63,9.86,14.87,15.72,19.54,7.45,17.38,21.24,4.92,13.71,11.98,23.06,3.05,2.92,10.50,9.52,12.08
8.68,15.66,17.38,5.87,10.76,19.48,21.04,16.95,26.00,11.38,14.43,16.63,3.59,13.25,12.80,12.69,20.07,8.18,21.80
9.50,9.73,14.11,15.17,18.34,12.15,17.25,7.67,8.97,28.70,7.37,11.72,20.16,30.15,6.97,5.72,3.11,13.43,5.10
11.42,1.69,6.00,11.29,12.12,4.71,9.31,14.78,12.18,25.66,13.37,3.61,19.44,26.45,11.91,10.14,10.95,8.78,12.83
9.09,11.43,15.84,15.80,19.41,14.02,19.08,5.82,9.98,28.84,5.85,13.46,19.90,30.44,5.88,5.04,2.56,14.30,4.33
12.25,4.56,4.27,7.36,6.21,7.05,7.99,18.42,18.23,20.93,16.41,4.16,16.70,21.31,14.57,12.99,16.32,4.94,18.29
15.78,8.00,5.18,9.00,4.94,8.94,7.19,22.39,21.55,20.48,20.31,6.71,18.26,20.34,18.44,16.92,20.28,7.32,22.23
13.15,2.91,2.49,9.47,8.36,4.77,6.44,18.40,16.47,23.20,16.60,1.91,18.68,23.58,14.88,13.19,15.43,6.95,17.34
7.43,4.63,8.66,8.64,11.23,8.56,12.48,12.04,13.99,22.87,10.21,6.58,15.79,23.97,8.51,6.80,10.21,6.52,12.21
12.58,10.97,15.09,17.89,20.58,12.46,17.73,9.55,5.98,31.66,9.88,12.75,23.24,33.04,9.83,8.73,2.59,15.96,3.86
6.37,5.81,9.86,8.78,11.92,9.68,13.69,10.91,14.03,22.78,9.02,7.78,15.27,24.01,7.30,5.61,9.58,6.92,11.56
14.01,12.98,17.03,19.82,22.62,14.25,19.53,9.72,5.41,33.43,10.55,14.72,24.78,34.88,10.85,10.01,2.63,17.94,2.63
9.25,2.80,6.59,8.52,10.04,6.84,10.44,14.09,14.43,22.90,12.29,4.58,16.62,23.77,10.58,8.88,11.71,6.07,13.69
2.25,10.10,13.49,7.07,12.02,14.13,17.45,10.16,18.05,19.35,7.67,11.80,10.84,20.97,5.74,4.96,12.01,6.69,13.80
0.36,11.77,15.33,8.61,13.78,15.76,19.27,8.83,18.45,19.83,6.28,13.55,10.67,21.64,4.47,4.27,11.79,8.52,13.43
10.40,10.21,14.54,16.07,19.13,12.37,17.55,7.98,8.12,29.63,7.94,12.16,21.09,31.08,7.72,6.56,2.42,14.28,4.37
10.69,12.09,16.45,17.24,20.65,14.31,19.49,6.61,8.66,30.41,7.12,14.06,21.49,31.99,7.38,6.63,0.96,15.64,2.84
12.93,13.80,18.04,19.54,22.81,15.56,20.82,7.74,7.49,32.72,8.83,15.67,23.74,34.31,9.41,8.85,1.40,17.87,0.72
0.88,12.84,16.39,9.21,14.53,16.84,20.34,8.64,19.17,19.69,6.10,14.63,10.24,21.60,4.47,4.68,12.27,9.36,13.82
14.48,8.01,6.07,7.37,3.52,9.67,8.63,21.44,21.70,19.05,19.27,7.11,16.61,19.04,17.36,15.91,19.82,5.82,21.79
14.52,6.53,4.25,8.38,5.30,7.87,7.03,20.93,20.15,20.77,18.89,5.40,17.78,20.83,17.03,15.48,18.75,6.39,20.71
9.27,9.39,13.78,14.82,17.96,11.87,16.95,7.82,9.15,28.38,7.39,11.39,19.90,29.82,6.89,5.57,3.48,13.06,5.48
10.56,16.17,17.36,5.76,9.77,19.81,20.84,18.95,27.30,9.65,16.41,16.91,4.26,11.33,14.73,14.49,21.72,8.32,23.51
16.94,8.77,5.46,10.06,5.64,9.24,6.78,23.49,22.14,21.05,21.43,7.29,19.25,20.77,19.56,18.03,21.20,8.47,23.14
8.52,11.91,16.33,15.63,19.46,14.67,19.66,4.95,10.85,28.41,4.95,13.96,19.32,30.08,5.09,4.43,3.21,14.26,4.75
12.70,10.13,14.17,17.51,19.96,11.46,16.74,10.33,5.71,31.43,10.47,11.85,23.24,32.74,10.24,9.01,3.57,15.48,4.89
12.05,17.73,18.74,7.23,10.68,21.31,22.12,20.35,28.96,8.04,17.83,18.39,4.03,9.85,16.20,16.04,23.33,9.82,25.10
10.52,17.05,18.43,6.80,11.02,20.77,21.96,18.74,27.77,9.53,16.23,17.88,3.01,11.46,14.63,14.55,21.92,9.30,23.66
10.56,10.34,14.66,16.25,19.30,12.46,17.65,8.01,7.99,29.81,8.03,12.28,21.26,31.26,7.84,6.71,2.28,14.46,4.22
10.26,8.17,12.47,14.79,17.44,10.32,15.47,9.53,8.28,28.70,9.02,10.09,20.62,30.00,8.36,6.88,4.46,12.81,6.35
5.12,7.00,10.94,8.47,12.14,10.91,14.81,10.16,14.76,22.15,8.11,8.93,14.30,23.50,6.31,4.70,9.68,6.92,11.63
11.66,0.49,4.48,10.06,10.33,4.47,8.17,16.02,14.04,24.31,14.39,2.25,18.70,24.97,12.78,11.04,12.72,7.48,14.63
1.89,12.69,15.93,7.84,13.28,16.73,19.88,10.21,20.14,18.18,7.67,14.34,8.93,20.06,5.98,5.98,13.53,8.27,15.15
11.21,12.59,16.92,17.83,21.23,14.70,19.91,6.72,8.43,30.97,7.42,14.54,22.01,32.56,7.80,7.13,0.50,16.22,2.25
11.67,12.93,17.25,18.30,21.67,14.95,20.18,6.94,8.18,31.45,7.77,14.86,22.48,33.04,8.22,7.59,0.36,16.68,1.78
3.16,14.29,17.43,8.59,14.15,18.33,21.38,10.70,21.57,17.49,8.22,15.90,7.84,19.52,6.78,7.13,14.72,9.41,16.24
14.87,13.32,12.30,5.91,2.78,15.75,14.79,23.08,26.71,12.89,20.62,12.98,12.58,12.76,18.68,17.67,23.33,6.85,25.31
10.79,17.23,18.57,6.94,11.05,20.94,22.08,19.00,28.02,9.27,16.49,18.04,3.04,11.20,14.90,14.81,22.18,9.46,23.92
3.03,14.87,18.60,11.53,16.91,18.79,22.53,7.29,19.68,20.95,4.93,16.74,11.08,23.04,3.96,5.06,12.25,11.77,13.54
5.58,10.66,12.93,3.42,8.86,14.59,16.79,13.98,21.03,15.85,11.46,11.84,8.55,17.28,9.57,8.86,15.66,4.18,17.52
14.57,8.36,6.43,7.26,3.19,10.04,8.93,21.61,22.04,18.74,19.42,7.48,16.44,18.70,17.51,16.08,20.09,5.84,22.07
8.56,5.29,7.46,5.34,7.31,9.09,11.39,15.17,17.58,19.71,13.00,6.29,13.95,20.56,11.11,9.64,14.14,2.85,16.13
6.00,6.27,9.61,6.45,9.88,10.32,13.56,12.29,16.29,20.52,10.12,7.91,13.41,21.70,8.23,6.76,11.82,4.68,13.79
11.67,7.40,7.18,4.73,3.53,10.17,10.54,18.92,20.81,17.81,16.66,7.28,14.14,18.20,14.73,13.38,17.97,2.94,19.97
11.05,4.68,5.35,6.39,6.18,7.74,9.16,17.42,18.12,20.29,15.34,4.81,15.64,20.81,13.48,11.95,15.69,3.88,17.68
2.15,14.11,17.60,9.86,15.31,18.11,21.55,8.82,20.22,19.37,6.35,15.88,9.65,21.40,4.99,5.58,13.11,10.27,14.56
8.16,3.86,7.64,8.09,10.24,7.89,11.51,13.19,14.60,22.43,11.31,5.67,15.80,23.42,9.57,7.89,11.26,5.79,13.25
15.54,4.35,5.77,14.89,14.50,2.14,7.33,17.94,11.22,29.07,16.89,4.25,23.46,29.61,15.63,13.87,12.79,12.30,14.37
12.20,2.74,3.45,8.69,8.07,5.41,7.41,17.61,16.42,22.60,15.76,2.48,17.82,23.07,14.01,12.35,14.92,6.13,16.86
9.13,3.97,6.54,6.67,8.11,7.83,10.50,15.08,16.43,21.02,13.06,5.11,15.22,21.83,11.22,9.64,13.43,4.14,15.42
11.63,11.46,15.72,17.54,20.59,13.32,18.56,8.13,7.25,31.05,8.54,13.34,22.38,32.52,8.61,7.66,1.31,15.76,3.05
10.99,3.23,4.74,7.54,7.62,6.54,8.69,16.74,16.68,21.64,14.79,3.65,16.56,22.22,13.00,11.37,14.53,4.96,16.50
7.53,7.63,9.56,3.24,6.84,11.42,13.41,15.10,19.39,17.58,12.74,8.59,11.62,18.58,10.79,9.58,15.17,1.45,17.14
12.06,10.76,14.93,17.45,20.23,12.40,17.66,9.15,6.49,31.18,9.41,12.58,22.73,32.57,9.32,8.21,2.38,15.55,3.88
2.04,13.99,17.48,9.77,15.21,17.99,21.44,8.83,20.14,19.36,6.35,15.76,9.66,21.38,4.97,5.52,13.06,10.16,14.52
2.18,12.50,15.66,7.42,12.86,16.55,19.62,10.59,20.26,17.87,8.04,14.12,8.73,19.72,6.33,6.24,13.75,7.89,15.40
2.29,14.09,17.48,9.43,14.92,18.11,21.44,9.36,20.57,18.83,6.89,15.81,9.13,20.85,5.49,5.99,13.54,9.95,15.02
14.22,3.98,1.71,9.92,8.08,4.92,5.52,19.60,17.31,23.27,17.79,2.46,19.26,23.51,16.06,14.38,16.57,7.50,18.48
4.70,7.38,11.26,8.26,12.11,11.31,15.14,10.05,15.13,21.82,7.93,9.28,13.88,23.20,6.09,4.53,9.88,6.83,11.81
2.45,10.42,13.65,6.60,11.70,14.46,17.61,10.66,18.69,18.69,8.15,12.05,10.20,20.32,6.24,5.57,12.68,6.44,14.46
2.33,13.77,17.05,8.74,14.24,17.80,21.01,9.96,20.74,18.25,7.46,15.44,8.67,20.24,5.96,6.29,13.87,9.33,15.40
8.40,11.25,15.67,15.21,18.93,14.01,19.00,5.54,10.60,28.16,5.31,13.30,19.20,29.78,5.22,4.34,3.26,13.77,4.98
15.87,3.87,3.23,13.68,12.47,0.56,4.93,19.43,13.86,27.50,18.09,2.52,22.70,27.85,16.63,14.86,14.90,11.11,16.61
15.34,5.09,1.52,10.56,8.06,5.28,4.66,20.81,18.14,23.48,19.00,3.33,19.96,23.58,17.25,15.58,17.71,8.25,19.59
10.70,10.06,14.36,16.19,19.14,12.11,17.31,8.37,7.78,29.83,8.34,11.98,21.36,31.25,8.09,6.90,2.56,14.35,4.46
4.39,13.01,15.65,5.92,11.50,17.03,19.55,12.81,22.01,15.68,10.26,14.39,6.89,17.49,8.56,8.39,15.80,7.05,17.51
15.54,6.48,3.32,9.73,6.50,7.09,5.69,21.61,19.84,22.03,19.66,4.98,19.14,22.01,17.84,16.24,19.00,7.68,20.92
7.50,17.44,19.92,9.15,14.50,21.45,23.77,14.68,25.88,13.78,12.32,18.77,3.71,16.07,11.06,11.51,19.10,10.96,20.60
2.38,14.07,17.41,9.22,14.72,18.09,21.37,9.62,20.72,18.57,7.14,15.77,8.90,20.59,5.72,6.17,13.74,9.79,15.23
13.46,7.36,10.99,16.33,17.86,7.99,13.27,13.15,6.44,30.64,12.74,8.78,23.29,31.67,12.02,10.46,7.03,14.01,8.46
9.92,14.90,16.08,4.46,8.69,18.52,19.57,18.40,26.20,10.64,15.85,15.61,5.30,12.13,14.10,13.72,20.82,7.02,22.64
12.02,5.11,4.87,6.76,5.64,7.70,8.52,18.44,18.73,20.27,16.37,4.81,16.13,20.67,14.50,12.97,16.60,4.39,18.57
15.13,8.94,6.79,7.62,3.09,10.46,9.05,22.24,22.62,18.61,20.04,7.98,16.68,18.49,18.12,16.71,20.73,6.35,22.71
10.02,17.47,19.11,7.53,12.08,21.28,22.73,18.03,27.69,10.16,15.55,18.42,1.92,12.26,14.04,14.10,21.57,9.93,23.25
3.61,15.53,18.95,10.63,16.17,19.54,22.91,9.36,21.50,18.98,7.03,17.27,9.02,21.13,5.98,6.83,14.23,11.31,15.58
13.92,7.14,5.42,7.26,4.11,8.92,8.28,20.70,20.82,19.53,18.57,6.30,16.62,19.62,16.68,15.20,18.96,5.46,20.94
16.38,4.87,5.44,15.29,14.54,1.65,6.53,18.94,11.86,29.35,17.86,4.32,24.04,29.80,16.59,14.82,13.76,12.70,15.33
6.98,18.68,21.83,12.28,17.85,22.71,25.78,11.86,24.86,17.64,9.84,20.31,7.55,20.05,9.16,10.20,17.44,13.54,18.66
10.66,1.42,5.75,10.02,10.95,5.32,9.39,14.75,13.35,24.38,13.16,3.48,18.27,25.17,11.58,9.82,11.54,7.50,13.47
8.72,17.15,19.15,7.80,12.81,21.06,22.88,16.53,26.72,11.69,14.08,18.26,2.17,13.86,12.64,12.81,20.36,9.98,21.98
6.68,16.12,18.55,7.83,13.25,20.11,22.40,14.36,24.91,13.85,11.92,17.42,4.13,15.99,10.51,10.76,18.34,9.60,19.92
6.44,12.06,14.06,3.34,8.92,15.94,17.85,14.96,22.57,14.36,12.41,13.13,7.11,15.87,10.58,10.06,17.07,4.97,18.89
11.52,16.42,17.34,5.89,9.29,19.95,20.69,19.95,27.92,8.91,17.41,17.03,5.02,10.43,15.69,15.39,22.53,8.48,24.34
13.97,16.70,16.79,6.50,7.74,19.83,19.76,22.49,29.13,8.14,19.94,16.92,7.98,8.85,18.14,17.61,24.39,8.87,26.28
9.43,8.73,13.11,14.54,17.51,11.17,16.26,8.48,8.99,28.26,7.95,10.72,19.94,29.64,7.32,5.90,4.00,12.70,5.98
5.01,16.62,20.46,13.51,18.92,20.47,24.38,6.57,20.26,22.21,4.68,18.54,12.16,24.42,4.54,6.08,12.54,13.79,13.57
2.50,13.09,16.22,7.69,13.19,17.14,20.18,10.71,20.76,17.62,8.17,14.70,8.31,19.52,6.54,6.59,14.15,8.31,15.76
8.63,17.28,19.34,8.05,13.09,21.21,23.09,16.36,26.71,11.89,13.92,18.42,2.19,14.09,12.51,12.72,20.28,10.18,21.89
2.93,9.41,12.78,6.74,11.52,13.45,16.74,10.52,17.73,19.46,8.08,11.10,11.20,20.99,6.13,5.18,11.94,6.15,13.78
10.89,17.96,19.42,7.79,12.02,21.71,22.97,18.94,28.45,9.25,16.46,18.83,2.09,11.35,14.94,14.96,22.42,10.28,24.11
11.48,13.07,17.40,18.24,21.69,15.16,20.38,6.60,8.51,31.31,7.47,15.02,22.28,32.92,7.96,7.39,0.66,16.66,1.85
14.18,4.54,2.28,9.42,7.35,5.67,5.84,19.85,18.00,22.60,17.97,3.18,18.81,22.81,16.20,14.55,17.06,7.07,18.98
11.08,11.18,15.47,17.03,20.15,13.19,18.41,7.79,7.73,30.50,8.08,13.10,21.83,31.99,8.10,7.12,1.44,15.28,3.36
9.58,16.86,18.52,6.95,11.60,20.68,22.15,17.68,27.14,10.52,15.19,17.82,2.47,12.54,13.64,13.64,21.09,9.33,22.79
4.87,7.21,10.75,6.98,10.87,11.24,14.69,11.16,16.17,20.68,8.94,8.95,13.06,22.00,7.04,5.62,11.16,5.55,13.10
9.80,2.24,6.11,8.90,10.13,6.28,9.93,14.48,14.23,23.27,12.72,4.05,17.13,24.10,11.05,9.33,11.84,6.40,13.80
11.42,4.60,5.00,6.69,6.17,7.50,8.79,17.72,18.13,20.49,15.66,4.58,15.97,20.97,13.81,12.26,15.87,4.20,17.85
15.22,5.17,1.79,10.31,7.78,5.52,4.89,20.78,18.32,23.20,18.95,3.48,19.72,23.30,17.19,15.53,17.77,8.02,19.67
17.99,5.99,3.87,15.28,13.39,2.23,3.45,21.52,14.89,28.74,20.22,4.35,24.47,28.90,18.78,17.01,16.74,12.75,18.37
9.03,7.07,8.37,3.50,5.61,10.59,12.13,16.39,19.62,17.77,14.09,7.69,12.62,18.55,12.15,10.86,15.97,0.91,17.96
12.80,11.02,15.11,18.06,20.70,12.43,17.71,9.76,5.74,31.85,10.11,12.78,23.46,33.22,10.06,8.96,2.76,16.11,3.93
10.91,9.66,13.93,16.10,18.92,11.62,16.83,8.89,7.51,29.85,8.78,11.55,21.50,31.23,8.46,7.19,3.01,14.21,4.84
15.34,3.57,1.44,12.22,10.67,2.40,4.41,19.68,15.43,25.82,18.14,1.54,21.42,26.10,16.56,14.81,15.75,9.70,17.55
9.83,8.79,13.13,14.86,17.75,11.09,16.21,8.72,8.59,28.62,8.27,10.75,20.34,29.99,7.69,6.29,3.86,12.98,5.82
7.54,16.61,18.88,7.87,13.14,20.58,22.68,15.25,25.71,12.98,12.81,17.85,3.26,15.14,11.39,11.63,19.20,9.81,20.79
10.96,16.08,17.12,5.58,9.30,19.66,20.53,19.39,27.45,9.41,16.85,16.74,4.81,10.97,15.14,14.84,22.00,8.17,23.81
14.25,2.60,1.88,11.32,10.16,2.88,5.42,18.73,15.22,25.10,17.14,0.52,20.44,25.46,15.53,13.79,15.04,8.77,16.88
10.83,11.77,16.10,17.17,20.48,13.91,19.10,7.05,8.30,30.46,7.47,13.72,21.63,32.00,7.64,6.80,0.97,15.51,2.96
9.00,3.01,6.87,8.53,10.22,7.05,10.72,13.80,14.32,22.91,12.00,4.84,16.52,23.82,10.30,8.59,11.47,6.12,13.45
2.77,13.08,16.14,7.42,12.94,17.12,20.09,11.02,20.95,17.32,8.48,14.65,8.07,19.22,6.84,6.86,14.39,8.12,16.03
12.88,0.90,3.94,11.30,11.15,3.15,7.27,16.80,13.51,25.48,15.31,1.57,20.02,26.06,13.78,12.01,12.98,8.71,14.82
8.86,15.33,16.93,5.36,10.17,19.11,20.56,17.22,25.93,11.25,14.69,16.24,4.06,13.03,13.02,12.83,20.14,7.74,21.90
5.47,8.65,11.22,4.08,8.73,12.63,15.14,13.31,19.11,17.71,10.88,9.95,10.62,18.99,8.93,7.89,14.12,3.41,16.04
12.19,3.26,3.60,8.29,7.54,5.86,7.52,17.83,16.94,22.12,15.93,2.94,17.49,22.57,14.16,12.51,15.31,5.76,17.27
0.85,11.67,15.13,8.11,13.33,15.69,19.08,9.35,18.76,19.34,6.81,13.41,10.27,21.13,4.99,4.73,12.21,8.10,13.88
8.42,14.53,16.15,4.62,9.58,18.31,19.79,16.86,25.22,11.82,14.31,15.45,4.82,13.50,12.59,12.31,19.54,6.95,21.33
9.00,6.89,11.29,13.03,15.72,9.58,14.56,9.75,9.87,27.00,8.78,8.91,19.09,28.27,7.76,6.10,5.88,11.05,7.85
16.30,4.32,2.54,13.57,11.99,1.42,4.05,20.16,14.78,27.19,18.76,2.58,22.72,27.45,17.25,15.49,15.79,11.03,17.51
10.11,15.77,17.04,5.42,9.63,19.44,20.55,18.52,26.84,10.12,15.98,16.54,4.35,11.79,14.28,14.03,21.25,7.95,23.04
9.45,17.90,19.84,8.41,13.27,21.80,23.54,17.15,27.50,11.14,14.72,18.99,1.39,13.40,13.32,13.54,21.10,10.65,22.71
13.42,6.35,4.92,7.23,4.71,8.29,8.06,20.03,20.04,19.95,17.93,5.59,16.64,20.13,16.05,14.54,18.18,5.20,20.15
13.98,12.22,16.21,19.41,22.03,13.37,18.65,10.25,4.90,33.17,10.89,13.91,24.69,34.55,11.03,10.06,3.07,17.46,3.49
5.01,7.00,10.71,7.53,11.29,11.00,14.62,10.84,15.61,21.25,8.69,8.82,13.57,22.57,6.81,5.31,10.62,6.02,12.56
8.83,6.97,8.39,3.59,5.85,10.54,12.18,16.17,19.43,17.89,13.87,7.65,12.61,18.70,11.93,10.63,15.74,1.01,17.73
5.49,15.50,18.18,7.99,13.53,19.53,22.08,13.11,23.81,15.09,10.66,16.92,5.37,17.19,9.26,9.55,17.14,9.46,18.70
8.04,10.89,15.31,14.76,18.48,13.73,18.68,5.70,10.79,27.75,5.27,12.95,18.83,29.36,5.01,4.01,3.64,13.32,5.41
15.53,5.01,1.17,10.90,8.45,4.95,4.34,20.86,17.90,23.87,19.08,3.16,20.30,23.97,17.35,15.67,17.62,8.57,19.49
6.44,10.20,12.21,2.52,7.89,14.06,16.02,14.75,21.13,15.68,12.25,11.25,8.99,16.97,10.33,9.51,16.07,3.26,17.96
12.31,5.50,4.97,6.72,5.26,7.95,8.49,18.83,19.14,20.05,16.74,5.09,16.12,20.40,14.86,13.35,17.03,4.44,19.01
3.17,15.11,18.78,11.43,16.86,19.05,22.72,7.70,20.12,20.58,5.37,16.95,10.67,22.69,4.42,5.48,12.71,11.77,14.00
9.25,3.02,6.42,7.93,9.39,7.04,10.33,14.47,15.08,22.31,12.59,4.59,16.21,23.15,10.84,9.17,12.31,5.45,14.29
15.02,7.47,5.03,8.37,4.69,8.72,7.44,21.65,21.09,20.23,19.56,6.32,17.69,20.19,17.68,16.16,19.63,6.60,21.59
11.60,4.93,5.08,6.56,5.82,7.73,8.80,18.01,18.49,20.24,15.94,4.82,15.89,20.69,14.07,12.54,16.23,4.12,18.21
15.51,8.16,5.56,8.56,4.43,9.30,7.69,22.26,21.76,19.97,20.15,6.97,17.79,19.85,18.26,16.77,20.31,6.96,22.28
12.78,10.68,14.74,17.86,20.43,12.04,17.32,10.00,5.68,31.71,10.27,12.42,23.39,33.05,10.15,9.00,3.09,15.88,4.32
2.35,13.28,16.47,8.04,13.54,17.32,20.43,10.42,20.70,17.86,7.89,14.91,8.46,19.79,6.30,6.43,14.01,8.64,15.60
3.70,9.63,12.63,5.48,10.46,13.67,16.58,11.75,18.83,18.20,9.27,11.15,10.24,19.70,7.34,6.48,13.24,5.18,15.08
8.39,6.56,8.33,4.03,6.50,10.26,12.19,15.56,18.81,18.40,13.29,7.40,12.80,19.27,11.35,10.02,15.07,1.57,17.05
13.75,8.86,12.58,17.40,19.23,9.56,14.84,12.42,5.22,31.61,12.31,10.36,23.92,32.74,11.83,10.40,5.84,15.17,7.08
5.09,9.06,11.69,4.22,9.07,13.06,15.62,13.06,19.27,17.57,10.61,10.40,10.28,18.92,8.66,7.69,14.11,3.80,16.01
9.98,8.87,13.20,15.01,17.88,11.12,16.26,8.76,8.44,28.77,8.35,10.82,20.49,30.14,7.80,6.41,3.77,13.13,5.71
10.54,5.66,6.38,5.30,5.49,8.84,10.12,17.33,18.90,19.22,15.16,5.91,14.58,19.79,13.26,11.80,16.06,2.82,18.05
11.54,1.76,6.01,11.45,12.26,4.62,9.28,14.82,12.06,25.81,13.43,3.63,19.59,26.60,11.99,10.21,10.92,8.94,12.79
12.46,7.08,6.36,5.72,3.66,9.53,9.60,19.49,20.66,18.53,17.29,6.70,15.11,18.81,15.37,13.96,18.21,3.87,20.19
10.63,18.34,19.98,8.39,12.83,22.16,23.59,18.49,28.46,9.75,16.04,19.30,1.17,11.98,14.59,14.72,22.24,10.80,23.89
9.72,3.05,5.89,7.57,8.65,6.94,9.84,15.22,15.73,21.90,13.30,4.28,16.14,22.67,11.52,9.88,13.12,5.02,15.10
14.59,7.09,4.87,8.09,4.71,8.50,7.51,21.19,20.73,20.22,19.11,6.02,17.45,20.24,17.23,15.71,19.19,6.25,21.15
4.28,10.88,13.54,4.73,10.13,14.89,17.45,12.72,20.44,16.66,10.19,12.25,8.68,18.22,8.31,7.70,14.73,5.22,16.54
15.19,7.44,4.87,8.61,4.91,8.58,7.21,21.76,21.03,20.46,19.69,6.24,17.93,20.40,17.82,16.29,19.67,6.82,21.62
16.18,4.28,4.05,14.36,13.29,0.30,5.36,19.37,13.18,28.26,18.13,3.22,23.30,28.64,16.74,14.97,14.59,11.78,16.24
10.12,5.99,6.91,4.81,5.46,9.29,10.65,17.05,19.06,18.83,14.85,6.36,14.06,19.45,12.93,11.52,16.00,2.29,18.00
5.49,14.65,17.18,6.82,12.36,18.66,21.05,13.56,23.53,14.66,11.05,15.99,5.38,16.65,9.50,9.58,17.11,8.35,18.75
3.02,13.82,16.91,8.05,13.60,17.86,20.86,10.91,21.39,17.31,8.40,15.41,7.81,19.29,6.87,7.09,14.67,8.85,16.24
7.65,4.36,8.18,8.06,10.50,8.37,12.05,12.68,14.57,22.35,10.78,6.20,15.52,23.40,9.03,7.36,10.95,5.86,12.95
15.93,3.97,3.67,13.97,12.87,0.12,5.23,19.29,13.45,27.85,18.00,2.82,22.94,28.22,16.58,14.81,14.64,11.39,16.32
18.28,7.38,2.96,13.26,9.93,5.83,2.19,23.45,19.19,25.48,21.74,5.32,22.68,25.32,20.05,18.34,19.80,11.07,21.61
12.22,9.66,13.75,16.95,19.42,11.13,16.40,10.17,6.20,30.88,10.18,11.42,22.72,32.18,9.86,8.58,3.66,14.93,5.15
12.74,1.78,2.98,9.91,9.31,4.17,6.84,17.56,15.36,23.89,15.86,1.27,18.93,24.37,14.19,12.47,14.36,7.33,16.26
2.48,12.89,16.85,11.37,16.39,16.70,20.73,6.04,17.20,22.35,3.49,14.85,12.82,24.26,1.81,2.54,9.91,11.04,11.33
7.51,4.50,8.28,7.92,10.44,8.52,12.16,12.64,14.70,22.21,10.72,6.32,15.35,23.27,8.96,7.30,11.01,5.75,13.00
3.96,14.50,17.44,8.03,13.61,18.54,21.37,11.69,22.32,16.50,9.21,16.02,6.90,18.53,7.75,8.02,15.60,9.09,17.16
12.76,0.78,4.06,11.24,11.16,3.27,7.41,16.67,13.46,25.44,15.17,1.68,19.93,26.03,13.64,11.88,12.86,8.65,14.71
17.72,6.13,2.19,13.73,11.14,3.85,1.86,22.25,17.18,26.64,20.70,4.07,23.10,26.66,19.10,17.35,18.17,11.34,19.93
10.11,10.17,14.51,15.84,18.96,12.41,17.57,7.77,8.42,29.37,7.68,12.13,20.81,30.83,7.43,6.27,2.52,14.08,4.50
16.30,4.30,2.79,13.72,12.22,1.16,4.23,20.05,14.52,27.39,18.67,2.66,22.84,27.66,17.18,15.42,15.60,11.17,17.31
13.37,16.10,16.29,5.86,7.38,19.28,19.32,21.89,28.48,8.71,19.34,16.36,7.80,9.49,17.52,16.98,23.74,8.24,25.63
17.16,8.45,4.87,10.59,6.37,8.63,6.00,23.50,21.67,21.81,21.50,6.84,19.85,21.55,19.65,18.08,20.98,8.86,22.90
3.97,14.46,17.39,7.96,13.55,18.50,21.33,11.73,22.32,16.46,9.25,15.98,6.88,18.49,7.77,8.03,15.61,9.04,17.18
6.02,14.37,16.70,6.04,11.54,18.34,20.53,14.26,23.75,14.04,11.74,15.62,5.17,15.94,10.12,10.07,17.53,7.72,19.22
14.46,14.56,18.68,20.87,23.94,15.96,21.24,9.12,6.45,34.19,10.35,16.34,25.27,35.74,10.96,10.38,2.83,19.12,1.52
12.69,4.18,3.59,8.04,6.73,6.41,7.35,18.62,17.87,21.58,16.66,3.56,17.37,21.94,14.85,13.24,16.25,5.61,18.21
6.86,15.51,17.77,6.85,12.22,19.47,21.58,14.88,24.82,13.32,12.39,16.73,4.07,15.35,10.86,10.95,18.47,8.72,20.12
10.36,1.77,6.10,9.96,11.07,5.63,9.74,14.41,13.24,24.33,12.81,3.83,18.10,25.16,11.23,9.48,11.25,7.47,13.19
5.37,6.67,10.28,7.17,10.81,10.70,14.21,11.35,15.79,21.03,9.20,8.44,13.55,22.30,7.32,5.83,11.00,5.56,12.96
13.51,6.17,4.66,7.45,4.95,8.04,7.82,20.04,19.86,20.21,17.96,5.36,16.86,20.39,16.08,14.56,18.09,5.38,20.06
2.94,12.52,16.57,11.63,16.52,16.27,20.41,5.64,16.48,22.93,3.12,14.51,13.48,24.81,1.25,1.84,9.19,11.14,10.63
7.95,4.44,8.70,9.61,12.04,8.18,12.41,11.82,13.02,23.84,10.14,6.49,16.68,24.94,8.55,6.80,9.46,7.46,11.45
14.50,2.79,4.37,13.24,12.80,1.62,6.72,17.67,12.50,27.37,16.40,2.56,21.96,27.89,15.00,13.23,13.12,10.65,14.84
4.92,15.14,17.92,8.00,13.58,19.18,21.83,12.56,23.26,15.63,10.10,16.60,5.95,17.71,8.68,8.98,16.56,9.33,18.12
4.85,13.23,15.76,5.73,11.32,17.23,19.64,13.25,22.42,15.22,10.71,14.56,6.50,17.04,9.01,8.85,16.25,7.02,17.97
1.81,11.61,15.52,10.25,15.15,15.46,19.41,7.00,16.79,21.84,4.50,13.54,12.60,23.64,2.58,2.29,9.87,9.77,11.45
11.99,18.34,19.52,7.93,11.63,21.99,22.95,20.15,29.26,8.07,17.65,19.08,3.12,10.09,16.08,16.03,23.42,10.50,25.15
13.30,8.35,7.21,5.79,2.43,10.59,10.10,20.60,21.97,17.70,18.34,7.83,15.00,17.83,16.41,15.05,19.50,4.47,21.49
17.53,10.72,7.73,9.75,4.50,11.52,8.95,24.62,24.27,19.29,22.43,9.42,18.48,18.83,20.52,19.09,22.88,8.71,24.84
17.65,9.70,6.31,10.47,5.67,10.08,7.27,24.33,23.05,20.85,22.25,8.20,19.51,20.45,20.37,18.85,22.12,9.05,24.06
4.25,16.25,19.83,11.89,17.41,20.22,23.78,8.47,21.35,20.10,6.31,18.06,10.06,22.30,5.59,6.74,13.87,12.48,15.09
15.16,10.54,8.77,6.87,1.42,12.39,11.02,22.74,24.21,16.69,20.43,9.80,15.41,16.50,18.48,17.19,21.82,6.30,23.81
15.83,16.31,20.40,22.52,25.68,17.61,22.89,9.73,7.06,35.70,11.29,18.07,26.61,37.30,12.13,11.74,4.39,20.82,2.57
10.47,12.06,16.43,17.07,20.52,14.33,19.50,6.43,8.88,30.21,6.90,14.04,21.28,31.80,7.15,6.40,1.18,15.49,3.00
5.74,17.73,21.33,13.19,18.74,21.69,25.28,8.79,22.37,20.49,6.92,19.55,10.37,22.80,6.58,7.92,14.73,13.89,15.81
12.80,11.84,15.98,18.48,21.32,13.35,18.63,9.12,6.10,32.12,9.68,13.63,23.53,33.55,9.80,8.85,1.97,16.62,2.98
18.48,10.12,6.44,11.38,6.54,10.14,6.87,25.04,23.28,21.58,22.99,8.49,20.42,21.11,21.13,19.59,22.64,9.93,24.57
7.16,13.56,15.45,4.26,9.63,17.42,19.19,15.64,23.96,13.13,13.09,14.60,5.62,14.79,11.34,11.02,18.23,6.29,20.02
11.76,16.60,17.47,6.06,9.34,20.11,20.80,20.19,28.14,8.68,17.65,17.19,5.09,10.19,15.94,15.63,22.77,8.65,24.58
3.41,15.31,19.01,11.70,17.13,19.24,22.94,7.54,20.15,20.77,5.26,17.17,10.84,22.90,4.40,5.54,12.69,12.04,13.94
6.95,17.94,20.79,10.61,16.11,21.99,24.70,13.19,25.29,15.68,10.96,19.44,5.56,18.03,9.95,10.68,18.17,12.13,19.55
12.12,3.79,3.91,7.83,6.99,6.39,7.77,17.99,17.46,21.58,16.04,3.47,17.09,22.02,14.23,12.62,15.68,5.33,17.64
17.15,7.85,4.04,11.01,7.10,7.76,5.11,23.22,20.88,22.61,21.28,6.13,20.35,22.41,19.47,17.86,20.44,9.11,22.34
16.82,8.34,4.94,10.18,5.98,8.72,6.31,23.23,21.66,21.45,21.21,6.81,19.44,21.21,19.36,17.80,20.82,8.47,22.75
7.30,18.91,22.01,12.31,17.86,22.95,25.96,12.27,25.24,17.32,10.25,20.53,7.26,19.75,9.55,10.57,17.84,13.64,19.06
3.45,14.06,17.07,7.93,13.50,18.10,21.01,11.31,21.80,16.89,8.81,15.61,7.38,18.89,7.30,7.52,15.10,8.86,16.67
3.20,15.09,18.79,11.57,16.98,19.02,22.73,7.48,19.96,20.80,5.15,16.95,10.89,22.90,4.24,5.34,12.52,11.87,13.80
12.98,9.69,13.65,17.44,19.71,10.85,16.14,10.97,5.47,31.46,11.01,11.35,23.42,32.72,10.70,9.39,4.28,15.34,5.56
10.95,5.88,6.28,5.36,5.11,8.90,9.94,17.78,19.23,19.10,15.60,5.97,14.71,19.61,13.70,12.25,16.49,2.97,18.48
15.62,4.96,0.96,11.09,8.67,4.75,4.18,20.87,17.75,24.09,19.11,3.06,20.48,24.20,17.40,15.70,17.56,8.74,19.42
13.50,10.27,9.30,5.02,0.66,12.67,12.05,21.27,23.77,15.65,18.91,9.90,13.64,15.74,16.96,15.76,20.82,4.74,22.81
1.66,13.67,17.24,9.92,15.30,17.65,21.19,8.35,19.58,19.86,5.84,15.47,10.21,21.85,4.41,4.95,12.48,10.17,13.94
3.80,15.36,18.57,9.70,15.27,19.39,22.53,10.45,22.09,17.82,8.06,17.01,7.91,19.95,6.85,7.48,15.01,10.59,16.44
12.48,9.85,13.91,17.22,19.66,11.23,16.51,10.30,5.93,31.16,10.37,11.58,22.99,32.45,10.09,8.82,3.67,15.18,5.08
9.88,4.85,6.32,5.76,6.58,8.34,10.20,16.37,17.86,19.95,14.25,5.44,14.79,20.62,12.37,10.87,14.96,3.17,16.95
3.60,15.59,19.10,11.03,16.55,19.59,23.05,8.85,21.21,19.51,6.56,17.37,9.54,21.67,5.59,6.54,13.86,11.63,15.18
12.20,17.57,18.48,7.03,10.32,21.10,21.82,20.55,28.94,7.97,18.02,18.18,4.46,9.68,16.36,16.15,23.40,9.63,25.18
5.26,13.47,15.91,5.63,11.20,17.45,19.77,13.65,22.81,14.80,11.11,14.76,6.13,16.62,9.42,9.27,16.67,7.06,18.38
11.40,7.48,11.62,15.16,17.35,9.17,14.40,10.99,7.53,29.28,10.49,9.27,21.52,30.47,9.77,8.23,5.44,13.01,7.17
6.13,6.49,10.69,9.64,12.94,10.21,14.45,9.94,13.42,23.46,8.14,8.52,15.63,24.77,6.51,4.76,8.60,7.89,10.58
14.02,19.20,19.88,8.65,11.26,22.65,23.08,22.30,30.77,6.12,19.78,19.72,5.26,7.90,18.16,17.99,25.25,11.24,27.03
13.86,1.94,3.84,12.31,11.90,2.13,6.70,17.44,13.14,26.43,16.05,1.74,21.08,26.96,14.58,12.81,13.24,9.72,15.02
13.54,6.45,4.93,7.29,4.66,8.34,8.02,20.16,20.13,19.94,18.06,5.65,16.70,20.11,16.18,14.67,18.30,5.29,20.27
13.93,2.93,1.70,10.43,9.11,3.91,5.63,18.87,16.12,24.10,17.16,1.27,19.65,24.43,15.48,13.77,15.55,7.91,17.43
7.25,4.75,8.61,8.10,10.76,8.75,12.48,12.26,14.53,22.34,10.35,6.62,15.34,23.44,8.60,6.93,10.68,6.00,12.67
7.63,16.64,18.89,7.84,13.10,20.61,22.69,15.35,25.78,12.87,12.91,17.87,3.17,15.04,11.49,11.72,19.29,9.81,20.89
9.30,14.40,15.70,4.07,8.63,18.07,19.25,17.80,25.59,11.27,15.25,15.17,5.45,12.77,13.48,13.09,20.18,6.58,22.00
12.40,10.93,15.07,17.76,20.48,12.47,17.74,9.39,6.16,31.50,9.70,12.72,23.07,32.89,9.65,8.55,2.48,15.84,3.82
13.56,5.61,4.03,7.90,5.61,7.38,7.31,19.86,19.29,20.84,17.83,4.71,17.32,21.04,15.98,14.42,17.70,5.72,19.66
14.90,9.24,7.31,7.17,2.48,10.94,9.64,22.16,22.93,18.01,19.92,8.39,16.15,17.91,17.99,16.62,20.85,6.06,22.83
10.38,15.41,16.51,4.93,8.92,19.01,19.97,18.84,26.75,10.10,16.30,16.09,5.08,11.61,14.56,14.22,21.34,7.51,23.16
10.18,17.64,19.27,7.68,12.19,21.45,22.88,18.17,27.87,10.02,15.70,18.59,1.80,12.14,14.20,14.26,21.74,10.09,23.42
16.86,4.89,3.93,14.73,13.36,0.88,4.69,20.14,13.72,28.49,18.89,3.58,23.77,28.79,17.49,15.71,15.34,12.16,16.98
11.11,17.61,18.91,7.29,11.31,21.30,22.41,19.30,28.40,8.94,16.79,18.40,2.90,10.92,15.21,15.15,22.53,9.82,24.27
6.24,5.78,9.63,8.02,11.20,9.75,13.51,11.40,14.74,22.06,9.41,7.66,14.70,23.27,7.62,5.99,10.33,6.16,12.31
8.34,15.41,17.19,5.74,10.74,19.25,20.88,16.63,25.68,11.71,14.10,16.41,3.79,13.58,12.47,12.35,19.74,8.00,21.47
10.99,11.56,15.88,17.17,20.39,13.64,18.85,7.37,8.02,30.54,7.76,13.50,21.77,32.05,7.87,6.98,1.07,15.47,3.05
11.11,11.21,15.50,17.07,20.18,13.21,18.43,7.80,7.71,30.54,8.10,13.12,21.86,32.02,8.12,7.14,1.42,15.31,3.33
3.87,13.93,16.81,7.37,12.95,17.97,20.73,11.92,22.09,16.32,9.40,15.42,6.94,18.28,7.84,7.96,15.52,8.41,17.13
4.18,16.16,19.77,11.98,17.48,20.12,23.72,8.23,21.14,20.32,6.06,17.99,10.29,22.52,5.36,6.54,13.63,12.51,14.84
3.19,10.46,13.47,5.78,10.97,14.51,17.42,11.52,19.34,17.89,9.00,11.99,9.62,19.49,7.10,6.44,13.48,5.80,15.28
5.34,7.55,10.54,5.31,9.40,11.58,14.49,12.53,17.67,19.14,10.20,9.03,11.94,20.40,8.26,7.01,12.83,4.02,14.77
3.53,12.60,15.44,6.31,11.85,16.63,19.37,11.97,21.21,16.55,9.43,14.07,7.68,18.36,7.70,7.51,14.94,7.13,16.64
5.48,15.49,18.17,7.98,13.53,19.51,22.06,13.10,23.79,15.10,10.65,16.90,5.38,17.21,9.24,9.54,17.12,9.45,18.68
15.74,6.63,3.35,9.90,6.58,7.13,5.57,21.80,19.94,22.12,19.85,5.09,19.30,22.08,18.04,16.43,19.16,7.86,21.08
15.46,8.73,6.33,8.15,3.70,10.05,8.46,22.43,22.39,19.22,20.26,7.66,17.27,19.07,18.36,16.91,20.72,6.76,22.69
13.92,3.76,1.94,9.71,8.04,4.96,5.80,19.31,17.18,23.15,17.49,2.37,19.03,23.43,15.76,14.08,16.33,7.26,18.24
13.80,3.90,2.18,9.45,7.76,5.24,5.99,19.30,17.39,22.87,17.46,2.61,18.79,23.14,15.70,14.04,16.42,7.02,18.34
11.20,9.01,13.22,15.93,18.52,10.82,16.06,9.67,7.24,29.83,9.45,10.86,21.67,31.14,9.00,7.64,3.78,13.94,5.54
15.41,3.55,1.80,12.50,11.03,2.03,4.47,19.61,15.10,26.15,18.10,1.61,21.66,26.44,16.54,14.79,15.56,9.96,17.34
12.10,11.28,15.47,17.75,20.64,12.96,18.23,8.78,6.63,31.38,9.17,13.12,22.82,32.81,9.20,8.18,1.85,15.90,3.32
15.36,13.56,17.45,20.92,23.50,14.45,19.71,11.03,4.20,34.66,11.94,15.18,26.11,36.06,12.25,11.38,4.02,18.96,3.65
2.38,11.09,14.25,6.58,11.85,15.14,18.20,10.83,19.36,18.18,8.30,12.69,9.53,19.87,6.43,5.95,13.21,6.70,14.96
12.50,6.95,6.20,5.85,3.80,9.37,9.45,19.49,20.55,18.69,17.30,6.55,15.25,18.97,15.38,13.96,18.14,3.96,20.13
7.10,5.29,9.50,9.42,12.25,9.06,13.24,11.08,13.30,23.51,9.33,7.32,16.09,24.70,7.71,5.96,9.19,7.42,11.18
7.25,17.40,19.95,9.31,14.71,21.41,23.82,14.31,25.64,14.17,11.97,18.76,4.10,16.46,10.74,11.23,18.81,11.05,20.30
19.86,8.39,4.25,15.28,12.00,5.81,0.54,24.51,18.88,27.54,22.95,6.32,24.70,27.34,21.34,19.60,20.34,13.04,22.06
12.38,18.79,19.93,8.36,11.96,22.43,23.35,20.49,29.70,7.70,18.00,19.52,3.14,9.79,16.46,16.43,23.83,10.93,25.56
3.10,10.69,13.70,5.86,11.11,14.74,17.65,11.48,19.49,17.80,8.96,12.22,9.44,19.42,7.07,6.46,13.57,5.97,15.36
14.06,4.95,2.84,8.97,6.76,6.26,6.24,19.96,18.50,22.03,18.03,3.73,18.37,22.22,16.23,14.61,17.36,6.67,19.30
14.18,2.71,1.71,11.04,9.80,3.22,5.43,18.82,15.55,24.77,17.18,0.72,20.20,25.12,15.55,13.82,15.25,8.50,17.10
3.10,12.04,14.97,6.28,11.76,16.08,18.91,11.61,20.59,17.07,9.06,13.55,8.30,18.83,7.28,7.00,14.37,6.87,16.09
10.39,1.62,5.66,9.38,10.32,5.66,9.42,14.87,13.98,23.73,13.18,3.51,17.72,24.51,11.54,9.80,11.95,6.85,13.90
3.07,14.14,17.28,8.45,14.01,18.18,21.23,10.72,21.48,17.48,8.23,15.75,7.87,19.49,6.76,7.08,14.66,9.26,16.20
11.68,12.34,16.63,18.02,21.25,14.28,19.52,7.45,7.71,31.32,8.11,14.25,22.48,32.87,8.40,7.63,0.34,16.33,2.21
12.92,3.13,2.80,9.06,7.96,5.20,6.74,18.34,16.77,22.77,16.50,2.32,18.29,23.16,14.75,13.08,15.53,6.54,17.46
12.52,5.57,4.87,6.86,5.22,7.92,8.35,19.03,19.24,20.10,16.94,5.09,16.26,20.42,15.07,13.55,17.19,4.61,19.17
10.15,12.26,16.64,16.95,20.51,14.63,19.77,5.94,9.36,29.97,6.43,14.26,20.96,31.58,6.73,6.07,1.55,15.43,3.18
4.85,15.60,18.50,8.79,14.36,19.64,22.43,12.09,23.26,16.16,9.67,17.11,6.29,18.30,8.36,8.81,16.39,10.03,17.89
15.02,9.73,7.84,7.06,2.07,11.47,10.12,22.39,23.41,17.55,20.13,8.91,15.90,17.41,18.19,16.85,21.22,6.15,23.21
13.09,2.02,2.62,10.12,9.34,3.97,6.49,17.90,15.47,24.03,16.21,1.04,19.19,24.47,14.54,12.82,14.63,7.55,16.52
4.53,7.95,12.01,9.28,13.20,11.77,15.84,9.01,14.51,22.63,6.97,9.93,14.39,24.08,5.19,3.55,8.91,7.91,10.82
7.57,9.31,13.72,13.49,17.00,12.26,17.14,7.04,10.86,26.83,6.13,11.38,18.22,28.33,5.36,3.91,4.65,11.91,6.59
11.47,12.47,16.78,17.95,21.26,14.50,19.72,7.11,8.05,31.18,7.79,14.40,22.27,32.74,8.12,7.40,0.19,16.30,2.18
6.76,6.30,10.60,10.30,13.42,9.87,14.28,9.91,12.67,24.19,8.27,8.37,16.39,25.48,6.75,4.98,8.04,8.47,10.03
16.86,6.04,1.64,12.10,9.23,5.06,3.10,22.05,18.34,24.75,20.32,4.02,21.52,24.73,18.62,16.92,18.56,9.83,20.40
4.35,9.07,11.97,5.05,9.86,13.10,15.92,12.23,18.71,18.19,9.78,10.53,10.55,19.60,7.84,6.86,13.37,4.54,15.25
12.91,1.44,4.76,11.98,12.08,3.12,7.80,16.33,12.54,26.24,14.96,2.44,20.51,26.87,13.50,11.73,12.20,9.40,14.01
7.84,14.83,16.68,5.31,10.46,18.69,20.39,16.18,25.08,12.24,13.65,15.86,4.35,14.05,11.99,11.82,19.17,7.49,20.92
2.29,13.60,17.45,11.23,16.43,17.47,21.36,6.58,18.24,21.64,4.07,15.52,11.97,23.62,2.69,3.59,10.92,11.15,12.29
11.29,9.77,13.99,16.42,19.16,11.59,16.83,9.16,7.13,30.20,9.12,11.63,21.88,31.57,8.83,7.58,3.02,14.49,4.76
8.21,10.27,11.64,0.76,6.21,13.91,15.30,16.47,22.07,14.83,13.98,11.01,9.33,15.89,12.06,11.16,17.45,2.45,19.38
4.96,15.83,18.77,9.07,14.64,19.88,22.70,12.03,23.37,16.26,9.64,17.36,6.34,18.42,8.37,8.87,16.44,10.31,17.92
14.44,4.98,2.46,9.41,7.08,6.00,5.80,20.22,18.43,22.41,18.32,3.59,18.81,22.57,16.54,14.90,17.49,7.11,19.41
11.59,10.28,14.49,16.89,19.68,12.04,17.29,9.04,6.88,30.63,9.15,12.13,22.22,32.02,8.96,7.79,2.59,14.99,4.27
3.96,14.33,17.25,7.80,13.39,18.38,21.18,11.80,22.29,16.39,9.31,15.85,6.86,18.41,7.81,8.04,15.61,8.87,17.19
2.52,14.39,17.82,9.77,15.26,18.41,21.77,9.22,20.68,18.97,6.77,16.13,9.21,21.03,5.45,6.05,13.58,10.31,15.02
9.72,4.16,6.12,6.40,7.37,7.80,10.06,15.88,17.06,20.66,13.82,4.96,15.25,21.38,11.97,10.42,14.23,3.81,16.22
8.93,3.23,7.46,9.45,11.32,7.07,11.18,13.05,13.28,23.81,11.38,5.26,17.10,24.78,9.77,8.03,10.40,7.11,12.38
11.36,11.85,16.15,17.57,20.77,13.84,19.06,7.52,7.76,30.93,8.02,13.77,22.15,32.45,8.20,7.34,0.77,15.86,2.70
5.67,14.55,17.01,6.55,12.07,18.55,20.87,13.80,23.61,14.44,11.29,15.86,5.29,16.40,9.71,9.75,17.26,8.13,18.92
8.81,6.13,7.80,4.43,6.39,9.77,11.65,15.82,18.61,18.75,13.58,6.90,13.31,19.56,11.66,10.28,15.08,1.87,17.07
12.70,17.37,18.06,6.82,9.63,20.81,21.31,21.12,29.05,7.76,18.58,17.88,5.42,9.23,16.88,16.58,23.72,9.40,25.54
9.49,16.89,18.59,7.03,11.72,20.72,22.23,17.57,27.10,10.62,15.08,17.86,2.39,12.67,13.54,13.56,21.02,9.39,22.71
7.36,13.15,14.94,3.67,9.04,16.97,18.65,15.87,23.80,13.16,13.32,14.13,6.07,14.72,11.54,11.13,18.24,5.75,20.05
10.16,17.09,18.61,6.99,11.40,20.86,22.18,18.31,27.59,9.91,15.81,17.98,2.58,11.91,14.24,14.20,21.62,9.44,23.34
11.18,10.18,14.43,16.57,19.43,12.08,17.30,8.72,7.30,30.27,8.77,12.06,21.83,31.67,8.56,7.38,2.53,14.70,4.33
15.42,8.84,6.50,8.03,3.53,10.21,8.64,22.43,22.51,19.04,20.25,7.79,17.13,18.89,18.34,16.91,20.78,6.69,22.76
1.85,12.96,16.24,8.17,13.61,17.00,20.20,10.01,20.21,18.31,7.48,14.63,8.96,20.22,5.84,5.94,13.51,8.61,15.10
12.88,1.32,4.65,11.87,11.94,3.13,7.75,16.37,12.67,26.12,14.98,2.32,20.42,26.75,13.51,11.74,12.29,9.29,14.11
8.72,15.17,16.79,5.24,10.09,18.96,20.43,17.09,25.76,11.40,14.56,16.10,4.19,13.16,12.88,12.68,19.98,7.60,21.74
9.93,11.58,15.97,16.46,19.93,13.97,19.10,6.35,9.18,29.62,6.60,13.58,20.72,31.19,6.71,5.88,1.75,14.88,3.61
4.00,13.73,16.55,7.01,12.60,17.77,20.47,12.16,22.11,16.11,9.64,15.20,6.85,18.04,8.04,8.09,15.62,8.10,17.26
9.81,2.21,6.35,9.36,10.69,6.19,10.10,14.16,13.69,23.74,12.48,4.18,17.46,24.60,10.85,9.11,11.34,6.90,13.30
2.66,14.61,18.27,10.99,16.40,18.56,22.21,7.76,19.83,20.45,5.36,16.45,10.61,22.52,4.24,5.16,12.50,11.28,13.84
10.06,11.50,12.20,1.27,5.06,14.87,15.61,18.41,23.82,13.32,15.90,11.94,9.20,14.18,13.99,13.13,19.40,3.56,21.34
4.43,12.61,15.21,5.52,11.10,16.62,19.11,12.91,21.79,15.72,10.36,13.97,7.14,17.48,8.61,8.35,15.70,6.60,17.43
9.01,15.20,16.73,5.13,9.87,18.95,20.34,17.40,25.93,11.15,14.86,16.08,4.29,12.88,13.17,12.95,20.22,7.55,21.99
3.07,14.22,18.13,12.00,17.21,18.05,22.02,6.02,18.31,22.17,3.57,16.16,12.39,24.19,2.54,3.78,10.82,11.93,12.10
16.87,7.21,3.31,11.08,7.50,7.03,4.61,22.74,20.16,23.04,20.85,5.44,20.47,22.90,19.06,17.43,19.82,9.06,21.71
7.87,4.43,7.74,7.04,9.33,8.47,11.68,13.57,15.65,21.39,11.56,6.00,14.92,22.37,9.74,8.14,12.11,4.74,14.11
12.18,19.49,20.88,9.25,13.21,23.22,24.38,20.04,29.92,8.25,17.59,20.33,1.96,10.56,16.15,16.27,23.78,11.76,25.44
10.48,10.25,14.57,16.14,19.19,12.38,17.57,8.02,8.05,29.71,8.00,12.19,21.17,31.16,7.79,6.64,2.37,14.35,4.32
15.89,5.35,1.29,11.16,8.53,5.07,4.05,21.22,18.13,24.00,19.45,3.46,20.56,24.06,17.73,16.04,17.95,8.85,19.82
10.42,17.02,18.44,6.81,11.07,20.75,21.98,18.63,27.70,9.63,16.12,17.86,2.93,11.57,14.52,14.44,21.83,9.30,23.56
12.27,11.39,15.58,17.92,20.79,13.04,18.30,8.87,6.49,31.55,9.30,13.22,22.99,32.98,9.35,8.34,1.87,16.06,3.24
14.63,7.49,5.34,7.87,4.27,8.97,7.90,21.37,21.16,19.79,19.25,6.47,17.19,19.79,17.36,15.87,19.51,6.15,21.48
12.39,18.87,20.03,8.45,12.08,22.52,23.45,20.48,29.74,7.71,17.99,19.61,3.05,9.82,16.45,16.44,23.86,11.02,25.57
11.02,2.33,4.59,8.31,8.54,5.86,8.54,16.34,15.77,22.49,14.49,3.07,17.17,23.12,12.74,11.07,13.81,5.72,15.77
6.75,5.58,9.74,9.22,12.21,9.38,13.52,10.89,13.54,23.26,9.09,7.60,15.77,24.48,7.44,5.71,9.24,7.30,11.23
11.34,11.82,12.04,2.42,4.02,14.96,15.24,19.65,24.53,13.03,17.16,12.04,9.99,13.64,15.23,14.33,20.42,4.15,22.37
1.84,11.17,14.45,7.12,12.34,15.21,18.41,10.28,19.03,18.66,7.74,12.83,9.87,20.38,5.88,5.43,12.76,7.14,14.49
14.50,15.92,20.14,21.51,24.91,17.56,22.84,8.19,8.12,34.46,9.79,17.78,25.25,36.12,10.70,10.42,3.46,19.92,1.47
3.11,15.10,18.72,11.20,16.65,19.05,22.67,8.00,20.33,20.27,5.67,16.92,10.36,22.38,4.67,5.66,12.95,11.59,14.26
14.30,6.39,4.25,8.22,5.28,7.82,7.14,20.72,20.02,20.71,18.67,5.31,17.63,20.80,16.81,15.27,18.56,6.20,20.52
2.26,13.80,17.60,11.13,16.38,17.69,21.52,6.86,18.61,21.34,4.37,15.70,11.64,23.34,3.05,3.94,11.29,11.13,12.66
9.67,16.74,18.34,6.74,11.33,20.53,21.95,17.83,27.13,10.40,15.33,17.66,2.70,12.38,13.76,13.72,21.14,9.15,22.85
12.83,3.22,2.92,8.90,7.82,5.36,6.85,18.32,16.88,22.61,16.47,2.48,18.14,23.00,14.71,13.05,15.58,6.39,17.51
14.88,3.06,4.12,13.42,12.79,1.19,6.30,18.11,12.75,27.49,16.83,2.53,22.21,27.96,15.43,13.65,13.53,10.83,15.24
5.98,13.88,16.16,5.49,11.01,17.83,19.98,14.34,23.47,14.08,11.80,15.10,5.52,15.91,10.13,9.99,17.38,7.17,19.10
5.04,14.56,17.20,7.10,12.66,18.58,21.09,13.04,23.17,15.16,10.54,15.95,5.79,17.16,9.01,9.13,16.68,8.49,18.30
3.54,14.98,18.18,9.32,14.89,19.02,22.13,10.50,21.90,17.71,8.08,16.63,7.88,19.81,6.79,7.33,14.89,10.18,16.35
11.65,17.05,18.04,6.53,10.04,20.61,21.42,20.01,28.36,8.55,17.48,17.69,4.38,10.24,15.81,15.59,22.82,9.12,24.61
5.94,6.27,10.31,8.80,12.13,10.13,14.14,10.52,14.15,22.69,8.59,8.24,15.02,23.97,6.86,5.18,9.44,7.05,11.42
4.36,14.38,17.19,7.48,13.07,18.42,21.11,12.29,22.61,15.92,9.79,15.85,6.44,17.92,8.27,8.45,16.01,8.67,17.61
11.33,15.22,15.96,4.67,7.85,18.66,19.27,19.84,27.05,9.78,17.29,15.73,6.30,11.00,15.50,15.04,21.97,7.24,23.83
6.24,6.18,9.40,6.17,9.52,10.23,13.35,12.64,16.52,20.31,10.46,7.75,13.34,21.46,8.56,7.11,12.15,4.34,14.12
14.85,13.70,17.69,20.69,23.44,14.80,20.08,10.27,5.00,34.30,11.24,15.39,25.63,35.75,11.62,10.83,3.34,18.80,2.85
12.45,11.36,15.52,18.02,20.84,12.94,18.21,9.10,6.27,31.69,9.52,13.17,23.16,33.11,9.56,8.54,2.07,16.14,3.35
5.65,13.33,15.65,5.17,10.73,17.30,19.49,14.09,22.96,14.46,11.54,14.57,6.06,16.24,9.83,9.60,16.95,6.71,18.69
15.09,6.79,4.11,8.92,5.58,7.82,6.61,21.44,20.33,21.10,19.41,5.50,18.30,21.10,17.56,16.00,19.13,6.96,21.08
12.52,15.01,19.34,19.80,23.45,17.08,22.30,6.25,9.30,32.52,7.75,16.96,23.24,34.23,8.66,8.46,2.47,18.35,1.46
1.49,13.20,16.62,8.91,14.32,17.22,20.58,9.27,19.88,19.00,6.74,14.94,9.51,20.94,5.17,5.42,13.01,9.25,14.55
2.73,14.67,18.13,10.13,15.62,18.67,22.08,9.03,20.73,19.18,6.61,16.42,9.36,21.26,5.37,6.08,13.56,10.66,14.97
11.81,12.68,16.97,18.27,21.55,14.63,19.86,7.31,7.82,31.51,8.07,14.59,22.61,33.08,8.44,7.74,0.16,16.61,1.89
7.34,4.80,8.30,7.21,9.82,8.85,12.23,12.95,15.42,21.50,10.94,6.49,14.76,22.55,9.12,7.52,11.63,5.04,13.62
7.78,4.25,8.24,8.56,10.96,8.20,12.07,12.46,14.07,22.84,10.63,6.17,15.93,23.90,8.93,7.22,10.51,6.36,12.50
10.75,11.48,15.81,16.97,20.23,13.61,18.81,7.22,8.23,30.31,7.56,13.42,21.53,31.84,7.65,6.74,1.22,15.29,3.21
15.27,4.33,0.49,11.15,9.07,4.14,4.34,20.32,17.07,24.39,18.61,2.38,20.50,24.56,16.92,15.22,16.90,8.73,18.76
5.44,6.64,10.19,7.00,10.63,10.67,14.12,11.52,15.92,20.89,9.36,8.38,13.47,22.15,7.47,5.99,11.18,5.38,13.14
4.71,11.96,14.47,4.80,10.36,15.96,18.36,13.23,21.53,15.71,10.68,13.27,7.53,17.36,8.87,8.46,15.66,5.81,17.44
9.71,11.56,15.95,16.30,19.80,14.00,19.11,6.19,9.40,29.42,6.39,13.57,20.51,31.00,6.48,5.65,1.96,14.74,3.79
7.50,17.07,19.46,8.58,13.90,21.06,23.29,14.92,25.80,13.41,12.52,18.36,3.45,15.65,11.19,11.55,19.13,10.45,20.68
4.85,16.57,19.81,10.77,16.36,20.60,23.76,10.60,22.92,17.97,8.35,18.23,7.90,20.21,7.39,8.24,15.65,11.77,16.98
5.87,6.17,9.80,7.26,10.65,10.19,13.72,11.65,15.54,21.26,9.55,7.94,13.94,22.48,7.70,6.15,11.00,5.50,12.97
8.63,16.97,18.96,7.61,12.62,20.88,22.69,16.50,26.59,11.71,14.04,18.08,2.31,13.85,12.58,12.73,20.26,9.79,21.90
4.82,16.40,19.58,10.41,16.00,20.44,23.53,10.89,23.00,17.61,8.60,18.04,7.56,19.84,7.56,8.35,15.80,11.46,17.17
7.06,15.33,17.49,6.46,11.79,19.27,21.28,15.17,24.87,13.05,12.67,16.51,4.06,15.03,11.11,11.14,18.62,8.40,20.30
3.81,12.92,15.71,6.34,11.91,16.96,19.63,12.21,21.59,16.25,9.66,14.37,7.31,18.08,7.97,7.83,15.29,7.30,16.98
12.20,14.20,18.53,19.24,22.78,16.24,21.46,6.50,8.77,32.14,7.75,16.14,22.97,33.80,8.48,8.11,1.63,17.72,1.15
8.64,14.79,16.38,4.82,9.70,18.56,20.01,17.06,25.49,11.57,14.51,15.70,4.60,13.26,12.81,12.55,19.80,7.19,21.58
10.28,9.63,13.95,15.66,18.62,11.80,16.97,8.36,8.16,29.32,8.17,11.57,20.90,30.73,7.81,6.54,2.99,13.82,4.94
13.58,16.96,17.25,6.58,8.39,20.20,20.32,22.08,29.16,7.84,19.53,17.28,7.13,8.82,17.75,17.30,24.21,9.04,26.08
3.50,15.12,18.94,12.18,17.53,19.00,22.86,6.63,19.39,21.65,4.34,17.03,11.74,23.75,3.59,4.89,11.85,12.34,13.07
13.40,4.12,2.80,8.83,7.19,5.83,6.54,19.13,17.73,22.24,17.23,3.10,18.17,22.53,15.45,13.81,16.49,6.41,18.43
3.85,15.55,18.82,10.07,15.64,19.58,22.78,10.18,22.04,18.13,7.82,17.23,8.19,20.29,6.68,7.40,14.88,10.91,16.28
12.96,12.15,16.29,18.75,21.62,13.66,18.94,9.07,6.09,32.34,9.71,13.95,23.71,33.79,9.89,8.98,1.89,16.90,2.70
15.75,13.67,17.50,21.20,23.70,14.44,19.69,11.47,3.79,34.99,12.37,15.26,26.48,36.37,12.67,11.79,4.45,19.22,4.06
7.56,4.49,8.16,7.67,10.16,8.53,12.06,12.86,14.96,21.97,10.90,6.26,15.21,23.02,9.13,7.48,11.29,5.48,13.28
4.50,7.55,11.13,7.16,11.19,11.56,15.07,10.80,16.17,20.73,8.56,9.32,12.95,22.09,6.65,5.26,10.99,5.85,12.91
14.92,5.70,2.85,9.48,6.72,6.53,5.75,20.86,19.12,22.16,18.93,4.27,18.90,22.24,17.12,15.51,18.20,7.30,20.13
2.90,9.34,12.76,6.89,11.63,13.38,16.71,10.39,17.57,19.63,7.96,11.05,11.36,21.17,6.01,5.02,11.77,6.25,13.60
12.67,1.46,3.15,10.09,9.62,4.00,6.95,17.35,15.02,24.13,15.68,1.19,19.06,24.63,14.03,12.30,14.06,7.51,15.96
4.22,14.47,17.33,7.73,13.32,18.51,21.26,12.06,22.53,16.14,9.57,15.96,6.60,18.16,8.08,8.30,15.87,8.88,17.45
1.75,12.85,16.14,8.14,13.57,16.89,20.10,9.96,20.09,18.38,7.42,14.53,9.05,20.28,5.77,5.84,13.41,8.55,15.01
5.99,15.51,18.03,7.55,13.04,19.51,21.90,13.78,24.20,14.41,11.31,16.85,4.81,16.49,9.86,10.08,17.64,9.17,19.24
13.43,21.13,22.53,10.91,14.74,24.88,26.02,21.01,31.38,7.74,18.62,21.99,2.66,10.28,17.27,17.52,25.07,13.42,26.69
11.22,10.83,15.11,16.95,19.95,12.77,18.00,8.22,7.43,30.51,8.44,12.73,21.93,31.96,8.37,7.31,1.84,15.14,3.67
11.40,17.44,18.61,7.02,10.81,21.08,22.05,19.66,28.46,8.67,17.15,18.17,3.52,10.53,15.53,15.40,22.73,9.58,24.48
14.64,8.19,11.55,17.47,18.82,8.29,13.51,13.95,5.50,31.80,13.70,9.44,24.50,32.80,13.07,11.55,7.48,15.12,8.69
1.79,13.76,17.40,10.29,15.64,17.72,21.34,7.94,19.36,20.26,5.44,15.59,10.58,22.26,4.05,4.69,12.19,10.48,13.62
12.65,13.53,17.79,19.23,22.51,15.34,20.60,7.60,7.57,32.43,8.62,15.42,23.45,34.01,9.15,8.56,1.09,17.57,0.97
9.99,15.86,17.18,5.55,9.86,19.55,20.71,18.37,26.83,10.19,15.83,16.65,4.13,11.90,14.15,13.92,21.18,8.07,22.96
3.79,15.74,19.40,11.89,17.35,19.68,23.35,7.80,20.59,20.63,5.58,17.59,10.64,22.79,4.82,6.00,13.10,12.31,14.33
15.07,13.11,17.01,20.52,23.06,14.03,19.29,10.97,4.17,34.29,11.79,14.74,25.79,35.68,12.03,11.12,3.87,18.55,3.73
2.99,10.51,13.57,5.99,11.18,14.56,17.53,11.31,19.23,18.05,8.79,12.06,9.70,19.66,6.89,6.24,13.32,5.99,15.11
14.71,9.89,8.20,6.62,1.55,11.78,10.60,22.19,23.55,17.06,19.90,9.17,15.39,16.96,17.96,16.64,21.18,5.83,23.18
12.66,19.20,20.35,8.77,12.34,22.84,23.75,20.72,30.06,7.47,18.24,19.93,3.09,9.63,16.72,16.72,24.15,11.34,25.86
12.09,19.73,21.22,9.59,13.68,23.50,24.75,19.82,29.96,8.58,17.40,20.62,1.55,10.95,15.99,16.18,23.71,12.07,25.35
16.28,4.76,0.90,12.53,10.38,3.26,3.29,20.89,16.54,25.76,19.30,2.68,21.85,25.90,17.68,15.94,17.03,10.08,18.82
1.94,13.84,17.52,10.56,15.89,17.78,21.46,7.64,19.20,20.55,5.16,15.69,10.85,22.56,3.80,4.53,11.98,10.71,13.39
10.06,15.85,17.15,5.53,9.79,19.53,20.67,18.44,26.86,10.13,15.91,16.63,4.20,11.83,14.22,13.99,21.23,8.05,23.02
12.96,7.83,6.83,5.74,2.93,10.14,9.86,20.15,21.44,18.04,17.92,7.36,15.05,18.24,15.99,14.61,18.97,4.20,20.96
15.60,8.34,5.75,8.56,4.32,9.48,7.82,22.39,21.96,19.85,20.27,7.16,17.76,19.70,18.38,16.89,20.48,7.01,22.45
11.76,8.46,12.57,15.97,18.29,10.02,15.28,10.61,6.85,30.02,10.33,10.23,22.07,31.26,9.79,8.36,4.62,13.88,6.26
6.79,5.44,8.82,6.76,9.72,9.49,12.77,12.74,15.87,20.99,10.64,7.08,14.12,22.09,8.79,7.25,11.79,4.73,13.78
5.68,6.45,9.93,6.81,10.34,10.49,13.87,11.83,16.03,20.78,9.66,8.16,13.48,22.01,7.78,6.30,11.40,5.12,13.37
12.03,3.11,3.71,8.27,7.66,5.85,7.65,17.63,16.79,22.16,15.74,2.92,17.44,22.63,13.97,12.32,15.12,5.72,17.07
9.84,10.52,14.89,15.85,19.10,12.86,17.99,7.24,8.80,29.25,7.19,12.50,20.58,30.75,7.01,5.92,2.34,14.15,4.33
10.66,2.77,4.96,7.83,8.23,6.36,8.92,16.18,16.07,22.03,14.28,3.55,16.68,22.68,12.50,10.85,13.87,5.23,15.84
7.36,14.62,16.58,5.36,10.64,18.51,20.33,15.70,24.69,12.71,13.17,15.70,4.56,14.53,11.51,11.36,18.72,7.42,20.46
8.94,4.48,6.85,6.14,7.73,8.30,10.80,15.16,16.91,20.49,13.08,5.54,14.74,21.31,11.22,9.68,13.75,3.62,15.74
6.84,13.67,15.68,4.61,10.04,17.57,19.44,15.29,23.85,13.36,12.74,14.76,5.50,15.07,11.02,10.75,18.02,6.54,19.79
10.69,11.06,15.39,16.71,19.89,13.18,18.38,7.52,8.10,30.14,7.73,13.00,21.44,31.64,7.72,6.73,1.58,14.99,3.56
14.51,6.09,3.72,8.68,5.82,7.33,6.61,20.75,19.67,21.26,18.75,4.89,18.10,21.34,16.91,15.33,18.41,6.59,20.35
13.93,5.99,4.11,8.06,5.44,7.58,7.20,20.29,19.65,20.78,18.25,4.99,17.48,20.93,16.40,14.85,18.13,5.96,20.09
9.68,18.14,20.06,8.61,13.42,22.04,23.76,17.34,27.75,10.98,14.92,19.23,1.14,13.26,13.54,13.77,21.33,10.87,22.94
4.71,14.90,17.70,7.86,13.44,18.94,21.61,12.43,23.03,15.76,9.96,16.36,6.13,17.81,8.51,8.77,16.35,9.14,17.92
6.87,7.32,9.64,3.97,7.67,11.22,13.55,14.27,18.67,18.22,11.93,8.47,11.85,19.30,9.98,8.74,14.31,2.30,16.28
12.59,17.94,18.80,7.40,10.53,21.46,22.11,20.92,29.34,7.57,18.39,18.53,4.55,9.30,16.74,16.55,23.80,9.99,25.59
7.63,4.42,8.44,8.63,11.12,8.36,12.26,12.25,13.99,22.89,10.42,6.36,15.89,23.97,8.72,7.01,10.34,6.47,12.33
11.66,6.46,6.29,5.43,4.35,9.21,9.77,18.62,19.95,18.76,16.42,6.32,14.85,19.17,14.51,13.08,17.34,3.30,19.33
7.45,4.60,8.26,7.62,10.16,8.64,12.17,12.79,15.01,21.91,10.82,6.36,15.11,22.96,9.04,7.40,11.28,5.44,13.27
6.58,5.43,9.23,7.85,10.86,9.43,13.12,11.82,14.84,21.97,9.83,7.28,14.78,23.14,8.05,6.41,10.63,5.89,12.62
4.57,7.66,11.62,8.75,12.65,11.54,15.48,9.53,14.83,22.20,7.45,9.60,14.11,23.62,5.63,4.04,9.41,7.36,11.33
14.36,12.06,15.98,19.55,22.03,13.04,18.32,10.84,4.34,33.40,11.43,13.70,25.03,34.75,11.52,10.49,3.66,17.55,4.07
3.55,15.21,18.48,9.80,15.36,19.24,22.44,10.12,21.79,18.13,7.73,16.89,8.24,20.25,6.52,7.17,14.69,10.60,16.11
8.69,15.61,17.31,5.80,10.68,19.43,20.97,16.98,25.99,11.36,14.46,16.58,3.65,13.23,12.83,12.70,20.08,8.11,21.81
9.92,4.45,6.09,6.14,6.95,7.98,10.01,16.22,17.46,20.35,14.14,5.10,15.11,21.04,12.28,10.74,14.65,3.55,16.64
3.55,15.37,18.72,10.23,15.78,19.39,22.68,9.71,21.63,18.58,7.35,17.08,8.65,20.72,6.22,6.97,14.44,10.97,15.83
20.43,8.44,5.62,17.25,14.75,4.66,2.99,23.93,16.35,30.27,22.68,6.68,26.56,30.25,21.25,19.48,18.94,14.80,20.49
2.64,13.24,16.35,7.71,13.23,17.28,20.30,10.79,20.92,17.50,8.26,14.83,8.17,19.42,6.65,6.73,14.29,8.39,15.90
0.88,12.09,15.53,8.26,13.55,16.11,19.48,9.36,19.11,19.18,6.81,13.83,9.99,21.01,5.05,4.94,12.47,8.37,14.11
6.66,5.46,9.50,8.67,11.66,9.36,13.32,11.27,14.06,22.74,9.39,7.42,15.37,23.94,7.67,5.98,9.81,6.73,11.80
16.14,10.62,8.34,8.02,2.63,12.07,10.22,23.53,24.30,17.63,21.27,9.64,16.61,17.31,19.33,17.99,22.30,7.26,24.28
6.96,5.58,9.81,9.64,12.57,9.29,13.54,10.75,13.13,23.68,9.02,7.62,16.14,24.90,7.42,5.67,8.88,7.70,10.87
12.73,3.76,3.29,8.40,7.20,5.96,7.13,18.48,17.44,22.02,16.56,3.10,17.69,22.39,14.77,13.14,15.96,5.92,17.90
12.76,12.03,16.19,18.56,21.46,13.59,18.86,8.93,6.25,32.15,9.53,13.84,23.52,33.60,9.70,8.79,1.76,16.72,2.73
11.97,17.52,18.51,7.01,10.45,21.09,21.88,20.29,28.80,8.16,17.77,18.17,4.19,9.92,16.12,15.94,23.21,9.60,24.98
14.63,12.13,16.00,19.75,22.16,13.02,18.29,11.13,4.05,33.63,11.72,13.74,25.29,34.96,11.80,10.77,3.94,17.72,4.29
13.20,9.88,13.81,17.67,19.92,10.97,16.26,11.07,5.25,31.70,11.16,11.52,23.65,32.95,10.88,9.59,4.29,15.57,5.51
6.64,5.92,9.02,6.00,9.15,9.95,12.98,13.07,16.64,20.23,10.89,7.43,13.45,21.33,9.00,7.54,12.44,4.05,14.42
10.26,1.75,5.87,9.46,10.51,5.76,9.61,14.65,13.80,23.82,12.97,3.69,17.71,24.62,11.34,9.60,11.71,6.94,13.66
3.84,15.28,19.15,12.59,17.91,19.12,23.06,6.21,19.20,22.10,3.97,17.21,12.17,24.20,3.40,4.81,11.60,12.70,12.77
6.27,5.74,9.54,7.82,10.99,9.73,13.43,11.57,14.92,21.88,9.56,7.59,14.58,23.08,7.76,6.14,10.55,5.95,12.53
7.01,5.44,8.61,6.34,9.22,9.48,12.57,13.18,16.28,20.62,11.06,6.97,13.93,21.68,9.19,7.67,12.29,4.26,14.27
13.47,9.88,13.76,17.83,20.01,10.86,16.14,11.38,5.00,31.89,11.47,11.49,23.89,33.12,11.18,9.88,4.57,15.71,5.72
3.41,14.58,17.71,8.76,14.33,18.62,21.66,10.80,21.82,17.39,8.34,16.19,7.68,19.45,6.94,7.35,14.93,9.64,16.44
11.23,4.87,5.33,6.35,5.95,7.84,9.10,17.65,18.35,20.16,15.57,4.91,15.64,20.66,13.70,12.17,15.95,3.87,17.93
12.28,0.53,4.55,11.07,11.25,3.71,7.94,16.13,13.22,25.33,14.64,2.17,19.64,25.97,13.11,11.35,12.39,8.49,14.25
10.20,15.32,16.48,4.88,8.97,18.94,19.95,18.66,26.61,10.25,16.11,16.03,5.01,11.78,14.38,14.04,21.17,7.44,22.99
9.30,14.92,16.31,4.68,9.26,18.63,19.88,17.75,25.92,11.02,15.20,15.73,4.81,12.64,13.48,13.17,20.36,7.17,22.16
13.11,6.28,5.08,6.95,4.65,8.37,8.30,19.76,19.96,19.79,17.65,5.62,16.37,20.01,15.77,14.27,17.98,4.90,19.96
8.62,9.93,14.35,14.66,18.06,12.61,17.62,6.92,9.90,28.00,6.45,11.97,19.33,29.51,6.01,4.78,3.48,13.03,5.44
11.38,12.64,12.95,2.72,4.78,15.84,16.16,19.78,25.19,12.18,17.27,12.91,9.20,12.88,15.36,14.55,20.86,4.84,22.79
11.95,2.05,6.09,11.97,12.69,4.36,9.19,14.98,11.66,26.33,13.66,3.72,20.11,27.10,12.27,10.49,10.84,9.45,12.67
11.78,6.33,6.09,5.64,4.45,9.02,9.57,18.67,19.84,18.95,16.49,6.14,15.05,19.34,14.59,13.14,17.32,3.48,19.31
14.51,5.71,3.27,8.95,6.26,6.86,6.29,20.59,19.25,21.67,18.62,4.45,18.37,21.78,16.80,15.20,18.11,6.78,20.05
12.03,5.47,5.16,6.50,5.28,8.05,8.73,18.58,19.08,19.93,16.48,5.17,15.89,20.31,14.61,13.09,16.86,4.19,18.84
9.48,15.53,16.96,5.34,9.87,19.25,20.53,17.87,26.37,10.68,15.33,16.37,4.17,12.40,13.65,13.42,20.69,7.81,22.46
2.10,13.66,17.46,10.99,16.23,17.56,21.38,6.95,18.57,21.26,4.44,15.56,11.59,23.25,3.07,3.90,11.28,10.98,12.67
8.60,3.86,7.01,7.15,8.97,7.87,10.96,14.24,15.71,21.53,12.26,5.33,15.35,22.42,10.46,8.84,12.53,4.72,14.53
15.09,4.01,0.52,11.17,9.26,3.87,4.48,20.04,16.73,24.52,18.35,2.04,20.49,24.73,16.67,14.96,16.57,8.72,18.43
4.86,7.19,10.78,7.15,11.03,11.21,14.72,11.03,16.01,20.85,8.82,8.96,13.19,22.17,6.92,5.48,10.99,5.71,12.93
2.13,11.99,15.94,10.74,15.65,15.81,19.82,6.52,16.74,22.18,4.01,13.94,12.84,24.02,2.11,2.10,9.68,10.28,11.21
15.60,4.41,0.01,11.62,9.52,3.79,3.96,20.49,16.86,24.87,18.82,2.38,20.96,25.03,17.16,15.44,16.91,9.19,18.75
12.10,7.39,11.39,15.55,17.52,8.75,14.01,11.71,7.07,29.75,11.25,9.07,22.13,30.89,10.53,8.99,5.91,13.34,7.53
9.37,11.20,15.60,15.88,19.39,13.72,18.80,6.24,9.58,29.03,6.27,13.22,20.16,30.60,6.25,5.34,2.34,14.32,4.20
8.63,3.72,8.01,9.71,11.80,7.45,11.69,12.50,12.95,24.02,10.86,5.77,17.11,25.05,9.28,7.53,9.85,7.44,11.83
5.25,6.77,10.57,7.86,11.50,10.74,14.47,10.75,15.21,21.64,8.65,8.63,13.97,22.95,6.81,5.25,10.30,6.27,12.25
14.26,8.90,7.27,6.58,2.29,10.82,9.84,21.54,22.58,17.82,19.30,8.18,15.65,17.81,17.37,16.00,20.33,5.42,22.32
11.63,12.37,16.67,18.00,21.26,14.34,19.57,7.36,7.80,31.29,8.03,14.29,22.43,32.84,8.33,7.57,0.27,16.32,2.19
3.59,14.87,18.01,9.04,14.61,18.91,21.96,10.76,21.98,17.45,8.32,16.49,7.66,19.53,6.98,7.46,15.03,9.94,16.52
8.35,17.25,19.40,8.19,13.32,21.19,23.17,16.00,26.50,12.28,13.57,18.43,2.46,14.49,12.18,12.43,20.00,10.26,21.59
9.77,3.60,5.91,6.96,7.93,7.34,9.87,15.63,16.46,21.25,13.63,4.56,15.70,21.98,11.82,10.21,13.76,4.38,15.74
7.45,5.64,8.35,5.54,8.27,9.60,12.31,14.01,17.11,19.89,11.83,6.93,13.55,20.88,9.94,8.48,13.23,3.34,15.22
11.91,5.62,5.38,6.28,5.12,8.26,8.95,18.53,19.20,19.71,16.41,5.37,15.67,20.10,14.53,13.03,16.90,3.98,18.88
11.82,6.71,6.42,5.38,4.09,9.40,9.84,18.83,20.21,18.58,16.63,6.52,14.80,18.96,14.71,13.30,17.60,3.34,19.59
12.45,12.17,16.38,18.43,21.44,13.86,19.12,8.45,6.71,31.93,9.09,14.02,23.22,33.41,9.30,8.44,1.27,16.64,2.42
12.50,12.18,16.38,18.47,21.47,13.84,19.11,8.51,6.65,31.97,9.15,14.02,23.27,33.45,9.36,8.49,1.33,16.67,2.44
2.12,13.40,16.67,8.44,13.92,17.44,20.63,10.02,20.53,18.23,7.50,15.07,8.75,20.18,5.94,6.16,13.74,8.97,15.30
2.28,14.14,17.57,9.61,15.09,18.16,21.53,9.18,20.48,19.01,6.71,15.88,9.29,21.04,5.34,5.88,13.42,10.10,14.89
14.43,10.61,14.36,18.79,20.87,11.30,16.55,11.98,4.02,32.88,12.23,12.13,24.88,34.10,12.03,10.79,4.96,16.65,5.79
17.14,5.14,3.74,14.78,13.24,1.25,4.25,20.54,14.15,28.45,19.27,3.68,23.88,28.70,17.84,16.07,15.78,12.23,17.42
13.00,16.33,16.70,5.92,7.97,19.61,19.82,21.51,28.50,8.48,18.95,16.68,7.04,9.47,17.17,16.69,23.57,8.41,25.44
15.28,3.74,0.89,11.83,10.11,2.99,4.32,19.87,15.97,25.32,18.27,1.66,21.08,25.57,16.64,14.91,16.12,9.33,17.94
13.29,8.19,7.02,5.87,2.61,10.40,9.93,20.53,21.81,17.87,18.29,7.65,15.12,18.02,16.36,14.99,19.38,4.48,21.37
17.20,5.28,4.39,15.20,13.84,1.23,4.85,20.31,13.50,28.98,19.11,4.05,24.22,29.28,17.74,15.97,15.37,12.63,16.97
9.63,5.24,6.72,5.35,6.41,8.75,10.58,16.28,18.13,19.56,14.13,5.86,14.37,20.26,12.23,10.76,15.06,2.76,17.05
4.15,7.92,11.46,7.07,11.26,11.94,15.41,10.70,16.46,20.49,8.41,9.67,12.61,21.89,6.49,5.16,11.13,5.88,13.04
10.58,14.78,15.71,4.24,7.96,18.30,19.11,19.09,26.43,10.37,16.54,15.38,6.04,11.68,14.75,14.30,21.26,6.83,23.11
14.34,8.58,6.84,6.86,2.73,10.41,9.40,21.51,22.27,18.27,19.29,7.80,16.00,18.26,17.37,15.97,20.15,5.55,22.13
1.90,13.53,16.90,8.92,14.37,17.56,20.86,9.53,20.29,18.70,7.01,15.24,9.15,20.67,5.49,5.81,13.40,9.37,14.93
7.60,17.12,19.49,8.57,13.88,21.11,23.31,15.04,25.89,13.30,12.63,18.40,3.33,15.54,11.30,11.66,19.24,10.46,20.79
2.60,11.71,14.77,6.56,11.95,15.75,18.72,11.12,20.02,17.65,8.57,13.27,8.87,19.39,6.76,6.42,13.79,6.93,15.51
13.21,3.79,2.79,8.87,7.43,5.62,6.62,18.85,17.41,22.39,16.96,2.84,18.18,22.72,15.19,13.54,16.16,6.41,18.10
11.70,11.98,16.25,17.85,21.00,13.88,19.12,7.77,7.45,31.25,8.33,13.88,22.48,32.76,8.53,7.68,0.77,16.12,2.53
12.58,1.91,3.08,9.64,9.08,4.44,6.99,17.52,15.54,23.62,15.78,1.53,18.68,24.10,14.09,12.38,14.42,7.07,16.33
10.11,15.77,17.04,5.42,9.63,19.44,20.55,18.52,26.84,10.12,15.98,16.54,4.35,11.79,14.28,14.03,21.25,7.95,23.04
17.09,5.73,1.48,12.90,10.32,4.06,2.48,21.86,17.41,25.81,20.24,3.65,22.28,25.84,18.60,16.87,18.02,10.53,19.82
13.82,15.69,19.96,20.96,24.47,17.49,22.76,7.45,8.61,33.81,9.05,17.58,24.56,35.49,9.99,9.75,3.10,19.43,1.22
4.46,7.83,11.18,6.38,10.58,11.87,15.13,11.36,16.97,19.91,9.05,9.49,12.24,21.27,7.11,5.83,11.80,5.20,13.72
9.75,16.29,17.77,6.15,10.64,20.04,21.35,18.03,26.94,10.31,15.51,17.16,3.36,12.17,13.88,13.76,21.11,8.61,22.85
4.59,15.64,18.64,9.16,14.75,19.68,22.58,11.60,22.99,16.67,9.20,17.20,6.77,18.82,7.94,8.47,16.03,10.31,17.50
7.49,14.86,16.83,5.58,10.82,18.75,20.57,15.79,24.90,12.57,13.26,15.94,4.32,14.43,11.62,11.50,18.89,7.66,20.62
12.63,4.95,4.24,7.42,5.90,7.22,7.83,18.88,18.63,20.79,16.85,4.39,16.80,21.12,15.01,13.44,16.80,5.07,18.77
5.22,17.22,20.77,12.59,18.15,21.19,24.73,8.87,22.16,20.12,6.87,19.02,10.01,22.40,6.36,7.61,14.58,13.30,15.73
12.92,8.61,12.50,16.78,18.80,9.67,14.96,11.68,5.88,30.93,11.50,10.22,23.14,32.10,10.99,9.56,5.30,14.60,6.71
7.85,15.06,16.94,5.59,10.73,18.93,20.65,16.16,25.21,12.20,13.63,16.10,4.11,14.06,11.99,11.86,19.24,7.75,20.97
4.11,12.58,15.28,5.79,11.35,16.61,19.19,12.58,21.58,16.02,10.03,13.99,7.33,17.79,8.29,8.05,15.42,6.77,17.15
7.96,4.24,7.68,7.31,9.55,8.29,11.60,13.49,15.38,21.66,11.51,5.88,15.16,22.64,9.71,8.09,11.91,5.01,13.90
6.97,18.48,22.38,15.36,20.81,22.28,26.28,6.74,21.27,23.28,5.50,20.42,13.16,25.59,5.97,7.66,13.40,15.72,14.19
12.17,17.02,17.83,6.47,9.57,20.51,21.13,20.59,28.59,8.23,18.05,17.58,5.11,9.75,16.35,16.06,23.21,9.06,25.03
10.06,9.80,14.15,15.61,18.66,12.05,17.20,8.04,8.40,29.20,7.85,11.76,20.71,30.64,7.52,6.28,2.86,13.81,4.83
14.41,8.53,6.73,6.97,2.85,10.31,9.28,21.54,22.21,18.39,19.33,7.72,16.12,18.37,17.41,16.01,20.14,5.63,22.12
8.30,3.75,7.83,8.86,11.01,7.69,11.62,12.78,13.80,23.19,11.01,5.71,16.40,24.20,9.34,7.62,10.54,6.59,12.53
9.87,3.71,5.85,6.84,7.72,7.39,9.81,15.81,16.66,21.11,13.80,4.58,15.64,21.82,11.98,10.38,13.97,4.26,15.96
15.07,13.64,17.59,20.79,23.47,14.66,19.93,10.59,4.66,34.46,11.54,15.31,25.84,35.89,11.89,11.07,3.62,18.87,3.18
9.10,5.69,7.34,4.87,6.47,9.30,11.20,15.93,18.31,19.16,13.73,6.42,13.79,19.93,11.82,10.39,14.97,2.29,16.96
13.79,7.84,6.32,6.65,3.21,9.80,9.13,20.83,21.52,18.63,18.64,7.13,15.93,18.71,16.72,15.30,19.39,5.09,21.37
5.41,13.67,16.09,5.72,11.28,17.65,19.95,13.77,23.01,14.64,11.23,14.95,5.92,16.48,9.56,9.43,16.85,7.22,18.56
11.93,8.99,13.10,16.39,18.78,10.52,15.79,10.37,6.56,30.38,10.22,10.76,22.33,31.65,9.78,8.41,4.16,14.33,5.76
11.52,2.19,6.40,11.75,12.67,4.80,9.59,14.55,11.64,26.13,13.22,4.02,19.78,26.94,11.82,10.05,10.52,9.26,12.38
8.66,14.27,15.77,4.19,9.06,18.01,19.39,17.14,25.19,11.75,14.59,15.13,5.23,13.33,12.84,12.49,19.65,6.59,21.45
2.68,14.57,18.00,9.93,15.43,18.58,21.96,9.18,20.77,19.02,6.75,16.31,9.22,21.09,5.48,6.13,13.64,10.48,15.07
4.07,8.20,11.58,6.48,10.84,12.25,15.53,11.09,17.10,19.84,8.75,9.88,12.01,21.24,6.81,5.59,11.76,5.45,13.66
9.03,11.61,16.02,15.85,19.51,14.23,19.28,5.60,10.14,28.82,5.67,13.65,19.84,30.44,5.74,4.96,2.62,14.38,4.32
14.83,8.77,6.76,7.35,2.97,10.40,9.14,21.95,22.45,18.52,19.75,7.87,16.45,18.44,17.83,16.42,20.49,6.05,22.47
3.83,15.82,19.43,11.73,17.21,19.78,23.38,8.13,20.87,20.30,5.91,17.64,10.31,22.48,5.12,6.25,13.40,12.22,14.64
2.06,9.97,13.56,7.84,12.65,13.96,17.50,9.40,17.31,20.20,6.95,11.76,11.59,21.83,5.00,4.13,11.17,7.28,12.95
2.35,14.35,17.93,10.42,15.84,18.33,21.88,8.30,20.03,19.89,5.86,16.16,10.11,21.94,4.61,5.36,12.81,10.77,14.21
15.26,8.08,5.64,8.29,4.23,9.35,7.88,22.05,21.72,19.78,19.93,6.96,17.52,19.68,18.04,16.55,20.17,6.69,22.14
13.67,4.61,2.93,8.76,6.82,6.17,6.50,19.54,18.22,21.99,17.61,3.53,18.14,22.23,15.81,14.19,16.98,6.41,18.91
5.15,16.86,20.67,13.50,18.94,20.73,24.59,6.94,20.66,21.95,5.08,18.76,11.88,24.17,4.92,6.43,12.94,13.86,13.97
16.06,4.36,1.22,12.64,10.74,2.68,3.62,20.47,15.95,26.04,18.92,2.30,21.91,26.23,17.33,15.59,16.50,10.15,18.28
6.86,14.00,16.04,4.97,10.38,17.91,19.81,15.26,24.05,13.26,12.72,15.11,5.19,15.03,11.02,10.81,18.14,6.91,19.89
2.04,11.36,14.58,6.95,12.24,15.41,18.53,10.53,19.36,18.34,7.98,12.99,9.55,20.07,6.14,5.74,13.09,7.09,14.81
14.14,3.84,1.70,9.94,8.18,4.82,5.56,19.48,17.18,23.33,17.68,2.33,19.26,23.59,15.95,14.27,16.43,7.50,18.33
10.76,16.73,17.97,6.35,10.36,20.39,21.45,19.08,27.73,9.34,16.55,17.49,3.72,11.13,14.91,14.74,22.04,8.90,23.80
9.17,8.99,13.38,14.51,17.59,11.50,16.56,8.10,9.24,28.14,7.56,10.99,19.74,29.55,6.97,5.57,3.86,12.72,5.86
5.15,16.48,19.54,10.04,15.63,20.52,23.48,11.56,23.47,16.91,9.25,18.07,6.87,19.15,8.15,8.85,16.35,11.22,17.75
8.22,7.96,12.38,13.13,16.22,10.81,15.73,8.50,10.29,26.84,7.54,10.02,18.60,28.21,6.60,5.00,5.22,11.33,7.21
11.37,3.06,4.34,7.87,7.70,6.21,8.29,17.03,16.63,21.90,15.11,3.30,16.94,22.45,13.32,11.69,14.67,5.29,16.64
15.19,4.13,5.86,14.69,14.44,2.36,7.61,17.56,11.05,28.90,16.51,4.21,23.20,29.47,15.26,13.50,12.44,12.10,14.04
10.25,11.12,15.48,16.45,19.74,13.38,18.54,7.06,8.60,29.78,7.24,13.09,21.02,31.31,7.23,6.27,1.71,14.78,3.69
10.94,1.86,4.72,8.71,9.10,5.61,8.63,15.99,15.20,22.95,14.19,2.95,17.44,23.61,12.48,10.79,13.30,6.12,15.25
14.45,2.89,1.57,11.32,10.00,3.00,5.18,19.01,15.51,25.02,17.40,0.82,20.49,25.35,15.78,14.04,15.35,8.78,17.19
11.10,3.65,4.78,7.26,7.17,6.83,8.70,17.03,17.13,21.27,15.05,3.90,16.36,21.83,13.23,11.63,14.94,4.68,16.92
17.68,7.55,3.33,12.06,8.42,6.83,3.75,23.34,20.11,23.95,21.51,5.64,21.45,23.76,19.75,18.09,20.16,10.01,22.02
1.66,13.23,16.60,8.73,14.16,17.25,20.56,9.51,20.06,18.75,6.99,14.94,9.28,20.69,5.41,5.64,13.23,9.13,14.78
9.43,2.59,6.71,9.19,10.72,6.57,10.47,13.83,13.73,23.57,12.12,4.56,17.16,24.46,10.48,8.75,11.15,6.76,13.12
6.34,6.14,9.31,6.08,9.39,10.18,13.26,12.78,16.59,20.24,10.59,7.68,13.33,21.38,8.70,7.24,12.26,4.22,14.24
16.96,15.49,19.32,22.82,25.46,16.22,21.45,11.84,4.51,36.46,13.08,17.08,27.75,37.91,13.61,12.92,5.35,20.90,4.25
14.01,4.71,2.65,9.08,6.99,6.02,6.15,19.81,18.25,22.23,17.91,3.47,18.48,22.44,16.12,14.48,17.16,6.75,19.09
3.94,15.63,18.89,10.10,15.67,19.66,22.85,10.23,22.12,18.09,7.88,17.30,8.14,20.25,6.75,7.48,14.96,10.97,16.36
11.94,5.27,5.07,6.56,5.47,7.90,8.70,18.43,18.88,20.07,16.34,5.01,15.94,20.47,14.47,12.94,16.67,4.21,18.65
10.73,9.94,14.23,16.13,19.06,11.97,17.17,8.50,7.73,29.81,8.44,11.85,21.36,31.21,8.16,6.95,2.69,14.28,4.58
4.05,15.81,19.10,10.36,15.93,19.84,23.06,10.11,22.16,18.26,7.79,17.50,8.28,20.44,6.71,7.49,14.94,11.21,16.31
13.47,3.29,2.24,9.54,8.18,4.86,6.17,18.79,16.80,23.14,16.99,2.10,18.80,23.48,15.26,13.57,15.83,7.05,17.74
4.76,7.87,11.02,5.74,9.99,11.92,14.98,11.94,17.49,19.35,9.60,9.44,11.87,20.68,7.65,6.43,12.43,4.60,14.35
16.32,4.88,0.82,12.45,10.22,3.47,3.23,21.01,16.75,25.62,19.40,2.79,21.78,25.75,17.77,16.03,17.19,10.02,18.99
10.29,1.78,6.06,9.80,10.92,5.70,9.74,14.44,13.40,24.17,12.81,3.82,17.96,24.99,11.22,9.47,11.36,7.30,13.30
11.55,17.21,18.28,6.73,10.36,20.81,21.68,19.87,28.41,8.58,17.35,17.89,4.03,10.34,15.70,15.51,22.79,9.31,24.56
4.69,10.74,13.29,4.30,9.70,14.74,17.19,13.12,20.58,16.43,10.59,12.06,8.66,17.94,8.70,8.05,14.99,4.84,16.82
10.43,10.10,14.43,16.03,19.06,12.24,17.43,8.10,8.07,29.62,8.04,12.04,21.10,31.06,7.79,6.61,2.52,14.23,4.47
2.64,10.21,13.43,6.46,11.52,14.25,17.39,10.78,18.61,18.70,8.28,11.83,10.30,20.31,6.36,5.63,12.67,6.24,14.46
9.99,2.22,5.77,8.58,9.62,6.24,9.64,14.92,14.71,22.93,13.12,3.82,16.99,23.71,11.42,9.71,12.37,6.05,14.34
13.68,5.76,4.07,7.94,5.53,7.47,7.28,20.01,19.42,20.80,17.98,4.82,17.36,20.98,16.13,14.57,17.86,5.79,19.82
4.36,16.25,19.62,11.01,16.58,20.26,23.57,9.78,22.21,18.73,7.53,17.97,8.69,20.95,6.60,7.53,14.88,11.83,16.19
11.71,16.34,17.17,5.79,9.02,19.83,20.49,20.17,27.96,8.85,17.62,16.90,5.37,10.29,15.89,15.55,22.65,8.38,24.47
11.94,10.64,14.83,17.31,20.09,12.31,17.57,9.12,6.59,31.04,9.34,12.47,22.60,32.43,9.23,8.11,2.42,15.41,3.97
2.57,12.83,16.81,11.42,16.43,16.63,20.68,5.95,17.07,22.46,3.40,14.80,12.94,24.37,1.69,2.42,9.78,11.07,11.20
3.63,13.87,16.81,7.52,13.10,17.92,20.74,11.66,21.89,16.58,9.14,15.39,7.17,18.54,7.59,7.72,15.29,8.50,16.89
5.15,7.28,10.52,6.04,10.00,11.32,14.47,11.97,16.97,19.85,9.69,8.88,12.48,21.12,7.76,6.43,12.10,4.65,14.04
3.79,10.15,13.03,5.20,10.37,14.18,16.97,12.06,19.46,17.62,9.55,11.61,9.62,19.15,7.64,6.89,13.79,5.20,15.62
12.37,5.39,4.83,6.85,5.38,7.81,8.37,18.84,19.05,20.19,16.76,4.96,16.25,20.53,14.89,13.36,16.99,4.56,18.97
7.68,4.45,8.57,8.96,11.45,8.33,12.36,12.05,13.67,23.20,10.27,6.44,16.13,24.29,8.60,6.88,10.01,6.81,12.01
15.93,4.36,0.84,12.33,10.36,3.03,3.67,20.49,16.25,25.68,18.91,2.28,21.62,25.86,17.29,15.55,16.64,9.86,18.44
12.76,11.81,15.95,18.45,21.29,13.34,18.61,9.10,6.13,32.08,9.65,13.61,23.49,33.51,9.77,8.81,1.95,16.58,2.99
2.37,11.50,14.62,6.68,12.02,15.55,18.58,10.88,19.71,17.95,8.33,13.09,9.19,19.68,6.51,6.13,13.47,6.94,15.20
11.12,16.17,17.16,5.65,9.28,19.73,20.56,19.55,27.57,9.28,17.01,16.81,4.88,10.82,15.30,14.99,22.15,8.24,23.96
6.93,15.52,17.76,6.80,12.16,19.47,21.56,14.96,24.87,13.24,12.46,16.73,4.03,15.27,10.94,11.02,18.54,8.69,20.19
13.96,5.95,4.04,8.11,5.50,7.52,7.14,20.29,19.60,20.85,18.26,4.94,17.53,20.99,16.41,14.85,18.11,6.00,20.06
10.07,1.95,5.92,9.16,10.27,5.99,9.71,14.62,14.06,23.53,12.91,3.81,17.43,24.33,11.25,9.52,11.84,6.65,13.79
0.88,12.37,15.81,8.47,13.79,16.39,19.77,9.26,19.25,19.20,6.71,14.11,9.92,21.06,4.99,4.98,12.54,8.63,14.15
3.81,14.57,17.58,8.30,13.88,18.62,21.52,11.41,22.20,16.77,8.94,16.13,7.12,18.82,7.51,7.83,15.42,9.31,16.96
15.62,8.50,5.94,8.49,4.16,9.68,7.99,22.47,22.13,19.68,20.33,7.34,17.66,19.52,18.43,16.96,20.61,6.99,22.58
12.72,1.78,3.00,9.89,9.31,4.19,6.86,17.55,15.36,23.87,15.84,1.29,18.91,24.35,14.17,12.45,14.35,7.31,16.25
6.45,5.58,9.50,8.22,11.30,9.53,13.36,11.43,14.51,22.30,9.48,7.49,14.96,23.49,7.72,6.06,10.20,6.31,12.18
12.10,12.51,16.76,18.38,21.55,14.34,19.59,7.78,7.35,31.72,8.50,14.39,22.89,33.25,8.82,8.05,0.60,16.66,2.00
10.46,16.95,18.34,6.71,10.94,20.67,21.87,18.69,27.69,9.60,16.17,17.78,3.07,11.51,14.57,14.48,21.84,9.21,23.58
12.48,17.26,18.01,6.71,9.66,20.72,21.28,20.89,28.88,7.93,18.35,17.79,5.24,9.44,16.66,16.37,23.52,9.29,25.33
9.83,15.85,17.22,5.59,9.98,19.55,20.77,18.19,26.74,10.32,15.66,16.66,4.01,12.06,13.99,13.78,21.05,8.09,22.82
11.83,10.22,14.40,17.01,19.72,11.89,17.15,9.34,6.62,30.80,9.45,12.04,22.44,32.17,9.25,8.06,2.80,15.08,4.40
13.14,10.27,14.25,17.85,20.22,11.45,16.73,10.71,5.27,31.82,10.89,11.95,23.66,33.10,10.68,9.45,3.84,15.80,5.01
10.66,15.22,16.20,4.69,8.44,18.77,19.61,19.15,26.76,10.05,16.60,15.84,5.58,11.45,14.84,14.44,21.48,7.28,23.32
10.85,13.34,17.72,17.94,21.59,15.64,20.81,5.66,9.46,30.78,6.59,15.33,21.63,32.45,7.19,6.76,1.55,16.47,2.43
3.30,15.09,18.43,9.97,15.51,19.11,22.39,9.73,21.47,18.51,7.34,16.79,8.63,20.63,6.14,6.83,14.32,10.68,15.74
9.97,13.10,14.00,2.55,6.60,16.59,17.43,18.47,25.00,11.88,15.93,13.66,7.45,12.98,14.07,13.43,20.13,5.13,22.02
11.62,0.56,4.48,9.99,10.27,4.52,8.19,16.02,14.10,24.25,14.38,2.27,18.63,24.90,12.77,11.02,12.75,7.41,14.66
17.89,5.96,3.09,14.67,12.51,2.72,2.59,21.82,15.80,27.93,20.42,4.09,23.95,28.04,18.91,17.15,17.31,12.19,18.99
15.12,13.19,12.04,6.17,2.53,15.52,14.45,23.28,26.65,13.26,20.83,12.79,13.03,13.08,18.89,17.85,23.39,6.96,25.38
5.11,12.75,15.17,5.06,10.64,16.73,19.04,13.59,22.28,15.09,11.04,14.02,6.73,16.82,9.29,9.00,16.31,6.36,18.06
6.61,14.59,16.78,5.85,11.27,18.53,20.58,14.87,24.23,13.44,12.35,15.77,4.76,15.34,10.72,10.65,18.09,7.71,19.79
9.89,16.27,17.71,6.08,10.50,20.01,21.27,18.18,27.01,10.19,15.66,17.12,3.49,12.02,14.02,13.88,21.21,8.56,22.96
10.56,4.43,5.59,6.36,6.60,7.72,9.46,16.85,17.72,20.42,14.79,4.80,15.48,21.02,12.93,11.39,15.15,3.79,17.14
13.87,11.29,15.22,18.85,21.27,12.33,17.61,10.80,4.63,32.75,11.22,12.94,24.48,34.07,11.18,10.06,3.68,16.82,4.45
5.63,17.63,21.19,12.96,18.52,21.60,25.15,8.98,22.45,20.23,7.06,19.44,10.12,22.54,6.64,7.94,14.83,13.70,15.94
5.28,14.22,16.74,6.47,12.02,18.23,20.62,13.46,23.20,14.80,10.94,15.56,5.69,16.74,9.35,9.36,16.86,7.93,18.52
12.21,17.34,18.20,6.79,9.98,20.85,21.52,20.59,28.80,8.06,18.05,17.92,4.77,9.68,16.38,16.14,23.34,9.38,25.14
17.19,5.19,3.26,14.51,12.79,1.61,3.71,20.83,14.72,28.07,19.49,3.53,23.68,28.28,18.03,16.26,16.21,11.98,17.88
12.55,1.71,3.16,9.77,9.27,4.31,7.03,17.40,15.34,23.78,15.68,1.44,18.77,24.27,14.01,12.29,14.24,7.18,16.15
10.83,11.31,15.63,16.94,20.14,13.41,18.61,7.44,8.06,30.33,7.74,13.25,21.60,31.84,7.79,6.84,1.33,15.22,3.31
11.41,14.28,18.65,18.73,22.47,16.55,21.73,5.46,9.76,31.41,6.74,16.27,22.14,33.12,7.58,7.35,2.16,17.32,2.17
2.38,10.46,14.41,9.79,14.45,14.31,18.28,7.50,16.03,22.00,5.12,12.41,13.06,23.70,3.18,2.16,9.44,9.06,11.15
9.93,2.46,5.74,8.23,9.26,6.44,9.65,15.06,15.08,22.57,13.22,3.92,16.71,23.34,11.49,9.81,12.67,5.69,14.64
11.70,7.81,11.91,15.55,17.73,9.37,14.62,11.02,7.14,29.67,10.61,9.57,21.87,30.86,9.96,8.46,5.25,13.41,6.92
1.72,13.64,17.12,9.48,14.90,17.64,21.07,8.90,19.94,19.32,6.39,15.40,9.70,21.30,4.92,5.36,12.92,9.83,14.42
6.32,13.80,15.97,5.14,10.63,17.73,19.77,14.72,23.62,13.78,12.17,14.97,5.48,15.57,10.48,10.28,17.64,6.91,19.37
10.67,15.49,16.51,4.98,8.77,19.05,19.93,19.14,26.93,9.89,16.59,16.13,5.26,11.36,14.85,14.49,21.58,7.56,23.40
16.68,8.23,4.89,10.06,5.90,8.67,6.35,23.10,21.58,21.38,21.07,6.72,19.33,21.16,19.22,17.66,20.70,8.34,22.64
7.99,15.53,17.45,6.10,11.21,19.41,21.17,16.20,25.54,12.07,13.68,16.59,3.64,14.00,12.09,12.04,19.47,8.26,21.17
2.23,12.56,15.71,7.42,12.87,16.60,19.66,10.63,20.32,17.82,8.08,14.17,8.67,19.67,6.37,6.30,13.81,7.91,15.46
2.76,13.84,17.00,8.35,13.89,17.88,20.96,10.54,21.16,17.67,8.03,15.46,8.13,19.66,6.52,6.79,14.37,9.07,15.93
12.01,12.31,16.57,18.22,21.37,14.15,19.40,7.84,7.32,31.60,8.50,14.20,22.80,33.12,8.77,7.97,0.67,16.49,2.19
15.03,3.15,3.91,13.42,12.69,0.98,6.05,18.34,12.97,27.45,17.05,2.43,22.26,27.90,15.63,13.86,13.79,10.83,15.50
10.56,17.08,18.46,6.83,11.03,20.80,21.99,18.78,27.81,9.49,16.26,17.91,3.00,11.42,14.67,14.58,21.96,9.33,23.69
12.91,9.42,13.38,17.24,19.46,10.58,15.87,11.08,5.59,31.30,11.07,11.08,23.30,32.53,10.71,9.37,4.48,15.13,5.81
8.30,12.84,14.29,2.74,7.89,16.55,17.92,16.81,24.06,12.76,14.27,13.66,6.70,14.14,12.44,11.90,18.81,5.11,20.66
5.77,6.42,10.45,8.74,12.14,10.30,14.28,10.43,14.27,22.58,8.48,8.38,14.88,23.88,6.73,5.06,9.47,7.02,11.44
15.31,3.42,1.95,12.50,11.11,1.91,4.62,19.45,14.93,26.20,17.96,1.52,21.64,26.51,16.41,14.65,15.38,9.96,17.16
12.91,14.24,18.51,19.73,23.11,16.08,21.34,7.35,7.98,32.78,8.59,16.14,23.70,34.41,9.27,8.82,1.68,18.12,0.36
12.25,9.22,8.75,4.12,2.01,11.91,11.84,19.94,22.59,16.13,17.59,9.05,13.21,16.43,15.64,14.42,19.48,3.42,21.47
10.94,12.76,17.12,17.73,21.23,14.97,20.16,6.28,8.87,30.77,7.02,14.74,21.75,32.39,7.45,6.85,0.92,16.18,2.38
5.98,7.40,10.12,4.71,8.66,11.39,14.07,13.27,18.08,18.74,10.94,8.75,11.87,19.92,9.00,7.75,13.45,3.28,15.40
5.21,7.09,11.14,8.96,12.61,10.94,14.97,9.79,14.34,22.61,7.81,9.06,14.66,23.97,6.05,4.38,9.18,7.40,11.13
11.56,9.10,13.27,16.21,18.73,10.78,16.03,9.93,6.89,30.14,9.77,10.91,22.01,31.44,9.34,7.99,3.84,14.20,5.52
18.30,6.42,3.19,14.82,12.45,3.29,2.02,22.35,16.35,27.92,20.93,4.49,24.15,27.97,19.40,17.64,17.89,12.38,19.57
15.11,17.76,17.68,7.67,8.43,20.81,20.52,23.62,30.29,7.19,21.07,17.91,8.50,7.72,19.28,18.78,25.58,9.99,27.47
8.82,3.20,7.26,8.90,10.75,7.17,11.05,13.33,13.86,23.27,11.58,5.14,16.68,24.22,9.91,8.19,10.91,6.54,12.90
12.38,10.28,9.85,3.76,1.83,13.03,12.87,20.31,23.55,15.02,17.91,10.16,12.44,15.32,15.96,14.82,20.19,3.82,22.18
11.03,19.09,20.78,9.19,13.63,22.92,24.39,18.70,29.01,9.69,16.29,20.07,0.52,12.03,14.90,15.12,22.67,11.59,24.29
3.96,15.77,19.53,12.35,17.77,19.68,23.46,7.17,20.18,21.27,4.99,17.65,11.28,23.43,4.38,5.68,12.61,12.66,13.80
11.90,12.86,17.16,18.42,21.72,14.81,20.05,7.25,7.87,31.63,8.07,14.78,22.70,33.20,8.49,7.82,0.28,16.77,1.72
7.46,12.11,13.78,2.54,8.03,15.88,17.49,15.96,23.13,13.70,13.42,13.02,7.20,15.09,11.57,10.98,17.86,4.59,19.71
10.29,13.95,14.85,3.40,7.23,17.45,18.26,18.81,25.74,11.10,16.26,14.52,6.76,12.29,14.44,13.89,20.72,5.99,22.60
11.78,2.02,3.84,8.91,8.72,5.19,7.78,16.92,15.68,22.99,15.13,2.33,17.88,23.55,13.41,11.72,14.12,6.32,16.06
7.45,13.30,15.07,3.77,9.11,17.12,18.78,15.96,23.95,13.02,13.41,14.28,5.93,14.60,11.63,11.24,18.36,5.88,20.17
3.00,14.65,18.45,11.71,17.04,18.54,22.37,6.81,19.20,21.40,4.43,16.55,11.56,23.47,3.46,4.61,11.74,11.84,13.02
9.09,6.24,7.71,4.31,6.06,9.81,11.53,16.15,18.86,18.59,13.91,6.91,13.33,19.36,11.98,10.61,15.40,1.73,17.40
4.52,9.16,11.98,4.80,9.66,13.18,15.92,12.47,18.95,17.94,10.01,10.58,10.37,19.34,8.07,7.12,13.63,4.36,15.52
2.87,14.81,18.48,11.21,16.62,18.75,22.42,7.68,19.91,20.55,5.30,16.65,10.69,22.64,4.26,5.25,12.54,11.51,13.85
13.68,2.18,2.25,10.81,9.86,3.30,5.96,18.27,15.22,24.67,16.64,0.41,19.89,25.08,15.01,13.27,14.74,8.25,16.60
14.59,11.56,15.38,19.41,21.69,12.36,17.62,11.49,3.88,33.38,11.95,13.13,25.17,34.67,11.92,10.80,4.33,17.34,4.89
11.99,10.19,14.35,17.10,19.76,11.80,17.06,9.52,6.45,30.91,9.64,12.00,22.59,32.27,9.43,8.24,2.94,15.15,4.48
10.18,17.28,18.82,7.21,11.65,21.05,22.41,18.28,27.70,9.92,15.79,18.18,2.33,11.96,14.24,14.24,21.68,9.65,23.38
7.54,16.36,18.57,7.51,12.77,20.32,22.36,15.37,25.61,12.83,12.91,17.57,3.29,14.95,11.45,11.63,19.18,9.48,20.80
8.53,3.72,7.97,9.51,11.62,7.52,11.68,12.54,13.15,23.82,10.87,5.76,16.93,24.85,9.27,7.52,10.00,7.24,11.98
9.35,8.90,13.28,14.58,17.61,11.35,16.44,8.29,9.06,28.25,7.77,10.89,19.89,29.65,7.17,5.77,3.88,12.76,5.86
13.18,18.58,19.39,8.03,11.00,22.08,22.67,21.46,30.00,6.94,18.94,19.15,4.65,8.74,17.32,17.15,24.43,10.62,26.21
13.52,16.30,16.46,6.05,7.52,19.47,19.48,22.04,28.68,8.52,19.49,16.55,7.80,9.29,17.68,17.15,23.92,8.44,25.81
14.04,17.14,17.31,6.85,8.31,20.32,20.31,22.54,29.46,7.66,19.99,17.40,7.58,8.50,18.21,17.74,24.60,9.27,26.48
10.54,15.59,16.68,5.11,9.02,19.19,20.12,18.99,26.94,9.91,16.44,16.27,4.99,11.44,14.72,14.39,21.52,7.69,23.33
3.52,15.38,18.75,10.31,15.86,19.40,22.71,9.60,21.57,18.69,7.25,17.10,8.76,20.83,6.13,6.90,14.35,11.04,15.73
17.06,10.16,7.25,9.42,4.32,11.04,8.65,24.08,23.73,19.38,21.91,8.89,18.26,18.99,20.00,18.56,22.31,8.27,24.28
7.08,17.29,19.88,9.30,14.72,21.31,23.75,14.13,25.47,14.35,11.78,18.67,4.28,16.63,10.55,11.05,18.62,11.00,20.11
2.85,13.83,17.75,11.81,16.97,17.65,21.64,5.98,17.96,22.23,3.48,15.77,12.52,24.22,2.25,3.40,10.53,11.67,11.85
1.62,13.43,16.86,9.13,14.56,17.44,20.82,9.16,19.97,19.07,6.64,15.17,9.52,21.04,5.12,5.45,13.03,9.50,14.56
2.96,9.15,12.95,8.48,12.94,13.08,16.86,8.99,16.09,21.29,6.68,11.03,12.81,22.85,4.74,3.49,10.09,7.55,11.92
2.11,14.11,17.70,10.28,15.69,18.09,21.65,8.26,19.83,19.93,5.79,15.92,10.19,21.96,4.48,5.17,12.65,10.59,14.06
13.60,8.97,7.74,5.77,1.83,11.17,10.51,21.02,22.59,17.21,18.74,8.43,14.83,17.30,16.80,15.47,20.05,4.72,22.04
15.68,7.81,4.99,9.00,5.05,8.75,7.06,22.25,21.35,20.59,20.18,6.51,18.28,20.48,18.31,16.78,20.10,7.27,22.06
15.66,9.95,7.76,7.74,2.61,11.46,9.81,22.97,23.64,17.93,20.72,9.00,16.53,17.70,18.79,17.42,21.65,6.80,23.64
14.30,19.34,19.95,8.80,11.26,22.76,23.12,22.59,30.98,5.87,20.07,19.83,5.55,7.61,18.44,18.26,25.51,11.37,27.30
12.19,4.09,4.02,7.66,6.69,6.63,7.83,18.18,17.76,21.34,16.20,3.73,16.95,21.75,14.38,12.78,15.94,5.19,17.91
4.59,13.43,16.06,6.17,11.75,17.45,19.95,12.92,22.36,15.46,10.38,14.81,6.53,17.32,8.72,8.63,16.08,7.40,17.77
11.81,1.63,3.86,9.23,9.11,4.91,7.76,16.77,15.30,23.35,15.01,2.13,18.13,23.92,13.32,11.61,13.83,6.64,15.76
3.54,14.77,17.91,8.92,14.50,18.82,21.86,10.80,21.95,17.40,8.35,16.39,7.64,19.48,6.99,7.45,15.02,9.82,16.52
1.97,12.59,15.81,7.68,13.12,16.63,19.76,10.34,20.16,18.08,7.79,14.23,8.88,19.95,6.10,6.05,13.59,8.12,15.22
15.29,9.48,7.38,7.51,2.65,11.06,9.57,22.53,23.17,18.11,20.30,8.56,16.44,17.95,18.37,16.99,21.17,6.44,23.16
12.77,11.02,15.11,18.04,20.69,12.43,17.71,9.73,5.78,31.82,10.08,12.78,23.42,33.19,10.03,8.93,2.73,16.09,3.92
3.48,13.70,16.65,7.46,13.03,17.75,20.59,11.56,21.72,16.70,9.04,15.23,7.33,18.64,7.46,7.57,15.13,8.39,16.74
12.97,6.43,5.35,6.69,4.42,8.61,8.58,19.70,20.10,19.53,17.57,5.84,16.10,19.76,15.68,14.20,18.03,4.67,20.01
15.94,9.04,6.44,8.57,3.94,10.19,8.34,22.88,22.67,19.38,20.73,7.88,17.64,19.17,18.82,17.37,21.12,7.22,23.09
16.26,5.42,1.08,11.70,9.09,4.71,3.53,21.42,17.90,24.56,19.70,3.43,21.10,24.61,18.00,16.30,17.97,9.38,19.82
13.93,19.17,19.87,8.62,11.28,22.62,23.08,22.21,30.71,6.19,19.70,19.69,5.16,7.98,18.07,17.91,25.18,11.21,26.96
20.77,9.10,5.19,16.41,13.16,6.09,1.24,25.14,18.79,28.69,23.66,7.07,25.82,28.47,22.09,20.34,20.70,14.13,22.36
5.14,13.32,15.78,5.57,11.15,17.31,19.65,13.55,22.65,14.94,11.00,14.62,6.29,16.74,9.31,9.13,16.52,6.96,18.24
7.95,4.23,7.70,7.37,9.62,8.28,11.62,13.44,15.31,21.72,11.46,5.88,15.19,22.71,9.67,8.04,11.83,5.08,13.83
12.22,18.33,19.42,7.87,11.42,21.95,22.82,20.41,29.37,7.83,17.91,19.03,3.49,9.80,16.33,16.24,23.60,10.45,25.35
6.20,13.28,15.43,4.67,10.19,17.20,19.24,14.67,23.25,14.00,12.12,14.43,5.96,15.72,10.38,10.10,17.38,6.38,19.14
10.06,16.13,17.48,5.85,10.15,19.83,21.01,18.40,27.02,10.06,15.87,16.93,3.83,11.83,14.21,14.02,21.31,8.36,23.08
5.19,16.04,18.94,9.15,14.72,20.08,22.87,12.21,23.60,16.10,9.83,17.56,6.15,18.29,8.58,9.10,16.67,10.45,18.14
12.09,10.11,14.25,17.12,19.74,11.68,16.94,9.69,6.33,30.96,9.79,11.91,22.67,32.31,9.57,8.36,3.09,15.15,4.60
0.61,11.82,15.53,9.35,14.44,15.77,19.46,8.01,17.85,20.64,5.47,13.67,11.41,22.47,3.63,3.49,11.05,9.12,12.66
16.16,7.48,4.20,9.86,6.08,7.99,6.03,22.44,20.84,21.63,20.45,5.98,19.20,21.50,18.61,17.03,19.96,7.99,21.89
11.31,9.67,13.89,16.37,19.09,11.48,16.72,9.25,7.11,30.18,9.19,11.53,21.88,31.53,8.88,7.61,3.12,14.44,4.87
11.84,10.23,14.41,17.03,19.74,11.90,17.16,9.33,6.61,30.81,9.45,12.06,22.45,32.18,9.25,8.07,2.79,15.09,4.38
11.15,3.45,4.67,7.44,7.36,6.64,8.60,16.99,16.95,21.48,15.03,3.72,16.53,22.04,13.22,11.60,14.82,4.87,16.79
8.82,3.30,7.49,9.30,11.21,7.17,11.23,13.04,13.42,23.65,11.35,5.31,16.95,24.63,9.72,7.98,10.48,6.97,12.46
15.99,5.37,1.23,11.29,8.66,4.99,3.93,21.28,18.09,24.13,19.52,3.46,20.69,24.19,17.80,16.11,17.97,8.98,19.83
9.53,17.83,19.72,8.25,13.07,21.71,23.41,17.29,27.53,10.97,14.85,18.89,1.38,13.20,13.43,13.63,21.17,10.52,22.80
12.87,9.89,13.89,17.48,19.83,11.13,16.41,10.68,5.56,31.46,10.77,11.59,23.35,32.74,10.50,9.23,3.96,15.42,5.25
12.30,16.98,17.73,6.43,9.41,20.44,21.01,20.73,28.63,8.18,18.19,17.51,5.34,9.65,16.48,16.17,23.30,9.01,25.12
9.33,6.59,10.97,13.09,15.63,9.19,14.19,10.17,9.70,27.13,9.21,8.59,19.33,28.36,8.18,6.51,6.10,11.05,8.05
12.90,6.37,5.34,6.66,4.47,8.58,8.59,19.62,20.04,19.54,17.49,5.80,16.08,19.79,15.60,14.12,17.95,4.62,19.93
9.78,15.72,17.09,5.46,9.86,19.43,20.63,18.16,26.64,10.39,15.63,16.53,4.14,12.11,13.95,13.72,20.98,7.96,22.76
12.50,19.52,20.81,9.19,12.98,23.22,24.27,20.42,30.12,7.82,17.96,20.32,2.44,10.10,16.49,16.58,24.06,11.73,25.74
4.24,14.23,17.05,7.40,12.99,18.27,20.97,12.22,22.47,16.00,9.71,15.70,6.56,17.98,8.18,8.33,15.89,8.56,17.50
10.49,13.05,17.43,17.55,21.22,15.41,20.56,5.53,9.61,30.41,6.33,15.05,21.27,32.07,6.86,6.40,1.66,16.09,2.78
13.39,18.88,19.70,8.34,11.27,22.38,22.96,21.65,30.28,6.69,19.14,19.46,4.63,8.55,17.52,17.38,24.68,10.93,26.45
9.37,15.76,17.27,5.66,10.27,19.51,20.86,17.70,26.45,10.72,15.17,16.64,3.79,12.52,13.52,13.35,20.66,8.10,22.42
6.52,14.42,16.61,5.71,11.15,18.36,20.41,14.81,24.08,13.53,12.28,15.60,4.91,15.40,10.64,10.55,17.97,7.55,19.68
1.08,11.24,14.71,7.93,13.07,15.26,18.67,9.43,18.46,19.46,6.89,12.99,10.51,21.20,5.03,4.61,12.02,7.80,13.72
8.07,14.30,16.00,4.53,9.63,18.11,19.67,16.52,24.90,12.17,13.97,15.25,4.97,13.84,12.25,11.97,19.20,6.80,20.98
8.65,3.69,7.98,9.71,11.79,7.43,11.66,12.52,12.95,24.02,10.89,5.75,17.12,25.05,9.31,7.55,9.87,7.44,11.85
11.63,15.41,16.08,4.88,7.85,18.82,19.36,20.14,27.31,9.53,17.59,15.89,6.41,10.72,15.81,15.34,22.26,7.44,24.12
2.37,11.17,15.16,10.42,15.18,14.98,19.03,6.82,16.14,22.32,4.39,13.14,13.18,24.08,2.44,1.74,9.28,9.79,10.90
11.78,4.69,4.76,6.88,6.05,7.41,8.50,18.07,18.29,20.56,16.03,4.50,16.20,20.99,14.17,12.62,16.16,4.44,18.13
10.53,16.24,17.46,5.85,9.90,19.89,20.94,18.90,27.33,9.65,16.37,16.99,4.13,11.36,14.69,14.47,21.72,8.40,23.50
6.88,6.56,9.15,4.84,8.15,10.51,13.09,13.88,17.79,19.11,11.61,7.82,12.64,20.17,9.68,8.33,13.58,2.91,15.55
9.94,16.13,17.52,5.89,10.25,19.84,21.07,18.27,26.96,10.16,15.74,16.95,3.73,11.95,14.09,13.92,21.22,8.38,22.98
13.50,7.26,5.86,6.70,3.72,9.27,8.82,20.41,20.94,19.04,18.25,6.57,16.06,19.18,16.34,14.89,18.86,4.94,20.84
3.21,14.86,18.14,9.57,15.12,18.89,22.10,10.00,21.49,18.21,7.58,16.54,8.38,20.30,6.30,6.89,14.43,10.32,15.88
1.32,12.83,16.60,10.27,15.45,16.75,20.52,7.34,18.19,21.01,4.79,14.71,11.50,22.92,3.15,3.55,11.10,10.17,12.59
5.20,7.08,10.43,6.36,10.22,11.13,14.38,11.79,16.63,20.19,9.54,8.73,12.79,21.47,7.62,6.24,11.78,4.90,13.73
0.38,11.67,15.31,8.93,14.04,15.64,19.25,8.44,18.06,20.26,5.90,13.49,11.09,22.07,4.06,3.83,11.36,8.74,13.00
3.42,15.40,19.03,11.45,16.92,19.36,22.98,8.00,20.52,20.33,5.71,17.23,10.38,22.46,4.81,5.88,13.10,11.88,14.38
15.70,6.37,3.03,10.03,6.85,6.81,5.35,21.66,19.64,22.38,19.73,4.79,19.44,22.36,17.93,16.31,18.93,7.94,20.84
17.70,9.56,6.10,10.62,5.90,9.86,7.00,24.31,22.87,21.11,22.25,8.03,19.71,20.73,20.37,18.85,22.02,9.15,23.96
2.88,10.36,14.39,10.21,14.77,14.15,18.23,7.17,15.53,22.53,4.86,12.33,13.59,24.22,2.95,1.71,8.91,9.37,10.61
17.22,6.92,2.68,11.87,8.51,6.23,3.59,22.76,19.49,24.06,20.95,5.00,21.28,23.95,19.21,17.54,19.52,9.74,21.38
12.31,11.71,15.90,18.11,21.04,13.38,18.64,8.67,6.60,31.68,9.18,13.55,23.05,33.14,9.29,8.35,1.58,16.28,2.90
9.40,4.04,6.34,6.53,7.76,7.81,10.29,15.45,16.72,20.85,13.41,5.03,15.23,21.62,11.57,10.00,13.80,3.97,15.79
4.84,16.63,19.91,10.99,16.57,20.66,23.87,10.37,22.81,18.24,8.14,18.31,8.17,20.49,7.22,8.13,15.50,11.94,16.81
14.23,10.64,14.44,18.70,20.85,11.42,16.69,11.72,4.19,32.76,11.98,12.20,24.71,34.00,11.80,10.57,4.69,16.58,5.55
16.73,4.99,1.64,13.23,11.13,2.80,3.00,21.08,16.15,26.51,19.56,2.96,22.53,26.65,17.98,16.23,16.98,10.76,18.73
13.55,5.85,4.28,7.72,5.34,7.65,7.50,19.95,19.53,20.59,17.90,4.98,17.14,20.78,16.04,14.49,17.87,5.59,19.83
11.06,10.09,14.36,16.45,19.32,12.02,17.25,8.68,7.41,30.14,8.69,11.98,21.70,31.54,8.46,7.27,2.59,14.58,4.41
9.45,3.95,6.27,6.61,7.81,7.72,10.22,15.46,16.66,20.93,13.43,4.94,15.31,21.69,11.60,10.02,13.78,4.05,15.77
3.13,14.54,18.40,11.97,17.24,18.40,22.31,6.34,18.78,21.86,3.95,16.46,12.03,23.91,3.01,4.25,11.29,12.00,12.55
8.98,15.95,17.62,6.07,10.87,19.76,21.26,17.23,26.33,11.07,14.71,16.90,3.35,12.97,13.10,13.01,20.39,8.42,22.12
6.04,6.33,9.59,6.24,9.68,10.37,13.54,12.46,16.49,20.32,10.26,7.92,13.26,21.50,8.37,6.92,12.03,4.47,14.00
13.94,17.45,17.72,7.06,8.80,20.68,20.76,22.43,29.63,7.35,19.88,17.76,7.11,8.35,18.12,17.70,24.65,9.53,26.51
3.70,15.27,18.50,9.68,15.25,19.31,22.46,10.36,21.99,17.89,7.97,16.93,8.00,20.02,6.75,7.38,14.90,10.54,16.34
13.57,2.97,2.05,9.91,8.64,4.41,6.01,18.69,16.39,23.58,16.94,1.64,19.14,23.93,15.23,13.53,15.57,7.40,17.47
14.43,12.98,16.97,20.07,22.76,14.10,19.38,10.25,4.88,33.76,11.06,14.67,25.18,35.18,11.33,10.45,3.14,18.15,3.10
12.07,4.20,4.19,7.49,6.56,6.80,7.99,18.12,17.86,21.17,16.13,3.89,16.78,21.59,14.31,12.72,15.96,5.01,17.93
8.18,17.31,19.52,8.40,13.58,21.27,23.31,15.74,26.39,12.56,13.33,18.52,2.65,14.80,11.97,12.26,19.84,10.42,21.41
12.80,14.54,18.83,19.78,23.26,16.45,21.70,6.98,8.43,32.73,8.31,16.45,23.57,34.38,9.08,8.71,1.92,18.23,0.62
5.22,16.55,19.60,10.08,15.66,20.59,23.54,11.60,23.53,16.88,9.30,18.13,6.83,19.12,8.21,8.91,16.41,11.27,17.81
1.28,12.78,16.18,8.54,13.92,16.81,20.14,9.43,19.68,18.92,6.88,14.51,9.56,20.82,5.23,5.34,12.91,8.83,14.50
4.38,13.79,16.51,6.74,12.33,17.82,20.42,12.58,22.40,15.71,10.05,15.21,6.53,17.63,8.44,8.46,15.98,7.93,17.63
13.77,5.92,4.18,7.91,5.40,7.61,7.33,20.14,19.59,20.70,18.10,4.98,17.33,20.86,16.24,14.69,18.01,5.79,19.97
7.42,16.61,18.91,7.95,13.26,20.58,22.73,15.08,25.61,13.15,12.65,17.86,3.39,15.32,11.25,11.50,19.07,9.86,20.66
9.85,3.12,5.77,7.45,8.42,6.95,9.72,15.44,15.95,21.76,13.51,4.24,16.10,22.50,11.72,10.08,13.37,4.89,15.35
6.01,17.41,20.45,10.78,16.35,21.45,24.39,11.96,24.24,16.83,9.74,18.99,6.71,19.14,8.77,9.59,17.03,12.06,18.38
9.54,12.88,13.91,2.34,6.78,16.42,17.39,18.04,24.65,12.20,15.50,13.50,7.37,13.35,13.64,13.00,19.72,4.93,21.61
15.08,7.96,11.11,17.54,18.67,7.75,12.93,14.65,5.78,31.90,14.34,9.08,24.78,32.84,13.66,12.10,8.22,15.14,9.42
3.92,13.90,16.76,7.28,12.87,17.94,20.68,11.99,22.11,16.25,9.47,15.38,6.90,18.21,7.90,8.01,15.56,8.35,17.18
10.08,2.07,5.72,8.75,9.77,6.10,9.57,14.91,14.56,23.10,13.14,3.73,17.15,23.88,11.45,9.74,12.29,6.22,14.25
11.38,1.89,4.25,8.80,8.89,5.37,8.18,16.49,15.46,22.96,14.69,2.60,17.67,23.57,12.97,11.28,13.74,6.21,15.68
0.81,12.09,15.53,8.31,13.59,16.10,19.49,9.30,19.06,19.24,6.75,13.83,10.04,21.07,4.99,4.88,12.41,8.40,14.05
10.52,16.30,17.53,5.92,9.99,19.96,21.02,18.88,27.36,9.64,16.35,17.05,4.04,11.37,14.68,14.46,21.72,8.47,23.50
14.60,2.70,3.80,12.99,12.36,1.39,6.24,18.03,13.06,27.05,16.69,2.10,21.81,27.53,15.25,13.48,13.60,10.40,15.34
6.05,14.65,17.01,6.36,11.85,18.63,20.85,14.21,23.90,14.04,11.69,15.91,5.00,15.99,10.11,10.12,17.61,8.05,19.28
12.18,6.12,5.63,6.14,4.62,8.65,9.07,18.94,19.72,19.35,16.79,5.79,15.55,19.70,14.90,13.42,17.40,3.98,19.38
8.91,16.03,17.74,6.21,11.04,19.85,21.39,17.13,26.33,11.14,14.62,17.00,3.23,13.07,13.02,12.95,20.35,8.54,22.07
13.59,20.10,21.16,9.64,12.96,23.71,24.52,21.59,31.03,6.62,19.12,20.80,3.62,8.89,17.63,17.66,25.10,12.22,26.81
8.90,16.09,17.81,6.29,11.13,19.91,21.47,17.10,26.36,11.16,14.59,17.07,3.15,13.10,13.00,12.94,20.36,8.61,22.07
10.87,2.18,4.75,8.39,8.77,5.85,8.69,16.09,15.53,22.62,14.26,3.12,17.19,23.27,12.52,10.84,13.54,5.81,15.49
10.03,11.13,15.50,16.30,19.65,13.45,18.59,6.86,8.84,29.59,7.00,13.11,20.81,31.13,6.99,6.03,1.84,14.66,3.81
4.38,7.88,11.25,6.43,10.66,11.93,15.21,11.28,16.95,19.94,8.96,9.56,12.23,21.30,7.02,5.75,11.75,5.28,13.66
16.55,8.87,5.84,9.48,4.96,9.62,7.41,23.27,22.37,20.38,21.17,7.52,18.62,20.12,19.28,17.78,21.18,7.97,23.14
3.42,11.93,14.78,5.94,11.42,15.97,18.71,11.94,20.72,16.82,9.39,13.40,8.18,18.55,7.59,7.26,14.59,6.58,16.33
3.02,14.94,18.38,10.26,15.77,18.95,22.34,9.15,21.00,19.08,6.76,16.69,9.21,21.18,5.58,6.33,13.80,10.85,15.19
14.29,3.74,1.44,10.22,8.48,4.52,5.35,19.51,16.97,23.64,17.74,2.11,19.53,23.90,16.03,14.34,16.35,7.77,18.24
13.07,16.10,16.38,5.75,7.59,19.33,19.47,21.59,28.36,8.70,19.04,16.40,7.41,9.60,17.23,16.72,23.53,8.19,25.41
13.78,9.64,13.43,17.87,19.89,10.44,15.72,11.91,4.82,32.00,11.95,11.18,24.12,33.19,11.61,10.27,5.13,15.70,6.25
4.91,11.94,14.39,4.61,10.18,15.92,18.27,13.43,21.63,15.56,10.88,13.22,7.48,17.20,9.06,8.63,15.81,5.68,17.59
12.60,5.98,5.18,6.64,4.81,8.31,8.57,19.24,19.63,19.74,17.12,5.49,16.05,20.04,15.24,13.74,17.52,4.48,19.50
6.10,6.80,9.72,5.34,8.98,10.82,13.68,13.02,17.38,19.44,10.75,8.24,12.55,20.60,8.82,7.48,12.89,3.67,14.85
5.20,9.35,11.89,3.95,8.94,13.33,15.80,13.29,19.64,17.20,10.82,10.65,9.94,18.55,8.88,7.96,14.46,3.75,16.35
13.17,9.76,13.70,17.59,19.82,10.86,16.14,11.11,5.29,31.63,11.18,11.41,23.60,32.87,10.88,9.58,4.38,15.48,5.61
11.19,17.83,19.16,7.53,11.56,21.53,22.66,19.33,28.55,8.88,16.83,18.64,2.68,10.91,15.27,15.23,22.64,10.06,24.36
3.67,15.09,18.27,9.33,14.91,19.13,22.22,10.62,22.03,17.61,8.20,16.72,7.76,19.72,6.92,7.47,15.02,10.23,16.48
2.76,12.55,15.57,6.94,12.43,16.59,19.52,11.18,20.68,17.30,8.64,14.10,8.25,19.13,6.92,6.79,14.27,7.56,15.94
16.64,5.35,1.03,12.47,10.00,3.99,2.94,21.47,17.29,25.46,19.83,3.28,21.85,25.53,18.18,16.46,17.73,10.09,19.54
4.89,14.69,17.39,7.39,12.97,18.72,21.29,12.80,23.11,15.39,10.31,16.11,5.91,17.41,8.81,8.98,16.55,8.74,18.15
13.25,8.21,7.08,5.82,2.57,10.45,9.99,20.51,21.84,17.82,18.27,7.69,15.06,17.96,16.34,14.97,19.38,4.44,21.37
10.06,11.92,16.31,16.72,20.24,14.30,19.43,6.16,9.24,29.81,6.53,13.92,20.86,31.41,6.74,5.99,1.60,15.17,3.37
12.45,10.16,14.25,17.37,19.90,11.59,16.87,10.04,5.96,31.26,10.17,11.91,23.01,32.58,9.95,8.73,3.33,15.37,4.72
8.10,15.37,17.21,5.82,10.89,19.22,20.92,16.37,25.52,11.95,13.85,16.40,3.81,13.83,12.23,12.13,19.53,8.02,21.25
14.15,8.04,6.32,6.96,3.22,9.86,8.99,21.19,21.73,18.72,19.00,7.25,16.20,18.75,17.09,15.66,19.70,5.45,21.68
16.70,6.85,2.91,11.11,7.71,6.63,4.40,22.47,19.76,23.26,20.60,5.05,20.52,23.16,18.82,17.18,19.47,9.03,21.35
4.51,16.28,20.06,12.87,18.31,20.17,23.99,7.06,20.41,21.56,5.02,18.17,11.52,23.75,4.62,6.03,12.77,13.21,13.89
14.29,6.56,4.47,8.08,5.06,8.04,7.32,20.77,20.21,20.50,18.71,5.51,17.48,20.58,16.84,15.31,18.69,6.11,20.65
8.25,5.77,7.91,4.92,7.21,9.57,11.83,15.06,17.90,19.29,12.85,6.77,13.46,20.18,10.94,9.52,14.26,2.49,16.25
10.87,15.61,16.59,5.09,8.76,19.16,19.99,19.34,27.11,9.71,16.79,16.24,5.31,11.16,15.05,14.69,21.78,7.68,23.60
2.40,13.07,16.23,7.76,13.26,17.12,20.18,10.59,20.67,17.73,8.06,14.69,8.41,19.63,6.43,6.49,14.04,8.36,15.66
7.12,5.50,8.54,6.09,8.94,9.52,12.50,13.42,16.54,20.39,11.28,6.96,13.80,21.43,9.40,7.91,12.57,3.97,14.56
2.33,11.30,14.45,6.66,11.97,15.35,18.40,10.82,19.52,18.09,8.28,12.90,9.38,19.81,6.43,6.01,13.32,6.85,15.05
6.90,5.98,10.27,10.11,13.13,9.59,13.96,10.25,12.76,24.07,8.59,8.04,16.37,25.33,7.05,5.28,8.32,8.22,10.31
11.79,16.72,17.60,6.18,9.48,20.24,20.94,20.20,28.23,8.60,17.66,17.31,4.98,10.14,15.96,15.67,22.83,8.77,24.64
12.43,5.37,4.76,6.93,5.42,7.75,8.29,18.87,19.03,20.25,16.80,4.91,16.32,20.59,14.93,13.40,17.00,4.63,18.97
8.87,15.73,17.40,5.86,10.68,19.54,21.04,17.16,26.16,11.18,14.63,16.68,3.57,13.05,13.00,12.88,20.25,8.20,21.99
12.85,0.86,3.71,11.05,10.82,3.27,7.15,16.94,13.85,25.19,15.40,1.33,19.82,25.75,13.84,12.09,13.23,8.45,15.08
9.33,17.87,19.84,8.43,13.33,21.77,23.55,17.00,27.41,11.30,14.58,18.97,1.49,13.55,13.18,13.42,20.98,10.65,22.58
14.64,16.53,16.33,6.68,7.06,19.50,19.15,23.16,29.23,8.54,20.61,16.61,9.10,8.91,18.77,18.16,24.76,8.87,26.68
5.65,16.87,19.86,10.14,15.71,20.91,23.79,12.03,23.98,16.52,9.74,18.43,6.45,18.79,8.67,9.37,16.87,11.43,18.27
11.77,17.81,18.93,7.36,11.03,21.43,22.35,20.01,28.85,8.29,17.49,18.52,3.52,10.19,15.89,15.77,23.11,9.94,24.87
11.60,7.98,7.79,4.26,3.13,10.79,11.10,19.04,21.33,17.19,16.74,7.90,13.63,17.58,14.80,13.50,18.32,2.75,20.31
8.95,8.16,9.33,2.41,5.28,11.67,13.02,16.67,20.59,16.68,14.29,8.76,11.64,17.50,12.34,11.16,16.67,0.20,18.64
10.15,11.36,15.73,16.50,19.87,13.67,18.82,6.75,8.82,29.76,6.98,13.35,20.94,31.31,7.03,6.13,1.64,14.87,3.59
10.75,2.29,4.86,8.28,8.71,5.98,8.80,16.02,15.59,22.51,14.18,3.25,17.06,23.17,12.43,10.76,13.52,5.69,15.48
16.45,11.00,8.66,8.25,2.77,12.40,10.44,23.89,24.68,17.51,21.61,10.00,16.72,17.13,19.68,18.34,22.68,7.57,24.67
13.03,20.99,22.50,10.87,14.87,24.77,26.03,20.54,31.06,8.28,18.16,21.90,2.23,10.82,16.84,17.12,24.68,13.35,26.28
15.97,7.65,4.58,9.48,5.60,8.36,6.51,22.39,21.10,21.15,20.35,6.24,18.79,21.02,18.50,16.95,20.06,7.68,22.00
4.84,13.43,15.99,5.95,11.53,17.44,19.87,13.20,22.52,15.21,10.66,14.78,6.37,17.06,8.99,8.87,16.31,7.26,18.00
9.88,2.30,5.87,8.54,9.65,6.33,9.75,14.81,14.69,22.90,13.01,3.93,16.92,23.69,11.31,9.61,12.30,6.02,14.27
8.46,15.18,16.89,5.39,10.34,19.00,20.55,16.80,25.62,11.63,14.27,16.15,4.08,13.43,12.61,12.44,19.77,7.69,21.52
10.69,18.55,20.22,8.63,13.09,22.37,23.83,18.49,28.58,9.78,16.05,19.52,0.91,12.05,14.62,14.79,22.32,11.03,23.96
11.74,13.47,13.76,3.38,5.36,16.67,16.93,20.20,25.95,11.34,17.67,13.74,8.71,12.07,15.79,15.05,21.50,5.63,23.42
13.17,7.48,6.32,6.20,3.35,9.67,9.34,20.22,21.13,18.56,18.02,6.92,15.54,18.73,16.11,14.69,18.85,4.52,20.84
6.74,15.45,17.74,6.86,12.25,19.42,21.55,14.75,24.71,13.45,12.26,16.68,4.18,15.47,10.74,10.83,18.35,8.70,20.00
13.51,11.59,15.61,18.79,21.38,12.82,18.10,10.15,5.14,32.59,10.64,13.30,24.18,33.96,10.68,9.63,3.00,16.83,3.78
6.35,14.80,17.09,6.31,11.77,18.76,20.92,14.51,24.16,13.74,12.00,16.03,4.74,15.69,10.41,10.42,17.90,8.08,19.58
10.98,16.24,17.29,5.74,9.49,19.82,20.71,19.40,27.55,9.33,16.86,16.91,4.64,10.93,15.16,14.88,22.07,8.33,23.87
10.44,9.87,14.18,15.90,18.88,11.99,17.17,8.30,8.02,29.54,8.19,11.80,21.08,30.96,7.88,6.66,2.75,14.07,4.69
9.28,15.96,17.53,5.94,10.61,19.73,21.14,17.57,26.51,10.78,15.05,16.86,3.49,12.63,13.42,13.29,20.65,8.35,22.39
13.43,13.47,17.64,19.70,22.77,15.03,20.31,8.61,6.57,33.08,9.60,15.29,24.23,34.61,10.05,9.37,1.78,17.95,1.45
6.95,17.39,20.05,9.59,15.04,21.42,23.93,13.83,25.36,14.71,11.51,18.80,4.62,17.01,10.33,10.88,18.44,11.24,19.91
10.96,12.56,16.90,17.64,21.09,14.74,19.93,6.48,8.69,30.75,7.16,14.52,21.76,32.34,7.53,6.88,0.77,16.06,2.44
13.90,5.35,3.43,8.48,6.16,6.86,6.72,20.01,18.97,21.44,18.03,4.27,17.90,21.62,16.21,14.61,17.63,6.25,19.58
2.12,12.10,15.27,7.18,12.59,16.15,19.22,10.62,19.98,17.97,8.07,13.72,8.96,19.77,6.30,6.10,13.56,7.56,15.25
9.44,17.68,19.56,8.10,12.93,21.56,23.26,17.23,27.41,11.01,14.79,18.74,1.52,13.22,13.35,13.53,21.07,10.37,22.70
2.76,9.29,13.04,8.28,12.82,13.25,16.96,9.12,16.38,21.01,6.77,11.15,12.52,22.59,4.83,3.65,10.36,7.42,12.18
13.61,6.33,4.75,7.46,4.84,8.16,7.84,20.18,20.01,20.13,18.09,5.50,16.87,20.30,16.22,14.70,18.25,5.43,20.22
16.56,13.25,16.84,21.43,23.57,13.60,18.78,12.86,2.27,35.43,13.60,14.68,27.19,36.70,13.73,12.71,5.72,19.32,5.59
9.82,2.41,5.91,8.41,9.54,6.43,9.79,14.82,14.82,22.76,13.01,4.00,16.79,23.56,11.29,9.60,12.38,5.88,14.35
2.64,13.75,16.94,8.37,13.89,17.79,20.89,10.43,21.04,17.78,7.92,15.38,8.25,19.76,6.41,6.66,14.25,9.05,15.80
15.21,8.21,5.83,8.14,4.02,9.53,8.09,22.06,21.86,19.57,19.92,7.12,17.36,19.47,18.02,16.55,20.24,6.60,22.21
16.58,5.96,1.67,11.70,8.81,5.28,3.50,21.90,18.50,24.33,20.14,4.00,21.12,24.32,18.42,16.73,18.54,9.45,20.39
7.38,6.16,10.53,10.92,13.86,9.55,14.12,9.98,11.97,24.87,8.49,8.24,17.09,26.14,7.08,5.31,7.58,9.01,9.58
15.71,7.69,4.81,9.11,5.23,8.58,6.88,22.22,21.21,20.77,20.16,6.36,18.42,20.66,18.30,16.76,20.01,7.35,21.96
17.58,5.78,2.39,14.02,11.71,3.09,2.29,21.82,16.38,27.16,20.34,3.79,23.34,27.24,18.78,17.03,17.55,11.57,19.28
15.12,21.34,22.19,10.81,13.65,24.87,25.43,23.11,32.49,5.15,20.65,21.94,4.98,7.54,19.15,19.19,26.62,13.40,28.33
12.89,3.19,2.85,8.99,7.89,5.28,6.78,18.35,16.83,22.70,16.50,2.40,18.22,23.08,14.75,13.08,15.57,6.48,17.50
8.21,3.94,7.46,7.60,9.69,7.98,11.37,13.56,15.12,21.96,11.62,5.61,15.49,22.92,9.85,8.20,11.79,5.26,13.79
3.15,9.16,12.53,6.68,11.38,13.20,16.49,10.62,17.58,19.54,8.20,10.85,11.38,21.05,6.25,5.23,11.88,6.00,13.73
10.33,16.98,18.41,6.78,11.08,20.71,21.95,18.54,27.63,9.72,16.03,17.82,2.91,11.66,14.44,14.36,21.75,9.26,23.48
10.27,15.07,16.16,4.58,8.59,18.66,19.61,18.75,26.48,10.34,16.20,15.74,5.39,11.80,14.45,14.07,21.14,7.16,22.97
10.49,1.83,5.27,8.80,9.55,5.80,9.14,15.37,14.75,23.11,13.60,3.33,17.35,23.84,11.90,10.20,12.68,6.24,14.63
12.01,2.98,3.70,8.36,7.79,5.75,7.64,17.56,16.66,22.27,15.68,2.82,17.50,22.75,13.91,12.26,15.01,5.80,16.96
17.57,6.25,1.96,13.20,10.42,4.45,2.06,22.38,17.81,25.94,20.76,4.17,22.60,25.92,19.11,17.38,18.53,10.87,20.32
16.07,4.56,5.30,15.00,14.32,1.53,6.58,18.69,11.87,29.08,17.59,4.08,23.73,29.54,16.30,14.54,13.59,12.41,15.17
9.98,9.45,13.79,15.35,18.34,11.71,16.85,8.28,8.44,29.00,7.99,11.41,20.59,30.41,7.57,6.27,3.21,13.52,5.17
14.14,6.59,4.63,7.88,4.90,8.17,7.52,20.67,20.26,20.32,18.60,5.61,17.27,20.41,16.73,15.20,18.65,5.92,20.62
15.65,6.14,2.73,10.15,7.09,6.51,5.16,21.52,19.37,22.61,19.62,4.52,19.56,22.61,17.82,16.19,18.71,8.01,20.62
11.98,8.50,8.12,4.27,2.58,11.22,11.31,19.51,21.88,16.79,17.19,8.35,13.55,17.13,15.25,13.97,18.87,3.10,20.86
10.91,5.21,5.81,5.88,5.73,8.29,9.56,17.50,18.59,19.74,15.37,5.36,15.16,20.27,13.49,11.99,15.99,3.39,17.97
14.26,2.36,3.81,12.69,12.15,1.73,6.45,17.75,13.08,26.77,16.40,1.92,21.48,27.27,14.94,13.17,13.42,10.09,15.18
14.57,5.16,2.53,9.44,7.00,6.12,5.76,20.39,18.60,22.36,18.48,3.75,18.85,22.50,16.69,15.06,17.67,7.17,19.59
7.28,5.66,8.48,5.67,8.49,9.64,12.43,13.79,16.97,19.99,11.62,7.01,13.56,21.01,9.72,8.26,13.03,3.52,15.02
13.89,15.12,14.89,5.51,5.68,18.06,17.75,22.37,27.93,9.98,19.84,15.18,9.54,10.33,17.96,17.24,23.65,7.55,25.59
2.01,13.90,17.35,9.53,14.98,17.91,21.30,9.05,20.23,19.14,6.57,15.65,9.47,21.15,5.15,5.64,13.19,9.96,14.67
5.11,8.33,11.14,4.74,9.23,12.34,15.08,12.74,18.47,18.35,10.34,9.74,11.09,19.65,8.39,7.29,13.45,3.85,15.37
15.55,6.29,3.05,9.88,6.75,6.82,5.48,21.52,19.61,22.27,19.59,4.75,19.29,22.26,17.79,16.17,18.83,7.78,20.75
16.66,5.42,6.23,15.92,15.30,2.45,7.16,18.85,11.18,30.04,17.88,5.06,24.57,30.52,16.67,14.91,13.44,13.33,14.94
0.70,11.87,15.34,8.30,13.53,15.88,19.30,9.22,18.82,19.40,6.67,13.62,10.26,21.21,4.88,4.69,12.21,8.32,13.86
5.40,15.76,18.53,8.48,14.03,19.80,22.44,12.79,23.78,15.45,10.37,17.22,5.61,17.59,9.02,9.41,17.00,9.88,18.53
14.62,8.43,6.48,7.29,3.16,10.09,8.95,21.68,22.11,18.71,19.49,7.54,16.46,18.67,17.57,16.15,20.16,5.88,22.15
6.42,14.47,16.70,5.85,11.30,18.42,20.51,14.69,24.05,13.63,12.16,15.67,4.91,15.52,10.54,10.46,17.90,7.66,19.60
4.93,10.44,12.94,4.03,9.38,14.42,16.83,13.30,20.47,16.47,10.79,11.73,8.89,17.94,8.88,8.17,15.00,4.47,16.85
10.60,8.90,13.18,15.46,18.18,10.94,16.13,9.22,7.83,29.30,8.91,10.81,21.08,30.64,8.41,7.04,3.74,13.52,5.60
7.21,7.38,9.52,3.68,7.28,11.23,13.41,14.66,18.95,17.98,12.32,8.44,11.81,19.02,10.37,9.14,14.68,1.90,16.65
16.13,4.15,2.47,13.42,11.89,1.40,4.17,20.01,14.74,27.06,18.60,2.41,22.56,27.33,17.09,15.33,15.67,10.88,17.40
12.56,14.58,14.76,4.49,6.01,17.74,17.83,21.06,27.08,10.25,18.52,14.82,8.44,10.94,16.66,15.99,22.55,6.77,24.46
14.46,11.67,15.52,19.40,21.74,12.54,17.80,11.25,4.06,33.33,11.75,13.26,25.07,34.64,11.75,10.65,4.09,17.35,4.63
13.80,8.76,7.38,6.12,2.15,10.85,10.10,21.13,22.41,17.60,18.87,8.15,15.23,17.66,16.94,15.58,20.02,4.95,22.01
15.33,3.54,1.53,12.27,10.74,2.32,4.44,19.65,15.35,25.88,18.11,1.52,21.46,26.16,16.53,14.78,15.69,9.74,17.49
14.64,6.67,4.32,8.43,5.25,7.96,7.02,21.07,20.28,20.74,19.03,5.52,17.82,20.78,17.17,15.62,18.90,6.48,20.86
14.92,8.02,5.79,7.89,3.93,9.45,8.18,21.77,21.68,19.48,19.63,6.99,17.14,19.42,17.73,16.26,19.99,6.31,21.97
4.97,7.57,11.67,9.38,13.15,11.36,15.48,9.21,14.18,22.87,7.24,9.57,14.74,24.29,5.50,3.82,8.76,7.91,10.69
13.11,17.55,18.14,7.01,9.56,20.94,21.33,21.54,29.35,7.46,19.00,18.01,5.79,8.86,17.29,16.98,24.08,9.58,25.91
11.09,16.61,17.71,6.14,9.91,20.22,21.14,19.46,27.82,9.11,16.92,17.30,4.26,10.80,15.25,15.02,22.26,8.72,24.04
5.64,12.26,14.52,4.20,9.79,16.21,18.35,14.16,22.27,14.84,11.61,13.46,6.99,16.46,9.80,9.38,16.53,5.59,18.33
6.49,9.81,14.19,12.96,16.78,13.00,17.74,6.34,11.99,26.00,5.13,11.89,17.22,27.57,4.21,2.74,5.37,11.56,7.20
13.07,9.92,13.89,17.62,19.92,11.08,16.36,10.89,5.36,31.63,10.99,11.59,23.54,32.89,10.72,9.44,4.12,15.54,5.36
12.55,8.47,7.77,4.89,2.34,11.00,10.84,20.00,21.97,17.10,17.71,8.17,14.13,17.35,15.77,14.46,19.18,3.68,21.17
16.25,8.92,6.08,9.05,4.50,9.86,7.82,23.07,22.48,19.93,20.95,7.65,18.17,19.69,19.05,17.57,21.13,7.61,23.09
7.61,14.63,16.52,5.21,10.42,18.50,20.24,15.97,24.84,12.48,13.44,15.67,4.54,14.28,11.77,11.59,18.93,7.34,20.68
5.86,13.38,15.65,5.06,10.60,17.34,19.48,14.29,23.11,14.27,11.75,14.59,5.95,16.04,10.03,9.80,17.13,6.67,18.88
7.61,18.57,21.36,11.04,16.49,22.61,25.27,13.71,25.95,15.41,11.52,20.05,5.32,17.81,10.55,11.32,18.80,12.64,20.16
13.95,3.35,1.70,10.09,8.58,4.42,5.65,19.12,16.66,23.64,17.35,1.82,19.36,23.94,15.65,13.95,15.96,7.60,17.86
15.61,13.32,17.13,20.94,23.38,14.06,19.31,11.54,3.63,34.77,12.37,14.89,26.32,36.13,12.60,11.68,4.45,18.93,4.23
11.10,9.50,13.74,16.14,18.87,11.38,16.61,9.19,7.31,29.95,9.07,11.37,21.65,31.30,8.71,7.43,3.23,14.21,5.02
6.12,16.04,18.64,8.21,13.70,20.06,22.52,13.64,24.45,14.60,11.21,17.42,4.78,16.75,9.84,10.18,17.76,9.81,19.31
6.27,17.62,20.63,10.86,16.42,21.66,24.57,12.19,24.51,16.65,9.99,19.19,6.54,18.98,9.04,9.85,17.29,12.19,18.64
4.79,16.65,19.99,11.23,16.80,20.67,23.95,10.06,22.62,18.58,7.86,18.37,8.51,20.83,6.99,7.95,15.27,12.12,16.56
13.96,12.18,16.18,19.38,21.99,13.34,18.62,10.25,4.91,33.14,10.88,13.88,24.66,34.52,11.01,10.04,3.06,17.42,3.50
13.43,10.97,14.95,18.41,20.87,12.12,17.41,10.53,5.03,32.31,10.87,12.65,24.03,33.63,10.79,9.64,3.48,16.39,4.45
12.47,13.13,17.39,18.93,22.15,14.94,20.19,7.71,7.41,32.19,8.62,15.02,23.28,33.75,9.06,8.40,0.83,17.24,1.37
11.42,17.43,18.58,7.00,10.77,21.06,22.02,19.69,28.46,8.65,17.17,18.15,3.57,10.51,15.55,15.42,22.74,9.56,24.50
9.22,15.79,17.35,5.76,10.44,19.56,20.96,17.53,26.38,10.86,15.00,16.69,3.67,12.69,13.36,13.21,20.55,8.17,22.29
16.73,7.19,3.38,10.88,7.30,7.12,4.81,22.65,20.21,22.84,20.75,5.45,20.27,22.71,18.95,17.32,19.79,8.88,21.69
11.84,15.75,16.41,5.21,8.11,19.16,19.68,20.34,27.63,9.21,17.79,16.23,6.25,10.43,16.02,15.58,22.53,7.78,24.39
14.33,4.04,1.62,10.02,8.13,4.89,5.41,19.69,17.34,23.34,17.89,2.48,19.36,23.57,16.16,14.48,16.64,7.59,18.54
6.95,6.03,10.34,10.24,13.26,9.60,14.01,10.17,12.64,24.20,8.54,8.10,16.47,25.46,7.02,5.25,8.18,8.36,10.17
4.82,11.29,13.77,4.34,9.84,15.27,17.66,13.32,21.10,15.97,10.77,12.58,8.10,17.54,8.92,8.36,15.41,5.16,17.23
12.69,10.00,14.03,17.43,19.85,11.31,16.60,10.42,5.72,31.37,10.52,11.71,23.21,32.67,10.27,9.02,3.70,15.39,5.03
0.84,11.51,14.99,8.12,13.30,15.52,18.94,9.29,18.58,19.47,6.75,13.26,10.44,21.25,4.91,4.59,12.06,8.05,13.73
9.96,15.96,17.32,5.69,10.02,19.66,20.85,18.32,26.87,10.18,15.79,16.77,3.96,11.93,14.12,13.91,21.19,8.19,22.96
10.42,15.82,16.99,5.39,9.43,19.45,20.46,18.84,27.02,9.88,16.30,16.54,4.58,11.50,14.59,14.31,21.50,7.95,23.30
6.28,15.16,17.54,6.84,12.30,19.14,21.38,14.30,24.28,13.90,11.80,16.43,4.62,15.92,10.27,10.37,17.89,8.57,19.54
5.97,16.66,19.46,9.37,14.90,20.70,23.37,12.89,24.38,15.53,10.54,18.14,5.50,17.76,9.33,9.88,17.44,10.82,18.90
14.99,11.98,15.76,19.87,22.14,12.69,17.94,11.69,3.55,33.83,12.24,13.53,25.59,35.12,12.26,11.17,4.51,17.79,4.88
7.86,4.48,7.75,6.94,9.25,8.52,11.69,13.62,15.74,21.30,11.59,6.04,14.84,22.27,9.77,8.18,12.20,4.65,14.19
5.65,6.46,9.97,6.88,10.42,10.50,13.91,11.75,15.97,20.84,9.59,8.18,13.51,22.07,7.71,6.22,11.33,5.20,13.29
12.55,2.23,5.91,12.45,12.97,3.86,8.83,15.44,11.48,26.79,14.18,3.60,20.68,27.53,12.81,11.04,11.08,9.91,12.88
1.56,10.66,14.13,7.64,12.67,14.68,18.08,9.62,18.11,19.56,7.11,12.40,10.80,21.25,5.20,4.58,11.84,7.36,13.58
12.93,5.01,4.01,7.67,5.95,7.10,7.55,19.14,18.70,20.95,17.13,4.32,17.07,21.24,15.29,13.72,16.98,5.36,18.95
1.37,11.94,15.78,10.08,15.09,15.83,19.69,7.23,17.32,21.42,4.70,13.85,12.11,23.25,2.85,2.79,10.38,9.74,11.94
11.53,15.34,16.04,4.81,7.85,18.77,19.33,20.04,27.22,9.62,17.49,15.84,6.37,10.82,15.70,15.24,22.16,7.37,24.02
14.85,11.11,9.62,6.29,0.72,13.18,11.99,22.62,24.73,15.69,20.27,10.51,14.53,15.54,18.32,17.10,22.03,6.09,24.03
6.72,5.92,8.97,5.91,9.03,9.95,12.92,13.18,16.73,20.15,11.00,7.40,13.42,21.24,9.10,7.65,12.56,3.93,14.54
3.07,15.05,18.55,10.60,16.10,19.05,22.51,8.80,20.83,19.46,6.43,16.83,9.56,21.57,5.32,6.16,13.56,11.14,14.93
3.93,14.36,17.29,7.87,13.46,18.41,21.22,11.74,22.27,16.45,9.25,15.88,6.90,18.47,7.76,8.00,15.58,8.94,17.15
16.06,8.18,5.23,9.25,5.09,9.00,7.07,22.65,21.69,20.61,20.58,6.84,18.50,20.44,18.71,17.18,20.50,7.60,22.45
13.39,16.98,17.34,6.55,8.55,20.25,20.44,21.88,29.09,7.84,19.33,17.33,6.85,8.90,17.57,17.14,24.09,9.04,25.95
1.98,13.71,17.46,10.79,16.07,17.63,21.39,7.24,18.82,20.96,4.74,15.58,11.28,22.96,3.37,4.14,11.56,10.84,12.96
7.72,16.54,18.73,7.62,12.85,20.49,22.51,15.52,25.81,12.68,13.07,17.73,3.10,14.82,11.62,11.82,19.37,9.62,20.98
7.18,5.05,9.20,9.09,11.86,8.88,12.97,11.43,13.58,23.24,9.64,7.06,15.94,24.40,7.98,6.25,9.58,7.06,11.58
11.67,18.44,19.75,8.13,12.05,22.14,23.23,19.74,29.13,8.45,17.25,19.25,2.49,10.57,15.73,15.73,23.17,10.66,24.88
10.97,3.10,4.73,7.64,7.75,6.46,8.68,16.66,16.55,21.75,14.73,3.57,16.63,22.35,12.94,11.30,14.41,5.05,16.38
12.06,9.73,13.86,16.89,19.43,11.27,16.54,9.95,6.35,30.79,9.97,11.51,22.59,32.11,9.67,8.40,3.47,14.89,5.01
12.43,9.40,8.85,4.22,1.81,12.04,11.89,20.14,22.78,16.02,17.78,9.19,13.24,16.30,15.83,14.61,19.68,3.61,21.68
2.71,14.15,17.41,8.92,14.44,18.19,21.36,10.11,21.10,18.08,7.63,15.82,8.41,20.10,6.20,6.61,14.18,9.59,15.69
15.60,3.59,3.07,13.38,12.22,0.77,5.04,19.23,13.92,27.22,17.87,2.22,22.40,27.58,16.40,14.63,14.80,10.81,16.52
1.95,13.48,16.82,8.76,14.23,17.51,20.78,9.68,20.35,18.56,7.16,15.18,9.03,20.52,5.63,5.91,13.49,9.24,15.04
6.66,16.97,19.62,9.17,14.64,21.00,23.50,13.74,25.06,14.68,11.38,18.38,4.64,16.94,10.14,10.63,18.21,10.81,19.70
6.47,18.46,21.92,13.24,18.82,22.46,25.88,9.97,23.53,19.67,8.12,20.23,9.56,22.04,7.73,9.00,15.91,14.16,17.01
7.91,14.94,16.78,5.40,10.53,18.79,20.48,16.25,25.18,12.16,13.72,15.96,4.24,13.98,12.06,11.91,19.26,7.59,21.00
10.44,2.16,5.22,8.41,9.10,6.04,9.13,15.56,15.20,22.70,13.73,3.44,17.04,23.41,12.01,10.32,13.03,5.83,15.00
11.98,10.40,14.56,17.21,19.92,12.03,17.29,9.35,6.49,30.98,9.52,12.21,22.61,32.35,9.35,8.19,2.71,15.28,4.25
2.49,14.13,17.46,9.19,14.70,18.16,21.42,9.73,20.84,18.46,7.25,15.83,8.78,20.48,5.84,6.29,13.86,9.78,15.36
5.58,6.71,10.04,6.36,10.02,10.76,14.00,12.05,16.50,20.31,9.83,8.35,13.05,21.54,7.92,6.50,11.82,4.75,13.78
10.32,2.23,6.65,10.54,11.82,5.76,10.16,13.92,12.51,24.92,12.41,4.31,18.46,25.79,10.90,9.14,10.54,8.08,12.46
11.07,7.43,7.56,4.20,3.81,10.40,11.02,18.40,20.69,17.57,16.12,7.49,13.61,18.05,14.19,12.86,17.63,2.31,19.62
9.49,3.39,6.13,7.23,8.44,7.27,10.08,15.16,15.99,21.57,13.20,4.59,15.80,22.35,11.40,9.78,13.23,4.69,15.21
5.38,17.34,20.76,12.12,17.70,21.35,24.72,9.78,22.82,19.20,7.72,19.09,9.08,21.49,7.06,8.19,15.34,12.99,16.54
3.59,14.98,18.15,9.23,14.81,19.02,22.10,10.62,21.96,17.59,8.19,16.61,7.77,19.69,6.89,7.41,14.97,10.12,16.45
15.03,5.82,2.89,9.54,6.70,6.60,5.71,20.98,19.22,22.16,19.05,4.36,18.95,22.23,17.24,15.63,18.32,7.37,20.25
10.22,6.01,6.85,4.84,5.38,9.27,10.59,17.15,19.11,18.83,14.95,6.34,14.11,19.44,13.03,11.62,16.08,2.34,18.08
13.40,12.12,16.20,19.01,21.76,13.47,18.75,9.62,5.54,32.68,10.24,13.87,24.13,34.10,10.40,9.45,2.43,17.11,3.07
7.77,4.24,8.11,8.21,10.60,8.24,11.97,12.69,14.42,22.52,10.82,6.10,15.69,23.56,9.09,7.40,10.86,6.00,12.86
4.64,7.38,11.18,7.94,11.83,11.35,15.08,10.28,15.42,21.51,8.13,9.25,13.63,22.89,6.26,4.75,10.20,6.53,12.13
3.60,15.44,18.80,10.31,15.86,19.46,22.75,9.69,21.66,18.62,7.34,17.15,8.68,20.76,6.22,6.99,14.45,11.05,15.83
5.23,6.78,10.58,7.84,11.49,10.76,14.48,10.75,15.23,21.62,8.65,8.64,13.95,22.93,6.80,5.25,10.31,6.26,12.27
7.21,5.54,8.48,5.91,8.73,9.54,12.44,13.60,16.72,20.23,11.45,6.95,13.71,21.26,9.56,8.08,12.78,3.78,14.76
9.19,16.00,17.61,6.04,10.75,19.79,21.24,17.45,26.48,10.86,14.93,16.93,3.38,12.74,13.31,13.21,20.58,8.42,22.31
0.67,11.89,15.37,8.33,13.57,15.90,19.32,9.19,18.82,19.42,6.64,13.64,10.27,21.23,4.85,4.68,12.20,8.35,13.84
9.62,6.71,11.07,13.40,15.90,9.18,14.23,10.23,9.37,27.45,9.35,8.69,19.65,28.68,8.37,6.72,5.93,11.34,7.86
5.48,6.61,10.55,8.37,11.89,10.54,14.41,10.51,14.69,22.17,8.49,8.54,14.46,23.47,6.70,5.07,9.81,6.72,11.77
4.39,14.47,17.28,7.57,13.15,18.50,21.20,12.28,22.66,15.92,9.78,15.93,6.42,17.93,8.28,8.47,16.04,8.77,17.64
2.48,12.74,15.85,7.36,12.85,16.79,19.80,10.83,20.59,17.58,8.28,14.34,8.40,19.44,6.60,6.55,14.07,7.94,15.72
7.88,5.21,7.89,5.78,8.18,9.15,11.84,14.28,16.94,20.15,12.14,6.47,13.97,21.09,10.26,8.77,13.28,3.45,15.27
10.57,16.24,17.44,5.84,9.86,19.89,20.92,18.94,27.35,9.62,16.41,16.98,4.17,11.32,14.73,14.50,21.75,8.39,23.53
8.63,9.24,13.65,14.26,17.52,11.92,16.93,7.55,9.79,27.76,6.94,11.28,19.25,29.22,6.34,4.96,3.94,12.55,5.92
2.27,13.92,17.26,9.10,14.59,17.94,21.22,9.64,20.63,18.55,7.15,15.62,8.92,20.56,5.70,6.11,13.69,9.64,15.19
11.51,19.10,20.63,9.01,13.21,22.89,24.19,19.32,29.34,8.97,16.89,20.01,1.31,11.27,15.45,15.60,23.12,11.47,24.77
12.01,16.53,17.29,5.98,9.03,19.99,20.59,20.46,28.21,8.60,17.91,17.07,5.50,10.01,16.19,15.84,22.93,8.56,24.76
12.04,0.28,4.22,10.38,10.49,4.08,7.84,16.31,13.96,24.60,14.71,1.92,19.07,25.23,13.12,11.37,12.87,7.80,14.76
12.11,9.81,13.92,16.96,19.50,11.33,16.60,9.94,6.30,30.86,9.98,11.58,22.64,32.17,9.69,8.43,3.43,14.96,4.95
9.83,13.61,14.63,3.08,7.27,17.15,18.09,18.34,25.30,11.52,15.80,14.23,6.76,12.75,13.97,13.41,20.25,5.67,22.12
10.69,1.45,5.81,10.13,11.08,5.30,9.42,14.70,13.22,24.49,13.12,3.52,18.36,25.29,11.55,9.80,11.44,7.62,13.36
4.14,15.93,19.24,10.52,16.09,19.96,23.20,10.05,22.19,18.36,7.74,17.63,8.36,20.55,6.70,7.52,14.95,11.37,16.31
12.49,10.94,15.07,17.82,20.53,12.45,17.72,9.48,6.06,31.58,9.80,12.73,23.16,32.96,9.74,8.65,2.55,15.90,3.85
10.24,10.44,14.79,16.08,19.23,12.66,17.83,7.64,8.36,29.57,7.64,12.40,20.96,31.04,7.46,6.35,2.24,14.33,4.23
10.95,6.13,6.48,5.15,4.89,9.14,10.11,17.87,19.46,18.85,15.67,6.22,14.52,19.35,13.76,12.33,16.67,2.81,18.66
13.52,12.89,17.01,19.47,22.38,14.32,19.60,9.18,5.94,33.01,10.00,14.67,24.30,34.48,10.32,9.50,2.08,17.64,2.25
15.52,3.66,4.05,13.89,13.04,0.58,5.84,18.72,12.93,27.88,17.47,2.83,22.75,28.30,16.07,14.29,14.03,11.30,15.71
5.31,17.31,20.81,12.44,18.01,21.30,24.77,9.25,22.46,19.75,7.23,19.09,9.65,22.04,6.67,7.88,14.91,13.21,16.08
12.06,18.05,19.13,7.58,11.13,21.66,22.53,20.29,29.14,7.99,17.78,18.74,3.62,9.91,16.18,16.07,23.41,10.16,25.16
14.54,10.67,14.40,18.89,20.95,11.32,16.57,12.08,3.90,32.98,12.34,12.18,24.99,34.20,12.14,10.90,5.04,16.74,5.84
17.08,12.72,16.10,21.41,23.24,12.72,17.82,13.93,1.33,35.55,14.51,14.01,27.57,36.73,14.50,13.35,6.75,19.20,6.85
1.91,12.43,16.34,10.75,15.77,16.28,20.23,6.61,17.26,21.89,4.06,14.37,12.46,23.77,2.28,2.59,10.12,10.42,11.62
6.65,5.97,9.03,5.92,9.08,9.99,12.98,13.12,16.72,20.15,10.94,7.45,13.39,21.24,9.04,7.59,12.52,3.97,14.50
9.18,12.60,13.72,2.11,6.85,16.18,17.25,17.67,24.29,12.54,15.14,13.26,7.43,13.72,13.27,12.63,19.34,4.68,21.23
11.20,2.02,4.43,8.63,8.81,5.56,8.36,16.36,15.51,22.81,14.55,2.80,17.47,23.43,12.82,11.13,13.69,6.04,15.64
11.56,10.78,15.02,17.15,20.05,12.60,17.85,8.61,7.04,30.78,8.84,12.65,22.26,32.21,8.77,7.68,2.03,15.30,3.74
12.54,16.62,17.21,6.09,8.72,20.00,20.42,21.02,28.50,8.33,18.47,17.07,6.10,9.59,16.72,16.33,23.35,8.65,25.19
10.04,2.11,5.76,8.72,9.76,6.14,9.61,14.88,14.57,23.08,13.11,3.77,17.11,23.86,11.42,9.71,12.28,6.19,14.24
7.27,5.08,8.34,6.67,9.35,9.12,12.29,13.22,15.96,20.97,11.14,6.65,14.32,22.01,9.30,7.74,12.11,4.51,14.10
8.01,5.10,7.75,5.83,8.13,9.04,11.71,14.39,16.92,20.20,12.25,6.35,14.07,21.13,10.37,8.87,13.32,3.47,15.31
11.51,1.36,4.23,9.28,9.41,4.97,8.09,16.35,14.95,23.47,14.62,2.33,18.07,24.09,12.94,11.22,13.39,6.69,15.33
10.46,5.97,6.67,5.00,5.27,9.16,10.38,17.36,19.16,18.90,15.17,6.22,14.30,19.48,13.26,11.83,16.22,2.54,18.22
6.96,5.06,8.77,7.62,10.43,9.09,12.67,12.33,15.02,21.83,10.34,6.86,14.84,22.94,8.55,6.92,11.03,5.56,13.02
11.45,0.56,4.83,10.14,10.58,4.60,8.47,15.68,13.76,24.43,14.08,2.55,18.67,25.12,12.48,10.73,12.36,7.57,14.27
0.85,11.53,15.27,9.32,14.34,15.47,19.19,7.98,17.56,20.81,5.45,13.39,11.64,22.60,3.57,3.28,10.82,9.00,12.44
4.67,7.35,11.16,7.98,11.85,11.32,15.06,10.27,15.37,21.55,8.12,9.23,13.67,22.93,6.26,4.74,10.17,6.55,12.10
14.04,10.40,14.21,18.46,20.60,11.22,16.49,11.67,4.40,32.52,11.88,11.96,24.50,33.75,11.66,10.41,4.70,16.33,5.64
11.99,16.38,17.12,5.83,8.84,19.83,20.40,20.45,28.11,8.70,17.91,16.90,5.66,10.07,16.17,15.81,22.87,8.41,24.70
13.56,1.72,2.78,11.17,10.47,2.92,6.26,17.85,14.52,25.15,16.29,0.39,20.14,25.61,14.70,12.95,14.15,8.58,15.99
13.77,8.86,7.51,6.03,2.03,10.97,10.23,21.13,22.50,17.47,18.86,8.26,15.12,17.53,16.93,15.59,20.06,4.91,22.05
13.11,2.74,2.50,9.56,8.52,4.64,6.46,18.29,16.30,23.33,16.52,1.76,18.75,23.72,14.80,13.11,15.28,7.03,17.19
10.71,1.46,5.17,9.20,9.88,5.47,8.98,15.39,14.42,23.51,13.67,3.11,17.72,24.23,12.00,10.28,12.51,6.64,14.46
4.44,16.37,19.76,11.22,16.79,20.38,23.72,9.63,22.18,18.93,7.42,18.10,8.87,21.15,6.53,7.51,14.82,12.02,16.11
6.43,5.57,9.34,7.73,10.81,9.58,13.24,11.78,14.98,21.83,9.77,7.41,14.61,23.01,7.97,6.35,10.70,5.81,12.68
9.85,8.19,8.92,2.72,4.42,11.50,12.49,17.52,20.97,16.62,15.16,8.57,12.12,17.30,13.21,12.00,17.32,0.99,19.31
9.22,3.69,8.09,10.62,12.57,7.10,11.62,12.46,12.05,24.94,10.98,5.77,17.97,25.96,9.51,7.74,9.29,8.33,11.25
5.65,17.11,20.20,10.68,16.26,21.16,24.14,11.61,23.86,17.08,9.37,18.72,6.98,19.37,8.39,9.20,16.65,11.89,18.00
14.59,20.10,20.79,9.54,12.15,23.55,23.99,22.79,31.55,5.46,20.29,20.62,5.24,7.46,18.70,18.60,25.93,12.13,27.69
0.74,11.82,15.29,8.25,13.48,15.84,19.25,9.26,18.82,19.37,6.71,13.57,10.25,21.18,4.91,4.71,12.22,8.26,13.87
10.94,6.31,6.64,5.00,4.74,9.33,10.24,17.92,19.63,18.66,15.72,6.40,14.38,19.17,13.80,12.39,16.79,2.69,18.78
15.22,3.23,3.31,13.22,12.26,0.87,5.49,18.78,13.59,27.15,17.43,2.09,22.17,27.55,15.96,14.19,14.35,10.64,16.08
16.14,6.17,2.33,10.83,7.76,6.11,4.46,21.81,19.15,23.29,19.96,4.39,20.25,23.27,18.19,16.54,18.79,8.66,20.67
14.51,2.94,1.53,11.38,10.04,2.96,5.12,19.06,15.51,25.07,17.46,0.86,20.55,25.40,15.84,14.10,15.39,8.84,17.23
13.92,10.72,14.58,18.56,20.82,11.64,16.91,11.29,4.49,32.56,11.57,12.32,24.44,33.83,11.42,10.21,4.26,16.47,5.16
3.50,13.87,16.84,7.64,13.21,17.92,20.78,11.49,21.79,16.74,8.98,15.41,7.30,18.70,7.43,7.59,15.15,8.58,16.75
15.07,11.87,15.62,19.85,22.07,12.53,17.77,11.87,3.42,33.84,12.39,13.40,25.65,35.12,12.39,11.28,4.70,17.76,5.09
13.34,3.46,2.45,9.27,7.89,5.16,6.36,18.79,17.03,22.85,16.95,2.38,18.55,23.18,15.20,13.54,15.94,6.79,17.86
8.39,15.78,17.61,6.18,11.18,19.64,21.30,16.60,25.90,11.67,14.08,16.81,3.40,13.60,12.49,12.44,19.86,8.42,21.57
12.73,18.18,19.06,7.65,10.78,21.71,22.37,21.02,29.55,7.39,18.50,18.78,4.45,9.18,16.87,16.70,23.97,10.24,25.75
16.96,5.26,1.71,13.34,11.12,3.04,2.72,21.35,16.39,26.54,19.83,3.22,22.66,26.65,18.24,16.49,17.26,10.89,19.02
12.30,15.06,15.43,4.72,6.84,18.32,18.58,20.81,27.34,9.74,18.27,15.40,7.59,10.63,16.44,15.86,22.58,7.15,24.47
8.69,4.94,7.21,5.69,7.51,8.75,11.15,15.13,17.27,20.06,13.00,5.97,14.28,20.89,11.12,9.62,13.94,3.19,15.93
14.69,8.53,6.56,7.31,3.11,10.18,9.00,21.77,22.21,18.66,19.57,7.63,16.46,18.61,17.66,16.24,20.26,5.94,22.25
12.14,16.35,17.02,5.80,8.67,19.77,20.28,20.62,28.15,8.66,18.07,16.84,5.90,9.97,16.32,15.94,22.97,8.38,24.81
1.49,12.06,15.92,10.24,15.25,15.94,19.82,7.08,17.30,21.53,4.54,13.97,12.20,23.38,2.70,2.73,10.31,9.91,11.86
9.88,3.51,7.92,11.23,12.96,6.63,11.32,12.77,11.51,25.57,11.39,5.56,18.67,26.56,9.99,8.22,9.19,8.89,11.12
2.53,14.12,17.43,9.11,14.62,18.15,21.39,9.82,20.89,18.36,7.35,15.81,8.69,20.39,5.93,6.36,13.93,9.72,15.43
6.40,18.40,21.91,13.39,18.97,22.38,25.87,9.63,23.27,20.02,7.80,20.19,9.90,22.38,7.46,8.78,15.62,14.25,16.70
5.38,7.63,10.56,5.16,9.29,11.66,14.52,12.64,17.82,18.99,10.30,9.09,11.82,20.25,8.36,7.13,12.98,3.90,14.92
7.66,4.44,8.51,8.82,11.31,8.34,12.32,12.13,13.81,23.07,10.33,6.41,16.03,24.16,8.65,6.93,10.15,6.67,12.14
5.04,17.03,20.52,12.14,17.70,21.02,24.48,9.26,22.32,19.60,7.19,18.81,9.50,21.87,6.54,7.70,14.81,12.91,16.01
11.69,10.97,15.20,17.32,20.24,12.76,18.01,8.59,6.97,30.94,8.88,12.83,22.40,32.38,8.84,7.79,1.90,15.48,3.56
1.08,12.50,16.26,10.03,15.17,16.42,20.19,7.47,18.02,20.96,4.92,14.38,11.54,22.85,3.20,3.42,11.00,9.88,12.52
0.95,12.94,16.56,9.60,14.89,16.92,20.50,8.23,18.95,20.08,5.69,14.76,10.59,22.01,4.07,4.39,11.96,9.69,13.48
6.46,5.78,9.15,6.62,9.77,9.83,13.09,12.55,16.04,20.79,10.42,7.42,13.82,21.92,8.55,7.04,11.80,4.69,13.78
3.48,15.13,18.41,9.74,15.30,19.16,22.36,10.10,21.73,18.14,7.70,16.81,8.27,20.26,6.48,7.11,14.64,10.54,16.07
2.11,10.12,13.94,8.94,13.64,14.04,17.85,8.34,16.50,21.26,5.93,12.01,12.46,22.92,3.98,3.00,10.13,8.25,11.88
3.39,15.03,18.84,12.06,17.40,18.91,22.76,6.71,19.38,21.55,4.40,16.93,11.66,23.65,3.60,4.85,11.86,12.22,13.10
14.10,9.61,8.20,6.02,1.33,11.70,10.80,21.61,23.24,16.87,19.31,9.01,14.88,16.86,17.37,16.07,20.71,5.22,22.70
11.93,5.68,5.41,6.25,5.06,8.31,8.97,18.57,19.26,19.67,16.45,5.43,15.65,20.05,14.57,13.07,16.95,3.97,18.94
2.82,11.72,14.73,6.37,11.78,15.77,18.68,11.34,20.18,17.44,8.79,13.26,8.71,19.18,6.98,6.64,13.98,6.80,15.71
5.52,16.55,20.55,14.33,19.64,20.30,24.42,5.21,19.27,23.53,3.52,18.53,13.51,25.71,3.87,5.57,11.45,14.40,12.37
11.05,11.27,15.57,17.06,20.20,13.30,18.51,7.69,7.79,30.51,8.00,13.19,21.81,32.00,8.04,7.08,1.35,15.32,3.29
9.39,16.20,17.78,6.20,10.84,19.98,21.40,17.64,26.70,10.66,15.13,17.12,3.24,12.55,13.51,13.42,20.79,8.60,22.53
4.58,16.52,20.19,12.55,18.04,20.46,24.13,7.88,21.11,20.82,5.82,18.37,10.76,23.04,5.31,6.61,13.52,13.04,14.67
12.21,17.55,18.46,7.01,10.29,21.08,21.80,20.55,28.93,7.98,18.02,18.16,4.49,9.68,16.37,16.16,23.40,9.61,25.18
11.02,16.62,17.74,6.16,9.98,20.23,21.18,19.39,27.80,9.16,16.85,17.32,4.17,10.86,15.19,14.97,22.21,8.73,23.99
10.60,18.73,20.47,8.91,13.46,22.57,24.11,18.30,28.59,10.05,15.87,19.73,0.52,12.36,14.48,14.69,22.24,11.28,23.86
1.24,13.18,16.84,9.95,15.24,17.14,20.78,7.94,18.93,20.32,5.41,15.02,10.76,22.27,3.86,4.31,11.86,10.03,13.34
3.29,14.99,18.30,9.76,15.31,19.02,22.26,9.91,21.52,18.32,7.50,16.68,8.46,20.43,6.26,6.90,14.42,10.50,15.85
14.98,15.79,19.95,21.76,25.00,17.26,22.55,8.92,7.37,34.87,10.44,17.60,25.76,36.48,11.26,10.88,3.62,20.10,1.72
2.44,14.13,17.90,11.20,16.50,18.04,21.83,7.03,18.98,21.16,4.57,16.01,11.40,23.19,3.37,4.32,11.63,11.29,12.97
7.17,15.32,17.46,6.38,11.69,19.26,21.24,15.30,24.93,12.93,12.79,16.49,4.02,14.90,11.23,11.24,18.72,8.35,20.39
7.30,4.86,8.33,7.13,9.76,8.91,12.26,12.97,15.50,21.42,10.94,6.53,14.68,22.47,9.12,7.52,11.68,4.97,13.68
5.15,16.95,20.23,11.25,16.84,20.98,24.19,10.48,23.06,18.25,8.30,18.64,8.15,20.52,7.44,8.39,15.72,12.24,17.01
10.80,1.58,4.97,9.00,9.57,5.51,8.83,15.63,14.73,23.28,13.88,3.01,17.61,23.98,12.20,10.49,12.83,6.42,14.78
16.23,4.26,2.41,13.45,11.86,1.52,4.03,20.14,14.87,27.06,18.72,2.48,22.61,27.31,17.21,15.45,15.81,10.91,17.54
8.46,9.20,13.61,14.10,17.39,11.92,16.91,7.51,9.96,27.59,6.84,11.24,19.08,29.05,6.20,4.81,4.08,12.41,6.06
16.33,4.33,3.14,13.94,12.54,0.84,4.47,19.93,14.18,27.67,18.59,2.82,23.02,27.97,17.13,15.36,15.38,11.38,17.07
12.44,5.12,4.53,7.12,5.68,7.49,8.12,18.79,18.79,20.51,16.74,4.64,16.51,20.85,14.89,13.34,16.83,4.79,18.80
12.05,7.30,6.85,5.16,3.50,9.93,10.14,19.22,20.80,18.08,16.99,7.06,14.56,18.42,15.06,13.68,18.13,3.37,20.12
13.85,10.22,9.06,5.45,0.52,12.50,11.71,21.56,23.78,15.95,19.22,9.75,14.09,15.98,17.27,16.03,20.97,5.04,22.96
12.42,7.95,7.29,5.08,2.83,10.48,10.44,19.74,21.47,17.59,17.47,7.65,14.41,17.86,15.54,14.19,18.77,3.60,20.76
10.42,2.88,5.20,7.69,8.25,6.54,9.16,15.97,16.05,21.93,14.06,3.76,16.49,22.60,12.28,10.64,13.74,5.10,15.71
13.36,11.28,15.30,18.54,21.10,12.52,17.80,10.20,5.20,32.37,10.62,12.99,24.00,33.72,10.60,9.52,3.10,16.56,4.02
4.79,14.31,16.99,7.00,12.58,18.34,20.89,12.85,22.90,15.37,10.34,15.72,6.05,17.34,8.79,8.88,16.42,8.32,18.05
5.40,6.66,10.24,7.11,10.74,10.69,14.18,11.41,15.84,20.98,9.25,8.42,13.52,22.25,7.38,5.88,11.06,5.50,13.02
8.77,3.86,6.84,7.00,8.71,7.83,10.79,14.51,15.92,21.38,12.52,5.23,15.32,22.24,10.71,9.10,12.81,4.54,14.80
11.40,0.93,4.54,9.63,9.95,4.83,8.32,15.97,14.39,23.88,14.29,2.43,18.29,24.54,12.65,10.92,12.87,7.04,14.79
9.98,15.91,17.25,5.62,9.93,19.60,20.78,18.35,26.85,10.18,15.81,16.71,4.05,11.91,14.14,13.92,21.19,8.13,22.96
12.42,9.14,13.18,16.78,19.08,10.48,15.76,10.76,6.09,30.81,10.67,10.86,22.81,32.06,10.26,8.90,4.35,14.69,5.82
0.47,12.39,16.03,9.40,14.60,16.35,19.97,8.17,18.46,20.28,5.62,14.21,10.91,22.15,3.89,3.99,11.57,9.34,13.14
9.34,2.72,6.48,8.49,9.96,6.77,10.33,14.21,14.49,22.87,12.40,4.48,16.65,23.74,10.70,9.00,11.82,6.03,13.79
17.53,8.86,5.23,10.83,6.44,8.97,6.13,23.91,22.05,21.81,21.90,7.24,20.05,21.50,20.05,18.48,21.40,9.17,23.32
7.81,7.42,9.26,3.31,6.63,11.17,13.10,15.31,19.35,17.69,12.97,8.33,11.87,18.64,11.02,9.79,15.25,1.27,17.22
6.31,13.22,15.34,4.53,10.04,17.14,19.14,14.78,23.27,13.93,12.23,14.36,5.99,15.63,10.49,10.18,17.44,6.27,19.21
12.60,16.47,17.01,5.97,8.47,19.83,20.20,21.09,28.43,8.43,18.54,16.90,6.36,9.62,16.78,16.36,23.34,8.51,25.19
12.95,11.57,15.67,18.44,21.18,13.00,18.28,9.50,5.79,32.15,9.99,13.34,23.65,33.55,10.05,9.04,2.38,16.53,3.38
12.13,9.35,13.44,16.72,19.14,10.82,16.09,10.31,6.31,30.69,10.25,11.10,22.58,31.97,9.88,8.55,3.93,14.67,5.46
3.97,14.49,17.43,8.01,13.59,18.54,21.36,11.71,22.33,16.48,9.23,16.02,6.88,18.51,7.76,8.03,15.61,9.08,17.17
13.21,2.38,5.55,12.84,13.08,3.21,8.28,16.08,11.56,27.14,14.85,3.34,21.20,27.82,13.49,11.72,11.58,10.28,13.34
6.61,13.57,15.63,4.67,10.13,17.48,19.41,15.06,23.66,13.58,12.51,14.69,5.62,15.30,10.78,10.52,17.80,6.53,19.56
13.07,8.13,7.09,5.67,2.63,10.42,10.06,20.34,21.73,17.79,18.09,7.65,14.93,17.96,16.15,14.79,19.23,4.26,21.22
13.08,8.29,7.26,5.58,2.46,10.60,10.22,20.40,21.89,17.62,18.14,7.82,14.82,17.79,16.20,14.85,19.34,4.25,21.34
12.99,3.80,3.03,8.63,7.28,5.81,6.86,18.69,17.46,22.19,16.79,2.98,17.94,22.53,15.01,13.37,16.09,6.17,18.03
11.80,14.89,15.41,4.44,7.04,18.22,18.63,20.32,27.02,9.94,17.77,15.29,7.20,10.95,15.95,15.39,22.17,6.94,24.05
2.61,11.82,14.87,6.60,12.01,15.86,18.82,11.13,20.11,17.60,8.58,13.38,8.78,19.35,6.78,6.47,13.85,7.01,15.57
15.05,9.36,12.77,18.40,19.94,9.50,14.70,13.64,4.36,32.68,13.61,10.65,25.15,33.74,13.16,11.73,6.86,16.10,7.85
2.50,14.19,17.96,11.25,16.56,18.10,21.89,7.01,19.01,21.18,4.56,16.08,11.41,23.21,3.38,4.36,11.65,11.35,12.99
2.60,14.43,18.16,11.19,16.54,18.36,22.09,7.32,19.41,20.87,4.90,16.30,11.06,22.93,3.78,4.75,12.05,11.38,13.38
1.00,12.47,16.23,9.96,15.10,16.40,20.15,7.55,18.06,20.89,5.00,14.35,11.47,22.77,3.27,3.48,11.06,9.81,12.59
9.88,15.62,16.93,5.30,9.63,19.30,20.46,18.29,26.63,10.34,15.75,16.40,4.36,12.01,14.06,13.80,21.03,7.82,22.82
12.67,11.15,15.27,18.05,20.76,12.62,17.90,9.52,5.93,31.79,9.90,12.93,23.35,33.18,9.88,8.81,2.51,16.12,3.71
10.34,14.57,15.55,4.03,7.91,18.11,18.97,18.85,26.18,10.63,16.30,15.18,6.07,11.94,14.51,14.04,21.00,6.62,22.85
5.29,14.19,16.71,6.42,11.98,18.19,20.58,13.49,23.19,14.79,10.96,15.52,5.70,16.72,9.36,9.36,16.86,7.89,18.53
7.82,11.13,15.55,14.73,18.54,14.03,18.95,5.36,11.13,27.61,4.90,13.20,18.62,29.24,4.68,3.76,3.84,13.34,5.53
5.30,10.78,13.13,3.72,9.17,14.73,17.01,13.72,20.97,15.96,11.19,12.00,8.48,17.43,9.31,8.63,15.50,4.45,17.35
6.17,12.27,14.36,3.74,9.32,16.17,18.16,14.69,22.57,14.43,12.14,13.39,6.91,16.00,10.33,9.86,16.95,5.32,18.77
9.83,9.86,14.23,15.48,18.60,12.18,17.32,7.81,8.65,29.03,7.59,11.84,20.50,30.48,7.25,6.03,2.87,13.72,4.85
13.76,13.81,17.97,20.07,23.14,15.32,20.60,8.77,6.50,33.44,9.84,15.62,24.57,34.97,10.34,9.69,2.11,18.32,1.38
14.05,5.95,3.96,8.22,5.58,7.46,7.03,20.36,19.59,20.94,18.33,4.90,17.64,21.07,16.49,14.92,18.14,6.11,20.10
9.27,14.34,15.65,4.02,8.59,18.01,19.20,17.76,25.53,11.32,15.21,15.11,5.50,12.81,13.45,13.05,20.13,6.53,21.95
11.78,4.28,4.50,7.20,6.46,7.03,8.30,17.91,17.89,20.95,15.90,4.11,16.48,21.40,14.06,12.48,15.85,4.71,17.83
13.71,8.02,6.58,6.45,2.96,10.04,9.38,20.82,21.69,18.37,18.61,7.35,15.71,18.46,16.69,15.29,19.47,4.96,21.46
5.57,17.55,20.99,12.39,17.96,21.55,24.95,9.72,22.89,19.37,7.70,19.30,9.26,21.69,7.11,8.29,15.37,13.25,16.54
9.92,2.11,6.00,8.96,10.13,6.16,9.82,14.58,14.22,23.33,12.84,3.93,17.23,24.14,11.17,9.45,11.90,6.46,13.86
3.56,8.45,12.18,7.88,12.19,12.43,16.10,9.76,16.10,21.02,7.48,10.29,12.82,22.50,5.56,4.23,10.45,6.80,12.32
14.44,9.68,13.31,18.26,20.09,10.18,15.43,12.66,4.36,32.45,12.71,11.12,24.70,33.60,12.34,10.98,5.82,16.04,6.84
13.52,12.25,16.32,19.14,21.90,13.58,18.86,9.65,5.49,32.82,10.31,14.00,24.25,34.24,10.49,9.56,2.47,17.25,3.01
10.86,2.79,4.77,7.86,8.12,6.27,8.73,16.40,16.18,22.03,14.50,3.43,16.78,22.65,12.73,11.08,14.07,5.27,16.03
8.44,14.76,16.41,4.89,9.84,18.56,20.06,16.85,25.37,11.73,14.31,15.70,4.56,13.45,12.61,12.37,19.64,7.21,21.41
9.65,9.50,13.87,15.15,18.23,11.86,16.98,7.99,8.78,28.75,7.66,11.48,20.28,30.18,7.22,5.93,3.24,13.36,5.23
14.94,6.26,3.55,9.10,6.05,7.24,6.25,21.12,19.77,21.54,19.13,4.93,18.51,21.58,17.30,15.71,18.67,7.03,20.61
12.96,8.38,12.25,16.67,18.62,9.40,14.68,11.89,5.96,30.85,11.67,9.98,23.13,32.00,11.12,9.66,5.57,14.47,6.98
10.62,11.04,15.37,16.65,19.85,13.18,18.37,7.47,8.17,30.07,7.67,12.99,21.37,31.57,7.65,6.65,1.62,14.93,3.60
10.14,10.84,15.20,16.23,19.49,13.12,18.27,7.20,8.60,29.61,7.29,12.82,20.89,31.11,7.20,6.18,1.96,14.54,3.95
8.15,13.81,15.42,3.91,9.01,17.58,19.07,16.64,24.63,12.31,14.09,14.71,5.55,13.88,12.33,11.95,19.09,6.22,20.90
2.85,14.80,18.26,10.26,15.75,18.80,22.22,8.99,20.79,19.23,6.58,16.56,9.39,21.32,5.38,6.13,13.59,10.80,14.99
13.49,9.54,8.46,5.34,1.20,11.85,11.23,21.08,23.10,16.48,18.76,9.09,14.24,16.58,16.81,15.54,20.36,4.62,22.35
9.18,3.25,7.59,10.01,11.85,6.91,11.22,12.91,12.71,24.36,11.33,5.32,17.58,25.34,9.78,8.02,9.98,7.68,11.94
13.32,1.55,2.89,10.94,10.32,3.15,6.46,17.68,14.57,24.94,16.09,0.54,19.89,25.42,14.50,12.75,14.05,8.35,15.91
6.52,5.93,10.11,9.41,12.52,9.69,13.87,10.51,13.45,23.37,8.72,7.95,15.74,24.62,7.08,5.34,8.96,7.55,10.94
12.71,11.82,15.97,18.42,21.28,13.36,18.63,9.04,6.18,32.04,9.59,13.62,23.45,33.48,9.72,8.76,1.90,16.56,2.96
10.89,2.11,4.74,8.46,8.84,5.79,8.67,16.08,15.46,22.69,14.25,3.07,17.25,23.34,12.52,10.84,13.49,5.88,15.44
11.67,13.53,17.87,18.58,22.09,15.63,20.84,6.42,8.71,31.56,7.45,15.48,22.46,33.19,8.05,7.58,1.07,17.04,1.59
12.23,4.26,4.09,7.57,6.52,6.77,7.86,18.28,17.93,21.20,16.29,3.88,16.88,21.60,14.46,12.87,16.09,5.11,18.05
14.25,2.38,2.32,11.67,10.68,2.43,5.60,18.49,14.67,25.54,16.95,0.52,20.72,25.94,15.38,13.62,14.63,9.10,16.45
13.01,11.13,15.19,18.24,20.86,12.47,17.76,9.91,5.55,32.04,10.29,12.87,23.66,33.41,10.26,9.16,2.87,16.28,3.94
16.64,9.61,6.76,9.17,4.28,10.54,8.33,23.59,23.18,19.54,21.44,8.35,18.14,19.23,19.53,18.08,21.77,7.90,23.73
13.04,12.77,16.94,19.11,22.11,14.34,19.61,8.68,6.43,32.58,9.48,14.58,23.83,34.07,9.80,9.01,1.56,17.32,2.02
6.50,15.33,17.67,6.89,12.32,19.31,21.50,14.50,24.50,13.69,12.01,16.59,4.39,15.72,10.49,10.59,18.12,8.67,19.76
12.24,5.29,4.84,6.81,5.47,7.77,8.42,18.69,18.93,20.22,16.61,4.90,16.20,20.58,14.75,13.22,16.84,4.49,18.82
4.88,16.82,20.49,12.78,18.28,20.76,24.44,7.98,21.35,20.85,5.98,18.67,10.77,23.09,5.54,6.88,13.73,13.31,14.85
10.13,8.74,13.06,15.04,17.85,10.93,16.09,8.98,8.30,28.85,8.57,10.68,20.61,30.20,8.01,6.60,3.88,13.13,5.80
1.22,13.04,16.51,9.01,14.38,17.05,20.46,9.03,19.59,19.26,6.50,14.79,9.79,21.19,4.90,5.13,12.72,9.27,14.26
13.70,1.70,3.52,11.92,11.45,2.36,6.58,17.50,13.55,26.01,16.06,1.32,20.74,26.52,14.55,12.78,13.47,9.33,15.27
11.92,11.55,15.78,17.78,20.77,13.33,18.58,8.37,6.96,31.31,8.82,13.41,22.67,32.78,8.91,7.96,1.41,15.97,2.98
10.32,3.31,7.69,11.53,13.09,6.24,11.01,13.10,11.30,25.89,11.78,5.32,19.07,26.84,10.40,8.63,9.32,9.15,11.22
5.88,7.01,11.24,9.99,13.45,10.68,14.98,9.37,13.28,23.68,7.59,9.06,15.67,25.04,5.98,4.23,8.18,8.33,10.14
10.15,14.62,15.68,4.11,8.15,18.19,19.13,18.65,26.13,10.68,16.10,15.28,5.83,12.05,14.32,13.88,20.88,6.70,22.73
6.45,12.61,14.64,3.81,9.36,16.50,18.42,14.97,22.96,14.07,12.41,13.70,6.56,15.65,10.62,10.19,17.31,5.55,19.12
18.48,6.88,2.92,14.36,11.57,4.35,1.10,22.98,17.58,27.11,21.44,4.82,23.75,27.06,19.85,18.10,18.81,12.01,20.54
8.47,15.76,17.57,6.11,11.08,19.61,21.25,16.69,25.94,11.58,14.18,16.78,3.42,13.50,12.58,12.51,19.93,8.37,21.64
9.68,2.44,6.11,8.55,9.80,6.48,9.98,14.56,14.58,22.92,12.77,4.14,16.83,23.74,11.06,9.36,12.08,6.05,14.06
5.09,13.76,16.28,6.09,11.66,17.76,20.15,13.39,22.85,14.96,10.86,15.09,6.04,16.84,9.21,9.14,16.60,7.49,18.28
11.12,16.16,17.15,5.64,9.27,19.72,20.55,19.55,27.57,9.28,17.01,16.80,4.89,10.82,15.30,14.99,22.15,8.23,23.96
12.25,16.48,17.14,5.93,8.75,19.89,20.39,20.73,28.28,8.53,18.18,16.96,5.89,9.84,16.43,16.06,23.09,8.51,24.93
11.95,8.77,12.86,16.27,18.61,10.28,15.54,10.56,6.59,30.30,10.36,10.53,22.31,31.55,9.88,8.48,4.41,14.19,6.00
1.02,12.12,15.90,9.88,14.96,16.04,19.82,7.51,17.72,21.05,4.96,14.00,11.71,22.90,3.16,3.19,10.78,9.63,12.34
12.77,13.14,17.36,19.12,22.27,14.85,20.12,8.06,7.07,32.44,8.97,15.00,23.57,33.98,9.39,8.70,1.12,17.40,1.43
5.07,16.81,20.06,11.02,16.61,20.84,24.02,10.61,23.07,18.05,8.40,18.49,7.97,20.31,7.48,8.39,15.76,12.03,17.07
13.11,9.97,13.93,17.67,19.97,11.11,16.40,10.91,5.31,31.68,11.02,11.63,23.59,32.94,10.75,9.48,4.12,15.59,5.34
9.03,15.14,16.65,5.05,9.78,18.89,20.26,17.43,25.90,11.16,14.89,16.01,4.37,12.87,13.20,12.95,20.21,7.47,21.99
11.11,15.06,15.85,4.51,7.84,18.52,19.19,19.62,26.85,9.98,17.07,15.59,6.25,11.22,15.28,14.81,21.75,7.09,23.60
1.20,10.91,14.44,8.02,13.07,14.91,18.39,9.25,18.04,19.80,6.73,12.68,10.91,21.52,4.83,4.30,11.64,7.76,13.36
8.84,3.35,7.58,9.46,11.39,7.18,11.30,12.93,13.24,23.81,11.26,5.38,17.06,24.80,9.66,7.91,10.31,7.14,12.28
8.27,3.93,7.38,7.49,9.55,7.97,11.30,13.69,15.24,21.86,11.74,5.56,15.44,22.81,9.96,8.32,11.94,5.14,13.93
1.71,13.03,16.84,10.67,15.83,16.92,20.76,6.96,18.06,21.35,4.41,14.93,11.80,23.28,2.82,3.39,10.88,10.54,12.33
3.95,12.50,15.23,5.86,11.42,16.53,19.15,12.43,21.43,16.18,9.88,13.92,7.47,17.95,8.13,7.89,15.26,6.78,16.98
10.50,1.58,5.43,9.20,10.04,5.63,9.23,15.12,14.26,23.54,13.40,3.34,17.64,24.30,11.74,10.02,12.26,6.66,14.21
12.88,2.26,2.74,9.68,8.88,4.43,6.67,17.90,15.84,23.56,16.15,1.50,18.79,24.00,14.46,12.75,14.81,7.12,16.72
15.93,4.71,0.32,11.88,9.65,3.84,3.65,20.80,17.00,25.04,19.14,2.66,21.23,25.17,17.48,15.76,17.18,9.46,19.00
1.81,13.79,17.42,10.29,15.64,17.75,21.37,7.96,19.39,20.24,5.47,15.61,10.56,22.24,4.08,4.73,12.22,10.49,13.65
13.21,11.57,15.63,18.60,21.27,12.90,18.18,9.81,5.48,32.35,10.30,13.31,23.90,33.74,10.35,9.32,2.67,16.66,3.57
12.47,15.61,16.01,5.20,7.41,18.89,19.17,20.99,27.79,9.20,18.44,15.97,7.20,10.17,16.64,16.11,22.93,7.68,24.81
2.98,14.87,18.28,10.08,15.60,18.88,22.24,9.31,21.05,18.91,6.91,16.60,9.06,21.01,5.70,6.40,13.89,10.69,15.29
11.04,19.09,20.77,9.19,13.62,22.92,24.39,18.72,29.02,9.67,16.30,20.07,0.54,12.01,14.92,15.13,22.68,11.58,24.30
11.35,13.70,14.18,3.36,5.99,17.00,17.43,19.84,25.99,11.11,17.30,14.07,8.04,11.98,15.43,14.76,21.34,5.78,23.25
5.81,6.20,9.97,7.72,11.11,10.19,13.87,11.28,15.14,21.67,9.21,8.04,14.23,22.92,7.39,5.80,10.52,5.97,12.50
14.14,3.35,1.48,10.35,8.80,4.20,5.44,19.22,16.55,23.88,17.48,1.69,19.61,24.18,15.78,14.08,15.97,7.86,17.86
11.07,10.09,14.36,16.45,19.32,12.02,17.25,8.68,7.40,30.14,8.70,11.98,21.71,31.54,8.47,7.28,2.59,14.58,4.41
9.62,14.91,16.19,4.56,8.97,18.58,19.72,18.09,26.07,10.81,15.54,15.67,5.05,12.36,13.80,13.46,20.60,7.09,22.41
6.59,5.50,9.05,7.15,10.18,9.54,12.98,12.32,15.50,21.33,10.25,7.23,14.30,22.46,8.42,6.84,11.33,5.18,13.31
12.81,2.37,2.81,9.52,8.72,4.59,6.75,17.90,15.98,23.40,16.13,1.66,18.64,23.84,14.43,12.73,14.87,6.96,16.79
12.14,10.92,15.09,17.59,20.38,12.55,17.82,9.11,6.45,31.29,9.41,12.74,22.82,32.70,9.36,8.27,2.27,15.70,3.73
11.20,12.17,16.49,17.62,20.93,14.24,19.45,7.08,8.14,30.87,7.66,14.11,22.00,32.43,7.92,7.15,0.52,15.97,2.51
11.00,1.01,5.28,9.97,10.66,5.02,8.94,15.22,13.64,24.30,13.61,3.02,18.37,25.04,12.01,10.26,12.00,7.42,13.92
6.86,13.21,15.16,4.09,9.55,17.08,18.92,15.35,23.57,13.50,12.80,14.27,5.96,15.14,11.04,10.68,17.87,6.02,19.66
12.38,17.59,18.45,7.05,10.21,21.10,21.76,20.74,29.04,7.84,18.21,18.18,4.68,9.50,16.54,16.32,23.54,9.64,25.34
11.76,9.67,13.83,16.67,19.26,11.31,16.57,9.70,6.65,30.54,9.68,11.48,22.30,31.87,9.37,8.09,3.35,14.69,4.97
11.70,16.03,16.79,5.48,8.60,19.49,20.10,20.18,27.75,9.06,17.63,16.56,5.75,10.40,15.88,15.50,22.53,8.06,24.37
7.90,4.13,7.86,7.92,10.21,8.16,11.75,13.03,14.74,22.25,11.12,5.92,15.55,23.26,9.37,7.70,11.26,5.66,13.25
12.54,9.97,14.03,17.33,19.79,11.35,16.63,10.27,5.87,31.25,10.37,11.71,23.07,32.56,10.12,8.87,3.59,15.30,4.97
11.34,9.92,14.15,16.53,19.30,11.74,16.98,9.09,7.09,30.30,9.09,11.78,21.94,31.67,8.82,7.60,2.87,14.62,4.61
10.29,1.77,6.05,9.77,10.89,5.70,9.73,14.45,13.43,24.15,12.83,3.81,17.94,24.97,11.23,9.48,11.39,7.28,13.33
13.33,5.82,9.34,15.29,16.46,6.38,11.66,14.03,7.87,29.66,13.34,7.15,22.71,30.58,12.41,10.74,8.40,12.88,9.95
11.03,14.19,14.86,3.68,6.85,17.59,18.18,19.54,26.22,10.70,17.00,14.66,7.18,11.76,15.16,14.58,21.34,6.22,23.23
10.78,11.66,16.00,17.09,20.38,13.81,19.00,7.09,8.29,30.39,7.48,13.62,21.57,31.93,7.62,6.76,1.07,15.42,3.06
12.65,13.11,17.34,19.03,22.20,14.85,20.11,7.94,7.18,32.34,8.84,14.97,23.45,33.88,9.27,8.58,1.00,17.32,1.43
11.35,10.30,14.54,16.75,19.60,12.15,17.38,8.79,7.14,30.45,8.89,12.17,22.01,31.85,8.70,7.54,2.46,14.87,4.22
1.27,11.08,14.86,9.25,14.17,15.01,18.78,7.98,17.15,21.03,5.49,12.96,11.97,22.78,3.56,3.03,10.50,8.81,12.16
11.10,17.55,18.84,7.22,11.22,21.24,22.33,19.30,28.36,8.95,16.79,18.34,2.98,10.91,15.21,15.13,22.51,9.75,24.25
8.99,16.51,18.29,6.79,11.63,20.36,21.96,17.10,26.62,11.11,14.60,17.52,2.68,13.13,13.05,13.06,20.52,9.09,22.21
13.23,4.19,3.04,8.59,6.99,6.04,6.77,19.04,17.84,22.01,17.12,3.27,17.94,22.31,15.32,13.69,16.49,6.17,18.43
11.33,18.58,20.04,8.41,12.56,22.34,23.58,19.28,29.00,8.92,16.82,19.46,1.78,11.13,15.34,15.42,22.90,10.90,24.58
12.09,11.00,15.18,17.60,20.42,12.66,17.92,8.99,6.53,31.28,9.31,12.82,22.78,32.69,9.27,8.21,2.14,15.72,3.62
7.55,6.16,8.55,4.81,7.66,10.05,12.48,14.46,17.85,19.17,12.22,7.31,13.01,20.15,10.30,8.91,13.92,2.61,15.90
13.81,6.41,4.68,7.63,4.87,8.14,7.70,20.35,20.09,20.22,18.27,5.51,17.03,20.36,16.40,14.88,18.39,5.62,20.35
20.05,8.09,4.99,16.62,14.02,4.51,2.25,23.80,16.72,29.54,22.48,6.25,25.96,29.51,21.01,19.24,19.00,14.19,20.59
12.61,1.08,4.71,11.61,11.77,3.38,7.90,16.19,12.77,25.88,14.77,2.34,20.14,26.52,13.29,11.52,12.22,9.04,14.05
8.05,16.72,18.85,7.65,12.81,20.66,22.62,15.86,26.10,12.35,13.40,17.89,2.80,14.50,11.96,12.14,19.69,9.71,21.31
14.30,10.49,14.25,18.66,20.74,11.21,16.47,11.91,4.15,32.74,12.14,12.02,24.74,33.96,11.93,10.67,4.91,16.51,5.79
16.42,9.09,6.20,9.18,4.54,9.98,7.86,23.25,22.64,19.93,21.12,7.80,18.26,19.67,19.23,17.75,21.31,7.77,23.27
15.67,3.71,2.26,12.97,11.55,1.53,4.47,19.65,14.73,26.67,18.20,1.94,22.10,26.96,16.67,14.91,15.42,10.42,17.18
14.75,3.03,1.63,11.75,10.41,2.59,4.96,19.15,15.28,25.45,17.59,0.96,20.90,25.78,15.99,14.24,15.34,9.21,17.16
15.71,4.68,0.36,11.52,9.27,4.13,3.91,20.72,17.21,24.65,19.02,2.68,20.88,24.78,17.34,15.63,17.22,9.11,19.06
1.20,12.61,16.38,10.15,15.30,16.52,20.30,7.37,18.03,21.03,4.82,14.49,11.58,22.93,3.12,3.41,10.98,10.01,12.49
3.84,15.39,18.61,9.73,15.30,19.43,22.57,10.46,22.13,17.81,8.08,17.05,7.90,19.95,6.87,7.51,15.03,10.62,16.46
11.77,4.66,4.75,6.90,6.09,7.39,8.50,18.05,18.26,20.58,16.00,4.48,16.21,21.02,14.15,12.59,16.12,4.45,18.10
12.51,1.81,5.53,12.13,12.56,3.70,8.55,15.64,11.91,26.46,14.32,3.20,20.45,27.17,12.91,11.14,11.42,9.58,13.23
0.33,12.05,15.59,8.71,13.93,16.04,19.54,8.83,18.68,19.72,6.28,13.83,10.49,21.56,4.50,4.41,11.96,8.69,13.58
8.65,15.11,16.75,5.20,10.08,18.91,20.39,17.02,25.69,11.47,14.49,16.04,4.22,13.23,12.81,12.61,19.91,7.55,21.67
12.96,11.35,15.44,18.33,21.01,12.75,18.03,9.68,5.68,32.08,10.12,13.11,23.64,33.47,10.13,9.08,2.60,16.40,3.65
0.99,11.19,14.70,8.08,13.19,15.19,18.65,9.24,18.28,19.66,6.71,12.95,10.71,21.41,4.84,4.41,11.82,7.90,13.51
4.01,15.26,18.36,9.19,14.78,19.30,22.31,11.03,22.40,17.20,8.62,16.86,7.34,19.32,7.33,7.86,15.42,10.19,16.89
10.56,15.04,16.02,4.51,8.29,18.58,19.43,19.06,26.59,10.21,16.51,15.66,5.71,11.59,14.74,14.32,21.34,7.10,23.18
11.67,0.72,4.33,9.86,10.05,4.55,8.07,16.17,14.33,24.09,14.52,2.17,18.55,24.72,12.88,11.15,12.96,7.27,14.88
13.69,1.70,3.17,11.66,11.07,2.49,6.38,17.69,13.94,25.70,16.20,0.92,20.55,26.18,14.66,12.90,13.77,9.07,15.59
4.65,13.28,15.87,5.95,11.54,17.29,19.76,13.03,22.32,15.40,10.49,14.64,6.58,17.24,8.80,8.67,16.10,7.19,17.80
11.69,3.74,4.29,7.54,7.00,6.60,8.18,17.61,17.36,21.41,15.64,3.67,16.75,21.89,13.82,12.22,15.40,5.01,17.36
12.08,13.10,17.39,18.65,21.97,15.02,20.26,7.27,7.84,31.84,8.17,15.01,22.89,33.42,8.63,8.00,0.52,17.01,1.47
5.40,17.28,20.62,11.74,17.33,21.30,24.58,10.26,23.11,18.64,8.15,19.00,8.53,20.93,7.40,8.44,15.69,12.70,16.93
3.33,12.89,15.79,6.73,12.27,16.93,19.73,11.70,21.25,16.72,9.16,14.39,7.67,18.57,7.47,7.38,14.86,7.55,16.53
9.38,2.94,6.28,7.93,9.30,6.95,10.19,14.61,15.14,22.30,12.74,4.46,16.27,23.13,10.99,9.32,12.43,5.44,14.41
2.05,10.59,13.92,7.01,12.10,14.63,17.87,10.26,18.55,18.97,7.75,12.27,10.34,20.63,5.84,5.22,12.41,6.83,14.17
14.64,8.71,6.81,7.15,2.85,10.42,9.26,21.79,22.40,18.40,19.57,7.86,16.26,18.34,17.65,16.25,20.37,5.86,22.35
11.95,16.53,17.32,5.98,9.08,20.01,20.62,20.40,28.19,8.62,17.86,17.08,5.43,10.05,16.13,15.79,22.89,8.57,24.72
9.89,17.44,19.11,7.54,12.14,21.26,22.74,17.89,27.60,10.30,15.41,18.40,1.88,12.42,13.90,13.97,21.45,9.92,23.13
14.24,2.61,1.86,11.29,10.12,2.92,5.43,18.74,15.26,25.06,17.14,0.53,20.41,25.42,15.53,13.79,15.06,8.73,16.91
12.66,1.54,5.14,12.00,12.27,3.44,8.19,15.96,12.26,26.29,14.61,2.80,20.42,26.97,13.17,11.40,11.81,9.43,13.63
14.69,6.25,3.76,8.79,5.80,7.41,6.55,20.94,19.81,21.27,18.94,5.01,18.20,21.33,17.10,15.52,18.59,6.73,20.53
12.08,5.06,4.79,6.85,5.69,7.62,8.43,18.47,18.69,20.35,16.41,4.74,16.22,20.74,14.55,13.01,16.59,4.48,18.57
2.54,10.63,14.62,10.13,14.79,14.45,18.49,7.16,15.87,22.30,4.79,12.60,13.29,24.01,2.86,1.83,9.18,9.39,10.87
9.26,15.94,17.52,5.93,10.61,19.72,21.13,17.55,26.49,10.80,15.03,16.85,3.49,12.66,13.40,13.27,20.62,8.34,22.36
5.82,14.03,16.37,5.79,11.32,18.00,20.21,14.13,23.45,14.23,11.60,15.28,5.48,16.09,9.95,9.86,17.29,7.42,18.99
2.32,14.05,17.41,9.29,14.78,18.07,21.37,9.51,20.64,18.68,7.03,15.76,9.00,20.70,5.62,6.08,13.65,9.83,15.13
6.29,11.30,13.33,2.97,8.54,15.17,17.13,14.76,21.93,14.94,12.23,12.37,7.88,16.37,10.35,9.72,16.57,4.30,18.43
15.83,3.83,3.20,13.63,12.43,0.59,4.95,19.40,13.87,27.46,18.06,2.47,22.65,27.80,16.60,14.83,14.89,11.06,16.60
14.00,2.02,3.51,12.23,11.68,2.03,6.40,17.71,13.45,26.30,16.30,1.46,21.07,26.79,14.80,13.03,13.56,9.64,15.35
14.23,2.74,4.79,13.27,13.02,2.05,7.19,17.25,12.09,27.46,16.01,2.86,21.88,28.03,14.63,12.86,12.64,10.68,14.36
11.30,14.54,15.17,4.04,7.03,17.92,18.46,19.82,26.58,10.34,17.28,14.99,7.06,11.40,15.45,14.89,21.68,6.58,23.56
13.86,2.09,2.41,11.24,10.35,2.85,5.90,18.22,14.80,25.14,16.65,0.09,20.28,25.56,15.05,13.30,14.51,8.67,16.36
15.57,14.40,18.34,21.46,24.20,15.39,20.65,10.71,4.85,35.07,11.81,16.06,26.36,36.52,12.27,11.53,3.98,19.57,3.15
14.47,9.95,8.41,6.29,1.23,11.96,10.89,22.01,23.60,16.77,19.70,9.30,15.04,16.70,17.76,16.46,21.11,5.59,23.10
13.11,4.21,3.18,8.45,6.90,6.14,6.91,18.96,17.87,21.89,17.03,3.36,17.79,22.20,15.23,13.60,16.46,6.03,18.40
12.62,7.84,11.75,16.14,18.06,8.97,14.25,11.91,6.48,30.34,11.56,9.46,22.70,31.48,10.93,9.42,5.83,13.92,7.34
14.59,9.18,7.42,6.82,2.24,11.01,9.86,21.89,22.87,17.79,19.64,8.41,15.82,17.73,17.71,16.35,20.67,5.74,22.66
4.36,16.36,19.91,11.85,17.38,20.34,23.86,8.70,21.56,19.91,6.54,18.16,9.86,22.13,5.81,6.94,14.09,12.48,15.31
2.00,13.98,17.49,9.85,15.28,17.97,21.44,8.70,20.04,19.49,6.22,15.75,9.79,21.51,4.84,5.41,12.94,10.22,14.40
14.90,12.08,15.89,19.87,22.20,12.85,18.11,11.51,3.69,33.81,12.08,13.65,25.53,35.11,12.13,11.06,4.32,17.82,4.66
5.99,15.09,17.54,6.98,12.47,19.09,21.40,13.98,24.05,14.22,11.49,16.40,4.86,16.24,9.97,10.09,17.62,8.63,19.26
3.46,10.86,13.75,5.52,10.84,14.90,17.69,11.89,19.90,17.35,9.36,12.34,9.07,18.97,7.49,6.91,14.01,5.78,15.81
17.02,5.84,1.46,12.61,9.92,4.44,2.64,21.95,17.77,25.42,20.29,3.78,22.01,25.44,18.63,16.91,18.24,10.28,20.05
13.93,8.41,6.89,6.47,2.63,10.39,9.60,21.13,22.08,18.11,18.90,7.72,15.65,18.15,16.97,15.59,19.84,5.13,21.83
8.94,14.34,15.76,4.15,8.90,18.05,19.35,17.42,25.37,11.53,14.87,15.16,5.29,13.08,13.12,12.75,19.88,6.60,21.69
3.03,14.32,17.51,8.79,14.34,18.36,21.46,10.46,21.44,17.73,7.98,15.96,8.05,19.77,6.57,6.96,14.54,9.57,16.06
1.36,11.97,15.81,10.08,15.10,15.86,19.72,7.23,17.35,21.40,4.70,13.87,12.09,23.24,2.85,2.81,10.40,9.75,11.96
9.44,3.90,6.27,6.68,7.89,7.68,10.22,15.41,16.58,21.00,13.39,4.91,15.36,21.77,11.56,9.97,13.70,4.12,15.69
11.90,4.60,4.61,7.04,6.14,7.27,8.35,18.14,18.23,20.70,16.10,4.37,16.36,21.12,14.26,12.69,16.16,4.59,18.14
10.90,9.00,13.25,15.72,18.39,10.92,16.14,9.41,7.53,29.59,9.16,10.87,21.38,30.91,8.69,7.33,3.70,13.76,5.51
9.90,14.47,15.59,3.99,8.18,18.07,19.06,18.41,25.92,10.89,15.86,15.15,5.81,12.28,14.08,13.64,20.65,6.57,22.49
11.82,11.43,15.67,17.65,20.64,13.23,18.48,8.35,7.02,31.19,8.76,13.30,22.56,32.66,8.83,7.86,1.46,15.85,3.09
17.43,7.44,3.29,11.76,8.14,6.87,4.01,23.16,20.12,23.67,21.31,5.56,21.15,23.50,19.53,17.88,20.05,9.72,21.92
9.09,10.22,14.62,15.16,18.52,12.77,17.83,6.96,9.49,28.51,6.67,12.24,19.82,30.02,6.36,5.20,2.99,13.51,4.95
3.89,14.74,17.75,8.46,14.05,18.78,21.69,11.39,22.29,16.80,8.92,16.30,7.10,18.87,7.52,7.88,15.47,9.49,17.00
9.00,14.52,15.94,4.33,9.05,18.23,19.53,17.47,25.51,11.41,14.92,15.34,5.12,12.98,13.18,12.84,19.99,6.78,21.79
10.22,14.49,15.49,3.96,7.92,18.04,18.93,18.74,26.08,10.73,16.19,15.12,6.06,12.06,14.39,13.93,20.89,6.55,22.74
11.75,12.36,16.64,18.07,21.30,14.29,19.52,7.51,7.65,31.39,8.18,14.27,22.55,32.93,8.47,7.70,0.37,16.38,2.18
12.14,9.74,13.85,16.95,19.46,11.25,16.52,10.02,6.27,30.86,10.05,11.51,22.66,32.17,9.75,8.48,3.52,14.94,5.03
8.83,3.85,6.78,6.97,8.63,7.81,10.74,14.59,15.98,21.34,12.60,5.19,15.32,22.20,10.78,9.18,12.89,4.49,14.89
3.79,14.77,17.83,8.63,14.21,18.82,21.77,11.20,22.20,16.99,8.75,16.35,7.26,19.06,7.36,7.76,15.34,9.62,16.86
13.25,6.62,5.34,6.85,4.32,8.68,8.47,19.99,20.30,19.53,17.86,5.95,16.26,19.72,15.97,14.49,18.29,4.90,20.27
10.96,5.68,6.11,5.53,5.28,8.70,9.80,17.72,19.04,19.30,15.56,5.78,14.86,19.81,13.66,12.20,16.36,3.11,18.35
12.44,18.06,19.01,7.54,10.84,21.62,22.36,20.73,29.34,7.65,18.21,18.70,4.17,9.47,16.58,16.43,23.72,10.13,25.49
10.45,18.11,19.76,8.17,12.65,21.93,23.37,18.34,28.25,9.87,15.89,19.07,1.33,12.08,14.42,14.54,22.05,10.57,23.70
5.50,6.81,10.13,6.29,10.02,10.86,14.08,12.03,16.59,20.22,9.80,8.44,12.94,21.46,7.89,6.49,11.88,4.72,13.83
5.54,6.46,10.26,7.81,11.32,10.44,14.16,11.00,15.14,21.69,8.93,8.32,14.13,22.96,7.10,5.52,10.38,6.14,12.35
5.46,15.65,18.38,8.25,13.79,19.69,22.28,12.97,23.82,15.25,10.53,17.09,5.46,17.38,9.16,9.50,17.09,9.69,18.63
11.30,18.12,19.48,7.85,11.89,21.83,22.98,19.38,28.76,8.81,16.89,18.94,2.41,10.90,15.35,15.36,22.79,10.37,24.50
10.77,17.47,18.86,7.23,11.40,21.19,22.39,18.92,28.13,9.30,16.42,18.30,2.67,11.30,14.85,14.81,22.21,9.73,23.94
10.51,11.71,16.07,16.93,20.29,13.95,19.12,6.77,8.63,30.16,7.15,13.69,21.30,31.72,7.30,6.47,1.22,15.30,3.17
14.04,2.07,2.82,11.79,11.01,2.29,5.98,18.09,14.19,25.76,16.60,0.75,20.75,26.21,15.05,13.29,14.15,9.21,15.97
13.17,7.09,5.90,6.45,3.77,9.24,8.97,20.09,20.75,18.97,17.91,6.49,15.82,19.16,16.01,14.56,18.58,4.63,20.56
7.62,14.62,16.50,5.18,10.40,18.48,20.22,15.99,24.84,12.47,13.45,15.66,4.56,14.27,11.78,11.60,18.94,7.32,20.68
4.65,15.69,18.69,9.17,14.76,19.73,22.62,11.65,23.05,16.62,9.26,17.25,6.71,18.78,8.00,8.53,16.09,10.33,17.56
11.62,17.52,18.64,7.07,10.75,21.14,22.06,19.89,28.62,8.46,17.37,18.23,3.70,10.31,15.75,15.61,22.92,9.64,24.68
11.71,7.86,11.95,15.58,17.77,9.41,14.66,11.00,7.12,29.70,10.60,9.61,21.89,30.89,9.95,8.45,5.21,13.44,6.88
13.86,4.01,2.19,9.45,7.69,5.31,5.96,19.39,17.49,22.82,17.54,2.71,18.79,23.08,15.79,14.12,16.53,7.02,18.45
10.71,16.63,17.86,6.24,10.26,20.29,21.34,19.04,27.64,9.40,16.51,17.38,3.80,11.18,14.86,14.68,21.97,8.79,23.74
13.32,11.20,15.22,18.47,21.02,12.44,17.72,10.21,5.22,32.31,10.61,12.91,23.95,33.66,10.58,9.48,3.13,16.49,4.08
6.25,16.17,18.75,8.29,13.77,20.19,22.63,13.74,24.58,14.51,11.31,17.54,4.67,16.68,9.96,10.30,17.89,9.91,19.43
12.49,11.23,15.38,17.97,20.75,12.78,18.05,9.25,6.17,31.67,9.64,13.03,23.18,33.08,9.64,8.60,2.24,16.08,3.52
10.40,15.44,16.55,4.97,8.95,19.04,20.01,18.86,26.78,10.07,16.31,16.13,5.05,11.59,14.58,14.24,21.37,7.55,23.18
4.55,13.64,16.30,6.42,12.01,17.66,20.20,12.82,22.44,15.51,10.29,15.03,6.45,17.40,8.66,8.62,16.10,7.66,17.77
2.11,12.81,16.72,11.02,16.09,16.65,20.61,6.42,17.44,21.97,3.87,14.74,12.46,23.88,2.18,2.76,10.22,10.75,11.66
2.00,14.00,17.58,10.16,15.57,17.98,21.53,8.31,19.79,19.88,5.84,15.81,10.16,21.90,4.49,5.14,12.63,10.47,14.06
13.00,17.99,18.72,7.43,10.28,21.45,21.97,21.36,29.56,7.27,18.83,18.52,5.09,8.89,17.16,16.93,24.13,10.02,25.93
11.90,6.35,6.03,5.72,4.41,9.00,9.49,18.78,19.89,18.98,16.60,6.12,15.13,19.36,14.70,13.25,17.40,3.58,19.39
12.74,6.38,5.46,6.50,4.42,8.66,8.75,19.50,20.04,19.43,17.36,5.86,15.91,19.69,15.47,13.99,17.88,4.45,19.86
12.29,12.04,16.25,18.27,21.28,13.75,19.02,8.38,6.81,31.76,8.98,13.89,23.06,33.24,9.17,8.29,1.23,16.47,2.53
15.59,13.61,17.46,21.08,23.61,14.43,19.68,11.30,3.95,34.85,12.20,15.21,26.33,36.24,12.50,11.62,4.27,19.10,3.90
12.90,6.68,5.66,6.44,4.14,8.91,8.86,19.73,20.34,19.22,17.57,6.13,15.85,19.45,15.67,14.21,18.16,4.49,20.15
12.38,17.68,18.56,7.14,10.33,21.20,21.88,20.72,29.09,7.81,18.20,18.28,4.57,9.50,16.54,16.33,23.57,9.73,25.36
11.89,5.04,4.93,6.70,5.70,7.70,8.60,18.30,18.64,20.27,16.23,4.80,16.06,20.68,14.36,12.83,16.47,4.31,18.45
5.63,17.12,21.01,14.16,19.57,20.95,24.92,6.34,20.37,22.72,4.66,19.06,12.64,24.95,4.79,6.41,12.58,14.43,13.53
13.17,7.00,5.80,6.51,3.87,9.14,8.89,20.06,20.67,19.07,17.89,6.39,15.89,19.26,15.99,14.54,18.52,4.66,20.50
13.37,17.18,17.60,6.71,8.85,20.48,20.71,21.85,29.22,7.67,19.30,17.56,6.59,8.81,17.55,17.16,24.15,9.23,26.00
12.35,1.91,3.29,9.43,8.96,4.65,7.21,17.35,15.58,23.43,15.60,1.76,18.45,23.94,13.90,12.20,14.34,6.85,16.26
1.26,13.20,16.86,9.98,15.27,17.16,20.80,7.92,18.92,20.35,5.38,15.04,10.79,22.30,3.84,4.29,11.84,10.06,13.32
3.21,12.02,16.12,11.63,16.40,15.73,19.94,5.61,15.87,23.26,3.17,14.03,13.91,25.08,1.22,1.21,8.66,11.00,10.16
18.26,6.91,2.66,13.78,10.81,4.85,1.42,23.05,18.18,26.35,21.44,4.83,23.19,26.27,19.80,18.07,19.11,11.48,20.88
14.44,3.89,1.35,10.29,8.46,4.56,5.22,19.67,17.08,23.66,17.90,2.22,19.62,23.90,16.19,14.50,16.51,7.85,18.40
0.61,11.88,15.37,8.38,13.61,15.88,19.32,9.13,18.76,19.49,6.58,13.63,10.33,21.30,4.78,4.61,12.13,8.39,13.77
11.83,6.57,6.28,5.50,4.21,9.25,9.71,18.80,20.08,18.73,16.61,6.37,14.92,19.11,14.69,13.27,17.52,3.42,19.51
5.17,14.61,17.22,7.05,12.61,18.63,21.11,13.18,23.29,15.02,10.68,15.99,5.66,17.02,9.15,9.27,16.81,8.48,18.44
9.16,4.15,6.56,6.46,7.88,7.97,10.52,15.23,16.67,20.80,13.18,5.21,15.08,21.60,11.34,9.77,13.65,3.92,15.64
10.28,11.34,15.70,16.58,19.92,13.60,18.76,6.90,8.67,29.87,7.13,13.31,21.07,31.41,7.18,6.27,1.56,14.93,3.53
17.97,7.68,3.37,12.42,8.78,6.75,3.42,23.55,20.07,24.31,21.74,5.73,21.81,24.10,19.99,18.32,20.26,10.36,22.11
5.87,6.19,10.12,8.29,11.64,10.13,13.98,10.88,14.61,22.21,8.89,8.11,14.65,23.47,7.11,5.47,9.96,6.53,11.93
15.03,11.23,14.91,19.47,21.54,11.77,17.01,12.28,3.39,33.55,12.65,12.71,25.51,34.78,12.53,11.33,5.16,17.33,5.76
11.08,3.29,4.67,7.54,7.53,6.54,8.61,16.86,16.77,21.60,14.91,3.64,16.59,22.18,13.11,11.49,14.65,4.96,16.62
5.34,17.34,20.92,12.79,18.34,21.31,24.87,8.77,22.15,20.29,6.81,19.16,10.18,22.58,6.35,7.64,14.55,13.48,15.68
13.27,5.56,4.23,7.62,5.50,7.50,7.58,19.62,19.25,20.65,17.58,4.78,17.04,20.88,15.72,14.17,17.54,5.42,19.50
15.63,11.84,15.45,20.15,22.19,12.25,17.46,12.62,2.79,34.22,13.10,13.28,26.15,35.45,13.05,11.89,5.45,18.00,5.82
3.68,15.45,18.77,10.15,15.71,19.48,22.72,9.93,21.82,18.37,7.57,17.15,8.44,20.52,6.43,7.17,14.64,10.94,16.04
8.13,17.01,19.17,8.00,13.17,20.96,22.95,15.83,26.26,12.42,13.39,18.20,2.67,14.61,11.99,12.22,19.78,10.05,21.38
7.85,12.16,16.58,15.27,19.28,15.09,20.00,4.31,11.69,27.82,4.11,14.23,18.63,29.53,4.27,3.77,4.01,14.02,5.43
6.35,6.38,9.38,5.65,9.05,10.40,13.34,13.04,17.03,19.81,10.81,7.84,12.98,20.94,8.90,7.50,12.67,3.83,14.64
13.32,17.01,17.40,6.56,8.64,20.30,20.52,21.80,29.08,7.83,19.25,17.37,6.71,8.93,17.50,17.08,24.05,9.06,25.90
7.62,5.30,9.64,10.29,13.00,8.85,13.28,10.86,12.42,24.39,9.28,7.38,16.89,25.58,7.77,6.00,8.47,8.26,10.46
5.95,16.35,20.46,14.88,20.07,20.00,24.28,4.08,18.34,24.54,2.57,18.37,14.55,26.68,3.40,5.17,10.46,14.76,11.31
11.77,8.63,8.36,3.98,2.63,11.42,11.59,19.37,21.95,16.57,17.04,8.54,13.26,16.94,15.09,13.84,18.83,2.90,20.82
13.10,5.36,4.18,7.59,5.64,7.38,7.61,19.41,19.04,20.73,17.37,4.62,17.00,20.99,15.52,13.96,17.31,5.34,19.28
6.76,5.31,8.91,7.30,10.24,9.34,12.83,12.36,15.34,21.50,10.32,7.06,14.50,22.62,8.50,6.91,11.25,5.29,13.23
8.85,4.26,6.85,6.44,8.09,8.14,10.80,14.90,16.55,20.81,12.85,5.42,14.93,21.64,11.01,9.44,13.40,3.94,15.39
10.74,13.75,14.46,3.24,6.59,17.16,17.80,19.25,25.78,11.14,16.70,14.23,7.39,12.19,14.86,14.24,20.95,5.78,22.84
18.04,6.12,3.10,14.71,12.47,2.94,2.37,22.02,16.02,27.92,20.61,4.23,24.01,28.00,19.09,17.33,17.53,12.25,19.21
12.63,9.96,14.00,17.37,19.80,11.30,16.58,10.38,5.78,31.31,10.47,11.68,23.14,32.61,10.21,8.96,3.68,15.34,5.03
14.72,3.95,1.00,10.65,8.76,4.30,4.90,19.85,16.97,24.00,18.11,2.14,19.97,24.22,16.41,14.71,16.56,8.21,18.44
16.78,4.78,3.04,14.16,12.54,1.34,3.94,20.47,14.61,27.77,19.12,3.14,23.30,28.01,17.64,15.87,15.92,11.62,17.61
14.10,7.37,5.57,7.31,3.96,9.11,8.34,20.92,21.06,19.42,18.78,6.51,16.64,19.48,16.88,15.41,19.20,5.58,21.18
13.56,19.07,19.87,8.52,11.42,22.57,23.13,21.81,30.47,6.51,19.30,19.64,4.69,8.40,17.69,17.56,24.86,11.11,26.63
1.92,13.89,17.53,10.38,15.74,17.85,21.48,7.93,19.45,20.27,5.44,15.72,10.56,22.28,4.09,4.78,12.25,10.59,13.67
13.90,19.45,20.23,8.90,11.72,22.94,23.47,22.11,30.85,6.16,19.61,20.01,4.80,8.10,18.01,17.90,25.22,11.49,26.98
1.72,11.97,15.86,10.38,15.35,15.83,19.76,6.91,17.06,21.76,4.38,13.89,12.44,23.60,2.51,2.48,10.06,9.99,11.61
11.74,16.31,17.12,5.76,8.95,19.79,20.44,20.20,27.95,8.86,17.65,16.87,5.44,10.28,15.92,15.57,22.66,8.35,24.49
4.32,14.03,16.80,7.08,12.66,18.06,20.71,12.41,22.45,15.83,9.90,15.48,6.51,17.79,8.33,8.41,15.95,8.26,17.58
15.26,13.74,17.67,20.95,23.61,14.71,19.98,10.77,4.51,34.64,11.73,15.39,26.03,36.06,12.08,11.26,3.82,19.03,3.34
8.95,3.83,6.67,6.93,8.51,7.76,10.63,14.75,16.07,21.30,12.75,5.11,15.35,22.14,10.93,9.33,13.03,4.44,15.02
4.06,8.97,12.02,5.49,10.23,13.01,15.97,11.81,18.34,18.60,9.38,10.50,10.84,20.03,7.43,6.43,12.93,4.88,14.81
15.33,3.37,2.33,12.75,11.46,1.54,4.80,19.31,14.57,26.51,17.86,1.65,21.84,26.84,16.33,14.57,15.13,10.19,16.89
9.76,15.61,16.97,5.34,9.73,19.31,20.51,18.15,26.56,10.44,15.61,16.42,4.26,12.13,13.93,13.68,20.93,7.84,22.71
15.08,3.24,1.78,12.19,10.82,2.19,4.75,19.32,15.07,25.89,17.80,1.26,21.33,26.20,16.23,14.48,15.36,9.64,17.16
9.89,2.46,5.79,8.27,9.33,6.45,9.70,14.99,15.02,22.61,13.16,3.95,16.72,23.39,11.43,9.74,12.59,5.73,14.56
16.90,5.13,1.82,13.41,11.29,2.78,2.88,21.20,16.14,26.68,19.69,3.11,22.71,26.81,18.12,16.37,17.05,10.95,18.80
13.29,7.96,6.77,6.01,2.86,10.15,9.70,20.47,21.60,18.12,18.24,7.41,15.29,18.27,16.31,14.92,19.23,4.53,21.22
4.73,13.43,16.02,6.04,11.63,17.44,19.90,13.08,22.45,15.32,10.54,14.79,6.44,17.17,8.87,8.76,16.21,7.31,17.90
6.81,6.05,8.95,5.59,8.73,10.06,12.91,13.43,17.04,19.84,11.23,7.46,13.22,20.92,9.32,7.89,12.89,3.60,14.87
8.74,6.91,11.32,12.83,15.59,9.70,14.63,9.61,10.11,26.77,8.59,8.95,18.84,28.05,7.54,5.87,5.96,10.87,7.94
11.24,11.09,15.37,17.10,20.15,13.05,18.27,8.03,7.51,30.61,8.31,13.00,21.98,32.08,8.30,7.30,1.56,15.32,3.42
5.16,7.08,10.46,6.46,10.32,11.13,14.41,11.70,16.55,20.27,9.46,8.75,12.84,21.55,7.54,6.15,11.68,4.99,13.63
2.81,14.34,17.61,9.11,14.65,18.37,21.56,10.05,21.18,18.14,7.58,16.01,8.43,20.18,6.19,6.65,14.22,9.80,15.71
11.85,9.76,13.91,16.77,19.37,11.38,16.64,9.71,6.56,30.64,9.72,11.56,22.39,31.97,9.43,8.17,3.31,14.79,4.90
13.45,17.21,17.61,6.76,8.83,20.51,20.72,21.93,29.27,7.62,19.38,17.58,6.66,8.75,17.63,17.23,24.22,9.27,26.07
13.80,19.08,19.79,8.52,11.24,22.54,23.02,22.08,30.59,6.32,19.56,19.61,5.06,8.12,17.94,17.78,25.05,11.11,26.83
11.33,15.00,15.70,4.46,7.57,18.42,19.00,19.85,26.90,9.95,17.30,15.49,6.56,11.11,15.50,15.00,21.88,7.03,23.75
10.71,16.28,17.44,5.84,9.78,19.91,20.90,19.09,27.44,9.50,16.56,17.00,4.28,11.18,14.88,14.64,21.87,8.41,23.66
11.96,0.83,5.05,11.11,11.53,4.04,8.42,15.66,12.87,25.42,14.19,2.67,19.54,26.11,12.68,10.91,11.90,8.55,13.76
12.90,2.33,2.72,9.65,8.82,4.47,6.66,17.95,15.91,23.52,16.20,1.54,18.77,23.95,14.50,12.79,14.87,7.09,16.78
11.73,15.98,16.72,5.43,8.51,19.43,20.02,20.22,27.73,9.08,17.67,16.50,5.84,10.40,15.91,15.52,22.54,8.01,24.38
13.98,15.73,15.60,5.89,6.43,18.74,18.49,22.49,28.42,9.27,19.95,15.84,9.03,9.71,18.10,17.44,23.99,8.06,25.91
12.88,2.58,2.74,9.44,8.54,4.71,6.69,18.05,16.19,23.26,16.27,1.80,18.59,23.68,14.55,12.86,15.07,6.89,16.99
2.37,12.61,15.73,7.34,12.81,16.66,19.69,10.76,20.45,17.68,8.21,14.21,8.54,19.53,6.51,6.43,13.95,7.87,15.60
8.91,14.14,15.54,3.92,8.69,17.84,19.12,17.41,25.23,11.64,14.86,14.95,5.52,13.16,13.09,12.70,19.79,6.38,21.61
12.09,9.45,13.55,16.75,19.21,10.95,16.22,10.19,6.34,30.69,10.15,11.21,22.56,31.99,9.79,8.48,3.79,14.71,5.33
2.59,13.72,16.92,8.38,13.90,17.76,20.87,10.39,20.99,17.83,7.88,15.36,8.30,19.80,6.36,6.62,14.20,9.05,15.76
9.29,15.46,16.95,5.34,9.96,19.21,20.54,17.66,26.23,10.86,15.13,16.33,4.12,12.60,13.45,13.23,20.51,7.78,22.28
13.88,10.96,14.86,18.67,21.00,11.94,17.22,11.06,4.55,32.63,11.40,12.59,24.44,33.92,11.29,10.13,3.99,16.61,4.84
12.46,19.88,21.28,9.66,13.59,23.62,24.78,20.24,30.26,8.12,17.81,20.74,2.00,10.50,16.39,16.55,24.07,12.17,25.72
9.17,2.90,7.08,9.29,10.99,6.82,10.82,13.45,13.53,23.66,11.76,4.90,17.11,24.59,10.13,8.39,10.80,6.90,12.77
1.11,13.03,16.53,9.17,14.53,17.03,20.49,8.82,19.43,19.48,6.28,14.80,10.00,21.41,4.68,4.94,12.52,9.39,14.06
12.90,19.26,20.34,8.80,12.24,22.88,23.72,20.99,30.23,7.20,18.51,19.96,3.40,9.33,16.97,16.95,24.36,11.38,26.09
12.48,0.76,3.68,10.46,10.28,3.78,7.32,16.84,14.29,24.60,15.23,1.40,19.27,25.17,13.63,11.89,13.37,7.87,15.26
6.51,6.62,10.92,10.36,13.59,10.19,14.60,9.60,12.74,24.17,7.94,8.69,16.26,25.49,6.42,4.65,7.91,8.58,9.89
16.49,20.77,20.97,10.34,11.82,23.99,23.89,24.83,32.83,4.04,22.30,21.07,7.64,5.40,20.65,20.42,27.58,12.85,29.39
12.38,16.53,17.16,6.00,8.73,19.93,20.39,20.86,28.38,8.44,18.31,17.00,5.99,9.73,16.56,16.18,23.21,8.56,25.05
14.72,13.01,16.96,20.26,22.87,14.04,19.31,10.59,4.54,33.99,11.40,14.67,25.45,35.39,11.65,10.75,3.48,18.31,3.40
3.87,11.60,14.34,5.36,10.83,15.62,18.26,12.39,20.76,16.57,9.84,13.01,8.20,18.24,8.02,7.58,14.80,6.02,16.57
12.60,16.61,17.18,6.09,8.66,19.98,20.38,21.07,28.52,8.32,18.53,17.05,6.19,9.56,16.78,16.38,23.39,8.64,25.23
15.17,3.38,4.25,13.73,13.05,0.99,6.22,18.31,12.66,27.79,17.06,2.79,22.53,28.25,15.67,13.90,13.63,11.14,15.32
3.05,14.18,17.33,8.54,14.09,18.22,21.28,10.64,21.46,17.55,8.16,15.80,7.92,19.57,6.70,7.04,14.62,9.34,16.16
9.88,16.54,18.04,6.42,10.88,20.30,21.61,18.12,27.15,10.18,15.60,17.42,3.11,12.08,13.99,13.90,21.27,8.87,23.01
11.08,9.31,13.55,16.02,18.71,11.19,16.41,9.32,7.33,29.85,9.16,11.18,21.60,31.20,8.76,7.44,3.42,14.07,5.21
11.51,2.73,4.14,8.21,8.02,5.87,8.09,17.01,16.33,22.25,15.13,2.97,17.25,22.80,13.36,11.71,14.51,5.63,16.47
10.53,11.16,15.50,16.66,19.90,13.34,18.52,7.28,8.32,30.03,7.50,13.12,21.29,31.54,7.51,6.55,1.55,14.96,3.54
3.99,10.81,13.55,5.00,10.35,14.83,17.48,12.42,20.20,16.94,9.89,12.22,8.86,18.52,8.01,7.40,14.44,5.37,16.25
10.64,1.90,6.32,10.63,11.74,5.42,9.82,14.26,12.56,25.00,12.76,3.97,18.66,25.84,11.26,9.49,10.80,8.14,12.71
16.02,4.46,0.84,12.39,10.37,3.08,3.57,20.60,16.32,25.71,19.01,2.38,21.69,25.88,17.39,15.65,16.74,9.92,18.54
15.82,9.19,6.69,8.34,3.63,10.43,8.65,22.85,22.83,19.07,20.67,8.08,17.37,18.86,18.76,17.32,21.18,7.06,23.15
12.27,19.30,20.61,9.00,12.84,23.01,24.09,20.21,29.89,8.01,17.75,20.11,2.33,10.27,16.28,16.35,23.83,11.53,25.51
18.42,9.94,6.23,11.40,6.63,9.93,6.67,24.93,23.08,21.73,22.89,8.30,20.47,21.28,21.03,19.49,22.48,9.91,24.40
14.40,4.36,1.82,9.85,7.81,5.23,5.47,19.90,17.70,23.07,18.07,2.84,19.22,23.28,16.32,14.65,16.94,7.47,18.85
12.17,9.81,13.92,17.00,19.53,11.32,16.59,10.00,6.25,30.90,10.04,11.58,22.69,32.22,9.75,8.49,3.46,15.00,4.96
4.45,8.56,11.57,5.35,9.93,12.60,15.52,12.06,18.17,18.71,9.65,10.07,11.13,20.09,7.70,6.62,12.93,4.55,14.83
5.69,15.05,17.59,7.19,12.71,19.06,21.46,13.61,23.82,14.58,11.13,16.40,5.13,16.61,9.63,9.78,17.33,8.75,18.95
6.98,15.80,18.08,7.15,12.50,19.77,21.89,14.91,25.02,13.28,12.43,17.03,3.88,15.35,10.94,11.08,18.62,9.03,20.25
9.54,17.20,18.95,7.41,12.13,21.04,22.60,17.53,27.28,10.66,15.06,18.20,2.02,12.76,13.55,13.62,21.11,9.75,22.78
12.64,16.95,17.57,6.41,9.09,20.35,20.79,21.10,28.76,8.05,18.55,17.42,5.85,9.39,16.82,16.47,23.54,8.98,25.37
6.31,6.08,9.32,6.25,9.55,10.13,13.27,12.65,16.43,20.40,10.48,7.66,13.44,21.54,8.59,7.12,12.09,4.39,14.07
8.45,4.80,7.32,5.95,7.92,8.69,11.28,14.75,16.91,20.33,12.64,5.96,14.38,21.20,10.77,9.25,13.52,3.50,15.51
7.81,4.23,7.93,7.81,10.15,8.27,11.83,13.01,14.84,22.14,11.09,6.01,15.43,23.16,9.32,7.66,11.30,5.57,13.30
2.47,14.29,17.69,9.60,15.09,18.31,21.65,9.35,20.69,18.84,6.89,16.02,9.10,20.89,5.54,6.09,13.63,10.14,15.09
0.96,12.50,16.24,9.92,15.08,16.43,20.17,7.60,18.12,20.83,5.05,14.37,11.41,22.71,3.33,3.54,11.12,9.79,12.65
6.55,15.88,18.31,7.60,13.03,19.87,22.15,14.32,24.74,13.88,11.86,17.18,4.25,15.99,10.42,10.64,18.21,9.35,19.80
14.10,4.59,2.42,9.29,7.22,5.80,5.97,19.82,18.08,22.46,17.93,3.28,18.67,22.67,16.15,14.51,17.08,6.94,19.00
6.18,6.42,10.61,9.60,12.88,10.14,14.37,10.02,13.43,23.44,8.22,8.44,15.64,24.74,6.58,4.84,8.65,7.83,10.63
6.84,5.22,8.83,7.33,10.21,9.26,12.75,12.42,15.31,21.54,10.39,6.97,14.57,22.65,8.57,6.97,11.26,5.29,13.25
10.02,2.11,5.79,8.74,9.80,6.15,9.64,14.85,14.54,23.09,13.07,3.79,17.11,23.88,11.38,9.67,12.24,6.21,14.20
12.86,19.12,20.17,8.65,12.05,22.72,23.55,20.98,30.13,7.21,18.49,19.81,3.51,9.30,16.94,16.91,24.30,11.23,26.03
15.93,7.13,3.90,9.79,6.19,7.68,5.91,22.14,20.49,21.74,20.16,5.63,19.15,21.65,18.32,16.74,19.62,7.85,21.55
6.88,14.17,16.22,5.15,10.54,18.08,19.99,15.26,24.17,13.21,12.72,15.28,5.03,15.00,11.04,10.86,18.21,7.09,19.95
12.23,12.53,16.77,18.47,21.62,14.33,19.58,7.92,7.21,31.84,8.65,14.40,23.02,33.37,8.96,8.19,0.74,16.74,1.98
11.28,1.82,4.37,8.82,8.99,5.39,8.28,16.35,15.34,23.01,14.56,2.65,17.65,23.63,12.84,11.15,13.59,6.23,15.54
13.08,5.08,3.94,7.77,5.93,7.09,7.45,19.29,18.77,20.99,17.28,4.33,17.17,21.26,15.44,13.86,17.10,5.47,19.07
14.54,13.70,17.73,20.50,23.34,14.91,20.19,9.86,5.41,34.05,10.85,15.42,25.32,35.52,11.26,10.50,2.97,18.64,2.45
1.12,11.61,15.01,7.86,13.09,15.63,18.97,9.62,18.90,19.11,7.07,13.32,10.09,20.89,5.25,4.96,12.42,7.88,14.09
1.19,11.84,15.21,7.86,13.14,15.87,19.17,9.71,19.15,18.93,7.16,13.54,9.85,20.73,5.37,5.15,12.63,7.96,14.30
11.83,7.04,6.73,5.15,3.78,9.74,10.10,18.95,20.52,18.25,16.73,6.86,14.56,18.62,14.80,13.41,17.83,3.23,19.83
2.27,12.94,16.87,11.19,16.26,16.78,20.76,6.27,17.44,22.09,3.72,14.89,12.55,24.01,2.08,2.77,10.18,10.92,11.60
5.20,14.86,17.51,7.36,12.92,18.89,21.40,13.09,23.40,15.10,10.60,16.26,5.61,17.13,9.11,9.29,16.85,8.79,18.45
7.41,4.92,9.12,9.35,12.03,8.70,12.86,11.45,13.31,23.51,9.71,6.94,16.23,24.66,8.09,6.34,9.42,7.29,11.41
11.11,10.16,14.42,16.51,19.38,12.08,17.30,8.67,7.37,30.20,8.71,12.04,21.75,31.60,8.49,7.31,2.53,14.64,4.35
8.45,15.54,17.30,5.83,10.80,19.37,20.98,16.72,25.81,11.60,14.20,16.53,3.67,13.48,12.58,12.47,19.86,8.11,21.59
11.48,12.20,16.50,17.82,21.07,14.20,19.42,7.34,7.85,31.12,7.95,14.13,22.27,32.66,8.21,7.43,0.41,16.14,2.38
11.83,11.25,15.48,17.57,20.52,13.03,18.28,8.51,6.92,31.15,8.88,13.12,22.56,32.60,8.90,7.90,1.67,15.74,3.28
8.75,16.74,18.65,7.23,12.18,20.62,22.35,16.73,26.58,11.46,14.25,17.81,2.44,13.55,12.75,12.83,20.34,9.46,22.00
7.33,4.73,8.76,8.62,11.27,8.66,12.58,11.96,14.01,22.83,10.11,6.68,15.72,23.95,8.41,6.70,10.18,6.52,12.17
4.45,16.34,19.70,11.07,16.65,20.35,23.66,9.81,22.28,18.73,7.57,18.06,8.68,20.95,6.66,7.60,14.94,11.91,16.24
6.69,5.59,8.92,6.60,9.63,9.64,12.87,12.75,16.04,20.82,10.63,7.21,13.94,21.92,8.77,7.24,11.90,4.61,13.88
4.19,15.21,18.24,8.90,14.48,19.26,22.18,11.39,22.60,16.83,8.97,16.78,7.00,18.94,7.64,8.11,15.68,9.97,17.18
12.58,11.73,15.89,18.30,21.16,13.31,18.58,8.96,6.29,31.91,9.48,13.54,23.32,33.35,9.59,8.63,1.84,16.44,2.99
7.89,13.08,14.69,3.24,8.49,16.84,18.36,16.41,24.02,12.85,13.86,13.98,6.28,14.33,12.06,11.59,18.61,5.49,20.44
2.90,11.16,14.18,6.10,11.43,15.21,18.12,11.38,19.79,17.65,8.84,12.70,9.12,19.32,6.99,6.50,13.73,6.36,15.49
7.86,14.88,16.73,5.36,10.51,18.74,20.44,16.19,25.12,12.22,13.66,15.91,4.30,14.04,12.00,11.85,19.20,7.54,20.94
0.37,12.23,15.78,8.83,14.07,16.23,19.73,8.77,18.78,19.72,6.22,14.01,10.44,21.58,4.47,4.45,12.02,8.85,13.62
5.54,9.33,11.75,3.62,8.60,13.28,15.65,13.63,19.83,16.99,11.16,10.56,9.90,18.31,9.22,8.29,14.74,3.45,16.64
15.25,4.31,0.50,11.14,9.06,4.15,4.36,20.31,17.06,24.38,18.59,2.37,20.48,24.55,16.90,15.20,16.89,8.71,18.75
11.79,2.12,3.83,8.85,8.63,5.25,7.77,16.97,15.78,22.91,15.17,2.38,17.83,23.46,13.44,11.76,14.20,6.26,16.14
4.07,14.12,16.98,7.43,13.01,18.17,20.90,12.06,22.30,16.16,9.55,15.61,6.74,18.14,8.01,8.16,15.72,8.54,17.32
6.07,15.12,17.56,6.96,12.44,19.12,21.41,14.06,24.12,14.14,11.56,16.42,4.79,16.16,10.04,10.16,17.70,8.63,19.33
10.85,8.74,12.99,15.54,18.16,10.68,15.89,9.56,7.61,29.44,9.25,10.62,21.29,30.75,8.74,7.34,3.95,13.56,5.77
11.53,13.94,18.30,18.67,22.30,16.13,21.33,5.90,9.27,31.48,7.06,15.91,22.29,33.16,7.79,7.44,1.66,17.19,1.84
14.28,2.29,3.42,12.45,11.80,1.76,6.18,17.96,13.48,26.49,16.55,1.54,21.32,26.96,15.07,13.30,13.74,9.86,15.51
13.72,1.93,4.18,12.41,12.13,2.28,7.00,17.17,12.82,26.58,15.81,2.05,21.10,27.13,14.36,12.59,12.91,9.82,14.69
10.70,12.56,16.92,17.47,20.98,14.81,19.98,6.21,8.97,30.52,6.86,14.54,21.51,32.13,7.25,6.62,1.06,15.92,2.63
2.64,14.64,18.18,10.47,15.93,18.63,22.13,8.53,20.38,19.68,6.11,16.43,9.85,21.76,4.92,5.70,13.14,10.90,14.52
9.68,15.27,16.59,4.96,9.37,18.95,20.13,18.11,26.32,10.62,15.57,16.06,4.64,12.24,13.86,13.57,20.76,7.48,22.56
12.21,17.85,18.83,7.34,10.72,21.42,22.19,20.50,29.11,7.89,17.98,18.50,4.10,9.70,16.35,16.19,23.48,9.93,25.25
15.34,7.98,5.45,8.45,4.44,9.17,7.66,22.07,21.59,19.99,19.96,6.81,17.71,19.89,18.08,16.58,20.12,6.82,22.09
7.40,11.70,13.38,2.23,7.78,15.47,17.09,15.88,22.80,14.02,13.34,12.61,7.61,15.36,11.47,10.83,17.62,4.19,19.49
4.31,13.65,16.37,6.65,12.23,17.68,20.28,12.54,22.28,15.76,10.01,15.07,6.63,17.67,8.39,8.38,15.89,7.81,17.55
5.32,11.76,14.09,4.13,9.70,15.72,17.95,13.83,21.74,15.33,11.28,12.99,7.53,16.91,9.45,8.96,16.05,5.28,17.85
12.16,7.20,11.17,15.47,17.37,8.52,13.79,11.90,7.16,29.69,11.40,8.86,22.13,30.81,10.66,9.10,6.14,13.24,7.76
5.95,6.52,9.71,6.03,9.57,10.56,13.67,12.51,16.72,20.09,10.29,8.08,13.03,21.27,8.38,6.97,12.21,4.32,14.17
11.22,10.40,14.66,16.72,19.62,12.30,17.53,8.58,7.30,30.38,8.69,12.29,21.89,31.79,8.52,7.38,2.30,14.87,4.10
8.05,14.54,16.28,4.83,9.92,18.36,19.96,16.47,25.03,12.11,13.93,15.51,4.70,13.84,12.23,11.99,19.26,7.08,21.03
12.15,10.79,14.96,17.53,20.29,12.41,17.67,9.22,6.40,31.26,9.49,12.61,22.82,32.65,9.41,8.31,2.41,15.62,3.87
9.80,9.90,14.26,15.48,18.61,12.23,17.36,7.75,8.69,29.01,7.54,11.88,20.47,30.47,7.21,5.99,2.85,13.72,4.84
17.58,6.29,1.98,13.17,10.37,4.52,2.07,22.41,17.88,25.90,20.78,4.21,22.58,25.87,19.13,17.41,18.58,10.85,20.37
17.33,6.67,2.29,12.29,9.12,5.65,3.01,22.65,18.96,24.67,20.89,4.67,21.71,24.58,19.18,17.49,19.21,10.08,21.05
6.24,5.87,9.40,7.02,10.25,9.90,13.33,12.11,15.69,21.13,10.00,7.59,13.99,22.30,8.15,6.61,11.33,5.16,13.31
11.19,16.75,17.84,6.28,10.02,20.35,21.27,19.55,27.96,8.99,17.01,17.44,4.19,10.70,15.35,15.13,22.38,8.86,24.16
5.46,15.29,17.93,7.71,13.25,19.31,21.82,13.20,23.73,14.99,10.74,16.69,5.36,17.06,9.29,9.54,17.11,9.19,18.70
10.92,17.77,19.18,7.55,11.71,21.51,22.71,19.03,28.37,9.17,16.54,18.62,2.41,11.22,14.99,14.98,22.41,10.05,24.12
15.28,12.06,15.78,20.07,22.28,12.67,17.90,12.01,3.23,34.07,12.56,13.57,25.87,35.34,12.58,11.48,4.83,17.98,5.15
13.24,4.76,3.50,8.18,6.37,6.64,7.07,19.28,18.43,21.45,17.31,3.90,17.57,21.72,15.49,13.89,16.93,5.84,18.88
12.02,8.56,8.15,4.28,2.51,11.27,11.33,19.57,21.94,16.75,17.25,8.40,13.54,17.08,15.30,14.03,18.93,3.15,20.92
13.55,17.55,17.98,7.06,9.22,20.86,21.10,22.01,29.54,7.32,19.46,17.93,6.43,8.54,17.73,17.37,24.40,9.59,26.25
3.25,15.25,18.76,10.82,16.32,19.24,22.72,8.72,20.90,19.57,6.38,17.03,9.64,21.70,5.33,6.23,13.60,11.36,14.93
14.56,13.28,17.28,20.30,23.03,14.42,19.69,10.19,4.98,33.95,11.07,14.98,25.32,35.38,11.39,10.56,3.15,18.40,2.91
13.21,14.35,18.60,19.98,23.31,16.12,21.38,7.65,7.74,33.07,8.90,16.23,24.01,34.69,9.59,9.12,1.87,18.35,0.16
14.47,3.25,1.20,10.95,9.43,3.57,5.08,19.30,16.12,24.53,17.63,1.32,20.19,24.82,15.97,14.25,15.82,8.44,17.68
16.31,4.31,2.79,13.73,12.22,1.17,4.22,20.06,14.52,27.39,18.68,2.67,22.85,27.67,17.20,15.43,15.61,11.18,17.32
11.89,0.56,4.88,10.87,11.24,4.09,8.33,15.75,13.15,25.16,14.24,2.51,19.35,25.85,12.71,10.95,12.10,8.30,13.98
10.36,4.48,5.78,6.23,6.65,7.85,9.66,16.68,17.69,20.34,14.60,4.94,15.32,20.96,12.74,11.20,15.04,3.65,17.03
8.12,3.92,7.64,7.95,10.11,7.96,11.52,13.24,14.73,22.30,11.34,5.70,15.69,23.29,9.59,7.92,11.38,5.65,13.37
12.07,15.04,15.48,4.63,7.00,18.33,18.67,20.59,27.23,9.78,18.04,15.41,7.36,10.73,16.22,15.66,22.42,7.10,24.30
5.82,13.19,15.45,4.88,10.44,17.14,19.28,14.28,22.98,14.35,11.74,14.39,6.12,16.08,10.00,9.74,17.04,6.47,18.80
11.80,17.95,19.09,7.52,11.21,21.58,22.52,20.01,28.94,8.25,17.50,18.67,3.37,10.19,15.91,15.82,23.17,10.09,24.92
11.19,16.00,16.94,5.47,9.00,19.54,20.32,19.65,27.51,9.32,17.10,16.61,5.17,10.80,15.37,15.04,22.15,8.06,23.97
12.36,1.20,3.50,9.98,9.70,4.16,7.29,17.01,14.84,24.07,15.34,1.46,18.87,24.62,13.69,11.96,13.76,7.39,15.66
10.55,5.74,10.00,13.46,15.49,7.91,13.02,11.56,9.17,27.69,10.65,7.62,20.24,28.80,9.61,7.92,6.92,11.25,8.78
13.89,7.36,5.70,7.07,3.83,9.20,8.53,20.75,21.05,19.25,18.60,6.56,16.41,19.34,16.70,15.24,19.10,5.34,21.08
1.70,13.14,16.48,8.55,13.98,17.17,20.44,9.68,20.11,18.61,7.14,14.84,9.17,20.54,5.55,5.73,13.31,8.96,14.88
2.24,9.77,13.44,8.11,12.82,13.75,17.37,9.17,16.92,20.59,6.75,11.60,11.98,22.20,4.80,3.82,10.78,7.44,12.57
15.53,9.32,7.04,7.90,3.12,10.74,9.12,22.67,22.99,18.57,20.46,8.31,16.88,18.39,18.54,17.13,21.16,6.72,23.14
3.00,11.90,14.85,6.29,11.74,15.94,18.80,11.51,20.42,17.22,8.96,13.41,8.47,18.96,7.17,6.86,14.22,6.82,15.94
10.33,3.40,5.37,7.19,7.74,6.97,9.33,16.15,16.57,21.40,14.18,4.13,16.08,22.06,12.37,10.76,14.13,4.60,16.11
10.78,17.33,18.69,7.06,11.20,21.05,22.21,18.97,28.07,9.27,16.46,18.15,2.88,11.24,14.88,14.81,22.20,9.58,23.93
4.64,15.70,18.70,9.20,14.79,19.74,22.64,11.63,23.04,16.65,9.24,17.26,6.74,18.81,7.98,8.51,16.08,10.36,17.55
10.56,15.70,16.80,5.23,9.15,19.30,20.25,19.01,27.02,9.84,16.46,16.39,4.87,11.39,14.74,14.43,21.57,7.81,23.38
3.69,15.04,18.20,9.22,14.79,19.08,22.15,10.72,22.07,17.49,8.30,16.67,7.67,19.60,7.00,7.52,15.08,10.13,16.56
10.84,9.04,13.30,15.70,18.40,10.99,16.20,9.32,7.58,29.55,9.07,10.92,21.33,30.89,8.61,7.26,3.64,13.75,5.47
11.16,18.46,19.95,8.33,12.54,22.23,23.50,19.11,28.84,9.10,16.64,19.35,1.69,11.30,15.16,15.24,22.73,10.80,24.40
4.84,9.07,11.79,4.49,9.33,13.08,15.72,12.79,19.10,17.76,10.34,10.45,10.35,19.13,8.39,7.43,13.88,4.04,15.77
10.33,10.71,15.05,16.29,19.47,12.92,18.09,7.49,8.35,29.73,7.57,12.67,21.07,31.22,7.46,6.40,1.98,14.56,3.97
8.69,17.35,19.41,8.10,13.14,21.27,23.15,16.40,26.78,11.85,13.97,18.49,2.13,14.06,12.56,12.78,20.34,10.25,21.95
4.96,14.52,17.18,7.11,12.69,18.54,21.07,12.97,23.10,15.24,10.46,15.92,5.86,17.24,8.93,9.05,16.60,8.48,18.22
13.70,2.00,4.37,12.51,12.29,2.33,7.15,17.06,12.63,26.70,15.72,2.24,21.17,27.27,14.29,12.51,12.75,9.93,14.52
14.62,13.56,17.57,20.48,23.26,14.72,20.00,10.06,5.17,34.07,11.01,15.27,25.39,35.53,11.38,10.59,3.11,18.60,2.69
9.76,5.22,6.62,5.40,6.34,8.70,10.48,16.40,18.17,19.58,14.25,5.79,14.45,20.27,12.36,10.88,15.15,2.81,17.14
8.23,18.44,20.94,10.13,15.43,22.45,24.79,15.01,26.64,13.80,12.72,19.79,3.69,16.18,11.59,12.16,19.72,11.98,21.18
11.00,12.48,16.82,17.64,21.06,14.64,19.83,6.59,8.58,30.77,7.25,14.44,21.81,32.36,7.60,6.92,0.69,16.04,2.44
12.59,2.59,3.03,9.13,8.36,4.99,6.99,17.85,16.26,23.00,16.04,2.06,18.27,23.45,14.31,12.63,14.98,6.58,16.91
14.50,6.43,4.14,8.43,5.41,7.75,6.95,20.88,20.04,20.87,18.84,5.29,17.84,20.93,16.99,15.44,18.67,6.42,20.62
11.55,11.01,15.26,17.26,20.22,12.86,18.10,8.41,7.13,30.85,8.70,12.89,22.27,32.29,8.67,7.64,1.77,15.44,3.50
4.44,12.70,15.31,5.60,11.18,16.71,19.21,12.90,21.85,15.69,10.35,14.07,7.07,17.46,8.62,8.38,15.74,6.70,17.47
10.46,17.36,18.83,7.20,11.52,21.11,22.39,18.59,27.90,9.61,16.10,18.23,2.49,11.63,14.54,14.51,21.94,9.67,23.65
14.79,2.81,2.54,12.38,11.32,1.73,5.33,18.76,14.32,26.24,17.30,1.22,21.41,26.62,15.77,14.01,14.66,9.81,16.44
9.86,12.97,13.89,2.42,6.56,16.46,17.34,18.36,24.85,12.02,15.82,13.54,7.51,13.13,13.96,13.31,19.99,5.00,21.88
7.66,11.12,15.54,14.60,18.45,14.05,18.96,5.30,11.28,27.46,4.77,13.19,18.46,29.09,4.52,3.59,4.00,13.23,5.69
14.65,4.99,2.23,9.67,7.30,5.82,5.54,20.36,18.37,22.65,18.48,3.51,19.08,22.80,16.70,15.06,17.54,7.37,19.45
15.41,4.91,1.16,10.82,8.41,4.93,4.44,20.75,17.85,23.82,18.97,3.08,20.21,23.93,17.24,15.56,17.53,8.47,19.40
6.48,5.99,9.16,6.15,9.36,10.03,13.12,12.85,16.51,20.33,10.68,7.53,13.47,21.45,8.79,7.32,12.25,4.23,14.23
10.71,1.91,4.97,8.65,9.20,5.76,8.87,15.74,15.10,22.92,13.94,3.15,17.32,23.61,12.23,10.53,13.09,6.07,15.04
11.00,14.66,15.42,4.11,7.44,18.10,18.75,19.52,26.53,10.32,16.97,15.17,6.61,11.49,15.16,14.65,21.51,6.69,23.38
13.05,13.39,17.60,19.42,22.57,15.05,20.32,8.21,6.95,32.74,9.18,15.24,23.86,34.29,9.65,8.98,1.40,17.70,1.26
10.38,9.44,13.75,15.63,18.52,11.57,16.75,8.61,8.03,29.34,8.39,11.37,20.97,30.73,7.99,6.69,3.17,13.76,5.09
1.39,13.18,16.90,10.24,15.49,17.12,20.83,7.59,18.66,20.68,5.05,15.04,11.11,22.63,3.51,4.01,11.54,10.25,13.01
11.16,3.08,4.54,7.74,7.72,6.34,8.49,16.84,16.59,21.82,14.92,3.44,16.78,22.39,13.13,11.49,14.54,5.16,16.51
7.90,15.87,17.87,6.59,11.75,19.77,21.61,15.99,25.65,12.21,13.50,16.98,3.36,14.22,11.95,11.97,19.45,8.71,21.13
13.35,1.75,2.67,10.75,10.02,3.33,6.34,17.85,14.89,24.70,16.24,0.47,19.75,25.16,14.62,12.88,14.32,8.17,16.18
5.30,17.00,20.22,11.06,16.64,21.04,24.17,10.86,23.33,17.86,8.66,18.66,7.76,20.14,7.75,8.65,16.03,12.12,17.34
9.27,2.81,6.51,8.39,9.88,6.86,10.38,14.20,14.58,22.77,12.38,4.55,16.54,23.63,10.67,8.97,11.87,5.93,13.84
12.75,13.72,17.98,19.38,22.68,15.52,20.78,7.58,7.63,32.55,8.66,15.61,23.56,34.14,9.22,8.67,1.25,17.73,0.79
10.21,14.54,15.56,4.01,7.99,18.09,19.00,18.72,26.10,10.71,16.16,15.17,5.99,12.05,14.38,13.92,20.89,6.60,22.74
17.89,6.62,2.30,13.39,10.46,4.77,1.82,22.75,18.12,26.01,21.11,4.54,22.80,25.95,19.46,17.74,18.90,11.09,20.68
11.81,16.49,17.31,5.94,9.14,19.98,20.63,20.25,28.09,8.72,17.71,17.05,5.30,10.18,15.99,15.66,22.77,8.53,24.59
10.98,11.96,12.35,2.15,4.52,15.19,15.62,19.33,24.52,12.84,16.83,12.26,9.50,13.55,14.91,14.05,20.25,4.16,22.20
8.81,3.56,7.87,9.82,11.82,7.27,11.53,12.63,12.86,24.14,11.01,5.62,17.27,25.15,9.45,7.69,9.88,7.52,11.86
11.86,6.81,6.49,5.35,3.98,9.49,9.88,18.90,20.31,18.50,16.69,6.61,14.76,18.87,14.78,13.37,17.69,3.35,19.69
9.51,17.05,18.77,7.22,11.92,20.88,22.41,17.56,27.19,10.63,15.07,18.03,2.20,12.71,13.55,13.59,21.07,9.57,22.75
4.08,12.29,14.98,5.59,11.14,16.32,18.89,12.58,21.37,16.12,10.03,13.69,7.55,17.86,8.26,7.96,15.29,6.50,17.03
15.73,8.36,5.68,8.71,4.46,9.43,7.69,22.49,21.96,19.98,20.38,7.15,17.91,19.82,18.49,17.00,20.54,7.16,22.50
4.31,15.81,19.68,12.97,18.33,19.66,23.58,6.29,19.59,22.17,4.18,17.74,12.18,24.31,3.82,5.30,11.93,13.15,13.04
9.08,16.01,17.66,6.10,10.86,19.81,21.29,17.33,26.42,10.97,14.81,16.95,3.32,12.87,13.20,13.10,20.49,8.46,22.22
7.65,4.69,7.96,6.85,9.29,8.73,11.91,13.46,15.81,21.19,11.42,6.25,14.66,22.19,9.59,8.01,12.15,4.60,14.14
13.14,12.52,16.66,19.05,21.96,14.02,19.30,8.99,6.13,32.60,9.73,14.32,23.91,34.06,9.99,9.14,1.83,17.22,2.38
14.74,7.67,5.48,7.89,4.16,9.12,7.98,21.52,21.33,19.70,19.39,6.64,17.19,19.68,17.50,16.01,19.68,6.22,21.65
1.10,13.10,16.66,9.48,14.81,17.08,20.61,8.48,19.25,19.80,5.95,14.89,10.28,21.73,4.37,4.70,12.28,9.64,13.79
7.05,13.58,15.50,4.35,9.74,17.45,19.25,15.53,23.91,13.21,12.98,14.63,5.60,14.89,11.23,10.92,18.16,6.35,19.94
9.25,3.50,7.90,10.46,12.35,6.99,11.46,12.63,12.23,24.79,11.12,5.59,17.89,25.80,9.63,7.86,9.51,8.15,11.47
2.37,13.64,16.88,8.51,14.01,17.68,20.84,10.15,20.78,18.08,7.64,15.30,8.55,20.05,6.11,6.38,13.96,9.11,15.51
15.81,10.50,8.36,7.68,2.31,12.06,10.37,23.24,24.18,17.42,20.97,9.58,16.29,17.15,19.03,17.70,22.08,6.94,24.07
2.84,14.60,18.36,11.47,16.82,18.51,22.29,7.09,19.36,21.12,4.70,16.48,11.28,23.18,3.66,4.73,11.95,11.65,13.25
12.92,4.68,3.74,7.90,6.30,6.77,7.37,19.00,18.36,21.27,17.02,3.97,17.28,21.58,15.19,13.60,16.73,5.54,18.69
10.88,17.20,18.50,6.88,10.92,20.89,21.99,19.12,28.05,9.17,16.61,17.99,3.19,11.08,15.00,14.90,22.25,9.41,24.00
7.28,14.87,16.90,5.72,11.01,18.78,20.65,15.55,24.78,12.77,13.03,15.98,4.34,14.65,11.40,11.31,18.72,7.75,20.43
14.96,6.04,3.25,9.28,6.35,6.94,6.01,21.03,19.50,21.82,19.07,4.66,18.70,21.88,17.25,15.65,18.49,7.16,20.42
11.16,3.11,4.55,7.72,7.69,6.36,8.50,16.85,16.62,21.79,14.92,3.46,16.76,22.36,13.13,11.50,14.56,5.14,16.53
7.88,16.63,18.80,7.65,12.85,20.58,22.57,15.68,25.95,12.53,13.22,17.82,2.95,14.68,11.78,11.97,19.52,9.68,21.14
1.30,11.09,14.88,9.30,14.22,15.01,18.79,7.93,17.11,21.08,5.44,12.97,12.02,22.84,3.51,2.98,10.45,8.85,12.11
2.88,13.49,16.58,7.78,13.32,17.54,20.52,10.94,21.18,17.32,8.41,15.08,7.93,19.27,6.83,6.96,14.53,8.54,16.13
10.36,16.50,17.82,6.19,10.39,20.19,21.34,18.68,27.39,9.72,16.15,17.29,3.62,11.53,14.51,14.35,21.66,8.71,23.42
7.34,17.47,20.02,9.35,14.74,21.49,23.88,14.39,25.73,14.12,12.04,18.84,4.03,16.41,10.82,11.31,18.89,11.11,20.38
14.61,2.61,3.21,12.63,11.82,1.49,5.84,18.31,13.65,26.61,16.91,1.57,21.55,27.05,15.42,13.65,14.05,10.04,15.82
4.59,15.68,19.65,13.44,18.71,19.46,23.53,5.43,18.91,22.97,3.36,17.65,13.01,25.09,3.24,4.85,11.18,13.46,12.25
1.90,13.90,17.49,10.15,15.54,17.88,21.44,8.24,19.67,19.95,5.76,15.71,10.25,21.96,4.39,5.02,12.52,10.42,13.96
8.83,3.25,6.92,8.13,9.87,7.30,10.80,13.88,14.71,22.51,12.02,4.98,16.16,23.42,10.29,8.61,11.74,5.72,13.73
11.26,3.47,4.57,7.49,7.32,6.59,8.50,17.10,17.00,21.49,15.14,3.67,16.60,22.04,13.34,11.72,14.91,4.92,16.88
13.01,2.21,2.63,9.87,9.04,4.24,6.55,17.96,15.74,23.75,16.23,1.31,18.97,24.18,14.55,12.84,14.79,7.30,16.70
9.20,17.52,19.45,8.03,12.92,21.42,23.16,16.98,27.19,11.25,14.54,18.61,1.72,13.45,13.11,13.29,20.83,10.27,22.46
15.32,13.05,16.89,20.63,23.08,13.85,19.11,11.34,3.79,34.46,12.12,14.64,26.02,35.82,12.33,11.39,4.22,18.62,4.12
10.65,15.30,16.30,4.78,8.55,18.86,19.71,19.13,26.81,10.01,16.58,15.94,5.47,11.43,14.83,14.45,21.50,7.37,23.34
19.35,7.87,3.74,14.85,11.70,5.38,0.42,24.00,18.54,27.25,22.43,5.80,24.27,27.09,20.82,19.08,19.87,12.58,21.59
16.34,13.29,16.95,21.33,23.56,13.75,18.95,12.53,2.62,35.29,13.29,14.77,26.99,36.59,13.46,12.46,5.40,19.25,5.24
10.68,1.81,5.03,8.76,9.36,5.71,8.91,15.64,14.94,23.04,13.86,3.15,17.39,23.74,12.15,10.45,12.94,6.18,14.90
9.96,8.12,8.80,2.84,4.33,11.40,12.36,17.61,20.95,16.69,15.25,8.47,12.25,17.35,13.30,12.08,17.36,1.09,19.34
7.85,6.57,8.63,4.19,7.04,10.37,12.52,15.00,18.51,18.57,12.72,7.56,12.66,19.51,10.79,9.46,14.59,1.92,16.58
8.68,17.71,19.86,8.63,13.72,21.66,23.62,16.20,26.88,12.15,13.80,18.89,2.17,14.42,12.45,12.75,20.33,10.72,21.90
5.13,11.33,13.72,4.07,9.60,15.29,17.59,13.62,21.30,15.72,11.08,12.57,7.98,17.27,9.22,8.66,15.68,5.00,17.50
9.81,17.98,19.82,8.31,13.04,21.85,23.49,17.58,27.78,10.68,15.14,19.03,1.19,12.91,13.72,13.90,21.45,10.62,23.07
6.23,7.12,9.83,4.78,8.54,11.10,13.77,13.41,17.94,18.89,11.10,8.45,12.13,20.04,9.16,7.88,13.43,3.19,15.39
15.82,14.29,18.17,21.56,24.20,15.16,20.42,11.13,4.39,35.23,12.18,15.91,26.60,36.66,12.59,11.81,4.31,19.63,3.59
12.42,19.50,20.81,9.19,13.01,23.20,24.28,20.34,30.07,7.91,17.88,20.31,2.35,10.20,16.42,16.51,23.99,11.72,25.67
1.40,12.57,15.92,8.19,13.57,16.60,19.88,9.72,19.72,18.69,7.17,14.27,9.41,20.56,5.48,5.49,13.05,8.49,14.66
13.77,9.91,13.73,18.02,20.12,10.76,16.04,11.70,4.74,32.12,11.81,11.47,24.16,33.33,11.51,10.20,4.86,15.88,5.94
5.94,7.16,10.01,5.06,8.90,11.17,13.96,13.06,17.72,19.09,10.75,8.57,12.17,20.27,8.81,7.53,13.12,3.54,15.08
2.29,14.03,17.78,11.04,16.35,17.94,21.71,7.16,19.00,21.03,4.69,15.91,11.29,23.05,3.44,4.33,11.68,11.14,13.04
4.74,12.93,15.48,5.55,11.13,16.94,19.36,13.18,22.18,15.37,10.64,14.27,6.75,17.15,8.91,8.69,16.07,6.77,17.79
12.43,9.40,13.44,16.93,19.29,10.76,16.04,10.58,6.03,30.93,10.55,11.12,22.86,32.20,10.18,8.86,4.09,14.86,5.55
8.94,16.35,18.11,6.61,11.45,20.19,21.78,17.08,26.51,11.14,14.57,17.35,2.86,13.13,13.01,12.99,20.44,8.91,22.14
13.72,4.16,2.47,9.16,7.39,5.61,6.19,19.37,17.70,22.51,17.49,2.96,18.52,22.78,15.72,14.07,16.62,6.76,18.55
2.96,13.59,17.56,11.91,17.01,17.38,21.43,5.69,17.54,22.55,3.16,15.55,12.89,24.52,1.83,3.00,10.10,11.68,11.43
8.40,4.94,7.41,5.81,7.84,8.81,11.36,14.77,17.04,20.19,12.65,6.08,14.25,21.07,10.77,9.26,13.61,3.37,15.60
12.64,6.22,5.38,6.51,4.57,8.54,8.71,19.36,19.87,19.53,17.23,5.73,15.93,19.81,15.34,13.85,17.71,4.42,19.69
4.56,12.78,15.36,5.57,11.15,16.79,19.26,13.02,21.97,15.57,10.47,14.13,6.95,17.34,8.73,8.50,15.87,6.71,17.59
10.86,15.34,16.27,4.80,8.42,18.87,19.66,19.35,26.93,9.88,16.80,15.95,5.64,11.26,15.04,14.64,21.68,7.39,23.51
14.76,10.09,8.42,6.59,1.39,12.00,10.79,22.29,23.75,16.87,19.99,9.38,15.29,16.76,18.04,16.74,21.34,5.89,23.33
10.58,12.36,16.73,17.29,20.79,14.63,19.80,6.26,8.97,30.37,6.84,14.34,21.38,31.97,7.17,6.50,1.12,15.73,2.80
2.01,13.92,17.60,10.59,15.93,17.86,21.54,7.67,19.28,20.52,5.19,15.77,10.81,22.54,3.86,4.61,12.05,10.76,13.45
16.98,5.33,1.63,13.26,10.98,3.21,2.65,21.44,16.57,26.41,19.90,3.27,22.59,26.51,18.30,16.56,17.39,10.82,19.15
12.75,2.96,2.93,9.02,8.05,5.18,6.88,18.14,16.62,22.79,16.31,2.28,18.22,23.20,14.56,12.89,15.34,6.49,17.27
12.12,15.59,16.12,5.11,7.67,18.94,19.33,20.64,27.64,9.27,18.09,16.01,6.78,10.35,16.29,15.80,22.67,7.63,24.54
12.73,10.12,14.15,17.52,19.97,11.43,16.71,10.37,5.68,31.45,10.51,11.84,23.26,32.76,10.28,9.04,3.61,15.49,4.92
12.18,0.30,4.13,10.50,10.54,3.94,7.72,16.41,13.93,24.71,14.83,1.81,19.20,25.32,13.24,11.49,12.92,7.91,14.81
11.18,18.37,19.83,8.20,12.38,22.12,23.37,19.17,28.81,9.03,16.70,19.24,1.87,11.20,15.20,15.26,22.73,10.69,24.42
11.26,7.98,12.15,15.37,17.71,9.73,14.96,10.50,7.43,29.42,10.08,9.80,21.51,30.65,9.45,7.96,4.87,13.28,6.62
9.58,9.96,14.33,15.36,18.55,12.36,17.47,7.54,8.92,28.85,7.30,11.95,20.27,30.32,6.96,5.75,2.89,13.63,4.88
16.94,4.94,3.30,14.41,12.81,1.29,4.02,20.53,14.46,28.03,19.20,3.36,23.54,28.28,17.75,15.98,15.90,11.86,17.57
1.70,10.42,13.93,7.70,12.66,14.44,17.88,9.53,17.84,19.78,7.04,12.18,11.07,21.45,5.11,4.41,11.61,7.33,13.36
12.06,14.55,18.90,19.30,22.95,16.68,21.89,6.04,9.30,32.05,7.40,16.51,22.80,33.75,8.25,7.99,2.10,17.84,1.56
17.20,5.43,2.04,13.66,11.44,2.94,2.59,21.49,16.28,26.86,19.99,3.42,22.97,26.97,18.42,16.67,17.30,11.21,19.04
12.57,0.56,4.04,10.98,10.92,3.49,7.49,16.60,13.65,25.17,15.07,1.66,19.68,25.77,13.52,11.76,12.90,8.39,14.77
16.51,4.57,2.30,13.56,11.81,1.82,3.66,20.50,15.18,27.08,19.07,2.73,22.76,27.30,17.54,15.78,16.18,11.04,17.91
12.65,3.83,3.41,8.27,7.09,6.09,7.24,18.44,17.52,21.89,16.52,3.22,17.56,22.26,14.72,13.10,15.98,5.79,17.93
12.01,1.45,3.72,9.50,9.32,4.64,7.59,16.85,15.13,23.61,15.13,1.88,18.39,24.17,13.45,11.73,13.80,6.90,15.72
14.50,8.36,6.48,7.18,3.13,10.07,9.00,21.57,22.05,18.67,19.37,7.50,16.36,18.64,17.46,16.03,20.07,5.76,22.05
10.84,9.83,14.10,16.15,19.02,11.82,17.03,8.69,7.60,29.86,8.61,11.73,21.45,31.25,8.32,7.08,2.82,14.27,4.68
10.80,11.52,15.85,17.03,20.28,13.65,18.84,7.23,8.20,30.37,7.58,13.47,21.58,31.89,7.68,6.79,1.16,15.34,3.16
6.40,14.80,17.08,6.28,11.72,18.77,20.90,14.57,24.20,13.68,12.06,16.03,4.71,15.63,10.47,10.47,17.95,8.06,19.63
4.60,16.59,20.06,11.72,17.28,20.58,24.02,9.21,22.03,19.46,7.06,18.35,9.39,21.69,6.30,7.39,14.58,12.46,15.82
11.63,0.92,4.27,9.68,9.85,4.67,8.06,16.24,14.53,23.90,14.56,2.18,18.41,24.53,12.91,11.18,13.11,7.09,15.03
8.41,16.40,18.34,6.98,12.01,20.29,22.06,16.43,26.21,11.76,13.94,17.48,2.80,13.82,12.42,12.49,19.99,9.16,21.65
4.28,10.70,13.37,4.70,10.05,14.71,17.29,12.70,20.29,16.78,10.17,12.07,8.84,18.32,8.28,7.64,14.62,5.10,16.44
6.92,7.53,9.76,3.73,7.52,11.41,13.66,14.42,18.92,17.97,12.06,8.63,11.65,19.05,10.12,8.90,14.54,2.13,16.50
8.56,6.91,8.49,3.66,6.14,10.55,12.31,15.87,19.24,18.01,13.57,7.66,12.56,18.85,11.63,10.33,15.48,1.15,17.46
4.32,14.88,17.79,8.22,13.80,18.92,21.72,11.90,22.70,16.29,9.44,16.39,6.60,18.35,8.02,8.35,15.93,9.37,17.48
10.97,1.04,5.23,9.84,10.52,5.07,8.92,15.27,13.78,24.17,13.64,3.00,18.27,24.90,12.03,10.29,12.10,7.29,14.03
9.01,4.71,9.12,11.36,13.59,7.84,12.56,11.53,11.27,25.59,10.19,6.77,18.28,26.70,8.83,7.06,8.17,9.17,10.13
8.41,10.17,14.59,14.64,18.14,12.90,17.90,6.58,10.17,27.89,6.11,12.22,19.15,29.42,5.70,4.51,3.52,13.06,5.44
1.77,12.01,15.25,7.44,12.80,16.05,19.21,10.28,19.68,18.32,7.72,13.66,9.29,20.13,5.95,5.75,13.22,7.71,14.90
10.87,11.39,15.72,17.01,20.22,13.49,18.69,7.40,8.06,30.39,7.73,13.33,21.64,31.90,7.80,6.87,1.25,15.30,3.23
4.53,16.48,20.14,12.47,17.97,20.41,24.08,7.93,21.12,20.75,5.86,18.32,10.69,22.96,5.32,6.60,13.54,12.97,14.70
11.87,11.58,15.81,17.76,20.77,13.37,18.62,8.29,7.03,31.28,8.74,13.45,22.62,32.75,8.84,7.90,1.34,15.96,2.94
4.12,7.89,11.63,7.80,11.90,11.87,15.54,10.10,15.82,21.18,7.88,9.73,13.17,22.60,5.98,4.55,10.40,6.55,12.31
11.92,5.18,5.02,6.61,5.56,7.82,8.66,18.38,18.79,20.15,16.29,4.93,15.98,20.55,14.42,12.90,16.59,4.24,18.57
6.76,16.64,19.17,8.56,13.99,20.66,23.04,14.14,25.10,14.17,11.74,18.00,4.23,16.37,10.42,10.80,18.38,10.27,19.92
17.44,9.41,6.04,10.35,5.66,9.82,7.10,24.08,22.77,20.92,22.00,7.92,19.44,20.56,20.13,18.61,21.84,8.87,23.78
2.94,14.21,17.40,8.71,14.26,18.25,21.35,10.44,21.35,17.75,7.96,15.84,8.10,19.78,6.52,6.89,14.47,9.47,15.99
11.44,12.01,16.31,17.70,20.92,14.00,19.22,7.46,7.77,31.04,8.02,13.93,22.23,32.57,8.23,7.41,0.61,16.00,2.54
12.57,3.75,3.45,8.25,7.15,6.06,7.30,18.34,17.43,21.91,16.42,3.18,17.54,22.30,14.63,13.00,15.87,5.77,17.82
5.40,17.00,20.17,10.86,16.44,21.04,24.12,11.16,23.52,17.53,8.94,18.64,7.44,19.81,7.99,8.85,16.26,11.98,17.59
3.73,13.67,16.55,7.19,12.77,17.71,20.48,11.87,21.89,16.40,9.35,15.17,7.10,18.33,7.76,7.82,15.37,8.19,16.99
12.36,10.30,14.41,17.39,19.98,11.78,17.06,9.83,6.08,31.24,9.99,12.07,22.94,32.58,9.80,8.61,3.10,15.41,4.51
13.41,11.79,15.85,18.84,21.51,13.09,18.37,9.87,5.35,32.58,10.42,13.53,24.11,33.97,10.50,9.50,2.71,16.91,3.46
11.93,11.09,15.30,17.54,20.43,12.81,18.07,8.75,6.74,31.18,9.08,12.93,22.64,32.61,9.07,8.02,1.92,15.69,3.48
13.69,18.14,18.67,7.62,9.97,21.51,21.82,22.10,29.98,6.83,19.56,18.58,5.95,8.24,17.87,17.58,24.70,10.18,26.52
9.82,2.86,5.80,7.76,8.79,6.77,9.74,15.22,15.57,22.09,13.32,4.13,16.32,22.85,11.56,9.90,13.03,5.21,15.01
15.53,6.42,3.24,9.76,6.56,7.01,5.64,21.57,19.77,22.09,19.63,4.91,19.17,22.08,17.81,16.20,18.94,7.69,20.86
12.68,10.96,15.07,17.95,20.61,12.41,17.68,9.67,5.86,31.74,10.00,12.73,23.34,33.11,9.95,8.84,2.70,16.01,3.93
6.63,16.14,18.59,7.90,13.33,20.14,22.44,14.28,24.88,13.93,11.84,17.45,4.19,16.08,10.44,10.71,18.28,9.65,19.86
12.98,19.53,20.65,9.09,12.58,23.16,24.04,21.01,30.41,7.18,18.54,20.25,3.23,9.38,17.03,17.05,24.48,11.67,26.19
4.18,16.03,19.38,10.75,16.32,20.05,23.34,9.84,22.12,18.60,7.56,17.74,8.58,20.79,6.57,7.44,14.84,11.57,16.17
15.99,6.39,2.79,10.43,7.23,6.58,4.94,21.84,19.53,22.77,19.94,4.71,19.84,22.74,18.15,16.52,18.98,8.31,20.88
8.65,14.80,16.38,4.82,9.70,18.57,20.02,17.07,25.51,11.56,14.53,15.70,4.60,13.25,12.82,12.56,19.81,7.19,21.59
11.69,0.38,4.53,10.18,10.47,4.40,8.18,15.98,13.91,24.44,14.37,2.26,18.79,25.10,12.77,11.02,12.63,7.60,14.53
9.60,16.55,18.14,6.55,11.14,20.34,21.75,17.79,27.00,10.46,15.28,17.47,2.89,12.41,13.70,13.64,21.04,8.96,22.76
1.42,11.52,14.87,7.56,12.81,15.56,18.83,9.92,19.06,18.85,7.38,13.21,9.89,20.61,5.55,5.22,12.64,7.62,14.34
17.10,6.48,2.13,12.08,8.97,5.58,3.19,22.44,18.87,24.52,20.68,4.50,21.50,24.45,18.96,17.27,19.04,9.86,20.88
8.57,15.27,16.96,5.44,10.35,19.08,20.61,16.91,25.74,11.51,14.38,16.23,4.01,13.32,12.72,12.56,19.89,7.76,21.64
6.60,15.90,18.31,7.59,13.01,19.89,22.15,14.37,24.77,13.83,11.91,17.19,4.21,15.94,10.47,10.68,18.25,9.35,19.85
11.02,5.22,5.73,5.94,5.68,8.25,9.48,17.60,18.62,19.76,15.47,5.32,15.23,20.28,13.59,12.09,16.06,3.46,18.05
11.44,10.96,15.22,17.16,20.14,12.84,18.08,8.34,7.24,30.74,8.60,12.85,22.16,32.19,8.57,7.53,1.77,15.34,3.54
10.75,15.97,17.06,5.49,9.34,19.57,20.49,19.18,27.27,9.60,16.63,16.65,4.72,11.18,14.92,14.63,21.80,8.07,23.61
11.88,17.18,18.12,6.65,10.04,20.73,21.48,20.25,28.55,8.34,17.72,17.80,4.52,10.00,16.05,15.82,23.04,9.25,24.83
7.99,6.45,8.48,4.26,6.97,10.24,12.37,15.09,18.47,18.64,12.83,7.42,12.79,19.56,10.89,9.55,14.62,1.93,16.60
4.95,15.97,18.94,9.32,14.90,20.02,22.88,11.86,23.35,16.46,9.49,17.52,6.50,18.64,8.26,8.82,16.37,10.54,17.83
1.82,12.13,15.36,7.46,12.84,16.17,19.32,10.31,19.79,18.25,7.76,13.78,9.18,20.07,6.00,5.83,13.32,7.78,14.98
11.24,1.71,4.43,8.90,9.12,5.34,8.33,16.25,15.21,23.10,14.47,2.65,17.70,23.73,12.77,11.07,13.46,6.31,15.41
12.47,5.22,4.60,7.07,5.58,7.58,8.16,18.85,18.88,20.42,16.79,4.74,16.46,20.76,14.93,13.39,16.91,4.76,18.88
11.40,1.29,5.65,10.97,11.70,4.63,9.06,15.01,12.62,25.32,13.55,3.28,19.22,26.08,12.05,10.28,11.33,8.43,13.22
6.00,13.77,16.03,5.36,10.88,17.73,19.86,14.38,23.42,14.08,11.84,14.98,5.59,15.89,10.16,9.99,17.37,7.04,19.10
0.80,12.67,16.19,8.96,14.28,16.68,20.14,8.85,19.19,19.52,6.30,14.45,10.13,21.42,4.63,4.77,12.35,9.11,13.92
9.55,2.75,6.12,8.09,9.35,6.76,10.03,14.72,15.05,22.45,12.86,4.28,16.45,23.26,11.12,9.44,12.44,5.58,14.42
11.71,17.61,18.71,7.15,10.79,21.22,22.12,19.98,28.71,8.37,17.46,18.31,3.71,10.22,15.84,15.70,23.02,9.72,24.78
14.03,2.38,4.47,12.89,12.61,2.07,7.05,17.25,12.44,27.06,15.95,2.46,21.54,27.62,14.54,12.77,12.80,10.30,14.55
6.31,11.91,13.94,3.34,8.92,15.79,17.74,14.83,22.39,14.54,12.28,12.99,7.27,16.04,10.44,9.90,16.90,4.88,18.73
8.89,15.18,16.75,5.17,9.95,18.95,20.37,17.27,25.86,11.26,14.74,16.08,4.25,13.00,13.05,12.83,20.12,7.56,21.88
3.29,15.13,18.86,11.75,17.15,19.04,22.79,7.25,19.83,21.03,4.94,17.00,11.12,23.14,4.07,5.23,12.36,12.02,13.61
14.84,11.58,15.35,19.57,21.78,12.28,17.53,11.78,3.61,33.57,12.24,13.12,25.40,34.84,12.20,11.07,4.63,17.47,5.14
4.94,16.93,20.42,12.08,17.64,20.92,24.38,9.21,22.23,19.61,7.12,18.71,9.52,21.87,6.46,7.61,14.73,12.83,15.93
6.30,10.84,12.88,2.77,8.29,14.72,16.69,14.71,21.58,15.26,12.19,11.92,8.33,16.63,10.30,9.58,16.33,3.89,18.20
14.32,8.19,6.39,7.06,3.17,9.96,8.99,21.37,21.88,18.69,19.18,7.36,16.28,18.70,17.26,15.84,19.87,5.60,21.85
4.07,12.36,15.05,5.65,11.20,16.38,18.96,12.56,21.41,16.11,10.01,13.76,7.51,17.86,8.25,7.96,15.31,6.57,17.04
14.08,2.08,3.23,12.13,11.47,2.03,6.18,17.91,13.73,26.15,16.47,1.22,21.01,26.62,14.96,13.19,13.82,9.54,15.62
4.27,13.39,16.09,6.39,11.98,17.41,20.00,12.59,22.13,15.78,10.05,14.80,6.76,17.65,8.40,8.33,15.80,7.53,17.48
12.69,3.95,3.44,8.22,6.98,6.18,7.25,18.53,17.64,21.81,16.59,3.32,17.53,22.17,14.79,13.17,16.08,5.76,18.04
1.34,10.83,14.33,7.85,12.90,14.84,18.28,9.42,18.11,19.67,6.90,12.59,10.83,21.37,5.00,4.44,11.76,7.59,13.48
11.14,15.84,16.76,5.30,8.83,19.37,20.14,19.60,27.38,9.44,17.06,16.44,5.32,10.89,15.32,14.96,22.05,7.89,23.88
1.09,12.71,16.14,8.64,14.00,16.73,20.10,9.25,19.50,19.11,6.71,14.45,9.75,21.00,5.04,5.15,12.72,8.88,14.31
9.33,12.92,14.03,2.42,7.01,16.50,17.54,17.84,24.59,12.23,15.30,13.58,7.18,13.44,13.44,12.83,19.60,5.00,21.48
3.79,15.39,19.22,12.45,17.80,19.26,23.13,6.55,19.51,21.79,4.32,17.30,11.85,23.91,3.70,5.06,11.93,12.62,13.11
13.13,17.19,17.70,6.69,9.05,20.54,20.86,21.59,29.13,7.71,19.04,17.61,6.23,8.96,17.31,16.94,23.97,9.23,25.82
12.84,2.22,2.79,9.67,8.90,4.43,6.72,17.85,15.81,23.57,16.11,1.50,18.77,24.01,14.41,12.71,14.76,7.11,16.67
4.97,7.08,10.94,8.13,11.87,11.02,14.82,10.34,15.10,21.80,8.24,8.97,13.98,23.14,6.40,4.84,10.01,6.62,11.96
11.41,13.26,17.60,18.28,21.78,15.39,20.59,6.36,8.75,31.28,7.29,15.21,22.21,32.91,7.84,7.32,0.93,16.73,1.86
7.68,16.14,18.27,7.11,12.33,20.08,22.04,15.63,25.62,12.56,13.15,17.31,3.28,14.64,11.65,11.77,19.29,9.14,20.94
14.16,13.38,17.45,20.11,22.97,14.68,19.96,9.60,5.58,33.66,10.53,15.13,24.94,35.13,10.91,10.13,2.63,18.26,2.33
0.93,11.93,15.35,8.13,13.40,15.95,19.31,9.44,19.03,19.16,6.89,13.65,10.03,20.97,5.11,4.93,12.44,8.20,14.09
9.64,2.56,6.08,8.33,9.57,6.59,9.97,14.66,14.81,22.70,12.84,4.17,16.66,23.51,11.12,9.43,12.28,5.82,14.25
12.70,15.11,15.34,4.90,6.58,18.30,18.42,21.21,27.52,9.70,18.66,15.38,8.03,10.46,16.82,16.21,22.87,7.26,24.77
8.25,4.35,7.37,6.70,8.76,8.35,11.32,14.15,16.08,21.07,12.11,5.76,14.85,21.99,10.28,8.70,12.70,4.31,14.69
9.43,2.61,6.76,9.29,10.83,6.56,10.51,13.76,13.61,23.67,12.07,4.59,17.23,24.57,10.44,8.70,11.04,6.87,13.01
7.05,13.73,15.68,4.53,9.91,17.61,19.43,15.50,24.00,13.17,12.95,14.80,5.44,14.87,11.23,10.94,18.20,6.52,19.97
12.34,16.70,17.38,6.16,9.00,20.13,20.64,20.79,28.47,8.34,18.25,17.20,5.73,9.70,16.52,16.16,23.23,8.73,25.06
8.99,14.99,16.49,4.89,9.62,18.73,20.09,17.41,25.80,11.23,14.87,15.85,4.54,12.91,13.17,12.90,20.14,7.31,21.92
11.56,2.35,4.06,8.53,8.40,5.56,8.01,16.87,15.96,22.61,15.03,2.69,17.51,23.17,13.29,11.62,14.23,5.94,16.18
13.67,10.73,14.65,18.43,20.76,11.76,17.04,10.99,4.74,32.40,11.28,12.37,24.22,33.68,11.13,9.95,3.97,16.37,4.92
10.76,10.91,15.23,16.68,19.81,13.00,18.20,7.71,7.96,30.16,7.89,12.85,21.50,31.64,7.84,6.82,1.71,14.93,3.67
8.82,5.63,10.04,11.94,14.42,8.59,13.42,10.71,10.75,26.06,9.48,7.68,18.48,27.24,8.24,6.49,7.24,9.85,9.21
7.58,14.78,16.70,5.41,10.63,18.65,20.43,15.91,24.90,12.49,13.37,15.84,4.40,14.32,11.72,11.58,18.94,7.52,20.68
11.28,7.44,11.59,15.05,17.26,9.18,14.40,10.92,7.64,29.17,10.40,9.24,21.40,30.36,9.66,8.12,5.43,12.91,7.18
16.29,5.67,1.44,11.50,8.73,5.13,3.71,21.60,18.29,24.23,19.83,3.73,20.91,24.25,18.11,16.42,18.26,9.21,20.12
15.16,11.15,9.51,6.63,1.05,13.11,11.79,22.88,24.79,15.93,20.54,10.48,14.89,15.73,18.59,17.35,22.20,6.36,24.20
11.09,1.14,4.82,9.44,9.92,5.11,8.61,15.71,14.39,23.72,14.01,2.73,18.03,24.40,12.36,10.63,12.70,6.86,14.64
11.35,18.01,19.33,7.71,11.69,21.71,22.82,19.47,28.73,8.73,16.97,18.81,2.63,10.78,15.42,15.40,22.81,10.23,24.53
6.75,11.08,12.97,2.43,8.00,14.92,16.74,15.18,22.00,14.82,12.66,12.09,8.12,16.16,10.77,10.07,16.81,3.86,18.69
4.49,7.96,11.21,6.08,10.36,12.00,15.17,11.58,17.27,19.60,9.24,9.58,11.97,20.95,7.30,6.07,12.11,4.97,14.02
14.04,7.53,5.79,7.15,3.74,9.32,8.55,20.93,21.22,19.20,18.77,6.70,16.46,19.26,16.87,15.41,19.29,5.46,21.27
11.32,2.30,4.29,8.44,8.48,5.68,8.24,16.62,15.85,22.57,14.78,2.84,17.37,23.16,13.04,11.36,14.03,5.85,15.98
4.81,14.33,17.00,7.01,12.59,18.35,20.90,12.86,22.92,15.36,10.36,15.73,6.03,17.33,8.80,8.90,16.44,8.33,18.07
5.09,16.53,19.63,10.24,15.82,20.57,23.57,11.34,23.36,17.16,9.05,18.13,7.11,19.40,7.98,8.72,16.20,11.38,17.59
1.86,13.87,17.46,10.17,15.55,17.84,21.41,8.19,19.61,20.01,5.70,15.68,10.31,22.02,4.32,4.95,12.45,10.42,13.89
1.71,13.69,17.21,9.69,15.10,17.68,21.16,8.66,19.81,19.55,6.16,15.47,9.91,21.54,4.71,5.20,12.75,10.01,14.23
3.20,15.10,18.51,10.27,15.80,19.11,22.47,9.32,21.21,18.93,6.94,16.84,9.04,21.05,5.79,6.55,14.01,10.91,15.39
11.56,17.78,18.97,7.38,11.17,21.44,22.42,19.78,28.73,8.49,17.27,18.53,3.27,10.43,15.68,15.58,22.94,9.94,24.69
12.92,18.09,18.88,7.54,10.49,21.58,22.15,21.26,29.59,7.28,18.73,18.65,4.85,8.97,17.08,16.87,24.10,10.13,25.89
6.60,5.66,9.01,6.62,9.70,9.70,12.95,12.67,16.03,20.82,10.55,7.28,13.91,21.94,8.68,7.16,11.85,4.65,13.83
4.63,16.27,19.48,10.42,16.01,20.30,23.43,10.67,22.79,17.80,8.38,17.92,7.76,20.02,7.34,8.13,15.58,11.42,16.94
15.76,7.72,4.82,9.16,5.26,8.59,6.85,22.27,21.23,20.80,20.22,6.39,18.46,20.68,18.35,16.82,20.06,7.40,22.01
9.07,10.86,15.26,15.49,18.99,13.43,18.49,6.35,9.73,28.67,6.22,12.88,19.85,30.23,6.07,5.07,2.70,13.92,4.59
6.53,17.86,20.85,11.02,16.56,21.91,24.79,12.39,24.76,16.56,10.20,19.42,6.44,18.91,9.27,10.10,17.53,12.38,18.87
4.06,14.70,17.65,8.22,13.81,18.74,21.59,11.67,22.44,16.52,9.20,16.23,6.85,18.57,7.77,8.09,15.67,9.31,17.22
6.42,7.67,10.10,4.00,8.01,11.60,14.02,13.92,18.73,18.11,11.56,8.88,11.51,19.25,9.61,8.42,14.18,2.62,16.13
2.16,14.12,17.61,9.88,15.33,18.12,21.57,8.80,20.21,19.39,6.33,15.89,9.67,21.42,4.98,5.57,13.10,10.29,14.54
11.18,10.61,14.88,16.80,19.76,12.54,17.77,8.37,7.40,30.41,8.52,12.50,21.88,31.85,8.41,7.31,2.07,14.98,3.90
4.96,12.81,15.28,5.24,10.83,16.80,19.16,13.43,22.24,15.20,10.88,14.11,6.74,16.95,9.14,8.88,16.21,6.51,17.95
15.04,7.03,4.46,8.68,5.23,8.16,6.93,21.49,20.61,20.76,19.44,5.80,18.05,20.75,17.58,16.04,19.30,6.80,21.25
12.44,2.30,6.05,12.44,13.03,4.01,8.99,15.28,11.39,26.79,14.03,3.73,20.62,27.54,12.67,10.90,10.93,9.91,12.73
1.89,10.91,14.21,7.10,12.26,14.94,18.17,10.23,18.79,18.83,7.71,12.58,10.11,20.52,5.82,5.29,12.57,7.02,14.31
11.33,4.17,4.83,6.97,6.61,7.16,8.68,17.46,17.70,20.86,15.44,4.23,16.19,21.37,13.60,12.03,15.49,4.44,17.47
2.39,11.22,14.36,6.59,11.88,15.26,18.31,10.87,19.48,18.09,8.33,12.81,9.41,19.79,6.48,6.02,13.31,6.75,15.06
12.66,8.25,7.48,5.14,2.51,10.72,10.54,20.03,21.79,17.39,17.75,7.90,14.40,17.63,15.81,14.48,19.09,3.81,21.09
4.34,10.96,13.59,4.69,10.10,14.96,17.50,12.80,20.54,16.56,10.27,12.32,8.58,18.12,8.39,7.80,14.83,5.22,16.64
4.98,12.29,14.73,4.80,10.38,16.27,18.60,13.49,21.91,15.35,10.94,13.57,7.15,17.03,9.15,8.78,16.02,5.97,17.79
13.07,12.10,16.22,18.79,21.62,13.56,18.84,9.23,5.93,32.41,9.86,13.88,23.81,33.85,10.03,9.10,2.05,16.92,2.84
2.29,14.12,17.53,9.52,15.00,18.14,21.49,9.28,20.54,18.91,6.81,15.86,9.20,20.94,5.43,5.94,13.50,10.03,14.97
10.80,10.62,14.92,16.56,19.61,12.67,17.88,8.00,7.81,30.10,8.12,12.54,21.52,31.56,8.00,6.91,2.00,14.77,3.92
14.82,10.48,14.12,18.94,20.86,10.97,16.21,12.55,3.73,33.08,12.77,11.93,25.19,34.26,12.52,11.24,5.54,16.75,6.35
16.22,4.49,4.79,14.81,13.93,1.00,6.00,19.07,12.46,28.80,17.92,3.75,23.64,29.22,16.59,14.82,14.09,12.22,15.70
6.55,5.93,9.09,6.14,9.31,9.97,13.05,12.92,16.51,20.34,10.75,7.47,13.50,21.45,8.86,7.39,12.29,4.20,14.26
14.18,2.23,2.67,11.85,10.98,2.23,5.81,18.26,14.31,25.78,16.76,0.73,20.83,26.21,15.21,13.45,14.32,9.27,16.13
9.14,7.02,8.27,3.56,5.54,10.53,12.02,16.48,19.63,17.80,14.18,7.61,12.71,18.57,12.24,10.94,16.02,0.97,18.01
12.33,9.59,13.66,16.98,19.40,11.00,16.28,10.34,6.10,30.94,10.34,11.33,22.81,32.22,10.01,8.71,3.82,14.93,5.29
9.45,2.89,6.21,7.94,9.26,6.90,10.12,14.69,15.17,22.31,12.81,4.40,16.30,23.13,11.06,9.39,12.49,5.44,14.47
12.06,1.61,3.63,9.42,9.17,4.70,7.52,16.97,15.29,23.50,15.23,1.89,18.35,24.05,13.55,11.84,13.96,6.83,15.88
7.35,16.17,18.41,7.39,12.68,20.13,22.21,15.21,25.41,12.98,12.74,17.39,3.49,15.09,11.28,11.45,18.99,9.33,20.61
10.89,18.99,20.70,9.12,13.60,22.83,24.32,18.56,28.88,9.82,16.15,19.98,0.45,12.15,14.76,14.98,22.53,11.51,24.15
16.08,9.30,6.69,8.61,3.85,10.44,8.52,23.08,22.93,19.23,20.91,8.14,17.63,18.99,19.00,17.56,21.36,7.34,23.33
6.42,6.19,9.26,5.85,9.16,10.23,13.22,12.98,16.81,20.03,10.77,7.69,13.20,21.16,8.87,7.44,12.50,3.98,14.48
9.64,7.24,8.18,3.49,4.99,10.61,11.86,17.04,20.04,17.56,14.73,7.69,12.79,18.26,12.79,11.50,16.54,1.06,18.53
6.01,6.00,9.81,7.85,11.14,9.98,13.70,11.34,14.96,21.85,9.31,7.86,14.44,23.08,7.50,5.89,10.44,6.05,12.42
14.44,19.10,19.59,8.57,10.79,22.46,22.71,22.79,30.90,5.91,20.26,19.53,6.04,7.45,18.60,18.37,25.55,11.13,27.36
9.45,12.09,13.07,1.54,6.14,15.60,16.56,17.90,24.03,12.88,15.37,12.68,8.15,13.93,13.48,12.75,19.29,4.13,21.20
16.19,9.46,6.83,8.66,3.81,10.59,8.62,23.21,23.09,19.16,21.04,8.30,17.64,18.90,19.13,17.69,21.51,7.42,23.48
12.85,11.05,15.14,18.11,20.74,12.44,17.73,9.79,5.70,31.90,10.15,12.81,23.50,33.27,10.11,9.01,2.78,16.15,3.92
4.17,14.85,17.80,8.33,13.92,18.89,21.73,11.71,22.56,16.48,9.25,16.38,6.78,18.55,7.84,8.18,15.77,9.44,17.31
9.26,16.53,18.23,6.68,11.42,20.35,21.87,17.40,26.79,10.82,14.90,17.50,2.74,12.81,13.34,13.31,20.75,9.03,22.46
14.96,5.42,2.43,9.76,7.12,6.12,5.45,20.76,18.77,22.55,18.86,3.90,19.17,22.65,17.08,15.44,17.97,7.52,19.89
15.26,9.58,7.52,7.43,2.51,11.18,9.71,22.54,23.26,17.97,20.30,8.68,16.33,17.81,18.37,17.00,21.23,6.41,23.21
12.61,19.41,20.63,9.04,12.71,23.08,24.07,20.59,30.14,7.62,18.13,20.18,2.75,9.85,16.63,16.68,24.14,11.59,25.84
11.96,16.19,16.90,5.64,8.61,19.63,20.17,20.44,27.97,8.84,17.89,16.70,5.86,10.16,16.14,15.75,22.78,8.22,24.62
11.05,14.89,15.67,4.34,7.68,18.34,19.01,19.57,26.71,10.12,17.02,15.41,6.39,11.34,15.22,14.73,21.64,6.92,23.50
16.80,6.39,2.16,11.66,8.55,5.77,3.62,22.26,19.00,24.09,20.46,4.46,21.08,24.03,18.72,17.05,18.98,9.46,20.84
11.83,11.87,16.13,17.88,20.97,13.72,18.97,8.00,7.24,31.33,8.53,13.76,22.60,32.83,8.70,7.82,0.97,16.12,2.63
12.24,6.16,5.62,6.16,4.58,8.66,9.04,19.00,19.77,19.35,16.86,5.81,15.58,19.68,14.96,13.49,17.46,4.02,19.44
2.03,14.03,17.56,10.00,15.42,18.01,21.52,8.55,19.97,19.64,6.07,15.81,9.93,21.66,4.72,5.33,12.84,10.35,14.28
8.84,17.30,19.30,7.94,12.92,21.21,23.02,16.62,26.86,11.61,14.17,18.41,2.03,13.80,12.74,12.93,20.48,10.12,22.10
6.46,5.58,9.22,7.36,10.45,9.61,13.14,12.06,15.32,21.50,10.01,7.35,14.37,22.66,8.19,6.60,11.07,5.43,13.05
14.09,6.79,4.90,7.69,4.63,8.43,7.76,20.71,20.47,20.06,18.61,5.85,17.07,20.15,16.73,15.22,18.78,5.78,20.75
13.37,11.31,15.33,18.56,21.12,12.54,17.83,10.20,5.20,32.39,10.62,13.02,24.02,33.74,10.61,9.53,3.09,16.58,4.00
8.58,7.41,8.88,3.14,5.88,11.02,12.65,16.07,19.73,17.49,13.74,8.13,12.13,18.34,11.79,10.54,15.86,0.65,17.84
12.64,8.89,12.86,16.77,18.94,10.11,15.39,11.18,5.97,30.86,11.05,10.56,22.96,32.08,10.59,9.20,4.79,14.64,6.22
12.78,0.95,4.31,11.49,11.49,3.20,7.56,16.52,13.13,25.71,15.07,1.95,20.12,26.32,13.56,11.80,12.61,8.91,14.44
7.46,4.85,8.15,6.82,9.38,8.89,12.09,13.30,15.82,21.14,11.25,6.43,14.54,22.17,9.42,7.84,12.07,4.62,14.06
14.30,14.24,18.36,20.62,23.65,15.64,20.93,9.14,6.29,33.99,10.29,16.03,25.10,35.52,10.85,10.22,2.65,18.85,1.58
14.04,3.79,1.80,9.85,8.13,4.86,5.66,19.40,17.16,23.27,17.59,2.32,19.17,23.53,15.86,14.18,16.37,7.40,18.28
14.79,6.48,3.97,8.75,5.62,7.63,6.66,21.10,20.05,21.11,19.08,5.25,18.15,21.15,17.24,15.67,18.80,6.74,20.75
13.34,2.87,2.27,9.73,8.56,4.53,6.23,18.51,16.36,23.44,16.74,1.70,18.94,23.81,15.02,13.33,15.44,7.20,17.35
13.21,15.61,15.75,5.45,6.84,18.76,18.77,21.72,28.07,9.22,19.18,15.84,8.13,9.93,17.34,16.75,23.42,7.78,25.33
11.96,13.84,14.11,3.73,5.60,17.03,17.25,20.44,26.32,10.97,17.91,14.11,8.55,11.70,16.04,15.33,21.82,6.00,23.74
13.28,17.58,18.12,7.06,9.47,20.95,21.29,21.72,29.44,7.38,19.18,18.02,6.00,8.72,17.46,17.13,24.22,9.61,26.05
8.49,16.28,18.17,6.77,11.76,20.15,21.88,16.57,26.20,11.63,14.07,17.34,2.90,13.66,12.53,12.56,20.04,8.98,21.72
5.45,6.67,10.63,8.48,12.01,10.58,14.49,10.39,14.61,22.26,8.38,8.61,14.51,23.57,6.60,4.96,9.69,6.84,11.66
11.41,16.33,17.26,5.80,9.25,19.86,20.63,19.85,27.81,9.02,17.30,16.94,5.01,10.54,15.59,15.28,22.42,8.39,24.24
6.72,5.33,8.97,7.42,10.37,9.36,12.89,12.24,15.23,21.61,10.22,7.10,14.56,22.74,8.40,6.80,11.11,5.42,13.10
8.03,5.39,7.86,5.45,7.80,9.28,11.80,14.59,17.30,19.83,12.43,6.55,13.79,20.75,10.53,9.07,13.66,3.08,15.65
14.44,12.44,16.37,19.80,22.34,13.46,18.73,10.66,4.47,33.59,11.34,14.09,25.14,34.96,11.49,10.52,3.48,17.82,3.72
7.06,16.91,19.41,8.70,14.10,20.92,23.26,14.39,25.40,13.95,12.00,18.25,3.97,16.18,10.70,11.09,18.68,10.47,20.21
11.31,8.92,13.11,15.95,18.49,10.69,15.92,9.84,7.14,29.88,9.62,10.75,21.75,31.18,9.15,7.78,3.92,13.94,5.65
10.73,1.30,5.34,9.55,10.31,5.34,9.09,15.17,13.99,23.88,13.50,3.17,17.97,24.63,11.87,10.13,12.14,7.00,14.08
9.20,15.84,17.42,5.84,10.53,19.62,21.04,17.50,26.40,10.87,14.98,16.75,3.59,12.71,13.34,13.20,20.55,8.24,22.29
14.37,10.21,13.92,18.54,20.53,10.85,16.10,12.20,4.16,32.66,12.37,11.70,24.75,33.85,12.10,10.80,5.26,16.36,6.18
15.39,11.16,14.74,19.63,21.56,11.53,16.74,12.79,3.08,33.76,13.13,12.57,25.82,34.95,12.98,11.74,5.68,17.45,6.26
7.91,14.26,16.01,4.58,9.73,18.08,19.69,16.35,24.79,12.30,13.81,15.24,4.97,14.00,12.09,11.82,19.06,6.81,20.84
4.31,15.97,19.79,12.83,18.23,19.84,23.71,6.70,19.98,21.81,4.61,17.88,11.81,23.97,4.19,5.61,12.34,13.09,13.46
12.58,5.10,4.41,7.26,5.73,7.41,7.98,18.90,18.78,20.61,16.85,4.57,16.65,20.93,15.00,13.45,16.89,4.94,18.86
3.30,15.19,18.59,10.28,15.81,19.20,22.54,9.41,21.32,18.85,7.04,16.92,8.95,20.98,5.90,6.66,14.12,10.95,15.50
12.79,5.44,4.53,7.22,5.43,7.64,7.99,19.20,19.13,20.41,17.14,4.84,16.62,20.70,15.28,13.74,17.24,4.97,19.21
14.49,4.48,1.84,9.87,7.75,5.30,5.42,20.02,17.81,23.04,18.18,2.95,19.25,23.23,16.42,14.76,17.07,7.50,18.97
9.35,15.49,16.96,5.34,9.94,19.23,20.54,17.73,26.28,10.80,15.19,16.35,4.12,12.54,13.51,13.30,20.57,7.80,22.34
13.80,20.34,21.38,9.87,13.15,23.95,24.73,21.77,31.26,6.46,19.31,21.03,3.73,8.77,17.82,17.87,25.32,12.45,27.02
9.85,15.13,16.37,4.75,9.04,18.78,19.88,18.31,26.32,10.56,15.76,15.88,4.95,12.12,14.03,13.70,20.85,7.29,22.66
7.51,18.10,20.77,10.25,15.67,22.13,24.65,14.10,25.92,14.70,11.83,19.52,4.58,17.07,10.74,11.37,18.91,11.94,20.34
12.21,19.00,20.26,8.66,12.44,22.69,23.72,20.23,29.71,7.97,17.75,19.79,2.59,10.15,16.25,16.28,23.73,11.20,25.43
8.64,3.38,7.24,8.42,10.32,7.40,11.09,13.47,14.34,22.79,11.64,5.22,16.27,23.74,9.94,8.24,11.28,6.06,13.26
9.55,2.79,6.11,8.01,9.27,6.80,10.03,14.76,15.14,22.37,12.89,4.30,16.39,23.18,11.15,9.47,12.51,5.50,14.49
12.19,0.60,3.93,10.27,10.23,4.04,7.60,16.58,14.26,24.45,14.96,1.68,19.03,25.04,13.35,11.61,13.19,7.68,15.08
7.76,16.24,18.36,7.19,12.39,20.18,22.13,15.69,25.72,12.49,13.22,17.40,3.18,14.58,11.73,11.85,19.38,9.23,21.02
12.43,1.19,3.45,10.05,9.74,4.09,7.23,17.06,14.82,24.14,15.39,1.39,18.95,24.67,13.75,12.02,13.77,7.46,15.67
2.79,14.75,18.23,10.27,15.76,18.75,22.19,8.92,20.72,19.30,6.51,16.52,9.46,21.39,5.31,6.05,13.51,10.80,14.91
4.54,16.50,19.94,11.49,17.05,20.51,23.90,9.43,22.13,19.19,7.25,18.26,9.12,21.42,6.44,7.47,14.72,12.26,15.98
13.60,10.88,14.82,18.47,20.85,11.96,17.24,10.79,4.83,32.40,11.12,12.53,24.18,33.70,11.01,9.84,3.75,16.42,4.69
10.15,11.52,12.19,1.34,4.99,14.88,15.59,18.49,23.87,13.29,15.99,11.95,9.25,14.13,14.07,13.22,19.47,3.60,21.41
14.87,11.61,15.37,19.60,21.81,12.30,17.55,11.81,3.58,33.60,12.27,13.14,25.43,34.87,12.23,11.10,4.64,17.50,5.15
11.23,15.02,19.42,18.92,22.85,17.43,22.57,4.59,10.78,31.28,6.16,17.04,21.85,33.06,7.24,7.26,3.22,17.63,3.04
4.25,14.78,18.82,13.21,18.35,18.50,22.67,4.80,17.81,23.41,2.46,16.77,13.57,25.45,2.12,3.78,10.13,13.03,11.26
12.79,1.74,2.95,10.00,9.40,4.08,6.80,17.57,15.29,23.97,15.88,1.19,19.01,24.45,14.21,12.49,14.33,7.42,16.23
7.52,4.63,8.12,7.25,9.75,8.68,12.05,13.10,15.39,21.56,11.10,6.31,14.88,22.59,9.29,7.68,11.69,5.04,13.68
4.40,10.83,13.46,4.61,10.00,14.83,17.37,12.83,20.47,16.60,10.30,12.18,8.68,18.15,8.42,7.80,14.79,5.10,16.62
12.61,0.67,4.21,11.19,11.18,3.40,7.57,16.50,13.39,25.40,15.01,1.83,19.84,26.01,13.48,11.71,12.72,8.60,14.57
12.51,3.11,3.22,8.68,7.79,5.50,7.16,18.02,16.79,22.47,16.16,2.59,17.89,22.90,14.40,12.74,15.35,6.15,17.29
9.90,17.73,19.47,7.92,12.57,21.57,23.11,17.80,27.73,10.41,15.34,18.72,1.50,12.59,13.87,13.99,21.50,10.27,23.16
11.28,15.13,15.87,4.58,7.78,18.57,19.19,19.80,26.97,9.86,17.24,15.64,6.35,11.07,15.45,14.98,21.90,7.16,23.76
15.88,9.81,7.45,8.09,3.05,11.18,9.40,23.09,23.48,18.36,20.87,8.78,16.95,18.11,18.95,17.55,21.64,7.04,23.62
11.97,15.60,16.19,5.10,7.82,18.98,19.43,20.48,27.58,9.29,17.93,16.05,6.57,10.43,16.14,15.66,22.57,7.64,24.43
12.68,13.02,17.24,19.00,22.15,14.74,20.00,8.05,7.07,32.34,8.92,14.88,23.48,33.88,9.33,8.62,1.04,17.28,1.54
14.36,7.81,11.21,17.09,18.44,8.00,13.24,13.87,5.88,31.42,13.55,9.08,24.17,32.42,12.88,11.33,7.52,14.74,8.80
16.71,5.64,1.22,12.27,9.62,4.48,2.99,21.72,17.77,25.11,20.03,3.59,21.67,25.14,18.36,16.65,18.10,9.93,19.92
15.32,6.11,3.00,9.71,6.69,6.75,5.60,21.30,19.47,22.19,19.36,4.61,19.12,22.21,17.56,15.94,18.63,7.59,20.55
9.93,2.11,5.98,8.94,10.09,6.16,9.79,14.61,14.25,23.30,12.86,3.91,17.22,24.12,11.19,9.47,11.93,6.43,13.90
12.81,14.20,14.21,4.41,5.32,17.27,17.22,21.28,26.88,10.70,18.75,14.36,9.14,11.25,16.87,16.13,22.54,6.51,24.47
12.54,2.18,3.07,9.40,8.76,4.69,7.01,17.62,15.84,23.34,15.86,1.76,18.48,23.81,14.15,12.45,14.64,6.83,16.56
10.69,1.36,5.31,9.43,10.18,5.41,9.08,15.21,14.11,23.76,13.52,3.18,17.87,24.50,11.88,10.14,12.23,6.88,14.17
13.89,7.87,6.29,6.76,3.24,9.78,9.05,20.92,21.55,18.69,18.73,7.13,16.03,18.76,16.82,15.39,19.46,5.20,21.44
13.70,4.27,2.59,9.05,7.23,5.76,6.28,19.40,17.84,22.37,17.51,3.11,18.41,22.63,15.73,14.09,16.71,6.65,18.64
13.01,11.55,15.65,18.47,21.19,12.96,18.24,9.58,5.71,32.19,10.07,13.32,23.70,33.59,10.12,9.10,2.46,16.55,3.44
5.19,7.23,10.48,6.05,9.99,11.28,14.43,11.99,16.95,19.87,9.71,8.84,12.51,21.14,7.78,6.45,12.09,4.64,14.03
5.62,11.95,14.20,3.98,9.57,15.89,18.04,14.14,22.04,15.01,11.59,13.14,7.29,16.58,9.76,9.28,16.38,5.29,18.19
2.15,14.01,17.44,9.53,15.00,18.02,21.40,9.16,20.37,19.03,6.68,15.75,9.35,21.05,5.28,5.78,13.34,9.99,14.81
5.54,16.29,19.14,9.20,14.76,20.33,23.06,12.53,23.95,15.82,10.16,17.79,5.84,18.02,8.92,9.45,17.02,10.57,18.49
17.05,7.80,4.05,10.88,6.99,7.78,5.21,23.13,20.88,22.50,21.19,6.11,20.22,22.30,19.37,17.77,20.39,8.99,22.30
9.78,3.71,5.93,6.84,7.80,7.42,9.89,15.70,16.59,21.13,13.69,4.62,15.61,21.86,11.87,10.28,13.87,4.27,15.86
14.42,5.76,3.41,8.80,6.12,6.99,6.44,20.55,19.33,21.52,18.57,4.54,18.22,21.63,16.74,15.15,18.12,6.64,20.06
14.06,4.29,2.18,9.47,7.53,5.47,5.86,19.65,17.75,22.74,17.80,2.94,18.83,22.97,16.03,14.38,16.82,7.08,18.74
2.60,11.97,15.03,6.68,12.11,16.02,18.98,11.12,20.22,17.55,8.56,13.54,8.68,19.32,6.78,6.52,13.92,7.14,15.63
11.05,1.60,4.66,8.96,9.34,5.39,8.54,15.97,14.97,23.20,14.21,2.79,17.67,23.86,12.51,10.81,13.17,6.37,15.11
3.60,15.56,19.01,10.80,16.33,19.56,22.97,9.14,21.38,19.21,6.83,17.32,9.24,21.36,5.81,6.70,14.07,11.45,15.41
5.08,17.05,20.68,12.78,18.31,21.00,24.63,8.32,21.70,20.61,6.34,18.89,10.52,22.87,5.90,7.21,14.09,13.38,15.21
4.12,15.99,19.71,12.35,17.80,19.91,23.65,7.44,20.50,21.07,5.30,17.86,11.05,23.24,4.70,5.99,12.93,12.73,14.11
11.30,5.01,5.38,6.28,5.80,7.94,9.12,17.77,18.50,20.05,15.68,5.02,15.59,20.54,13.80,12.28,16.09,3.82,18.08
1.98,13.94,17.43,9.75,15.19,17.94,21.39,8.79,20.08,19.40,6.31,15.71,9.71,21.41,4.92,5.46,13.00,10.14,14.46
3.01,9.60,12.86,6.38,11.26,13.65,16.82,10.86,18.16,19.01,8.39,11.24,10.79,20.55,6.45,5.56,12.39,5.92,14.22
12.75,19.74,21.00,9.39,13.11,23.43,24.45,20.66,30.37,7.60,18.21,20.53,2.62,9.90,16.74,16.83,24.31,11.94,25.99
12.86,4.25,3.47,8.16,6.73,6.36,7.20,18.78,17.93,21.65,16.83,3.54,17.51,21.98,15.03,13.41,16.39,5.74,18.34
6.43,5.60,9.27,7.47,10.56,9.62,13.18,11.97,15.23,21.59,9.93,7.39,14.43,22.75,8.11,6.51,10.96,5.54,12.94
4.83,16.69,20.02,11.23,16.81,20.71,23.98,10.11,22.67,18.54,7.91,18.40,8.47,20.79,7.04,8.00,15.32,12.13,16.61
16.95,5.13,4.80,15.29,14.15,1.22,5.49,19.84,12.87,29.18,18.69,4.15,24.22,29.53,17.36,15.59,14.79,12.71,16.37
10.46,3.75,5.37,6.91,7.31,7.20,9.30,16.46,17.00,21.06,14.45,4.31,15.90,21.69,12.62,11.04,14.54,4.32,16.52
11.87,18.57,19.84,8.23,12.08,22.26,23.31,19.94,29.30,8.25,17.45,19.36,2.62,10.37,15.92,15.93,23.36,10.77,25.07
10.27,12.77,17.16,17.27,20.92,15.16,20.30,5.57,9.61,30.16,6.25,14.77,21.06,31.81,6.70,6.18,1.68,15.80,3.00
12.28,10.53,14.66,17.47,20.13,12.07,17.34,9.57,6.19,31.27,9.78,12.32,22.91,32.63,9.64,8.49,2.80,15.52,4.22
4.48,7.55,11.16,7.23,11.25,11.57,15.09,10.75,16.12,20.78,8.51,9.33,12.99,22.15,6.60,5.20,10.93,5.91,12.85
6.82,5.99,8.92,5.67,8.78,10.00,12.88,13.40,16.96,19.93,11.20,7.41,13.29,21.00,9.30,7.86,12.82,3.67,14.80
10.42,11.14,11.67,1.46,4.44,14.42,15.03,18.69,23.67,13.66,16.20,11.49,9.84,14.41,14.27,13.36,19.45,3.30,21.40
3.88,15.08,18.18,9.04,14.62,19.12,22.13,11.01,22.28,17.20,8.59,16.68,7.38,19.31,7.27,7.76,15.33,10.02,16.81
12.19,15.54,16.04,5.08,7.56,18.87,19.24,20.70,27.63,9.30,18.15,15.94,6.91,10.35,16.35,15.85,22.70,7.59,24.57
2.87,14.67,18.04,9.77,15.29,18.69,22.00,9.52,21.06,18.68,7.09,16.39,8.87,20.76,5.82,6.44,13.96,10.40,15.40
6.24,14.72,17.04,6.31,11.78,18.70,20.87,14.40,24.06,13.85,11.89,15.97,4.84,15.79,10.30,10.31,17.79,8.05,19.47
10.56,16.08,17.25,5.65,9.64,19.71,20.72,18.96,27.25,9.68,16.42,16.80,4.38,11.33,14.73,14.48,21.70,8.21,23.49
9.84,4.78,6.32,5.82,6.68,8.29,10.21,16.29,17.77,20.02,14.18,5.40,14.82,20.70,12.31,10.80,14.87,3.23,16.86
6.14,17.00,19.84,9.77,15.30,21.04,23.75,12.82,24.54,15.70,10.51,18.49,5.62,17.97,9.37,9.98,17.53,11.22,18.96
13.67,12.69,16.77,19.46,22.28,14.03,19.31,9.51,5.60,33.07,10.28,14.44,24.43,34.51,10.54,9.67,2.36,17.59,2.63
3.94,15.81,19.53,12.20,17.64,19.73,23.46,7.43,20.39,21.01,5.25,17.68,11.02,23.18,4.59,5.85,12.84,12.56,14.04
3.86,15.18,18.31,9.25,14.83,19.22,22.26,10.85,22.24,17.38,8.44,16.79,7.53,19.49,7.15,7.69,15.25,10.20,16.71
15.04,10.26,13.80,18.92,20.72,10.59,15.81,12.99,3.70,33.12,13.15,11.64,25.34,34.26,12.85,11.53,6.02,16.70,6.85
12.46,0.89,3.60,10.32,10.10,3.88,7.29,16.91,14.47,24.45,15.28,1.37,19.16,25.00,13.67,11.92,13.51,7.73,15.40
12.41,7.76,7.10,5.20,3.00,10.28,10.26,19.67,21.29,17.79,17.42,7.44,14.55,18.06,15.49,14.13,18.64,3.63,20.63
11.18,15.17,15.96,4.62,7.92,18.63,19.29,19.69,26.96,9.86,17.14,15.70,6.19,11.11,15.36,14.90,21.84,7.20,23.70
7.14,16.26,18.58,7.67,13.02,20.24,22.40,14.89,25.29,13.32,12.44,17.52,3.67,15.45,11.00,11.22,18.79,9.55,20.39
10.15,3.36,5.52,7.20,7.90,7.01,9.48,15.94,16.43,21.44,13.97,4.20,16.02,22.13,12.16,10.55,13.93,4.61,15.91
7.31,6.72,9.02,4.32,7.53,10.60,12.94,14.47,18.31,18.65,12.19,7.84,12.45,19.66,10.25,8.93,14.20,2.28,16.18
7.51,14.52,16.43,5.14,10.39,18.39,20.15,15.88,24.72,12.59,13.34,15.57,4.65,14.38,11.67,11.48,18.82,7.25,20.57
3.98,14.02,16.88,7.38,12.96,18.06,20.81,12.00,22.20,16.22,9.49,15.51,6.83,18.19,7.94,8.07,15.63,8.46,17.24
12.49,11.57,15.73,18.15,21.00,13.15,18.42,8.99,6.31,31.78,9.46,13.38,23.22,33.22,9.54,8.56,1.91,16.29,3.14
10.89,17.20,18.50,6.87,10.92,20.89,21.99,19.13,28.06,9.17,16.61,17.99,3.20,11.07,15.01,14.90,22.26,9.41,24.00
5.29,13.31,15.73,5.44,11.02,17.29,19.59,13.71,22.73,14.80,11.16,14.59,6.22,16.59,9.46,9.27,16.65,6.87,18.37
14.00,11.07,14.96,18.81,21.13,12.02,17.29,11.13,4.44,32.77,11.49,12.69,24.57,34.06,11.40,10.24,4.04,16.74,4.83
3.87,15.58,18.86,10.12,15.69,19.61,22.82,10.15,22.04,18.17,7.80,17.27,8.22,20.33,6.66,7.39,14.88,10.97,16.27
15.91,9.17,6.62,8.46,3.76,10.37,8.54,22.91,22.81,19.19,20.74,8.04,17.50,18.97,18.83,17.39,21.20,7.17,23.17
4.66,16.31,19.52,10.46,16.05,20.34,23.48,10.67,22.81,17.81,8.38,17.97,7.77,20.03,7.35,8.15,15.60,11.46,16.96
13.21,16.64,17.00,6.23,8.23,19.91,20.10,21.71,28.79,8.17,19.16,16.99,6.98,9.19,17.38,16.93,23.83,8.71,25.70
5.18,15.59,18.39,8.43,13.99,19.63,22.30,12.60,23.57,15.62,10.17,17.06,5.81,17.75,8.82,9.20,16.78,9.79,18.31
13.81,10.95,14.86,18.63,20.97,11.96,17.24,10.98,4.63,32.58,11.32,12.58,24.37,33.87,11.22,10.05,3.92,16.57,4.79
11.28,15.44,19.84,19.11,23.13,17.90,23.02,4.29,11.22,31.33,6.03,17.46,21.83,33.14,7.22,7.36,3.72,17.88,3.43
10.24,16.07,17.35,5.72,9.91,19.74,20.85,18.61,27.08,9.93,16.08,16.84,4.08,11.65,14.40,14.18,21.44,8.26,23.22
10.92,19.28,21.06,9.51,14.04,23.14,24.70,18.46,29.01,10.04,16.07,20.30,0.12,12.42,14.73,15.00,22.57,11.86,24.16
9.54,2.84,6.10,7.93,9.18,6.84,10.02,14.80,15.22,22.29,12.93,4.31,16.34,23.10,11.17,9.51,12.59,5.42,14.57
12.47,2.97,3.23,8.74,7.92,5.41,7.18,17.93,16.65,22.57,16.07,2.49,17.93,23.00,14.32,12.65,15.23,6.20,17.16
5.67,16.80,20.78,14.43,19.77,20.56,24.66,5.43,19.55,23.46,3.80,18.77,13.41,25.65,4.16,5.86,11.73,14.55,12.64
7.04,17.20,19.78,9.19,14.61,21.22,23.65,14.14,25.43,14.30,11.79,18.58,4.25,16.58,10.55,11.02,18.60,10.90,20.10
12.22,17.87,18.85,7.36,10.74,21.44,22.21,20.51,29.12,7.88,17.99,18.52,4.09,9.69,16.36,16.20,23.49,9.95,25.26
11.42,10.32,14.55,16.80,19.63,12.14,17.38,8.84,7.07,30.50,8.94,12.18,22.07,31.90,8.76,7.60,2.47,14.92,4.21
12.20,2.89,3.48,8.58,7.92,5.54,7.44,17.67,16.57,22.46,15.81,2.61,17.72,22.93,14.05,12.39,15.03,6.02,16.98
3.72,15.26,18.47,9.61,15.19,19.30,22.43,10.44,22.03,17.81,8.05,16.91,7.92,19.94,6.82,7.43,14.96,10.49,16.40
10.53,7.54,11.80,14.60,17.04,9.59,14.77,10.22,8.22,28.63,9.63,9.43,20.73,29.87,8.87,7.33,5.12,12.54,6.97
7.90,5.79,10.19,11.15,13.89,9.08,13.72,10.35,11.63,25.19,8.94,7.87,17.52,26.41,7.57,5.80,7.59,9.15,9.58
11.33,10.41,14.66,16.79,19.67,12.28,17.51,8.67,7.19,30.46,8.79,12.29,21.99,31.88,8.63,7.49,2.33,14.93,4.10
14.72,19.85,20.44,9.31,11.70,23.26,23.59,22.98,31.48,5.40,20.47,20.33,5.69,7.22,18.85,18.70,25.97,11.88,27.75
14.47,6.86,4.69,8.09,4.86,8.30,7.42,21.02,20.51,20.34,18.94,5.80,17.47,20.39,17.07,15.55,18.98,6.19,20.94
14.76,12.83,16.75,20.19,22.75,13.81,19.08,10.78,4.34,33.97,11.54,14.48,25.48,35.35,11.75,10.82,3.64,18.22,3.66
12.98,9.95,13.93,17.58,19.91,11.14,16.43,10.78,5.44,31.57,10.88,11.63,23.47,32.85,10.61,9.34,4.02,15.51,5.27
12.71,14.26,14.32,4.37,5.48,17.35,17.35,21.19,26.89,10.62,18.65,14.44,8.96,11.20,16.77,16.05,22.50,6.53,24.43
12.18,13.07,17.35,18.71,21.99,14.96,20.20,7.42,7.70,31.93,8.30,14.97,22.99,33.50,8.75,8.11,0.57,17.05,1.46
12.87,11.16,15.25,18.18,20.83,12.56,17.84,9.73,5.72,31.95,10.11,12.92,23.53,33.33,10.09,9.01,2.69,16.23,3.81
15.98,13.48,17.24,21.23,23.61,14.13,19.35,11.90,3.30,35.09,12.74,15.02,26.68,36.44,12.98,12.05,4.82,19.20,4.55
8.26,4.04,8.29,9.51,11.77,7.81,12.00,12.24,13.12,23.79,10.56,6.08,16.79,24.85,8.96,7.21,9.79,7.29,11.78
10.37,17.26,18.73,7.11,11.45,21.01,22.29,18.52,27.80,9.70,16.02,18.13,2.55,11.70,14.46,14.42,21.84,9.58,23.56
3.26,15.00,18.77,11.86,17.22,18.90,22.70,6.96,19.54,21.30,4.63,16.89,11.40,23.39,3.77,4.97,12.05,12.06,13.31
10.34,13.76,14.61,3.20,6.97,17.23,18.01,18.85,25.62,11.24,16.31,14.31,7.02,12.38,14.47,13.89,20.67,5.79,22.55
15.00,10.34,13.90,18.95,20.78,10.70,15.93,12.89,3.68,33.13,13.07,11.74,25.33,34.29,12.79,11.48,5.91,16.73,6.72
12.62,4.09,3.61,8.04,6.80,6.36,7.39,18.52,17.78,21.62,16.57,3.50,17.36,21.98,14.76,13.15,16.15,5.59,18.11
8.06,17.56,19.89,8.88,14.12,21.55,23.70,15.41,26.36,12.99,13.03,18.83,2.95,15.28,11.73,12.11,19.69,10.83,21.23
9.87,12.16,16.55,16.71,20.31,14.61,19.72,5.77,9.60,29.69,6.18,14.17,20.68,31.32,6.46,5.79,1.83,15.21,3.45
11.58,16.07,16.88,5.51,8.75,19.55,20.21,20.05,27.72,9.08,17.51,16.62,5.55,10.47,15.77,15.40,22.46,8.10,24.29
5.45,6.60,10.50,8.20,11.74,10.55,14.37,10.62,14.83,22.01,8.58,8.51,14.33,23.32,6.78,5.16,9.97,6.56,11.93
12.37,0.43,4.32,10.98,11.06,3.64,7.75,16.33,13.45,25.21,14.81,1.94,19.61,25.83,13.27,11.51,12.63,8.39,14.50
4.68,7.38,10.95,7.08,11.05,11.40,14.89,10.97,16.16,20.71,8.74,9.14,13.01,22.06,6.83,5.42,11.06,5.71,12.99
11.54,15.31,15.99,4.77,7.79,18.72,19.28,20.05,27.20,9.65,17.50,15.79,6.42,10.83,15.71,15.23,22.15,7.34,24.01
12.00,6.42,6.02,5.76,4.34,9.03,9.45,18.89,19.97,18.97,16.71,6.16,15.18,19.32,14.81,13.36,17.50,3.66,19.49
15.64,8.43,5.83,8.55,4.26,9.57,7.89,22.45,22.04,19.79,20.32,7.25,17.74,19.63,18.43,16.95,20.56,7.03,22.53
3.72,15.70,19.33,11.69,17.16,19.66,23.28,8.04,20.73,20.37,5.80,17.53,10.38,22.53,4.99,6.11,13.27,12.15,14.52
1.06,12.34,16.11,9.98,15.10,16.26,20.04,7.46,17.87,21.02,4.91,14.22,11.63,22.89,3.15,3.30,10.88,9.79,12.42
7.78,15.65,17.65,6.39,11.56,19.56,21.40,15.92,25.47,12.30,13.42,16.76,3.56,14.28,11.85,11.85,19.31,8.49,21.00
13.93,5.40,3.46,8.48,6.12,6.90,6.73,20.05,19.02,21.41,18.07,4.32,17.89,21.58,16.24,14.65,17.68,6.26,19.63
10.63,4.85,5.77,6.03,6.17,8.06,9.60,17.10,18.15,20.03,15.00,5.13,15.23,20.60,13.12,11.61,15.53,3.49,17.51
2.85,12.32,15.31,6.69,12.17,16.36,19.26,11.33,20.61,17.23,8.78,13.86,8.30,19.04,7.03,6.83,14.27,7.28,15.97
10.99,1.12,5.51,10.24,11.02,4.99,9.10,15.02,13.28,24.59,13.44,3.20,18.56,25.35,11.88,10.12,11.68,7.71,13.59
8.89,17.06,18.98,7.58,12.52,20.95,22.69,16.78,26.80,11.42,14.32,18.14,2.15,13.56,12.85,12.98,20.50,9.80,22.15
11.66,12.48,16.78,18.08,21.35,14.46,19.69,7.30,7.85,31.34,8.00,14.40,22.46,32.89,8.33,7.59,0.16,16.41,2.09
15.05,5.57,2.54,9.76,7.04,6.25,5.46,20.88,18.91,22.49,18.98,4.05,19.17,22.56,17.19,15.56,18.12,7.54,20.03
14.88,2.94,2.29,12.31,11.15,1.86,5.13,18.95,14.57,26.12,17.46,1.18,21.38,26.48,15.92,14.16,14.89,9.75,16.68
7.30,16.75,19.13,8.26,13.60,20.74,22.95,14.84,25.56,13.43,12.42,18.03,3.56,15.63,11.06,11.37,18.95,10.11,20.51
10.05,15.38,16.60,4.99,9.19,19.03,20.10,18.49,26.57,10.32,15.94,16.12,4.80,11.90,14.22,13.91,21.08,7.53,22.88
7.95,4.37,7.67,7.05,9.30,8.40,11.61,13.63,15.64,21.41,11.62,5.93,14.96,22.38,9.81,8.21,12.14,4.75,14.14
3.17,12.04,14.95,6.23,11.70,16.08,18.89,11.68,20.63,17.02,9.12,13.54,8.26,18.77,7.34,7.05,14.42,6.83,16.14
4.43,7.97,11.26,6.17,10.45,12.02,15.21,11.49,17.21,19.67,9.15,9.60,12.01,21.03,7.21,5.97,12.02,5.06,13.94
9.50,12.99,17.40,16.84,20.70,15.60,20.66,4.62,10.62,29.48,5.25,15.03,20.26,31.19,5.79,5.43,2.69,15.49,3.82
8.71,9.00,13.41,14.17,17.37,11.65,16.67,7.82,9.70,27.74,7.17,11.03,19.29,29.17,6.52,5.11,4.08,12.43,6.07
11.66,16.35,17.20,5.81,9.08,19.85,20.53,20.11,27.94,8.87,17.56,16.93,5.28,10.33,15.84,15.51,22.61,8.40,24.44
9.27,2.86,6.47,8.25,9.73,6.90,10.35,14.29,14.73,22.63,12.45,4.54,16.45,23.49,10.73,9.04,12.00,5.79,13.98
13.48,19.64,20.62,9.14,12.34,23.22,23.94,21.58,30.73,6.61,19.09,20.29,3.92,8.75,17.55,17.52,24.92,11.73,26.65
14.13,12.86,16.89,19.83,22.57,14.07,19.35,9.96,5.16,33.49,10.75,14.58,24.88,34.92,11.02,10.15,2.84,17.93,2.90
9.72,2.83,5.90,7.84,8.95,6.78,9.84,15.06,15.43,22.18,13.17,4.18,16.34,22.96,11.42,9.75,12.86,5.30,14.84
13.31,10.58,14.55,18.13,20.52,11.73,17.01,10.67,5.11,32.07,10.93,12.25,23.86,33.37,10.77,9.58,3.72,16.08,4.79
12.70,1.04,4.57,11.59,11.69,3.29,7.77,16.32,12.88,25.84,14.89,2.20,20.16,26.47,13.40,11.63,12.36,9.01,14.19
9.12,15.89,17.51,5.94,10.67,19.68,21.13,17.40,26.38,10.93,14.88,16.82,3.48,12.80,13.25,13.13,20.50,8.32,22.24
4.82,7.18,10.92,7.66,11.49,11.17,14.83,10.62,15.57,21.31,8.46,9.02,13.55,22.66,6.59,5.09,10.48,6.20,12.42
5.26,7.75,11.95,10.08,13.80,11.43,15.71,8.73,13.59,23.53,6.88,9.79,15.30,24.97,5.24,3.50,8.07,8.58,10.00
14.53,5.59,3.10,9.06,6.43,6.70,6.16,20.55,19.11,21.83,18.60,4.29,18.48,21.94,16.78,15.18,18.01,6.87,19.95
12.32,0.45,3.97,10.53,10.49,3.84,7.56,16.57,14.02,24.72,14.98,1.65,19.27,25.31,13.39,11.64,13.07,7.94,14.95
11.74,8.96,13.10,16.25,18.69,10.56,15.82,10.21,6.74,30.22,10.04,10.75,22.15,31.50,9.59,8.22,4.08,14.20,5.72
14.13,2.64,1.78,11.04,9.84,3.19,5.48,18.75,15.48,24.79,17.12,0.65,20.19,25.15,15.49,13.75,15.17,8.49,17.02
11.92,5.49,5.26,6.39,5.26,8.12,8.85,18.49,19.08,19.85,16.38,5.23,15.77,20.25,14.51,13.00,16.81,4.07,18.79
2.11,12.90,16.11,7.85,13.32,16.94,20.06,10.35,20.39,18.00,7.81,14.54,8.70,19.89,6.16,6.20,13.76,8.36,15.37
13.87,7.37,5.72,7.05,3.81,9.21,8.56,20.74,21.05,19.23,18.59,6.57,16.39,19.32,16.68,15.22,19.10,5.32,21.08
11.53,15.71,16.47,5.16,8.33,19.17,19.79,20.02,27.47,9.35,17.47,16.24,5.93,10.65,15.71,15.29,22.29,7.74,24.14
14.05,6.32,4.39,7.96,5.15,7.90,7.36,20.50,19.98,20.53,18.44,5.33,17.37,20.65,16.58,15.04,18.42,5.93,20.38
9.95,16.48,17.94,6.31,10.73,20.22,21.50,18.22,27.16,10.10,15.70,17.34,3.26,11.98,14.08,13.96,21.32,8.78,23.06
11.91,11.69,15.93,17.85,20.87,13.48,18.74,8.25,7.04,31.35,8.73,13.56,22.67,32.83,8.86,7.93,1.25,16.06,2.83
9.57,14.78,16.06,4.43,8.85,18.44,19.59,18.05,25.96,10.91,15.50,15.54,5.17,12.44,13.75,13.40,20.52,6.96,22.33
10.74,2.35,4.87,8.22,8.65,6.03,8.81,16.04,15.65,22.45,14.19,3.28,17.01,23.11,12.44,10.77,13.57,5.63,15.53
12.93,17.98,18.73,7.43,10.32,21.45,21.99,21.29,29.53,7.32,18.76,18.52,5.01,8.95,17.09,16.87,24.08,10.01,25.87
2.04,14.00,17.65,10.50,15.86,17.95,21.59,7.86,19.48,20.33,5.39,15.83,10.60,22.35,4.07,4.80,12.25,10.72,13.66
5.41,16.50,19.46,9.73,15.30,20.54,23.39,12.06,23.78,16.38,9.73,18.04,6.35,18.61,8.57,9.20,16.74,11.01,18.17
1.82,11.66,14.90,7.23,12.55,15.70,18.86,10.34,19.45,18.40,7.79,13.30,9.47,20.16,5.98,5.67,13.08,7.42,14.78
16.15,13.46,17.18,21.32,23.64,14.03,19.25,12.15,3.04,35.21,12.97,14.97,26.84,36.54,13.19,12.23,5.06,19.27,4.81
5.19,6.90,10.43,6.92,10.68,10.93,14.37,11.41,16.09,20.74,9.21,8.63,13.24,22.02,7.32,5.87,11.23,5.39,13.18
7.60,15.27,17.26,6.01,11.23,19.17,21.01,15.82,25.17,12.46,13.30,16.37,3.93,14.38,11.70,11.64,19.08,8.10,20.78
7.23,15.65,17.82,6.76,12.06,19.59,21.61,15.27,25.12,12.93,12.78,16.83,3.78,14.95,11.25,11.32,18.83,8.72,20.49
1.83,10.73,14.09,7.21,12.31,14.77,18.05,10.08,18.53,19.07,7.56,12.42,10.37,20.75,5.66,5.08,12.32,7.04,14.07
17.29,10.76,7.92,9.42,4.11,11.70,9.27,24.45,24.35,18.90,22.25,9.53,18.09,18.45,20.33,18.92,22.83,8.45,24.80
14.36,2.87,1.55,11.17,9.85,3.15,5.25,18.98,15.61,24.87,17.36,0.84,20.34,25.20,15.72,13.99,15.38,8.63,17.23
11.09,17.83,19.20,7.57,11.65,21.55,22.71,19.21,28.50,8.99,16.72,18.66,2.54,11.04,15.16,15.14,22.56,10.08,24.27
1.74,13.64,17.10,9.42,14.84,17.64,21.06,8.97,19.99,19.24,6.47,15.39,9.63,21.22,4.99,5.42,12.99,9.78,14.48
13.53,5.24,3.68,8.13,6.01,6.99,7.07,19.69,18.91,21.20,17.69,4.31,17.54,21.42,15.86,14.28,17.41,5.88,19.36
9.00,3.24,6.66,7.82,9.42,7.27,10.58,14.26,15.11,22.20,12.37,4.83,16.02,23.07,10.61,8.95,12.20,5.36,14.19
15.11,16.15,15.68,6.75,6.25,18.95,18.35,23.60,29.09,9.30,21.07,16.10,10.16,9.39,19.20,18.49,24.89,8.71,26.83
5.24,6.78,10.43,7.32,11.00,10.80,14.35,11.16,15.70,21.13,9.00,8.57,13.58,22.42,7.13,5.63,10.84,5.74,12.79
14.26,4.74,2.40,9.36,7.19,5.85,5.87,19.99,18.21,22.47,18.10,3.39,18.76,22.66,16.32,14.68,17.24,7.03,19.17
13.40,16.03,16.19,5.82,7.25,19.19,19.21,21.92,28.44,8.79,19.37,16.28,7.92,9.54,17.55,16.99,23.73,8.18,25.62
9.05,9.13,13.53,14.50,17.65,11.68,16.74,7.89,9.37,28.09,7.36,11.15,19.64,29.52,6.78,5.40,3.80,12.74,5.79
16.14,4.21,2.17,13.25,11.62,1.72,3.97,20.16,15.05,26.84,18.71,2.36,22.43,27.08,17.18,15.42,15.90,10.72,17.64
6.62,14.84,17.06,6.16,11.57,18.79,20.86,14.81,24.35,13.45,12.29,16.04,4.58,15.39,10.70,10.68,18.15,8.00,19.83
11.73,18.77,20.14,8.51,12.50,22.50,23.64,19.71,29.32,8.49,17.25,19.61,2.13,10.68,15.75,15.81,23.28,11.03,24.97
9.87,15.53,16.84,5.21,9.53,19.21,20.36,18.28,26.57,10.38,15.74,16.31,4.45,12.04,14.04,13.78,20.99,7.73,22.78
11.27,13.30,17.65,18.21,21.75,15.48,20.67,6.16,8.95,31.16,7.10,15.27,22.07,32.80,7.67,7.18,1.10,16.68,1.99
15.09,5.32,2.15,10.01,7.41,5.87,5.19,20.79,18.59,22.84,18.92,3.73,19.42,22.93,17.14,15.50,17.90,7.75,19.81
12.82,11.11,15.20,18.12,20.78,12.52,17.80,9.71,5.75,31.89,10.08,12.87,23.48,33.27,10.05,8.97,2.69,16.17,3.84
1.80,13.75,17.40,10.33,15.67,17.71,21.35,7.88,19.31,20.32,5.38,15.59,10.64,22.32,3.99,4.65,12.13,10.51,13.56
10.28,10.69,15.03,16.24,19.43,12.91,18.08,7.47,8.39,29.68,7.53,12.65,21.02,31.17,7.41,6.35,2.02,14.52,4.01
3.92,14.33,17.26,7.84,13.43,18.37,21.19,11.74,22.25,16.45,9.25,15.85,6.91,18.47,7.76,7.99,15.56,8.90,17.14
11.29,10.20,10.28,2.59,3.00,13.23,13.51,19.32,23.18,14.74,16.89,10.32,11.46,15.24,14.94,13.86,19.49,3.00,21.46
3.80,13.50,16.35,6.94,12.51,17.54,20.27,12.02,21.87,16.29,9.49,14.98,7.08,18.19,7.87,7.88,15.40,7.95,17.05
11.12,3.90,8.10,12.64,14.09,6.11,11.14,13.20,10.24,27.00,12.07,5.72,20.12,27.95,10.84,9.08,8.83,10.26,10.66
14.53,8.19,6.25,7.31,3.35,9.86,8.78,21.53,21.88,18.89,19.35,7.30,16.53,18.87,17.44,16.00,19.96,5.83,21.94
12.84,6.83,5.85,6.28,3.96,9.10,9.04,19.73,20.48,19.02,17.57,6.32,15.68,19.26,15.66,14.21,18.24,4.37,20.23
3.53,13.16,16.04,6.82,12.38,17.20,19.97,11.83,21.52,16.53,9.30,14.65,7.41,18.41,7.64,7.60,15.10,7.73,16.76
10.34,15.22,16.30,4.73,8.71,18.81,19.76,18.81,26.61,10.22,16.26,15.89,5.28,11.70,14.52,14.15,21.24,7.31,23.06
10.44,10.90,15.24,16.46,19.66,13.09,18.27,7.42,8.30,29.88,7.56,12.86,21.19,31.38,7.50,6.49,1.79,14.75,3.78
10.22,15.65,16.86,5.25,9.38,19.30,20.35,18.65,26.82,10.09,16.11,16.39,4.61,11.70,14.40,14.11,21.30,7.80,23.10
10.07,3.21,5.57,7.34,8.13,6.93,9.52,15.76,16.21,21.62,13.81,4.15,16.11,22.32,12.01,10.39,13.70,4.76,15.68
12.28,19.90,21.37,9.74,13.78,23.67,24.90,20.00,30.15,8.42,17.58,20.79,1.70,10.82,16.18,16.37,23.90,12.23,25.54
12.52,11.90,16.09,18.34,21.27,13.53,18.80,8.75,6.46,31.91,9.31,13.73,23.27,33.37,9.47,8.54,1.60,16.51,2.76
11.16,18.58,20.10,8.48,12.72,22.36,23.66,19.07,28.89,9.16,16.61,19.48,1.51,11.38,15.14,15.25,22.74,10.94,24.41
3.16,11.04,14.00,5.84,11.17,15.08,17.94,11.62,19.85,17.50,9.08,12.55,9.07,19.15,7.22,6.69,13.87,6.11,15.64
8.31,3.81,7.37,7.70,9.73,7.86,11.28,13.60,15.03,22.07,11.68,5.50,15.61,23.02,9.91,8.26,11.77,5.35,13.76
9.90,8.40,12.73,14.67,17.46,10.67,15.80,9.08,8.57,28.51,8.56,10.35,20.32,29.84,7.92,6.46,4.23,12.75,6.17
12.20,0.28,4.41,10.83,10.98,3.82,7.89,16.20,13.49,25.07,14.67,2.04,19.44,25.71,13.12,11.36,12.56,8.25,14.44
9.95,3.28,5.69,7.27,8.14,7.03,9.65,15.66,16.21,21.56,13.70,4.26,16.01,22.28,11.90,10.28,13.64,4.70,15.62
13.27,1.42,3.05,11.02,10.47,3.10,6.57,17.55,14.39,25.05,15.98,0.68,19.94,25.54,14.40,12.65,13.88,8.43,15.74
8.22,5.39,7.73,5.36,7.59,9.24,11.67,14.82,17.44,19.74,12.65,6.48,13.81,20.64,10.75,9.29,13.87,2.95,15.86
14.37,11.51,15.36,19.26,21.59,12.39,17.65,11.25,4.12,33.20,11.71,13.10,24.96,34.50,11.68,10.57,4.10,17.20,4.71
12.29,3.26,3.51,8.37,7.56,5.81,7.43,17.91,16.95,22.17,16.02,2.88,17.57,22.61,14.24,12.60,15.37,5.84,17.32
3.58,15.54,19.19,11.66,17.12,19.49,23.14,7.89,20.53,20.48,5.63,17.38,10.51,22.63,4.79,5.91,13.08,12.08,14.33
13.35,9.74,13.64,17.68,19.86,10.76,16.04,11.34,5.14,31.75,11.40,11.36,23.76,32.98,11.09,9.78,4.58,15.56,5.77
12.44,11.47,15.64,18.07,20.91,13.07,18.34,9.00,6.33,31.71,9.45,13.29,23.16,33.14,9.51,8.51,1.95,16.20,3.22
4.65,14.65,17.42,7.58,13.16,18.69,21.34,12.50,22.92,15.69,10.02,16.10,6.16,17.71,8.53,8.73,16.30,8.85,17.89
15.86,6.16,2.57,10.42,7.35,6.36,4.88,21.65,19.29,22.87,19.76,4.47,19.84,22.86,17.98,16.34,18.75,8.27,20.65
9.22,9.31,13.70,14.73,17.88,11.81,16.88,7.85,9.20,28.31,7.39,11.32,19.84,29.74,6.87,5.53,3.57,12.97,5.56
5.84,11.44,15.79,13.40,17.65,14.75,19.41,4.72,13.20,25.80,3.33,13.52,16.63,27.52,2.63,1.75,5.88,12.31,7.43
2.98,12.87,15.86,7.02,12.55,16.91,19.80,11.33,21.00,17.07,8.79,14.41,7.95,18.93,7.11,7.05,14.55,7.75,16.21
11.26,10.87,15.14,16.99,19.99,12.79,18.02,8.23,7.40,30.56,8.46,12.76,21.98,32.01,8.40,7.35,1.81,15.18,3.64
4.94,16.66,20.46,13.30,18.74,20.53,24.38,6.94,20.54,21.85,5.02,18.56,11.79,24.06,4.79,6.27,12.85,13.65,13.91
5.79,16.17,18.90,8.73,14.26,20.20,22.80,13.05,24.18,15.24,10.65,17.61,5.32,17.42,9.35,9.78,17.36,10.21,18.88
12.04,15.85,16.46,5.33,8.08,19.23,19.70,20.54,27.78,9.08,17.99,16.30,6.38,10.26,16.21,15.77,22.71,7.88,24.57
12.94,8.09,7.13,5.55,2.66,10.43,10.14,20.21,21.68,17.74,17.96,7.65,14.82,17.94,16.03,14.67,19.13,4.13,21.13
9.92,2.58,5.72,8.07,9.08,6.53,9.65,15.15,15.27,22.40,13.29,3.96,16.59,23.17,11.55,9.87,12.82,5.52,14.80
9.49,14.94,16.27,4.64,9.12,18.63,19.82,17.95,26.02,10.89,15.40,15.73,4.91,12.47,13.67,13.35,20.51,7.15,22.31
11.74,3.79,4.27,7.54,6.95,6.61,8.15,17.67,17.42,21.38,15.70,3.69,16.76,21.86,13.88,12.28,15.46,5.01,17.43
12.73,0.88,4.30,11.42,11.42,3.26,7.58,16.50,13.18,25.64,15.04,1.93,20.05,26.25,13.52,11.76,12.62,8.83,14.46
7.05,16.15,18.47,7.58,12.93,20.12,22.29,14.84,25.19,13.36,12.38,17.40,3.75,15.48,10.94,11.14,18.70,9.44,20.31
12.89,12.44,16.61,18.85,21.81,14.01,19.28,8.76,6.36,32.37,9.48,14.26,23.67,33.85,9.73,8.89,1.59,17.04,2.32
8.50,4.15,7.12,6.78,8.67,8.13,11.07,14.36,16.06,21.16,12.33,5.53,15.03,22.05,10.51,8.92,12.80,4.35,14.80
13.18,15.88,20.20,20.61,24.31,17.90,23.13,6.45,9.61,33.21,8.17,17.82,23.84,34.95,9.23,9.15,3.30,19.18,1.88
10.17,2.35,5.48,8.26,9.12,6.27,9.40,15.33,15.20,22.58,13.49,3.70,16.83,23.32,11.76,10.08,12.89,5.70,14.86
10.56,1.45,5.58,9.59,10.48,5.47,9.31,14.93,13.82,23.94,13.27,3.39,17.93,24.71,11.64,9.90,11.90,7.06,13.84
4.67,14.20,16.90,6.98,12.56,18.23,20.80,12.75,22.77,15.49,10.24,15.62,6.18,17.45,8.67,8.76,16.29,8.26,17.93
1.91,10.12,13.70,7.87,12.72,14.12,17.64,9.36,17.42,20.14,6.90,11.91,11.48,21.78,4.95,4.13,11.23,7.36,13.00
9.24,19.78,22.34,11.52,16.78,23.81,26.19,15.46,27.63,14.06,13.28,21.16,4.20,16.56,12.31,13.04,20.54,13.38,21.92
11.16,16.82,17.94,6.37,10.15,20.44,21.37,19.50,27.98,8.99,16.97,17.52,4.06,10.73,15.31,15.11,22.37,8.94,24.15
11.19,18.29,19.73,8.10,12.25,22.04,23.26,19.20,28.78,8.99,16.72,19.15,2.00,11.14,15.22,15.26,22.73,10.59,24.42
12.97,10.30,14.31,17.77,20.19,11.55,16.83,10.49,5.45,31.70,10.68,12.00,23.51,33.00,10.48,9.26,3.65,15.73,4.86
13.24,2.11,2.48,10.23,9.37,3.88,6.34,18.04,15.50,24.11,16.35,0.95,19.32,24.54,14.69,12.97,14.73,7.66,16.62
3.07,11.98,16.06,11.50,16.28,15.71,19.90,5.73,15.97,23.12,3.29,13.99,13.78,24.94,1.34,1.29,8.78,10.89,10.29
2.64,14.65,18.19,10.50,15.96,18.63,22.14,8.49,20.36,19.72,6.08,16.44,9.89,21.80,4.89,5.68,13.11,10.93,14.50
9.76,15.22,16.50,4.87,9.23,18.89,20.03,18.20,26.33,10.59,15.66,15.98,4.77,12.18,13.94,13.63,20.80,7.40,22.61
6.60,13.14,15.17,4.22,9.72,17.04,18.94,15.09,23.39,13.73,12.54,14.24,6.03,15.38,10.78,10.43,17.64,6.06,19.42
4.32,15.92,19.13,10.12,15.70,19.95,23.08,10.61,22.54,17.76,8.28,17.57,7.77,19.95,7.17,7.90,15.38,11.08,16.78
15.50,4.49,0.32,11.37,9.21,4.09,4.11,20.51,17.10,24.56,18.81,2.50,20.72,24.72,17.13,15.42,17.04,8.95,18.89
11.54,9.88,14.08,16.64,19.34,11.63,16.88,9.30,6.89,30.44,9.32,11.72,22.12,31.80,9.05,7.81,3.00,14.70,4.68
13.80,3.18,1.83,10.04,8.63,4.38,5.79,18.93,16.52,23.64,17.18,1.71,19.29,23.96,15.47,13.77,15.78,7.54,17.68
13.27,2.63,2.34,9.83,8.77,4.37,6.29,18.34,16.12,23.60,16.59,1.50,19.00,23.99,14.89,13.19,15.21,7.29,17.12
13.96,1.98,2.89,11.75,11.01,2.34,6.07,18.00,14.15,25.73,16.51,0.76,20.69,26.19,14.96,13.20,14.07,9.17,15.89
10.00,17.16,18.74,7.14,11.65,20.95,22.34,18.10,27.53,10.10,15.60,18.08,2.34,12.14,14.06,14.06,21.50,9.56,23.20
7.16,5.11,9.27,9.19,11.97,8.92,13.04,11.34,13.49,23.32,9.56,7.12,15.99,24.49,7.91,6.18,9.47,7.17,11.46
4.20,16.10,19.48,10.94,16.51,20.12,23.44,9.67,22.05,18.80,7.41,17.83,8.78,21.01,6.46,7.37,14.73,11.73,16.05
1.63,13.51,16.98,9.32,14.74,17.52,20.93,8.99,19.91,19.23,6.48,15.27,9.65,21.21,4.97,5.36,12.94,9.67,14.44
11.83,16.74,17.61,6.19,9.47,20.25,20.94,20.25,28.26,8.57,17.71,17.32,5.01,10.10,16.00,15.71,22.86,8.79,24.68
14.03,7.07,5.27,7.43,4.26,8.79,8.10,20.77,20.76,19.69,18.65,6.19,16.80,19.78,16.76,15.27,18.96,5.61,20.94
2.41,13.44,16.64,8.18,13.69,17.48,20.59,10.38,20.79,17.87,7.86,15.07,8.42,19.82,6.29,6.47,14.05,8.80,15.63
10.73,15.53,16.54,5.01,8.77,19.09,19.95,19.20,26.99,9.83,16.66,16.17,5.27,11.29,14.92,14.56,21.65,7.60,23.47
15.65,11.24,14.76,19.82,21.69,11.51,16.70,13.08,2.84,33.97,13.42,12.62,26.07,35.15,13.26,12.02,5.96,17.62,6.50
1.66,12.11,16.00,10.41,15.41,15.98,19.90,6.91,17.21,21.70,4.37,14.04,12.34,23.54,2.53,2.60,10.18,10.05,11.72
9.51,11.28,15.67,16.02,19.51,13.76,18.85,6.29,9.46,29.18,6.37,13.29,20.31,30.75,6.38,5.48,2.19,14.45,4.06
10.64,16.94,18.26,6.64,10.77,20.64,21.77,18.90,27.78,9.42,16.38,17.74,3.28,11.30,14.76,14.64,21.99,9.16,23.74
11.64,20.23,22.02,10.46,14.93,24.10,25.66,18.98,29.83,9.86,16.63,21.27,1.07,12.36,15.35,15.71,23.29,12.83,24.85
14.35,12.54,16.50,19.80,22.39,13.61,18.89,10.47,4.65,33.56,11.18,14.21,25.06,34.94,11.36,10.41,3.30,17.84,3.51
1.80,12.99,16.28,8.25,13.69,17.03,20.24,9.94,20.18,18.38,7.40,14.67,9.01,20.29,5.77,5.88,13.45,8.68,15.05
12.46,7.36,6.65,5.52,3.38,9.83,9.85,19.59,20.93,18.23,17.36,7.00,14.90,18.51,15.44,14.04,18.39,3.78,20.39
15.71,12.22,15.87,20.40,22.52,12.68,17.90,12.46,2.77,34.43,13.02,13.68,26.28,35.69,13.03,11.93,5.27,18.28,5.52
3.89,13.01,15.78,6.35,11.92,17.04,19.70,12.27,21.68,16.16,9.73,14.45,7.21,18.00,8.04,7.92,15.38,7.34,17.06
1.06,13.07,16.66,9.59,14.90,17.04,20.61,8.32,19.11,19.96,5.79,14.87,10.45,21.90,4.21,4.55,12.12,9.72,13.63
12.57,4.21,3.73,7.91,6.66,6.51,7.49,18.54,17.90,21.47,16.57,3.65,17.24,21.84,14.76,13.15,16.22,5.47,18.18
0.99,12.68,16.40,9.94,15.13,16.62,20.34,7.67,18.33,20.70,5.12,14.54,11.25,22.61,3.45,3.73,11.31,9.86,12.82
16.22,9.43,6.78,8.72,3.89,10.54,8.55,23.23,23.05,19.24,21.06,8.26,17.71,18.97,19.15,17.70,21.50,7.46,23.47
13.97,14.66,18.85,20.60,23.83,16.24,21.52,8.40,7.18,33.79,9.69,16.50,24.77,35.38,10.37,9.88,2.46,18.92,0.80
10.98,4.86,5.52,6.21,6.03,7.93,9.31,17.43,18.27,20.09,15.34,5.00,15.46,20.63,13.46,11.94,15.78,3.70,17.77
9.07,3.09,6.63,8.03,9.60,7.14,10.53,14.21,14.91,22.41,12.35,4.74,16.20,23.28,10.61,8.93,12.06,5.57,14.04
17.45,14.17,17.70,22.41,24.54,14.39,19.53,13.43,2.03,36.39,14.30,15.56,28.11,37.68,14.52,13.56,6.38,20.30,5.98
13.61,12.64,16.73,19.40,22.23,14.00,19.28,9.47,5.64,33.01,10.23,14.40,24.37,34.46,10.49,9.62,2.32,17.54,2.62
10.34,16.76,18.14,6.51,10.76,20.47,21.67,18.60,27.52,9.72,16.08,17.58,3.23,11.60,14.47,14.35,21.70,9.01,23.45
12.11,9.18,13.26,16.61,19.00,10.65,15.92,10.42,6.36,30.60,10.32,10.93,22.53,31.87,9.91,8.56,4.09,14.55,5.63
14.84,7.10,4.70,8.39,4.94,8.37,7.24,21.38,20.71,20.46,19.31,5.95,17.74,20.46,17.44,15.91,19.29,6.53,21.25
12.60,15.85,16.25,5.43,7.62,19.13,19.40,21.11,28.01,8.97,18.56,16.21,7.08,9.96,16.77,16.26,23.11,7.91,24.98
0.83,12.66,16.35,9.74,14.96,16.62,20.28,7.89,18.48,20.48,5.34,14.51,11.04,22.38,3.67,3.92,11.50,9.71,13.02
1.76,13.41,17.18,10.63,15.88,17.33,21.10,7.23,18.58,21.01,4.71,15.29,11.38,22.97,3.24,3.91,11.37,10.63,12.80
13.83,5.82,4.01,8.06,5.56,7.45,7.17,20.15,19.48,20.86,18.12,4.84,17.48,21.03,16.27,14.71,17.96,5.92,19.92
0.44,12.26,15.92,9.40,14.57,16.22,19.86,8.11,18.31,20.38,5.56,14.09,11.04,22.24,3.81,3.86,11.44,9.30,13.01
12.09,12.62,16.89,18.43,21.63,14.48,19.73,7.68,7.44,31.75,8.43,14.51,22.89,33.29,8.78,8.04,0.51,16.73,1.88
5.31,12.81,15.19,4.95,10.53,16.79,19.05,13.79,22.45,14.89,11.24,14.07,6.60,16.62,9.49,9.20,16.49,6.33,18.25
12.03,2.81,3.63,8.50,7.96,5.60,7.59,17.50,16.49,22.43,15.64,2.67,17.62,22.92,13.88,12.22,14.89,5.94,16.83
2.45,12.41,15.51,7.11,12.57,16.46,19.46,10.90,20.39,17.61,8.35,14.00,8.55,19.43,6.62,6.48,13.96,7.63,15.63
5.99,6.32,10.42,9.05,12.37,10.15,14.22,10.34,13.93,22.92,8.45,8.31,15.20,24.21,6.75,5.04,9.19,7.30,11.17
4.37,15.44,18.47,9.08,14.66,19.48,22.41,11.45,22.77,16.80,9.04,17.01,6.93,18.94,7.75,8.26,15.82,10.18,17.30
14.17,9.07,12.69,17.76,19.51,9.59,14.85,12.78,4.87,31.99,12.70,10.50,24.34,33.10,12.24,10.82,6.10,15.51,7.25
16.95,5.51,1.36,12.89,10.42,3.80,2.61,21.65,17.15,25.89,20.04,3.43,22.26,25.95,18.41,16.68,17.77,10.50,19.56
9.48,9.44,13.82,15.00,18.11,11.86,16.96,7.92,8.94,28.58,7.54,11.43,20.11,30.02,7.08,5.77,3.35,13.22,5.34
16.09,4.25,1.68,12.93,11.17,2.21,3.77,20.31,15.51,26.43,18.81,2.28,22.16,26.65,17.25,15.49,16.20,10.42,17.96
9.66,12.53,16.93,16.74,20.47,15.06,20.15,5.22,10.08,29.57,5.72,14.56,20.46,31.23,6.11,5.57,2.22,15.31,3.60
6.34,14.40,16.64,5.83,11.29,18.36,20.46,14.62,23.97,13.71,12.09,15.61,5.00,15.60,10.46,10.38,17.82,7.61,19.52
17.61,10.60,7.54,9.92,4.72,11.33,8.69,24.64,24.12,19.56,22.47,9.27,18.69,19.10,20.56,19.12,22.82,8.82,24.78
10.32,9.03,13.34,15.35,18.17,11.17,16.34,8.89,8.10,29.13,8.57,10.96,20.84,30.49,8.08,6.72,3.59,13.44,5.50
14.48,4.35,1.71,9.96,7.91,5.14,5.37,19.94,17.65,23.18,18.12,2.79,19.33,23.38,16.37,14.70,16.94,7.58,18.85
1.27,12.30,15.66,8.06,13.41,16.33,19.62,9.70,19.51,18.78,7.15,14.00,9.57,20.63,5.42,5.35,12.89,8.29,14.52
11.85,16.36,17.14,5.81,8.93,19.83,20.45,20.31,28.03,8.77,17.77,16.90,5.52,10.18,16.03,15.68,22.76,8.39,24.59
10.04,9.41,13.75,15.37,18.34,11.65,16.80,8.36,8.38,29.04,8.07,11.37,20.64,30.45,7.65,6.35,3.23,13.54,5.19
16.12,4.32,1.58,12.89,11.08,2.33,3.69,20.39,15.63,26.36,18.88,2.32,22.13,26.57,17.31,15.56,16.30,10.39,18.07
5.88,6.32,9.73,6.65,10.11,10.36,13.68,12.08,16.13,20.68,9.91,7.99,13.48,21.88,8.03,6.55,11.60,4.91,13.57
9.01,9.81,14.21,14.87,18.17,12.38,17.43,7.27,9.48,28.31,6.87,11.84,19.70,29.79,6.45,5.20,3.30,13.19,5.28
6.45,6.13,9.23,5.93,9.21,10.17,13.19,12.95,16.73,20.11,10.76,7.64,13.27,21.23,8.85,7.41,12.44,4.05,14.42
9.49,12.29,16.69,16.50,20.21,14.84,19.92,5.30,10.10,29.37,5.68,14.32,20.29,31.02,5.99,5.39,2.30,15.06,3.78
5.09,14.60,17.23,7.10,12.67,18.62,21.12,13.09,23.23,15.11,10.59,15.99,5.73,17.11,9.06,9.19,16.73,8.51,18.36
10.32,3.76,5.49,6.86,7.37,7.27,9.43,16.31,16.95,21.04,14.30,4.39,15.81,21.69,12.48,10.89,14.43,4.26,16.41
8.49,8.31,12.73,13.58,16.68,11.06,16.03,8.31,9.96,27.25,7.48,10.36,18.95,28.64,6.65,5.12,4.76,11.78,6.76
2.46,13.87,17.71,11.37,16.60,17.75,21.63,6.60,18.47,21.59,4.11,15.79,11.88,23.60,2.85,3.83,11.11,11.34,12.46
8.45,3.61,7.30,8.01,9.98,7.65,11.19,13.54,14.73,22.38,11.66,5.37,15.90,23.33,9.92,8.25,11.55,5.66,13.54
15.44,10.78,8.92,7.10,1.59,12.56,11.08,23.02,24.46,16.66,20.71,10.00,15.56,16.43,18.77,17.48,22.10,6.58,24.10
2.82,9.65,12.97,6.64,11.51,13.69,16.93,10.60,18.00,19.22,8.13,11.31,10.93,20.78,6.19,5.30,12.16,6.16,13.98
7.37,4.85,8.25,7.00,9.60,8.90,12.19,13.11,15.63,21.31,11.07,6.48,14.62,22.34,9.25,7.66,11.84,4.82,13.84
5.31,8.08,12.33,10.51,14.27,11.69,16.06,8.30,13.35,23.88,6.50,10.13,15.54,25.35,4.93,3.16,7.65,9.05,9.56
11.04,14.25,14.93,3.74,6.91,17.66,18.25,19.55,26.26,10.64,17.01,14.72,7.11,11.71,15.18,14.60,21.37,6.28,23.26
17.70,6.26,2.09,13.48,10.76,4.23,1.87,22.39,17.58,26.28,20.80,4.18,22.87,26.27,19.17,17.44,18.44,11.12,20.21
11.55,6.10,6.05,5.62,4.71,8.89,9.60,18.39,19.58,19.08,16.22,5.99,15.02,19.51,14.32,12.87,17.02,3.37,19.01
14.46,6.22,3.92,8.52,5.61,7.52,6.80,20.76,19.82,21.05,18.74,5.06,17.93,21.14,16.90,15.33,18.49,6.46,20.44
13.52,3.91,2.52,9.12,7.51,5.50,6.32,19.12,17.48,22.56,17.25,2.79,18.45,22.86,15.48,13.83,16.36,6.68,18.29
4.50,16.20,19.45,10.50,16.09,20.23,23.40,10.45,22.61,18.01,8.16,17.87,7.98,20.22,7.13,7.94,15.38,11.45,16.74
12.52,8.04,7.33,5.13,2.73,10.54,10.45,19.85,21.57,17.54,17.58,7.72,14.43,17.80,15.64,14.30,18.88,3.69,20.87
2.30,9.95,13.79,8.95,13.60,13.87,17.69,8.36,16.34,21.37,5.97,11.85,12.61,23.01,4.03,2.97,10.02,8.20,11.78
18.43,8.18,3.85,12.74,8.93,7.15,3.47,24.04,20.49,24.42,22.23,6.22,22.12,24.16,20.48,18.81,20.75,10.73,22.60
17.07,7.42,3.48,11.21,7.54,7.18,4.60,22.96,20.34,23.07,21.06,5.63,20.59,22.91,19.27,17.64,20.03,9.21,21.92
13.44,4.33,2.92,8.72,6.98,6.02,6.60,19.25,17.95,22.06,17.33,3.32,18.08,22.34,15.54,13.91,16.67,6.32,18.61
12.20,13.03,17.30,18.69,21.96,14.90,20.15,7.47,7.65,31.93,8.34,14.93,23.00,33.50,8.78,8.12,0.56,17.03,1.50
11.63,12.78,17.09,18.20,21.55,14.79,20.02,7.02,8.10,31.38,7.81,14.71,22.44,32.96,8.22,7.55,0.20,16.57,1.89
9.19,14.35,18.77,17.18,21.39,17.17,22.15,2.87,12.25,29.23,4.04,16.42,19.74,31.06,5.12,5.33,4.31,16.08,4.91
6.75,13.85,15.90,4.88,10.30,17.76,19.67,15.17,23.91,13.38,12.63,14.96,5.34,15.14,10.92,10.69,18.01,6.78,19.76
10.57,16.28,17.49,5.88,9.91,19.93,20.96,18.94,27.37,9.61,16.41,17.02,4.13,11.31,14.74,14.51,21.76,8.43,23.54
1.98,12.33,16.25,10.77,15.76,16.17,20.14,6.56,17.11,21.99,4.02,14.27,12.58,23.85,2.20,2.45,9.99,10.40,11.49
11.58,15.82,16.59,5.27,8.43,19.28,19.90,20.07,27.57,9.25,17.52,16.35,5.85,10.56,15.76,15.36,22.37,7.86,24.22
12.04,9.43,13.54,16.71,19.18,10.95,16.22,10.16,6.39,30.65,10.10,11.20,22.51,31.95,9.75,8.43,3.78,14.68,5.33
13.73,2.36,2.08,10.69,9.64,3.47,5.87,18.42,15.47,24.50,16.76,0.64,19.81,24.89,15.12,13.39,14.95,8.13,16.82
8.07,15.05,16.85,5.44,10.52,18.89,20.55,16.40,25.33,12.00,13.86,16.06,4.15,13.83,12.21,12.06,19.42,7.66,21.16
12.37,10.45,14.56,17.48,20.10,11.94,17.22,9.73,6.08,31.31,9.93,12.22,22.98,32.66,9.77,8.60,2.96,15.52,4.35
3.37,15.27,18.97,11.68,17.11,19.20,22.90,7.52,20.10,20.79,5.22,17.13,10.86,22.91,4.36,5.49,12.64,12.01,13.90
18.53,7.01,2.94,14.28,11.39,4.60,1.02,23.13,17.85,26.94,21.57,4.94,23.68,26.87,19.96,18.22,19.02,11.95,20.76
15.09,3.08,2.90,12.87,11.83,1.22,5.32,18.84,13.97,26.75,17.44,1.71,21.87,27.14,15.95,14.18,14.56,10.29,16.31
6.88,6.30,9.02,5.17,8.38,10.27,12.97,13.71,17.45,19.44,11.47,7.62,12.92,20.51,9.55,8.16,13.28,3.20,15.26
19.12,8.85,4.49,13.30,9.30,7.64,3.51,24.74,21.00,24.72,22.93,6.86,22.65,24.39,21.18,19.51,21.40,11.34,23.24
16.28,5.41,1.05,11.75,9.14,4.67,3.49,21.42,17.86,24.62,19.70,3.41,21.14,24.67,18.00,16.30,17.95,9.42,19.80
12.50,7.96,11.90,16.14,18.12,9.16,14.44,11.70,6.49,30.32,11.38,9.60,22.62,31.47,10.76,9.26,5.62,13.94,7.14
13.99,12.14,16.13,19.37,21.97,13.28,18.56,10.31,4.85,33.15,10.93,13.83,24.69,34.53,11.06,10.07,3.13,17.41,3.58
14.96,6.94,4.40,8.65,5.26,8.09,6.93,21.40,20.52,20.78,19.35,5.72,18.02,20.78,17.50,15.95,19.20,6.74,21.16
12.98,7.54,6.50,5.95,3.24,9.81,9.56,20.08,21.17,18.37,17.87,7.04,15.29,18.57,15.95,14.54,18.79,4.29,20.78
16.24,4.92,5.85,15.43,14.84,2.07,7.01,18.60,11.38,29.55,17.57,4.58,24.08,30.04,16.33,14.57,13.33,12.83,14.88
12.06,18.29,19.43,7.86,11.49,21.93,22.85,20.24,29.27,7.99,17.74,19.01,3.29,9.99,16.16,16.09,23.47,10.43,25.20
1.72,12.47,15.73,7.80,13.21,16.51,19.69,10.11,19.91,18.34,7.56,14.13,9.14,20.19,5.85,5.80,13.33,8.16,14.96
13.65,16.54,16.72,6.28,7.76,19.72,19.73,22.17,28.90,8.27,19.62,16.80,7.70,9.07,17.82,17.30,24.11,8.68,25.99
11.16,11.74,16.05,17.38,20.60,13.78,19.00,7.40,7.92,30.73,7.85,13.67,21.95,32.26,8.01,7.14,0.88,15.68,2.85
14.67,11.32,15.09,19.33,21.52,12.04,17.30,11.76,3.75,33.34,12.17,12.86,25.21,34.60,12.09,10.93,4.63,17.22,5.24
16.24,12.58,10.78,7.48,2.21,14.43,12.79,24.12,26.23,15.17,21.74,11.86,15.07,14.77,19.79,18.61,23.61,7.58,25.61
10.38,8.79,13.08,15.24,18.00,10.89,16.07,9.14,8.05,29.07,8.77,10.70,20.86,30.42,8.24,6.84,3.84,13.31,5.73
17.12,8.73,5.30,10.34,5.95,9.07,6.49,23.59,22.04,21.36,21.55,7.19,19.55,21.08,19.70,18.15,21.21,8.70,23.14
9.91,16.31,17.75,6.12,10.53,20.04,21.31,18.20,27.04,10.16,15.68,17.16,3.45,12.00,14.04,13.90,21.24,8.60,22.99
6.36,16.47,19.09,8.66,14.14,20.50,22.97,13.68,24.73,14.63,11.28,17.87,4.69,16.83,9.97,10.38,17.96,10.27,19.49
13.72,3.01,1.89,10.08,8.76,4.27,5.85,18.80,16.36,23.73,17.06,1.55,19.31,24.07,15.36,13.65,15.62,7.57,17.51
9.80,2.96,5.81,7.65,8.67,6.84,9.75,15.27,15.69,21.97,13.36,4.18,16.23,22.73,11.59,9.94,13.13,5.09,15.11
10.99,12.52,16.86,17.65,21.08,14.69,19.88,6.55,8.62,30.76,7.21,14.48,21.79,32.36,7.58,6.91,0.71,16.06,2.43
14.68,2.69,2.70,12.38,11.40,1.70,5.49,18.61,14.17,26.28,17.15,1.23,21.38,26.68,15.63,13.87,14.48,9.81,16.26
2.17,13.45,17.30,11.12,16.31,17.32,21.21,6.63,18.16,21.61,4.10,15.37,11.97,23.58,2.67,3.49,10.86,11.02,12.25
6.81,5.48,8.80,6.63,9.59,9.52,12.75,12.83,16.00,20.87,10.73,7.09,14.04,21.96,8.87,7.33,11.92,4.60,13.91
12.20,18.67,19.85,8.27,11.94,22.33,23.28,20.31,29.54,7.88,17.82,19.42,3.01,9.97,16.28,16.25,23.66,10.83,25.38
16.18,10.88,8.65,7.96,2.49,12.37,10.53,23.64,24.56,17.34,21.36,9.93,16.45,17.01,19.42,18.09,22.49,7.30,24.48
12.18,3.10,3.56,8.40,7.70,5.74,7.50,17.76,16.79,22.25,15.87,2.81,17.58,22.71,14.10,12.45,15.19,5.86,17.14
9.80,10.84,15.22,16.00,19.33,13.22,18.34,6.92,8.96,29.32,6.95,12.84,20.57,30.84,6.85,5.83,2.15,14.34,4.12
5.11,13.54,16.03,5.84,11.41,17.54,19.90,13.46,22.75,14.95,10.92,14.85,6.16,16.79,9.25,9.13,16.56,7.23,18.26
8.57,19.30,21.96,11.34,16.69,23.33,25.84,14.71,26.94,14.65,12.54,20.72,4.67,17.11,11.58,12.32,19.81,13.09,21.18
5.12,14.92,19.07,14.06,19.10,18.53,22.87,3.70,17.08,24.49,1.43,16.95,14.66,26.53,1.93,3.70,9.29,13.73,10.32
2.25,14.12,17.82,10.83,16.18,18.06,21.76,7.52,19.33,20.66,5.06,15.98,10.91,22.69,3.81,4.65,12.04,11.01,13.42
4.71,15.37,18.26,8.56,14.14,19.41,22.19,12.08,23.12,16.13,9.65,16.88,6.33,18.25,8.30,8.71,16.29,9.79,17.81
10.99,17.06,18.28,6.67,10.62,20.72,21.75,19.27,28.03,9.08,16.75,17.81,3.53,10.93,15.13,14.98,22.30,9.22,24.06
13.57,9.49,13.31,17.66,19.71,10.37,15.65,11.77,5.04,31.79,11.78,11.06,23.90,32.98,11.41,10.07,5.05,15.50,6.23
9.42,13.64,14.80,3.19,7.67,17.25,18.31,17.94,25.14,11.67,15.39,14.33,6.43,12.98,13.58,13.06,19.97,5.75,21.83
11.04,1.02,5.01,9.66,10.24,5.06,8.75,15.49,14.07,23.97,13.83,2.84,18.18,24.68,12.20,10.46,12.39,7.09,14.32
1.81,13.53,16.92,9.04,14.49,17.55,20.88,9.36,20.17,18.86,6.85,15.25,9.30,20.83,5.34,5.67,13.26,9.46,14.78
8.47,13.61,15.09,3.51,8.51,17.34,18.71,16.98,24.66,12.20,14.43,14.45,5.91,13.68,12.64,12.20,19.25,5.91,21.08
9.54,2.48,6.58,9.20,10.66,6.46,10.35,13.95,13.76,23.58,12.25,4.43,17.22,24.46,10.61,8.87,11.25,6.76,13.21
11.72,17.06,18.04,6.55,10.01,20.62,21.41,20.09,28.40,8.50,17.55,17.70,4.45,10.17,15.88,15.65,22.88,9.14,24.67
15.88,8.49,5.75,8.83,4.50,9.51,7.68,22.65,22.07,20.01,20.53,7.25,18.01,19.83,18.64,17.15,20.69,7.30,22.65
12.34,10.63,14.76,17.56,20.23,12.16,17.43,9.55,6.15,31.35,9.79,12.42,22.97,32.72,9.67,8.53,2.74,15.62,4.13
3.71,14.71,17.77,8.61,14.19,18.75,21.71,11.15,22.12,17.04,8.69,16.29,7.32,19.11,7.30,7.69,15.27,9.58,16.79
9.97,7.82,12.15,14.38,17.02,10.08,15.21,9.60,8.63,28.31,8.97,9.76,20.27,29.60,8.23,6.70,4.80,12.39,6.72
6.65,5.48,8.99,7.04,10.05,9.52,12.92,12.43,15.61,21.23,10.36,7.18,14.25,22.36,8.52,6.96,11.46,5.06,13.44
6.42,14.05,16.22,5.35,10.81,17.98,20.02,14.78,23.82,13.65,12.24,15.22,5.24,15.47,10.57,10.41,17.79,7.15,19.52
9.47,9.86,14.24,15.22,18.42,12.29,17.39,7.54,9.02,28.72,7.26,11.86,20.15,30.18,6.89,5.66,3.02,13.49,5.01
13.10,19.10,20.07,8.59,11.83,22.67,23.41,21.27,30.25,6.95,18.77,19.75,3.91,8.98,17.20,17.13,24.50,11.18,26.24
4.80,16.21,19.32,10.00,15.58,20.25,23.26,11.21,23.09,17.20,8.89,17.82,7.19,19.41,7.77,8.47,15.97,11.10,17.37
5.43,13.88,16.32,5.95,11.50,17.87,20.18,13.73,23.13,14.62,11.20,15.18,5.77,16.49,9.55,9.47,16.92,7.45,18.61
14.34,11.29,15.12,19.12,21.40,12.13,17.40,11.38,4.10,33.09,11.79,12.87,24.90,34.38,11.72,10.57,4.25,17.04,4.93
14.98,4.66,1.39,10.40,8.14,5.03,4.88,20.38,17.78,23.49,18.58,2.94,19.78,23.65,16.84,15.17,17.27,8.04,19.16
6.09,14.28,16.57,5.87,11.37,18.24,20.40,14.37,23.75,13.96,11.84,15.51,5.19,15.84,10.21,10.13,17.58,7.58,19.27
12.06,15.70,16.28,5.20,7.87,19.07,19.51,20.57,27.69,9.19,18.02,16.14,6.57,10.32,16.23,15.76,22.67,7.74,24.54
8.79,17.04,19.00,7.61,12.58,20.94,22.71,16.67,26.73,11.53,14.21,18.13,2.20,13.68,12.74,12.89,20.42,9.81,22.06
10.20,16.97,18.44,6.82,11.19,20.72,22.00,18.39,27.55,9.86,15.88,17.84,2.80,11.82,14.30,14.23,21.63,9.28,23.36
12.31,17.29,18.11,6.74,9.84,20.78,21.41,20.70,28.82,8.01,18.17,17.86,4.96,9.59,16.48,16.22,23.40,9.33,25.20
4.61,14.09,16.78,6.89,12.47,18.12,20.69,12.73,22.68,15.52,10.21,15.50,6.25,17.47,8.63,8.70,16.23,8.16,17.87
9.14,3.52,6.47,7.23,8.69,7.47,10.42,14.77,15.82,21.60,12.81,4.85,15.65,22.43,11.01,9.39,12.90,4.73,14.89
10.36,11.89,16.26,16.92,20.35,14.18,19.34,6.48,8.89,30.08,6.89,13.87,21.17,31.65,7.08,6.31,1.30,15.32,3.16
13.19,1.27,3.99,11.71,11.51,2.80,7.15,16.94,13.26,25.88,15.49,1.67,20.42,26.45,13.99,12.22,12.95,9.12,14.77
6.74,6.28,10.58,10.26,13.38,9.86,14.26,9.94,12.70,24.16,8.29,8.35,16.36,25.44,6.76,4.99,8.08,8.43,10.07
5.56,9.30,11.72,3.61,8.59,13.25,15.62,13.64,19.82,17.00,11.17,10.53,9.92,18.32,9.23,8.30,14.73,3.43,16.63
12.67,1.76,3.04,9.85,9.29,4.23,6.91,17.51,15.36,23.84,15.80,1.33,18.87,24.33,14.13,12.41,14.32,7.27,16.23
1.36,11.65,15.00,7.65,12.91,15.68,18.96,9.87,19.12,18.85,7.32,13.34,9.85,20.62,5.51,5.22,12.67,7.73,14.35
5.77,7.22,10.12,5.19,9.08,11.24,14.08,12.88,17.63,19.17,10.57,8.65,12.17,20.38,8.63,7.34,12.98,3.71,14.93
10.69,9.79,14.08,16.03,18.92,11.82,17.02,8.59,7.75,29.72,8.49,11.70,21.31,31.12,8.18,6.94,2.84,14.17,4.73
10.82,5.63,6.18,5.48,5.38,8.71,9.89,17.57,18.96,19.30,15.41,5.79,14.79,19.84,13.51,12.05,16.23,3.03,18.22
6.37,7.85,10.25,3.86,7.99,11.78,14.16,13.95,18.89,17.94,11.58,9.05,11.33,19.09,9.63,8.46,14.30,2.60,16.24
12.54,18.62,19.67,8.14,11.58,22.22,23.04,20.73,29.70,7.51,18.22,19.30,3.61,9.50,16.65,16.57,23.94,10.73,25.68
11.68,17.79,18.94,7.36,11.08,21.42,22.37,19.91,28.79,8.38,17.40,18.51,3.42,10.29,15.80,15.69,23.04,9.92,24.79
8.95,3.95,8.35,10.55,12.63,7.39,11.90,12.19,12.09,24.85,10.69,6.03,17.79,25.90,9.22,7.45,9.13,8.30,11.10
6.41,15.38,17.76,7.03,12.47,19.37,21.59,14.37,24.45,13.82,11.88,16.66,4.45,15.86,10.37,10.50,18.04,8.78,19.67
10.54,8.48,12.76,15.18,17.82,10.53,15.72,9.50,7.94,29.07,9.10,10.39,20.95,30.38,8.52,7.08,4.16,13.20,6.02
5.29,14.47,17.02,6.76,12.32,18.48,20.90,13.38,23.31,14.85,10.87,15.82,5.60,16.82,9.31,9.38,16.90,8.23,18.54
17.09,6.01,1.60,12.56,9.76,4.68,2.66,22.10,18.01,25.28,20.42,3.95,21.96,25.28,18.74,17.03,18.44,10.24,20.25
3.28,14.71,17.91,9.15,14.71,18.74,21.87,10.41,21.66,17.79,7.97,16.35,8.01,19.86,6.63,7.12,14.68,9.96,16.17
2.02,13.61,17.39,10.89,16.14,17.51,21.31,7.03,18.58,21.19,4.52,15.50,11.52,23.17,3.12,3.91,11.31,10.89,12.71
18.19,6.23,4.77,15.95,14.30,2.21,4.36,21.30,14.02,29.57,20.12,4.85,25.05,29.79,18.75,16.98,16.26,13.40,17.82
9.19,15.19,16.65,5.04,9.69,18.92,20.24,17.60,26.02,11.01,15.06,16.04,4.41,12.70,13.37,13.11,20.36,7.49,22.14
12.66,4.28,3.69,7.95,6.62,6.52,7.43,18.63,17.96,21.47,16.67,3.67,17.28,21.83,14.85,13.25,16.31,5.52,18.27
12.93,18.03,18.80,7.48,10.40,21.51,22.07,21.28,29.56,7.30,18.75,18.58,4.94,8.95,17.09,16.87,24.09,10.07,25.89
4.94,13.36,15.88,5.79,11.37,17.36,19.76,13.32,22.54,15.12,10.78,14.68,6.37,16.95,9.09,8.95,16.37,7.12,18.07
6.88,13.58,15.56,4.48,9.90,17.46,19.32,15.34,23.82,13.35,12.80,14.66,5.59,15.04,11.06,10.77,18.02,6.42,19.79
14.03,11.70,15.64,19.16,21.64,12.74,18.02,10.70,4.57,33.02,11.21,13.35,24.68,34.36,11.24,10.18,3.53,17.15,4.14
12.70,16.68,17.23,6.17,8.67,20.04,20.42,21.18,28.61,8.23,18.64,17.11,6.24,9.46,16.88,16.49,23.49,8.72,25.34
6.54,14.08,16.22,5.29,10.74,18.01,20.01,14.91,23.92,13.53,12.37,15.24,5.18,15.35,10.70,10.53,17.90,7.14,19.63
13.22,13.08,17.24,19.37,22.40,14.63,19.91,8.66,6.47,32.81,9.54,14.89,24.01,34.31,9.92,9.17,1.64,17.60,1.76
14.74,13.64,17.64,20.59,23.36,14.77,20.05,10.16,5.09,34.19,11.12,15.34,25.51,35.65,11.50,10.72,3.23,18.71,2.76
15.22,3.36,3.99,13.62,12.85,0.82,5.99,18.47,12.92,27.64,17.20,2.61,22.47,28.08,15.79,14.02,13.85,11.03,15.55
15.44,11.67,15.31,19.95,22.00,12.13,17.35,12.49,2.97,34.02,12.94,13.12,25.95,35.25,12.88,11.71,5.33,17.80,5.77
16.75,19.70,19.51,9.60,10.14,22.70,22.24,25.22,32.22,5.42,22.68,19.81,9.07,5.77,20.93,20.51,27.41,11.93,29.29
15.60,5.94,2.51,10.22,7.27,6.29,5.04,21.39,19.14,22.77,19.50,4.30,19.64,22.79,17.72,16.08,18.53,8.05,20.44
8.29,9.75,14.17,14.31,17.75,12.51,17.49,6.92,10.20,27.64,6.32,11.80,18.99,29.15,5.78,4.49,3.83,12.70,5.78
7.22,6.73,9.08,4.37,7.63,10.63,13.00,14.37,18.26,18.69,12.08,7.87,12.44,19.71,10.15,8.83,14.12,2.37,16.09
6.58,18.53,21.92,13.00,18.59,22.54,25.87,10.46,23.89,19.16,8.57,20.27,9.05,21.54,8.09,9.31,16.31,14.01,17.44
15.96,12.31,15.92,20.59,22.66,12.70,17.89,12.71,2.51,34.63,13.28,13.75,26.51,35.88,13.29,12.18,5.53,18.45,5.73
10.57,18.26,19.90,8.31,12.76,22.07,23.51,18.44,28.38,9.79,15.99,19.22,1.23,12.01,14.53,14.66,22.17,10.72,23.82
2.08,9.98,13.53,7.68,12.52,13.98,17.48,9.55,17.45,20.04,7.09,11.75,11.44,21.66,5.15,4.29,11.33,7.15,13.12
2.00,12.37,16.30,10.80,15.80,16.21,20.18,6.54,17.13,22.00,3.99,14.31,12.57,23.87,2.18,2.47,10.00,10.44,11.50
13.44,4.50,3.08,8.58,6.78,6.22,6.70,19.32,18.14,21.88,17.39,3.52,17.96,22.15,15.59,13.97,16.81,6.21,18.75
6.01,6.09,9.62,6.99,10.34,10.13,13.56,11.94,15.76,21.04,9.82,7.82,13.83,22.24,7.96,6.43,11.29,5.20,13.27
4.55,16.29,20.08,12.94,18.37,20.18,24.01,6.97,20.36,21.66,4.94,18.19,11.62,23.85,4.57,5.99,12.70,13.27,13.81
8.37,8.05,12.47,13.31,16.39,10.85,15.80,8.48,10.13,27.02,7.57,10.10,18.77,28.40,6.67,5.10,5.05,11.50,7.05
15.20,3.92,0.50,11.46,9.60,3.53,4.36,20.01,16.45,24.85,18.35,1.89,20.75,25.07,16.70,14.97,16.42,8.99,18.27
1.89,13.81,17.49,10.49,15.82,17.76,21.43,7.72,19.24,20.48,5.23,15.66,10.79,22.48,3.86,4.57,12.03,10.65,13.45
13.72,13.25,17.37,19.77,22.72,14.67,19.95,9.14,6.01,33.26,10.06,15.03,24.51,34.75,10.44,9.68,2.16,17.96,2.00
11.79,17.01,17.95,6.49,9.88,20.56,21.31,20.17,28.41,8.47,17.64,17.63,4.61,10.10,15.96,15.71,22.92,9.08,24.72
11.37,4.44,4.95,6.78,6.34,7.38,8.76,17.61,17.97,20.62,15.57,4.45,16.04,21.12,13.72,12.16,15.72,4.27,17.70
7.15,4.89,8.86,8.44,11.16,8.83,12.70,11.92,14.21,22.63,10.04,6.81,15.50,23.76,8.32,6.63,10.28,6.37,12.27
16.79,4.87,2.34,13.73,11.86,2.04,3.37,20.80,15.39,27.18,19.37,2.99,22.96,27.37,17.84,16.08,16.47,11.22,18.19
11.16,15.78,16.69,5.24,8.73,19.30,20.06,19.63,27.35,9.46,17.09,16.38,5.42,10.88,15.34,14.98,22.05,7.83,23.88
8.06,13.94,15.60,4.12,9.24,17.73,19.26,16.54,24.67,12.31,13.99,14.87,5.37,13.92,12.24,11.89,19.06,6.40,20.86
9.22,15.31,16.79,5.18,9.82,19.05,20.38,17.61,26.11,10.95,15.07,16.17,4.27,12.67,13.39,13.15,20.41,7.62,22.19
12.06,15.30,15.80,4.85,7.35,18.63,19.00,20.58,27.41,9.54,18.03,15.70,7.04,10.56,16.22,15.69,22.52,7.35,24.39
11.17,4.70,5.27,6.45,6.13,7.71,9.06,17.53,18.17,20.31,15.46,4.78,15.71,20.82,13.60,12.06,15.78,3.95,17.76
11.68,15.59,19.99,19.46,23.43,17.97,23.12,4.69,10.96,31.73,6.46,17.61,22.25,33.54,7.64,7.75,3.63,18.20,3.13
7.68,13.90,15.67,4.30,9.53,17.73,19.37,16.15,24.45,12.61,13.60,14.88,5.32,14.26,11.86,11.55,18.76,6.48,20.55
14.46,7.28,5.21,7.80,4.36,8.81,7.86,21.16,20.95,19.86,19.05,6.29,17.14,19.88,17.17,15.67,19.29,6.02,21.26
12.18,16.22,16.86,5.69,8.47,19.62,20.10,20.66,28.08,8.75,18.11,16.69,6.10,10.00,16.36,15.95,22.95,8.25,24.79
6.13,18.13,21.61,13.06,18.64,22.12,25.57,9.67,23.16,19.78,7.78,19.91,9.67,22.13,7.35,8.63,15.55,13.92,16.66
10.34,2.13,6.54,10.45,11.70,5.71,10.08,14.01,12.63,24.83,12.49,4.21,18.41,25.69,10.97,9.20,10.66,7.99,12.59
13.98,5.21,3.21,8.68,6.38,6.63,6.53,20.01,18.80,21.66,18.05,4.07,18.09,21.85,16.23,14.63,17.54,6.42,19.49
7.20,4.82,8.57,7.80,10.48,8.84,12.46,12.42,14.83,22.04,10.47,6.63,15.10,23.13,8.69,7.05,10.96,5.69,12.95
11.34,1.80,6.12,11.31,12.20,4.80,9.43,14.66,12.11,25.68,13.26,3.73,19.42,26.48,11.81,10.03,10.83,8.81,12.71
11.40,1.45,5.80,11.10,11.88,4.66,9.17,14.91,12.44,25.46,13.47,3.42,19.31,26.23,11.98,10.21,11.17,8.58,13.06
8.57,15.23,16.91,5.39,10.30,19.04,20.56,16.92,25.71,11.52,14.38,16.18,4.06,13.32,12.72,12.55,19.88,7.71,21.63
8.93,3.08,7.11,8.88,10.65,7.07,10.91,13.48,13.92,23.25,11.72,5.01,16.72,24.18,10.06,8.33,11.04,6.50,13.02
1.92,10.14,13.87,8.54,13.30,14.10,17.80,8.71,16.88,20.82,6.28,12.00,12.06,22.48,4.33,3.43,10.57,7.92,12.32
3.19,14.56,18.43,12.04,17.31,18.41,22.34,6.26,18.74,21.94,3.87,16.49,12.11,24.00,2.96,4.22,11.23,12.07,12.49
10.65,14.22,15.03,3.67,7.22,17.68,18.40,19.17,26.08,10.78,16.62,14.75,6.77,11.94,14.80,14.25,21.08,6.25,22.96
11.91,7.01,6.64,5.25,3.79,9.67,10.00,19.01,20.50,18.32,16.79,6.80,14.66,18.68,14.87,13.47,17.86,3.32,19.85
2.76,14.29,17.56,9.10,14.63,18.32,21.52,10.01,21.13,18.17,7.54,15.96,8.47,20.21,6.15,6.60,14.17,9.78,15.66
2.98,13.46,16.52,7.65,13.19,17.51,20.46,11.08,21.26,17.19,8.56,15.03,7.82,19.12,6.96,7.07,14.63,8.43,16.24
13.86,1.91,3.70,12.22,11.76,2.14,6.61,17.52,13.29,26.32,16.11,1.59,21.01,26.84,14.63,12.86,13.36,9.63,15.15
13.33,2.34,2.34,10.14,9.18,4.00,6.23,18.21,15.74,23.97,16.51,1.10,19.27,24.38,14.83,13.12,14.95,7.59,16.85
10.88,16.83,18.04,6.44,10.40,20.48,21.52,19.19,27.84,9.22,16.66,17.58,3.71,11.02,15.02,14.85,22.15,8.99,23.92
11.32,3.90,4.70,7.18,6.88,6.93,8.58,17.34,17.43,21.11,15.35,4.00,16.36,21.63,13.52,11.93,15.28,4.63,17.26
10.98,1.76,4.70,8.79,9.18,5.53,8.60,15.98,15.12,23.04,14.20,2.89,17.53,23.70,12.49,10.79,13.25,6.21,15.20
7.66,14.92,16.83,5.53,10.73,18.79,20.56,15.97,25.03,12.40,13.44,15.98,4.25,14.24,11.80,11.67,19.05,7.66,20.78
12.05,1.64,3.63,9.39,9.14,4.72,7.52,16.98,15.32,23.47,15.24,1.90,18.33,24.02,13.55,11.84,13.98,6.80,15.90
4.66,7.68,10.99,6.26,10.40,11.72,14.95,11.54,16.98,19.87,9.24,9.32,12.29,21.21,7.30,6.01,11.90,5.02,13.82
4.86,7.24,11.13,8.33,12.11,11.16,15.01,10.09,15.00,21.93,8.00,9.15,14.03,23.30,6.17,4.60,9.81,6.85,11.75
10.83,15.71,16.71,5.19,8.92,19.27,20.12,19.29,27.15,9.68,16.75,16.35,5.15,11.17,15.01,14.67,21.78,7.78,23.60
9.99,12.49,16.89,16.95,20.60,14.94,20.05,5.56,9.71,29.86,6.10,14.51,20.79,31.50,6.48,5.90,1.84,15.48,3.29
12.47,6.19,5.48,6.36,4.57,8.59,8.85,19.21,19.82,19.45,17.07,5.76,15.78,19.75,15.18,13.70,17.60,4.25,19.59
16.45,13.62,17.30,21.57,23.85,14.11,19.31,12.43,2.79,35.48,13.27,15.11,27.13,36.80,13.49,12.53,5.35,19.51,5.06
4.94,14.79,18.93,13.88,18.91,18.42,22.73,3.86,17.10,24.33,1.53,16.81,14.51,26.36,1.81,3.59,9.34,13.55,10.39
13.70,20.14,21.16,9.66,12.92,23.74,24.51,21.72,31.11,6.49,19.25,20.82,3.77,8.75,17.74,17.77,25.20,12.24,26.91
2.33,14.19,17.61,9.62,15.10,18.20,21.57,9.21,20.53,18.98,6.74,15.93,9.26,21.02,5.38,5.92,13.47,10.12,14.93
2.36,14.36,17.94,10.44,15.86,18.34,21.89,8.28,20.03,19.91,5.85,16.17,10.12,21.96,4.60,5.35,12.80,10.79,14.20
10.28,3.39,5.42,7.19,7.79,6.98,9.37,16.08,16.53,21.41,14.11,4.15,16.06,22.08,12.30,10.69,14.06,4.60,16.05
14.40,10.60,14.35,18.78,20.86,11.30,16.56,11.96,4.04,32.86,12.21,12.13,24.85,34.08,12.01,10.76,4.93,16.63,5.77
6.67,5.73,9.90,9.34,12.37,9.50,13.67,10.72,13.47,23.35,8.93,7.75,15.79,24.58,7.28,5.55,9.09,7.44,11.08
11.61,3.82,4.40,7.43,6.93,6.71,8.28,17.57,17.42,21.30,15.59,3.78,16.63,21.79,13.77,12.17,15.41,4.89,17.38
11.19,16.20,17.18,5.68,9.27,19.76,20.57,19.63,27.63,9.21,17.08,16.83,4.92,10.75,15.37,15.07,22.21,8.27,24.03
6.29,6.87,9.66,5.02,8.65,10.87,13.61,13.33,17.67,19.16,11.04,8.24,12.40,20.30,9.11,7.79,13.23,3.34,15.19
11.68,9.89,14.08,16.74,19.41,11.59,16.84,9.44,6.74,30.56,9.46,11.72,22.26,31.91,9.20,7.96,3.06,14.79,4.70
16.19,8.66,5.78,9.13,4.71,9.55,7.55,22.93,22.20,20.18,20.82,7.36,18.29,19.96,18.93,17.44,20.91,7.61,22.87
15.72,8.56,5.95,8.57,4.21,9.69,7.96,22.55,22.17,19.72,20.42,7.38,17.74,19.55,18.52,17.05,20.68,7.08,22.65
5.24,6.94,10.37,6.63,10.42,10.98,14.32,11.64,16.35,20.47,9.42,8.63,13.04,21.75,7.51,6.09,11.52,5.11,13.47
10.78,15.48,16.46,4.95,8.66,19.03,19.87,19.26,26.98,9.83,16.71,16.11,5.39,11.27,14.97,14.59,21.67,7.54,23.49
11.63,1.42,4.09,9.28,9.32,4.93,7.97,16.50,15.05,23.45,14.76,2.23,18.11,24.05,13.08,11.36,13.54,6.69,15.47
7.30,6.73,11.12,11.37,14.43,10.02,14.67,9.41,11.70,25.21,8.00,8.81,17.26,26.53,6.66,4.91,7.01,9.53,9.00
4.73,7.73,11.80,9.26,13.11,11.55,15.63,9.16,14.40,22.69,7.15,9.72,14.52,24.12,5.38,3.73,8.90,7.84,10.82
2.90,14.43,17.69,9.15,14.69,18.46,21.65,10.09,21.27,18.10,7.63,16.10,8.37,20.15,6.26,6.73,14.30,9.87,15.78
11.49,1.20,5.55,10.98,11.67,4.53,8.96,15.12,12.66,25.33,13.65,3.18,19.27,26.08,12.15,10.38,11.43,8.45,13.31
9.62,2.39,6.49,9.21,10.62,6.38,10.26,14.04,13.78,23.59,12.34,4.34,17.27,24.46,10.70,8.96,11.32,6.76,13.28
11.47,16.34,17.26,5.80,9.23,19.87,20.62,19.90,27.84,8.98,17.36,16.95,5.06,10.49,15.64,15.33,22.47,8.40,24.28
14.56,5.18,2.56,9.42,6.97,6.15,5.79,20.39,18.63,22.33,18.49,3.78,18.83,22.47,16.70,15.06,17.69,7.15,19.61
10.42,8.69,12.98,15.21,17.93,10.78,15.96,9.25,8.03,29.07,8.87,10.60,20.88,30.40,8.32,6.91,3.94,13.27,5.83
4.00,14.89,17.90,8.58,14.16,18.94,21.84,11.42,22.41,16.77,8.97,16.45,7.03,18.85,7.59,7.98,15.57,9.63,17.09
12.32,2.71,3.33,8.80,8.13,5.31,7.29,17.69,16.40,22.69,15.85,2.38,17.94,23.16,14.11,12.44,14.96,6.25,16.89
9.38,2.63,6.64,8.96,10.47,6.64,10.43,13.94,13.98,23.34,12.20,4.53,16.98,24.22,10.53,8.81,11.36,6.52,13.33
13.01,8.18,12.01,16.57,18.46,9.15,14.43,12.09,6.05,30.78,11.82,9.75,23.12,31.91,11.24,9.76,5.82,14.35,7.24
13.92,8.61,7.13,6.34,2.40,10.63,9.83,21.18,22.28,17.87,18.94,7.95,15.48,17.91,17.01,15.64,19.97,5.09,21.96
15.79,10.63,14.01,19.54,21.19,10.69,15.85,13.69,3.12,33.77,13.90,11.92,26.06,34.88,13.61,12.29,6.66,17.27,7.35
14.23,9.39,7.87,6.28,1.68,11.40,10.43,21.66,23.04,17.23,19.37,8.73,15.21,17.21,17.44,16.11,20.63,5.35,22.62
1.23,13.09,16.78,10.06,15.32,17.03,20.72,7.74,18.70,20.54,5.21,14.94,11.00,22.48,3.63,4.08,11.62,10.09,13.11
9.01,15.75,17.37,5.80,10.57,19.54,21.00,17.31,26.24,11.05,14.78,16.68,3.61,12.90,13.15,13.01,20.37,8.18,22.11
13.37,6.88,5.53,6.81,4.09,8.90,8.58,20.18,20.56,19.35,18.03,6.19,16.20,19.52,16.14,14.66,18.53,4.93,20.51
12.86,9.52,13.49,17.26,19.52,10.71,15.99,10.95,5.62,31.30,10.96,11.19,23.27,32.54,10.61,9.29,4.34,15.16,5.67
14.15,11.50,15.40,19.13,21.52,12.46,17.74,10.99,4.37,33.04,11.45,13.13,24.76,34.35,11.44,10.33,3.84,17.09,4.49
14.94,19.63,20.09,9.12,11.21,22.97,23.17,23.27,31.45,5.36,20.74,20.04,6.27,6.95,19.09,18.88,26.08,11.67,27.88
1.90,11.87,15.79,10.48,15.41,15.71,19.68,6.78,16.86,21.95,4.26,13.81,12.64,23.77,2.37,2.27,9.85,10.04,11.41
13.76,3.25,1.89,9.93,8.50,4.51,5.84,18.95,16.63,23.52,17.18,1.83,19.19,23.84,15.47,13.78,15.85,7.44,17.75
3.03,13.94,17.05,8.21,13.77,17.99,21.00,10.83,21.42,17.38,8.32,15.54,7.84,19.37,6.82,7.07,14.66,9.01,16.22
10.94,10.08,14.36,16.36,19.26,12.05,17.27,8.57,7.53,30.04,8.58,11.98,21.59,31.45,8.34,7.15,2.57,14.50,4.42
12.85,1.78,5.20,12.25,12.49,3.31,8.16,16.04,12.08,26.54,14.72,2.90,20.66,27.21,13.30,11.53,11.78,9.68,13.58
17.28,9.15,5.78,10.30,5.72,9.55,6.90,23.87,22.50,21.04,21.81,7.65,19.44,20.71,19.94,18.41,21.59,8.77,23.53
13.81,3.45,1.90,9.83,8.30,4.70,5.83,19.09,16.86,23.36,17.30,2.05,19.11,23.66,15.57,13.89,16.04,7.35,17.94
2.48,13.69,16.91,8.45,13.96,17.73,20.86,10.27,20.89,17.95,7.76,15.33,8.42,19.93,6.24,6.50,14.08,9.08,15.64
2.46,13.39,16.57,8.07,13.58,17.43,20.52,10.48,20.82,17.79,7.95,15.02,8.36,19.73,6.37,6.53,14.10,8.71,15.69
9.37,6.46,7.71,4.14,5.68,9.94,11.49,16.51,19.20,18.35,14.25,7.03,13.28,19.08,12.32,10.96,15.79,1.56,17.78
5.25,15.28,17.99,7.90,13.45,19.31,21.89,12.92,23.56,15.28,10.46,16.71,5.60,17.36,9.03,9.31,16.89,9.31,18.46
16.87,5.19,1.60,13.22,11.01,3.06,2.79,21.29,16.42,26.42,19.75,3.14,22.54,26.54,18.16,16.42,17.23,10.77,18.99
6.87,14.43,16.51,5.46,10.84,18.34,20.29,15.20,24.30,13.19,12.67,15.56,4.81,15.03,11.02,10.88,18.27,7.40,20.00
9.98,15.87,17.20,5.57,9.87,19.56,20.72,18.36,26.83,10.19,15.82,16.66,4.11,11.91,14.15,13.92,21.18,8.08,22.96
3.82,15.77,19.42,11.85,17.33,19.72,23.37,7.89,20.67,20.54,5.67,17.61,10.55,22.71,4.91,6.07,13.19,12.30,14.42
11.97,2.20,3.64,8.91,8.57,5.17,7.59,17.17,15.88,22.94,15.37,2.27,17.93,23.46,13.64,11.96,14.38,6.33,16.31
13.44,11.62,15.65,18.76,21.38,12.87,18.16,10.04,5.24,32.55,10.54,13.33,24.12,33.92,10.59,9.55,2.89,16.81,3.69
12.06,4.61,4.47,7.17,6.14,7.19,8.20,18.28,18.26,20.77,16.25,4.30,16.50,21.18,14.41,12.84,16.26,4.73,18.23
10.18,16.41,17.77,6.14,10.42,20.11,21.30,18.49,27.24,9.90,15.96,17.22,3.56,11.72,14.32,14.17,21.49,8.65,23.24
11.50,14.50,18.88,18.89,22.66,16.77,21.95,5.38,9.89,31.52,6.75,16.49,22.21,33.24,7.64,7.45,2.37,17.50,2.22
11.55,19.18,20.71,9.09,13.29,22.96,24.27,19.35,29.39,8.96,16.91,20.09,1.28,11.27,15.49,15.65,23.17,11.55,24.82
2.69,9.94,13.88,9.52,14.07,13.79,17.76,7.86,15.80,21.99,5.54,11.88,13.20,23.64,3.61,2.40,9.39,8.68,11.15
4.53,16.23,20.03,12.98,18.39,20.10,23.95,6.82,20.22,21.78,4.79,18.13,11.75,23.96,4.43,5.87,12.56,13.27,13.66
12.19,17.55,18.47,7.02,10.31,21.09,21.81,20.53,28.92,7.99,18.00,18.17,4.46,9.70,16.34,16.14,23.38,9.61,25.17
18.90,7.22,3.37,14.84,12.02,4.46,0.83,23.29,17.57,27.56,21.78,5.18,24.23,27.50,20.21,18.46,19.01,12.48,20.72
11.36,17.22,18.35,6.77,10.53,20.84,21.78,19.66,28.31,8.74,17.14,17.93,3.78,10.54,15.50,15.34,22.64,9.34,24.41
8.36,3.64,7.53,8.40,10.46,7.65,11.38,13.19,14.30,22.75,11.35,5.51,16.12,23.73,9.64,7.94,11.08,6.08,13.07
14.18,9.37,7.87,6.24,1.68,11.39,10.45,21.61,23.02,17.21,19.33,8.72,15.18,17.20,17.39,16.07,20.59,5.30,22.59
3.80,15.63,19.37,12.17,17.59,19.54,23.30,7.25,20.15,21.15,5.04,17.51,11.17,23.30,4.36,5.62,12.61,12.49,13.81
3.14,13.61,16.64,7.67,13.22,17.66,20.58,11.20,21.43,17.05,8.68,15.17,7.66,19.00,7.10,7.23,14.80,8.50,16.40
11.37,4.41,4.93,6.80,6.36,7.36,8.75,17.60,17.94,20.65,15.56,4.43,16.05,21.14,13.71,12.15,15.70,4.29,17.68
12.07,0.16,4.47,10.70,10.90,3.96,7.98,16.11,13.54,24.96,14.57,2.11,19.30,25.60,13.01,11.25,12.53,8.12,14.41
5.93,13.92,16.22,5.59,11.11,17.89,20.06,14.28,23.46,14.13,11.74,15.15,5.51,15.97,10.08,9.95,17.35,7.25,19.07
12.16,2.26,3.45,9.01,8.54,5.07,7.40,17.36,15.95,22.99,15.56,2.16,18.06,23.50,13.84,12.15,14.53,6.43,16.46
15.07,3.27,4.19,13.62,12.95,1.05,6.24,18.25,12.70,27.68,16.99,2.69,22.42,28.15,15.59,13.82,13.61,11.03,15.30
13.20,11.45,15.50,18.53,21.17,12.76,18.04,9.90,5.43,32.31,10.36,13.18,23.88,33.68,10.38,9.33,2.78,16.58,3.71
12.12,5.79,5.37,6.33,4.95,8.34,8.88,18.77,19.40,19.65,16.65,5.47,15.74,20.01,14.76,13.27,17.14,4.09,19.12
11.15,18.32,19.78,8.15,12.33,22.07,23.32,19.14,28.76,9.05,16.67,19.19,1.90,11.22,15.17,15.22,22.70,10.63,24.38
5.38,12.71,15.06,4.80,10.38,16.68,18.91,13.87,22.42,14.87,11.32,13.95,6.66,16.57,9.56,9.24,16.51,6.19,18.27
9.61,16.71,18.33,6.74,11.36,20.51,21.94,17.76,27.08,10.46,15.26,17.65,2.69,12.45,13.69,13.66,21.08,9.14,22.79
12.66,5.16,4.38,7.30,5.69,7.42,7.93,18.99,18.84,20.61,16.95,4.59,16.69,20.92,15.09,13.54,16.97,4.99,18.94
12.29,12.72,16.97,18.61,21.78,14.53,19.79,7.82,7.29,31.94,8.61,14.60,23.09,33.47,8.97,8.23,0.69,16.89,1.78
3.00,14.86,18.25,10.01,15.54,18.87,22.21,9.40,21.10,18.83,6.99,16.59,8.98,20.92,5.77,6.45,13.95,10.64,15.36
11.39,16.52,17.49,6.00,9.53,20.07,20.87,19.80,27.92,8.94,17.27,17.15,4.75,10.52,15.57,15.29,22.47,8.59,24.27
10.79,8.38,12.63,15.29,17.85,10.33,15.53,9.79,7.73,29.24,9.40,10.26,21.17,30.52,8.82,7.37,4.31,13.28,6.13
7.69,5.20,9.53,10.26,12.93,8.75,13.17,10.96,12.43,24.38,9.38,7.27,16.92,25.56,7.87,6.10,8.54,8.22,10.53
10.48,2.45,6.86,10.96,12.27,5.72,10.29,13.79,12.06,25.34,12.36,4.50,18.81,26.23,10.90,9.12,10.21,8.52,12.12
3.27,12.39,16.49,11.85,16.67,16.10,20.31,5.39,16.09,23.29,2.91,14.40,13.86,25.15,0.97,1.50,8.79,11.29,10.24
9.46,15.26,16.65,5.02,9.54,18.97,20.21,17.88,26.20,10.78,15.34,16.07,4.50,12.44,13.64,13.37,20.59,7.50,22.38
11.89,7.68,7.32,4.74,3.22,10.38,10.61,19.20,21.12,17.62,16.93,7.51,14.12,17.97,15.00,13.65,18.29,3.10,20.28
2.40,13.89,17.71,11.28,16.53,17.77,21.63,6.73,18.58,21.46,4.25,15.79,11.74,23.47,2.98,3.93,11.23,11.27,12.59
0.53,11.96,15.46,8.48,13.71,15.96,19.41,9.05,18.77,19.54,6.50,13.72,10.35,21.36,4.71,4.57,12.11,8.49,13.74
10.07,1.94,6.06,9.39,10.55,5.94,9.80,14.46,13.78,23.76,12.78,3.89,17.59,24.58,11.15,9.41,11.58,6.89,13.54
10.15,17.49,19.10,7.50,11.99,21.29,22.70,18.19,27.79,10.00,15.71,18.43,1.99,12.09,14.19,14.23,21.70,9.91,23.38
1.37,13.38,16.97,9.80,15.14,17.35,20.92,8.27,19.31,19.96,5.75,15.19,10.38,21.93,4.25,4.70,12.26,9.98,13.74
12.98,8.98,8.09,5.07,1.79,11.40,11.02,20.51,22.51,16.79,18.20,8.60,14.16,16.97,16.25,14.97,19.73,4.11,21.73
1.64,12.95,16.76,10.60,15.76,16.84,20.68,6.99,18.02,21.34,4.44,14.85,11.80,23.26,2.83,3.35,10.86,10.46,12.32
10.21,12.46,13.19,2.00,5.73,15.86,16.58,18.66,24.62,12.40,16.13,12.93,8.34,13.35,14.24,13.50,19.99,4.50,21.91
13.49,8.00,6.69,6.22,2.89,10.11,9.56,20.64,21.65,18.22,18.42,7.39,15.48,18.34,16.50,15.10,19.36,4.74,21.34
12.50,12.89,17.13,18.82,21.99,14.65,19.91,7.93,7.18,32.16,8.77,14.76,23.30,33.69,9.16,8.44,0.87,17.11,1.63
11.07,6.13,10.30,14.09,16.06,8.00,13.18,11.68,8.54,28.32,10.90,7.93,20.85,29.43,9.95,8.30,6.67,11.87,8.46
3.13,10.47,13.50,5.85,11.04,14.52,17.45,11.45,19.30,17.95,8.93,12.01,9.65,19.55,7.03,6.37,13.42,5.86,15.22
6.89,5.74,8.78,5.97,8.98,9.76,12.74,13.29,16.65,20.24,11.13,7.21,13.58,21.31,9.24,7.77,12.57,3.93,14.56
11.66,15.44,16.11,4.91,7.86,18.85,19.38,20.17,27.34,9.51,17.62,15.92,6.41,10.69,15.83,15.36,22.29,7.47,24.15
11.21,7.06,7.13,4.60,4.01,9.98,10.61,18.41,20.39,17.99,16.16,7.06,14.02,18.46,14.23,12.87,17.47,2.58,19.46
13.58,4.43,2.86,8.79,6.96,6.04,6.50,19.39,18.04,22.08,17.48,3.37,18.16,22.34,15.69,14.06,16.80,6.42,18.74
14.99,9.14,7.12,7.34,2.71,10.77,9.42,22.19,22.82,18.24,19.97,8.24,16.35,18.12,18.05,16.65,20.81,6.17,22.79
9.03,5.87,7.50,4.68,6.39,9.48,11.36,15.93,18.46,18.98,13.71,6.60,13.61,19.76,11.80,10.39,15.05,2.11,17.05
10.73,11.67,16.01,17.05,20.36,13.83,19.02,7.03,8.36,30.34,7.42,13.62,21.52,31.88,7.56,6.70,1.09,15.39,3.08
7.53,15.70,17.79,6.62,11.86,19.63,21.56,15.61,25.34,12.60,13.11,16.85,3.61,14.61,11.57,11.61,19.10,8.66,20.77
9.89,11.87,16.25,16.58,20.11,14.28,19.40,6.06,9.39,29.65,6.39,13.87,20.69,31.25,6.57,5.82,1.77,15.04,3.52
13.91,13.22,17.30,19.87,22.76,14.56,19.85,9.41,5.74,33.41,10.31,14.98,24.69,34.88,10.67,9.88,2.39,18.03,2.24
10.04,6.01,6.97,4.76,5.49,9.33,10.72,16.99,19.05,18.80,14.78,6.41,14.00,19.44,12.86,11.45,15.96,2.23,17.95
12.57,2.72,3.07,9.02,8.22,5.11,7.03,17.89,16.39,22.87,16.07,2.19,18.18,23.31,14.33,12.66,15.07,6.47,17.01
12.48,16.12,20.49,20.22,24.13,18.37,23.56,5.33,10.73,32.53,7.21,18.11,23.04,34.33,8.43,8.54,3.84,18.92,2.90
11.57,1.61,4.11,9.11,9.14,5.07,8.00,16.53,15.23,23.27,14.77,2.33,17.96,23.87,13.08,11.37,13.65,6.52,15.59
14.14,2.81,5.07,13.37,13.22,2.28,7.46,17.03,11.81,27.59,15.82,3.11,21.91,28.18,14.46,12.69,12.37,10.78,14.08
6.14,18.15,21.66,13.20,18.78,22.13,25.62,9.47,23.04,20.01,7.61,19.94,9.89,22.36,7.23,8.54,15.41,14.03,16.50
13.67,4.76,3.07,8.64,6.65,6.35,6.59,19.60,18.38,21.83,17.66,3.70,18.04,22.06,15.85,14.23,17.09,6.32,19.03
10.37,9.06,13.37,15.40,18.21,11.18,16.36,8.90,8.05,29.18,8.60,10.99,20.89,30.54,8.12,6.76,3.55,13.50,5.46
11.98,15.74,16.35,5.23,7.99,19.13,19.60,20.49,27.68,9.17,17.94,16.20,6.43,10.35,16.16,15.70,22.63,7.78,24.49
13.32,18.12,18.78,7.57,10.22,21.55,21.99,21.70,29.80,7.02,19.16,18.62,5.42,8.57,17.49,17.24,24.42,10.15,26.22
15.39,4.19,0.24,11.49,9.50,3.71,4.18,20.26,16.71,24.80,18.59,2.16,20.81,24.99,16.93,15.21,16.70,9.04,18.54
5.50,15.82,18.57,8.47,14.02,19.86,22.48,12.89,23.88,15.35,10.47,17.27,5.50,17.50,9.13,9.52,17.10,9.90,18.63
4.43,12.90,15.53,5.78,11.37,16.92,19.43,12.87,21.97,15.66,10.32,14.28,6.94,17.45,8.60,8.41,15.80,6.91,17.52
10.97,13.03,17.39,17.88,21.43,15.26,20.45,6.07,9.05,30.85,6.90,15.01,21.77,32.48,7.41,6.88,1.12,16.36,2.30
11.00,15.61,16.54,5.07,8.65,19.14,19.92,19.48,27.17,9.64,16.93,16.22,5.45,11.06,15.18,14.81,21.87,7.66,23.71
5.70,15.91,18.61,8.41,13.94,19.94,22.51,13.12,24.07,15.13,10.70,17.34,5.28,17.28,9.35,9.72,17.31,9.90,18.84
13.37,15.76,15.87,5.61,6.91,18.89,18.87,21.88,28.23,9.08,19.34,15.98,8.18,9.77,17.50,16.92,23.59,7.94,25.50
12.79,9.88,13.89,17.42,19.79,11.14,16.42,10.61,5.63,31.40,10.70,11.58,23.28,32.68,10.42,9.15,3.91,15.36,5.23
1.42,13.24,16.70,9.09,14.49,17.25,20.65,9.07,19.77,19.19,6.54,14.99,9.68,21.14,4.98,5.27,12.86,9.40,14.39
11.75,4.45,8.47,13.46,14.84,6.13,11.30,13.35,9.47,27.82,12.36,6.13,20.90,28.77,11.23,9.50,8.55,11.08,10.32
17.09,6.52,2.19,12.02,8.88,5.67,3.27,22.46,18.95,24.43,20.69,4.55,21.44,24.36,18.97,17.28,19.09,9.82,20.94
5.29,6.72,10.41,7.47,11.11,10.72,14.33,11.08,15.54,21.29,8.95,8.53,13.72,22.58,7.08,5.56,10.69,5.87,12.65
11.71,8.76,8.53,3.83,2.62,11.58,11.76,19.34,22.04,16.41,17.00,8.69,13.09,16.79,15.06,13.82,18.87,2.85,20.86
13.61,10.94,14.89,18.50,20.91,12.03,17.31,10.76,4.84,32.43,11.09,12.60,24.19,33.74,11.00,9.84,3.70,16.47,4.63
10.61,16.54,17.79,6.17,10.23,20.21,21.28,18.94,27.54,9.51,16.41,17.30,3.81,11.28,14.76,14.57,21.86,8.72,23.63
4.23,7.89,11.38,6.85,11.05,11.92,15.33,10.90,16.62,20.30,8.60,9.62,12.49,21.69,6.67,5.36,11.34,5.67,13.25
2.86,13.72,16.84,8.08,13.62,17.76,20.79,10.76,21.23,17.46,8.25,15.32,7.98,19.43,6.71,6.92,14.50,8.84,16.07
10.46,9.18,13.48,15.53,18.35,11.27,16.46,8.88,7.95,29.31,8.62,11.10,21.00,30.67,8.17,6.83,3.44,13.63,5.33
11.53,16.97,17.99,6.47,10.04,20.55,21.39,19.89,28.26,8.67,17.36,17.63,4.32,10.36,15.69,15.47,22.71,9.06,24.49
5.46,14.14,16.61,6.23,11.77,18.14,20.47,13.69,23.28,14.60,11.17,15.45,5.61,16.51,9.55,9.52,17.00,7.75,18.68
8.86,4.92,7.08,5.68,7.37,8.69,11.01,15.30,17.35,20.03,13.17,5.88,14.35,20.85,11.29,9.79,14.08,3.16,16.07
13.21,11.12,15.15,18.37,20.92,12.39,17.67,10.16,5.31,32.20,10.54,12.84,23.85,33.55,10.49,9.39,3.09,16.38,4.09
1.50,13.49,17.11,9.97,15.32,17.46,21.05,8.14,19.30,20.09,5.62,15.31,10.47,22.06,4.15,4.67,12.20,10.15,13.67
5.86,15.66,18.26,7.89,13.40,19.68,22.14,13.51,24.14,14.69,11.06,17.04,4.98,16.80,9.65,9.93,17.51,9.45,19.08
13.20,10.91,14.92,18.24,20.75,12.15,17.43,10.30,5.28,32.11,10.63,12.61,23.81,33.44,10.54,9.40,3.29,16.24,4.33
12.12,11.81,16.03,18.04,21.05,13.55,18.81,8.38,6.86,31.56,8.91,13.67,22.89,33.03,9.06,8.14,1.30,16.25,2.74
8.80,4.32,6.90,6.38,8.07,8.20,10.85,14.89,16.59,20.75,12.83,5.48,14.87,21.59,10.98,9.42,13.41,3.89,15.41
11.01,15.84,16.81,5.31,8.94,19.39,20.21,19.47,27.32,9.50,16.92,16.47,5.18,10.98,15.19,14.85,21.96,7.90,23.78
10.56,17.78,19.31,7.69,12.05,21.56,22.89,18.59,28.16,9.60,16.11,18.68,1.96,11.71,14.59,14.63,22.09,10.15,23.78
7.76,4.45,8.62,9.19,11.67,8.29,12.38,11.95,13.44,23.42,10.21,6.46,16.32,24.52,8.57,6.83,9.81,7.04,11.80
9.44,9.47,13.84,14.98,18.10,11.90,16.99,7.86,8.99,28.55,7.48,11.46,20.07,29.99,7.02,5.72,3.35,13.21,5.34
10.60,15.57,16.63,5.07,8.94,19.15,20.07,19.06,26.95,9.89,16.51,16.24,5.08,11.39,14.78,14.44,21.56,7.66,23.38
11.61,4.48,4.77,6.92,6.27,7.30,8.56,17.84,18.05,20.68,15.80,4.38,16.20,21.15,13.95,12.39,15.90,4.44,17.87
16.00,8.77,6.05,8.81,4.33,9.81,7.92,22.83,22.36,19.80,20.70,7.55,17.94,19.59,18.81,17.33,20.93,7.35,22.90
12.52,11.86,16.04,18.32,21.24,13.48,18.75,8.78,6.44,31.90,9.34,13.69,23.27,33.35,9.48,8.55,1.64,16.49,2.80
9.52,15.64,17.08,5.46,9.98,19.37,20.65,17.89,26.46,10.62,15.36,16.48,4.05,12.37,13.68,13.47,20.75,7.93,22.52
15.73,6.60,3.33,9.89,6.59,7.11,5.57,21.78,19.92,22.13,19.83,5.06,19.30,22.09,18.02,16.41,19.13,7.85,21.05
13.25,11.93,16.01,18.81,21.56,13.30,18.58,9.58,5.61,32.50,10.16,13.68,23.97,33.92,10.29,9.32,2.41,16.91,3.17
10.76,15.87,16.93,5.38,9.19,19.45,20.36,19.20,27.21,9.64,16.65,16.54,4.87,11.19,14.94,14.63,21.78,7.96,23.59
14.34,2.37,2.68,12.03,11.13,2.05,5.71,18.37,14.24,25.95,16.88,0.90,21.02,26.37,15.34,13.58,14.36,9.45,16.16
7.37,6.04,8.59,5.08,7.98,9.97,12.53,14.17,17.56,19.43,11.95,7.26,13.14,20.43,10.03,8.63,13.59,2.93,15.57
13.79,2.06,4.31,12.56,12.30,2.24,7.06,17.16,12.66,26.73,15.82,2.21,21.23,27.29,14.38,12.61,12.83,9.97,14.60
16.12,8.98,6.24,8.84,4.25,10.01,8.06,22.99,22.57,19.68,20.85,7.76,17.93,19.45,18.95,17.48,21.13,7.44,23.09
17.27,9.53,6.29,10.05,5.27,10.08,7.49,24.00,22.96,20.51,21.90,8.10,19.09,20.15,20.02,18.52,21.89,8.64,23.84
9.28,15.62,17.14,5.53,10.17,19.38,20.74,17.63,26.32,10.83,15.10,16.50,3.91,12.61,13.43,13.25,20.55,7.96,22.31
14.81,3.98,0.88,10.76,8.85,4.22,4.80,19.91,16.94,24.10,18.18,2.13,20.08,24.32,16.48,14.78,16.59,8.32,18.46
11.92,17.30,18.26,6.78,10.18,20.86,21.62,20.27,28.64,8.27,17.74,17.93,4.40,9.97,16.08,15.86,23.10,9.37,24.89
4.79,16.78,20.38,12.43,17.96,20.74,24.33,8.44,21.63,20.35,6.39,18.60,10.27,22.59,5.84,7.09,14.07,13.04,15.23
1.77,11.88,15.13,7.37,12.71,15.92,19.08,10.28,19.59,18.36,7.73,13.53,9.36,20.15,5.95,5.71,13.16,7.61,14.84
1.48,11.22,14.58,7.48,12.67,15.25,18.54,9.90,18.79,19.00,7.36,12.91,10.13,20.74,5.50,5.08,12.44,7.44,14.16
12.51,1.71,5.44,12.06,12.46,3.67,8.48,15.69,12.02,26.38,14.36,3.10,20.40,27.08,12.94,11.17,11.51,9.50,13.33
5.22,7.23,10.46,6.00,9.94,11.28,14.42,12.04,16.99,19.83,9.76,8.83,12.49,21.10,7.83,6.49,12.14,4.59,14.08
16.52,15.81,19.75,22.72,25.56,16.77,22.03,11.01,5.51,36.19,12.37,17.47,27.32,37.70,13.03,12.44,4.87,20.88,3.48
15.19,9.30,7.22,7.49,2.73,10.88,9.44,22.40,22.99,18.23,20.17,8.38,16.46,18.09,18.25,16.86,21.01,6.36,22.99
12.60,5.52,4.75,6.98,5.29,7.82,8.23,19.08,19.19,20.21,17.00,5.00,16.38,20.52,15.13,13.60,17.20,4.73,19.18
8.43,4.04,7.18,7.04,8.98,8.05,11.13,14.13,15.76,21.42,12.13,5.51,15.19,22.33,10.32,8.71,12.50,4.64,14.49
7.44,14.17,16.05,4.77,10.04,18.03,19.78,15.86,24.48,12.72,13.32,15.21,5.01,14.46,11.61,11.37,18.66,6.87,20.42
5.65,14.42,16.86,6.40,11.93,18.41,20.72,13.82,23.53,14.44,11.31,15.72,5.36,16.37,9.71,9.72,17.22,7.97,18.89
5.57,17.57,21.05,12.59,18.16,21.56,25.01,9.44,22.72,19.69,7.46,19.34,9.57,22.00,6.93,8.15,15.16,13.40,16.32
10.36,15.06,16.11,4.56,8.50,18.64,19.56,18.85,26.52,10.30,16.30,15.72,5.49,11.73,14.54,14.15,21.20,7.14,23.03
7.41,6.29,8.70,4.75,7.72,10.19,12.64,14.36,17.89,19.10,12.11,7.45,12.88,20.09,10.19,8.82,13.89,2.61,15.87
7.89,7.53,11.95,12.55,15.64,10.52,15.36,8.77,10.73,26.31,7.65,9.60,18.16,27.67,6.57,4.90,5.80,10.74,7.79
14.57,13.89,17.94,20.61,23.49,15.13,20.41,9.76,5.56,34.13,10.80,15.62,25.36,35.61,11.25,10.52,2.96,18.77,2.29
13.03,13.95,18.19,19.67,22.96,15.70,20.97,7.74,7.52,32.84,8.88,15.83,23.84,34.43,9.48,8.94,1.54,18.02,0.57
13.54,6.20,4.67,7.46,4.94,8.06,7.81,20.07,19.89,20.20,17.99,5.38,16.88,20.38,16.12,14.59,18.12,5.40,20.09
13.78,7.07,5.44,7.14,4.10,8.91,8.35,20.57,20.75,19.48,18.43,6.26,16.51,19.59,16.54,15.06,18.85,5.32,20.82
5.79,7.59,10.34,4.70,8.78,11.59,14.28,13.15,18.15,18.66,10.81,8.96,11.71,19.86,8.86,7.64,13.44,3.39,15.39
8.65,3.77,8.08,9.85,11.94,7.46,11.75,12.42,12.81,24.15,10.80,5.83,17.20,25.19,9.24,7.48,9.71,7.58,11.69
7.65,13.99,15.78,4.42,9.65,17.82,19.48,16.11,24.49,12.60,13.56,14.98,5.22,14.28,11.83,11.53,18.77,6.59,20.55
7.19,12.99,14.82,3.62,9.04,16.83,18.55,15.70,23.60,13.36,13.15,13.99,6.21,14.92,11.36,10.93,18.04,5.64,19.85
12.96,9.47,13.42,17.29,19.51,10.61,15.89,11.10,5.54,31.35,11.10,11.12,23.36,32.58,10.74,9.41,4.48,15.18,5.79
11.75,0.30,4.53,10.26,10.54,4.33,8.16,15.99,13.85,24.52,14.39,2.24,18.87,25.18,12.80,11.05,12.60,7.68,14.50
16.38,8.03,4.81,9.78,5.71,8.60,6.47,22.82,21.43,21.22,20.78,6.57,19.06,21.04,18.93,17.38,20.47,8.04,22.41
12.26,6.50,5.92,5.95,4.25,9.00,9.28,19.14,20.09,19.02,16.97,6.15,15.36,19.34,15.07,13.62,17.70,3.89,19.69
12.23,9.52,13.60,16.88,19.32,10.97,16.24,10.29,6.19,30.84,10.27,11.27,22.71,32.13,9.93,8.62,3.82,14.84,5.32
10.57,9.52,13.82,15.80,18.66,11.58,16.78,8.70,7.85,29.52,8.53,11.44,21.16,30.91,8.15,6.87,3.10,13.92,5.00
7.75,16.63,18.83,7.73,12.96,20.58,22.62,15.51,25.86,12.70,13.06,17.83,3.06,14.85,11.63,11.84,19.40,9.73,21.01
11.37,8.79,12.98,15.91,18.41,10.53,15.77,9.99,7.11,29.87,9.74,10.62,21.78,31.15,9.26,7.87,4.08,13.89,5.80
6.62,5.60,9.69,8.93,11.96,9.45,13.49,11.02,13.83,22.98,9.17,7.58,15.51,24.19,7.48,5.76,9.51,7.02,11.50
11.72,4.23,4.52,7.19,6.51,7.02,8.34,17.84,17.84,20.96,15.83,4.09,16.46,21.42,13.99,12.41,15.78,4.69,17.76
3.26,14.67,17.88,9.12,14.68,18.71,21.83,10.41,21.64,17.78,7.97,16.32,8.02,19.85,6.62,7.10,14.67,9.93,16.16
7.03,13.70,15.65,4.51,9.89,17.58,19.40,15.49,23.97,13.19,12.94,14.77,5.47,14.89,11.21,10.93,18.18,6.50,19.95
9.30,14.27,15.56,3.93,8.49,17.93,19.10,17.80,25.50,11.34,15.25,15.03,5.61,12.81,13.48,13.07,20.13,6.44,21.96
11.38,15.93,16.79,5.38,8.74,19.43,20.14,19.85,27.55,9.26,17.31,16.51,5.48,10.67,15.56,15.20,22.27,7.97,24.10
6.02,6.75,9.75,5.52,9.15,10.78,13.71,12.87,17.22,19.60,10.61,8.22,12.65,20.77,8.68,7.32,12.71,3.85,14.67
11.28,8.60,12.79,15.74,18.22,10.37,15.60,10.05,7.23,29.72,9.76,10.43,21.66,30.99,9.24,7.82,4.24,13.71,5.98
8.06,4.10,7.60,7.50,9.68,8.14,11.52,13.47,15.20,21.86,11.51,5.77,15.34,22.83,9.73,8.09,11.78,5.19,13.78
3.89,11.04,13.79,5.13,10.53,15.06,17.72,12.36,20.33,16.87,9.82,12.45,8.69,18.47,7.96,7.40,14.50,5.59,16.30
6.19,16.44,19.11,8.77,14.27,20.47,23.00,13.44,24.57,14.87,11.05,17.85,4.92,17.08,9.76,10.19,17.77,10.33,19.28
1.34,12.59,15.95,8.26,13.64,16.62,19.91,9.64,19.68,18.76,7.09,14.30,9.46,20.64,5.41,5.43,12.99,8.55,14.60
15.40,7.64,4.97,8.75,4.91,8.71,7.19,21.99,21.22,20.46,19.92,6.40,18.05,20.38,18.04,16.52,19.89,7.00,21.85
13.97,18.38,18.87,7.87,10.10,21.73,21.99,22.37,30.25,6.56,19.83,18.80,6.10,7.97,18.14,17.85,24.98,10.42,26.80
15.39,6.07,2.89,9.83,6.82,6.65,5.46,21.33,19.40,22.33,19.40,4.54,19.25,22.35,17.60,15.98,18.61,7.70,20.53
7.24,7.47,9.57,3.57,7.20,11.31,13.45,14.73,19.06,17.87,12.38,8.51,11.73,18.91,10.44,9.21,14.79,1.82,16.75
10.85,2.08,4.79,8.48,8.90,5.80,8.71,16.01,15.40,22.72,14.19,3.09,17.25,23.38,12.46,10.78,13.42,5.90,15.38
5.56,14.06,16.49,6.05,11.60,18.05,20.35,13.82,23.30,14.50,11.30,15.35,5.60,16.39,9.67,9.61,17.07,7.60,18.75
12.62,16.41,16.93,5.92,8.37,19.76,20.12,21.11,28.40,8.47,18.56,16.83,6.45,9.63,16.80,16.37,23.33,8.45,25.19
9.70,11.64,16.04,16.33,19.86,14.09,19.21,6.10,9.46,29.43,6.32,13.65,20.50,31.02,6.44,5.64,1.96,14.79,3.76
14.07,2.39,2.08,11.25,10.20,2.89,5.63,18.52,15.07,25.08,16.93,0.31,20.34,25.47,15.32,13.58,14.84,8.69,16.68
7.74,4.29,8.29,8.58,11.00,8.24,12.12,12.41,14.05,22.85,10.58,6.22,15.92,23.92,8.88,7.17,10.47,6.39,12.46
1.89,12.19,15.41,7.45,12.84,16.23,19.37,10.36,19.88,18.18,7.81,13.83,9.10,20.00,6.06,5.91,13.40,7.79,15.06
0.72,12.01,15.48,8.35,13.61,16.02,19.43,9.23,18.94,19.34,6.68,13.76,10.16,21.17,4.90,4.77,12.30,8.40,13.94
14.72,3.23,1.22,11.41,9.91,3.09,4.87,19.35,15.78,25.01,17.73,1.17,20.62,25.31,16.10,14.36,15.70,8.89,17.54
13.91,10.88,14.76,18.65,20.95,11.83,17.11,11.16,4.51,32.62,11.48,12.49,24.45,33.91,11.36,10.17,4.10,16.57,4.97
10.24,16.46,17.82,6.19,10.45,20.17,21.35,18.54,27.30,9.84,16.02,17.27,3.54,11.66,14.38,14.23,21.55,8.70,23.30
10.02,10.25,14.60,15.82,18.98,12.52,17.67,7.62,8.54,29.32,7.53,12.22,20.72,30.79,7.30,6.15,2.48,14.08,4.47
12.50,9.47,13.51,17.02,19.37,10.81,16.09,10.60,5.95,31.02,10.59,11.19,22.94,32.28,10.24,8.92,4.08,14.95,5.50
11.07,5.44,5.85,5.79,5.46,8.43,9.56,17.72,18.84,19.56,15.59,5.51,15.12,20.07,13.70,12.22,16.25,3.36,18.24
14.32,11.40,10.23,5.58,0.71,13.70,12.77,22.24,24.92,14.88,19.84,10.96,13.62,14.83,17.89,16.74,21.94,5.71,23.93
2.73,14.73,18.26,10.48,15.95,18.72,22.21,8.60,20.49,19.61,6.20,16.52,9.77,21.70,5.02,5.82,13.25,10.94,14.63
8.70,6.18,7.90,4.38,6.46,9.84,11.76,15.72,18.60,18.72,13.48,6.98,13.23,19.54,11.56,10.18,15.03,1.84,17.02
9.85,15.78,17.14,5.51,9.87,19.48,20.68,18.23,26.71,10.31,15.69,16.59,4.11,12.03,14.02,13.79,21.05,8.01,22.83
6.70,18.70,22.18,13.54,19.12,22.68,26.14,9.92,23.60,19.90,8.13,20.47,9.80,22.29,7.80,9.12,15.95,14.45,17.02
12.79,11.11,15.20,18.10,20.76,12.53,17.81,9.68,5.79,31.87,10.05,12.87,23.45,33.25,10.02,8.94,2.66,16.16,3.82
9.97,17.07,18.64,7.04,11.54,20.85,22.24,18.10,27.47,10.11,15.60,17.98,2.45,12.13,14.04,14.03,21.46,9.46,23.17
15.10,3.20,1.99,12.34,11.02,1.98,4.82,19.26,14.87,26.07,17.75,1.31,21.46,26.39,16.20,14.44,15.23,9.78,17.01
3.03,14.64,18.45,11.77,17.09,18.53,22.37,6.71,19.12,21.50,4.33,16.54,11.65,23.56,3.37,4.54,11.66,11.88,12.93
1.84,12.82,16.68,10.78,15.88,16.69,20.59,6.72,17.69,21.65,4.17,14.74,12.14,23.56,2.50,3.02,10.51,10.56,11.97
16.68,4.70,3.76,14.52,13.17,0.74,4.69,20.02,13.77,28.29,18.75,3.37,23.56,28.59,17.34,15.57,15.28,11.95,16.93
1.45,12.88,16.67,10.41,15.58,16.78,20.59,7.19,18.12,21.14,4.65,14.76,11.63,23.06,3.01,3.46,10.99,10.29,12.47
12.29,0.94,3.67,10.10,9.92,4.10,7.41,16.83,14.59,24.23,15.18,1.53,18.94,24.80,13.55,11.81,13.52,7.51,15.42
14.80,13.84,17.85,20.73,23.53,14.99,20.27,10.09,5.22,34.30,11.11,15.55,25.59,35.77,11.52,10.77,3.24,18.86,2.63
15.75,5.98,2.41,10.41,7.44,6.19,4.85,21.50,19.11,22.95,19.63,4.29,19.83,22.96,17.85,16.21,18.58,8.24,20.48
7.49,14.79,16.74,5.48,10.72,18.67,20.48,15.81,24.86,12.57,13.27,15.86,4.39,14.42,11.63,11.49,18.87,7.57,20.60
15.54,9.79,13.10,18.90,20.40,9.76,14.93,13.96,3.90,33.19,14.00,11.03,25.66,34.25,13.59,12.19,7.08,16.60,7.96
9.58,7.79,8.69,2.95,4.79,11.17,12.33,17.16,20.52,17.01,14.81,8.24,12.30,17.72,12.87,11.63,16.88,0.73,18.86
12.87,6.38,5.37,6.62,4.45,8.60,8.63,19.60,20.05,19.51,17.47,5.82,16.04,19.76,15.58,14.10,17.94,4.59,19.92
13.15,13.58,17.78,19.57,22.74,15.23,20.51,8.18,7.01,32.86,9.20,15.42,23.95,34.42,9.71,9.07,1.50,17.86,1.09
15.21,13.47,17.38,20.78,23.38,14.40,19.67,10.89,4.31,34.51,11.79,15.11,25.95,35.91,12.09,11.23,3.86,18.83,3.54
4.05,12.47,15.18,5.75,11.31,16.50,19.09,12.53,21.47,16.10,9.98,13.88,7.44,17.86,8.23,7.97,15.33,6.70,17.06
3.65,10.47,13.35,5.31,10.55,14.51,17.29,12.01,19.68,17.47,9.49,11.94,9.35,19.03,7.59,6.92,13.91,5.44,15.73
11.46,18.10,19.40,7.78,11.73,21.80,22.89,19.58,28.84,8.62,17.08,18.90,2.66,10.68,15.53,15.51,22.93,10.32,24.64
3.26,11.24,14.16,5.79,11.16,15.28,18.10,11.75,20.09,17.29,9.21,12.74,8.83,18.95,7.36,6.87,14.08,6.16,15.85
14.00,19.18,19.86,8.63,11.24,22.62,23.05,22.29,30.75,6.13,19.77,19.69,5.26,7.91,18.14,17.97,25.24,11.21,27.02
9.71,14.69,15.91,4.29,8.62,18.33,19.42,18.20,25.98,10.87,15.65,15.42,5.39,12.35,13.89,13.51,20.59,6.84,22.42
12.13,16.05,16.67,5.52,8.28,19.44,19.91,20.62,27.95,8.89,18.07,16.51,6.24,10.11,16.30,15.88,22.85,8.08,24.70
12.95,1.85,2.79,10.09,9.41,3.99,6.64,17.73,15.34,24.04,16.04,1.07,19.13,24.50,14.38,12.65,14.46,7.52,16.35
4.75,12.29,14.80,5.00,10.58,16.29,18.68,13.26,21.77,15.55,10.70,13.60,7.24,17.24,8.92,8.57,15.83,6.11,17.59
14.24,5.09,2.81,9.08,6.75,6.30,6.13,20.14,18.62,22.07,18.21,3.82,18.49,22.23,16.41,14.79,17.53,6.80,19.46
4.56,16.54,20.00,11.62,17.18,20.54,23.95,9.29,22.06,19.35,7.13,18.30,9.28,21.58,6.34,7.41,14.63,12.37,15.88
15.79,11.91,15.50,20.28,22.29,12.28,17.48,12.78,2.62,34.36,13.27,13.34,26.31,35.58,13.22,12.06,5.60,18.12,5.95
8.32,15.59,17.41,5.97,10.99,19.44,21.10,16.57,25.77,11.73,14.05,16.61,3.59,13.63,12.44,12.36,19.76,8.21,21.48
10.50,14.09,14.94,3.54,7.20,17.57,18.32,19.02,25.92,10.92,16.47,14.64,6.78,12.09,14.64,14.10,20.92,6.12,22.80
10.48,14.45,15.37,3.90,7.65,17.96,18.77,18.99,26.17,10.65,16.44,15.04,6.33,11.91,14.64,14.15,21.06,6.50,22.92
8.78,3.48,7.75,9.62,11.60,7.26,11.44,12.76,13.07,23.95,11.11,5.52,17.13,24.95,9.52,7.77,10.09,7.31,12.07
4.78,16.42,19.63,10.53,16.11,20.45,23.58,10.74,22.92,17.77,8.47,18.07,7.72,20.00,7.45,8.26,15.70,11.54,17.05
11.75,4.89,4.93,6.71,5.86,7.61,8.64,18.12,18.48,20.36,16.06,4.71,16.05,20.79,14.20,12.66,16.28,4.28,18.26
10.94,7.08,11.28,14.60,16.82,8.97,14.16,10.89,8.08,28.73,10.27,8.91,21.00,29.91,9.46,7.88,5.68,12.46,7.48
12.83,4.22,3.48,8.15,6.75,6.35,7.22,18.74,17.91,21.65,16.79,3.53,17.49,21.99,14.99,13.37,16.35,5.72,18.30
15.02,10.96,14.61,19.32,21.31,11.46,16.69,12.47,3.43,33.43,12.78,12.42,25.46,34.64,12.61,11.37,5.38,17.15,6.05
5.00,16.83,20.13,11.22,16.80,20.85,24.08,10.33,22.90,18.35,8.14,18.52,8.27,20.62,7.27,8.22,15.55,12.17,16.85
3.05,14.93,18.63,11.46,16.86,18.86,22.57,7.44,19.83,20.80,5.09,16.79,10.92,22.90,4.12,5.19,12.41,11.74,13.70
12.80,10.13,14.16,17.57,20.00,11.42,16.70,10.44,5.61,31.51,10.58,11.84,23.33,32.81,10.35,9.11,3.66,15.53,4.95
5.06,17.07,20.61,12.38,17.94,21.05,24.56,8.95,22.13,19.95,6.91,18.86,9.85,22.22,6.34,7.56,14.59,13.10,15.76
16.61,9.77,6.99,9.05,4.08,10.76,8.58,23.63,23.36,19.30,21.46,8.55,17.97,18.98,19.55,18.11,21.88,7.84,23.85
15.80,7.68,4.74,9.24,5.35,8.51,6.76,22.29,21.18,20.90,20.24,6.33,18.55,20.78,18.37,16.83,20.04,7.47,21.99
11.68,10.60,14.81,17.12,19.96,12.36,17.61,8.88,6.86,30.81,9.07,12.45,22.35,32.22,8.96,7.84,2.30,15.24,3.95
9.27,14.60,15.95,4.32,8.90,18.29,19.51,17.75,25.70,11.18,15.20,15.39,5.18,12.73,13.45,13.10,20.23,6.82,22.04
11.70,17.98,19.17,7.58,11.35,21.64,22.62,19.89,28.91,8.35,17.38,18.73,3.18,10.33,15.80,15.73,23.10,10.14,24.84
14.85,13.60,17.59,20.64,23.37,14.69,19.97,10.33,4.91,34.27,11.28,15.29,25.62,35.71,11.64,10.84,3.37,18.74,2.94
11.94,8.64,12.73,16.19,18.50,10.14,15.41,10.65,6.64,30.23,10.42,10.39,22.27,31.48,9.91,8.50,4.53,14.10,6.14
9.31,3.57,6.32,7.09,8.42,7.46,10.27,15.04,16.06,21.44,13.06,4.78,15.61,22.24,11.25,9.64,13.19,4.56,15.18
14.71,9.22,7.39,6.95,2.32,11.00,9.79,22.00,22.90,17.86,19.75,8.42,15.93,17.78,17.82,16.45,20.74,5.86,22.73
12.97,3.65,2.98,8.71,7.43,5.67,6.83,18.61,17.31,22.31,16.72,2.84,18.01,22.67,14.95,13.30,15.97,6.24,17.91
14.91,9.22,12.65,18.24,19.79,9.40,14.61,13.57,4.50,32.52,13.51,10.53,25.00,33.59,13.04,11.61,6.82,15.94,7.85
16.72,5.17,1.26,12.89,10.61,3.37,2.86,21.30,16.71,26.03,19.72,3.09,22.23,26.13,18.10,16.36,17.36,10.46,19.14
14.20,2.23,3.53,12.45,11.84,1.82,6.30,17.85,13.38,26.50,16.45,1.60,21.29,26.99,14.97,13.20,13.62,9.85,15.40
8.34,6.82,8.54,3.78,6.40,10.51,12.38,15.61,19.04,18.15,13.32,7.64,12.56,19.03,11.38,10.07,15.22,1.35,17.21
8.44,8.89,13.30,13.90,17.13,11.62,16.60,7.78,9.97,27.46,7.05,10.93,19.01,28.89,6.34,4.88,4.32,12.18,6.31
5.79,15.49,18.07,7.70,13.21,19.51,21.95,13.53,24.05,14.66,11.07,16.86,5.02,16.76,9.63,9.87,17.45,9.26,19.03
3.83,15.39,18.61,9.73,15.30,19.42,22.56,10.45,22.11,17.82,8.07,17.04,7.91,19.96,6.86,7.50,15.02,10.62,16.45
2.41,13.52,16.73,8.29,13.80,17.56,20.69,10.32,20.80,17.92,7.80,15.16,8.45,19.88,6.24,6.46,14.04,8.91,15.61
4.79,13.42,15.99,5.99,11.57,17.43,19.88,13.14,22.49,15.26,10.60,14.77,6.41,17.11,8.93,8.82,16.26,7.28,17.95
11.25,11.59,15.89,17.36,20.53,13.59,18.81,7.62,7.74,30.76,8.04,13.51,22.02,32.27,8.15,7.25,1.03,15.63,2.96
4.23,13.50,16.23,6.55,12.14,17.53,20.14,12.51,22.17,15.82,9.98,14.93,6.74,17.71,8.34,8.30,15.80,7.69,17.46
14.24,17.66,17.87,7.30,8.88,20.86,20.88,22.72,29.89,7.14,20.18,17.94,7.31,8.08,18.42,18.00,24.93,9.76,26.80
15.92,8.49,5.73,8.88,4.55,9.49,7.64,22.67,22.06,20.05,20.56,7.24,18.06,19.87,18.67,17.18,20.70,7.34,22.66
10.54,10.43,14.75,16.28,19.36,12.56,17.75,7.92,8.03,29.82,7.95,12.37,21.25,31.28,7.78,6.67,2.19,14.50,4.15
12.06,5.36,5.05,6.60,5.39,7.93,8.64,18.56,18.97,20.05,16.47,5.05,15.99,20.43,14.60,13.08,16.79,4.28,18.77
7.77,6.51,8.64,4.29,7.16,10.33,12.54,14.88,18.39,18.67,12.61,7.53,12.70,19.62,10.68,9.34,14.46,2.05,16.44
7.15,5.93,8.67,5.40,8.37,9.90,12.63,13.82,17.22,19.72,11.62,7.25,13.28,20.75,9.71,8.28,13.20,3.31,15.19
2.41,14.26,17.67,9.64,15.12,18.27,21.63,9.26,20.61,18.93,6.80,15.99,9.20,20.97,5.44,6.00,13.54,10.16,15.00
12.26,11.07,15.23,17.75,20.54,12.67,17.94,9.13,6.36,31.44,9.47,12.88,22.95,32.85,9.45,8.38,2.21,15.85,3.61
11.05,15.66,16.59,5.12,8.67,19.19,19.97,19.52,27.22,9.59,16.97,16.26,5.44,11.01,15.23,14.86,21.92,7.71,23.75
15.34,8.09,5.59,8.38,4.31,9.31,7.80,22.11,21.71,19.86,19.99,6.94,17.62,19.76,18.10,16.61,20.20,6.78,22.17
10.00,17.06,18.62,7.01,11.50,20.84,22.21,18.13,27.48,10.08,15.63,17.97,2.49,12.10,14.07,14.05,21.48,9.44,23.19
13.53,8.82,12.59,17.26,19.14,9.62,14.90,12.21,5.37,31.45,12.08,10.35,23.73,32.59,11.60,10.17,5.67,15.04,6.94
12.78,11.48,15.60,18.29,21.05,12.96,18.24,9.38,5.95,31.99,9.84,13.26,23.48,33.39,9.89,8.87,2.28,16.39,3.38
9.79,18.27,20.18,8.72,13.51,22.16,23.87,17.43,27.87,10.92,15.01,19.35,1.02,13.21,13.63,13.88,21.44,10.98,23.04
12.60,4.29,3.75,7.88,6.59,6.57,7.49,18.59,17.97,21.42,16.62,3.71,17.22,21.78,14.81,13.20,16.29,5.45,18.25
9.35,16.54,18.20,6.64,11.34,20.35,21.84,17.51,26.85,10.72,15.01,17.49,2.78,12.70,13.43,13.40,20.83,9.01,22.54
13.63,17.57,17.98,7.09,9.19,20.87,21.08,22.09,29.58,7.29,19.55,17.94,6.53,8.47,17.81,17.44,24.47,9.62,26.31
12.16,0.27,4.16,10.50,10.57,3.95,7.75,16.38,13.90,24.72,14.80,1.84,19.19,25.33,13.21,11.46,12.89,7.92,14.77
8.30,3.89,7.36,7.53,9.57,7.93,11.28,13.69,15.21,21.90,11.75,5.53,15.48,22.85,9.97,8.33,11.92,5.18,13.92
5.94,14.31,16.66,6.03,11.54,18.29,20.49,14.19,23.67,14.11,11.67,15.56,5.24,16.01,10.05,10.00,17.46,7.70,19.15
14.48,10.34,14.03,18.67,20.66,10.94,16.20,12.25,4.04,32.79,12.44,11.82,24.88,33.99,12.19,10.90,5.27,16.50,6.16
17.30,11.81,9.29,8.97,3.40,13.05,10.79,24.78,25.48,17.49,22.50,10.74,17.21,16.97,20.56,19.23,23.57,8.42,25.56
14.16,3.31,1.45,10.42,8.88,4.11,5.41,19.21,16.48,23.97,17.48,1.62,19.68,24.26,15.78,14.08,15.93,7.92,17.81
6.19,5.87,9.82,8.34,11.54,9.81,13.67,11.11,14.47,22.34,9.16,7.79,14.88,23.56,7.39,5.73,9.99,6.50,11.97
11.96,3.45,3.91,7.96,7.31,6.18,7.81,17.72,17.11,21.81,15.79,3.26,17.16,22.27,14.00,12.37,15.34,5.43,17.29
10.42,10.65,14.98,16.32,19.47,12.82,18.00,7.62,8.23,29.79,7.70,12.60,21.15,31.27,7.58,6.51,2.01,14.57,3.99
12.43,1.16,4.97,11.62,11.90,3.59,8.17,15.93,12.59,25.91,14.52,2.61,20.07,26.58,13.05,11.28,11.95,9.05,13.78
13.29,6.59,5.28,6.92,4.37,8.63,8.40,20.02,20.28,19.59,17.89,5.90,16.32,19.78,16.00,14.51,18.29,4.96,20.27
11.22,13.46,17.82,18.24,21.83,15.67,20.85,5.97,9.15,31.14,6.96,15.43,22.01,32.80,7.57,7.13,1.32,16.75,2.05
10.86,11.71,16.04,17.16,20.44,13.83,19.03,7.12,8.23,30.46,7.54,13.65,21.65,32.00,7.69,6.83,1.00,15.49,2.99
11.26,17.77,19.06,7.44,11.41,21.46,22.55,19.43,28.56,8.79,16.93,18.56,2.87,10.79,15.36,15.30,22.69,9.98,24.42
15.15,14.14,18.13,21.09,23.88,15.23,20.51,10.34,5.09,34.67,11.40,15.83,25.94,36.13,11.85,11.12,3.57,19.22,2.81
13.51,2.02,2.41,10.71,9.85,3.38,6.13,18.10,15.14,24.61,16.47,0.45,19.77,25.03,14.84,13.10,14.60,8.14,16.47
9.15,5.18,7.01,5.38,6.87,8.84,10.91,15.75,17.81,19.68,13.59,5.98,14.22,20.45,11.70,10.23,14.59,2.81,16.58
12.21,9.07,13.13,16.61,18.95,10.49,15.76,10.60,6.29,30.63,10.49,10.80,22.61,31.88,10.06,8.70,4.27,14.53,5.80
3.97,15.81,19.16,10.58,16.14,19.84,23.12,9.80,21.96,18.58,7.49,17.53,8.59,20.76,6.45,7.29,14.71,11.37,16.06
1.90,13.79,17.48,10.54,15.87,17.73,21.42,7.63,19.16,20.57,5.13,15.64,10.88,22.57,3.77,4.48,11.94,10.68,13.35
10.82,10.39,14.69,16.45,19.45,12.42,17.63,8.21,7.73,30.04,8.27,12.31,21.51,31.48,8.10,6.96,2.23,14.63,4.13
11.43,10.17,14.39,16.73,19.53,11.97,17.21,8.98,7.03,30.46,9.05,12.03,22.06,31.85,8.84,7.65,2.64,14.83,4.37
9.76,11.24,15.62,16.17,19.60,13.65,18.77,6.52,9.18,29.38,6.64,13.24,20.54,30.94,6.65,5.74,1.99,14.57,3.91
14.17,8.13,6.41,6.92,3.13,9.96,9.07,21.23,21.82,18.63,19.03,7.34,16.15,18.66,17.12,15.69,19.76,5.44,21.74
11.56,15.33,16.01,4.79,7.80,18.74,19.29,20.07,27.22,9.62,17.52,15.81,6.42,10.81,15.73,15.26,22.17,7.36,24.03
6.16,14.83,17.19,6.50,11.98,18.81,21.02,14.28,24.06,13.95,11.77,16.09,4.84,15.92,10.20,10.24,17.74,8.21,19.40
3.37,15.36,18.86,10.86,16.37,19.35,22.82,8.79,21.02,19.51,6.47,17.13,9.58,21.65,5.44,6.35,13.71,11.43,15.04
16.28,4.29,2.67,13.64,12.11,1.27,4.16,20.09,14.63,27.29,18.69,2.61,22.77,27.56,17.20,15.43,15.67,11.09,17.39
13.62,7.95,6.56,6.39,2.99,10.00,9.40,20.73,21.62,18.37,18.52,7.30,15.66,18.47,16.60,15.19,19.39,4.88,21.37
10.48,9.05,13.35,15.47,18.25,11.13,16.32,9.01,7.93,29.27,8.71,10.97,21.00,30.62,8.24,6.88,3.57,13.55,5.46
10.99,14.39,15.11,3.86,7.12,17.81,18.43,19.51,26.34,10.54,16.96,14.88,6.91,11.65,15.14,14.59,21.40,6.42,23.28
12.49,13.53,17.80,19.13,22.44,15.39,20.64,7.40,7.76,32.29,8.43,15.43,23.29,33.88,8.97,8.40,1.00,17.49,1.00
18.89,15.76,19.20,24.02,26.16,15.82,20.89,14.36,2.69,37.97,15.44,17.11,29.60,39.28,15.80,14.93,7.54,21.93,6.77
10.27,9.02,9.52,2.30,3.87,12.24,12.97,18.13,21.85,15.80,15.73,9.31,11.69,16.44,13.78,12.64,18.13,1.66,20.11
6.78,5.23,9.01,7.83,10.74,9.23,12.90,12.02,14.83,22.00,10.04,7.06,14.88,23.14,8.26,6.62,10.73,5.82,12.72
15.03,9.77,7.89,7.06,2.04,11.52,10.17,22.42,23.46,17.51,20.15,8.96,15.88,17.36,18.22,16.87,21.26,6.16,23.25
3.43,10.13,13.12,5.59,10.71,14.17,17.07,11.66,19.17,17.97,9.15,11.65,9.84,19.52,7.24,6.49,13.42,5.50,15.25
12.72,6.25,5.35,6.56,4.56,8.53,8.66,19.43,19.90,19.55,17.30,5.73,15.98,19.82,15.41,13.92,17.77,4.48,19.75
11.89,19.83,21.42,9.80,14.02,23.63,24.99,19.52,29.87,8.97,17.12,20.77,1.17,11.39,15.75,15.99,23.54,12.24,25.15
12.79,0.84,3.63,10.89,10.64,3.38,7.14,16.97,14.01,25.02,15.41,1.26,19.69,25.58,13.84,12.08,13.32,8.30,15.19
8.83,16.88,18.79,7.37,12.31,20.77,22.50,16.78,26.69,11.41,14.31,17.95,2.31,13.52,12.82,12.92,20.43,9.60,22.09
14.75,17.56,17.57,7.39,8.40,20.66,20.46,23.26,30.02,7.32,20.71,17.75,8.17,7.96,18.92,18.43,25.25,9.75,27.14
8.09,4.68,7.57,6.35,8.54,8.66,11.52,14.18,16.40,20.73,12.10,6.03,14.51,21.66,10.25,8.70,12.90,3.99,14.89
11.94,0.10,4.42,10.45,10.65,4.13,8.01,16.12,13.77,24.70,14.54,2.10,19.08,25.34,12.96,11.21,12.65,7.87,14.54
11.91,2.25,3.70,8.83,8.50,5.25,7.65,17.15,15.93,22.86,15.33,2.36,17.85,23.39,13.60,11.92,14.38,6.25,16.32
3.82,14.05,18.10,12.76,17.82,17.77,21.95,4.86,17.27,23.34,2.37,16.04,13.61,25.33,1.48,3.07,9.68,12.47,10.90
5.76,13.38,15.67,5.13,10.68,17.34,19.50,14.19,23.06,14.36,11.65,14.60,5.99,16.13,9.93,9.71,17.05,6.71,18.79
14.77,2.96,4.11,13.33,12.73,1.28,6.36,18.03,12.75,27.40,16.74,2.46,22.11,27.89,15.33,13.56,13.47,10.73,15.19
0.94,12.95,16.55,9.54,14.83,16.92,20.49,8.31,19.01,20.00,5.77,14.76,10.51,21.92,4.16,4.46,12.04,9.64,13.56
11.09,12.57,12.98,2.50,4.99,15.82,16.24,19.51,25.04,12.23,16.99,12.89,9.00,12.99,15.09,14.29,20.63,4.71,22.57
14.20,13.06,17.09,19.97,22.74,14.28,19.56,9.89,5.24,33.60,10.74,14.78,24.96,35.04,11.04,10.20,2.81,18.08,2.74
6.10,15.15,17.57,6.96,12.44,19.14,21.42,14.09,24.15,14.10,11.60,16.44,4.76,16.13,10.08,10.20,17.73,8.64,19.37
8.71,12.41,16.83,16.01,19.90,15.16,20.16,4.56,11.00,28.66,4.78,14.47,19.49,30.36,5.10,4.62,3.20,14.68,4.57
11.66,9.26,9.09,3.47,2.51,12.13,12.30,19.43,22.48,15.85,17.06,9.24,12.62,16.25,15.11,13.92,19.16,2.89,21.14
9.30,9.52,13.90,14.91,18.08,11.99,17.07,7.73,9.14,28.45,7.33,11.52,19.95,29.90,6.87,5.57,3.37,13.16,5.36
15.19,6.02,3.01,9.60,6.64,6.74,5.69,21.18,19.41,22.13,19.24,4.55,19.02,22.16,17.43,15.82,18.53,7.47,20.46
10.54,7.15,7.61,4.04,4.35,10.28,11.17,17.84,20.28,17.74,15.56,7.35,13.44,18.30,13.62,12.29,17.10,1.89,19.09
12.93,6.39,10.10,15.43,16.88,7.24,12.52,13.23,7.42,29.76,12.63,7.86,22.56,30.76,11.77,10.14,7.50,13.08,9.07
10.49,6.84,7.37,4.26,4.58,9.99,10.98,17.69,19.98,18.03,15.44,7.06,13.64,18.60,13.50,12.15,16.86,1.99,18.85
13.00,2.49,5.86,12.84,13.23,3.54,8.61,15.76,11.33,27.17,14.55,3.61,21.12,27.88,13.21,11.44,11.24,10.29,13.01
11.72,9.99,14.18,16.82,19.50,11.68,16.94,9.40,6.70,30.63,9.45,11.82,22.31,31.99,9.21,7.99,2.98,14.88,4.61
11.52,9.25,13.42,16.27,18.83,10.95,16.20,9.78,6.91,30.17,9.65,11.07,22.00,31.48,9.25,7.92,3.67,14.27,5.35
10.54,3.90,5.36,6.81,7.12,7.28,9.28,16.61,17.18,20.93,14.59,4.38,15.84,21.54,12.75,11.17,14.72,4.22,16.70
11.37,15.59,16.39,5.04,8.30,19.06,19.71,19.87,27.32,9.49,17.32,16.13,5.89,10.80,15.55,15.13,22.14,7.62,23.98
3.15,15.14,18.75,11.17,16.63,19.11,22.70,8.10,20.42,20.18,5.76,16.97,10.27,22.30,4.77,5.76,13.05,11.59,14.36
9.62,2.50,6.76,9.62,11.11,6.37,10.45,13.75,13.30,24.00,12.10,4.53,17.54,24.90,10.50,8.75,10.86,7.19,12.82
12.83,5.66,4.69,7.10,5.21,7.85,8.10,19.31,19.34,20.22,17.23,5.06,16.51,20.50,15.36,13.84,17.41,4.89,19.38
10.28,2.18,5.40,8.43,9.24,6.12,9.30,15.36,15.07,22.74,13.54,3.56,17.00,23.48,11.82,10.13,12.84,5.87,14.80
15.09,3.36,1.43,11.98,10.50,2.52,4.62,19.49,15.43,25.61,17.93,1.31,21.17,25.91,16.33,14.59,15.63,9.45,17.44
5.23,13.57,16.03,5.76,11.34,17.56,19.89,13.59,22.84,14.83,11.05,14.87,6.08,16.67,9.38,9.25,16.67,7.20,18.37
10.89,1.81,4.79,8.75,9.19,5.60,8.69,15.90,15.11,23.00,14.11,2.98,17.46,23.67,12.40,10.70,13.19,6.16,15.15
9.42,4.56,6.52,6.00,7.22,8.23,10.45,15.74,17.30,20.29,13.64,5.39,14.82,21.04,11.78,10.25,14.29,3.42,16.29
11.11,9.72,13.97,16.27,19.05,11.61,16.83,9.02,7.31,30.04,8.96,11.59,21.69,31.41,8.64,7.39,3.00,14.36,4.79
3.86,15.61,19.38,12.34,17.74,19.50,23.31,6.97,19.94,21.42,4.77,17.50,11.45,23.57,4.14,5.45,12.37,12.61,13.56
16.04,4.03,2.92,13.62,12.26,0.91,4.56,19.73,14.25,27.36,18.36,2.50,22.70,27.67,16.88,15.11,15.27,11.06,16.98
0.10,11.91,15.51,8.91,14.07,15.89,19.46,8.54,18.35,20.06,6.00,13.72,10.84,21.89,4.19,4.06,11.61,8.80,13.23
8.30,14.86,16.56,5.07,10.08,18.67,20.23,16.69,25.35,11.83,14.15,15.82,4.41,13.58,12.47,12.25,19.55,7.36,21.32
4.27,16.18,19.87,12.36,17.84,20.11,23.81,7.69,20.78,20.88,5.57,18.04,10.85,23.08,4.98,6.26,13.22,12.80,14.39
0.98,12.97,16.59,9.64,14.93,16.94,20.53,8.19,18.94,20.11,5.65,14.79,10.61,22.04,4.05,4.37,11.95,9.73,13.46
8.43,5.38,9.80,11.34,13.87,8.57,13.27,10.81,11.34,25.47,9.45,7.46,17.94,26.65,8.10,6.34,7.71,9.26,9.69
7.07,4.94,8.83,8.16,10.92,8.92,12.69,12.05,14.48,22.36,10.13,6.83,15.27,23.48,8.38,6.71,10.53,6.09,12.52
8.02,4.00,8.00,8.59,10.87,7.97,11.82,12.68,14.05,22.90,10.87,5.93,16.07,23.94,9.17,7.46,10.63,6.35,12.62
11.71,11.43,15.68,17.58,20.60,13.27,18.51,8.24,7.14,31.11,8.65,13.31,22.46,32.58,8.72,7.75,1.39,15.79,3.08
1.60,13.30,16.71,8.92,14.35,17.32,20.67,9.33,19.99,18.92,6.80,15.03,9.41,20.87,5.25,5.52,13.11,9.30,14.65
12.44,18.06,19.00,7.54,10.83,21.61,22.35,20.73,29.34,7.65,18.21,18.69,4.18,9.47,16.58,16.43,23.72,10.13,25.49
10.30,5.99,10.28,13.44,15.60,8.25,13.34,11.21,9.20,27.63,10.30,7.90,20.08,28.77,9.28,7.60,6.64,11.26,8.52
12.78,18.00,18.82,7.45,10.47,21.50,22.10,21.12,29.47,7.41,18.59,18.57,4.75,9.11,16.94,16.73,23.97,10.04,25.76
10.69,17.09,18.42,6.79,10.92,20.79,21.93,18.93,27.89,9.36,16.41,17.89,3.14,11.27,14.81,14.71,22.07,9.31,23.81
17.14,10.11,7.15,9.55,4.49,10.93,8.49,24.13,23.66,19.56,21.97,8.81,18.43,19.17,20.06,18.61,22.31,8.37,24.27
10.14,17.33,18.90,7.29,11.75,21.11,22.49,18.23,27.70,9.97,15.74,18.24,2.23,12.02,14.20,14.21,21.66,9.72,23.36
11.45,13.67,18.02,18.50,22.08,15.84,21.04,6.05,9.08,31.38,7.12,15.63,22.23,33.04,7.78,7.36,1.38,17.00,1.83
14.18,12.77,11.94,5.22,2.47,15.31,14.57,22.37,26.10,13.08,19.91,12.51,12.21,13.09,17.97,16.96,22.64,6.16,24.62
9.15,4.94,6.89,5.62,7.09,8.63,10.81,15.63,17.55,19.94,13.50,5.79,14.42,20.71,11.62,10.12,14.38,3.06,16.37
16.52,19.75,19.66,9.56,10.34,22.81,22.45,24.98,32.18,5.22,22.43,19.91,8.66,5.79,20.70,20.32,27.27,11.94,29.14
15.02,9.55,7.62,7.15,2.26,11.26,9.91,22.34,23.24,17.76,20.09,8.71,16.04,17.62,18.15,16.79,21.10,6.15,23.09
12.35,9.39,13.45,16.88,19.25,10.78,16.06,10.51,6.10,30.87,10.46,11.12,22.79,32.14,10.10,8.78,4.04,14.82,5.51
13.40,3.47,2.39,9.32,7.92,5.12,6.29,18.83,17.02,22.90,17.00,2.35,18.61,23.22,15.25,13.58,15.96,6.84,17.88
11.15,13.45,17.82,18.20,21.80,15.68,20.87,5.89,9.22,31.08,6.88,15.43,21.94,32.74,7.50,7.06,1.38,16.71,2.12
10.41,10.60,14.94,16.29,19.43,12.78,17.96,7.66,8.22,29.77,7.72,12.55,21.14,31.25,7.58,6.50,2.05,14.54,4.03
12.53,14.70,19.02,19.67,23.25,16.71,21.94,6.51,8.93,32.50,7.90,16.64,23.28,34.18,8.74,8.45,2.11,18.17,1.11
10.79,16.51,17.69,6.09,10.03,20.15,21.15,19.15,27.62,9.37,16.61,17.24,4.05,11.10,14.95,14.74,22.00,8.65,23.78
2.46,14.39,18.07,10.90,16.28,18.34,22.01,7.68,19.63,20.52,5.25,16.24,10.72,22.57,4.07,4.95,12.32,11.15,13.68
1.11,12.78,16.22,8.72,14.08,16.80,20.18,9.21,19.52,19.14,6.66,14.52,9.75,21.04,5.01,5.14,12.72,8.96,14.30
8.60,12.34,13.64,2.04,7.16,15.99,17.24,17.09,23.84,12.97,14.55,13.08,7.38,14.22,12.69,12.05,18.80,4.50,20.68
7.95,16.33,18.41,7.18,12.34,20.26,22.17,15.89,25.88,12.30,13.42,17.48,3.02,14.38,11.92,12.04,19.56,9.26,21.21
6.20,5.81,9.59,7.78,10.98,9.80,13.49,11.55,14.98,21.83,9.52,7.65,14.51,23.03,7.72,6.11,10.57,5.92,12.55
4.22,12.53,15.19,5.65,11.21,16.55,19.09,12.70,21.61,15.93,10.15,13.91,7.30,17.69,8.40,8.14,15.50,6.65,17.23
9.54,16.49,18.09,6.50,11.11,20.28,21.70,17.75,26.94,10.51,15.24,17.42,2.94,12.45,13.64,13.58,20.99,8.90,22.71
14.58,3.85,1.12,10.54,8.71,4.32,5.04,19.72,16.92,23.92,17.98,2.08,19.86,24.16,16.27,14.57,16.46,8.09,18.34
12.53,16.09,16.58,5.62,8.02,19.42,19.76,21.03,28.15,8.76,18.48,16.49,6.70,9.85,16.70,16.24,23.15,8.14,25.01
11.99,6.76,6.36,5.50,4.01,9.39,9.73,19.00,20.29,18.61,16.79,6.52,14.91,18.96,14.88,13.46,17.73,3.50,19.72
5.32,7.37,10.45,5.61,9.61,11.41,14.41,12.34,17.36,19.45,10.04,8.89,12.21,20.71,8.10,6.81,12.53,4.24,14.47
14.16,2.18,2.81,11.92,11.11,2.16,5.90,18.18,14.16,25.88,16.69,0.85,20.88,26.32,15.15,13.39,14.19,9.34,16.00
6.21,15.96,18.51,8.02,13.49,19.97,22.38,13.81,24.50,14.41,11.37,17.32,4.65,16.55,9.97,10.27,17.85,9.65,19.42
15.02,8.89,6.80,7.51,3.02,10.46,9.10,22.14,22.57,18.56,19.93,7.95,16.58,18.45,18.01,16.60,20.65,6.24,22.63
5.60,8.30,10.91,4.22,8.68,12.28,14.83,13.30,18.82,17.99,10.90,9.61,10.97,19.24,8.95,7.84,13.94,3.31,15.87
4.56,16.27,20.07,13.00,18.43,20.14,23.99,6.84,20.25,21.78,4.81,18.17,11.75,23.97,4.47,5.91,12.59,13.31,13.69
11.64,14.69,15.23,4.24,6.93,18.04,18.47,20.15,26.82,10.15,17.61,15.11,7.25,11.15,15.78,15.21,21.97,6.74,23.86
10.92,11.20,15.52,16.95,20.10,13.27,18.47,7.62,7.91,30.38,7.90,13.14,21.68,31.88,7.92,6.95,1.42,15.21,3.37
10.61,11.47,15.81,16.87,20.16,13.65,18.83,7.08,8.38,30.18,7.40,13.43,21.39,31.72,7.49,6.59,1.29,15.20,3.28
7.01,6.29,8.94,5.05,8.21,10.25,12.88,13.88,17.57,19.35,11.64,7.57,12.90,20.39,9.72,8.33,13.45,3.04,15.42
13.37,3.15,2.31,9.53,8.25,4.81,6.25,18.66,16.68,23.18,16.86,2.02,18.77,23.53,15.13,13.45,15.69,7.02,17.60
15.91,13.96,17.79,21.45,23.97,14.73,19.98,11.48,3.89,35.20,12.44,15.55,26.66,36.60,12.78,11.93,4.53,19.47,4.00
11.08,9.04,13.27,15.87,18.50,10.90,16.12,9.54,7.35,29.75,9.32,10.90,21.56,31.07,8.87,7.51,3.71,13.89,5.49
10.31,14.86,15.90,4.35,8.29,18.43,19.34,18.81,26.36,10.45,16.26,15.51,5.69,11.84,14.49,14.07,21.09,6.93,22.93
8.66,3.81,6.95,7.18,8.96,7.81,10.89,14.29,15.69,21.56,12.32,5.26,15.40,22.44,10.51,8.89,12.55,4.74,14.54
10.02,2.51,5.62,8.12,9.06,6.44,9.54,15.24,15.27,22.45,13.38,3.86,16.67,23.20,11.64,9.97,12.88,5.57,14.85
10.99,17.58,18.92,7.29,11.37,21.28,22.42,19.16,28.31,9.07,16.65,18.39,2.79,11.06,15.08,15.03,22.42,9.81,24.15
5.35,9.30,11.79,3.82,8.79,13.27,15.70,13.43,19.69,17.14,10.96,10.57,9.96,18.48,9.02,8.09,14.55,3.60,16.45
7.85,17.01,19.27,8.22,13.45,20.98,23.07,15.45,26.05,12.83,13.02,18.24,2.98,15.04,11.64,11.93,19.50,10.19,21.08
2.95,14.75,18.49,11.51,16.88,18.67,22.43,7.20,19.54,21.02,4.83,16.63,11.17,23.10,3.83,4.92,12.12,11.72,13.41
11.09,6.06,6.33,5.30,4.89,9.02,9.95,17.97,19.43,18.96,15.79,6.10,14.68,19.45,13.88,12.44,16.71,2.97,18.70
3.35,15.25,18.66,10.36,15.90,19.26,22.61,9.37,21.33,18.91,7.01,16.98,8.99,21.04,5.88,6.67,14.11,11.03,15.49
15.82,8.18,5.39,8.94,4.78,9.15,7.36,22.49,21.74,20.31,20.39,6.91,18.17,20.15,18.51,17.00,20.43,7.31,22.39
5.26,14.64,17.24,7.02,12.57,18.66,21.12,13.27,23.36,14.94,10.77,16.01,5.58,16.93,9.23,9.35,16.89,8.47,18.52
14.23,2.71,1.71,11.14,9.90,3.12,5.39,18.83,15.48,24.87,17.20,0.68,20.29,25.22,15.58,13.84,15.22,8.59,17.07
16.98,9.49,6.40,9.68,4.89,10.19,7.77,23.79,22.98,20.16,21.67,8.12,18.71,19.82,19.78,18.29,21.78,8.31,23.74
11.11,17.75,19.09,7.46,11.52,21.46,22.59,19.26,28.47,8.96,16.76,18.56,2.69,10.97,15.20,15.16,22.56,9.99,24.28
13.32,17.59,18.12,7.07,9.46,20.95,21.28,21.75,29.46,7.36,19.21,18.02,6.04,8.69,17.50,17.16,24.25,9.62,26.08
15.59,9.80,7.61,7.73,2.68,11.31,9.68,22.86,23.49,18.04,20.62,8.85,16.57,17.83,18.70,17.32,21.52,6.73,23.50
5.15,13.51,15.99,5.77,11.35,17.51,19.86,13.52,22.76,14.91,10.98,14.82,6.15,16.74,9.30,9.17,16.59,7.17,18.29
9.39,3.31,6.22,7.38,8.68,7.24,10.17,14.96,15.77,21.74,13.01,4.60,15.87,22.54,11.22,9.59,12.98,4.86,14.97
10.94,17.15,18.41,6.79,10.79,20.82,21.89,19.20,28.05,9.12,16.68,17.92,3.35,11.00,15.07,14.94,22.28,9.33,24.03
5.24,15.14,17.82,7.70,13.25,19.16,21.72,13.00,23.51,15.19,10.52,16.55,5.58,17.26,9.07,9.32,16.89,9.12,18.47
12.51,2.29,6.00,12.48,13.03,3.93,8.92,15.36,11.41,26.82,14.11,3.69,20.68,27.56,12.75,10.98,10.99,9.94,12.79
12.51,17.78,18.64,7.24,10.38,21.30,21.95,20.85,29.21,7.68,18.32,18.37,4.62,9.38,16.66,16.45,23.69,9.83,25.48
3.47,12.77,15.63,6.50,12.05,16.81,19.56,11.88,21.27,16.59,9.33,14.25,7.63,18.42,7.63,7.49,14.94,7.34,16.63
11.27,0.77,4.89,9.91,10.40,4.81,8.58,15.61,13.92,24.20,13.98,2.66,18.44,24.90,12.37,10.62,12.39,7.34,14.31
13.61,2.27,4.97,12.82,12.80,2.62,7.64,16.68,12.03,27.07,15.41,2.84,21.35,27.68,14.02,12.25,12.21,10.24,13.97
4.77,15.77,18.75,9.18,14.76,19.82,22.69,11.77,23.18,16.51,9.38,17.32,6.59,18.68,8.13,8.66,16.22,10.37,17.69
11.92,18.33,19.53,7.94,11.67,21.99,22.97,20.06,29.21,8.15,17.57,19.08,3.03,10.18,16.01,15.96,23.36,10.49,25.09
12.00,16.60,17.38,6.05,9.13,20.07,20.67,20.45,28.25,8.56,17.90,17.14,5.41,9.99,16.18,15.85,22.95,8.63,24.77
6.96,17.98,20.83,10.68,16.18,22.03,24.75,13.16,25.30,15.73,10.94,19.49,5.61,18.09,9.94,10.68,18.17,12.19,19.54
2.85,14.84,18.45,10.95,16.39,18.80,22.40,8.07,20.20,20.16,5.69,16.66,10.29,22.26,4.61,5.53,12.87,11.32,14.21
10.75,3.46,5.02,7.26,7.47,6.84,8.96,16.61,16.83,21.38,14.64,3.95,16.27,21.98,12.83,11.22,14.53,4.67,16.51
1.90,13.21,16.51,8.42,13.88,17.24,20.47,9.89,20.30,18.39,7.36,14.89,8.95,20.32,5.77,5.95,13.53,8.89,15.10
15.05,3.74,0.68,11.41,9.64,3.43,4.51,19.83,16.30,24.86,18.18,1.70,20.68,25.10,16.53,14.80,16.24,8.92,18.08
6.31,17.76,20.81,11.13,16.69,21.80,24.75,12.03,24.49,16.91,9.86,19.35,6.79,19.25,8.95,9.82,17.23,12.42,18.55
12.89,5.21,4.23,7.48,5.71,7.34,7.73,19.19,18.90,20.72,17.15,4.55,16.89,21.01,15.30,13.74,17.11,5.20,19.08
16.21,6.44,2.69,10.70,7.48,6.47,4.68,21.99,19.49,23.02,20.11,4.71,20.11,22.97,18.33,16.69,19.05,8.58,20.95
10.35,12.03,16.40,16.97,20.44,14.34,19.49,6.33,9.00,30.09,6.78,14.02,21.15,31.68,7.02,6.28,1.31,15.40,3.11
15.94,4.51,0.55,12.16,10.08,3.36,3.62,20.64,16.57,25.42,19.02,2.43,21.47,25.59,17.39,15.65,16.87,9.71,18.69
10.24,9.93,14.26,15.80,18.84,12.12,17.29,8.08,8.23,29.40,7.95,11.88,20.90,30.84,7.65,6.44,2.71,14.00,4.67
5.57,8.31,10.93,4.24,8.72,12.30,14.86,13.27,18.81,17.99,10.86,9.63,10.96,19.25,8.91,7.81,13.92,3.35,15.84
10.28,15.46,16.62,5.02,9.08,19.08,20.09,18.73,26.73,10.13,16.18,16.17,4.91,11.68,14.46,14.14,21.28,7.58,23.09
2.62,9.45,12.99,7.45,12.15,13.46,16.94,9.84,17.20,20.11,7.42,11.21,11.70,21.68,5.47,4.46,11.27,6.77,13.09
10.76,9.36,13.64,15.84,18.62,11.35,16.56,9.00,7.65,29.62,8.81,11.26,21.32,30.99,8.41,7.11,3.29,13.93,5.14
11.97,15.74,16.36,5.22,8.00,19.13,19.60,20.48,27.68,9.18,17.93,16.20,6.42,10.35,16.15,15.69,22.63,7.78,24.49
16.75,5.68,1.26,12.28,9.62,4.52,2.96,21.76,17.81,25.11,20.07,3.63,21.68,25.14,18.39,16.68,18.14,9.95,19.96
11.67,3.95,4.41,7.37,6.80,6.79,8.27,17.68,17.56,21.21,15.69,3.86,16.60,21.68,13.87,12.27,15.54,4.85,17.51
15.53,4.85,0.90,11.06,8.69,4.68,4.23,20.76,17.66,24.10,19.01,2.95,20.44,24.21,17.30,15.61,17.45,8.70,19.32
10.69,9.76,14.05,16.01,18.90,11.80,17.00,8.61,7.75,29.71,8.50,11.67,21.30,31.11,8.18,6.94,2.87,14.14,4.75
14.75,3.26,1.20,11.43,9.93,3.08,4.84,19.38,15.79,25.03,17.76,1.19,20.65,25.33,16.13,14.40,15.72,8.91,17.56
8.43,4.47,7.24,6.39,8.35,8.41,11.20,14.50,16.45,20.77,12.43,5.75,14.71,21.66,10.58,9.03,13.11,3.96,15.10
10.91,16.95,18.18,6.57,10.54,20.62,21.66,19.20,27.93,9.17,16.68,17.71,3.58,11.00,15.05,14.90,22.21,9.12,23.97
15.13,5.91,2.92,9.60,6.70,6.64,5.67,21.09,19.30,22.18,19.15,4.44,19.02,22.23,17.35,15.73,18.42,7.45,20.35
10.50,14.16,15.01,3.60,7.28,17.64,18.40,19.02,25.97,10.87,16.47,14.71,6.71,12.05,14.65,14.12,20.96,6.19,22.83
10.43,11.51,15.87,16.77,20.11,13.75,18.92,6.88,8.60,30.04,7.18,13.48,21.22,31.59,7.28,6.40,1.37,15.13,3.34
6.18,12.78,14.89,4.19,9.74,16.69,18.70,14.69,22.92,14.20,12.14,13.91,6.43,15.84,10.36,9.98,17.17,5.85,18.96
12.21,5.86,5.36,6.37,4.89,8.36,8.84,18.87,19.47,19.64,16.75,5.50,15.78,19.99,14.86,13.37,17.23,4.15,19.21
14.93,15.19,19.30,21.45,24.56,16.56,21.84,9.29,6.64,34.72,10.64,16.97,25.73,36.29,11.34,10.84,3.36,19.72,1.75
2.87,12.74,15.75,7.01,12.52,16.79,19.70,11.25,20.86,17.18,8.70,14.29,8.09,19.03,7.01,6.92,14.42,7.69,16.08
11.59,17.22,18.28,6.74,10.34,20.82,21.68,19.91,28.43,8.55,17.39,17.90,4.06,10.30,15.74,15.55,22.82,9.32,24.60
7.04,6.02,8.79,5.40,8.44,10.00,12.74,13.72,17.23,19.69,11.51,7.36,13.20,20.74,9.60,8.18,13.15,3.34,15.14
11.28,11.36,15.65,17.26,20.37,13.33,18.55,7.84,7.59,30.73,8.20,13.27,22.04,32.21,8.26,7.31,1.28,15.51,3.16
2.68,12.68,15.74,7.13,12.62,16.73,19.69,11.06,20.70,17.37,8.52,14.25,8.26,19.22,6.82,6.73,14.24,7.75,15.89
13.74,7.56,6.03,6.78,3.51,9.50,8.88,20.70,21.24,18.90,18.53,6.83,16.10,19.00,16.62,15.18,19.18,5.12,21.16
15.94,4.01,2.09,13.07,11.50,1.73,4.13,19.98,15.01,26.68,18.52,2.15,22.24,26.95,16.99,15.23,15.77,10.54,17.52
12.35,10.97,15.12,17.75,20.50,12.53,17.80,9.30,6.23,31.48,9.62,12.77,23.03,32.87,9.58,8.49,2.39,15.84,3.76
6.33,15.44,17.85,7.17,12.63,19.44,21.70,14.25,24.43,13.94,11.77,16.74,4.50,15.99,10.28,10.43,17.97,8.90,19.60
5.09,16.64,20.50,13.64,19.04,20.47,24.41,6.39,20.15,22.39,4.54,18.56,12.34,24.60,4.47,6.03,12.41,13.90,13.43
9.92,14.49,15.60,4.01,8.19,18.09,19.08,18.42,25.94,10.87,15.87,15.17,5.80,12.27,14.09,13.66,20.67,6.59,22.51
14.57,14.11,18.18,20.72,23.65,15.40,20.68,9.59,5.81,34.18,10.69,15.86,25.37,35.68,11.19,10.51,2.93,18.91,2.06
7.68,15.99,18.08,6.90,12.11,19.91,21.85,15.69,25.56,12.50,13.20,17.14,3.36,14.55,11.68,11.77,19.28,8.95,20.93
8.80,15.87,17.58,6.06,10.92,19.69,21.24,17.05,26.19,11.25,14.53,16.84,3.39,13.15,12.92,12.83,20.23,8.38,21.95
4.05,16.00,19.44,11.09,16.64,20.01,23.40,9.31,21.76,19.14,7.06,17.76,9.13,21.34,6.13,7.09,14.41,11.81,15.72
2.55,13.55,16.73,8.18,13.70,17.59,20.68,10.49,20.93,17.75,7.97,15.18,8.29,19.71,6.41,6.61,14.19,8.84,15.77
16.18,7.91,4.78,9.60,5.59,8.56,6.56,22.64,21.34,21.11,20.60,6.48,18.89,20.95,18.74,17.19,20.32,7.85,22.26
14.14,11.38,15.27,19.06,21.42,12.33,17.60,11.07,4.35,32.99,11.50,13.00,24.74,34.29,11.46,10.34,3.93,17.01,4.62
4.33,16.28,19.70,11.24,16.80,20.28,23.65,9.47,22.02,19.07,7.25,18.02,9.02,21.28,6.37,7.35,14.65,12.01,15.94
6.56,5.56,9.58,8.64,11.68,9.45,13.41,11.20,14.11,22.70,9.31,7.51,15.30,23.90,7.59,5.90,9.80,6.72,11.79
12.87,4.34,3.52,8.11,6.65,6.44,7.23,18.83,18.02,21.57,16.87,3.62,17.46,21.90,15.06,13.45,16.45,5.70,18.41
7.21,15.73,17.92,6.88,12.19,19.68,21.71,15.21,25.14,12.98,12.73,16.92,3.76,15.02,11.21,11.30,18.82,8.83,20.47
9.55,13.89,15.05,3.43,7.84,17.50,18.55,18.06,25.37,11.44,15.51,14.58,6.22,12.78,13.71,13.22,20.16,6.00,22.01
10.87,2.67,7.01,11.54,12.78,5.54,10.29,13.83,11.53,25.92,12.49,4.63,19.34,26.80,11.09,9.32,9.95,9.10,11.84
9.64,13.83,14.94,3.34,7.68,17.42,18.43,18.16,25.37,11.44,15.61,14.50,6.37,12.75,13.80,13.29,20.21,5.92,22.07
12.60,17.13,17.81,6.58,9.38,20.56,21.05,21.04,28.86,7.95,18.49,17.63,5.57,9.37,16.78,16.46,23.57,9.16,25.39
3.63,15.40,18.72,10.12,15.68,19.43,22.68,9.90,21.77,18.39,7.54,17.10,8.46,20.53,6.39,7.12,14.60,10.91,16.00
1.35,12.45,15.80,8.11,13.48,16.48,19.75,9.73,19.64,18.71,7.18,14.15,9.47,20.57,5.47,5.44,12.99,8.39,14.61
11.74,9.05,13.19,16.30,18.76,10.66,15.91,10.14,6.73,30.26,9.99,10.84,22.17,31.54,9.56,8.20,3.99,14.26,5.63
4.61,11.51,14.04,4.63,10.15,15.50,17.94,13.12,21.14,16.01,10.58,12.83,7.97,17.62,8.74,8.24,15.36,5.47,17.16
4.29,11.01,13.65,4.75,10.17,15.02,17.57,12.76,20.56,16.56,10.22,12.37,8.55,18.14,8.35,7.77,14.82,5.29,16.63
14.71,8.26,6.22,7.49,3.44,9.85,8.67,21.69,21.94,18.99,19.52,7.33,16.69,18.94,17.61,16.17,20.08,6.02,22.06
5.04,14.74,17.42,7.34,12.91,18.77,21.31,12.95,23.24,15.24,10.46,16.15,5.77,17.27,8.96,9.13,16.69,8.72,18.29
10.54,3.57,5.24,7.09,7.46,7.02,9.19,16.45,16.85,21.24,14.46,4.14,16.06,21.87,12.64,11.04,14.45,4.50,16.43
17.37,5.36,3.51,14.76,13.04,1.65,3.77,20.93,14.62,28.32,19.61,3.76,23.92,28.53,18.17,16.39,16.23,12.23,17.88
14.22,4.98,2.70,9.14,6.87,6.17,6.07,20.07,18.49,22.17,18.15,3.69,18.54,22.34,16.36,14.73,17.43,6.84,19.36
1.91,13.25,17.08,10.86,16.04,17.14,21.00,6.84,18.16,21.43,4.31,15.16,11.83,23.38,2.79,3.48,10.92,10.76,12.35
1.24,10.80,14.48,8.63,13.57,14.76,18.41,8.60,17.41,20.53,6.11,12.63,11.60,22.25,4.18,3.57,10.93,8.21,12.63
2.92,12.70,15.70,6.93,12.44,16.74,19.64,11.32,20.87,17.13,8.77,14.24,8.06,18.97,7.07,6.97,14.45,7.61,16.12
7.40,5.31,9.60,9.97,12.74,8.94,13.28,10.91,12.74,24.07,9.26,7.37,16.59,25.26,7.71,5.95,8.71,7.96,10.70
12.71,18.87,19.92,8.39,11.81,22.47,23.29,20.86,29.92,7.35,18.36,19.55,3.57,9.39,16.80,16.74,24.12,10.97,25.86
10.99,16.96,18.16,6.56,10.48,20.61,21.63,19.29,27.98,9.10,16.77,17.70,3.67,10.91,15.13,14.97,22.28,9.12,24.04
6.48,11.91,13.89,3.19,8.77,15.78,17.68,14.99,22.48,14.43,12.44,12.97,7.27,15.91,10.60,10.05,17.02,4.80,18.86
11.09,10.38,14.65,16.62,19.55,12.32,17.54,8.48,7.43,30.26,8.57,12.27,21.77,31.68,8.40,7.25,2.29,14.78,4.13
13.48,2.91,2.14,9.86,8.64,4.43,6.10,18.61,16.35,23.55,16.85,1.63,19.07,23.91,15.14,13.44,15.50,7.33,17.40
5.32,17.16,20.91,13.44,18.93,21.06,24.84,7.48,21.18,21.55,5.63,19.04,11.46,23.81,5.43,6.89,13.48,13.91,14.52
5.28,16.48,19.48,9.86,15.44,20.52,23.42,11.82,23.63,16.62,9.50,18.04,6.59,18.86,8.37,9.03,16.55,11.10,17.97
12.98,12.55,16.72,18.97,21.93,14.11,19.39,8.78,6.34,32.48,9.52,14.37,23.76,33.96,9.80,8.97,1.62,17.16,2.24
10.32,16.50,17.84,6.21,10.43,20.20,21.36,18.63,27.37,9.76,16.10,17.30,3.57,11.58,14.46,14.31,21.62,8.72,23.38
10.60,2.98,5.05,7.62,8.03,6.54,9.00,16.23,16.27,21.82,14.30,3.71,16.50,22.46,12.51,10.88,14.00,5.03,15.98
15.58,19.83,20.10,9.38,11.04,23.08,23.08,23.95,31.85,5.00,21.42,20.15,7.10,6.33,19.75,19.49,26.62,11.89,28.44
16.13,19.14,19.03,8.99,9.72,22.19,21.83,24.61,31.62,5.84,22.07,19.29,8.65,6.36,20.31,19.89,26.79,11.35,28.66
13.35,2.26,5.26,12.78,12.90,2.95,7.98,16.34,11.81,27.06,15.08,3.07,21.22,27.71,13.71,11.93,11.88,10.21,13.64
5.60,15.87,18.60,8.44,13.98,19.90,22.50,13.00,23.97,15.24,10.58,17.31,5.39,17.39,9.24,9.62,17.21,9.90,18.74
14.36,3.13,1.33,10.89,9.44,3.56,5.20,19.17,16.04,24.51,17.50,1.21,20.12,24.81,15.84,14.12,15.70,8.38,17.56
4.79,7.81,11.91,9.49,13.33,11.59,15.72,8.98,14.22,22.89,7.00,9.81,14.68,24.33,5.26,3.58,8.68,8.06,10.60
12.58,12.33,16.53,18.60,21.61,13.99,19.26,8.48,6.66,32.08,9.16,14.17,23.36,33.57,9.41,8.56,1.29,16.81,2.29
11.31,1.90,6.21,11.35,12.27,4.86,9.51,14.58,12.03,25.73,13.19,3.82,19.43,26.53,11.74,9.97,10.74,8.85,12.62
2.97,14.86,18.27,10.07,15.59,18.87,22.23,9.31,21.04,18.91,6.91,16.59,9.06,21.01,5.69,6.39,13.88,10.68,15.29
7.83,18.88,21.70,11.39,16.85,22.93,25.61,13.73,26.13,15.57,11.58,20.37,5.51,18.00,10.67,11.48,18.93,12.99,20.27
13.75,13.18,17.29,19.76,22.68,14.58,19.86,9.24,5.91,33.27,10.13,14.95,24.54,34.75,10.50,9.72,2.22,17.93,2.12
12.45,5.16,4.56,7.10,5.64,7.53,8.13,18.81,18.82,20.47,16.76,4.68,16.49,20.81,14.90,13.35,16.86,4.78,18.83
13.19,9.66,13.58,17.54,19.75,10.73,16.02,11.22,5.29,31.60,11.26,11.30,23.60,32.83,10.94,9.62,4.50,15.43,5.74
8.36,6.01,10.43,11.80,14.48,9.08,13.86,10.24,10.97,25.84,8.98,8.07,18.13,27.07,7.72,5.97,7.06,9.79,9.04
12.84,4.98,4.07,7.60,5.95,7.13,7.63,19.05,18.66,20.91,17.04,4.32,16.99,21.22,15.20,13.62,16.92,5.28,18.88
11.69,5.21,5.21,6.42,5.55,7.95,8.88,18.19,18.77,20.02,16.10,5.04,15.77,20.45,14.23,12.71,16.48,4.03,18.46
0.83,11.27,14.81,8.26,13.36,15.27,18.76,9.07,18.21,19.80,6.54,13.05,10.80,21.55,4.67,4.27,11.71,8.07,13.39
8.14,4.33,7.47,6.85,8.99,8.35,11.42,13.94,15.89,21.23,11.92,5.81,14.91,22.17,10.09,8.50,12.47,4.50,14.46
11.74,0.27,4.60,10.35,10.65,4.31,8.21,15.92,13.73,24.61,14.34,2.30,18.93,25.28,12.75,11.00,12.50,7.77,14.40
11.56,16.74,17.70,6.21,9.68,20.29,21.07,19.96,28.13,8.74,17.42,17.36,4.67,10.34,15.73,15.47,22.66,8.80,24.46
18.71,6.75,5.15,16.42,14.67,2.72,4.33,21.76,14.18,29.99,20.60,5.35,25.55,30.18,19.25,17.47,16.63,13.88,18.17
13.06,1.57,4.73,12.12,12.17,2.98,7.71,16.44,12.50,26.37,15.08,2.44,20.66,26.99,13.63,11.86,12.26,9.54,14.06
11.23,10.80,15.08,16.94,19.93,12.73,17.96,8.26,7.41,30.52,8.47,12.70,21.94,31.96,8.40,7.33,1.87,15.13,3.70
6.42,14.21,16.40,5.53,10.99,18.15,20.20,14.75,23.91,13.63,12.22,15.39,5.11,15.48,10.56,10.44,17.84,7.34,19.56
18.80,7.16,6.57,17.36,16.06,3.28,6.12,21.14,12.56,31.20,20.17,6.21,26.28,31.50,18.94,17.18,15.60,14.78,17.02
2.75,14.65,18.08,9.99,15.49,18.66,22.03,9.20,20.83,19.01,6.77,16.39,9.19,21.09,5.52,6.19,13.69,10.55,15.11
13.78,12.05,16.06,19.20,21.83,13.25,18.53,10.13,5.04,32.96,10.73,13.75,24.48,34.34,10.85,9.86,2.95,17.25,3.49
11.21,14.95,15.69,4.41,7.62,18.39,19.00,19.73,26.82,10.02,17.18,15.46,6.49,11.21,15.38,14.89,21.78,6.98,23.64
10.54,5.48,6.25,5.46,5.64,8.67,10.01,17.26,18.72,19.40,15.10,5.74,14.72,19.97,13.21,11.74,15.93,2.95,17.92
16.32,10.06,7.53,8.52,3.38,11.28,9.29,23.50,23.71,18.56,21.29,8.96,17.33,18.25,19.37,17.97,21.98,7.48,23.96
11.64,6.49,6.33,5.40,4.33,9.24,9.81,18.61,19.97,18.73,16.41,6.35,14.81,19.14,14.50,13.07,17.35,3.27,19.34
4.29,14.49,17.34,7.70,13.28,18.53,21.26,12.13,22.59,16.06,9.64,15.98,6.53,18.08,8.15,8.37,15.94,8.87,17.53
9.28,4.50,8.92,11.46,13.58,7.57,12.32,11.78,11.17,25.72,10.45,6.56,18.48,26.80,9.11,7.34,8.29,9.24,10.24
10.42,18.06,19.71,8.12,12.60,21.88,23.32,18.33,28.21,9.89,15.87,19.02,1.39,12.08,14.40,14.51,22.01,10.52,23.68
12.78,8.74,12.67,16.77,18.86,9.88,15.16,11.44,5.92,30.89,11.28,10.38,23.05,32.08,10.79,9.38,5.05,14.61,6.47
13.20,10.60,14.60,18.08,20.51,11.80,17.08,10.53,5.23,32.00,10.79,12.29,23.77,33.31,10.64,9.46,3.58,16.05,4.68
7.18,16.25,18.56,7.63,12.96,20.23,22.37,14.96,25.32,13.25,12.50,17.50,3.62,15.38,11.06,11.27,18.84,9.51,20.44
15.42,4.25,0.19,11.49,9.46,3.77,4.14,20.32,16.78,24.77,18.65,2.23,20.81,24.96,16.98,15.26,16.77,9.05,18.61
7.56,5.64,10.00,10.60,13.39,9.10,13.61,10.50,12.17,24.64,8.97,7.72,17.03,25.86,7.51,5.74,8.06,8.61,10.06
11.77,10.11,9.95,3.16,2.44,13.01,13.10,19.73,23.24,14.97,17.32,10.11,11.99,15.38,15.37,14.25,19.73,3.28,21.71
10.13,14.18,15.18,3.65,7.65,17.73,18.62,18.65,25.83,10.98,16.09,14.80,6.34,12.26,14.29,13.79,20.70,6.24,22.56
4.46,15.10,18.01,8.41,13.99,19.14,21.94,11.93,22.85,16.27,9.48,16.62,6.52,18.36,8.10,8.47,16.05,9.58,17.58
9.90,9.85,14.21,15.52,18.62,12.15,17.29,7.87,8.58,29.08,7.66,11.82,20.56,30.53,7.33,6.10,2.86,13.75,4.84
11.70,2.30,6.43,11.97,12.85,4.70,9.56,14.62,11.47,26.34,13.32,4.06,20.00,27.15,11.94,10.17,10.49,9.47,12.33
3.95,12.24,14.96,5.67,11.21,16.27,18.88,12.45,21.26,16.25,9.90,13.65,7.65,17.99,8.13,7.83,15.16,6.53,16.90
9.72,15.32,16.64,5.01,9.39,19.00,20.17,18.15,26.37,10.57,15.61,16.10,4.61,12.20,13.90,13.61,20.81,7.52,22.60
4.71,15.64,18.60,9.01,14.59,19.69,22.54,11.82,23.12,16.44,9.42,17.18,6.55,18.59,8.13,8.63,16.20,10.20,17.69
0.89,12.75,16.43,9.77,15.00,16.71,20.37,7.90,18.56,20.45,5.36,14.59,10.99,22.36,3.70,3.99,11.56,9.76,13.08
7.10,15.62,17.82,6.81,12.14,19.57,21.62,15.12,25.02,13.08,12.63,16.82,3.88,15.11,11.10,11.18,18.70,8.74,20.35
14.48,6.21,3.89,8.56,5.65,7.50,6.77,20.77,19.81,21.09,18.76,5.04,17.97,21.17,16.91,15.35,18.49,6.49,20.44
11.15,10.10,14.35,16.51,19.36,11.99,17.22,8.76,7.31,30.21,8.79,11.98,21.79,31.61,8.56,7.37,2.61,14.63,4.41
13.29,3.17,2.40,9.43,8.18,4.90,6.34,18.62,16.72,23.09,16.81,2.09,18.68,23.44,15.07,13.39,15.68,6.93,17.60
9.64,12.02,12.92,1.48,5.89,15.49,16.39,18.07,24.05,12.90,15.55,12.57,8.36,13.91,13.65,12.89,19.38,4.05,21.30
16.45,6.63,2.77,10.91,7.61,6.52,4.51,22.22,19.60,23.16,20.35,4.86,20.32,23.09,18.57,16.93,19.24,8.81,21.13
15.71,4.63,0.26,11.58,9.36,4.03,3.89,20.68,17.12,24.74,19.00,2.61,20.94,24.88,17.32,15.61,17.15,9.17,18.99
11.19,9.99,14.23,16.47,19.29,11.87,17.10,8.88,7.26,30.20,8.89,11.86,21.81,31.59,8.64,7.43,2.74,14.58,4.52
4.13,15.74,18.96,10.03,15.61,19.78,22.92,10.49,22.36,17.85,8.15,17.40,7.88,20.02,7.01,7.72,15.21,10.96,16.61
9.36,10.37,14.76,15.43,18.76,12.85,17.94,7.01,9.26,28.79,6.82,12.38,20.10,30.30,6.57,5.45,2.72,13.77,4.69
1.73,13.17,16.51,8.56,14.00,17.20,20.47,9.68,20.14,18.60,7.15,14.87,9.15,20.53,5.56,5.75,13.33,8.98,14.90
4.23,14.34,17.18,7.56,13.14,18.38,21.10,12.14,22.50,16.06,9.64,15.82,6.58,18.06,8.13,8.31,15.88,8.71,17.48
14.71,2.74,2.50,12.28,11.23,1.82,5.36,18.72,14.37,26.15,17.25,1.12,21.31,26.53,15.71,13.95,14.65,9.71,16.43
12.26,9.55,13.64,16.92,19.35,11.00,16.27,10.29,6.17,30.87,10.28,11.30,22.74,32.16,9.94,8.64,3.80,14.88,5.29
2.85,13.14,17.13,11.74,16.77,16.91,21.00,5.68,17.12,22.66,3.13,15.11,13.08,24.59,1.54,2.53,9.75,11.42,11.13
13.03,17.20,17.75,6.68,9.14,20.57,20.92,21.49,29.09,7.73,18.94,17.64,6.08,9.02,17.21,16.86,23.91,9.24,25.75
9.84,16.99,18.58,6.99,11.53,20.78,22.19,17.97,27.36,10.24,15.47,17.91,2.47,12.26,13.91,13.90,21.34,9.40,23.04
2.84,14.80,18.28,10.30,15.80,18.80,22.23,8.93,20.76,19.29,6.53,16.57,9.44,21.38,5.34,6.09,13.55,10.84,14.94
4.23,13.04,15.72,6.08,11.66,17.06,19.63,12.63,21.92,15.83,10.08,14.44,6.97,17.66,8.39,8.24,15.68,7.17,17.37
7.83,11.87,13.41,2.04,7.51,15.60,17.08,16.31,23.13,13.67,13.77,12.72,7.55,14.97,11.90,11.25,18.02,4.21,19.89
11.00,2.47,4.61,8.18,8.40,5.97,8.56,16.39,15.90,22.35,14.52,3.16,17.07,22.98,12.77,11.10,13.91,5.59,15.87
5.26,10.67,13.04,3.74,9.16,14.62,16.92,13.67,20.85,16.07,11.14,11.90,8.60,17.53,9.25,8.56,15.41,4.40,17.26
12.39,5.60,5.00,6.71,5.16,8.02,8.49,18.93,19.25,19.99,16.83,5.17,16.12,20.32,14.96,13.44,17.15,4.46,19.13
8.80,15.15,16.74,5.17,9.99,18.92,20.36,17.18,25.79,11.34,14.64,16.06,4.25,13.09,12.96,12.75,20.04,7.55,21.80
8.26,12.68,14.14,2.59,7.78,16.39,17.77,16.78,23.93,12.88,14.23,13.50,6.85,14.24,12.39,11.83,18.71,4.96,20.57
6.61,5.98,9.06,5.95,9.14,10.01,13.02,13.07,16.69,20.17,10.88,7.48,13.39,21.27,8.99,7.53,12.47,4.01,14.45
2.69,13.09,16.18,7.51,13.03,17.14,20.13,10.92,20.90,17.41,8.38,14.68,8.14,19.31,6.74,6.78,14.32,8.19,15.95
17.56,6.27,1.97,13.17,10.38,4.50,2.07,22.40,17.85,25.90,20.77,4.19,22.57,25.88,19.12,17.39,18.56,10.85,20.35
15.30,4.90,1.28,10.67,8.27,5.03,4.58,20.68,17.90,23.67,18.89,3.10,20.06,23.79,17.16,15.48,17.51,8.33,19.40
15.30,7.64,5.04,8.62,4.80,8.77,7.31,21.92,21.24,20.35,19.84,6.44,17.92,20.27,17.96,16.44,19.86,6.88,21.82
5.63,6.38,10.12,7.65,11.13,10.37,14.03,11.19,15.26,21.56,9.11,8.21,14.07,22.82,7.27,5.70,10.56,5.95,12.53
12.38,6.38,5.72,6.14,4.37,8.82,9.08,19.20,19.99,19.21,17.04,5.98,15.56,19.52,15.14,13.68,17.69,4.07,19.67
15.38,8.00,5.45,8.49,4.46,9.18,7.65,22.11,21.62,20.01,20.00,6.83,17.74,19.90,18.11,16.62,20.15,6.86,22.12
15.98,11.58,15.06,20.19,22.04,11.78,16.95,13.27,2.49,34.33,13.67,12.93,26.41,35.51,13.54,12.33,6.11,17.98,6.55
10.18,2.84,7.26,10.97,12.45,6.09,10.69,13.39,11.92,25.34,11.96,4.89,18.66,26.26,10.51,8.74,9.86,8.57,11.78
1.49,13.29,16.74,9.08,14.48,17.31,20.69,9.13,19.85,19.12,6.60,15.04,9.60,21.07,5.05,5.35,12.94,9.41,14.47
9.39,16.40,18.02,6.44,11.11,20.19,21.64,17.59,26.80,10.67,15.08,17.33,2.98,12.61,13.49,13.42,20.83,8.83,22.55
5.99,14.01,16.30,5.64,11.15,17.97,20.13,14.32,23.54,14.07,11.78,15.24,5.42,15.92,10.12,10.01,17.42,7.32,19.13
6.34,15.85,18.34,7.74,13.20,19.85,22.20,14.05,24.57,14.15,11.60,17.18,4.48,16.27,10.17,10.42,17.99,9.43,19.58
9.52,12.24,16.65,16.50,20.20,14.78,19.87,5.38,10.03,29.39,5.75,14.27,20.32,31.04,6.05,5.43,2.24,15.06,3.76
3.97,13.81,16.64,7.13,12.71,17.85,20.57,12.09,22.12,16.16,9.57,15.29,6.86,18.11,7.99,8.06,15.61,8.21,17.23
3.10,13.26,17.28,11.99,17.00,17.01,21.14,5.44,17.03,22.89,2.88,15.24,13.29,24.83,1.35,2.51,9.61,11.64,10.96
12.64,11.66,15.81,18.29,21.13,13.21,18.48,9.08,6.19,31.93,9.59,13.46,23.37,33.36,9.68,8.70,1.97,16.43,3.10
8.54,3.92,7.07,7.13,9.00,7.93,11.02,14.19,15.71,21.51,12.21,5.39,15.30,22.41,10.40,8.78,12.50,4.71,14.49
10.88,3.56,4.94,7.22,7.33,6.86,8.88,16.78,16.97,21.30,14.80,3.95,16.28,21.89,12.98,11.38,14.71,4.64,16.68
15.23,11.92,10.43,6.48,1.27,13.99,12.72,23.12,25.52,15.01,20.74,11.33,14.31,14.79,18.79,17.62,22.71,6.59,24.70
2.54,14.55,18.10,10.45,15.90,18.53,22.05,8.46,20.27,19.75,6.03,16.34,9.93,21.81,4.82,5.60,13.04,10.86,14.43
17.06,7.18,3.14,11.39,7.85,6.81,4.26,22.83,20.00,23.40,20.96,5.35,20.78,23.25,19.18,17.54,19.80,9.34,21.68
8.34,5.14,7.54,5.60,7.70,9.00,11.48,14.82,17.24,19.98,12.67,6.25,14.05,20.86,10.79,9.30,13.75,3.16,15.74
13.59,19.10,19.90,8.56,11.45,22.60,23.16,21.83,30.50,6.48,19.32,19.67,4.69,8.37,17.72,17.58,24.89,11.15,26.66
10.65,3.41,5.10,7.26,7.57,6.84,9.04,16.48,16.73,21.41,14.52,3.96,16.24,22.03,12.71,11.09,14.41,4.67,16.38
13.40,16.64,16.93,6.28,8.08,19.88,20.00,21.91,28.87,8.16,19.36,16.95,7.25,9.09,17.58,17.10,23.97,8.73,25.85
17.08,8.54,5.05,10.42,6.13,8.83,6.25,23.49,21.82,21.57,21.47,6.98,19.66,21.30,19.62,18.06,21.04,8.73,22.97
14.44,16.87,16.82,6.80,7.65,19.93,19.71,22.96,29.41,8.05,20.41,17.03,8.46,8.61,18.60,18.05,24.77,9.10,26.67
12.12,3.58,3.80,7.99,7.20,6.20,7.69,17.91,17.25,21.78,15.98,3.28,17.22,22.22,14.18,12.55,15.52,5.48,17.48
13.25,12.35,16.47,19.03,21.88,13.79,19.07,9.26,5.87,32.64,9.95,14.13,24.01,34.08,10.16,9.27,2.08,17.17,2.67
11.37,5.17,5.43,6.21,5.63,8.06,9.14,17.89,18.67,19.92,15.79,5.14,15.54,20.40,13.91,12.40,16.25,3.78,18.24
5.34,6.77,10.27,6.84,10.54,10.81,14.21,11.57,16.11,20.71,9.37,8.49,13.28,21.97,7.48,6.03,11.32,5.26,13.28
15.01,18.00,18.01,7.79,8.82,21.10,20.90,23.51,30.42,6.87,20.96,18.19,8.11,7.55,19.19,18.73,25.60,10.17,27.48
14.20,13.47,17.54,20.18,23.05,14.76,20.05,9.59,5.61,33.72,10.54,15.22,24.99,35.19,10.93,10.17,2.65,18.34,2.28
9.67,4.54,6.32,6.02,7.04,8.14,10.24,16.00,17.43,20.28,13.91,5.27,14.93,20.99,12.04,10.51,14.51,3.44,16.50
3.03,13.19,16.20,7.30,12.84,17.24,20.15,11.27,21.19,17.06,8.73,14.74,7.81,18.96,7.09,7.12,14.65,8.08,16.29
14.51,2.72,4.16,13.13,12.62,1.54,6.55,17.78,12.70,27.24,16.49,2.38,21.88,27.74,15.07,13.30,13.28,10.54,15.01
13.69,11.38,15.35,18.79,21.28,12.51,17.79,10.53,4.85,32.66,10.97,13.06,24.33,34.00,10.95,9.86,3.40,16.79,4.19
14.07,4.93,2.81,9.00,6.79,6.23,6.22,19.95,18.47,22.06,18.03,3.70,18.40,22.25,16.23,14.60,17.35,6.70,19.28
1.33,11.11,14.53,7.67,12.81,15.13,18.49,9.67,18.53,19.28,7.14,12.83,10.40,21.01,5.26,4.80,12.17,7.55,13.88
13.42,3.67,2.48,9.18,7.70,5.32,6.34,18.94,17.24,22.70,17.08,2.58,18.49,23.02,15.33,13.66,16.13,6.72,18.06
16.29,15.75,19.72,22.55,25.44,16.78,22.04,10.74,5.71,35.98,12.11,17.43,27.09,37.50,12.77,12.21,4.64,20.73,3.21
7.42,15.13,17.15,5.95,11.20,19.03,20.90,15.65,24.99,12.63,13.13,16.24,4.09,14.55,11.53,11.47,18.90,8.00,20.60
9.42,12.89,13.96,2.37,6.90,16.45,17.46,17.93,24.61,12.22,15.38,13.53,7.27,13.40,13.53,12.91,19.65,4.96,21.53
10.20,10.21,14.55,15.93,19.03,12.42,17.59,7.81,8.33,29.46,7.75,12.16,20.90,30.92,7.51,6.35,2.46,14.16,4.44
13.96,6.80,5.01,7.53,4.52,8.52,7.91,20.61,20.48,19.92,18.51,5.91,16.91,20.03,16.63,15.12,18.74,5.62,20.71
7.46,6.42,8.75,4.56,7.56,10.30,12.67,14.50,18.08,18.91,12.23,7.54,12.76,19.90,10.30,8.95,14.08,2.42,16.06
1.17,13.11,16.63,9.28,14.64,17.11,20.59,8.74,19.44,19.54,6.21,14.89,10.04,21.48,4.63,4.92,12.50,9.50,14.03
19.37,7.89,3.76,14.90,11.75,5.37,0.37,24.01,18.52,27.29,22.45,5.82,24.31,27.14,20.83,19.10,19.86,12.62,21.59
11.60,7.20,11.29,15.12,17.18,8.79,14.03,11.38,7.52,29.29,10.84,8.95,21.63,30.45,10.09,8.52,5.82,12.93,7.52
14.04,14.14,18.29,20.41,23.49,15.61,20.89,8.88,6.50,33.75,10.02,15.95,24.85,35.29,10.58,9.97,2.40,18.66,1.35
7.26,6.17,8.73,4.99,7.99,10.11,12.67,14.12,17.64,19.32,11.89,7.40,13.00,20.34,9.97,8.58,13.61,2.89,15.59
12.34,1.76,3.32,9.54,9.11,4.55,7.22,17.27,15.43,23.56,15.54,1.68,18.53,24.07,13.85,12.14,14.22,6.95,16.13
6.06,13.19,15.38,4.70,10.24,17.13,19.20,14.53,23.12,14.15,11.98,14.37,6.06,15.86,10.24,9.95,17.23,6.36,18.99
11.85,18.63,19.92,8.30,12.17,22.32,23.39,19.90,29.32,8.29,17.42,19.42,2.52,10.42,15.90,15.91,23.35,10.84,25.06
8.70,15.61,17.32,5.80,10.68,19.43,20.97,16.99,26.00,11.36,14.46,16.58,3.65,13.22,12.83,12.71,20.08,8.12,21.82
8.33,4.85,7.43,5.95,8.01,8.76,11.38,14.63,16.87,20.33,12.52,6.04,14.32,21.22,10.65,9.13,13.43,3.53,15.42
3.81,13.58,17.67,12.68,17.65,17.27,21.50,4.72,16.72,23.57,2.17,15.59,13.93,25.52,0.92,2.51,9.17,12.28,10.44
10.26,15.13,16.23,4.65,8.68,18.73,19.69,18.74,26.51,10.31,16.19,15.81,5.31,11.79,14.44,14.07,21.15,7.23,22.98
12.19,10.11,14.23,17.18,19.77,11.63,16.90,9.80,6.23,31.04,9.91,11.89,22.77,32.38,9.68,8.47,3.17,15.20,4.65
6.77,6.03,10.30,9.99,13.05,9.67,14.00,10.23,12.90,23.93,8.54,8.09,16.22,25.20,6.98,5.22,8.41,8.12,10.40
11.63,10.44,14.65,17.01,19.82,12.20,17.45,8.96,6.87,30.72,9.11,12.29,22.28,32.12,8.96,7.81,2.44,15.12,4.11
19.09,7.16,5.61,16.89,15.13,3.11,4.60,22.00,14.08,30.46,20.89,5.80,26.00,30.65,19.56,17.78,16.76,14.34,18.27
10.07,2.34,5.60,8.32,9.26,6.30,9.51,15.18,15.06,22.65,13.35,3.77,16.84,23.41,11.62,9.93,12.73,5.77,14.70
3.56,14.20,17.21,8.02,13.60,18.25,21.15,11.35,21.92,16.85,8.86,15.75,7.29,18.86,7.36,7.61,15.19,8.98,16.76
1.82,13.80,17.43,10.27,15.63,17.76,21.37,8.00,19.43,20.20,5.50,15.62,10.52,22.20,4.12,4.76,12.26,10.48,13.69
3.88,15.80,19.21,10.82,16.37,19.81,23.17,9.43,21.71,18.97,7.13,17.54,8.98,21.15,6.14,7.03,14.41,11.55,15.74
13.08,10.72,14.74,18.06,20.56,11.98,17.26,10.30,5.37,31.95,10.59,12.43,23.67,33.28,10.47,9.31,3.34,16.06,4.46
6.87,5.26,8.76,7.07,9.96,9.30,12.69,12.61,15.56,21.30,10.56,6.96,14.40,22.40,8.72,7.15,11.52,5.03,13.51
15.41,3.42,2.59,12.96,11.72,1.28,4.88,19.27,14.34,26.75,17.85,1.82,22.02,27.09,16.34,14.57,15.00,10.39,16.75
8.38,4.50,7.29,6.39,8.38,8.45,11.25,14.45,16.44,20.77,12.38,5.79,14.68,21.66,10.53,8.97,13.07,3.97,15.07
1.85,13.86,17.44,10.11,15.50,17.83,21.39,8.25,19.65,19.94,5.76,15.66,10.26,21.95,4.38,4.99,12.50,10.38,13.94
14.79,5.16,2.28,9.73,7.25,5.92,5.47,20.53,18.52,22.64,18.65,3.66,19.14,22.76,16.87,15.23,17.72,7.46,19.63
13.96,4.40,2.40,9.26,7.32,5.68,6.03,19.64,17.91,22.51,17.76,3.12,18.64,22.74,15.98,14.34,16.88,6.89,18.81
6.51,15.48,17.85,7.08,12.51,19.47,21.68,14.46,24.57,13.73,11.97,16.75,4.34,15.78,10.47,10.61,18.15,8.86,19.78
5.70,6.66,9.94,6.21,9.84,10.71,13.89,12.23,16.61,20.20,10.00,8.27,13.01,21.41,8.10,6.68,11.99,4.57,13.95
10.41,12.13,16.50,17.07,20.54,14.43,19.58,6.30,8.99,30.17,6.79,14.12,21.21,31.76,7.05,6.34,1.25,15.50,3.02
9.52,3.51,6.12,7.09,8.27,7.35,10.08,15.27,16.16,21.42,13.29,4.64,15.70,22.19,11.48,9.87,13.39,4.54,15.37
9.17,15.53,17.07,5.47,10.15,19.29,20.67,17.52,26.21,10.94,14.99,16.42,3.96,12.72,13.32,13.13,20.44,7.89,22.20
14.75,3.03,1.62,11.74,10.39,2.60,4.96,19.16,15.29,25.44,17.59,0.96,20.89,25.76,15.99,14.25,15.35,9.20,17.17
13.85,7.86,6.30,6.72,3.23,9.79,9.08,20.89,21.54,18.67,18.70,7.13,15.99,18.74,16.78,15.36,19.43,5.16,21.41
13.22,5.93,4.64,7.31,5.08,7.93,7.91,19.72,19.62,20.24,17.64,5.20,16.73,20.46,15.78,14.25,17.79,5.18,19.76
4.37,12.73,15.35,5.68,11.25,16.74,19.25,12.84,21.83,15.74,10.29,14.10,7.09,17.52,8.55,8.32,15.70,6.76,17.42
14.81,4.86,1.88,9.99,7.65,5.50,5.24,20.39,18.14,23.01,18.55,3.28,19.39,23.15,16.79,15.13,17.45,7.67,19.35
12.71,2.09,2.92,9.64,8.96,4.45,6.84,17.70,15.70,23.57,15.96,1.52,18.71,24.03,14.27,12.56,14.62,7.07,16.53
11.56,11.82,16.10,17.68,20.82,13.74,18.98,7.75,7.52,31.09,8.26,13.72,22.34,32.60,8.42,7.55,0.87,15.95,2.70
13.07,17.96,18.67,7.41,10.19,21.41,21.90,21.44,29.58,7.24,18.91,18.48,5.23,8.83,17.23,16.99,24.18,9.99,25.98
15.18,8.47,6.18,7.95,3.68,9.87,8.43,22.13,22.14,19.23,19.97,7.43,17.12,19.12,18.06,16.61,20.42,6.50,22.40
5.17,14.91,17.57,7.44,13.00,18.93,21.47,13.03,23.39,15.15,10.55,16.31,5.63,17.19,9.07,9.26,16.82,8.86,18.42
6.11,18.06,21.45,12.61,18.19,22.07,25.41,10.24,23.50,19.10,8.27,19.80,8.98,21.45,7.72,8.90,15.97,13.58,17.13
15.56,11.36,14.92,19.84,21.77,11.70,16.90,12.87,2.88,33.97,13.25,12.77,26.01,35.16,13.12,11.90,5.74,17.66,6.26
12.23,10.75,14.90,17.56,20.28,12.33,17.59,9.35,6.29,31.31,9.61,12.55,22.89,32.69,9.52,8.40,2.52,15.64,3.95
10.63,16.02,17.16,5.57,9.51,19.64,20.61,19.04,27.25,9.66,16.50,16.73,4.53,11.28,14.80,14.53,21.73,8.14,23.52
14.32,10.24,8.84,5.99,0.75,12.35,11.36,21.96,23.85,16.30,19.63,9.66,14.62,16.25,17.68,16.42,21.22,5.47,23.21
13.16,7.37,6.20,6.25,3.47,9.55,9.24,20.17,21.02,18.67,17.98,6.80,15.61,18.85,16.07,14.64,18.77,4.54,20.75
16.08,8.09,5.09,9.34,5.23,8.87,6.93,22.64,21.58,20.75,20.57,6.73,18.60,20.58,18.70,17.17,20.44,7.65,22.39
14.60,5.71,3.17,9.07,6.37,6.79,6.16,20.65,19.22,21.78,18.69,4.40,18.49,21.89,16.87,15.27,18.13,6.90,20.06
4.43,12.26,14.85,5.25,10.82,16.27,18.75,12.94,21.57,15.82,10.39,13.61,7.40,17.54,8.61,8.27,15.56,6.26,17.32
12.64,3.18,3.11,8.75,7.77,5.47,7.04,18.15,16.85,22.50,16.29,2.57,17.97,22.91,14.53,12.87,15.46,6.23,17.40
11.03,14.80,15.58,4.26,7.60,18.26,18.92,19.54,26.64,10.19,16.99,15.33,6.46,11.39,15.19,14.70,21.59,6.83,23.46
4.07,8.79,11.89,5.64,10.30,12.84,15.85,11.70,18.11,18.83,9.28,10.35,11.07,20.25,7.33,6.29,12.72,4.93,14.61
13.76,12.69,16.76,19.52,22.31,14.00,19.28,9.63,5.49,33.15,10.39,14.43,24.52,34.59,10.65,9.78,2.48,17.64,2.72
13.26,11.29,15.32,18.48,21.06,12.56,17.84,10.08,5.31,32.29,10.50,13.01,23.91,33.65,10.49,9.41,2.99,16.51,3.94
5.77,11.47,13.67,3.55,9.12,15.40,17.51,14.26,21.78,15.17,11.72,12.63,7.73,16.68,9.86,9.29,16.26,4.76,18.09
3.21,11.34,14.26,5.86,11.25,15.38,18.20,11.71,20.14,17.28,9.16,12.84,8.78,18.96,7.32,6.86,14.10,6.26,15.86
14.48,9.44,7.79,6.56,1.84,11.35,10.26,21.88,23.11,17.39,19.60,8.72,15.48,17.34,17.67,16.33,20.78,5.61,22.77
6.13,6.59,9.61,5.63,9.17,10.62,13.57,12.88,17.08,19.74,10.63,8.07,12.82,20.90,8.72,7.33,12.63,3.90,14.59
5.83,14.34,16.73,6.17,11.68,18.33,20.58,14.05,23.61,14.24,11.53,15.62,5.29,16.15,9.92,9.89,17.36,7.80,19.04
12.38,17.77,18.67,7.24,10.46,21.30,22.00,20.71,29.14,7.78,18.18,18.38,4.46,9.51,16.54,16.34,23.59,9.83,25.38
3.22,13.93,16.99,8.00,13.56,17.98,20.93,11.09,21.57,17.13,8.58,15.51,7.62,19.11,7.06,7.28,14.86,8.86,16.43
14.48,10.18,13.86,18.58,20.53,10.76,16.01,12.36,4.09,32.72,12.51,11.65,24.84,33.90,12.23,10.93,5.41,16.39,6.33
14.02,5.04,2.99,8.85,6.61,6.41,6.36,19.97,18.62,21.88,18.03,3.86,18.26,22.07,16.22,14.61,17.43,6.57,19.37
13.10,5.55,4.37,7.45,5.43,7.59,7.75,19.49,19.24,20.53,17.44,4.83,16.87,20.78,15.58,14.03,17.46,5.24,19.43
19.82,7.83,5.03,16.65,14.24,4.11,2.72,23.40,16.14,29.74,22.12,6.07,25.96,29.75,20.68,18.91,18.50,14.20,20.08
10.22,5.43,6.44,5.35,5.87,8.73,10.24,16.93,18.56,19.40,14.77,5.81,14.55,20.02,12.88,11.41,15.66,2.80,17.65
4.18,12.21,14.87,5.44,10.99,16.23,18.78,12.69,21.38,16.06,10.14,13.59,7.56,17.78,8.36,8.03,15.34,6.36,17.08
9.67,12.17,16.57,16.57,20.22,14.66,19.76,5.58,9.81,29.52,5.96,14.19,20.48,31.15,6.24,5.59,2.05,15.10,3.62
10.19,9.85,14.18,15.72,18.75,12.05,17.22,8.11,8.27,29.33,7.95,11.80,20.84,30.76,7.63,6.41,2.79,13.92,4.76
5.91,6.36,10.44,8.96,12.31,10.20,14.25,10.36,14.03,22.82,8.45,8.34,15.10,24.11,6.73,5.04,9.27,7.22,11.24
15.54,8.41,5.87,8.44,4.17,9.60,7.97,22.37,22.03,19.70,20.24,7.26,17.63,19.56,18.34,16.87,20.51,6.92,22.48
2.42,14.18,17.55,9.41,14.91,18.20,21.51,9.48,20.70,18.71,7.01,15.89,9.00,20.74,5.62,6.13,13.68,9.97,15.16
6.87,14.21,16.27,5.21,10.60,18.12,20.05,15.24,24.18,13.22,12.70,15.33,4.99,15.02,11.02,10.85,18.21,7.15,19.94
0.98,11.03,14.63,8.37,13.41,15.02,18.57,8.90,17.87,20.09,6.38,12.83,11.13,21.83,4.48,3.99,11.39,8.08,13.08
12.84,11.95,16.10,18.57,21.43,13.47,18.75,9.08,6.11,32.18,9.66,13.75,23.58,33.63,9.81,8.88,1.91,16.71,2.86
4.35,16.01,19.83,12.87,18.27,19.88,23.75,6.69,20.00,21.83,4.61,17.92,11.82,24.00,4.21,5.64,12.35,13.13,13.47
15.28,4.60,0.86,10.90,8.67,4.58,4.44,20.50,17.48,24.03,18.74,2.73,20.28,24.18,17.03,15.34,17.20,8.52,19.07
16.98,5.08,2.31,13.79,11.82,2.29,3.11,21.05,15.62,27.17,19.60,3.17,23.05,27.34,18.07,16.31,16.73,11.30,18.45
14.33,4.75,2.33,9.45,7.25,5.80,5.78,20.04,18.20,22.54,18.16,3.36,18.85,22.73,16.38,14.74,17.27,7.12,19.19
5.10,14.83,17.50,7.40,12.97,18.86,21.40,12.99,23.32,15.21,10.50,16.24,5.70,17.24,9.01,9.19,16.75,8.80,18.36
4.27,14.95,17.89,8.37,13.96,18.99,21.82,11.78,22.67,16.41,9.33,16.48,6.69,18.49,7.93,8.29,15.87,9.51,17.40
9.22,8.47,12.85,14.23,17.19,10.98,16.04,8.57,9.22,27.96,7.93,10.47,19.69,29.34,7.24,5.76,4.31,12.38,6.29
14.30,16.74,16.71,6.65,7.56,19.81,19.62,22.82,29.27,8.17,20.27,16.90,8.41,8.75,18.46,17.90,24.62,8.96,26.52
3.35,9.25,13.25,9.46,13.81,13.09,17.10,8.16,15.26,22.27,5.94,11.21,13.66,23.85,4.07,2.62,9.10,8.43,10.91
1.69,13.69,17.23,9.80,15.19,17.68,21.19,8.52,19.71,19.68,6.02,15.48,10.04,21.68,4.58,5.09,12.64,10.09,14.11
8.66,3.48,7.04,7.86,9.69,7.53,10.94,13.86,14.95,22.24,11.97,5.16,15.89,23.16,10.21,8.55,11.87,5.46,13.86
15.26,3.62,1.14,11.97,10.34,2.73,4.39,19.75,15.72,25.52,18.17,1.54,21.20,25.78,16.56,14.82,15.93,9.46,17.74
5.27,14.73,17.34,7.12,12.68,18.75,21.22,13.24,23.40,14.96,10.75,16.11,5.56,16.97,9.23,9.36,16.91,8.58,18.53
11.98,14.70,15.11,4.34,6.65,17.98,18.30,20.49,26.95,10.11,17.95,15.05,7.63,11.01,16.11,15.51,22.21,6.78,24.11
5.81,15.65,18.26,7.91,13.42,19.67,22.14,13.46,24.10,14.74,11.01,17.03,5.03,16.85,9.60,9.88,17.46,9.46,19.03
16.15,4.24,2.05,13.19,11.52,1.85,3.89,20.22,15.18,26.75,18.76,2.36,22.39,26.99,17.22,15.46,16.00,10.67,17.74
10.34,16.96,18.38,6.75,11.04,20.69,21.93,18.56,27.63,9.71,16.05,17.80,2.95,11.64,14.45,14.37,21.75,9.24,23.49
14.42,18.31,18.62,7.88,9.67,21.57,21.65,22.87,30.40,6.50,20.32,18.65,6.87,7.65,18.60,18.25,25.29,10.38,27.14
4.82,14.64,17.36,7.40,12.98,18.68,21.27,12.73,23.05,15.47,10.24,16.07,5.98,17.48,8.73,8.91,16.47,8.73,18.08
11.90,9.67,9.41,3.50,2.24,12.50,12.55,19.74,22.90,15.50,17.35,9.62,12.49,15.87,15.40,14.24,19.54,3.21,21.53
13.56,13.16,17.30,19.63,22.60,14.62,19.90,9.01,6.13,33.11,9.91,14.96,24.35,34.61,10.29,9.52,2.01,17.83,1.95
11.42,18.22,19.56,7.93,11.93,21.93,23.05,19.50,28.88,8.69,17.01,19.03,2.44,10.78,15.48,15.48,22.91,10.45,24.62
6.14,17.67,20.78,11.21,16.78,21.72,24.72,11.74,24.26,17.19,9.58,19.29,7.07,19.52,8.70,9.59,16.97,12.46,18.28
12.37,13.01,17.27,18.80,22.02,14.84,20.09,7.68,7.44,32.07,8.55,14.90,23.17,33.63,8.97,8.30,0.71,17.11,1.49
6.12,14.03,16.29,5.57,11.06,17.99,20.11,14.45,23.63,13.94,11.92,15.24,5.35,15.78,10.26,10.13,17.54,7.28,19.25
5.92,6.56,10.70,9.36,12.74,10.33,14.49,10.00,13.71,23.16,8.15,8.57,15.34,24.48,6.47,4.75,8.85,7.64,10.82
9.00,15.41,16.98,5.40,10.14,19.18,20.60,17.36,26.05,11.11,14.83,16.31,4.02,12.88,13.16,12.97,20.27,7.79,22.03
7.11,9.00,10.87,2.32,7.04,12.80,14.68,15.12,20.44,16.41,12.67,9.96,10.24,17.53,10.73,9.71,15.82,2.00,17.75
6.90,5.41,8.71,6.62,9.53,9.45,12.66,12.92,16.01,20.87,10.82,7.01,14.08,21.95,8.96,7.42,11.97,4.56,13.96
3.70,14.92,18.04,8.99,14.56,18.97,21.99,10.89,22.10,17.31,8.46,16.53,7.52,19.40,7.12,7.59,15.16,9.92,16.65
5.29,10.92,15.23,12.68,16.92,14.32,18.89,5.34,13.46,25.17,3.70,12.99,16.09,26.86,2.59,1.24,6.37,11.58,8.00
13.72,2.26,4.79,12.81,12.70,2.44,7.44,16.86,12.19,27.04,15.58,2.68,21.38,27.63,14.18,12.41,12.41,10.23,14.17
9.18,2.93,7.14,9.40,11.12,6.81,10.86,13.38,13.40,23.77,11.70,4.94,17.18,24.71,10.09,8.34,10.68,7.02,12.66
11.40,13.97,18.33,18.59,22.26,16.20,21.38,5.72,9.44,31.37,6.89,15.95,22.15,33.05,7.64,7.32,1.79,17.14,2.00
6.03,6.02,9.63,7.24,10.55,10.04,13.56,11.79,15.52,21.28,9.70,7.78,14.02,22.49,7.85,6.30,11.06,5.43,13.03
18.95,11.75,8.40,11.13,5.75,12.16,9.00,25.98,25.16,19.99,23.82,10.30,19.71,19.35,21.91,20.46,24.08,10.13,26.03
10.95,5.07,5.68,6.02,5.84,8.14,9.44,17.48,18.46,19.89,15.37,5.21,15.29,20.42,13.49,11.98,15.91,3.53,17.90
10.23,3.72,5.55,6.88,7.47,7.26,9.49,16.20,16.86,21.08,14.20,4.40,15.80,21.75,12.37,10.78,14.31,4.29,16.30
12.08,13.42,13.58,3.56,5.00,16.55,16.69,20.52,26.04,11.42,17.99,13.64,9.11,12.06,16.10,15.33,21.69,5.67,23.63
5.24,11.74,14.10,4.19,9.75,15.70,17.96,13.75,21.68,15.40,11.21,12.98,7.57,16.99,9.38,8.88,15.98,5.30,17.78
6.38,5.74,9.75,8.60,11.72,9.64,13.59,11.07,14.19,22.62,9.16,7.69,15.16,23.84,7.43,5.74,9.78,6.72,11.76
4.17,12.02,14.68,5.32,10.86,16.04,18.59,12.69,21.25,16.13,10.14,13.40,7.71,17.83,8.35,7.98,15.25,6.19,17.01
11.47,16.31,17.21,5.77,9.17,19.83,20.57,19.91,27.83,9.00,17.37,16.90,5.12,10.49,15.65,15.33,22.46,8.36,24.28
11.84,5.55,5.37,6.28,5.20,8.22,8.96,18.45,19.12,19.75,16.34,5.33,15.66,20.15,14.45,12.95,16.81,3.96,18.79
16.04,4.64,5.56,15.13,14.53,1.81,6.86,18.53,11.58,29.24,17.46,4.27,23.80,29.73,16.19,14.43,13.36,12.53,14.93
9.28,14.54,15.87,4.24,8.82,18.22,19.42,17.76,25.66,11.21,15.21,15.32,5.27,12.74,13.46,13.10,20.21,6.74,22.02
11.93,7.96,12.02,15.79,17.94,9.42,14.69,11.14,6.89,29.92,10.78,9.69,22.12,31.10,10.15,8.67,5.23,13.64,6.86
1.31,13.13,16.59,9.04,14.43,17.14,20.55,9.05,19.67,19.23,6.52,14.88,9.74,21.16,4.93,5.20,12.78,9.33,14.32
2.56,13.35,16.50,7.92,13.44,17.39,20.45,10.63,20.89,17.64,8.11,14.96,8.25,19.57,6.52,6.65,14.21,8.58,15.81
2.84,9.49,12.87,6.78,11.58,13.53,16.82,10.48,17.77,19.44,8.03,11.18,11.16,20.99,6.08,5.15,11.95,6.21,13.78
13.44,16.96,17.30,6.54,8.48,20.22,20.39,21.93,29.10,7.86,19.38,17.30,6.94,8.89,17.62,17.18,24.12,9.03,25.98
11.13,7.90,12.09,15.23,17.59,9.70,14.92,10.45,7.57,29.28,10.00,9.73,21.38,30.51,9.35,7.85,4.91,13.15,6.67
11.58,17.54,18.67,7.10,10.81,21.17,22.10,19.85,28.61,8.49,17.33,18.26,3.62,10.35,15.71,15.58,22.90,9.67,24.66
13.17,1.42,4.35,11.96,11.87,2.82,7.40,16.72,12.85,26.17,15.32,2.06,20.59,26.76,13.85,12.08,12.61,9.37,14.42
3.02,9.07,12.87,8.43,12.87,13.01,16.78,9.06,16.07,21.28,6.75,10.95,12.82,22.83,4.82,3.55,10.11,7.48,11.94
5.90,14.34,16.70,6.09,11.60,18.32,20.54,14.14,23.66,14.15,11.62,15.60,5.25,16.06,10.00,9.96,17.43,7.75,19.11
7.84,4.18,7.95,7.99,10.32,8.20,11.83,12.92,14.66,22.31,11.02,5.99,15.57,23.33,9.27,7.60,11.14,5.75,13.14
8.89,3.48,6.74,7.51,9.17,7.49,10.67,14.33,15.41,21.89,12.40,4.98,15.75,22.76,10.62,8.98,12.41,5.06,14.40
11.90,16.16,16.88,5.61,8.61,19.60,20.16,20.38,27.92,8.89,17.83,16.67,5.83,10.21,16.08,15.69,22.72,8.19,24.56
13.24,7.85,6.68,6.03,2.96,10.05,9.64,20.39,21.49,18.20,18.17,7.30,15.32,18.36,16.24,14.85,19.13,4.49,21.12
16.02,5.48,1.37,11.24,8.56,5.13,3.96,21.36,18.22,24.04,19.58,3.57,20.65,24.08,17.86,16.17,18.08,8.95,19.94
10.67,5.15,5.94,5.79,5.88,8.32,9.73,17.25,18.45,19.74,15.12,5.39,15.04,20.30,13.24,11.74,15.77,3.27,17.76
9.10,3.29,6.53,7.62,9.14,7.29,10.46,14.50,15.38,21.99,12.58,4.77,15.92,22.84,10.81,9.16,12.49,5.14,14.48
13.82,4.70,2.84,8.87,6.84,6.15,6.37,19.68,18.28,22.05,17.76,3.55,18.26,22.27,15.96,14.33,17.09,6.54,19.03
4.45,11.49,14.07,4.78,10.28,15.49,17.97,12.96,21.03,16.15,10.41,12.83,8.05,17.77,8.57,8.08,15.22,5.56,17.01
16.47,10.62,8.17,8.44,3.08,11.92,9.91,23.79,24.29,18.02,21.55,9.57,17.06,17.66,19.61,18.25,22.43,7.60,24.41
9.03,4.78,6.89,5.80,7.33,8.53,10.83,15.43,17.32,20.13,13.32,5.71,14.51,20.92,11.44,9.93,14.13,3.25,16.12
13.22,5.10,3.83,7.91,5.98,7.03,7.31,19.41,18.78,21.08,17.40,4.29,17.31,21.34,15.56,13.99,17.18,5.62,19.14
5.92,11.81,13.97,3.62,9.20,15.73,17.79,14.44,22.12,14.86,11.89,12.96,7.38,16.39,10.05,9.52,16.55,4.99,18.37
2.34,13.70,17.54,11.27,16.48,17.57,21.46,6.60,18.34,21.61,4.09,15.61,11.92,23.60,2.76,3.68,11.00,11.21,12.36
13.51,17.94,18.48,7.41,9.82,21.31,21.65,21.92,29.77,7.04,19.38,18.38,5.91,8.44,17.68,17.38,24.50,9.97,26.32
13.65,11.34,15.31,18.75,21.24,12.47,17.75,10.51,4.88,32.61,10.94,13.02,24.28,33.95,10.92,9.83,3.39,16.74,4.20
4.78,10.67,13.19,4.20,9.59,14.66,17.09,13.19,20.57,16.41,10.67,11.97,8.71,17.92,8.78,8.11,15.02,4.72,16.86
1.34,13.20,16.67,9.14,14.52,17.21,20.63,8.98,19.67,19.29,6.45,14.95,9.78,21.23,4.88,5.17,12.76,9.42,14.29
10.71,7.52,11.76,14.71,17.10,9.50,14.68,10.39,8.07,28.77,9.81,9.39,20.90,30.00,9.07,7.52,5.18,12.63,7.00
4.62,7.40,11.17,7.84,11.75,11.37,15.08,10.35,15.51,21.41,8.18,9.25,13.54,22.78,6.31,4.81,10.30,6.44,12.23
4.13,16.02,19.73,12.33,17.79,19.94,23.67,7.51,20.56,21.01,5.37,17.88,10.99,23.18,4.76,6.05,13.00,12.73,14.18
3.47,12.25,15.09,6.10,11.61,16.29,19.02,11.97,20.96,16.68,9.41,13.72,7.93,18.44,7.65,7.39,14.77,6.83,16.49
14.60,6.93,4.67,8.21,4.90,8.30,7.34,21.14,20.57,20.40,19.07,5.84,17.58,20.43,17.20,15.67,19.08,6.32,21.04
9.57,2.68,7.00,9.88,11.45,6.45,10.65,13.50,12.99,24.25,11.89,4.74,17.68,25.17,10.32,8.57,10.52,7.47,12.48
8.85,5.76,7.54,4.80,6.64,9.43,11.42,15.70,18.25,19.13,13.49,6.57,13.63,19.93,11.58,10.16,14.81,2.25,16.80
14.22,3.74,1.53,10.13,8.40,4.60,5.43,19.48,17.00,23.56,17.70,2.14,19.45,23.82,15.98,14.29,16.35,7.68,18.24
9.11,3.43,6.51,7.38,8.88,7.41,10.45,14.65,15.64,21.75,12.70,4.83,15.75,22.59,10.91,9.28,12.73,4.89,14.72
4.94,13.38,15.91,5.81,11.40,17.39,19.79,13.32,22.56,15.12,10.78,14.71,6.35,16.95,9.09,8.96,16.38,7.15,18.08
13.84,16.38,16.45,6.23,7.40,19.50,19.41,22.36,28.85,8.47,19.81,16.59,8.14,9.14,17.99,17.44,24.17,8.56,26.06
12.78,11.89,16.04,18.50,21.35,13.42,18.70,9.06,6.15,32.11,9.62,13.69,23.52,33.55,9.76,8.82,1.90,16.64,2.90
12.17,12.38,16.62,18.35,21.48,14.18,19.43,7.96,7.18,31.75,8.65,14.25,22.96,33.26,8.93,8.13,0.78,16.62,2.14
9.66,11.33,15.72,16.15,19.62,13.77,18.88,6.36,9.33,29.32,6.49,13.34,20.45,30.89,6.52,5.63,2.05,14.57,3.93
3.76,14.22,17.17,7.85,13.43,18.27,21.11,11.61,22.09,16.59,9.11,15.75,7.06,18.60,7.61,7.83,15.41,8.86,16.99
4.95,16.01,19.00,9.40,14.98,20.06,22.94,11.80,23.34,16.53,9.43,17.57,6.56,18.72,8.22,8.79,16.35,10.61,17.80
11.72,13.24,17.56,18.48,21.91,15.29,20.51,6.73,8.39,31.55,7.66,15.18,22.52,33.16,8.18,7.63,0.70,16.89,1.61
9.40,3.20,6.21,7.52,8.82,7.14,10.15,14.90,15.62,21.88,12.97,4.54,15.98,22.68,11.19,9.55,12.87,5.00,14.85
10.59,18.41,20.08,8.50,12.98,22.23,23.70,18.41,28.46,9.85,15.96,19.38,1.01,12.10,14.52,14.68,22.20,10.89,23.85
12.30,11.38,15.56,17.93,20.79,13.01,18.28,8.92,6.45,31.57,9.34,13.20,23.02,33.00,9.39,8.38,1.91,16.07,3.27
10.52,15.76,16.88,5.30,9.25,19.37,20.34,18.95,27.03,9.84,16.41,16.45,4.76,11.42,14.70,14.39,21.56,7.87,23.37
15.30,3.34,3.50,13.40,12.46,0.72,5.56,18.77,13.42,27.34,17.44,2.28,22.33,27.75,16.00,14.22,14.27,10.81,15.99
9.36,10.49,14.88,15.50,18.86,12.97,18.06,6.90,9.29,28.83,6.74,12.50,20.11,30.35,6.52,5.43,2.64,13.85,4.61
12.27,16.41,17.05,5.87,8.65,19.82,20.30,20.75,28.25,8.57,18.20,16.89,5.99,9.86,16.45,16.06,23.08,8.44,24.92
1.48,10.56,14.26,8.58,13.46,14.52,18.19,8.65,17.23,20.62,6.17,12.40,11.75,22.31,4.23,3.52,10.81,8.09,12.53
6.30,5.86,9.32,6.84,10.06,9.90,13.26,12.28,15.86,20.96,10.16,7.55,13.89,22.12,8.30,6.77,11.53,4.96,13.51
9.60,16.19,17.71,6.09,10.64,19.95,21.29,17.88,26.81,10.46,15.35,17.07,3.38,12.33,13.73,13.60,20.96,8.53,22.70
3.08,14.99,18.41,10.24,15.76,19.00,22.37,9.23,21.08,19.01,6.84,16.73,9.13,21.11,5.67,6.41,13.88,10.85,15.27
14.98,6.63,4.00,8.88,5.65,7.69,6.58,21.30,20.18,21.16,19.28,5.36,18.28,21.17,17.43,15.87,18.98,6.90,20.92
11.56,2.68,6.82,12.12,13.14,5.01,9.92,14.29,11.16,26.50,13.03,4.45,20.03,27.35,11.68,9.91,10.10,9.65,11.94
14.67,11.89,15.73,19.64,21.98,12.72,17.98,11.35,3.89,33.57,11.89,13.48,25.29,34.88,11.92,10.84,4.17,17.59,4.60
9.87,9.34,13.69,15.21,18.21,11.63,16.77,8.28,8.54,28.88,7.96,11.31,20.47,30.28,7.51,6.19,3.33,13.39,5.30
14.46,10.23,8.76,6.16,0.90,12.29,11.23,22.07,23.86,16.42,19.75,9.62,14.79,16.35,17.80,16.54,21.28,5.60,23.28
7.39,14.62,16.58,5.34,10.61,18.51,20.32,15.73,24.71,12.68,13.20,15.70,4.56,14.50,11.54,11.39,18.75,7.41,20.49
11.75,6.70,6.46,5.33,4.11,9.42,9.88,18.77,20.19,18.56,16.56,6.53,14.75,18.95,14.65,13.23,17.55,3.28,19.55
13.40,5.32,3.87,7.94,5.85,7.15,7.26,19.63,18.99,21.01,17.61,4.45,17.35,21.24,15.77,14.20,17.41,5.70,19.37
13.26,3.98,2.86,8.77,7.24,5.79,6.65,18.97,17.62,22.24,17.07,3.03,18.10,22.55,15.29,13.65,16.33,6.34,18.27
12.37,10.96,15.11,17.75,20.50,12.52,17.79,9.32,6.21,31.49,9.64,12.76,23.04,32.88,9.59,8.51,2.41,15.84,3.77
3.80,15.45,18.71,9.92,15.49,19.48,22.66,10.26,22.03,18.03,7.89,17.12,8.10,20.18,6.71,7.40,14.90,10.78,16.31
10.75,17.13,18.46,6.83,10.94,20.83,21.96,18.98,27.94,9.30,16.47,17.93,3.14,11.21,14.87,14.77,22.13,9.35,23.87
10.13,1.91,6.13,9.61,10.78,5.87,9.84,14.37,13.55,23.98,12.72,3.92,17.76,24.81,11.11,9.37,11.40,7.12,13.35
17.66,5.67,4.00,15.21,13.53,1.76,3.98,21.04,14.36,28.80,19.78,4.16,24.35,29.02,18.36,16.59,16.21,12.67,17.83
8.33,8.30,12.72,13.45,16.58,11.09,16.04,8.25,10.12,27.10,7.38,10.35,18.79,28.50,6.52,4.97,4.86,11.67,6.85
15.84,4.24,0.92,12.32,10.42,2.91,3.77,20.37,16.11,25.71,18.79,2.16,21.60,25.91,17.18,15.44,16.50,9.84,18.30
4.46,16.45,20.07,12.23,17.75,20.40,24.01,8.25,21.32,20.41,6.14,18.28,10.35,22.63,5.53,6.75,13.78,12.79,14.96
13.32,1.32,3.57,11.53,11.16,2.76,6.82,17.25,13.68,25.65,15.77,1.23,20.33,26.18,14.24,12.48,13.36,8.94,15.19
13.42,11.67,15.71,18.78,21.42,12.95,18.23,9.98,5.28,32.55,10.49,13.40,24.11,33.93,10.55,9.53,2.82,16.84,3.61
10.65,11.12,15.45,16.72,19.92,13.26,18.45,7.42,8.17,30.13,7.65,13.07,21.41,31.63,7.65,6.68,1.54,15.01,3.52
11.99,8.90,12.99,16.37,18.73,10.40,15.67,10.50,6.53,30.39,10.33,10.66,22.37,31.64,9.88,8.49,4.30,14.30,5.88
12.13,12.16,16.40,18.23,21.31,13.95,19.20,8.10,7.07,31.67,8.73,14.03,22.92,33.17,8.96,8.12,0.95,16.47,2.36
7.65,4.36,8.17,8.03,10.47,8.38,12.05,12.70,14.60,22.32,10.80,6.20,15.50,23.37,9.05,7.38,10.98,5.83,12.97
14.65,3.03,1.50,11.53,10.16,2.84,5.00,19.16,15.47,25.21,17.56,0.94,20.70,25.53,15.95,14.21,15.43,8.99,17.26
18.52,12.39,9.45,10.28,4.72,13.24,10.46,25.88,25.98,18.40,23.63,11.14,18.49,17.73,21.70,20.34,24.42,9.64,26.40
3.43,14.95,18.79,12.19,17.51,18.81,22.71,6.43,19.13,21.82,4.11,16.86,11.93,23.90,3.33,4.64,11.59,12.30,12.82
11.22,11.25,15.53,17.17,20.26,13.22,18.44,7.88,7.60,30.64,8.20,13.16,21.97,32.13,8.23,7.26,1.39,15.40,3.28
10.67,11.02,15.34,16.68,19.85,13.14,18.33,7.54,8.10,30.11,7.74,12.96,21.42,31.61,7.71,6.71,1.63,14.95,3.60
8.24,13.48,15.02,3.49,8.58,17.23,18.66,16.75,24.47,12.41,14.20,14.35,5.95,13.91,12.41,11.97,19.03,5.83,20.86
4.99,14.72,17.40,7.34,12.91,18.74,21.30,12.91,23.20,15.28,10.42,16.13,5.81,17.30,8.92,9.09,16.65,8.72,18.25
10.82,1.44,5.85,10.37,11.30,5.17,9.40,14.69,13.00,24.73,13.15,3.52,18.57,25.53,11.60,9.84,11.32,7.85,13.24
1.67,12.71,16.00,8.06,13.48,16.74,19.96,9.96,19.98,18.42,7.41,14.38,9.13,20.31,5.74,5.77,13.32,8.44,14.94
10.53,16.48,17.74,6.12,10.21,20.15,21.23,18.86,27.46,9.59,16.33,17.24,3.81,11.36,14.68,14.49,21.78,8.66,23.55
13.78,11.59,15.56,18.95,21.47,12.71,17.99,10.47,4.83,32.79,10.96,13.26,24.43,34.14,10.99,9.92,3.32,16.96,4.03
6.35,15.44,17.85,7.16,12.61,19.43,21.69,14.27,24.44,13.92,11.79,16.73,4.48,15.97,10.29,10.44,17.99,8.89,19.61
12.93,6.64,5.58,6.51,4.19,8.85,8.79,19.74,20.30,19.29,17.59,6.07,15.92,19.52,15.69,14.23,18.15,4.55,20.13
8.67,15.17,16.81,5.26,10.14,18.96,20.45,17.03,25.73,11.45,14.50,16.10,4.16,13.22,12.82,12.63,19.94,7.61,21.69
8.61,3.87,7.00,7.13,8.96,7.87,10.95,14.26,15.72,21.51,12.28,5.32,15.34,22.41,10.47,8.86,12.55,4.70,14.54
10.39,10.21,14.53,16.05,19.12,12.37,17.54,7.97,8.14,29.62,7.93,12.15,21.08,31.07,7.70,6.55,2.43,14.27,4.39
1.82,13.63,17.35,10.59,15.88,17.56,21.28,7.44,18.90,20.77,4.94,15.49,11.10,22.75,3.53,4.23,11.69,10.66,13.11
13.33,18.35,19.06,7.80,10.55,21.80,22.29,21.67,29.94,6.90,19.14,18.87,5.16,8.56,17.49,17.27,24.49,10.38,26.29
9.18,11.40,15.81,15.85,19.44,13.97,19.04,5.92,9.87,28.91,5.96,13.43,19.99,30.51,5.98,5.13,2.48,14.34,4.26
6.21,6.02,10.10,8.91,12.13,9.87,13.91,10.66,13.96,22.86,8.78,8.00,15.26,24.11,7.07,5.36,9.39,7.10,11.38
8.34,4.12,8.43,9.82,12.09,7.81,12.10,12.08,12.80,24.09,10.45,6.18,17.02,25.17,8.89,7.13,9.49,7.62,11.48
13.26,12.82,16.97,19.28,22.23,14.33,19.60,8.91,6.21,32.78,9.72,14.62,24.04,34.26,10.04,9.24,1.80,17.46,2.11
11.74,7.27,7.00,4.90,3.61,10.00,10.36,18.95,20.71,17.98,16.70,7.12,14.31,18.36,14.77,13.40,17.93,3.06,19.92
4.50,14.35,17.11,7.32,12.90,18.38,21.03,12.47,22.70,15.74,9.97,15.80,6.31,17.73,8.44,8.59,16.15,8.55,17.76
4.41,15.61,18.68,9.34,14.92,19.66,22.62,11.31,22.80,16.96,8.93,17.20,7.05,19.12,7.68,8.24,15.80,10.42,17.26
11.58,4.53,4.82,6.86,6.22,7.36,8.61,17.84,18.10,20.62,15.79,4.44,16.15,21.09,13.94,12.39,15.92,4.38,17.90
12.85,11.15,15.24,18.16,20.82,12.56,17.84,9.72,5.73,31.94,10.10,12.91,23.52,33.31,10.08,9.00,2.68,16.22,3.81
3.74,13.43,16.28,6.91,12.49,17.47,20.21,11.98,21.79,16.34,9.44,14.91,7.15,18.24,7.82,7.82,15.34,7.90,16.98
9.37,11.59,15.99,16.08,19.67,14.13,19.21,5.88,9.78,29.12,6.02,13.62,20.17,30.73,6.11,5.31,2.28,14.57,4.04
6.11,18.09,21.53,12.83,18.41,22.09,25.48,9.96,23.33,19.43,8.03,19.85,9.32,21.78,7.54,8.76,15.76,13.74,16.90
11.52,13.28,17.61,18.36,21.85,15.39,20.60,6.47,8.65,31.38,7.41,15.23,22.32,33.01,7.95,7.43,0.87,16.81,1.76
16.18,9.00,6.24,8.90,4.30,10.01,8.02,23.04,22.59,19.72,20.91,7.77,17.99,19.49,19.01,17.54,21.17,7.50,23.13
8.91,6.75,8.18,3.81,5.90,10.32,11.98,16.16,19.26,18.10,13.88,7.43,12.83,18.90,11.94,10.62,15.64,1.22,17.63
6.69,5.47,8.93,6.93,9.92,9.52,12.87,12.54,15.72,21.13,10.46,7.15,14.19,22.25,8.62,7.06,11.59,4.93,13.57
16.45,15.84,19.79,22.69,25.56,16.83,22.09,10.90,5.63,36.14,12.28,17.51,27.26,37.65,12.94,12.37,4.81,20.86,3.39
2.89,13.21,16.26,7.46,12.99,17.26,20.21,11.10,21.09,17.22,8.56,14.78,7.94,19.13,6.93,6.98,14.52,8.19,16.15
2.36,13.00,16.16,7.72,13.21,17.04,20.11,10.59,20.61,17.75,8.05,14.61,8.46,19.65,6.41,6.45,14.00,8.30,15.62
9.98,2.50,6.90,10.35,11.79,6.10,10.46,13.63,12.58,24.73,12.10,4.59,18.18,25.63,10.58,8.81,10.38,7.93,12.32
12.95,5.82,4.76,7.10,5.08,7.96,8.11,19.46,19.50,20.14,17.38,5.19,16.52,20.40,15.51,13.99,17.58,4.93,19.56
9.16,16.19,17.85,6.29,11.04,20.00,21.49,17.37,26.56,10.90,14.86,17.14,3.13,12.82,13.26,13.19,20.59,8.65,22.32
4.17,15.63,18.80,9.72,15.31,19.68,22.75,10.79,22.48,17.52,8.42,17.27,7.58,19.68,7.23,7.87,15.40,10.70,16.82
12.36,18.43,19.50,7.96,11.45,22.04,22.88,20.56,29.51,7.69,18.05,19.12,3.57,9.66,16.47,16.39,23.75,10.54,25.49
12.29,6.37,5.78,6.06,4.37,8.86,9.16,19.12,19.97,19.16,16.96,6.01,15.48,19.48,15.06,13.60,17.63,3.98,19.62
2.01,13.55,17.34,10.91,16.14,17.44,21.26,6.97,18.49,21.26,4.45,15.44,11.60,23.23,3.04,3.81,11.22,10.88,12.62
14.07,16.35,16.33,6.30,7.20,19.42,19.25,22.59,28.91,8.56,20.04,16.51,8.49,9.12,18.21,17.63,24.31,8.59,26.21
3.18,15.12,18.56,10.42,15.94,19.13,22.52,9.13,21.09,19.13,6.76,16.87,9.23,21.25,5.63,6.42,13.86,11.03,15.23
17.12,10.95,8.26,9.11,3.72,12.03,9.72,24.39,24.58,18.41,22.16,9.79,17.69,17.97,20.23,18.85,22.91,8.25,24.89
8.62,5.62,7.60,4.98,6.97,9.36,11.50,15.39,17.97,19.34,13.20,6.53,13.68,20.17,11.29,9.85,14.48,2.47,16.48
5.88,14.72,17.14,6.59,12.09,18.71,20.99,13.99,23.82,14.24,11.48,16.01,5.07,16.21,9.91,9.96,17.47,8.22,19.13
11.99,18.75,20.02,8.41,12.24,22.44,23.49,20.03,29.46,8.16,17.55,19.54,2.57,10.31,16.03,16.05,23.49,10.95,25.20
2.06,10.76,14.04,6.94,12.08,14.80,18.00,10.37,18.76,18.78,7.84,12.42,10.13,20.45,5.95,5.38,12.60,6.84,14.36
7.29,4.73,8.46,7.77,10.40,8.75,12.36,12.53,14.85,22.03,10.58,6.53,15.13,23.11,8.80,7.16,11.04,5.64,13.03
18.14,6.69,2.54,13.85,11.01,4.50,1.43,22.82,17.81,26.55,21.23,4.61,23.25,26.50,19.61,17.88,18.81,11.52,20.57
4.90,10.48,12.98,4.06,9.42,14.46,16.87,13.28,20.48,16.46,10.76,11.77,8.86,17.94,8.86,8.15,15.00,4.51,16.85
11.97,4.25,4.32,7.36,6.50,6.90,8.11,18.06,17.90,21.07,16.06,3.99,16.65,21.50,14.22,12.64,15.94,4.89,17.91
9.55,11.38,15.78,16.10,19.60,13.86,18.96,6.22,9.48,29.23,6.34,13.40,20.34,30.81,6.37,5.51,2.14,14.54,3.98
13.79,2.06,2.40,11.14,10.25,2.95,5.94,18.20,14.86,25.04,16.61,0.02,20.18,25.47,15.01,13.26,14.53,8.57,16.38
8.78,7.47,11.88,13.25,16.12,10.18,15.15,9.17,9.86,27.11,8.25,9.50,19.04,28.43,7.31,5.69,5.40,11.34,7.38
5.35,14.80,17.39,7.14,12.69,18.81,21.27,13.31,23.48,14.89,10.82,16.17,5.48,16.90,9.30,9.44,16.99,8.61,18.61
10.25,4.09,5.68,6.54,7.08,7.56,9.60,16.40,17.26,20.71,14.36,4.67,15.54,21.36,12.51,10.95,14.64,3.95,16.63
3.24,10.24,13.27,5.77,10.91,14.29,17.23,11.49,19.14,18.05,8.98,11.78,9.83,19.62,7.07,6.35,13.33,5.70,15.15
12.64,12.23,16.41,18.59,21.56,13.85,19.12,8.64,6.52,32.11,9.29,14.06,23.41,33.58,9.51,8.64,1.45,16.78,2.44
7.53,4.51,8.50,8.54,11.08,8.45,12.33,12.22,14.08,22.79,10.37,6.44,15.78,23.88,8.67,6.96,10.37,6.40,12.37
18.71,8.77,4.51,12.70,8.62,7.88,4.10,24.52,21.22,24.03,22.66,6.85,22.02,23.70,20.88,19.24,21.37,10.80,23.23
5.32,6.75,10.31,7.05,10.73,10.77,14.25,11.40,15.92,20.90,9.23,8.50,13.43,22.18,7.34,5.87,11.11,5.47,13.07
15.72,7.01,3.89,9.60,6.08,7.66,6.04,21.95,20.41,21.63,19.96,5.55,18.97,21.56,18.13,16.55,19.47,7.65,21.40
13.95,2.75,1.75,10.63,9.39,3.64,5.62,18.76,15.84,24.35,17.08,0.98,19.82,24.70,15.42,13.70,15.35,8.10,17.22
13.27,6.81,5.52,6.76,4.13,8.87,8.61,20.07,20.48,19.36,17.93,6.14,16.15,19.54,16.03,14.56,18.43,4.85,20.41
7.32,16.88,19.28,8.43,13.78,20.87,23.11,14.79,25.61,13.51,12.38,18.17,3.59,15.73,11.04,11.38,18.96,10.28,20.51
11.64,8.20,12.32,15.74,18.03,9.80,15.05,10.69,7.03,29.81,10.35,9.97,21.91,31.03,9.76,8.30,4.82,13.64,6.50
14.35,2.43,2.43,11.86,10.88,2.23,5.58,18.49,14.51,25.74,16.98,0.70,20.89,26.15,15.42,13.66,14.56,9.29,16.37
4.35,15.41,18.44,9.06,14.64,19.46,22.38,11.44,22.75,16.80,9.03,16.98,6.94,18.94,7.74,8.24,15.81,10.15,17.29
8.69,4.29,6.98,6.47,8.24,8.20,10.94,14.72,16.45,20.85,12.67,5.52,14.89,21.71,10.83,9.26,13.24,4.00,15.23
12.97,8.80,7.89,5.16,1.95,11.21,10.84,20.45,22.34,16.99,18.15,8.41,14.29,17.17,16.21,14.91,19.62,4.10,21.61
11.20,6.56,6.69,4.98,4.42,9.48,10.23,18.24,19.93,18.49,16.02,6.57,14.39,18.96,14.10,12.70,17.12,2.79,19.12
18.22,13.47,16.66,22.41,24.08,13.17,18.16,14.99,0.22,36.59,15.63,14.66,28.69,37.75,15.64,14.50,7.82,20.17,7.77
15.44,4.17,0.27,11.60,9.63,3.59,4.12,20.26,16.61,24.93,18.61,2.12,20.92,25.12,16.95,15.23,16.66,9.15,18.49
3.13,14.35,18.25,12.04,17.27,18.19,22.15,6.08,18.45,22.11,3.65,16.29,12.32,24.15,2.67,3.93,10.95,12.00,12.22
0.50,12.48,16.06,9.10,14.36,16.47,20.00,8.57,18.84,19.84,6.02,14.28,10.48,21.72,4.32,4.41,12.00,9.15,13.57
9.11,9.26,13.66,14.62,17.78,11.79,16.86,7.82,9.31,28.19,7.32,11.28,19.72,29.63,6.78,5.43,3.66,12.87,5.66
12.57,4.77,4.14,7.50,6.08,7.07,7.78,18.76,18.45,20.93,16.75,4.22,16.87,21.27,14.91,13.34,16.64,5.13,18.61
15.06,7.56,5.11,8.36,4.62,8.81,7.50,21.71,21.18,20.17,19.62,6.42,17.67,20.12,17.74,16.23,19.71,6.62,21.68
11.62,15.82,16.57,5.27,8.40,19.27,19.88,20.11,27.58,9.23,17.56,16.34,5.90,10.54,15.80,15.39,22.40,7.85,24.24
14.46,7.14,5.02,7.90,4.54,8.63,7.70,21.12,20.80,20.03,19.02,6.12,17.26,20.07,17.13,15.63,19.18,6.08,21.15
10.88,9.19,13.45,15.81,18.53,11.13,16.35,9.23,7.54,29.64,9.02,11.07,21.39,30.99,8.59,7.26,3.49,13.87,5.32
3.89,15.36,18.55,9.57,15.15,19.40,22.50,10.64,22.22,17.62,8.25,17.00,7.73,19.76,7.02,7.63,15.16,10.50,16.60
5.18,17.14,20.55,11.92,17.49,21.14,24.51,9.76,22.70,19.11,7.67,18.88,9.01,21.39,6.96,8.06,15.24,12.78,16.46
13.01,5.32,4.23,7.53,5.64,7.39,7.68,19.33,19.01,20.69,17.29,4.62,16.93,20.96,15.44,13.88,17.25,5.27,19.22
11.73,10.27,14.47,16.98,19.72,11.98,17.24,9.19,6.73,30.74,9.31,12.11,22.36,32.12,9.12,7.94,2.68,15.06,4.31
6.21,7.21,9.90,4.69,8.51,11.20,13.84,13.44,18.03,18.79,11.12,8.54,12.03,19.95,9.18,7.91,13.51,3.14,15.46
8.44,15.46,17.22,5.75,10.72,19.30,20.90,16.73,25.77,11.61,14.20,16.45,3.75,13.48,12.57,12.46,19.83,8.02,21.56
13.77,1.76,3.35,11.88,11.34,2.33,6.44,17.64,13.70,25.94,16.18,1.17,20.73,26.44,14.66,12.89,13.62,9.29,15.43
14.87,12.85,16.75,20.26,22.80,13.78,19.05,10.91,4.21,34.05,11.67,14.48,25.58,35.43,11.87,10.93,3.77,18.29,3.77
18.51,10.56,7.03,11.15,6.12,10.76,7.58,25.24,23.84,20.98,23.15,9.01,20.07,20.47,21.27,19.76,23.02,9.85,24.96
13.81,15.03,14.81,5.42,5.61,17.97,17.67,22.30,27.83,10.06,19.76,15.08,9.54,10.42,17.88,17.16,23.56,7.45,25.50
11.48,16.51,17.45,5.97,9.44,20.05,20.81,19.90,27.95,8.89,17.36,17.12,4.87,10.45,15.66,15.37,22.53,8.57,24.34
7.89,4.31,8.49,9.21,11.62,8.14,12.25,12.08,13.41,23.47,10.34,6.32,16.41,24.55,8.71,6.97,9.87,7.04,11.86
11.83,5.79,5.59,6.08,4.96,8.47,9.14,18.53,19.35,19.51,16.39,5.58,15.48,19.90,14.50,13.02,16.97,3.81,18.96
4.65,15.66,18.65,9.12,14.71,19.70,22.58,11.68,23.05,16.58,9.29,17.21,6.68,18.74,8.02,8.54,16.10,10.29,17.58
10.31,10.53,14.87,16.17,19.32,12.73,17.90,7.63,8.31,29.65,7.65,12.48,21.03,31.13,7.50,6.40,2.15,14.43,4.13
8.83,3.39,6.83,7.75,9.46,7.43,10.75,14.12,15.12,22.13,12.22,5.00,15.89,23.02,10.46,8.80,12.13,5.32,14.11
0.76,12.41,16.12,9.72,14.89,16.35,20.05,7.80,18.19,20.65,5.25,14.26,11.26,22.53,3.51,3.66,11.24,9.60,12.79
6.65,18.50,22.24,14.56,20.09,22.39,26.18,8.00,22.19,21.91,6.47,20.38,11.79,24.25,6.56,8.11,14.39,15.14,15.31
14.27,9.14,7.55,6.46,2.01,11.09,10.11,21.62,22.81,17.55,19.35,8.45,15.46,17.53,17.42,16.07,20.49,5.40,22.48
11.70,16.79,17.72,6.26,9.65,20.33,21.07,20.10,28.23,8.62,17.57,17.41,4.78,10.21,15.87,15.60,22.79,8.85,24.59
6.78,5.34,8.86,7.11,10.04,9.38,12.79,12.50,15.53,21.32,10.45,7.05,14.37,22.43,8.61,7.04,11.45,5.09,13.43
4.85,16.85,20.37,12.15,17.70,20.83,24.33,8.97,22.03,19.82,6.89,18.64,9.74,22.08,6.25,7.42,14.51,12.85,15.71
12.81,5.49,4.55,7.20,5.38,7.68,8.00,19.23,19.17,20.38,17.17,4.89,16.61,20.66,15.31,13.77,17.28,4.96,19.25
9.20,13.76,15.01,3.38,8.00,17.40,18.55,17.72,25.11,11.70,15.17,14.49,6.14,13.08,13.36,12.89,19.85,5.91,21.70
6.87,5.20,8.79,7.31,10.18,9.24,12.71,12.46,15.33,21.53,10.43,6.94,14.57,22.63,8.61,7.01,11.29,5.26,13.28
12.95,3.71,3.03,8.65,7.35,5.75,6.88,18.62,17.37,22.24,16.73,2.92,17.94,22.59,14.95,13.30,16.01,6.18,17.95
10.24,15.98,17.25,5.62,9.80,19.65,20.75,18.63,27.03,9.95,16.09,16.75,4.19,11.65,14.41,14.17,21.42,8.16,23.20
8.61,16.32,18.18,6.75,11.72,20.19,21.88,16.70,26.30,11.50,14.20,17.37,2.85,13.53,12.66,12.68,20.15,8.99,21.84
6.56,5.55,9.08,7.07,10.12,9.59,13.01,12.34,15.59,21.24,10.27,7.27,14.22,22.38,8.43,6.86,11.40,5.11,13.38
7.44,5.82,8.44,5.30,8.10,9.77,12.39,14.13,17.35,19.65,11.92,7.08,13.36,20.64,10.02,8.59,13.44,3.11,15.42
13.93,8.55,12.18,17.31,19.00,9.11,14.37,12.85,5.35,31.56,12.68,9.98,24.00,32.66,12.14,10.67,6.34,15.04,7.59
5.41,15.15,17.79,7.56,13.10,19.17,21.67,13.22,23.65,14.97,10.74,16.54,5.39,17.03,9.28,9.50,17.07,9.03,18.66
13.25,17.00,17.42,6.54,8.69,20.31,20.55,21.73,29.05,7.84,19.19,17.38,6.62,8.97,17.43,17.02,24.00,9.06,25.85
4.90,16.79,20.50,12.96,18.45,20.71,24.44,7.66,21.11,21.17,5.69,18.66,11.09,23.40,5.32,6.70,13.47,13.43,14.57
5.46,11.10,13.40,3.66,9.18,15.05,17.26,13.93,21.33,15.62,11.39,12.30,8.13,17.11,9.52,8.90,15.82,4.61,17.66
10.13,13.98,18.39,17.71,21.65,16.53,21.62,4.26,10.86,30.17,5.38,16.01,20.82,31.92,6.23,6.11,2.95,16.42,3.52
0.99,12.96,16.50,9.29,14.62,16.95,20.45,8.62,19.25,19.68,6.08,14.74,10.21,21.61,4.47,4.74,12.32,9.45,13.85
6.44,5.88,10.00,9.13,12.26,9.69,13.79,10.68,13.71,23.11,8.84,7.88,15.53,24.35,7.16,5.44,9.23,7.27,11.22
9.17,16.68,18.43,6.91,11.70,20.52,22.09,17.26,26.81,10.94,14.77,17.67,2.54,12.97,13.22,13.24,20.70,9.23,22.39
12.47,0.54,4.29,11.08,11.13,3.54,7.69,16.39,13.40,25.31,14.88,1.91,19.71,25.92,13.34,11.58,12.64,8.49,14.50
13.13,7.16,6.00,6.36,3.69,9.33,9.07,20.08,20.82,18.87,17.90,6.58,15.74,19.06,15.99,14.55,18.61,4.57,20.59
2.37,13.37,16.57,8.14,13.64,17.41,20.52,10.38,20.74,17.88,7.85,15.01,8.45,19.82,6.27,6.44,14.02,8.74,15.60
0.84,12.55,16.02,8.72,14.04,16.56,19.98,9.07,19.25,19.34,6.52,14.30,10.00,21.22,4.83,4.89,12.47,8.88,14.06
11.10,2.27,4.51,8.38,8.57,5.78,8.45,16.39,15.74,22.56,14.55,2.98,17.26,23.17,12.81,11.13,13.83,5.79,15.79
11.94,10.38,14.55,17.17,19.89,12.02,17.28,9.33,6.53,30.95,9.49,12.19,22.57,32.32,9.32,8.15,2.70,15.24,4.26
4.38,8.43,12.53,9.76,13.78,12.19,16.34,8.41,14.35,22.95,6.39,10.43,14.54,24.45,4.64,2.97,8.50,8.47,10.38
13.47,8.40,7.16,5.95,2.42,10.57,10.00,20.75,22.04,17.76,18.50,7.84,15.14,17.87,16.57,15.21,19.62,4.64,21.61
10.71,10.22,14.52,16.28,19.27,12.28,17.48,8.25,7.80,29.89,8.26,12.14,21.39,31.33,8.04,6.88,2.40,14.46,4.31
9.37,17.17,18.96,7.45,12.23,21.02,22.63,17.34,27.16,10.85,14.87,18.19,2.01,12.96,13.37,13.46,20.96,9.76,22.62
11.38,3.30,4.40,7.69,7.46,6.40,8.34,17.14,16.86,21.69,15.20,3.47,16.79,22.22,13.40,11.78,14.86,5.12,16.83
9.82,14.86,16.07,4.45,8.73,18.50,19.57,18.30,26.14,10.71,15.75,15.59,5.26,12.21,14.00,13.63,20.73,7.00,22.55
10.71,16.25,17.41,5.81,9.75,19.88,20.86,19.10,27.42,9.51,16.56,16.97,4.31,11.18,14.88,14.63,21.86,8.38,23.65
9.00,7.50,11.90,13.44,16.26,10.13,15.14,9.25,9.65,27.32,8.39,9.52,19.26,28.63,7.47,5.87,5.29,11.52,7.27
15.18,6.74,3.97,9.06,5.73,7.70,6.45,21.48,20.26,21.26,19.47,5.42,18.45,21.25,17.62,16.05,19.12,7.09,21.06
3.25,12.63,15.54,6.58,12.11,16.67,19.48,11.68,21.05,16.82,9.13,14.13,7.85,18.64,7.41,7.26,14.72,7.34,16.40
11.51,19.01,20.51,8.88,13.06,22.78,24.06,19.36,29.30,8.91,16.92,19.90,1.44,11.19,15.47,15.60,23.11,11.36,24.77
2.97,14.92,18.38,10.32,15.82,18.92,22.33,9.05,20.91,19.19,6.66,16.68,9.32,21.29,5.48,6.24,13.70,10.88,15.09
10.58,7.20,7.63,4.02,4.28,10.32,11.19,17.89,20.34,17.69,15.61,7.39,13.43,18.24,13.68,12.35,17.16,1.91,19.16
3.29,13.26,16.21,7.14,12.69,17.30,20.15,11.53,21.40,16.79,9.00,14.78,7.58,18.69,7.36,7.37,14.90,7.99,16.54
2.87,10.67,13.74,6.10,11.31,14.71,17.69,11.23,19.30,18.03,8.71,12.23,9.62,19.66,6.82,6.21,13.33,6.14,15.12
14.53,12.00,15.88,19.62,22.03,12.91,18.18,11.10,4.11,33.51,11.67,13.62,25.18,34.84,11.73,10.68,3.91,17.59,4.32
9.37,14.08,15.31,3.69,8.20,17.72,18.84,17.88,25.41,11.41,15.33,14.81,5.88,12.83,13.54,13.10,20.11,6.22,21.94
12.07,1.92,5.91,11.96,12.60,4.19,9.01,15.15,11.77,26.31,13.83,3.55,20.15,27.06,12.43,10.65,11.02,9.43,12.85
15.71,12.88,16.62,20.76,23.06,13.50,18.73,11.98,3.13,34.69,12.70,14.40,26.37,36.00,12.84,11.84,4.83,18.71,4.81
10.97,13.50,17.87,18.08,21.74,15.78,20.95,5.64,9.47,30.91,6.63,15.49,21.74,32.58,7.27,6.88,1.61,16.62,2.33
10.46,11.17,15.51,16.62,19.87,13.37,18.55,7.21,8.40,29.98,7.42,13.13,21.23,31.49,7.43,6.47,1.57,14.93,3.56
13.84,11.59,15.55,18.99,21.49,12.69,17.97,10.55,4.75,32.84,11.04,13.26,24.49,34.19,11.06,9.99,3.40,16.99,4.09
7.73,4.29,8.25,8.46,10.88,8.26,12.09,12.48,14.17,22.74,10.63,6.20,15.83,23.80,8.92,7.22,10.58,6.27,12.57
9.40,14.54,15.84,4.21,8.72,18.21,19.38,17.89,25.73,11.13,15.34,15.31,5.34,12.64,13.58,13.20,20.30,6.73,22.12
8.52,4.39,8.77,10.46,12.75,7.87,12.36,11.74,12.17,24.70,10.22,6.47,17.50,25.80,8.74,6.97,8.88,8.27,10.86
11.87,3.93,4.22,7.53,6.82,6.66,8.07,17.84,17.57,21.32,15.86,3.74,16.78,21.77,14.04,12.44,15.64,5.02,17.61
9.74,15.86,17.26,5.63,10.07,19.57,20.82,18.10,26.70,10.39,15.57,16.69,3.93,12.14,13.90,13.70,20.99,8.12,22.76
7.39,4.65,8.64,8.50,11.11,8.60,12.47,12.10,14.13,22.73,10.25,6.58,15.68,23.84,8.53,6.83,10.33,6.39,12.33
12.66,1.54,3.13,10.01,9.52,4.08,6.95,17.39,15.12,24.03,15.70,1.24,18.99,24.53,14.05,12.32,14.13,7.43,16.03
14.68,12.09,15.94,19.75,22.14,12.95,18.21,11.22,3.96,33.65,11.81,13.69,25.33,34.97,11.88,10.83,4.04,17.72,4.40
10.28,16.43,17.76,6.13,10.36,20.13,21.28,18.60,27.31,9.81,16.07,17.23,3.63,11.61,14.43,14.26,21.57,8.65,23.34
12.70,2.85,2.95,9.05,8.15,5.12,6.91,18.05,16.51,22.85,16.23,2.21,18.24,23.28,14.49,12.81,15.23,6.51,17.16
5.42,16.83,19.91,10.41,15.99,20.87,23.85,11.56,23.67,17.02,9.30,18.43,6.94,19.29,8.26,9.03,16.50,11.60,17.87
11.87,19.06,20.46,8.83,12.82,22.80,23.96,19.79,29.54,8.44,17.34,19.91,1.96,10.68,15.87,15.96,23.44,11.34,25.12
4.77,16.25,20.13,13.40,18.77,20.08,24.03,6.22,19.81,22.40,4.25,18.18,12.38,24.57,4.09,5.64,12.09,13.60,13.14
11.97,8.05,7.65,4.56,2.89,10.74,10.89,19.38,21.47,17.26,17.09,7.87,13.90,17.60,15.15,13.84,18.58,3.12,20.57
9.78,11.06,15.44,16.09,19.48,13.45,18.58,6.70,9.08,29.35,6.78,13.06,20.56,30.90,6.74,5.78,2.05,14.47,4.00
4.40,14.33,17.12,7.38,12.96,18.37,21.04,12.37,22.63,15.84,9.87,15.79,6.40,17.83,8.34,8.49,16.05,8.59,17.66
15.11,3.15,2.34,12.56,11.34,1.65,4.98,19.11,14.53,26.35,17.65,1.43,21.63,26.70,16.12,14.36,14.98,9.99,16.75
8.87,7.46,11.86,13.31,16.15,10.14,15.12,9.22,9.79,27.18,8.32,9.48,19.12,28.49,7.38,5.77,5.38,11.39,7.36
10.15,3.68,5.61,6.90,7.56,7.26,9.56,16.10,16.78,21.12,14.09,4.42,15.79,21.80,12.27,10.68,14.21,4.31,16.19
2.51,14.21,17.98,11.26,16.57,18.12,21.91,7.02,19.03,21.16,4.58,16.10,11.39,23.20,3.40,4.38,11.67,11.36,13.01
14.57,8.89,7.08,6.96,2.56,10.67,9.54,21.79,22.58,18.12,19.56,8.08,16.03,18.06,17.63,16.25,20.46,5.75,22.45
2.18,13.78,17.12,8.97,14.46,17.81,21.08,9.68,20.57,18.52,7.18,15.48,8.92,20.52,5.70,6.07,13.65,9.50,15.17
11.39,5.25,5.48,6.16,5.55,8.13,9.18,17.94,18.75,19.85,15.83,5.21,15.49,20.32,13.95,12.44,16.32,3.74,18.31
10.47,14.44,15.36,3.89,7.64,17.95,18.76,18.99,26.16,10.66,16.44,15.03,6.34,11.92,14.63,14.14,21.05,6.48,22.91
9.33,3.90,8.32,10.97,12.94,7.16,11.79,12.29,11.69,25.28,10.87,5.97,18.24,26.32,9.45,7.68,8.96,8.70,10.91
9.74,10.61,14.98,15.83,19.12,12.98,18.11,7.09,8.93,29.20,7.04,12.60,20.49,30.70,6.87,5.81,2.33,14.15,4.32
9.35,3.12,6.27,7.67,9.02,7.10,10.21,14.74,15.43,22.03,12.83,4.54,16.06,22.85,11.07,9.41,12.67,5.16,14.65
8.85,7.86,12.26,13.56,16.49,10.51,15.51,8.88,9.69,27.36,8.04,9.88,19.20,28.70,7.18,5.61,5.01,11.68,6.99
13.00,18.56,19.44,8.03,11.12,22.09,22.74,21.26,29.90,7.08,18.75,19.17,4.40,8.93,17.13,16.99,24.29,10.62,26.06
1.87,13.78,17.46,10.48,15.81,17.72,21.39,7.69,19.19,20.51,5.20,15.62,10.82,22.51,3.83,4.52,11.99,10.63,13.41
12.93,8.14,7.19,5.50,2.60,10.50,10.20,20.22,21.73,17.68,17.97,7.71,14.77,17.87,16.03,14.68,19.17,4.11,21.16
1.67,10.34,13.95,8.10,12.98,14.33,17.89,9.13,17.43,20.24,6.66,12.14,11.49,21.91,4.72,3.96,11.15,7.62,12.90
16.21,4.72,0.79,12.42,10.27,3.33,3.35,20.86,16.60,25.65,19.26,2.64,21.74,25.79,17.63,15.89,17.03,9.98,18.83
16.80,7.25,3.42,10.94,7.33,7.16,4.79,22.73,20.26,22.87,20.82,5.51,20.33,22.73,19.03,17.40,19.86,8.94,21.76
3.03,14.19,18.10,11.96,17.17,18.02,21.99,6.05,18.31,22.14,3.60,16.13,12.37,24.16,2.54,3.77,10.83,11.89,12.11
8.17,4.00,7.49,7.50,9.61,8.05,11.41,13.58,15.22,21.86,11.63,5.66,15.40,22.82,9.85,8.21,11.86,5.17,13.86
12.90,10.60,14.64,17.89,20.40,11.91,17.19,10.20,5.54,31.77,10.45,12.32,23.49,33.10,10.31,9.14,3.29,15.89,4.48
2.63,12.95,16.93,11.50,16.52,16.75,20.81,5.90,17.14,22.48,3.35,14.92,12.93,24.39,1.69,2.50,9.83,11.17,11.23
3.64,15.60,19.05,10.82,16.35,19.60,23.00,9.16,21.41,19.19,6.85,17.35,9.22,21.35,5.84,6.74,14.11,11.48,15.44
17.28,5.27,3.65,14.80,13.17,1.46,4.01,20.75,14.37,28.41,19.46,3.74,23.93,28.65,18.02,16.25,16.01,12.25,17.66
10.30,6.43,10.72,13.73,15.98,8.64,13.75,10.89,8.94,27.87,10.06,8.34,20.22,29.05,9.11,7.46,6.21,11.59,8.08
9.57,11.62,16.01,16.23,19.78,14.10,19.20,6.02,9.58,29.31,6.21,13.63,20.37,30.91,6.32,5.51,2.08,14.70,3.87
14.48,10.51,14.23,18.77,20.80,11.15,16.41,12.12,3.99,32.87,12.35,12.01,24.90,34.08,12.12,10.86,5.11,16.61,5.96
15.60,9.71,12.99,18.89,20.34,9.64,14.79,14.10,3.98,33.18,14.11,10.93,25.69,34.23,13.69,12.28,7.23,16.57,8.13
5.15,14.57,17.18,7.01,12.57,18.59,21.07,13.17,23.26,15.04,10.67,15.94,5.69,17.03,9.13,9.24,16.78,8.43,18.41
4.75,15.23,18.08,8.30,13.88,19.27,22.00,12.26,23.13,15.94,9.81,16.72,6.19,18.04,8.42,8.78,16.36,9.56,17.90
19.53,8.80,4.38,14.08,10.28,7.12,2.55,24.85,20.45,25.73,23.12,6.75,23.47,25.43,21.41,19.71,21.22,12.02,23.03
10.80,3.65,5.04,7.11,7.26,6.97,8.97,16.75,17.04,21.20,14.76,4.06,16.17,21.79,12.94,11.34,14.73,4.53,16.71
7.32,4.91,9.06,9.11,11.81,8.74,12.83,11.55,13.54,23.28,9.77,6.91,16.03,24.43,8.12,6.39,9.63,7.05,11.63
4.94,13.76,16.32,6.22,11.80,17.77,20.21,13.22,22.75,15.11,10.69,15.11,6.14,17.00,9.05,9.00,16.47,7.58,18.15
14.55,2.88,1.67,11.54,10.25,2.75,5.13,19.01,15.31,25.26,17.43,0.80,20.69,25.60,15.82,14.08,15.26,9.00,17.09
10.64,4.91,5.80,5.99,6.11,8.11,9.62,17.13,18.21,19.97,15.02,5.19,15.19,20.54,13.15,11.63,15.58,3.45,17.56
8.13,4.54,7.51,6.52,8.67,8.53,11.46,14.12,16.23,20.90,12.06,5.93,14.66,21.83,10.22,8.66,12.77,4.15,14.77
11.89,1.53,3.80,9.36,9.22,4.78,7.69,16.79,15.21,23.47,15.05,2.01,18.25,24.04,13.37,11.66,13.80,6.77,15.73
5.73,6.29,9.94,7.32,10.77,10.31,13.86,11.51,15.52,21.28,9.40,8.08,13.90,22.52,7.55,6.00,10.91,5.60,12.87
12.86,15.81,16.11,5.47,7.36,19.04,19.21,21.38,28.08,8.99,18.83,16.12,7.46,9.88,17.02,16.48,23.27,7.90,25.16
5.35,6.66,10.42,7.70,11.31,10.64,14.32,10.94,15.31,21.53,8.84,8.50,13.93,22.82,6.99,5.44,10.46,6.09,12.42
8.51,5.76,7.75,4.85,6.96,9.51,11.65,15.34,18.06,19.21,13.13,6.68,13.53,20.06,11.22,9.80,14.51,2.36,16.50
4.93,7.50,11.57,9.20,12.97,11.32,15.39,9.36,14.32,22.71,7.37,9.48,14.61,24.11,5.61,3.95,8.95,7.72,10.88
3.63,15.33,18.62,9.96,15.52,19.36,22.58,10.06,21.83,18.22,7.68,17.02,8.31,20.36,6.50,7.19,14.69,10.76,16.10
12.67,9.87,13.91,17.35,19.75,11.19,16.47,10.49,5.75,31.31,10.56,11.59,23.17,32.60,10.29,9.02,3.81,15.30,5.16
12.08,6.80,6.34,5.55,3.96,9.39,9.69,19.08,20.34,18.61,16.88,6.53,14.97,18.95,14.97,13.55,17.81,3.57,19.80
9.46,16.01,17.54,5.93,10.52,19.77,21.13,17.76,26.64,10.60,15.24,16.90,3.53,12.44,13.60,13.46,20.81,8.36,22.55
6.26,5.75,9.59,7.95,11.12,9.73,13.47,11.47,14.81,22.00,9.47,7.62,14.66,23.20,7.68,6.05,10.41,6.08,12.39
9.11,15.08,16.56,4.95,9.63,18.82,20.15,17.52,25.91,11.11,14.98,15.94,4.49,12.80,13.28,13.02,20.26,7.39,22.04
4.69,15.31,18.19,8.49,14.07,19.35,22.12,12.10,23.09,16.11,9.66,16.81,6.32,18.22,8.30,8.69,16.27,9.72,17.80
3.43,15.32,18.72,10.40,15.94,19.34,22.68,9.40,21.40,18.88,7.05,17.06,8.96,21.02,5.94,6.73,14.17,11.08,15.55
10.90,10.19,14.47,16.39,19.33,12.18,17.40,8.44,7.60,30.04,8.47,12.10,21.56,31.46,8.25,7.08,2.45,14.55,4.32
8.47,3.75,7.18,7.55,9.48,7.79,11.10,13.86,15.24,21.92,11.93,5.36,15.58,22.85,10.15,8.50,12.04,5.16,14.03
13.78,12.87,16.95,19.62,22.46,14.20,19.49,9.52,5.60,33.21,10.33,14.62,24.55,34.67,10.62,9.78,2.40,17.76,2.52
11.12,13.15,17.50,18.04,21.58,15.35,20.54,6.13,8.98,31.00,7.01,15.12,21.92,32.64,7.54,7.03,1.08,16.51,2.14
10.75,13.17,17.54,17.79,21.42,15.47,20.63,5.71,9.41,30.67,6.57,15.16,21.54,32.33,7.13,6.66,1.48,16.31,2.51
10.95,18.77,20.41,8.81,13.21,22.59,24.01,18.72,28.84,9.57,16.29,19.73,0.88,11.86,14.87,15.04,22.57,11.23,24.21
13.13,11.82,15.92,18.68,21.43,13.22,18.50,9.52,5.70,32.38,10.08,13.58,23.85,33.79,10.18,9.20,2.36,16.78,3.21
8.04,13.79,15.43,3.95,9.08,17.57,19.09,16.54,24.57,12.39,13.99,14.71,5.54,13.97,12.22,11.86,19.00,6.23,20.81
9.25,10.70,15.10,15.53,18.96,13.22,18.30,6.63,9.48,28.79,6.50,12.72,20.02,30.33,6.33,5.29,2.61,13.92,4.55
2.47,13.73,16.97,8.53,14.04,17.77,20.92,10.21,20.88,18.01,7.70,15.39,8.46,19.99,6.19,6.47,14.05,9.16,15.60
14.34,14.53,18.66,20.78,23.87,15.96,21.25,8.98,6.56,34.08,10.21,16.32,25.14,35.64,10.82,10.26,2.72,19.04,1.39
12.39,19.36,20.65,9.03,12.83,23.06,24.11,20.33,29.98,7.89,17.87,20.16,2.44,10.15,16.39,16.46,23.94,11.57,25.62
8.49,6.06,10.48,11.98,14.62,9.07,13.88,10.24,10.80,26.02,9.01,8.12,18.30,27.25,7.78,6.04,6.93,9.96,8.91
16.38,6.14,2.09,11.21,8.18,5.82,4.04,21.91,18.95,23.72,20.10,4.28,20.63,23.69,18.35,16.68,18.75,9.01,20.63
14.18,20.20,21.07,9.67,12.63,23.73,24.35,22.27,31.40,5.92,19.79,20.81,4.48,8.09,18.25,18.22,25.61,12.26,27.35
4.94,8.53,11.35,4.77,9.36,12.54,15.29,12.64,18.56,18.28,10.23,9.94,10.92,19.60,8.28,7.21,13.46,3.99,15.37
11.63,8.97,13.12,16.18,18.65,10.61,15.86,10.10,6.84,30.15,9.92,10.77,22.06,31.43,9.47,8.10,4.02,14.15,5.68
10.77,15.13,19.54,18.62,22.68,17.67,22.77,3.91,11.42,30.81,5.55,17.16,21.32,32.63,6.71,6.86,3.73,17.42,3.71
10.73,10.79,15.10,16.60,19.71,12.88,18.08,7.79,7.95,30.10,7.94,12.72,21.46,31.57,7.86,6.81,1.83,14.84,3.78
10.57,9.50,13.80,15.78,18.65,11.57,16.76,8.71,7.85,29.51,8.53,11.42,21.15,30.90,8.15,6.87,3.12,13.91,5.01
10.98,17.78,19.17,7.54,11.67,21.51,22.69,19.10,28.41,9.10,16.61,18.62,2.48,11.15,15.06,15.04,22.46,10.05,24.17
11.04,16.42,17.50,5.94,9.70,20.02,20.93,19.43,27.69,9.22,16.89,17.10,4.44,10.86,15.21,14.95,22.16,8.52,23.96
10.80,10.88,15.19,16.69,19.81,12.96,18.16,7.77,7.91,30.18,7.96,12.81,21.54,31.66,7.90,6.87,1.74,14.94,3.69
10.64,17.95,19.50,7.88,12.24,21.73,23.08,18.63,28.29,9.56,16.16,18.86,1.79,11.70,14.65,14.71,22.19,10.33,23.87
16.23,14.18,17.97,21.74,24.23,14.87,20.11,11.76,3.71,35.51,12.75,15.74,26.98,36.90,13.10,12.25,4.84,19.76,4.25
9.08,4.11,6.62,6.52,8.00,7.96,10.57,15.11,16.56,20.88,13.07,5.22,15.09,21.69,11.23,9.65,13.52,4.00,15.51
6.24,15.16,17.54,6.86,12.33,19.14,21.38,14.25,24.25,13.95,11.76,16.44,4.65,15.96,10.23,10.33,17.86,8.58,19.50
1.51,12.14,15.45,7.74,13.10,16.18,19.40,9.99,19.59,18.55,7.44,13.82,9.43,20.38,5.68,5.54,13.05,7.99,14.70
7.10,5.27,8.51,6.55,9.35,9.31,12.46,13.14,16.07,20.84,11.04,6.83,14.14,21.90,9.18,7.64,12.13,4.44,14.12
10.67,3.53,5.12,7.16,7.43,6.93,9.06,16.56,16.86,21.29,14.58,4.04,16.17,21.91,12.76,11.16,14.52,4.57,16.50
8.27,6.81,11.23,12.35,15.20,9.77,14.62,9.53,10.63,26.26,8.37,8.87,18.33,27.56,7.23,5.53,6.28,10.42,8.27
12.82,6.45,5.48,6.52,4.36,8.70,8.74,19.59,20.11,19.40,17.45,5.91,15.94,19.66,15.55,14.08,17.97,4.50,19.95
7.00,5.56,8.65,6.15,9.06,9.59,12.61,13.28,16.48,20.42,11.14,7.05,13.77,21.49,9.26,7.77,12.46,4.07,14.45
8.42,8.71,13.13,13.77,16.98,11.46,16.43,7.92,10.00,27.36,7.15,10.76,18.96,28.78,6.40,4.91,4.47,12.03,6.46
3.78,15.57,18.89,10.27,15.83,19.59,22.85,9.91,21.88,18.41,7.57,17.27,8.46,20.57,6.46,7.22,14.68,11.07,16.07
2.85,11.12,14.15,6.14,11.46,15.17,18.10,11.32,19.72,17.72,8.78,12.67,9.19,19.40,6.92,6.43,13.65,6.37,15.42
13.90,13.57,17.69,20.04,23.02,14.99,20.27,9.12,6.10,33.49,10.12,15.36,24.69,35.00,10.56,9.84,2.27,18.25,1.81
2.93,14.33,18.19,11.80,17.06,18.19,22.09,6.38,18.65,21.81,3.95,16.25,12.02,23.85,2.91,4.08,11.19,11.81,12.48
7.88,4.52,7.73,6.83,9.13,8.55,11.67,13.71,15.86,21.19,11.67,6.04,14.77,22.16,9.84,8.26,12.32,4.53,14.31
15.98,4.36,0.97,12.44,10.50,2.91,3.64,20.49,16.14,25.81,18.92,2.29,21.73,25.99,17.31,15.57,16.59,9.97,18.39
12.06,7.62,7.16,4.95,3.21,10.25,10.42,19.33,21.09,17.76,17.07,7.39,14.33,18.09,15.14,13.78,18.34,3.29,20.34
9.94,4.18,5.96,6.40,7.20,7.75,9.89,16.11,17.19,20.62,14.06,4.88,15.32,21.31,12.21,10.65,14.44,3.81,16.43
16.02,4.24,1.48,12.77,10.97,2.39,3.75,20.33,15.67,26.24,18.81,2.23,22.01,26.45,17.23,15.48,16.28,10.27,18.05
14.96,13.30,17.23,20.55,23.17,14.29,19.56,10.69,4.48,34.27,11.56,14.95,25.70,35.67,11.85,10.98,3.63,18.61,3.39
14.07,10.36,14.16,18.45,20.57,11.16,16.43,11.73,4.38,32.52,11.93,11.92,24.51,33.75,11.70,10.44,4.76,16.32,5.71
15.06,13.74,17.70,20.83,23.54,14.78,20.05,10.50,4.78,34.48,11.47,15.41,25.83,35.91,11.85,11.04,3.57,18.93,3.07
8.99,16.02,17.70,6.16,10.96,19.84,21.35,17.22,26.38,11.06,14.71,16.98,3.26,12.97,13.10,13.02,20.42,8.51,22.14
6.48,14.40,16.60,5.72,11.16,18.34,20.40,14.77,24.05,13.57,12.24,15.59,4.95,15.45,10.60,10.51,17.93,7.54,19.64
10.87,11.75,16.08,17.19,20.48,13.88,19.08,7.09,8.25,30.48,7.52,13.70,21.66,32.02,7.68,6.84,0.96,15.52,2.96
13.53,11.14,15.12,18.56,21.04,12.29,17.57,10.51,4.97,32.44,10.89,12.82,24.14,33.77,10.84,9.72,3.42,16.55,4.32
7.28,13.01,14.81,3.57,8.98,16.84,18.53,15.80,23.67,13.28,13.25,14.00,6.21,14.83,11.45,11.03,18.12,5.63,19.93
12.53,5.90,5.16,6.63,4.88,8.26,8.58,19.15,19.55,19.78,17.04,5.43,16.04,20.08,15.16,13.66,17.43,4.45,19.41
10.69,18.47,20.12,8.52,12.97,22.29,23.73,18.52,28.55,9.74,16.07,19.43,1.04,11.99,14.63,14.78,22.31,10.93,23.95
10.31,8.06,12.35,14.76,17.37,10.19,15.35,9.66,8.25,28.70,9.14,9.97,20.65,29.99,8.46,6.97,4.57,12.77,6.45
6.78,6.52,10.84,10.58,13.73,10.02,14.49,9.66,12.46,24.43,8.06,8.59,16.54,25.73,6.58,4.81,7.74,8.76,9.73
18.10,6.09,4.05,15.44,13.57,2.27,3.55,21.56,14.80,28.91,20.28,4.48,24.62,29.08,18.85,17.08,16.73,12.91,18.35
13.53,14.90,14.77,5.19,5.67,17.90,17.69,22.01,27.65,10.10,19.47,15.00,9.29,10.54,17.60,16.89,23.32,7.27,25.25
12.38,10.62,14.74,17.58,20.24,12.13,17.40,9.61,6.10,31.38,9.85,12.40,23.01,32.74,9.72,8.58,2.79,15.63,4.17
3.45,15.06,18.32,9.63,15.19,19.09,22.27,10.17,21.73,18.06,7.77,16.73,8.20,20.17,6.52,7.13,14.66,10.43,16.10
11.54,16.33,17.21,5.79,9.15,19.85,20.56,19.98,27.87,8.95,17.44,16.92,5.17,10.43,15.72,15.40,22.52,8.38,24.34
9.59,14.26,15.45,3.83,8.21,17.88,18.96,18.10,25.64,11.18,15.55,14.97,5.82,12.59,13.77,13.33,20.34,6.38,22.18
5.37,17.24,20.57,11.66,17.24,21.26,24.52,10.32,23.12,18.55,8.20,18.95,8.44,20.85,7.43,8.46,15.71,12.63,16.96
2.38,10.08,13.43,6.89,11.86,14.12,17.39,10.34,18.18,19.19,7.86,11.77,10.72,20.79,5.92,5.15,12.18,6.54,13.98
16.05,5.26,0.99,11.50,8.95,4.71,3.75,21.24,17.85,24.41,19.50,3.30,20.90,24.47,17.80,16.10,17.83,9.17,19.68
9.23,6.44,10.83,12.90,15.44,9.10,14.07,10.23,9.87,26.96,9.23,8.45,19.19,28.18,8.16,6.48,6.27,10.86,8.23
5.36,17.34,20.78,12.23,17.80,21.34,24.74,9.62,22.72,19.37,7.57,19.10,9.26,21.66,6.94,8.10,15.21,13.07,16.40
9.20,16.65,18.39,6.86,11.64,20.49,22.04,17.30,26.81,10.90,14.81,17.64,2.58,12.93,13.26,13.27,20.72,9.19,22.42
4.82,16.03,19.07,9.60,15.19,20.08,23.01,11.53,23.18,16.82,9.17,17.61,6.84,19.02,7.99,8.60,16.14,10.76,17.58
10.24,1.80,5.72,9.16,10.16,5.84,9.52,14.83,14.15,23.52,13.11,3.62,17.50,24.30,11.45,9.73,12.01,6.64,13.97
10.55,8.98,13.27,15.47,18.23,11.03,16.22,9.12,7.87,29.29,8.82,10.89,21.05,30.64,8.33,6.97,3.65,13.54,5.53
9.68,2.63,6.00,8.16,9.34,6.64,9.90,14.82,15.04,22.51,12.97,4.15,16.56,23.31,11.24,9.56,12.50,5.64,14.47
10.22,11.04,15.40,16.39,19.67,13.31,18.47,7.10,8.60,29.73,7.25,13.02,20.99,31.25,7.22,6.24,1.78,14.71,3.76
13.59,7.42,5.97,6.70,3.59,9.41,8.88,20.54,21.10,18.94,18.36,6.72,16.04,19.06,16.45,15.01,19.01,4.99,20.99
1.66,10.98,14.83,9.58,14.42,14.87,18.73,7.65,16.75,21.46,5.18,12.89,12.40,23.21,3.24,2.61,10.06,9.04,11.73
4.90,14.20,16.83,6.77,12.34,18.22,20.72,13.03,22.93,15.22,10.51,15.58,5.98,17.17,8.94,8.99,16.51,8.12,18.16
12.44,16.39,16.97,5.87,8.48,19.77,20.18,20.93,28.31,8.53,18.38,16.84,6.24,9.75,16.62,16.21,23.20,8.43,25.05
6.77,5.24,9.02,7.81,10.72,9.24,12.91,12.02,14.85,21.98,10.04,7.08,14.87,23.12,8.25,6.62,10.74,5.81,12.73
8.13,3.97,7.56,7.69,9.84,8.02,11.47,13.41,15.01,22.05,11.49,5.69,15.51,23.02,9.72,8.06,11.64,5.38,13.63
5.73,6.85,9.98,5.79,9.51,10.90,13.94,12.50,17.02,19.79,10.24,8.39,12.68,20.99,8.32,6.95,12.39,4.20,14.35
9.92,17.75,19.49,7.94,12.58,21.59,23.13,17.82,27.76,10.39,15.36,18.75,1.48,12.57,13.89,14.01,21.53,10.29,23.18
13.36,6.19,4.80,7.28,4.85,8.14,7.98,19.93,19.88,20.07,17.84,5.44,16.69,20.27,15.97,14.45,18.04,5.21,20.01
7.50,7.01,9.12,3.90,7.15,10.84,13.00,14.81,18.74,18.25,12.50,8.04,12.20,19.24,10.55,9.27,14.63,1.86,16.61
11.24,11.77,16.07,17.45,20.65,13.78,19.00,7.46,7.84,30.81,7.93,13.69,22.03,32.33,8.09,7.22,0.85,15.74,2.81
4.78,14.96,17.75,7.88,13.46,19.00,21.66,12.49,23.10,15.70,10.02,16.42,6.06,17.76,8.57,8.85,16.43,9.17,17.99
14.25,2.39,2.31,11.67,10.67,2.44,5.59,18.49,14.69,25.53,16.96,0.51,20.71,25.93,15.38,13.63,14.64,9.10,16.46
12.84,8.88,12.81,16.89,19.00,10.01,15.29,11.40,5.82,31.00,11.27,10.52,23.13,32.20,10.81,9.41,4.97,14.74,6.36
14.57,18.16,18.37,7.79,9.35,21.37,21.37,23.04,30.35,6.64,20.49,18.45,7.26,7.64,18.75,18.36,25.34,10.25,27.20
13.24,19.20,20.14,8.68,11.87,22.76,23.47,21.40,30.37,6.82,18.90,19.84,4.02,8.85,17.33,17.26,24.63,11.27,26.37
6.70,5.35,9.31,8.38,11.34,9.29,13.16,11.53,14.32,22.49,9.62,7.28,15.21,23.67,7.88,6.20,10.13,6.42,12.12
10.81,9.43,13.70,15.91,18.69,11.41,16.62,8.98,7.60,29.68,8.82,11.32,21.37,31.05,8.44,7.14,3.23,14.00,5.08
13.02,17.73,18.40,7.19,9.90,21.16,21.63,21.42,29.42,7.39,18.88,18.23,5.43,8.89,17.19,16.92,24.07,9.76,25.89
9.65,11.63,16.02,16.30,19.83,14.09,19.20,6.08,9.50,29.39,6.29,13.64,20.46,30.98,6.40,5.60,2.00,14.76,3.80
13.37,13.10,17.25,19.48,22.48,14.61,19.89,8.82,6.31,32.94,9.71,14.91,24.16,34.44,10.08,9.32,1.80,17.69,1.85
15.57,9.37,7.07,7.93,3.12,10.78,9.14,22.71,23.04,18.56,20.51,8.35,16.90,18.37,18.59,17.18,21.21,6.76,23.19
5.93,13.78,16.06,5.43,10.95,17.74,19.89,14.30,23.38,14.14,11.76,15.00,5.62,15.96,10.08,9.92,17.31,7.08,19.03
12.75,15.91,16.27,5.52,7.59,19.18,19.40,21.26,28.11,8.90,18.71,16.25,7.20,9.86,16.91,16.40,23.23,7.98,25.11
5.77,13.79,16.12,5.56,11.10,17.76,19.96,14.13,23.30,14.29,11.59,15.04,5.67,16.12,9.92,9.78,17.19,7.17,18.90
15.65,16.09,20.19,22.32,25.47,17.40,22.69,9.64,6.96,35.51,11.16,17.86,26.44,37.11,11.97,11.56,4.19,20.61,2.39
14.59,3.03,1.45,11.42,10.03,2.96,5.04,19.15,15.57,25.08,17.55,0.95,20.60,25.40,15.92,14.19,15.47,8.88,17.31
14.00,18.63,19.16,8.10,10.43,22.00,22.31,22.38,30.42,6.39,19.85,19.07,5.88,7.89,18.17,17.92,25.08,10.66,26.90
8.58,3.77,7.04,7.34,9.19,7.79,10.98,14.10,15.49,21.72,12.15,5.30,15.48,22.63,10.35,8.72,12.32,4.93,14.32
10.16,2.83,5.45,7.73,8.50,6.62,9.40,15.64,15.82,22.01,13.73,3.90,16.43,22.73,11.96,10.31,13.42,5.15,15.39
16.88,8.78,5.50,9.99,5.55,9.29,6.86,23.46,22.17,20.96,21.39,7.31,19.17,20.68,19.53,17.99,21.20,8.40,23.14
7.16,12.57,14.38,3.22,8.69,16.40,18.11,15.68,23.31,13.59,13.13,13.56,6.64,15.09,11.32,10.83,17.85,5.20,19.68
12.73,10.92,15.01,17.96,20.60,12.33,17.61,9.76,5.79,31.76,10.08,12.68,23.38,33.12,10.02,8.90,2.80,16.01,4.01
12.37,1.48,5.32,11.82,12.22,3.74,8.45,15.68,12.23,26.13,14.32,2.96,20.18,26.83,12.87,11.10,11.61,9.26,13.44
11.87,18.49,19.74,8.13,11.95,22.17,23.20,19.97,29.27,8.23,17.48,19.26,2.74,10.32,15.94,15.93,23.35,10.68,25.06
3.40,13.60,16.56,7.41,12.98,17.65,20.50,11.51,21.62,16.75,8.99,15.13,7.41,18.69,7.40,7.49,15.05,8.32,16.66
3.23,15.22,18.83,11.21,16.67,19.19,22.78,8.14,20.50,20.15,5.81,17.04,10.23,22.28,4.84,5.84,13.12,11.64,14.42
11.00,8.78,13.01,15.67,18.26,10.66,15.88,9.66,7.46,29.58,9.38,10.65,21.44,30.88,8.88,7.49,3.95,13.67,5.74
13.90,17.60,17.92,7.18,9.04,20.86,20.98,22.37,29.72,7.21,19.83,17.94,6.88,8.29,18.08,17.69,24.67,9.67,26.53
15.36,12.65,16.44,20.44,22.79,13.36,18.60,11.69,3.43,34.35,12.37,14.21,26.02,35.67,12.50,11.49,4.52,18.40,4.60
0.84,12.69,16.37,9.74,14.96,16.64,20.31,7.91,18.51,20.46,5.36,14.53,11.01,22.36,3.69,3.95,11.53,9.71,13.05
12.32,8.11,7.52,4.88,2.72,10.68,10.67,19.69,21.59,17.37,17.41,7.84,14.18,17.66,15.47,14.15,18.81,3.47,20.80
9.27,3.56,6.35,7.12,8.48,7.47,10.31,14.98,16.01,21.47,13.00,4.80,15.62,22.28,11.20,9.58,13.13,4.59,15.12
12.86,1.29,4.64,11.84,11.91,3.15,7.75,16.37,12.70,26.09,14.97,2.31,20.39,26.72,13.50,11.73,12.30,9.26,14.12
15.55,3.99,0.81,12.04,10.22,2.98,4.05,20.13,16.08,25.47,18.53,1.91,21.31,25.69,16.91,15.17,16.33,9.55,18.14
9.83,7.03,7.91,3.75,4.95,10.37,11.58,17.14,19.92,17.77,14.86,7.44,13.06,18.44,12.92,11.60,16.53,1.33,18.52
11.57,17.06,18.09,6.56,10.13,20.64,21.48,19.92,28.33,8.61,17.39,17.72,4.26,10.32,15.73,15.51,22.76,9.15,24.54
2.54,14.36,17.76,9.63,15.13,18.38,21.71,9.38,20.76,18.81,6.93,16.09,9.06,20.86,5.59,6.16,13.69,10.19,15.15
9.57,12.64,17.05,16.73,20.50,15.20,20.28,5.03,10.26,29.50,5.55,14.67,20.36,31.18,5.97,5.48,2.38,15.33,3.69
12.43,0.58,4.41,11.13,11.23,3.57,7.78,16.29,13.28,25.37,14.80,2.02,19.73,26.00,13.27,11.51,12.53,8.55,14.39
8.88,15.07,16.62,5.04,9.82,18.83,20.24,17.28,25.79,11.29,14.74,15.96,4.38,13.01,13.05,12.81,20.08,7.44,21.85
13.33,18.21,18.89,7.66,10.35,21.65,22.11,21.69,29.86,6.97,19.16,18.72,5.32,8.56,17.49,17.25,24.45,10.24,26.25
13.03,3.88,3.04,8.61,7.22,5.86,6.85,18.76,17.54,22.14,16.85,3.05,17.93,22.48,15.07,13.43,16.17,6.16,18.11
10.81,17.30,18.64,7.02,11.13,21.01,22.15,19.01,28.07,9.24,16.51,18.11,2.96,11.19,14.92,14.84,22.21,9.53,23.95
14.03,14.40,13.96,5.33,4.64,17.20,16.73,22.45,27.40,10.95,19.94,14.34,10.47,11.14,18.03,17.22,23.40,7.07,25.35
4.93,16.13,19.16,9.65,15.23,20.18,23.10,11.61,23.29,16.76,9.26,17.70,6.76,18.96,8.09,8.71,16.25,10.82,17.68
3.08,14.40,18.28,11.96,17.21,18.25,22.18,6.22,18.59,21.97,3.80,16.33,12.17,24.01,2.82,4.05,11.10,11.96,12.37
7.07,17.38,20.00,9.46,14.89,21.41,23.88,14.03,25.47,14.49,11.69,18.78,4.40,16.78,10.49,11.02,18.59,11.15,20.06
13.61,2.75,2.00,10.17,8.97,4.09,5.94,18.60,16.08,23.89,16.87,1.30,19.36,24.25,15.19,13.48,15.36,7.64,17.25
10.07,9.22,13.55,15.28,18.20,11.44,16.60,8.54,8.34,28.99,8.22,11.17,20.63,30.38,7.75,6.42,3.41,13.42,5.36
1.77,13.49,16.89,9.02,14.46,17.51,20.85,9.36,20.15,18.87,6.84,15.22,9.32,20.84,5.32,5.65,13.23,9.44,14.76
12.10,15.07,15.51,4.67,7.02,18.37,18.70,20.62,27.27,9.74,18.07,15.44,7.35,10.70,16.25,15.69,22.45,7.14,24.34
12.00,16.54,17.31,5.99,9.05,20.01,20.60,20.45,28.22,8.59,17.91,17.08,5.48,10.01,16.18,15.84,22.93,8.58,24.76
11.42,6.88,11.00,14.80,16.85,8.56,13.78,11.44,7.83,28.99,10.83,8.65,21.38,30.13,10.01,8.42,6.05,12.61,7.79
11.83,5.36,5.22,6.41,5.38,8.04,8.85,18.37,18.94,19.93,16.27,5.14,15.79,20.34,14.39,12.88,16.67,4.06,18.65
5.50,15.92,18.70,8.63,14.18,19.96,22.61,12.81,23.89,15.45,10.40,17.38,5.57,17.61,9.08,9.50,17.08,10.05,18.60
12.88,5.83,9.52,15.05,16.38,6.69,11.97,13.54,7.92,29.40,12.84,7.28,22.34,30.36,11.91,10.25,7.99,12.67,9.60
16.08,4.33,4.66,14.64,13.78,0.88,5.98,18.99,12.52,28.64,17.82,3.59,23.48,29.06,16.47,14.70,14.05,12.05,15.68
13.17,6.47,5.23,6.88,4.46,8.55,8.41,19.88,20.15,19.64,17.76,5.81,16.29,19.84,15.87,14.38,18.15,4.88,20.13
15.35,5.89,2.67,9.91,7.00,6.43,5.34,21.21,19.19,22.49,19.31,4.33,19.33,22.53,17.51,15.88,18.44,7.74,20.36
10.59,16.10,17.26,5.67,9.65,19.73,20.73,18.98,27.27,9.66,16.45,16.82,4.39,11.31,14.76,14.50,21.72,8.23,23.51
11.41,12.64,16.96,17.99,21.36,14.71,19.92,6.90,8.24,31.16,7.63,14.58,22.22,32.74,8.01,7.34,0.30,16.37,2.09
5.58,16.61,19.54,9.73,15.30,20.66,23.47,12.24,23.96,16.22,9.91,18.14,6.17,18.46,8.76,9.39,16.93,11.05,18.36
16.12,14.63,18.50,21.90,24.55,15.47,20.72,11.29,4.42,35.56,12.39,16.24,26.90,37.00,12.85,12.09,4.56,19.98,3.71
10.38,8.64,12.94,15.16,17.88,10.74,15.92,9.25,8.07,29.01,8.86,10.56,20.83,30.34,8.30,6.88,3.99,13.21,5.87
4.09,14.12,16.96,7.40,12.98,18.16,20.88,12.09,22.32,16.13,9.58,15.60,6.72,18.11,8.04,8.18,15.74,8.51,17.35
11.73,8.12,12.22,15.76,18.00,9.68,14.94,10.83,6.99,29.84,10.48,9.88,21.97,31.06,9.88,8.41,4.95,13.64,6.61
13.04,9.96,13.94,17.62,19.94,11.14,16.42,10.82,5.39,31.62,10.93,11.64,23.51,32.89,10.67,9.40,4.05,15.55,5.29
10.63,6.06,6.63,5.02,5.10,9.18,10.30,17.56,19.30,18.84,15.36,6.25,14.35,19.40,13.45,12.02,16.41,2.60,18.40
14.83,5.79,3.05,9.30,6.51,6.72,5.95,20.84,19.25,21.95,18.89,4.41,18.72,22.03,17.08,15.47,18.25,7.13,20.18
11.50,0.52,4.89,10.30,10.75,4.52,8.49,15.64,13.59,24.59,14.06,2.58,18.80,25.29,12.48,10.72,12.24,7.73,14.15
11.87,13.20,17.51,18.56,21.95,15.20,20.43,6.94,8.18,31.68,7.86,15.13,22.67,33.28,8.36,7.78,0.60,16.96,1.51
6.70,16.90,19.51,9.01,14.47,20.92,23.39,13.87,25.09,14.52,11.49,18.29,4.50,16.77,10.23,10.69,18.28,10.67,19.78
12.18,2.19,3.43,9.08,8.62,5.00,7.38,17.34,15.88,23.07,15.55,2.09,18.12,23.57,13.83,12.14,14.48,6.50,16.41
6.39,18.31,22.00,14.13,19.67,22.22,25.94,8.32,22.33,21.41,6.67,20.17,11.29,23.74,6.61,8.10,14.57,14.76,15.54
5.04,11.70,14.11,4.34,9.90,15.67,17.98,13.56,21.53,15.58,11.01,12.96,7.66,17.17,9.18,8.69,15.80,5.38,17.60
3.23,13.66,16.67,7.64,13.20,17.71,20.61,11.28,21.51,16.97,8.76,15.21,7.57,18.92,7.19,7.32,14.88,8.50,16.49
6.24,17.30,20.21,10.24,15.78,21.35,24.13,12.62,24.59,16.04,10.35,18.83,5.93,18.34,9.29,9.99,17.49,11.65,18.89
14.46,4.49,1.89,9.82,7.70,5.35,5.47,20.00,17.84,22.98,18.16,2.98,19.19,23.18,16.40,14.74,17.07,7.45,18.98
9.89,7.84,8.58,3.05,4.49,11.14,12.17,17.46,20.68,16.96,15.12,8.21,12.44,17.63,13.18,11.93,17.13,1.03,19.11
15.60,3.65,2.20,12.89,11.47,1.59,4.50,19.61,14.77,26.58,18.15,1.86,22.02,26.88,16.62,14.86,15.41,10.34,17.17
13.54,5.94,4.39,7.65,5.23,7.76,7.59,19.97,19.62,20.48,17.91,5.09,17.07,20.67,16.05,14.51,17.93,5.53,19.90
16.41,4.44,2.54,13.64,12.02,1.49,3.94,20.28,14.85,27.24,18.88,2.68,22.81,27.49,17.37,15.61,15.90,11.11,17.61
11.39,7.60,11.75,15.22,17.44,9.30,14.53,10.89,7.48,29.33,10.41,9.39,21.54,30.53,9.71,8.19,5.31,13.09,7.04
13.57,14.36,18.57,20.21,23.46,16.02,21.29,8.10,7.32,33.38,9.33,16.21,24.37,34.98,9.98,9.47,2.07,18.54,0.53
7.15,15.31,17.45,6.37,11.69,19.24,21.23,15.29,24.91,12.94,12.78,16.47,4.03,14.91,11.21,11.22,18.70,8.34,20.38
12.07,6.58,6.13,5.71,4.17,9.16,9.51,19.01,20.13,18.84,16.82,6.30,15.13,19.18,14.91,13.48,17.65,3.66,19.64
12.17,11.46,15.66,17.90,20.81,13.15,18.41,8.71,6.63,31.50,9.15,13.30,22.91,32.94,9.22,8.23,1.71,16.06,3.13
13.31,2.39,2.34,10.08,9.10,4.07,6.25,18.23,15.80,23.90,16.51,1.17,19.22,24.31,14.83,13.12,15.00,7.53,16.89
1.81,12.91,16.76,10.77,15.89,16.78,20.67,6.77,17.82,21.57,4.22,14.82,12.04,23.49,2.59,3.14,10.63,10.58,12.08
5.18,13.89,16.40,6.16,11.73,17.89,20.27,13.45,22.97,14.88,10.92,15.21,5.92,16.76,9.29,9.23,16.70,7.59,18.39
4.83,7.50,10.81,6.26,10.32,11.54,14.77,11.64,16.90,19.95,9.35,9.14,12.43,21.26,7.42,6.10,11.88,4.95,13.82
4.59,15.82,18.87,9.49,15.07,19.86,22.82,11.39,22.97,16.93,9.02,17.40,6.98,19.10,7.80,8.40,15.94,10.60,17.39
5.52,6.56,10.11,7.00,10.59,10.59,14.04,11.58,15.90,20.92,9.42,8.30,13.52,22.17,7.54,6.05,11.19,5.35,13.15
10.51,2.80,7.18,11.29,12.67,5.85,10.54,13.56,11.66,25.67,12.18,4.81,19.02,26.58,10.76,8.99,9.83,8.87,11.74
3.37,11.55,14.42,5.79,11.22,15.59,18.36,11.89,20.41,17.02,9.34,13.03,8.51,18.72,7.52,7.10,14.36,6.30,16.12
10.31,1.70,5.77,9.41,10.42,5.72,9.53,14.74,13.89,23.77,13.06,3.61,17.71,24.56,11.43,9.69,11.82,6.89,13.77
10.38,3.64,5.40,6.98,7.47,7.14,9.35,16.32,16.85,21.16,14.32,4.27,15.93,21.81,12.50,10.90,14.37,4.39,16.35
2.45,14.21,17.96,11.14,16.47,18.13,21.89,7.18,19.15,21.01,4.73,16.09,11.24,23.04,3.54,4.48,11.80,11.27,13.15
10.29,11.30,15.66,16.57,19.89,13.56,18.72,6.93,8.64,29.86,7.16,13.27,21.07,31.40,7.20,6.28,1.58,14.91,3.55
14.67,6.50,4.09,8.59,5.48,7.73,6.82,21.03,20.09,20.96,19.00,5.31,17.98,21.01,17.15,15.59,18.78,6.58,20.73
12.95,2.53,2.66,9.56,8.64,4.59,6.61,18.08,16.11,23.38,16.31,1.68,18.71,23.80,14.60,12.91,15.05,7.01,16.97
6.93,5.87,10.15,10.01,13.00,9.49,13.84,10.38,12.83,23.99,8.70,7.93,16.33,25.24,7.15,5.38,8.44,8.11,10.43
12.37,17.27,18.06,6.72,9.76,20.75,21.35,20.77,28.84,7.99,18.23,17.82,5.07,9.54,16.54,16.27,23.44,9.31,25.25
7.10,14.73,16.79,5.68,11.01,18.65,20.56,15.39,24.60,12.95,12.86,15.86,4.49,14.82,11.23,11.13,18.54,7.66,20.25
16.48,4.53,2.35,13.57,11.85,1.74,3.73,20.44,15.10,27.11,19.02,2.70,22.76,27.33,17.50,15.73,16.11,11.05,17.84
11.12,12.62,16.96,17.78,21.21,14.76,19.96,6.60,8.56,30.90,7.30,14.57,21.92,32.49,7.69,7.04,0.62,16.19,2.30
1.46,13.11,16.86,10.38,15.60,17.03,20.79,7.36,18.43,20.92,4.82,14.98,11.36,22.86,3.26,3.78,11.29,10.34,12.76
9.71,16.71,18.30,6.70,11.27,20.50,21.90,17.88,27.14,10.35,15.38,17.63,2.75,12.33,13.80,13.75,21.17,9.11,22.88
11.83,18.53,19.80,8.19,12.04,22.22,23.27,19.91,29.27,8.28,17.42,19.32,2.62,10.39,15.89,15.89,23.32,10.73,25.03
3.55,12.46,15.29,6.18,11.71,16.49,19.22,12.02,21.15,16.56,9.47,13.92,7.75,18.34,7.73,7.51,14.91,6.98,16.62
2.10,13.92,17.65,10.80,16.11,17.85,21.58,7.40,19.09,20.79,4.92,15.79,11.07,22.81,3.61,4.42,11.82,10.92,13.21
14.73,8.98,7.09,7.10,2.62,10.70,9.49,21.94,22.67,18.16,19.71,8.14,16.15,18.09,17.79,16.40,20.59,5.91,22.58
12.42,12.63,16.86,18.64,21.77,14.38,19.64,8.05,7.07,32.02,8.81,14.50,23.21,33.55,9.14,8.37,0.89,16.90,1.90
8.42,14.57,16.19,4.66,9.62,18.35,19.84,16.86,25.25,11.81,14.31,15.49,4.78,13.49,12.60,12.33,19.56,6.99,21.34
2.25,13.23,16.43,8.07,13.56,17.27,20.39,10.33,20.61,17.95,7.80,14.87,8.56,19.88,6.20,6.33,13.91,8.65,15.50
6.14,6.19,10.31,9.11,12.38,10.01,14.11,10.42,13.82,23.01,8.55,8.19,15.33,24.29,6.86,5.15,9.16,7.33,11.14
11.59,11.00,15.24,17.28,20.23,12.83,18.07,8.46,7.08,30.87,8.75,12.87,22.31,32.32,8.72,7.68,1.81,15.45,3.52
8.21,19.03,21.74,11.22,16.61,23.06,25.62,14.33,26.57,14.93,12.15,20.47,4.90,17.38,11.19,11.95,19.43,12.92,20.80
9.73,8.00,12.35,14.31,17.05,10.34,15.45,9.29,8.81,28.19,8.66,9.96,20.08,29.50,7.92,6.40,4.64,12.36,6.58
7.40,10.01,14.42,13.79,17.46,12.99,17.86,6.31,11.14,26.92,5.48,12.08,18.15,28.48,4.84,3.54,4.45,12.31,6.32
5.47,6.58,10.18,7.18,10.77,10.60,14.11,11.41,15.74,21.07,9.27,8.35,13.62,22.33,7.40,5.89,11.00,5.54,12.96
5.06,14.07,16.64,6.48,12.05,18.08,20.52,13.26,22.99,15.02,10.74,15.43,5.91,16.94,9.14,9.14,16.64,7.88,18.30
9.95,2.35,5.75,8.38,9.42,6.35,9.65,14.99,14.92,22.73,13.17,3.87,16.83,23.51,11.45,9.76,12.53,5.85,14.50
13.79,7.84,6.32,6.65,3.22,9.80,9.12,20.83,21.52,18.63,18.64,7.12,15.93,18.72,16.72,15.30,19.39,5.10,21.37
16.39,8.45,5.37,9.52,5.22,9.16,7.03,22.99,21.92,20.70,20.92,7.06,18.73,20.48,19.04,17.52,20.81,7.90,22.76
13.38,3.96,7.24,14.07,14.70,4.39,9.66,15.28,9.81,28.44,14.29,5.08,22.05,29.22,13.11,11.37,10.22,11.56,11.89
11.25,0.76,5.07,10.12,10.69,4.77,8.71,15.44,13.62,24.44,13.84,2.79,18.58,25.15,12.25,10.50,12.13,7.57,14.04
14.73,7.79,5.63,7.81,4.01,9.28,8.12,21.55,21.46,19.55,19.42,6.79,17.08,19.52,17.52,16.05,19.76,6.17,21.73
17.83,5.85,3.37,14.86,12.86,2.36,3.03,21.58,15.33,28.24,20.22,4.08,24.10,28.38,18.75,16.98,16.96,12.36,18.62
8.43,14.40,15.99,4.45,9.42,18.17,19.63,16.88,25.15,11.86,14.33,15.30,4.98,13.51,12.61,12.30,19.51,6.80,21.30
12.21,12.08,16.31,18.24,21.28,13.83,19.09,8.25,6.93,31.70,8.86,13.95,22.98,33.20,9.06,8.20,1.10,16.46,2.45
15.49,6.65,3.59,9.54,6.22,7.35,5.95,21.65,20.06,21.76,19.67,5.20,18.93,21.73,17.84,16.25,19.12,7.52,21.05
4.12,16.01,19.39,10.86,16.42,20.03,23.35,9.66,21.99,18.78,7.39,17.74,8.77,20.98,6.42,7.31,14.69,11.64,16.01
14.16,19.97,20.79,9.43,12.30,23.49,24.05,22.31,31.27,5.89,19.82,20.56,4.68,7.98,18.26,18.19,25.56,12.02,27.30
9.76,17.92,19.75,8.25,12.99,21.79,23.43,17.55,27.72,10.71,15.11,18.96,1.25,12.93,13.68,13.86,21.40,10.56,23.03
13.85,17.79,18.17,7.32,9.34,21.08,21.26,22.31,29.82,7.06,19.76,18.15,6.60,8.24,18.03,17.67,24.70,9.84,26.55
11.40,17.75,18.99,7.38,11.26,21.42,22.46,19.60,28.63,8.65,17.09,18.52,3.08,10.61,15.51,15.43,22.80,9.93,24.54
13.63,11.18,15.15,18.65,21.10,12.29,17.58,10.60,4.86,32.54,11.00,12.85,24.24,33.86,10.95,9.83,3.51,16.63,4.37
10.62,12.93,17.30,17.59,21.20,15.24,20.40,5.79,9.36,30.51,6.56,14.92,21.42,32.16,7.05,6.53,1.41,16.10,2.64
12.15,12.91,17.19,18.61,21.86,14.79,20.04,7.50,7.61,31.86,8.34,14.81,22.95,33.42,8.75,8.07,0.49,16.93,1.61
14.68,2.89,1.83,11.81,10.56,2.44,5.09,19.01,15.07,25.56,17.46,0.86,20.94,25.90,15.87,14.12,15.15,9.26,16.97
8.64,14.62,16.18,4.61,9.49,18.38,19.81,17.08,25.39,11.62,14.53,15.51,4.81,13.28,12.81,12.53,19.75,6.99,21.53
12.71,9.71,13.72,17.28,19.63,10.98,16.26,10.66,5.72,31.27,10.70,11.41,23.18,32.54,10.39,9.10,4.01,15.21,5.37
6.28,14.54,16.82,6.05,11.51,18.50,20.64,14.51,24.00,13.78,11.99,15.77,4.93,15.69,10.38,10.34,17.80,7.80,19.49
5.48,17.08,20.24,10.91,16.49,21.12,24.19,11.21,23.60,17.51,9.00,18.72,7.41,19.79,8.06,8.93,16.33,12.04,17.66
5.93,17.27,20.30,10.61,16.18,21.32,24.24,11.99,24.19,16.73,9.75,18.85,6.62,19.03,8.76,9.54,17.00,11.89,18.36
13.18,3.79,2.82,8.84,7.41,5.65,6.65,18.83,17.42,22.36,16.94,2.86,18.15,22.69,15.17,13.52,16.15,6.38,18.09
8.30,3.70,7.66,8.55,10.66,7.69,11.49,13.02,14.13,22.89,11.20,5.60,16.19,23.89,9.51,7.80,10.88,6.25,12.87
14.49,12.13,16.02,19.66,22.12,13.07,18.34,10.95,4.22,33.52,11.56,13.75,25.16,34.87,11.64,10.62,3.77,17.65,4.14
11.85,6.62,10.64,14.92,16.77,8.08,13.33,12.01,7.72,29.16,11.39,8.31,21.69,30.26,10.55,8.94,6.52,12.67,8.21
14.77,10.57,14.23,18.96,20.93,11.10,16.34,12.43,3.74,33.09,12.66,12.03,25.17,34.28,12.44,11.17,5.40,16.78,6.20
10.08,11.66,16.04,16.61,20.06,14.01,19.15,6.42,9.06,29.78,6.72,13.65,20.88,31.35,6.85,6.03,1.59,15.02,3.47
18.05,6.69,2.44,13.63,10.73,4.67,1.59,22.82,18.01,26.27,21.21,4.61,23.04,26.21,19.57,17.84,18.90,11.32,20.67
15.20,3.71,0.84,11.72,10.00,3.09,4.38,19.84,16.04,25.21,18.22,1.63,20.98,25.45,16.59,14.86,16.12,9.22,17.95
13.65,9.99,8.89,5.32,0.76,12.30,11.60,21.34,23.54,16.08,18.99,9.54,14.05,16.15,17.04,15.81,20.72,4.82,22.72
12.17,14.09,18.41,19.17,22.69,16.12,21.35,6.55,8.69,32.10,7.76,16.03,22.95,33.75,8.48,8.08,1.52,17.64,1.14
12.56,7.46,6.70,5.55,3.28,9.90,9.86,19.70,21.04,18.18,17.48,7.08,14.92,18.44,15.55,14.16,18.52,3.86,20.51
9.05,3.45,6.56,7.40,8.93,7.44,10.51,14.58,15.60,21.77,12.63,4.87,15.74,22.62,10.85,9.21,12.66,4.92,14.65
15.39,9.59,7.46,7.58,2.65,11.14,9.61,22.64,23.28,18.08,20.41,8.66,16.48,17.90,18.48,17.10,21.29,6.54,23.27
14.34,5.59,3.28,8.83,6.25,6.83,6.39,20.42,19.15,21.63,18.45,4.37,18.25,21.76,16.63,15.03,17.96,6.64,19.90
10.31,8.78,13.08,15.19,17.96,10.91,16.08,9.09,8.12,29.01,8.71,10.70,20.79,30.36,8.17,6.77,3.84,13.26,5.74
10.51,3.96,5.41,6.74,7.08,7.35,9.33,16.60,17.23,20.86,14.58,4.45,15.78,21.48,12.74,11.16,14.74,4.15,16.73
7.01,7.24,9.52,3.95,7.56,11.13,13.43,14.38,18.67,18.23,12.05,8.37,11.93,19.29,10.11,8.86,14.38,2.20,16.34
13.74,16.81,17.01,6.51,8.07,20.01,20.04,22.25,29.12,7.99,19.70,17.09,7.53,8.84,17.91,17.43,24.27,8.93,26.15
13.85,4.26,2.41,9.23,7.37,5.62,6.10,19.50,17.79,22.54,17.62,3.02,18.60,22.78,15.85,14.20,16.74,6.84,18.66
14.80,7.63,5.39,7.99,4.26,9.05,7.87,21.54,21.29,19.80,19.42,6.58,17.28,19.78,17.53,16.04,19.67,6.29,21.64
12.71,10.47,14.53,17.70,20.24,11.84,17.12,10.08,5.73,31.57,10.30,12.21,23.29,32.90,10.14,8.95,3.23,15.71,4.51
10.92,14.88,15.70,4.33,7.78,18.35,19.06,19.43,26.65,10.17,16.88,15.43,6.27,11.42,15.09,14.62,21.54,6.91,23.40
11.66,4.48,4.73,6.95,6.27,7.28,8.51,17.88,18.07,20.70,15.85,4.36,16.24,21.16,14.00,12.44,15.93,4.48,17.91
9.98,5.83,6.88,4.90,5.68,9.18,10.65,16.86,18.86,18.98,14.67,6.26,14.10,19.62,12.76,11.33,15.78,2.35,17.78
14.36,13.07,17.07,20.07,22.80,14.23,19.51,10.10,5.04,33.73,10.94,14.77,25.12,35.16,11.23,10.37,3.01,18.17,2.92
16.24,4.46,1.52,12.93,11.04,2.47,3.53,20.55,15.79,26.34,19.03,2.45,22.18,26.54,17.46,15.70,16.47,10.43,18.24
12.07,16.71,17.49,6.16,9.23,20.18,20.78,20.51,28.35,8.46,17.97,17.25,5.36,9.91,16.25,15.92,23.03,8.74,24.86
9.46,2.55,6.57,9.00,10.48,6.56,10.36,14.00,13.96,23.38,12.26,4.46,17.05,24.26,10.60,8.88,11.39,6.55,13.36
15.89,14.46,18.35,21.68,24.35,15.35,20.60,11.09,4.51,35.33,12.18,16.09,26.67,36.77,12.62,11.86,4.33,19.76,3.53
4.45,14.30,17.07,7.29,12.88,18.33,20.98,12.44,22.65,15.77,9.94,15.75,6.36,17.76,8.40,8.54,16.10,8.51,17.71
13.23,3.67,2.69,8.98,7.57,5.48,6.55,18.81,17.28,22.53,16.94,2.69,18.28,22.86,15.18,13.52,16.08,6.52,18.01
10.62,1.65,5.19,8.98,9.68,5.63,9.03,15.41,14.62,23.29,13.66,3.20,17.53,24.02,11.98,10.27,12.63,6.42,14.58
5.86,6.92,9.93,5.48,9.22,10.95,13.88,12.77,17.30,19.51,10.50,8.40,12.50,20.70,8.57,7.23,12.71,3.90,14.67
15.81,6.02,2.42,10.46,7.46,6.20,4.81,21.56,19.14,22.98,19.68,4.32,19.88,22.98,17.91,16.26,18.63,8.29,20.53
11.17,12.94,17.29,17.97,21.46,15.11,20.31,6.36,8.76,31.00,7.18,14.91,21.97,32.62,7.65,7.08,0.83,16.41,2.14
11.39,2.30,6.54,11.72,12.71,4.96,9.75,14.39,11.59,26.10,13.06,4.16,19.70,26.93,11.66,9.89,10.38,9.24,12.24
10.84,14.65,15.46,4.09,7.57,18.12,18.82,19.36,26.45,10.38,16.81,15.19,6.46,11.59,15.00,14.50,21.39,6.68,23.26
12.23,18.29,19.37,7.82,11.35,21.90,22.76,20.43,29.36,7.82,17.93,18.98,3.55,9.78,16.34,16.25,23.60,10.40,25.35
11.77,0.37,4.79,10.61,10.97,4.23,8.31,15.78,13.40,24.89,14.24,2.44,19.12,25.57,12.68,10.92,12.25,8.04,14.14
11.11,15.95,16.91,5.42,9.00,19.50,20.30,19.56,27.43,9.39,17.02,16.57,5.14,10.88,15.29,14.95,22.07,8.01,23.89
11.25,0.81,5.18,10.27,10.88,4.75,8.78,15.34,13.44,24.59,13.76,2.88,18.68,25.32,12.19,10.43,11.97,7.71,13.88
11.82,11.09,15.31,17.47,20.38,12.85,18.10,8.63,6.87,31.09,8.96,12.94,22.53,32.52,8.94,7.91,1.84,15.63,3.45
10.48,19.26,21.20,9.73,14.45,23.17,24.89,17.86,28.68,10.76,15.49,20.36,0.72,13.17,14.20,14.55,22.13,12.01,23.69
15.13,21.17,21.97,10.63,13.38,24.68,25.19,23.16,32.40,5.05,20.69,21.75,5.13,7.37,19.18,19.19,26.60,13.22,28.32
14.85,14.50,18.57,21.08,24.04,15.77,21.05,9.67,5.90,34.51,10.86,16.25,25.65,36.03,11.41,10.78,3.20,19.28,2.08
2.73,13.34,16.44,7.74,13.27,17.39,20.39,10.85,21.02,17.43,8.32,14.93,8.07,19.36,6.72,6.82,14.39,8.45,15.99
12.83,10.63,14.69,17.86,20.40,11.97,17.25,10.09,5.62,31.73,10.35,12.36,23.43,33.06,10.22,9.05,3.18,15.87,4.40
16.94,8.00,4.40,10.58,6.56,8.16,5.67,23.16,21.19,22.06,21.18,6.37,19.89,21.85,19.35,17.76,20.55,8.76,22.47
4.55,11.83,14.39,4.87,10.41,15.83,18.28,13.07,21.34,15.90,10.52,13.16,7.70,17.55,8.70,8.27,15.47,5.79,17.25
6.21,5.87,9.43,7.10,10.33,9.91,13.36,12.04,15.62,21.19,9.94,7.61,14.03,22.37,8.09,6.54,11.25,5.24,13.23
6.71,9.51,13.90,12.94,16.66,12.67,17.43,6.65,11.73,26.10,5.49,11.59,17.40,27.64,4.56,3.05,5.29,11.48,7.17
12.28,17.20,18.01,6.65,9.74,20.69,21.31,20.68,28.75,8.08,18.14,17.76,5.02,9.63,16.45,16.18,23.35,9.24,25.15
11.32,17.89,19.19,7.57,11.54,21.58,22.68,19.46,28.65,8.75,16.97,18.68,2.77,10.77,15.40,15.36,22.76,10.10,24.49
7.54,15.58,17.64,6.45,11.68,19.50,21.40,15.66,25.29,12.56,13.16,16.71,3.69,14.54,11.60,11.61,19.09,8.50,20.77
14.91,11.29,9.81,6.29,0.78,13.37,12.17,22.71,24.90,15.51,20.35,10.70,14.45,15.35,18.40,17.19,22.17,6.17,24.17
5.26,12.55,14.92,4.76,10.35,16.52,18.78,13.76,22.24,15.03,11.21,13.80,6.84,16.72,9.43,9.09,16.35,6.08,18.11
3.65,13.74,16.65,7.35,12.92,17.78,20.58,11.74,21.85,16.52,9.22,15.25,7.17,18.46,7.64,7.74,15.29,8.33,16.91
8.09,4.14,7.54,7.30,9.46,8.19,11.47,13.63,15.41,21.66,11.65,5.75,15.22,22.63,9.85,8.23,12.00,4.98,14.00
3.67,13.71,16.62,7.29,12.87,17.76,20.55,11.78,21.86,16.48,9.26,15.22,7.15,18.42,7.68,7.76,15.31,8.28,16.93
7.55,10.93,12.53,1.57,7.16,14.66,16.24,15.94,22.28,14.53,13.42,11.79,8.44,15.75,11.52,10.75,17.33,3.34,19.23
16.21,4.22,2.73,13.63,12.15,1.17,4.27,19.99,14.53,27.30,18.60,2.57,22.75,27.58,17.11,15.35,15.57,11.08,17.28
4.04,8.33,11.64,6.29,10.72,12.38,15.60,11.22,17.33,19.61,8.86,9.98,11.80,21.02,6.91,5.74,11.98,5.32,13.87
10.68,12.83,17.20,17.58,21.16,15.12,20.28,5.93,9.22,30.54,6.68,14.82,21.47,32.18,7.14,6.58,1.27,16.07,2.60
10.21,16.63,18.03,6.40,10.70,20.35,21.57,18.48,27.38,9.85,15.96,17.46,3.28,11.72,14.34,14.22,21.57,8.89,23.31
11.70,14.07,14.47,3.76,6.11,17.33,17.67,20.20,26.39,10.74,17.66,14.41,8.02,11.59,15.80,15.14,21.74,6.16,23.65
15.70,7.65,4.77,9.12,5.26,8.53,6.85,22.20,21.17,20.81,20.14,6.32,18.43,20.70,18.28,16.74,19.98,7.35,21.93
13.76,2.50,1.98,10.60,9.48,3.60,5.81,18.52,15.64,24.37,16.85,0.81,19.74,24.75,15.20,13.47,15.10,8.05,16.98
9.17,3.35,6.44,7.46,8.92,7.32,10.38,14.67,15.58,21.83,12.74,4.75,15.83,22.66,10.95,9.31,12.71,4.96,14.70
5.45,10.86,13.16,3.59,9.07,14.80,17.03,13.88,21.12,15.80,11.36,12.06,8.37,17.26,9.47,8.81,15.67,4.41,17.52
11.12,13.13,17.49,18.02,21.57,15.34,20.53,6.14,8.98,30.99,7.01,15.11,21.91,32.63,7.54,7.02,1.07,16.50,2.15
13.78,10.29,14.14,18.25,20.43,11.20,16.47,11.44,4.65,32.29,11.63,11.88,24.24,33.53,11.40,10.14,4.51,16.13,5.52
14.38,4.84,2.37,9.44,7.19,5.87,5.78,20.12,18.29,22.50,18.23,3.45,18.84,22.67,16.45,14.81,17.35,7.13,19.28
12.50,16.95,17.62,6.40,9.21,20.37,20.87,20.94,28.69,8.11,18.40,17.44,5.64,9.50,16.68,16.34,23.43,8.98,25.26
9.31,14.99,16.39,4.77,9.35,18.70,19.96,17.75,25.96,10.99,15.20,15.81,4.72,12.62,13.48,13.19,20.38,7.24,22.18
7.06,13.48,15.40,4.24,9.64,17.35,19.15,15.54,23.85,13.24,12.99,14.53,5.69,14.90,11.24,10.91,18.13,6.24,19.91
10.48,14.16,15.02,3.61,7.29,17.64,18.41,19.00,25.97,10.87,16.45,14.72,6.69,12.06,14.64,14.10,20.94,6.19,22.82
6.47,15.09,17.40,6.60,12.03,19.06,21.23,14.55,24.38,13.66,12.05,16.34,4.52,15.65,10.50,10.55,18.06,8.39,19.72
5.90,6.74,9.82,5.71,9.36,10.77,13.78,12.67,17.05,19.76,10.42,8.25,12.73,20.95,8.50,7.12,12.50,4.06,14.46
15.05,3.94,0.56,11.19,9.31,3.79,4.51,19.98,16.64,24.56,18.29,1.96,20.50,24.78,16.62,14.90,16.49,8.73,18.34
5.27,14.21,16.74,6.47,12.03,18.22,20.61,13.45,23.18,14.82,10.93,15.55,5.71,16.75,9.33,9.34,16.84,7.93,18.51
14.08,2.07,3.30,12.17,11.53,2.01,6.23,17.87,13.66,26.20,16.44,1.28,21.04,26.68,14.93,13.17,13.76,9.58,15.56
17.44,5.45,3.97,15.08,13.48,1.51,4.18,20.79,14.17,28.72,19.53,3.99,24.18,28.96,18.12,16.34,15.96,12.53,17.58
12.79,12.14,16.30,18.63,21.55,13.70,18.97,8.88,6.28,32.20,9.51,13.95,23.55,33.66,9.70,8.81,1.70,16.80,2.62
10.70,2.09,4.94,8.46,8.98,5.88,8.86,15.84,15.32,22.72,14.02,3.21,17.18,23.40,12.30,10.61,13.27,5.88,15.23
11.56,14.49,18.86,18.93,22.68,16.75,21.93,5.46,9.81,31.57,6.82,16.48,22.28,33.29,7.70,7.51,2.31,17.53,2.14
7.41,5.43,8.30,5.87,8.56,9.42,12.26,13.81,16.78,20.20,11.66,6.80,13.79,21.21,9.77,8.29,12.92,3.67,14.91
2.04,13.60,16.94,8.85,14.32,17.63,20.90,9.67,20.44,18.55,7.16,15.30,8.99,20.52,5.65,5.97,13.55,9.35,15.08
7.86,15.39,17.31,5.99,11.14,19.27,21.04,16.09,25.39,12.19,13.57,16.46,3.79,14.11,11.97,11.90,19.33,8.14,21.04
11.69,15.25,15.88,4.74,7.60,18.64,19.14,20.20,27.23,9.65,17.65,15.71,6.66,10.78,15.85,15.36,22.23,7.29,24.10
11.79,9.81,13.97,16.76,19.38,11.46,16.72,9.61,6.62,30.61,9.63,11.62,22.35,31.95,9.35,8.09,3.22,14.79,4.83
13.63,8.66,7.37,5.97,2.19,10.80,10.14,20.95,22.30,17.59,18.69,8.09,15.11,17.67,16.76,15.41,19.86,4.78,21.85
12.44,11.66,15.84,18.17,21.06,13.28,18.55,8.86,6.42,31.77,9.36,13.48,23.18,33.22,9.46,8.49,1.76,16.32,3.01
3.53,12.50,15.34,6.23,11.76,16.53,19.26,11.99,21.16,16.57,9.44,13.96,7.74,18.36,7.70,7.50,14.91,7.03,16.62
12.06,17.50,18.46,6.98,10.34,21.06,21.81,20.40,28.83,8.10,17.87,18.13,4.34,9.83,16.22,16.02,23.27,9.57,25.05
14.30,5.21,2.88,9.06,6.67,6.40,6.14,20.23,18.74,22.00,18.30,3.93,18.48,22.16,16.49,14.88,17.64,6.81,19.58
14.68,2.72,2.41,12.19,11.12,1.93,5.34,18.73,14.46,26.04,17.25,1.04,21.23,26.42,15.71,13.95,14.70,9.62,16.49
9.83,3.36,5.81,7.20,8.15,7.13,9.77,15.56,16.22,21.50,13.60,4.38,15.91,22.23,11.79,10.18,13.59,4.63,15.57
11.12,11.37,15.67,17.17,20.31,13.39,18.60,7.68,7.76,30.60,8.03,13.29,21.89,32.10,8.09,7.14,1.25,15.43,3.18
9.03,16.40,18.15,6.63,11.45,20.24,21.81,17.17,26.59,11.05,14.67,17.39,2.82,13.04,13.10,13.08,20.53,8.95,22.23
10.65,11.48,15.81,16.90,20.18,13.64,18.83,7.12,8.34,30.23,7.45,13.43,21.44,31.76,7.54,6.64,1.26,15.23,3.25
13.21,17.52,18.07,6.99,9.44,20.89,21.25,21.64,29.37,7.45,19.10,17.96,5.96,8.79,17.39,17.06,24.14,9.55,25.97
6.92,5.91,10.19,10.04,13.05,9.53,13.88,10.33,12.81,24.02,8.66,7.97,16.35,25.27,7.11,5.35,8.40,8.15,10.39
13.70,2.20,2.22,10.82,9.85,3.30,5.93,18.29,15.23,24.67,16.66,0.41,19.91,25.08,15.03,13.30,14.76,8.26,16.63
4.82,11.68,14.16,4.53,10.08,15.67,18.04,13.34,21.39,15.75,10.79,12.97,7.74,17.37,8.96,8.48,15.62,5.49,17.41
1.09,12.34,16.12,10.01,15.12,16.26,20.04,7.44,17.85,21.05,4.89,14.22,11.66,22.92,3.12,3.28,10.86,9.81,12.40
6.42,18.34,22.03,14.14,19.69,22.26,25.97,8.35,22.37,21.39,6.71,20.20,11.27,23.73,6.65,8.14,14.61,14.78,15.59
7.51,4.62,8.13,7.31,9.81,8.67,12.06,13.05,15.33,21.62,11.06,6.31,14.92,22.65,9.25,7.64,11.63,5.10,13.62
8.73,13.67,15.07,3.46,8.33,17.37,18.66,17.25,24.83,12.01,14.70,14.47,5.97,13.46,12.90,12.45,19.48,5.91,21.31
9.58,15.93,17.40,5.78,10.31,19.67,20.98,17.90,26.65,10.51,15.37,16.79,3.71,12.32,13.72,13.56,20.87,8.24,22.63
14.37,8.48,11.97,17.51,19.04,8.79,14.03,13.42,5.26,31.80,13.23,9.82,24.35,32.85,12.66,11.18,6.89,15.20,8.09
10.82,17.69,19.12,7.49,11.69,21.43,22.66,18.93,28.27,9.27,16.43,18.55,2.40,11.32,14.89,14.87,22.30,9.98,24.01
10.00,3.13,5.62,7.43,8.27,6.90,9.58,15.63,16.07,21.71,13.69,4.15,16.14,22.43,11.90,10.27,13.55,4.85,15.53
12.65,8.20,7.42,5.17,2.56,10.67,10.49,20.01,21.74,17.45,17.74,7.85,14.44,17.68,15.80,14.46,19.06,3.81,21.05
11.09,16.92,18.08,6.49,10.34,20.55,21.53,19.41,28.01,9.02,16.89,17.64,3.85,10.80,15.24,15.06,22.35,9.06,24.12
13.89,5.77,3.91,8.16,5.66,7.36,7.07,20.17,19.43,20.97,18.15,4.76,17.58,21.13,16.31,14.74,17.95,6.01,19.91
15.23,10.91,14.49,19.40,21.31,11.30,16.51,12.77,3.28,33.54,13.06,12.32,25.63,34.73,12.86,11.61,5.68,17.21,6.35
14.00,17.14,17.32,6.83,8.33,20.32,20.32,22.50,29.44,7.67,19.95,17.41,7.53,8.52,18.17,17.70,24.57,9.26,26.45
3.09,12.30,15.24,6.47,11.96,16.35,19.18,11.57,20.75,17.01,9.02,13.82,8.14,18.80,7.27,7.05,14.47,7.12,16.17
13.94,2.25,2.21,11.18,10.19,2.93,5.77,18.38,15.00,25.04,16.79,0.18,20.25,25.44,15.19,13.44,14.72,8.61,16.56
6.15,16.92,19.73,9.62,15.14,20.96,23.64,12.94,24.56,15.55,10.61,18.40,5.49,17.81,9.44,10.03,17.58,11.08,19.03
1.97,13.95,17.47,9.89,15.31,17.94,21.43,8.63,19.98,19.56,6.15,15.73,9.87,21.58,4.77,5.34,12.87,10.24,14.32
9.58,15.42,16.80,5.17,9.64,19.12,20.35,17.98,26.35,10.64,15.44,16.23,4.38,12.32,13.75,13.49,20.73,7.66,22.51
13.25,1.95,4.98,12.49,12.56,2.90,7.81,16.42,12.14,26.75,15.12,2.75,20.98,27.38,13.71,11.94,12.09,9.91,13.87
13.99,8.48,6.94,6.50,2.59,10.44,9.62,21.19,22.15,18.08,18.96,7.78,15.66,18.12,17.03,15.65,19.91,5.18,21.90
0.92,12.10,15.53,8.23,13.52,16.12,19.48,9.40,19.14,19.14,6.85,13.83,9.95,20.97,5.09,4.98,12.51,8.35,14.14
16.67,5.27,1.08,12.64,10.25,3.73,2.88,21.40,17.06,25.69,19.78,3.19,22.00,25.78,18.15,16.42,17.58,10.24,19.38
11.35,2.69,6.91,11.97,13.07,5.18,10.06,14.13,11.23,26.35,12.85,4.53,19.84,27.21,11.49,9.72,10.01,9.51,11.87
13.56,6.62,5.11,7.20,4.48,8.52,8.16,20.23,20.30,19.78,18.12,5.84,16.60,19.93,16.24,14.74,18.43,5.24,20.40
15.65,3.68,3.48,13.66,12.60,0.42,5.29,19.10,13.53,27.55,17.78,2.51,22.62,27.93,16.34,14.57,14.55,11.08,16.25
10.59,14.81,15.74,4.26,7.98,18.33,19.14,19.10,26.45,10.35,16.55,15.40,6.02,11.67,14.76,14.31,21.28,6.85,23.13
11.12,7.62,11.81,15.06,17.36,9.43,14.65,10.65,7.68,29.14,10.15,9.45,21.30,30.35,9.44,7.91,5.19,12.95,6.95
13.10,2.95,6.28,13.22,13.69,3.76,8.92,15.60,10.85,27.57,14.45,4.07,21.41,28.30,13.16,11.40,10.91,10.69,12.65
11.02,15.59,16.51,5.05,8.61,19.12,19.89,19.50,27.16,9.64,16.95,16.19,5.50,11.05,15.20,14.82,21.88,7.64,23.71
17.28,8.74,5.22,10.55,6.18,8.98,6.29,23.70,22.00,21.58,21.68,7.17,19.77,21.29,19.82,18.27,21.25,8.89,23.18
13.79,10.78,9.75,5.17,0.44,13.15,12.42,21.65,24.28,15.25,19.27,10.39,13.54,15.29,17.32,16.14,21.28,5.11,23.27
9.37,12.79,13.87,2.28,6.85,16.35,17.38,17.87,24.51,12.32,15.33,13.44,7.34,13.50,13.47,12.83,19.56,4.86,21.45
2.33,13.51,16.74,8.37,13.87,17.55,20.70,10.21,20.73,18.03,7.69,15.16,8.54,19.99,6.14,6.37,13.95,8.96,15.51
13.14,7.26,6.10,6.31,3.58,9.43,9.15,20.12,20.91,18.78,17.94,6.68,15.67,18.96,16.02,14.59,18.68,4.55,20.67
12.74,10.27,14.32,17.61,20.09,11.60,16.89,10.27,5.67,31.52,10.44,12.00,23.30,32.84,10.24,9.02,3.46,15.60,4.75
3.38,14.16,17.21,8.16,13.72,18.21,21.16,11.13,21.76,17.06,8.64,15.74,7.49,19.07,7.15,7.42,15.00,9.06,16.56
11.55,18.42,19.77,8.14,12.12,22.13,23.26,19.60,29.05,8.59,17.12,19.24,2.34,10.72,15.60,15.62,23.06,10.66,24.77
6.05,5.95,9.75,7.82,11.09,9.94,13.65,11.39,14.98,21.83,9.36,7.81,14.45,23.05,7.56,5.95,10.48,6.00,12.46
15.34,11.21,14.81,19.64,21.60,11.62,16.83,12.69,3.10,33.75,13.05,12.64,25.79,34.96,12.90,11.68,5.57,17.46,6.14
10.95,16.50,17.62,6.05,9.88,20.12,21.06,19.33,27.70,9.25,16.79,17.20,4.25,10.93,15.12,14.89,22.12,8.62,23.91
5.78,17.38,21.24,14.18,19.63,21.22,25.15,6.70,20.75,22.50,5.05,19.31,12.41,24.76,5.15,6.75,12.96,14.53,13.91
5.45,17.11,20.30,11.05,16.63,21.15,24.25,11.05,23.51,17.70,8.85,18.76,7.60,19.99,7.94,8.83,16.22,12.15,17.53
16.93,7.61,3.84,10.86,7.06,7.59,5.10,22.97,20.68,22.59,21.04,5.90,20.21,22.41,19.23,17.62,20.20,8.93,22.10
8.69,9.04,13.45,14.18,17.39,11.70,16.71,7.77,9.72,27.74,7.13,11.07,19.28,29.18,6.49,5.08,4.05,12.45,6.05
10.66,1.51,5.22,9.16,9.88,5.53,9.03,15.34,14.42,23.48,13.62,3.16,17.67,24.21,11.95,10.23,12.48,6.60,14.43
7.04,5.77,8.69,5.74,8.70,9.78,12.64,13.55,16.88,20.04,11.37,7.18,13.48,21.08,9.47,8.01,12.85,3.67,14.83
0.23,12.16,15.73,8.89,14.11,16.15,19.67,8.66,18.64,19.86,6.11,13.95,10.58,21.70,4.35,4.31,11.88,8.88,13.48
3.40,8.85,12.26,6.71,11.29,12.89,16.21,10.67,17.35,19.72,8.28,10.55,11.64,21.20,6.33,5.23,11.74,5.90,13.60
11.56,15.78,16.55,5.23,8.40,19.24,19.86,20.05,27.53,9.28,17.50,16.31,5.88,10.59,15.74,15.33,22.34,7.81,24.19
9.63,15.45,16.82,5.19,9.63,19.15,20.37,18.04,26.40,10.59,15.50,16.26,4.38,12.27,13.80,13.55,20.78,7.68,22.56
14.62,8.55,6.64,7.21,3.01,10.24,9.10,21.72,22.24,18.56,19.52,7.69,16.36,18.51,17.60,16.19,20.25,5.86,22.24
10.39,4.72,5.88,6.04,6.41,8.04,9.74,16.81,17.94,20.11,14.71,5.12,15.17,20.72,12.84,11.32,15.25,3.47,17.24
13.41,13.01,17.15,19.46,22.42,14.49,19.77,8.95,6.18,32.95,9.81,14.80,24.20,34.44,10.16,9.38,1.89,17.65,2.00
10.06,2.43,5.59,8.20,9.12,6.37,9.50,15.24,15.21,22.52,13.40,3.80,16.74,23.27,11.66,9.98,12.84,5.64,14.82
13.39,13.00,17.14,19.44,22.41,14.49,19.77,8.93,6.20,32.93,9.79,14.80,24.18,34.42,10.14,9.36,1.87,17.64,2.00
9.02,12.35,13.51,1.88,6.78,15.94,17.05,17.50,24.03,12.80,14.96,13.02,7.61,13.97,13.09,12.42,19.11,4.44,21.00
3.80,12.46,15.22,5.95,11.50,16.49,19.14,12.28,21.31,16.32,9.73,13.89,7.59,18.10,7.98,7.74,15.13,6.83,16.84
15.09,15.19,19.29,21.55,24.62,16.51,21.80,9.49,6.45,34.86,10.84,16.96,25.89,36.42,11.52,11.00,3.49,19.81,1.95
6.43,5.98,10.14,9.30,12.45,9.76,13.91,10.52,13.57,23.26,8.70,7.99,15.62,24.51,7.04,5.31,9.04,7.46,11.02
6.32,16.16,18.72,8.21,13.68,20.17,22.59,13.84,24.64,14.40,11.41,17.52,4.57,16.56,10.05,10.38,17.96,9.86,19.51
4.69,16.34,19.56,10.51,16.09,20.38,23.52,10.66,22.83,17.83,8.38,18.00,7.79,20.05,7.36,8.16,15.61,11.50,16.96
10.78,4.79,5.63,6.15,6.16,7.96,9.45,17.21,18.15,20.11,15.12,5.03,15.36,20.67,13.24,11.72,15.59,3.61,17.57
14.75,3.67,0.86,10.98,9.24,3.80,4.81,19.68,16.51,24.43,17.99,1.74,20.26,24.67,16.32,14.60,16.24,8.50,18.10
11.81,6.20,5.96,5.75,4.57,8.88,9.45,18.65,19.73,19.09,16.48,6.00,15.17,19.48,14.58,13.13,17.24,3.57,19.23
7.68,10.96,12.52,1.46,7.05,14.68,16.22,16.07,22.37,14.44,13.56,11.81,8.45,15.65,11.65,10.88,17.45,3.33,19.35
13.60,12.75,16.84,19.45,22.30,14.13,19.41,9.38,5.74,33.03,10.16,14.51,24.37,34.49,10.44,9.60,2.25,17.59,2.49
12.95,1.99,5.35,12.45,12.71,3.30,8.23,16.02,11.88,26.75,14.73,3.08,20.84,27.42,13.33,11.56,11.67,9.88,13.46
12.01,1.13,3.82,9.73,9.63,4.47,7.63,16.70,14.82,23.87,15.01,1.82,18.57,24.45,13.35,11.63,13.55,7.13,15.46
15.37,4.96,1.29,10.71,8.28,5.05,4.53,20.75,17.94,23.69,18.96,3.15,20.11,23.80,17.22,15.54,17.57,8.38,19.45
12.05,12.08,16.33,18.14,21.22,13.88,19.14,8.07,7.12,31.58,8.68,13.96,22.83,33.08,8.89,8.04,0.94,16.38,2.43
8.92,6.28,7.84,4.28,6.19,9.88,11.67,15.99,18.81,18.58,13.74,7.00,13.23,19.37,11.81,10.44,15.29,1.70,17.28
0.76,12.71,16.25,9.10,14.40,16.70,20.20,8.70,19.11,19.66,6.15,14.49,10.25,21.56,4.49,4.66,12.24,9.22,13.80
12.63,1.28,3.27,10.19,9.79,3.92,7.03,17.23,14.84,24.25,15.57,1.19,19.12,24.77,13.94,12.20,13.89,7.60,15.79
12.50,12.55,16.77,18.65,21.74,14.27,19.53,8.21,6.91,32.07,8.95,14.41,23.29,33.58,9.25,8.46,1.04,16.90,2.01
14.65,11.56,15.37,19.45,21.71,12.33,17.59,11.57,3.81,33.42,12.03,13.12,25.23,34.71,11.99,10.87,4.41,17.37,4.95
7.52,4.57,8.63,8.76,11.32,8.48,12.44,12.03,13.86,23.00,10.22,6.53,15.92,24.10,8.53,6.82,10.13,6.64,12.12
4.63,15.98,19.08,9.77,15.35,20.03,23.03,11.22,22.96,17.14,8.87,17.59,7.15,19.33,7.71,8.36,15.88,10.85,17.31
9.76,2.25,6.25,9.07,10.37,6.28,10.05,14.30,14.00,23.45,12.58,4.14,17.23,24.30,10.92,9.19,11.60,6.59,13.57
6.49,18.49,21.96,13.34,18.92,22.47,25.92,9.86,23.46,19.81,8.03,20.26,9.70,22.18,7.66,8.96,15.83,14.24,16.92
12.57,0.85,3.59,10.50,10.26,3.72,7.22,16.94,14.33,24.63,15.33,1.30,19.33,25.18,13.73,11.98,13.46,7.91,15.34
10.43,15.56,16.68,5.10,9.08,19.17,20.14,18.88,26.87,9.99,16.34,16.26,4.93,11.53,14.61,14.29,21.43,7.67,23.24
9.39,10.62,15.02,15.59,18.97,13.10,18.19,6.80,9.30,28.90,6.69,12.63,20.15,30.42,6.50,5.44,2.55,13.96,4.50
12.10,10.27,14.42,17.21,19.86,11.85,17.11,9.57,6.34,31.03,9.72,12.07,22.70,32.38,9.53,8.34,2.93,15.26,4.43
3.25,8.76,12.41,7.66,12.10,12.75,16.34,9.83,16.51,20.66,7.50,10.57,12.41,22.17,5.56,4.34,10.77,6.71,12.63
8.65,5.12,7.32,5.51,7.38,8.92,11.25,15.17,17.44,19.87,13.02,6.12,14.12,20.71,11.14,9.65,14.06,3.01,16.05
9.34,10.72,15.11,15.60,19.01,13.21,18.30,6.68,9.39,28.88,6.57,12.73,20.11,30.41,6.41,5.37,2.54,13.99,4.48
12.35,16.53,17.17,5.99,8.75,19.93,20.40,20.82,28.36,8.46,18.27,17.00,5.95,9.76,16.53,16.15,23.18,8.55,25.02
5.80,6.75,9.89,5.86,9.52,10.79,13.85,12.51,16.93,19.87,10.26,8.30,12.78,21.07,8.34,6.96,12.34,4.23,14.30
9.41,2.63,6.78,9.28,10.83,6.57,10.53,13.75,13.62,23.66,12.06,4.61,17.22,24.56,10.42,8.69,11.04,6.86,13.01
9.92,15.41,16.68,5.05,9.33,19.08,20.19,18.35,26.53,10.39,15.81,16.17,4.65,12.00,14.10,13.81,20.99,7.59,22.79
3.59,12.76,15.60,6.39,11.94,16.80,19.52,12.01,21.35,16.47,9.46,14.23,7.54,18.30,7.75,7.60,15.05,7.26,16.74
13.50,11.84,15.88,18.92,21.58,13.11,18.39,9.95,5.27,32.67,10.50,13.57,24.20,34.06,10.59,9.59,2.78,16.98,3.48
13.07,14.95,19.24,20.15,23.66,16.85,22.10,7.01,8.58,33.03,8.45,16.86,23.83,34.70,9.30,8.99,2.33,18.61,0.75
12.76,18.88,19.91,8.40,11.78,22.47,23.28,20.92,29.95,7.30,18.42,19.56,3.64,9.33,16.86,16.79,24.17,10.98,25.91
3.87,15.63,18.93,10.25,15.82,19.66,22.89,10.02,21.99,18.31,7.68,17.32,8.35,20.48,6.57,7.33,14.80,11.08,16.18
14.50,13.08,17.07,20.17,22.86,14.20,19.47,10.27,4.87,33.85,11.10,14.77,25.26,35.27,11.39,10.52,3.18,18.25,3.08
13.56,3.33,2.15,9.61,8.20,4.82,6.09,18.87,16.82,23.19,17.07,2.09,18.88,23.52,15.34,13.66,15.89,7.12,17.80
13.98,12.64,16.67,19.63,22.35,13.86,19.14,9.94,5.18,33.30,10.68,14.36,24.73,34.72,10.91,10.01,2.78,17.72,3.00
14.41,10.47,14.20,18.70,20.75,11.14,16.39,12.06,4.06,32.80,12.28,11.98,24.83,34.01,12.06,10.79,5.06,16.55,5.93
17.26,8.13,4.37,10.96,6.92,8.10,5.38,23.41,21.21,22.40,21.46,6.44,20.27,22.16,19.63,18.04,20.71,9.12,22.62
10.57,1.79,6.20,10.40,11.49,5.45,9.75,14.35,12.81,24.77,12.81,3.87,18.48,25.60,11.28,9.51,10.99,7.91,12.91
10.18,10.86,15.21,16.26,19.51,13.12,18.28,7.23,8.57,29.64,7.32,12.83,20.93,31.15,7.24,6.22,1.93,14.57,3.92
10.60,11.36,15.70,16.81,20.07,13.54,18.72,7.17,8.34,30.15,7.46,13.32,21.38,31.67,7.52,6.59,1.37,15.13,3.36
11.13,3.19,4.60,7.64,7.62,6.44,8.54,16.86,16.69,21.71,14.92,3.53,16.69,22.28,13.13,11.50,14.61,5.06,16.58
8.59,16.87,18.86,7.51,12.52,20.78,22.59,16.48,26.53,11.72,14.02,17.98,2.39,13.85,12.54,12.68,20.21,9.68,21.85
11.36,2.39,4.25,8.40,8.38,5.71,8.21,16.71,15.95,22.51,14.86,2.86,17.35,23.09,13.11,11.44,14.13,5.81,16.08
13.60,19.29,20.13,8.75,11.72,22.81,23.41,21.81,30.61,6.45,19.30,19.88,4.50,8.42,17.72,17.61,24.95,11.34,26.70
5.43,13.85,16.28,5.91,11.47,17.84,20.14,13.74,23.11,14.62,11.21,15.14,5.80,16.49,9.56,9.47,16.91,7.41,18.61
6.84,5.37,8.77,6.82,9.74,9.42,12.71,12.75,15.81,21.06,10.66,7.02,14.20,22.15,8.81,7.26,11.75,4.78,13.74
10.93,12.22,16.56,17.46,20.84,14.38,19.57,6.74,8.48,30.65,7.32,14.18,21.73,32.22,7.60,6.86,0.73,15.85,2.62
4.74,16.69,20.10,11.55,17.12,20.69,24.06,9.62,22.36,19.07,7.45,18.43,8.99,21.32,6.66,7.69,14.94,12.37,16.20
13.77,18.66,19.28,8.11,10.65,22.07,22.47,22.11,30.33,6.50,19.59,19.14,5.48,8.12,17.93,17.71,24.91,10.69,26.71
3.08,14.12,18.04,12.03,17.22,17.94,21.93,5.90,18.14,22.29,3.43,16.06,12.54,24.30,2.37,3.62,10.65,11.92,11.93
14.49,12.17,16.07,19.68,22.15,13.12,18.40,10.91,4.25,33.53,11.53,13.80,25.15,34.88,11.62,10.60,3.73,17.68,4.08
10.78,11.48,15.81,16.99,20.24,13.61,18.80,7.24,8.20,30.34,7.59,13.43,21.56,31.86,7.68,6.77,1.20,15.30,3.20
14.09,2.24,2.37,11.51,10.57,2.58,5.74,18.36,14.69,25.40,16.81,0.35,20.55,25.81,15.23,13.48,14.56,8.94,16.39
13.03,7.40,11.17,16.12,17.80,8.28,13.57,12.65,6.56,30.39,12.23,8.92,22.94,31.46,11.53,9.97,6.60,13.83,8.08
13.35,6.05,4.65,7.37,5.01,7.99,7.87,19.87,19.74,20.22,17.79,5.28,16.79,20.42,15.92,14.39,17.93,5.27,19.90
10.92,1.09,5.29,9.84,10.55,5.11,8.98,15.21,13.75,24.17,13.58,3.06,18.25,24.91,11.97,10.22,12.04,7.29,13.97
10.01,9.27,13.61,15.27,18.22,11.51,16.66,8.45,8.40,28.96,8.14,11.22,20.59,30.36,7.68,6.35,3.37,13.42,5.33
11.62,4.97,5.10,6.54,5.79,7.76,8.81,18.04,18.53,20.22,15.96,4.84,15.87,20.66,14.09,12.56,16.26,4.11,18.24
1.91,13.05,16.91,10.87,16.01,16.93,20.81,6.72,17.90,21.59,4.18,14.97,12.03,23.52,2.59,3.22,10.68,10.70,12.12
13.65,17.35,17.71,6.92,8.88,20.63,20.79,22.13,29.45,7.47,19.58,17.70,6.79,8.56,17.83,17.43,24.41,9.42,26.26
3.08,14.89,18.25,9.90,15.43,18.91,22.21,9.59,21.25,18.63,7.18,16.60,8.79,20.73,5.95,6.61,14.12,10.57,15.54
9.74,8.46,12.81,14.60,17.44,10.79,15.91,8.92,8.71,28.41,8.39,10.43,20.19,29.76,7.74,6.29,4.19,12.70,6.14
11.32,11.98,16.28,17.61,20.84,13.99,19.21,7.37,7.88,30.93,7.90,13.90,22.12,32.47,8.11,7.29,0.64,15.92,2.61
2.90,14.57,17.89,9.46,14.99,18.60,21.84,9.84,21.20,18.36,7.39,16.27,8.58,20.43,6.07,6.62,14.17,10.14,15.63
10.80,4.51,5.45,6.40,6.43,7.69,9.30,17.11,17.88,20.39,15.04,4.77,15.58,20.95,13.18,11.64,15.38,3.85,17.37
8.65,5.25,7.39,5.37,7.26,9.03,11.31,15.24,17.59,19.73,13.08,6.22,14.00,20.56,11.18,9.71,14.18,2.86,16.17
14.93,7.33,4.92,8.35,4.76,8.60,7.39,21.53,20.95,20.29,19.45,6.19,17.68,20.27,17.57,16.05,19.49,6.55,21.45
12.13,1.31,3.64,9.69,9.49,4.45,7.48,16.89,15.00,23.80,15.19,1.72,18.58,24.36,13.53,11.81,13.76,7.10,15.67
6.49,15.18,17.50,6.70,12.13,19.16,21.33,14.54,24.43,13.66,12.04,16.43,4.46,15.67,10.50,10.57,18.09,8.49,19.74
14.95,7.83,5.53,8.05,4.18,9.21,7.93,21.73,21.49,19.73,19.61,6.77,17.32,19.68,17.72,16.23,19.88,6.41,21.84
8.97,16.28,18.02,6.50,11.33,20.11,21.68,17.14,26.50,11.09,14.63,17.27,2.95,13.06,13.06,13.03,20.46,8.82,22.17
9.47,6.37,7.59,4.25,5.65,9.83,11.36,16.57,19.16,18.43,14.33,6.92,13.40,19.14,12.40,11.03,15.80,1.67,17.79
8.32,3.90,7.32,7.45,9.47,7.94,11.24,13.77,15.31,21.82,11.82,5.52,15.43,22.76,10.03,8.40,12.03,5.08,14.02
6.70,5.45,8.92,6.97,9.95,9.49,12.86,12.53,15.68,21.17,10.46,7.13,14.23,22.29,8.61,7.05,11.56,4.96,13.54
12.94,12.47,16.63,18.90,21.85,14.03,19.31,8.79,6.33,32.42,9.52,14.28,23.71,33.89,9.77,8.93,1.62,17.08,2.31
1.13,12.06,15.86,9.94,15.00,15.97,19.78,7.41,17.59,21.17,4.87,13.95,11.85,23.02,3.05,3.06,10.64,9.67,12.21
13.12,12.03,16.14,18.78,21.59,13.46,18.74,9.35,5.83,32.43,9.96,13.80,23.86,33.86,10.11,9.16,2.17,16.90,2.96
7.39,16.11,18.33,7.28,12.56,20.07,22.12,15.28,25.42,12.91,12.81,17.32,3.48,15.00,11.34,11.48,19.02,9.24,20.65
18.89,7.24,3.34,14.77,11.92,4.55,0.76,23.33,17.69,27.46,21.81,5.20,24.17,27.39,20.23,18.48,19.08,12.42,20.80
11.64,9.64,13.81,16.57,19.19,11.32,16.58,9.60,6.77,30.43,9.57,11.46,22.18,31.76,9.25,7.97,3.32,14.60,4.97
0.80,11.24,14.89,8.75,13.78,15.21,18.83,8.53,17.75,20.37,6.01,13.06,11.32,22.13,4.12,3.70,11.16,8.46,12.83
1.01,12.94,16.46,9.16,14.50,16.94,20.41,8.77,19.33,19.54,6.23,14.71,10.09,21.47,4.61,4.84,12.43,9.35,13.97
11.21,8.81,13.02,15.82,18.36,10.61,15.85,9.83,7.26,29.75,9.57,10.65,21.64,31.05,9.08,7.70,3.99,13.81,5.74
10.24,10.01,14.34,15.84,18.90,12.21,17.37,8.01,8.25,29.43,7.90,11.96,20.91,30.86,7.62,6.43,2.64,14.05,4.60
12.31,0.39,4.36,10.94,11.05,3.70,7.81,16.27,13.44,25.18,14.76,1.99,19.56,25.81,13.21,11.45,12.59,8.36,14.46
6.81,12.78,17.16,14.78,19.11,15.96,20.72,3.36,13.18,26.86,2.64,14.86,17.47,28.66,2.92,2.90,5.44,13.76,6.69
1.27,13.17,16.85,10.04,15.32,17.12,20.78,7.82,18.83,20.45,5.29,15.01,10.89,22.39,3.74,4.20,11.74,10.10,13.22
8.07,12.34,16.76,15.51,19.52,15.23,20.16,4.23,11.60,28.05,4.18,14.41,18.84,29.77,4.44,3.99,3.86,14.26,5.22
10.55,11.61,15.96,16.91,20.24,13.82,19.00,6.91,8.52,30.18,7.26,13.58,21.35,31.72,7.38,6.52,1.23,15.26,3.20
1.90,10.31,14.10,8.93,13.69,14.24,18.02,8.32,16.68,21.15,5.89,12.19,12.31,22.82,3.94,3.05,10.26,8.30,12.00
15.94,4.47,0.63,12.21,10.16,3.27,3.62,20.60,16.47,25.50,18.99,2.39,21.52,25.67,17.36,15.63,16.81,9.75,18.62
3.62,14.74,18.67,12.52,17.76,18.56,22.57,5.76,18.50,22.45,3.41,16.69,12.61,24.52,2.70,4.13,10.92,12.49,12.12
15.22,11.48,15.15,19.73,21.80,12.00,17.23,12.35,3.19,33.79,12.77,12.95,25.73,35.03,12.68,11.51,5.20,17.58,5.71
12.55,1.11,3.42,10.25,9.93,3.90,7.14,17.08,14.67,24.34,15.44,1.26,19.13,24.87,13.81,12.08,13.72,7.66,15.61
14.00,10.27,9.03,5.61,0.50,12.50,11.65,21.70,23.84,16.01,19.36,9.77,14.22,16.02,17.41,16.17,21.08,5.19,23.07
10.21,15.09,16.19,4.61,8.66,18.68,19.66,18.69,26.46,10.37,16.14,15.77,5.32,11.84,14.39,14.02,21.10,7.19,22.93
0.59,12.49,16.14,9.50,14.71,16.45,20.08,8.09,18.48,20.33,5.54,14.32,10.94,22.21,3.83,3.98,11.57,9.46,13.12
13.13,6.89,5.71,6.54,3.99,9.03,8.82,19.99,20.55,19.16,17.83,6.28,15.94,19.36,15.93,14.47,18.42,4.66,20.40
12.68,0.75,3.70,10.80,10.60,3.49,7.23,16.88,14.02,24.95,15.31,1.34,19.59,25.51,13.74,11.98,13.27,8.21,15.14
4.36,15.21,18.19,8.70,14.28,19.26,22.12,11.68,22.77,16.54,9.25,16.76,6.73,18.64,7.90,8.33,15.91,9.83,17.42
11.13,13.44,17.80,18.17,21.78,15.67,20.86,5.88,9.23,31.05,6.86,15.42,21.91,32.71,7.47,7.04,1.39,16.68,2.14
7.61,4.56,8.70,9.05,11.60,8.42,12.48,11.90,13.57,23.28,10.13,6.56,16.16,24.39,8.48,6.75,9.87,6.93,11.86
12.63,2.27,2.99,9.42,8.72,4.68,6.93,17.73,15.91,23.33,15.96,1.75,18.52,23.79,14.25,12.55,14.73,6.85,16.65
11.04,1.14,4.89,9.45,9.97,5.14,8.68,15.63,14.33,23.74,13.94,2.79,18.03,24.44,12.29,10.56,12.62,6.88,14.56
8.93,3.09,6.95,8.52,10.24,7.12,10.79,13.73,14.32,22.89,11.93,4.92,16.47,23.81,10.23,8.52,11.43,6.11,13.41
12.14,2.59,3.49,8.75,8.20,5.34,7.45,17.50,16.28,22.69,15.66,2.41,17.85,23.18,13.92,12.24,14.78,6.18,16.72
15.85,3.96,1.87,12.88,11.27,1.94,4.09,19.99,15.19,26.47,18.51,2.05,22.07,26.73,16.96,15.20,15.85,10.35,17.61
6.91,13.78,15.77,4.68,10.08,17.67,19.53,15.35,23.95,13.27,12.81,14.87,5.40,14.99,11.09,10.83,18.11,6.63,19.87
14.10,19.19,19.83,8.64,11.18,22.62,23.01,22.39,30.80,6.07,19.87,19.69,5.40,7.81,18.24,18.06,25.31,11.22,27.10
15.41,11.52,15.15,19.85,21.87,11.96,17.18,12.57,3.00,33.94,12.99,12.97,25.91,35.16,12.89,11.71,5.41,17.70,5.89
12.82,16.98,17.55,6.46,8.99,20.36,20.74,21.28,28.86,7.97,18.74,17.43,6.05,9.26,17.00,16.64,23.68,9.01,25.52
10.87,10.91,15.22,16.76,19.86,12.97,18.17,7.82,7.84,30.25,8.02,12.84,21.61,31.72,7.97,6.94,1.71,15.00,3.65
11.23,17.31,18.51,6.91,10.78,20.96,21.97,19.49,28.29,8.84,16.97,18.05,3.47,10.71,15.36,15.23,22.56,9.47,24.31
15.11,4.38,0.82,10.85,8.73,4.45,4.56,20.29,17.29,24.05,18.54,2.52,20.21,24.22,16.84,15.14,16.99,8.44,18.86
9.64,15.99,17.46,5.84,10.34,19.74,21.03,17.96,26.72,10.45,15.43,16.85,3.67,12.26,13.78,13.62,20.94,8.30,22.70
5.75,11.24,13.45,3.45,9.00,15.16,17.28,14.22,21.59,15.33,11.69,12.40,7.96,16.81,9.82,9.20,16.12,4.56,17.97
8.60,12.67,14.01,2.40,7.46,16.34,17.60,17.11,24.09,12.72,14.57,13.44,7.02,14.02,12.72,12.13,18.96,4.86,20.83
0.73,12.71,16.27,9.20,14.49,16.70,20.22,8.58,19.02,19.78,6.03,14.50,10.36,21.68,4.37,4.55,12.14,9.30,13.69
7.67,15.29,17.26,5.99,11.19,19.18,21.00,15.89,25.22,12.39,13.37,16.37,3.91,14.31,11.77,11.71,19.14,8.09,20.85
12.41,19.22,20.47,8.86,12.60,22.90,23.92,20.40,29.93,7.80,17.93,20.00,2.64,10.01,16.43,16.48,23.93,11.41,25.63
12.05,15.78,16.38,5.27,7.99,19.16,19.62,20.55,27.74,9.12,18.00,16.23,6.46,10.29,16.22,15.76,22.69,7.82,24.55
12.00,17.58,18.57,7.07,10.50,21.15,21.94,20.31,28.84,8.13,17.79,18.23,4.15,9.90,16.15,15.97,23.24,9.66,25.02
9.01,15.48,17.06,5.48,10.22,19.25,20.67,17.36,26.09,11.09,14.83,16.38,3.94,12.88,13.17,12.99,20.30,7.87,22.06
11.68,5.90,5.78,5.88,4.88,8.63,9.34,18.44,19.42,19.34,16.29,5.74,15.28,19.75,14.39,12.92,16.96,3.61,18.95
10.88,17.66,19.05,7.42,11.58,21.38,22.57,19.01,28.29,9.19,16.52,18.49,2.54,11.22,14.96,14.93,22.35,9.92,24.07
4.26,15.70,19.58,12.97,18.31,19.54,23.49,6.15,19.43,22.27,4.03,17.63,12.30,24.40,3.66,5.15,11.77,13.11,12.88
10.43,10.90,15.24,16.46,19.66,13.09,18.27,7.41,8.31,29.88,7.55,12.86,21.18,31.37,7.50,6.48,1.79,14.74,3.78
12.11,10.35,14.50,17.26,19.93,11.93,17.20,9.52,6.35,31.06,9.68,12.15,22.72,32.42,9.51,8.33,2.85,15.31,4.34
7.97,4.97,7.74,6.04,8.34,8.93,11.70,14.23,16.69,20.41,12.12,6.27,14.21,21.35,10.25,8.73,13.10,3.69,15.10
9.93,16.88,18.42,6.81,11.30,20.65,22.01,18.09,27.35,10.14,15.59,17.78,2.69,12.12,14.01,13.97,21.39,9.25,23.10
4.08,15.98,19.68,12.24,17.70,19.91,23.62,7.59,20.60,20.91,5.43,17.84,10.90,23.09,4.80,6.06,13.05,12.65,14.23
14.03,12.13,16.11,19.39,21.97,13.25,18.53,10.38,4.79,33.17,10.99,13.81,24.72,34.55,11.11,10.12,3.19,17.42,3.64
11.26,6.14,6.28,5.36,4.76,9.04,9.87,18.15,19.56,18.93,15.97,6.13,14.75,19.39,14.06,12.62,16.87,3.08,18.87
8.52,3.58,7.20,7.90,9.82,7.63,11.09,13.69,14.87,22.27,11.80,5.29,15.85,23.21,10.05,8.38,11.72,5.53,13.71
7.64,11.64,13.23,1.98,7.52,15.38,16.93,16.11,22.87,13.93,13.58,12.51,7.74,15.23,11.70,11.03,17.77,4.04,19.64
14.16,14.27,18.41,20.54,23.63,15.72,21.01,8.94,6.49,33.88,10.11,16.07,24.97,35.43,10.68,10.08,2.52,18.80,1.38
11.60,6.10,6.02,5.66,4.70,8.87,9.55,18.43,19.59,19.10,16.27,5.97,15.06,19.52,14.36,12.91,17.05,3.42,19.04
12.23,7.60,7.04,5.13,3.18,10.17,10.26,19.47,21.11,17.86,17.22,7.33,14.50,18.17,15.29,13.93,18.43,3.48,20.42
12.31,5.84,5.28,6.46,4.91,8.30,8.74,18.95,19.47,19.70,16.83,5.45,15.87,20.04,14.95,13.45,17.27,4.25,19.26
10.46,9.27,13.58,15.58,18.42,11.37,16.55,8.81,7.95,29.34,8.56,11.20,21.01,30.71,8.13,6.81,3.35,13.69,5.25
10.93,12.87,17.22,17.77,21.30,15.09,20.27,6.17,8.96,30.78,6.95,14.84,21.73,32.40,7.41,6.84,1.01,16.24,2.36
14.68,3.31,5.11,13.85,13.55,1.95,7.21,17.47,11.75,28.03,16.30,3.34,22.44,28.59,14.97,13.20,12.66,11.26,14.34
7.54,4.47,8.34,8.19,10.70,8.46,12.21,12.48,14.44,22.46,10.59,6.34,15.55,23.53,8.85,7.17,10.75,6.02,12.74
13.13,1.88,2.65,10.30,9.55,3.79,6.47,17.85,15.27,24.23,16.18,0.86,19.34,24.68,14.53,12.80,14.50,7.72,16.39
6.77,18.69,22.03,12.97,18.55,22.71,25.99,10.80,24.19,18.88,8.90,20.41,8.78,21.28,8.40,9.59,16.63,14.04,17.77
4.64,13.69,16.33,6.40,11.98,17.71,20.22,12.91,22.53,15.41,10.38,15.07,6.37,17.31,8.75,8.71,16.19,7.66,17.87
3.48,14.48,17.56,8.52,14.09,18.52,21.51,11.01,21.89,17.18,8.54,16.07,7.51,19.22,7.11,7.47,15.05,9.43,16.58
15.40,6.57,3.55,9.48,6.21,7.31,5.97,21.55,19.99,21.74,19.58,5.13,18.88,21.73,17.75,16.16,19.03,7.45,20.96
13.03,15.05,15.14,5.00,6.23,18.16,18.16,21.54,27.59,9.81,19.00,15.25,8.51,10.44,17.14,16.49,23.07,7.27,24.98
3.49,9.24,12.43,6.03,10.82,13.29,16.39,11.24,18.14,18.91,8.80,10.84,10.89,20.39,6.85,5.89,12.54,5.47,14.40
8.82,10.85,15.26,15.31,18.86,13.49,18.53,6.19,9.98,28.45,5.99,12.89,19.61,30.02,5.82,4.82,2.91,13.77,4.78
11.04,11.45,15.76,17.15,20.34,13.50,18.71,7.52,7.90,30.55,7.88,13.38,21.81,32.06,7.96,7.04,1.17,15.43,3.13
11.76,8.09,12.19,15.76,17.99,9.64,14.89,10.88,6.97,29.85,10.53,9.85,22.00,31.06,9.93,8.45,5.00,13.64,6.65
9.61,9.51,13.88,15.13,18.22,11.88,17.00,7.95,8.82,28.72,7.61,11.49,20.24,30.15,7.18,5.88,3.25,13.34,5.24
13.50,3.91,2.55,9.09,7.49,5.52,6.35,19.10,17.49,22.53,17.23,2.81,18.42,22.83,15.46,13.81,16.36,6.65,18.28
6.93,16.56,19.02,8.28,13.68,20.56,22.86,14.44,25.22,13.83,12.02,17.88,3.96,16.02,10.66,10.99,18.57,10.06,20.13
14.44,11.69,15.55,19.40,21.75,12.57,17.84,11.22,4.09,33.33,11.71,13.29,25.06,34.64,11.72,10.63,4.05,17.35,4.58
13.61,9.60,13.43,17.75,19.82,10.48,15.76,11.74,4.96,31.87,11.78,11.17,23.96,33.07,11.43,10.09,4.98,15.59,6.14
13.70,19.18,19.95,8.63,11.46,22.66,23.20,21.95,30.60,6.37,19.44,19.74,4.79,8.25,17.83,17.70,25.00,11.22,26.77
3.33,9.84,12.93,5.81,10.83,13.89,16.88,11.42,18.78,18.35,8.93,11.40,10.22,19.88,7.00,6.19,13.05,5.55,14.88
10.49,16.49,17.76,6.14,10.26,20.16,21.26,18.82,27.45,9.62,16.29,17.26,3.76,11.40,14.64,14.46,21.76,8.67,23.52
3.37,15.26,18.96,11.72,17.14,19.18,22.90,7.44,20.05,20.86,5.15,17.12,10.93,22.98,4.30,5.44,12.58,12.03,13.84
4.09,10.38,13.14,4.87,10.13,14.40,17.07,12.43,19.88,17.18,9.92,11.79,9.24,18.70,8.01,7.31,14.23,5.06,16.06
12.21,7.39,6.83,5.26,3.38,9.96,10.08,19.39,20.92,18.07,17.15,7.11,14.65,18.38,15.23,13.85,18.28,3.52,20.27
15.20,5.49,2.27,10.03,7.33,6.00,5.18,20.94,18.75,22.78,19.06,3.89,19.44,22.86,17.28,15.64,18.07,7.79,19.98
10.12,11.26,15.63,16.44,19.79,13.57,18.72,6.82,8.80,29.71,7.01,13.25,20.91,31.25,7.04,6.12,1.70,14.80,3.67
13.93,13.32,17.42,19.94,22.85,14.68,19.97,9.35,5.82,33.46,10.28,15.09,24.72,34.94,10.66,9.89,2.38,18.11,2.14
12.99,4.61,3.62,8.03,6.41,6.65,7.25,19.03,18.29,21.39,17.05,3.86,17.40,21.70,15.23,13.63,16.71,5.65,18.67
12.62,18.21,19.13,7.68,10.91,21.76,22.46,20.90,29.51,7.47,18.38,18.83,4.25,9.30,16.76,16.61,23.90,10.27,25.67
12.03,8.78,12.86,16.33,18.64,10.25,15.52,10.63,6.52,30.36,10.44,10.52,22.38,31.61,9.96,8.56,4.45,14.24,6.03
10.70,12.33,16.69,17.36,20.81,14.56,19.74,6.41,8.81,30.47,6.99,14.30,21.50,32.06,7.31,6.62,0.98,15.78,2.72
3.97,14.46,17.40,7.97,13.56,18.51,21.33,11.72,22.32,16.47,9.24,15.99,6.88,18.50,7.76,8.03,15.61,9.04,17.17
10.66,11.68,12.15,1.80,4.59,14.94,15.47,19.00,24.18,13.13,16.50,12.01,9.52,13.88,14.58,13.70,19.90,3.83,21.84
13.08,18.32,19.10,7.77,10.69,21.80,22.37,21.40,29.80,7.09,18.87,18.87,4.82,8.81,17.23,17.04,24.29,10.36,26.07
8.94,4.34,6.80,6.30,7.89,8.19,10.75,15.07,16.74,20.66,13.00,5.44,14.86,21.48,11.15,9.60,13.60,3.78,15.59
16.30,4.42,1.93,13.21,11.44,2.06,3.67,20.43,15.40,26.71,18.96,2.49,22.43,26.92,17.41,15.65,16.23,10.70,17.98
15.27,19.28,19.52,8.86,10.46,22.51,22.50,23.68,31.37,5.53,21.14,19.59,7.16,6.71,19.45,19.14,26.22,11.35,28.06
3.30,14.26,17.35,8.38,13.94,18.30,21.30,10.94,21.70,17.25,8.46,15.85,7.63,19.27,7.00,7.31,14.90,9.25,16.44
10.66,15.52,16.55,5.01,8.82,19.09,19.98,19.12,26.95,9.88,16.58,16.17,5.21,11.36,14.84,14.49,21.58,7.60,23.41
16.65,4.64,3.09,14.11,12.56,1.16,4.12,20.30,14.46,27.76,18.95,3.05,23.23,28.02,17.48,15.71,15.74,11.56,17.43
10.94,16.30,17.39,5.83,9.62,19.90,20.82,19.35,27.57,9.33,16.81,16.99,4.50,10.96,15.12,14.85,22.06,8.41,23.85
17.62,5.72,2.70,14.30,12.13,2.72,2.57,21.66,15.94,27.55,20.23,3.80,23.59,27.66,18.70,16.94,17.27,11.83,18.97
12.02,1.32,3.74,9.60,9.45,4.55,7.59,16.80,15.00,23.73,15.09,1.83,18.48,24.29,13.42,11.70,13.70,7.01,15.62
14.75,10.69,14.36,19.02,21.02,11.25,16.49,12.33,3.72,33.13,12.59,12.16,25.18,34.33,12.38,11.13,5.28,16.85,6.05
14.55,12.60,16.53,19.95,22.51,13.61,18.88,10.69,4.43,33.73,11.40,14.25,25.26,35.11,11.58,10.62,3.52,17.98,3.67
10.78,19.80,21.77,10.32,15.05,23.71,25.47,17.99,29.06,10.88,15.65,20.91,1.18,13.35,14.42,14.83,22.41,12.58,23.95
15.45,8.52,6.08,8.25,3.93,9.79,8.21,22.34,22.17,19.45,20.20,7.42,17.42,19.32,18.29,16.83,20.56,6.79,22.53
9.45,10.18,14.56,15.39,18.66,12.62,17.72,7.24,9.11,28.81,7.03,12.18,20.17,30.30,6.74,5.57,2.79,13.70,4.78
14.18,2.96,1.51,10.78,9.42,3.59,5.38,18.99,15.95,24.44,17.32,1.10,19.99,24.76,15.66,13.94,15.55,8.26,17.41
6.78,15.84,18.18,7.35,12.75,19.82,22.01,14.64,24.89,13.55,12.17,17.10,4.04,15.64,10.70,10.88,18.43,9.17,20.04
11.61,8.66,12.80,15.99,18.40,10.30,15.55,10.31,6.92,30.00,10.07,10.45,21.98,31.26,9.56,8.15,4.33,13.93,6.00
3.18,14.88,18.19,9.69,15.23,18.91,22.15,9.87,21.43,18.35,7.46,16.57,8.51,20.44,6.19,6.81,14.34,10.41,15.78
9.21,16.89,18.68,7.17,11.97,20.74,22.34,17.24,26.93,10.95,14.76,17.90,2.30,13.02,13.24,13.29,20.78,9.48,22.45
6.21,6.18,10.32,9.24,12.48,9.97,14.10,10.37,13.69,23.14,8.53,8.18,15.45,24.42,6.85,5.13,9.04,7.44,11.02
7.97,15.58,17.50,6.17,11.29,19.46,21.23,16.16,25.55,12.09,13.65,16.65,3.60,14.03,12.06,12.02,19.46,8.33,21.16
14.27,19.73,20.45,9.18,11.85,23.20,23.66,22.49,31.19,5.79,19.98,20.27,5.10,7.73,18.39,18.28,25.59,11.77,27.35
11.97,5.47,5.21,6.44,5.27,8.08,8.80,18.53,19.07,19.89,16.42,5.20,15.83,20.28,14.54,13.03,16.82,4.12,18.80
11.85,13.54,17.86,18.70,22.17,15.59,20.81,6.63,8.51,31.72,7.66,15.48,22.64,33.35,8.25,7.76,0.99,17.14,1.42
12.06,11.12,15.31,17.64,20.50,12.80,18.06,8.86,6.61,31.29,9.21,12.95,22.76,32.72,9.20,8.16,1.99,15.78,3.48
4.98,16.98,20.56,12.53,18.07,20.94,24.51,8.59,21.84,20.29,6.56,18.79,10.20,22.55,6.04,7.30,14.26,13.17,15.42
9.26,12.30,16.72,16.35,20.11,14.92,19.97,5.09,10.35,29.16,5.43,14.34,20.05,30.82,5.74,5.17,2.55,14.94,4.00
0.50,11.96,15.66,9.36,14.47,15.91,19.59,8.05,18.01,20.55,5.50,13.81,11.28,22.38,3.69,3.61,11.19,9.17,12.78
1.77,13.34,16.70,8.76,14.20,17.36,20.66,9.57,20.18,18.68,7.04,15.05,9.18,20.63,5.49,5.74,13.33,9.19,14.88
6.73,5.35,9.34,8.52,11.46,9.27,13.18,11.46,14.18,22.63,9.56,7.29,15.32,23.80,7.84,6.15,10.00,6.55,11.99
10.62,15.77,16.86,5.29,9.19,19.37,20.31,19.06,27.09,9.77,16.52,16.45,4.84,11.33,14.80,14.49,21.64,7.87,23.45
9.60,18.28,20.26,8.85,13.72,22.19,23.98,17.17,27.74,11.22,14.76,19.39,1.21,13.52,13.41,13.69,21.26,11.08,22.84
17.31,5.46,2.30,13.90,11.74,2.74,2.65,21.47,16.05,27.15,20.01,3.50,23.20,27.27,18.46,16.70,17.19,11.43,18.91
7.77,4.40,7.88,7.32,9.68,8.45,11.80,13.29,15.34,21.66,11.30,6.06,15.06,22.66,9.50,7.88,11.77,5.06,13.76
12.83,17.81,18.57,7.26,10.16,21.28,21.83,21.20,29.38,7.45,18.67,18.35,5.06,9.06,17.00,16.76,23.95,9.85,25.75
16.47,12.64,16.17,21.05,23.05,12.88,18.05,13.17,2.01,35.12,13.77,14.03,27.02,36.35,13.80,12.69,5.98,18.89,6.08
14.40,3.43,1.21,10.66,9.05,3.95,5.16,19.39,16.46,24.18,17.67,1.61,19.93,24.45,15.99,14.28,16.03,8.17,17.91
11.43,16.23,17.13,5.69,9.10,19.75,20.49,19.88,27.76,9.06,17.33,16.82,5.16,10.55,15.61,15.28,22.40,8.28,24.22
14.98,14.18,18.20,21.00,23.85,15.34,20.62,10.07,5.37,34.53,11.16,15.89,25.77,36.01,11.64,10.93,3.36,19.15,2.53
6.99,16.51,18.94,8.16,13.54,20.51,22.78,14.56,25.26,13.70,12.13,17.82,3.86,15.88,10.76,11.06,18.64,9.96,20.21
13.40,7.21,5.87,6.62,3.74,9.26,8.86,20.31,20.88,19.02,18.14,6.54,15.98,19.17,16.24,14.79,18.77,4.85,20.75
4.89,14.55,17.23,7.22,12.79,18.58,21.13,12.86,23.06,15.34,10.37,15.96,5.92,17.34,8.84,8.98,16.54,8.56,18.15
6.23,7.00,11.29,10.43,13.80,10.57,14.98,9.25,12.83,24.14,7.57,9.06,16.11,25.49,6.05,4.28,7.77,8.72,9.74
10.33,12.63,17.02,17.25,20.86,15.00,20.14,5.76,9.45,30.19,6.39,14.63,21.13,31.83,6.81,6.23,1.53,15.75,2.95
1.68,13.68,17.28,10.03,15.40,17.65,21.22,8.20,19.48,20.00,5.70,15.49,10.35,21.99,4.27,4.84,12.36,10.26,13.82
10.44,1.61,5.53,9.26,10.15,5.66,9.32,15.00,14.15,23.61,13.30,3.42,17.65,24.37,11.65,9.92,12.13,6.72,14.08
8.36,13.86,15.40,3.85,8.87,17.61,19.04,16.85,24.77,12.14,14.30,14.73,5.58,13.69,12.54,12.15,19.26,6.21,21.08
14.90,5.21,2.22,9.84,7.32,5.89,5.36,20.62,18.53,22.72,18.75,3.67,19.25,22.83,16.97,15.32,17.78,7.57,19.69
5.82,13.65,15.95,5.37,10.91,17.61,19.79,14.21,23.24,14.26,11.66,14.88,5.76,16.07,9.98,9.80,17.18,6.99,18.91
8.53,3.48,7.47,8.68,10.67,7.46,11.29,13.17,14.03,23.03,11.38,5.39,16.39,24.01,9.70,7.98,10.92,6.35,12.90
8.79,11.76,12.95,1.32,6.51,15.35,16.52,17.23,23.49,13.36,14.70,12.44,8.10,14.49,12.81,12.08,18.66,3.85,20.56
3.25,13.92,16.97,7.96,13.52,17.97,20.91,11.14,21.60,17.08,8.63,15.49,7.58,19.06,7.11,7.32,14.90,8.82,16.47
9.77,13.65,14.69,3.12,7.36,17.20,18.16,18.29,25.30,11.51,15.74,14.28,6.68,12.76,13.92,13.37,20.23,5.71,22.09
14.27,11.93,15.85,19.43,21.90,12.92,18.20,10.83,4.38,33.29,11.39,13.57,24.93,34.63,11.45,10.41,3.65,17.42,4.13
11.80,0.43,4.35,10.13,10.33,4.34,8.03,16.15,14.07,24.37,14.53,2.11,18.80,25.01,12.92,11.18,12.82,7.55,14.73
14.92,3.56,0.87,11.38,9.72,3.32,4.64,19.66,16.13,24.89,18.01,1.51,20.64,25.15,16.37,14.64,16.05,8.89,17.89
5.03,13.93,16.48,6.33,11.90,17.94,20.37,13.28,22.90,15.03,10.75,15.28,5.99,16.93,9.13,9.10,16.58,7.72,18.26
15.24,14.67,18.69,21.40,24.30,15.83,21.11,10.08,5.60,34.87,11.27,16.38,26.04,36.37,11.82,11.18,3.59,19.58,2.48
4.13,8.06,11.98,8.64,12.70,11.96,15.85,9.37,15.17,21.94,7.21,9.98,13.75,23.40,5.36,3.83,9.58,7.37,11.48
2.73,9.41,12.90,7.18,11.91,13.44,16.85,10.10,17.39,19.87,7.67,11.15,11.52,21.42,5.72,4.73,11.52,6.53,13.34
10.63,15.02,15.97,4.48,8.20,18.55,19.37,19.13,26.61,10.19,16.58,15.62,5.81,11.55,14.81,14.38,21.39,7.07,23.23
4.82,14.53,17.23,7.26,12.83,18.56,21.13,12.79,23.01,15.42,10.29,15.95,5.99,17.42,8.77,8.91,16.47,8.58,18.08
13.13,10.78,14.80,18.13,20.62,12.03,17.31,10.31,5.33,32.01,10.61,12.49,23.72,33.34,10.50,9.35,3.33,16.12,4.42
2.66,14.20,17.49,9.07,14.59,18.23,21.44,9.96,21.03,18.23,7.48,15.88,8.54,20.26,6.07,6.51,14.08,9.72,15.58
5.42,6.82,10.19,6.46,10.18,10.87,14.14,11.87,16.45,20.36,9.65,8.48,13.03,21.61,7.75,6.33,11.71,4.89,13.66
7.99,13.93,15.61,4.15,9.29,17.73,19.28,16.47,24.63,12.36,13.92,14.87,5.36,13.98,12.17,11.84,19.01,6.41,20.81
3.31,13.53,16.50,7.41,12.97,17.57,20.44,11.45,21.53,16.83,8.92,15.06,7.50,18.76,7.33,7.41,14.96,8.28,16.58
10.83,11.68,16.01,17.12,20.41,13.81,19.00,7.12,8.25,30.43,7.52,13.63,21.62,31.97,7.66,6.80,1.03,15.45,3.03
6.67,5.59,8.94,6.64,9.68,9.64,12.89,12.71,16.00,20.85,10.60,7.22,13.97,21.96,8.74,7.21,11.85,4.65,13.84
9.97,8.88,13.22,15.02,17.89,11.14,16.28,8.74,8.45,28.78,8.33,10.84,20.49,30.15,7.79,6.40,3.75,13.14,5.69
6.37,6.01,10.16,9.24,12.41,9.80,13.94,10.52,13.64,23.19,8.69,8.02,15.55,24.44,7.02,5.29,9.09,7.41,11.07
7.39,4.78,8.24,7.14,9.73,8.83,12.17,13.04,15.49,21.44,11.02,6.45,14.74,22.48,9.20,7.60,11.72,4.96,13.71
6.38,6.79,11.08,10.38,13.68,10.36,14.77,9.45,12.78,24.15,7.78,8.85,16.19,25.49,6.26,4.49,7.84,8.64,9.82
5.17,13.99,16.51,6.28,11.85,17.99,20.39,13.42,23.02,14.89,10.89,15.32,5.87,16.79,9.27,9.24,16.72,7.71,18.39
2.51,14.28,17.65,9.49,14.99,18.30,21.61,9.48,20.77,18.71,7.01,16.00,8.98,20.75,5.65,6.18,13.73,10.06,15.20
6.28,15.43,17.85,7.20,12.66,19.42,21.70,14.19,24.39,14.00,11.71,16.73,4.54,16.05,10.22,10.38,17.93,8.91,19.55
6.62,5.39,9.27,8.11,11.10,9.36,13.15,11.67,14.58,22.23,9.72,7.28,14.99,23.40,7.95,6.29,10.38,6.15,12.36
5.69,12.11,14.34,4.04,9.62,16.05,18.18,14.21,22.20,14.87,11.66,13.29,7.13,16.46,9.85,9.39,16.51,5.41,18.31
4.26,15.66,19.55,13.00,18.33,19.49,23.46,6.07,19.35,22.34,3.94,17.60,12.37,24.47,3.58,5.08,11.68,13.12,12.80
15.97,14.02,17.85,21.50,24.03,14.78,20.02,11.51,3.88,35.26,12.48,15.60,26.72,36.66,12.83,11.98,4.57,19.53,4.03
14.74,12.18,16.04,19.84,22.24,13.04,18.30,11.23,3.94,33.73,11.84,13.78,25.39,35.06,11.92,10.88,4.05,17.81,4.36
1.17,11.91,15.72,9.90,14.93,15.82,19.64,7.42,17.46,21.22,4.89,13.81,11.93,23.06,3.04,2.96,10.55,9.59,12.12
12.33,0.60,3.85,10.42,10.33,3.88,7.49,16.67,14.19,24.59,15.06,1.57,19.19,25.17,13.46,11.72,13.21,7.83,15.10
4.17,8.58,11.72,5.72,10.29,12.63,15.67,11.68,17.91,19.00,9.28,10.15,11.28,20.41,7.33,6.24,12.58,4.91,14.48
1.05,12.73,16.18,8.72,14.08,16.75,20.14,9.17,19.46,19.18,6.63,14.48,9.81,21.08,4.97,5.09,12.67,8.95,14.25
1.33,11.14,14.56,7.66,12.81,15.16,18.52,9.68,18.57,19.25,7.15,12.86,10.37,20.98,5.28,4.83,12.20,7.56,13.91
9.69,16.83,18.44,6.85,11.44,20.62,22.05,17.83,27.19,10.38,15.33,17.76,2.59,12.38,13.77,13.75,21.18,9.25,22.89
5.33,15.23,17.91,7.75,13.30,19.26,21.80,13.06,23.61,15.13,10.59,16.64,5.49,17.21,9.15,9.40,16.98,9.19,18.56
3.63,14.67,17.74,8.64,14.21,18.71,21.69,11.06,22.04,17.13,8.60,16.26,7.41,19.19,7.21,7.60,15.18,9.58,16.70
10.60,12.32,16.68,17.28,20.76,14.58,19.75,6.32,8.91,30.38,6.89,14.30,21.40,31.97,7.20,6.52,1.08,15.72,2.80
5.13,14.66,17.29,7.15,12.71,18.68,21.18,13.11,23.28,15.10,10.61,16.05,5.69,17.10,9.08,9.22,16.77,8.57,18.39
12.29,11.32,15.49,17.89,20.74,12.94,18.21,8.96,6.43,31.54,9.36,13.14,23.00,32.97,9.39,8.37,1.97,16.02,3.33
10.92,17.69,19.08,7.45,11.60,21.42,22.61,19.04,28.33,9.16,16.55,18.53,2.53,11.19,14.99,14.97,22.39,9.96,24.10
12.91,18.40,19.27,7.87,10.96,21.93,22.57,21.19,29.77,7.19,18.67,19.00,4.45,9.01,17.05,16.89,24.18,10.46,25.95
10.84,10.11,14.40,16.31,19.24,12.12,17.33,8.45,7.65,29.96,8.45,12.02,21.49,31.38,8.21,7.03,2.52,14.46,4.40
11.23,1.88,4.41,8.75,8.94,5.46,8.33,16.32,15.38,22.94,14.53,2.72,17.58,23.56,12.81,11.12,13.60,6.16,15.55
8.12,5.95,8.10,4.76,7.20,9.76,12.01,15.00,18.01,19.14,12.77,6.96,13.27,20.04,10.86,9.46,14.30,2.37,16.29
5.20,14.03,16.55,6.31,11.88,18.03,20.43,13.43,23.05,14.87,10.90,15.36,5.84,16.78,9.29,9.26,16.75,7.75,18.42
14.38,20.27,21.09,9.73,12.58,23.78,24.34,22.49,31.54,5.70,20.01,20.85,4.73,7.84,18.46,18.42,25.79,12.32,27.53
10.53,12.51,16.88,17.33,20.87,14.81,19.97,6.08,9.13,30.36,6.70,14.50,21.34,31.97,7.07,6.45,1.23,15.80,2.79
16.33,8.48,5.45,9.42,5.11,9.23,7.14,22.96,21.97,20.59,20.88,7.11,18.63,20.37,19.00,17.48,20.81,7.83,22.76
11.24,6.27,6.40,5.25,4.65,9.17,9.97,18.18,19.67,18.80,15.99,6.26,14.65,19.27,14.07,12.65,16.95,2.99,18.94
14.48,10.15,13.83,18.56,20.51,10.73,15.98,12.37,4.11,32.71,12.52,11.63,24.83,33.89,12.24,10.93,5.43,16.37,6.35
3.12,14.76,18.57,11.83,17.16,18.65,22.49,6.75,19.23,21.47,4.39,16.66,11.61,23.54,3.47,4.66,11.76,11.96,13.02
12.24,11.75,15.95,18.09,21.05,13.44,18.70,8.56,6.69,31.64,9.08,13.59,22.99,33.10,9.21,8.27,1.48,16.27,2.84
11.48,5.11,9.19,13.71,15.32,6.86,12.04,12.70,9.04,28.03,11.80,6.84,20.89,29.05,10.73,9.02,7.81,11.38,9.59
12.99,17.42,18.03,6.88,9.48,20.82,21.23,21.43,29.21,7.59,18.88,17.89,5.77,8.98,17.17,16.85,23.95,9.45,25.78
7.98,15.92,17.91,6.61,11.74,19.82,21.64,16.08,25.72,12.13,13.58,17.02,3.30,14.14,12.03,12.06,19.54,8.74,21.21
10.58,10.99,15.32,16.60,19.79,13.14,18.33,7.47,8.19,30.03,7.66,12.94,21.33,31.52,7.62,6.62,1.67,14.88,3.66
9.50,11.33,15.73,16.03,19.54,13.81,18.91,6.23,9.50,29.18,6.32,13.34,20.29,30.75,6.34,5.46,2.19,14.47,4.05
4.58,14.36,17.10,7.25,12.83,18.39,21.01,12.57,22.77,15.64,10.07,15.80,6.23,17.63,8.54,8.67,16.23,8.51,17.84
9.07,15.21,16.72,5.12,9.83,18.96,20.33,17.47,25.97,11.10,14.93,16.09,4.31,12.82,13.24,13.01,20.27,7.55,22.05
0.32,11.76,15.33,8.66,13.82,15.76,19.28,8.77,18.40,19.88,6.23,13.56,10.72,21.69,4.41,4.21,11.74,8.56,13.38
13.45,4.35,2.94,8.71,6.96,6.05,6.61,19.26,17.98,22.04,17.35,3.34,18.07,22.32,15.55,13.92,16.69,6.32,18.63
12.89,19.01,20.03,8.52,11.87,22.60,23.39,21.04,30.09,7.17,18.55,19.68,3.68,9.22,16.98,16.93,24.31,11.11,26.04
13.53,1.53,3.39,11.64,11.17,2.58,6.60,17.47,13.77,25.72,15.99,1.11,20.49,26.23,14.46,12.70,13.54,9.05,15.37
15.57,6.15,2.82,10.03,6.97,6.60,5.29,21.48,19.42,22.48,19.56,4.56,19.44,22.49,17.77,16.14,18.71,7.90,20.63
2.16,14.14,17.65,9.96,15.40,18.13,21.60,8.71,20.16,19.47,6.25,15.91,9.74,21.51,4.91,5.52,13.04,10.35,14.48
14.22,7.91,6.12,7.12,3.43,9.67,8.77,21.19,21.59,18.93,19.02,7.07,16.38,18.96,17.11,15.67,19.63,5.56,21.61
12.19,9.95,14.06,17.09,19.64,11.46,16.73,9.91,6.23,30.97,9.99,11.72,22.73,32.30,9.73,8.49,3.34,15.10,4.82
1.48,13.03,16.41,8.63,14.04,17.05,20.36,9.48,19.90,18.82,6.95,14.74,9.39,20.74,5.33,5.51,13.09,8.98,14.66
15.42,20.31,20.76,9.78,11.86,23.65,23.84,23.70,32.07,4.76,21.18,20.72,6.37,6.50,19.56,19.39,26.63,12.34,28.42
5.93,7.12,9.99,5.12,8.94,11.14,13.94,13.02,17.66,19.16,10.72,8.54,12.22,20.34,8.78,7.48,13.06,3.59,15.02
11.23,12.22,16.54,17.66,20.97,14.28,19.50,7.07,8.14,30.91,7.66,14.16,22.03,32.47,7.94,7.18,0.48,16.01,2.46
15.00,10.67,9.00,6.62,1.12,12.60,11.31,22.63,24.32,16.38,20.31,9.98,15.10,16.21,18.36,17.10,21.82,6.16,23.82
8.91,3.10,7.00,8.59,10.34,7.12,10.84,13.65,14.22,22.97,11.86,4.96,16.52,23.89,10.16,8.46,11.32,6.20,13.31
10.91,16.93,18.16,6.55,10.52,20.59,21.63,19.21,27.92,9.18,16.68,17.69,3.61,11.00,15.05,14.90,22.21,9.10,23.97
12.18,17.44,18.34,6.91,10.16,20.97,21.67,20.53,28.85,8.04,18.00,18.05,4.58,9.71,16.34,16.11,23.34,9.50,25.13
9.31,3.16,6.31,7.63,9.01,7.14,10.24,14.73,15.45,22.00,12.81,4.58,16.02,22.82,11.04,9.39,12.67,5.13,14.66
14.66,10.86,14.58,19.07,21.14,11.49,16.74,12.09,3.76,33.15,12.39,12.37,25.13,34.37,12.23,11.00,5.02,16.92,5.76
10.44,9.36,13.67,15.62,18.48,11.47,16.65,8.72,7.97,29.36,8.49,11.29,21.01,30.74,8.07,6.77,3.25,13.74,5.16
10.88,10.63,14.93,16.62,19.66,12.66,17.87,8.07,7.73,30.17,8.19,12.55,21.60,31.63,8.08,6.99,1.99,14.82,3.90
7.73,15.99,18.07,6.86,12.06,19.91,21.83,15.76,25.59,12.44,13.27,17.13,3.33,14.48,11.74,11.82,19.32,8.92,20.98
7.60,11.92,16.33,14.97,18.98,14.90,19.78,4.45,11.79,27.55,4.07,14.00,18.38,29.25,4.10,3.51,4.19,13.72,5.67
11.58,12.56,16.87,18.06,21.37,14.56,19.79,7.16,7.99,31.29,7.87,14.49,22.39,32.86,8.22,7.52,0.07,16.41,2.06
11.07,17.32,18.57,6.96,10.92,20.99,22.05,19.31,28.22,8.98,16.80,18.09,3.26,10.88,15.19,15.08,22.43,9.50,24.18
5.12,11.61,14.00,4.22,9.77,15.57,17.87,13.62,21.51,15.57,11.08,12.86,7.72,17.15,9.24,8.73,15.81,5.25,17.62
1.69,13.55,17.01,9.30,14.72,17.56,20.96,9.06,19.99,19.16,6.55,15.30,9.57,21.14,5.05,5.44,13.01,9.66,14.52
3.76,15.69,19.36,11.91,17.37,19.62,23.30,7.69,20.49,20.72,5.47,17.54,10.74,22.87,4.71,5.90,12.99,12.31,14.21
5.74,9.93,12.21,3.24,8.49,13.86,16.08,14.00,20.51,16.32,11.50,11.11,9.26,17.67,9.58,8.74,15.33,3.57,17.22
15.26,8.10,5.67,8.26,4.20,9.37,7.91,22.05,21.74,19.74,19.93,6.99,17.50,19.65,18.03,16.55,20.18,6.68,22.15
13.01,1.73,4.98,12.25,12.39,3.10,7.92,16.27,12.24,26.52,14.93,2.70,20.73,27.17,13.51,11.74,12.02,9.68,13.81
6.08,13.69,15.93,5.21,10.73,17.64,19.74,14.48,23.42,14.02,11.94,14.89,5.63,15.81,10.24,10.05,17.41,6.91,19.14
9.15,11.17,15.58,15.71,19.26,13.74,18.81,6.11,9.79,28.83,6.08,13.20,19.95,30.41,6.04,5.12,2.54,14.17,4.38
16.61,4.69,2.25,13.58,11.78,1.96,3.52,20.64,15.31,27.07,19.20,2.82,22.80,27.27,17.67,15.91,16.33,11.07,18.06
14.67,16.82,16.67,6.86,7.43,19.82,19.51,23.19,29.45,8.20,20.64,16.93,8.84,8.63,18.81,18.23,24.90,9.10,26.80
12.29,11.37,15.55,17.92,20.78,13.00,18.27,8.92,6.45,31.56,9.34,13.19,23.01,32.99,9.38,8.37,1.92,16.06,3.28
5.42,17.38,20.80,12.16,17.74,21.39,24.76,9.79,22.85,19.20,7.73,19.13,9.09,21.51,7.09,8.23,15.36,13.03,16.56
11.48,17.20,18.29,6.73,10.41,20.81,21.71,19.80,28.36,8.64,17.27,17.89,3.95,10.42,15.63,15.45,22.73,9.31,24.50
0.93,12.55,16.00,8.62,13.95,16.56,19.96,9.18,19.33,19.22,6.63,14.30,9.89,21.10,4.94,5.00,12.57,8.81,14.16
6.80,5.76,8.85,6.06,9.10,9.79,12.81,13.17,16.57,20.31,11.01,7.26,13.60,21.39,9.12,7.64,12.45,4.05,14.44
9.58,7.33,11.69,13.78,16.42,9.76,14.83,9.72,9.15,27.74,8.94,9.31,19.78,29.01,8.07,6.47,5.32,11.78,7.26
13.88,12.12,16.12,19.29,21.92,13.29,18.57,10.20,4.96,33.05,10.82,13.82,24.58,34.44,10.94,9.96,3.01,17.34,3.50
6.70,5.44,9.50,8.75,11.73,9.33,13.32,11.24,13.98,22.83,9.37,7.41,15.45,24.03,7.67,5.96,9.73,6.81,11.72
7.97,12.11,16.53,15.33,19.31,15.02,19.94,4.42,11.54,27.93,4.26,14.18,18.75,29.63,4.42,3.88,3.87,14.06,5.30
10.17,2.07,6.44,10.09,11.36,5.83,10.05,14.07,12.98,24.47,12.50,4.15,18.11,25.33,10.94,9.18,10.89,7.63,12.83
13.89,6.45,4.66,7.69,4.88,8.14,7.65,20.43,20.12,20.25,18.35,5.53,17.09,20.37,16.48,14.96,18.45,5.69,20.42
9.99,4.41,6.02,6.19,6.94,7.92,9.93,16.27,17.46,20.39,14.20,5.04,15.17,21.06,12.34,10.80,14.68,3.60,16.67
13.83,11.38,15.32,18.87,21.32,12.45,17.73,10.70,4.69,32.76,11.13,13.04,24.45,34.09,11.11,10.01,3.57,16.86,4.32
14.20,2.33,2.37,11.64,10.67,2.45,5.66,18.43,14.64,25.52,16.89,0.48,20.68,25.93,15.32,13.57,14.58,9.07,16.40
12.30,4.95,4.52,7.11,5.83,7.40,8.16,18.61,18.61,20.58,16.56,4.53,16.48,20.95,14.71,13.15,16.63,4.75,18.60
8.28,15.03,16.77,5.30,10.31,18.86,20.45,16.63,25.44,11.82,14.10,16.01,4.20,13.61,12.43,12.25,19.58,7.57,21.33
1.28,11.84,15.67,9.95,14.95,15.74,19.58,7.35,17.33,21.33,4.82,13.74,12.06,23.16,2.96,2.84,10.42,9.60,12.00
11.96,15.52,16.10,5.02,7.72,18.89,19.33,20.47,27.52,9.36,17.92,15.96,6.66,10.48,16.13,15.64,22.53,7.56,24.40
13.87,4.56,2.66,9.03,7.04,5.96,6.23,19.66,18.12,22.24,17.75,3.37,18.41,22.47,15.96,14.33,17.00,6.68,18.93
11.18,6.75,6.87,4.82,4.27,9.68,10.38,18.29,20.10,18.30,16.06,6.76,14.23,18.76,14.13,12.74,17.24,2.69,19.24
12.39,13.05,17.30,18.83,22.05,14.86,20.12,7.68,7.44,32.10,8.56,14.93,23.19,33.66,8.99,8.32,0.74,17.14,1.46
4.08,15.89,19.64,12.45,17.88,19.79,23.57,7.15,20.24,21.32,5.01,17.77,11.32,23.49,4.44,5.77,12.66,12.78,13.83
14.62,18.23,18.44,7.85,9.41,21.44,21.43,23.08,30.42,6.57,20.54,18.52,7.26,7.57,18.80,18.41,25.40,10.32,27.26
15.74,5.60,1.85,10.70,7.93,5.64,4.50,21.29,18.60,23.42,19.46,3.82,20.12,23.46,17.71,16.05,18.21,8.45,20.10
4.42,10.57,13.21,4.55,9.89,14.58,17.13,12.81,20.26,16.77,10.28,11.93,8.92,18.29,8.39,7.72,14.65,4.92,16.48
14.87,7.26,4.88,8.31,4.77,8.55,7.39,21.46,20.89,20.30,19.38,6.13,17.66,20.29,17.50,15.98,19.42,6.50,21.38
12.91,7.43,11.23,16.06,17.79,8.38,13.66,12.50,6.60,30.32,12.09,8.97,22.84,31.40,11.38,9.84,6.47,13.79,7.97
9.15,16.07,17.71,6.14,10.88,19.87,21.34,17.39,26.49,10.90,14.87,17.01,3.28,12.81,13.26,13.17,20.56,8.51,22.29
4.52,16.27,20.05,12.91,18.35,20.15,23.98,6.97,20.34,21.64,4.94,18.16,11.61,23.83,4.55,5.98,12.70,13.24,13.81
17.55,9.52,6.12,10.45,5.72,9.89,7.12,24.20,22.87,20.94,22.12,8.02,19.52,20.57,20.25,18.73,21.96,8.98,23.90
14.27,5.52,3.26,8.80,6.27,6.80,6.41,20.34,19.09,21.63,18.38,4.31,18.22,21.77,16.56,14.96,17.88,6.60,19.82
11.64,3.13,4.10,7.98,7.62,6.11,8.05,17.30,16.75,21.95,15.39,3.18,17.10,22.46,13.60,11.96,14.90,5.41,16.86
4.09,8.42,11.66,6.05,10.53,12.47,15.62,11.42,17.57,19.36,9.04,10.04,11.59,20.76,7.09,5.95,12.23,5.13,14.13
17.67,5.81,2.60,14.22,11.98,2.93,2.38,21.80,16.17,27.41,20.35,3.86,23.53,27.50,18.80,17.05,17.45,11.76,19.16
12.91,5.32,4.31,7.43,5.61,7.44,7.78,19.25,19.01,20.63,17.21,4.66,16.84,20.91,15.35,13.80,17.20,5.16,19.17
7.63,4.48,8.57,8.88,11.39,8.37,12.37,12.06,13.75,23.12,10.27,6.46,16.05,24.22,8.60,6.87,10.07,6.74,12.06
4.24,11.66,14.30,5.06,10.56,15.68,18.21,12.75,21.03,16.24,10.21,13.03,7.98,17.89,8.38,7.94,15.13,5.84,16.91
11.49,11.67,15.95,17.56,20.68,13.60,18.83,7.80,7.51,30.99,8.26,13.57,22.26,32.49,8.39,7.49,1.01,15.81,2.85
14.17,8.36,6.68,6.79,2.86,10.22,9.31,21.30,22.04,18.38,19.09,7.59,15.97,18.39,17.17,15.76,19.92,5.40,21.90
1.93,12.52,15.74,7.65,13.08,16.56,19.69,10.33,20.09,18.12,7.78,14.16,8.93,19.97,6.07,6.01,13.53,8.06,15.18
9.06,12.40,13.55,1.93,6.79,15.99,17.09,17.54,24.09,12.74,15.00,13.07,7.57,13.92,13.14,12.47,19.16,4.49,21.05
3.54,15.55,19.09,11.19,16.69,19.53,23.04,8.56,20.99,19.79,6.27,17.34,9.83,21.95,5.33,6.32,13.61,11.73,14.91
11.93,18.09,19.23,7.66,11.31,21.73,22.65,20.13,29.09,8.12,17.63,18.81,3.37,10.08,16.04,15.95,23.31,10.23,25.06
10.63,16.85,18.15,6.53,10.64,20.54,21.66,18.91,27.73,9.44,16.39,17.64,3.41,11.29,14.77,14.63,21.96,9.06,23.72
10.19,16.92,18.39,6.76,11.13,20.67,21.95,18.39,27.52,9.86,15.88,17.79,2.85,11.81,14.29,14.22,21.62,9.23,23.34
13.62,3.75,2.30,9.35,7.77,5.24,6.15,19.11,17.28,22.82,17.27,2.55,18.67,23.12,15.51,13.85,16.26,6.90,18.18
7.64,7.94,12.36,12.64,15.86,10.96,15.79,8.33,10.88,26.29,7.21,10.01,18.02,27.68,6.16,4.52,5.60,10.89,7.59
12.05,7.41,6.96,5.09,3.40,10.04,10.24,19.26,20.90,17.97,17.01,7.18,14.48,18.30,15.08,13.71,18.20,3.34,20.20
10.29,4.38,5.78,6.30,6.78,7.79,9.67,16.57,17.56,20.43,14.50,4.88,15.35,21.06,12.64,11.10,14.91,3.71,16.89
3.14,14.95,18.69,11.66,17.04,18.87,22.63,7.19,19.67,21.06,4.85,16.83,11.18,23.16,3.93,5.06,12.21,11.90,13.49
6.12,5.92,9.81,8.15,11.38,9.87,13.68,11.20,14.66,22.15,9.21,7.81,14.71,23.38,7.43,5.79,10.16,6.32,12.14
14.30,20.52,21.44,10.00,13.03,24.08,24.73,22.33,31.63,5.87,19.86,21.15,4.37,8.14,18.35,18.36,25.78,12.59,27.50
12.07,10.08,14.22,17.09,19.70,11.65,16.92,9.69,6.36,30.93,9.78,11.88,22.64,32.28,9.55,8.34,3.11,15.12,4.63
12.55,12.07,16.25,18.45,21.40,13.70,18.97,8.66,6.52,31.98,9.27,13.90,23.31,33.45,9.46,8.56,1.49,16.63,2.59
10.44,16.98,18.37,6.74,10.99,20.70,21.91,18.66,27.69,9.61,16.15,17.81,3.02,11.54,14.55,14.46,21.84,9.24,23.57
6.16,14.34,16.62,5.89,11.37,18.30,20.45,14.43,23.82,13.89,11.90,15.56,5.12,15.78,10.28,10.21,17.65,7.62,19.35
10.28,17.61,19.20,7.60,12.05,21.41,22.80,18.31,27.92,9.88,15.83,18.54,1.93,11.98,14.31,14.36,21.83,10.02,23.52
12.61,6.30,5.48,6.42,4.47,8.64,8.81,19.36,19.95,19.42,17.22,5.83,15.83,19.70,15.33,13.85,17.75,4.34,19.74
9.90,8.21,12.54,14.56,17.31,10.49,15.61,9.23,8.61,28.42,8.68,10.16,20.29,29.75,7.99,6.51,4.42,12.62,6.35
11.10,15.85,16.79,5.31,8.87,19.38,20.17,19.56,27.36,9.45,17.02,16.46,5.27,10.91,15.28,14.93,22.03,7.90,23.85
4.80,12.51,15.02,5.13,10.71,16.51,18.90,13.29,21.95,15.43,10.74,13.83,7.04,17.15,8.98,8.67,15.96,6.30,17.72
12.34,17.40,18.24,6.86,9.97,20.91,21.54,20.72,28.91,7.94,18.19,17.98,4.86,9.55,16.51,16.26,23.46,9.45,25.26
10.86,16.98,18.23,6.62,10.62,20.65,21.72,19.15,27.92,9.21,16.63,17.75,3.49,11.05,15.00,14.86,22.18,9.16,23.94
10.91,9.24,13.50,15.87,18.59,11.17,16.39,9.23,7.50,29.69,9.03,11.12,21.44,31.04,8.61,7.29,3.45,13.93,5.27
8.10,9.16,13.58,13.81,17.17,11.98,16.93,7.38,10.32,27.25,6.60,11.22,18.72,28.73,5.90,4.47,4.34,12.15,6.31
14.71,3.13,1.37,11.51,10.07,2.92,4.92,19.26,15.60,25.15,17.66,1.05,20.70,25.46,16.04,14.30,15.56,8.98,17.39
15.04,3.28,4.29,13.65,13.02,1.12,6.34,18.17,12.59,27.73,16.92,2.76,22.43,28.20,15.54,13.76,13.51,11.06,15.20
16.15,15.41,19.37,22.30,25.14,16.41,21.68,10.78,5.42,35.79,12.08,17.08,26.95,37.29,12.69,12.07,4.49,20.46,3.20
2.31,13.91,17.71,11.14,16.42,17.81,21.63,6.93,18.74,21.26,4.45,15.81,11.54,23.27,3.17,4.08,11.41,11.18,12.78
14.58,13.06,17.04,20.20,22.87,14.15,19.42,10.38,4.76,33.90,11.20,14.74,25.33,35.31,11.48,10.60,3.28,18.28,3.18
11.03,2.92,4.63,7.82,7.93,6.28,8.59,16.63,16.38,21.94,14.72,3.41,16.79,22.54,12.94,11.30,14.31,5.23,16.27
6.10,12.62,14.76,4.11,9.68,16.54,18.57,14.61,22.77,14.32,12.06,13.77,6.58,15.95,10.27,9.88,17.05,5.73,18.84
12.15,8.30,12.33,16.13,18.30,9.68,14.95,11.11,6.58,30.24,10.83,10.01,22.39,31.44,10.27,8.81,5.03,13.99,6.60
10.84,3.79,5.06,7.02,7.12,7.06,8.98,16.84,17.18,21.08,14.84,4.15,16.10,21.67,13.01,11.42,14.86,4.44,16.83
12.46,5.81,5.13,6.63,4.97,8.19,8.57,19.06,19.46,19.83,16.95,5.36,16.04,20.15,15.07,13.57,17.33,4.43,19.31
10.03,14.03,15.04,3.50,7.56,17.58,18.48,18.54,25.68,11.13,15.99,14.65,6.43,12.40,14.18,13.67,20.56,6.09,22.43
14.29,3.03,1.42,10.88,9.47,3.53,5.28,19.08,15.96,24.52,17.41,1.12,20.09,24.83,15.76,14.03,15.61,8.36,17.47
2.20,13.75,17.08,8.90,14.39,17.78,21.04,9.74,20.59,18.46,7.24,15.45,8.87,20.45,5.76,6.11,13.69,9.44,15.21
12.96,6.32,5.24,6.76,4.54,8.49,8.49,19.65,19.99,19.64,17.53,5.72,16.17,19.87,15.64,14.15,17.94,4.71,19.92
11.20,17.21,18.40,6.80,10.66,20.86,21.85,19.48,28.23,8.88,16.96,17.95,3.57,10.72,15.34,15.19,22.51,9.36,24.27
3.09,13.13,16.11,7.18,12.72,17.17,20.06,11.36,21.20,16.99,8.82,14.67,7.78,18.88,7.17,7.17,14.69,7.96,16.34
11.88,9.53,13.67,16.66,19.20,11.12,16.38,9.92,6.54,30.57,9.88,11.32,22.38,31.88,9.54,8.24,3.57,14.66,5.16
7.73,4.67,7.88,6.76,9.16,8.70,11.83,13.60,15.91,21.11,11.55,6.20,14.64,22.09,9.71,8.14,12.29,4.49,14.28
13.34,13.93,18.14,19.86,23.06,15.59,20.86,8.14,7.14,33.10,9.26,15.78,24.14,34.67,9.83,9.25,1.74,18.17,0.79
12.21,11.38,15.57,17.88,20.76,13.05,18.31,8.82,6.55,31.50,9.24,13.22,22.93,32.93,9.28,8.28,1.83,16.03,3.23
15.14,3.73,5.17,14.25,13.83,1.74,7.02,17.85,11.73,28.41,16.71,3.57,22.88,28.93,15.40,13.63,12.92,11.66,14.57
5.50,16.98,20.09,10.63,16.21,21.02,24.03,11.48,23.71,17.17,9.23,18.59,7.08,19.45,8.24,9.05,16.50,11.81,17.85
17.43,11.74,9.13,9.16,3.61,12.90,10.56,24.86,25.40,17.76,22.59,10.63,17.45,17.23,20.65,19.31,23.57,8.55,25.56
9.67,10.41,14.78,15.67,18.94,12.79,17.91,7.21,8.95,29.07,7.09,12.40,20.40,30.57,6.87,5.76,2.51,13.98,4.50
12.08,17.03,17.88,6.49,9.66,20.54,21.19,20.49,28.56,8.27,17.95,17.61,4.97,9.83,16.26,15.98,23.15,9.08,24.96
3.43,12.40,15.26,6.24,11.76,16.44,19.19,11.90,21.03,16.68,9.35,13.88,7.86,18.47,7.61,7.39,14.79,7.00,16.50
3.75,8.26,11.97,7.75,12.00,12.24,15.89,9.96,16.09,20.98,7.69,10.09,12.86,22.44,5.77,4.42,10.53,6.62,12.42
11.03,17.37,18.66,7.04,11.04,21.06,22.14,19.25,28.22,9.03,16.74,18.16,3.13,10.95,15.14,15.05,22.41,9.57,24.15
14.52,5.59,3.10,9.06,6.43,6.70,6.16,20.55,19.11,21.83,18.59,4.29,18.48,21.94,16.78,15.17,18.01,6.87,19.95
13.93,11.63,15.58,19.06,21.55,12.70,17.98,10.62,4.67,32.92,11.12,13.29,24.57,34.26,11.14,10.08,3.46,17.06,4.12
14.31,13.04,17.06,20.03,22.76,14.22,19.50,10.04,5.09,33.68,10.88,14.75,25.06,35.11,11.17,10.31,2.96,18.13,2.89
12.31,0.36,4.06,10.63,10.64,3.79,7.62,16.49,13.87,24.84,14.93,1.72,19.34,25.44,13.35,11.60,12.95,8.05,14.83
2.98,14.97,18.48,10.59,16.08,18.96,22.44,8.72,20.73,19.52,6.34,16.75,9.64,21.63,5.22,6.05,13.46,11.10,14.83
13.88,19.76,20.63,9.23,12.20,23.29,23.90,22.03,31.01,6.17,19.54,20.37,4.44,8.25,17.98,17.91,25.28,11.82,27.02
15.72,6.10,2.62,10.27,7.23,6.40,5.03,21.54,19.29,22.74,19.65,4.45,19.68,22.75,17.86,16.22,18.69,8.11,20.59
5.71,16.56,19.44,9.49,15.04,20.61,23.35,12.54,24.11,15.88,10.19,18.07,5.85,18.11,9.00,9.58,17.13,10.87,18.59
5.72,6.94,11.11,9.63,13.12,10.67,14.88,9.57,13.61,23.33,7.73,8.96,15.37,24.69,6.07,4.34,8.53,7.98,10.49
4.54,16.09,19.95,13.14,18.52,19.94,23.86,6.39,19.84,22.16,4.36,18.01,12.15,24.32,4.08,5.58,12.16,13.36,13.24
2.39,13.14,16.30,7.84,13.34,17.18,20.26,10.55,20.69,17.76,8.02,14.76,8.42,19.67,6.39,6.48,14.04,8.44,15.65
12.40,11.72,15.90,18.17,21.08,13.35,18.62,8.76,6.50,31.76,9.28,13.54,23.14,33.21,9.39,8.44,1.66,16.33,2.92
10.60,3.16,7.51,11.67,13.11,5.97,10.78,13.36,11.23,26.04,12.05,5.12,19.30,26.97,10.68,8.91,9.46,9.27,11.35
11.57,7.58,7.42,4.51,3.43,10.39,10.77,18.89,20.96,17.58,16.62,7.50,13.91,17.99,14.68,13.35,18.03,2.79,20.03
13.99,11.16,15.05,18.85,21.20,12.12,17.40,11.05,4.46,32.79,11.44,12.78,24.57,34.09,11.36,10.22,3.95,16.79,4.73
3.49,10.59,13.50,5.47,10.73,14.62,17.44,11.86,19.67,17.53,9.34,12.07,9.32,19.11,7.45,6.81,13.85,5.62,15.65
11.50,5.19,5.34,6.29,5.59,8.01,9.03,18.02,18.71,19.96,15.92,5.10,15.63,20.41,14.04,12.53,16.35,3.88,18.33
1.41,13.31,16.99,10.16,15.45,17.25,20.93,7.76,18.89,20.49,5.23,15.15,10.90,22.45,3.72,4.24,11.77,10.24,13.23
5.93,6.70,10.88,9.62,13.01,10.43,14.65,9.77,13.52,23.39,7.95,8.73,15.50,24.72,6.30,4.56,8.58,7.92,10.55
4.25,9.61,12.43,4.87,9.89,13.64,16.37,12.36,19.25,17.71,9.88,11.04,9.98,19.16,7.95,7.09,13.78,4.66,15.64
14.56,3.95,1.21,10.42,8.55,4.49,5.09,19.77,17.07,23.77,18.01,2.22,19.75,24.00,16.30,14.60,16.56,7.99,18.45
10.43,8.86,13.16,15.32,18.08,10.95,16.14,9.11,8.00,29.15,8.77,10.78,20.91,30.49,8.26,6.87,3.76,13.39,5.65
11.85,6.69,6.38,5.42,4.10,9.37,9.80,18.85,20.20,18.61,16.65,6.49,14.84,18.99,14.74,13.32,17.61,3.38,19.60
16.24,7.36,3.98,10.05,6.34,7.77,5.77,22.44,20.66,21.88,20.46,5.81,19.41,21.76,18.63,17.04,19.88,8.14,21.80
8.85,3.91,6.77,6.87,8.52,7.85,10.73,14.67,16.09,21.25,12.67,5.21,15.26,22.10,10.85,9.25,13.00,4.39,14.99
11.25,2.63,4.38,8.15,8.16,5.95,8.34,16.71,16.16,22.26,14.83,3.08,17.12,22.84,13.07,11.41,14.24,5.56,16.20
12.55,9.39,8.77,4.37,1.71,11.99,11.78,20.25,22.80,16.10,17.90,9.15,13.38,16.35,15.95,14.72,19.75,3.73,21.75
13.63,7.59,6.14,6.63,3.41,9.59,9.02,20.63,21.27,18.78,18.44,6.90,15.95,18.89,16.53,15.10,19.15,4.99,21.13
11.33,18.58,20.04,8.41,12.57,22.34,23.58,19.28,29.00,8.93,16.82,19.46,1.77,11.13,15.33,15.41,22.90,10.90,24.57
17.37,5.76,1.89,13.48,11.03,3.56,2.23,21.87,16.91,26.51,20.32,3.69,22.84,26.56,18.72,16.98,17.82,11.07,19.57
15.46,6.81,3.84,9.38,5.98,7.60,6.17,21.70,20.27,21.52,19.71,5.41,18.77,21.49,17.87,16.29,19.25,7.41,21.19
14.06,9.96,13.72,18.22,20.24,10.70,15.96,12.00,4.49,32.34,12.12,11.49,24.43,33.53,11.82,10.51,5.13,16.05,6.15
6.83,5.69,8.81,6.14,9.15,9.72,12.77,13.15,16.49,20.40,11.00,7.20,13.68,21.47,9.11,7.62,12.39,4.11,14.38
12.96,10.54,14.57,17.89,20.38,11.82,17.10,10.30,5.47,31.79,10.54,12.25,23.53,33.11,10.39,9.21,3.40,15.88,4.59
11.49,11.42,15.69,17.43,20.50,13.33,18.56,8.01,7.38,30.92,8.40,13.32,22.24,32.40,8.47,7.52,1.28,15.66,3.08
8.40,5.11,9.52,11.07,13.54,8.39,13.03,11.04,11.59,25.22,9.63,7.19,17.78,26.38,8.24,6.47,8.04,8.96,10.02
8.85,4.01,8.40,10.48,12.60,7.48,11.97,12.12,12.16,24.77,10.61,6.10,17.69,25.82,9.13,7.36,9.13,8.24,11.10
4.83,15.45,18.32,8.56,14.14,19.49,22.25,12.19,23.23,16.03,9.76,16.95,6.22,18.16,8.41,8.82,16.40,9.82,17.92
15.28,13.42,17.30,20.80,23.36,14.31,19.57,11.03,4.16,34.55,11.91,15.04,26.02,35.95,12.19,11.31,3.98,18.84,3.69
12.58,1.16,3.37,10.24,9.90,3.90,7.11,17.13,14.71,24.32,15.49,1.23,19.14,24.85,13.85,12.12,13.77,7.65,15.66
5.37,6.72,10.64,8.35,11.92,10.64,14.51,10.45,14.75,22.12,8.41,8.63,14.38,23.43,6.61,4.99,9.82,6.72,11.78
11.05,8.30,8.42,3.51,3.33,11.30,11.80,18.64,21.47,16.67,16.31,8.39,12.89,17.16,14.36,13.11,18.18,2.17,20.17
7.70,12.22,13.82,2.47,7.90,15.97,17.50,16.20,23.32,13.50,13.66,13.10,7.15,14.87,11.81,11.22,18.08,4.62,19.94
3.78,11.44,14.20,5.37,10.82,15.46,18.13,12.29,20.58,16.73,9.75,12.86,8.38,18.39,7.91,7.44,14.64,5.95,16.41
11.52,15.91,16.71,5.35,8.60,19.38,20.04,19.99,27.59,9.22,17.45,16.46,5.67,10.58,15.70,15.31,22.35,7.94,24.19
7.28,5.52,8.43,5.87,8.66,9.52,12.39,13.68,16.76,20.20,11.52,6.92,13.72,21.22,9.64,8.16,12.85,3.72,14.83
13.07,17.89,18.58,7.34,10.08,21.33,21.81,21.46,29.54,7.27,18.92,18.40,5.32,8.83,17.24,16.99,24.16,9.92,25.97
7.53,4.48,8.36,8.22,10.73,8.47,12.22,12.45,14.41,22.49,10.56,6.35,15.56,23.56,8.83,7.15,10.71,6.05,12.71
16.28,5.12,0.71,12.05,9.63,4.10,3.33,21.21,17.34,25.07,19.54,3.07,21.42,25.16,17.87,16.15,17.58,9.67,19.41
11.49,10.81,15.05,17.11,20.04,12.65,17.89,8.51,7.13,30.73,8.75,12.68,22.19,32.16,8.67,7.60,1.97,15.27,3.70
12.12,11.23,15.42,17.74,20.61,12.91,18.17,8.84,6.58,31.38,9.22,13.07,22.84,32.81,9.24,8.21,1.91,15.88,3.37
9.12,6.39,10.79,12.78,15.34,9.10,14.06,10.21,9.99,26.83,9.18,8.41,19.06,28.05,8.09,6.40,6.35,10.74,8.31
1.94,13.86,17.34,9.62,15.05,17.87,21.29,8.91,20.10,19.28,6.42,15.62,9.62,21.29,5.00,5.50,13.06,10.01,14.53
6.67,8.97,11.02,2.71,7.47,12.82,14.86,14.67,20.17,16.65,12.23,10.02,10.22,17.82,10.28,9.27,15.44,2.35,17.37
3.84,15.81,19.27,11.02,16.56,19.81,23.22,9.15,21.54,19.25,6.88,17.57,9.26,21.43,5.92,6.86,14.20,11.69,15.51
7.73,16.12,18.23,7.05,12.25,20.05,22.00,15.70,25.65,12.49,13.22,17.28,3.25,14.55,11.72,11.82,19.34,9.10,20.99
5.03,15.62,18.47,8.63,14.21,19.66,22.39,12.35,23.43,15.89,9.93,17.11,6.04,18.03,8.59,9.02,16.60,9.94,18.11
11.43,1.43,4.30,9.20,9.36,5.06,8.17,16.30,14.98,23.40,14.55,2.42,17.98,24.02,12.87,11.16,13.37,6.61,15.31
5.30,14.32,16.85,6.57,12.12,18.32,20.72,13.45,23.25,14.80,10.94,15.66,5.64,16.74,9.35,9.38,16.89,8.04,18.55
6.29,18.28,21.73,13.05,18.63,22.27,25.68,9.94,23.41,19.58,8.05,20.04,9.46,21.94,7.61,8.87,15.82,13.96,16.93
6.39,18.27,21.57,12.45,18.03,22.29,25.52,10.85,24.01,18.54,8.86,19.97,8.43,20.91,8.25,9.37,16.51,13.53,17.70
15.73,7.70,4.81,9.14,5.25,8.57,6.86,22.24,21.21,20.79,20.19,6.37,18.44,20.68,18.32,16.79,20.03,7.38,21.98
6.74,15.61,17.93,7.08,12.48,19.59,21.75,14.68,24.77,13.51,12.20,16.86,4.13,15.56,10.70,10.83,18.37,8.91,20.00
15.95,9.06,6.45,8.58,3.95,10.20,8.34,22.90,22.68,19.39,20.74,7.89,17.65,19.17,18.84,17.38,21.13,7.24,23.10
12.68,0.69,4.07,11.15,11.08,3.35,7.45,16.63,13.52,25.34,15.12,1.68,19.84,25.94,13.58,11.82,12.86,8.56,14.72
4.57,16.48,19.87,11.26,16.83,20.50,23.82,9.75,22.33,18.84,7.55,18.21,8.78,21.07,6.68,7.66,14.96,12.09,16.25
13.33,1.42,3.99,11.86,11.62,2.66,7.08,17.02,13.19,26.02,15.59,1.70,20.57,26.59,14.10,12.33,12.97,9.27,14.79
13.48,11.26,15.26,18.60,21.12,12.45,17.73,10.36,5.05,32.46,10.78,12.96,24.12,33.80,10.75,9.65,3.26,16.61,4.14
4.95,7.26,11.25,8.71,12.46,11.14,15.10,9.82,14.65,22.30,7.78,9.21,14.34,23.68,5.98,4.36,9.43,7.22,11.36
12.65,11.23,15.36,18.08,20.81,12.72,18.00,9.42,5.99,31.80,9.82,13.02,23.33,33.20,9.82,8.77,2.40,16.16,3.60
11.51,11.59,15.87,17.54,20.64,13.51,18.74,7.89,7.44,30.99,8.33,13.49,22.28,32.48,8.44,7.53,1.10,15.78,2.92
0.26,11.77,15.40,8.93,14.07,15.75,19.35,8.47,18.18,20.19,5.92,13.59,11.00,22.01,4.10,3.91,11.46,8.78,13.08
10.10,9.83,14.18,15.65,18.70,12.07,17.22,8.05,8.36,29.25,7.87,11.79,20.76,30.68,7.55,6.32,2.82,13.86,4.79
11.78,12.61,16.90,18.22,21.49,14.56,19.79,7.33,7.80,31.47,8.07,14.52,22.58,33.03,8.42,7.71,0.15,16.55,1.96
5.06,7.05,10.97,8.41,12.11,10.96,14.84,10.17,14.83,22.08,8.11,8.97,14.22,23.43,6.29,4.69,9.73,6.87,11.68
15.11,3.91,5.58,14.46,14.16,2.13,7.40,17.62,11.32,28.65,16.53,3.92,23.01,29.21,15.25,13.48,12.59,11.87,14.21
3.16,15.15,18.64,10.67,16.17,19.14,22.60,8.82,20.91,19.45,6.46,16.92,9.54,21.57,5.38,6.23,13.63,11.22,14.98
10.43,3.20,7.58,11.55,13.05,6.11,10.88,13.23,11.32,25.91,11.91,5.20,19.14,26.85,10.53,8.76,9.42,9.16,11.32
12.89,14.86,14.96,4.81,6.10,17.98,18.00,21.39,27.40,9.99,18.85,15.07,8.54,10.64,16.99,16.33,22.89,7.07,24.80
8.61,16.99,18.99,7.65,12.68,20.90,22.72,16.45,26.58,11.75,14.00,18.10,2.32,13.90,12.54,12.70,20.24,9.82,21.87
2.16,11.26,15.21,10.30,15.10,15.09,19.09,6.93,16.35,22.13,4.48,13.21,12.97,23.90,2.53,1.95,9.49,9.71,11.11
14.01,14.04,18.18,20.34,23.40,15.50,20.78,8.92,6.43,33.70,10.03,15.84,24.82,35.24,10.57,9.94,2.36,18.59,1.42
11.93,5.61,5.35,6.30,5.13,8.24,8.92,18.55,19.20,19.74,16.43,5.35,15.70,20.13,14.55,13.05,16.90,4.01,18.89
5.98,13.05,15.25,4.61,10.16,16.98,19.07,14.47,22.98,14.25,11.92,14.22,6.21,15.95,10.17,9.86,17.12,6.24,18.89
5.57,16.90,19.94,10.33,15.91,20.95,23.88,11.79,23.86,16.80,9.52,18.48,6.71,19.07,8.48,9.22,16.70,11.57,18.08
9.33,16.74,18.45,6.91,11.64,20.56,22.10,17.43,26.93,10.77,14.94,17.71,2.52,12.80,13.39,13.40,20.85,9.25,22.55
7.38,4.63,8.55,8.29,10.89,8.61,12.40,12.25,14.34,22.53,10.37,6.53,15.53,23.62,8.64,6.95,10.56,6.16,12.55
11.66,17.46,18.55,7.00,10.63,21.07,21.96,19.95,28.61,8.43,17.43,18.16,3.83,10.25,15.80,15.64,22.94,9.57,24.71
12.86,1.55,2.99,10.24,9.68,3.85,6.78,17.51,15.03,24.24,15.84,1.01,19.22,24.73,14.20,12.47,14.16,7.65,16.05
9.40,16.80,18.50,6.96,11.67,20.62,22.15,17.49,27.00,10.71,15.00,17.77,2.47,12.74,13.45,13.46,20.92,9.31,22.62
13.09,3.86,2.96,8.69,7.27,5.79,6.78,18.79,17.51,22.22,16.90,2.99,18.00,22.55,15.11,13.47,16.18,6.24,18.12
11.98,8.20,12.26,15.96,18.15,9.65,14.92,11.01,6.76,30.06,10.70,9.93,22.21,31.26,10.11,8.65,5.01,13.83,6.62
11.76,1.65,3.91,9.18,9.09,4.96,7.81,16.73,15.31,23.31,14.97,2.18,18.08,23.88,13.27,11.57,13.81,6.59,15.74
9.75,2.25,6.33,9.21,10.54,6.26,10.10,14.20,13.84,23.59,12.50,4.19,17.33,24.44,10.86,9.12,11.45,6.74,13.41
16.05,4.38,1.15,12.59,10.67,2.76,3.60,20.50,16.02,25.98,18.94,2.32,21.87,26.17,17.35,15.60,16.55,10.11,18.33
13.70,17.17,17.46,6.78,8.59,20.41,20.52,22.19,29.35,7.63,19.64,17.49,7.07,8.63,17.88,17.45,24.38,9.25,26.24
14.85,7.97,5.77,7.84,3.92,9.43,8.19,21.70,21.64,19.47,19.56,6.95,17.09,19.42,17.66,16.19,19.93,6.25,21.91
9.91,16.31,17.75,6.12,10.53,20.04,21.31,18.20,27.04,10.16,15.68,17.16,3.46,12.00,14.05,13.91,21.24,8.60,22.99
15.04,3.12,3.72,13.31,12.53,0.95,5.90,18.43,13.16,27.32,17.12,2.28,22.19,27.76,15.68,13.91,13.93,10.73,15.65
12.81,16.53,17.01,6.05,8.38,19.86,20.17,21.30,28.56,8.33,18.75,16.93,6.56,9.46,16.99,16.56,23.51,8.58,25.37
15.81,20.04,20.29,9.61,11.21,23.28,23.26,24.18,32.08,4.77,21.65,20.36,7.25,6.09,19.98,19.72,26.86,12.11,28.68
6.97,14.93,17.06,6.02,11.37,18.86,20.85,15.19,24.62,13.09,12.67,16.09,4.37,15.01,11.07,11.02,18.47,7.96,20.17
16.27,13.59,17.31,21.45,23.78,14.15,19.36,12.21,3.01,35.34,13.06,15.10,26.96,36.68,13.29,12.35,5.14,19.41,4.84
12.96,10.12,14.12,17.66,20.05,11.35,16.64,10.61,5.46,31.62,10.76,11.82,23.47,32.91,10.52,9.28,3.81,15.61,5.05
8.09,17.42,19.70,8.63,13.85,21.39,23.50,15.55,26.36,12.80,13.15,18.66,2.81,15.06,11.82,12.16,19.74,10.62,21.30
12.33,9.77,13.85,17.08,19.55,11.20,16.48,10.21,6.08,31.01,10.25,11.52,22.84,32.31,9.95,8.68,3.64,15.06,5.09
9.02,3.02,7.15,9.13,10.90,6.96,10.92,13.40,13.66,23.50,11.68,5.00,16.94,24.44,10.04,8.30,10.84,6.76,12.81
6.72,15.14,17.38,6.47,11.86,19.10,21.19,14.83,24.56,13.39,12.32,16.35,4.35,15.37,10.76,10.79,18.29,8.33,19.96
14.87,11.24,14.95,19.39,21.50,11.85,17.10,12.08,3.54,33.45,12.46,12.74,25.38,34.69,12.35,11.16,4.95,17.26,5.57
14.97,3.12,1.86,12.14,10.81,2.18,4.87,19.21,15.00,25.86,17.69,1.16,21.27,26.19,16.12,14.36,15.25,9.59,17.05
4.84,16.75,20.44,12.86,18.35,20.67,24.38,7.74,21.14,21.06,5.75,18.61,10.99,23.30,5.34,6.70,13.51,13.34,14.62
3.08,14.60,18.43,11.87,17.17,18.47,22.35,6.53,18.96,21.67,4.15,16.51,11.84,23.73,3.20,4.40,11.48,11.94,12.75
4.46,8.15,12.23,9.48,13.45,11.94,16.05,8.76,14.44,22.76,6.72,10.14,14.46,24.24,4.95,3.30,8.73,8.15,10.63
10.51,3.39,5.21,7.24,7.66,6.88,9.16,16.33,16.65,21.42,14.36,4.02,16.18,22.06,12.56,10.94,14.27,4.65,16.25
10.64,11.01,15.34,16.66,19.84,13.14,18.33,7.52,8.12,30.09,7.72,12.95,21.40,31.58,7.69,6.69,1.64,14.93,3.62
9.57,2.44,6.52,9.16,10.60,6.43,10.29,14.02,13.81,23.54,12.31,4.38,17.21,24.42,10.66,8.93,11.32,6.71,13.28
9.69,11.32,15.71,16.16,19.62,13.75,18.86,6.40,9.29,29.34,6.53,13.32,20.48,30.91,6.55,5.66,2.02,14.58,3.91
10.52,18.86,20.67,9.14,13.75,22.73,24.33,18.13,28.59,10.29,15.72,19.90,0.32,12.63,14.35,14.61,22.17,11.47,23.77
8.71,10.46,14.87,15.02,18.51,13.12,18.14,6.49,9.95,28.24,6.16,12.50,19.47,29.79,5.87,4.77,3.15,13.44,5.06
13.35,2.47,2.29,10.06,9.04,4.11,6.21,18.30,15.88,23.86,16.58,1.23,19.21,24.26,14.89,13.18,15.08,7.52,16.97
10.44,10.76,15.09,16.38,19.56,12.93,18.11,7.55,8.25,29.84,7.65,12.71,21.18,31.32,7.56,6.51,1.91,14.65,3.90
11.68,2.49,3.94,8.49,8.25,5.59,7.90,17.05,16.13,22.53,15.21,2.69,17.52,23.07,13.46,11.79,14.43,5.91,16.38
16.15,14.21,18.03,21.71,24.23,14.95,20.19,11.62,3.86,35.46,12.62,15.79,26.90,36.86,12.99,12.16,4.72,19.74,4.10
13.88,7.38,5.73,7.05,3.80,9.23,8.57,20.76,21.07,19.22,18.60,6.59,16.39,19.30,16.70,15.24,19.12,5.33,21.10
10.50,15.34,16.39,4.84,8.73,18.92,19.83,18.98,26.76,10.06,16.43,16.00,5.28,11.53,14.68,14.32,21.41,7.42,23.23
3.11,12.99,15.96,7.03,12.57,17.04,19.90,11.43,21.15,16.95,8.89,14.52,7.80,18.82,7.22,7.18,14.69,7.80,16.34
8.68,3.40,7.55,9.14,11.10,7.31,11.31,13.01,13.57,23.49,11.28,5.39,16.77,24.47,9.64,7.91,10.54,6.82,12.52
5.54,17.46,21.15,13.42,18.94,21.38,25.09,7.98,21.68,21.19,6.15,19.32,11.09,23.48,5.91,7.34,13.99,13.98,15.04
14.80,3.39,5.07,13.92,13.58,1.84,7.12,17.59,11.80,28.09,16.42,3.34,22.53,28.64,15.09,13.32,12.77,11.33,14.44
10.81,10.03,14.31,16.24,19.16,12.04,17.24,8.50,7.66,29.91,8.47,11.93,21.46,31.32,8.22,7.02,2.61,14.39,4.49
3.92,14.88,17.92,8.66,14.25,18.93,21.86,11.30,22.33,16.90,8.85,16.45,7.15,18.98,7.47,7.88,15.46,9.68,16.98
10.61,16.96,18.30,6.67,10.82,20.66,21.81,18.86,27.77,9.45,16.34,17.77,3.22,11.34,14.73,14.62,21.97,9.19,23.72
13.62,13.60,17.75,19.88,22.93,15.11,20.39,8.75,6.46,33.27,9.77,15.41,24.42,34.79,10.24,9.56,1.97,18.12,1.48
12.22,12.02,16.24,18.21,21.24,13.76,19.02,8.31,6.88,31.69,8.90,13.88,22.99,33.18,9.09,8.21,1.17,16.42,2.53
4.65,16.66,20.18,12.01,17.56,20.64,24.14,8.88,21.86,19.83,6.77,18.45,9.76,22.07,6.09,7.24,14.36,12.69,15.57
14.61,14.11,18.17,20.74,23.67,15.38,20.66,9.64,5.75,34.21,10.74,15.85,25.41,35.72,11.24,10.55,2.97,18.93,2.12
12.38,2.91,3.30,8.71,7.95,5.43,7.25,17.83,16.59,22.56,15.98,2.50,17.88,23.01,14.22,12.56,15.14,6.17,17.08
10.32,10.89,15.24,16.38,19.61,13.11,18.28,7.33,8.42,29.78,7.45,12.86,21.08,31.28,7.38,6.37,1.84,14.67,3.83
15.51,10.53,8.57,7.29,1.88,12.23,10.69,23.01,24.21,17.05,20.72,9.70,15.86,16.82,18.78,17.47,21.97,6.64,23.96
12.09,12.52,16.77,18.38,21.55,14.36,19.61,7.77,7.37,31.72,8.49,14.40,22.89,33.25,8.81,8.04,0.58,16.66,1.99
14.67,12.51,16.41,19.97,22.47,13.45,18.72,10.90,4.22,33.79,11.58,14.14,25.36,35.15,11.74,10.76,3.73,17.98,3.91
2.14,14.13,17.64,9.99,15.43,18.12,21.60,8.65,20.11,19.54,6.18,15.91,9.81,21.57,4.84,5.47,12.98,10.38,14.42
6.69,5.35,8.99,7.40,10.36,9.38,12.91,12.23,15.25,21.58,10.21,7.12,14.53,22.71,8.39,6.79,11.12,5.41,13.11
9.11,3.16,7.46,9.74,11.56,6.93,11.13,13.04,13.00,24.10,11.42,5.21,17.37,25.07,9.84,8.08,10.23,7.40,12.20
15.96,3.97,3.30,13.78,12.57,0.49,4.92,19.48,13.83,27.60,18.16,2.63,22.81,27.94,16.71,14.93,14.93,11.21,16.63
6.13,5.90,9.78,8.12,11.35,9.86,13.66,11.23,14.69,22.12,9.24,7.79,14.69,23.35,7.46,5.82,10.20,6.29,12.18
11.57,11.80,16.07,17.68,20.81,13.71,18.95,7.79,7.49,31.09,8.28,13.70,22.35,32.60,8.44,7.56,0.90,15.94,2.72
11.68,18.22,19.48,7.87,11.72,21.90,22.94,19.80,29.02,8.40,17.31,19.00,2.81,10.45,15.75,15.72,23.13,10.41,24.85
11.65,13.74,18.08,18.66,22.22,15.87,21.08,6.22,8.93,31.57,7.31,15.70,22.43,33.23,7.98,7.56,1.34,17.15,1.63
5.10,15.99,20.01,13.98,19.24,19.73,23.87,4.99,18.78,23.51,3.09,17.97,13.53,25.64,3.30,5.00,11.00,13.97,11.98
3.17,12.38,15.30,6.45,11.96,16.42,19.24,11.64,20.85,16.93,9.09,13.88,8.05,18.72,7.35,7.14,14.56,7.14,16.26
12.34,6.69,6.05,5.88,4.05,9.17,9.37,19.27,20.28,18.87,17.09,6.33,15.30,19.17,15.18,13.75,17.88,3.89,19.87
5.14,17.15,20.66,12.37,17.93,21.13,24.62,9.09,22.26,19.84,7.05,18.93,9.74,22.12,6.47,7.68,14.72,13.11,15.89
11.77,0.88,4.15,9.77,9.86,4.55,7.93,16.36,14.53,23.97,14.68,2.05,18.52,24.59,13.04,11.31,13.19,7.18,15.10
7.22,15.33,17.45,6.35,11.65,19.26,21.22,15.36,24.96,12.87,12.85,16.48,3.99,14.84,11.28,11.29,18.76,8.33,20.44
6.19,5.82,9.56,7.66,10.87,9.82,13.47,11.63,15.09,21.71,9.59,7.64,14.42,22.91,7.78,6.18,10.69,5.80,12.67
14.48,19.65,20.27,9.10,11.57,23.07,23.43,22.75,31.24,5.64,20.23,20.14,5.52,7.45,18.62,18.46,25.73,11.68,27.51
11.99,17.05,17.93,6.51,9.76,20.57,21.26,20.39,28.53,8.32,17.85,17.64,4.83,9.91,16.16,15.90,23.09,9.10,24.89
11.59,7.66,11.77,15.38,17.56,9.26,14.51,11.03,7.30,29.51,10.58,9.42,21.73,30.70,9.90,8.38,5.35,13.24,7.04
17.63,5.96,2.19,13.79,11.31,3.56,2.02,22.06,16.88,26.80,20.53,3.91,23.14,26.84,18.94,17.19,17.92,11.38,19.67
4.30,13.49,16.20,6.48,12.07,17.52,20.11,12.58,22.20,15.76,10.05,14.91,6.70,17.64,8.40,8.36,15.85,7.63,17.52
14.92,4.46,1.22,10.48,8.32,4.82,4.86,20.24,17.55,23.65,18.46,2.71,19.85,23.82,16.73,15.05,17.08,8.09,18.96
6.21,14.56,16.86,6.12,11.59,18.52,20.68,14.43,23.96,13.85,11.91,15.79,4.95,15.77,10.30,10.27,17.74,7.85,19.43
16.07,9.37,6.78,8.56,3.75,10.54,8.63,23.09,23.00,19.13,20.92,8.23,17.55,18.89,19.01,17.57,21.40,7.31,23.37
3.76,14.85,17.94,8.80,14.38,18.90,21.88,11.06,22.16,17.13,8.62,16.45,7.37,19.22,7.25,7.69,15.27,9.77,16.77
14.59,12.82,16.77,20.08,22.69,13.86,19.13,10.57,4.55,33.83,11.33,14.48,25.32,35.23,11.56,10.64,3.43,18.13,3.46
12.73,16.53,17.04,6.04,8.45,19.88,20.21,21.22,28.53,8.34,18.67,16.95,6.46,9.50,16.91,16.49,23.46,8.58,25.31
13.75,11.23,15.18,18.74,21.18,12.30,17.59,10.71,4.74,32.64,11.11,12.89,24.36,33.96,11.06,9.95,3.60,16.72,4.42
3.69,11.13,13.94,5.35,10.75,15.16,17.87,12.17,20.28,16.98,9.63,12.57,8.70,18.61,7.77,7.24,14.38,5.79,16.17
5.47,15.64,19.76,14.43,19.55,19.27,23.57,3.87,17.74,24.46,1.98,17.66,14.54,26.55,2.67,4.44,9.91,14.22,10.85
11.21,10.50,14.77,16.76,19.69,12.42,17.64,8.48,7.34,30.40,8.61,12.39,21.89,31.82,8.47,7.35,2.19,14.92,4.00
15.97,9.11,6.50,8.58,3.91,10.25,8.39,22.93,22.73,19.34,20.77,7.95,17.63,19.12,18.87,17.41,21.18,7.25,23.15
13.23,5.93,4.63,7.32,5.08,7.93,7.91,19.73,19.62,20.24,17.65,5.20,16.74,20.46,15.78,14.25,17.79,5.19,19.76
6.71,13.56,15.59,4.58,10.03,17.46,19.37,15.17,23.71,13.49,12.62,14.66,5.62,15.20,10.89,10.61,17.88,6.47,19.65
10.78,8.77,13.03,15.51,18.16,10.73,15.94,9.48,7.67,29.40,9.17,10.65,21.23,30.71,8.66,7.26,3.91,13.54,5.74
9.78,2.28,6.51,9.55,10.93,6.20,10.22,13.99,13.45,23.93,12.34,4.30,17.57,24.80,10.73,8.99,11.10,7.10,13.06
16.89,5.31,5.55,15.68,14.79,1.80,6.31,19.42,12.04,29.69,18.36,4.63,24.48,30.10,17.09,15.33,14.18,13.09,15.71
7.64,15.28,17.26,6.00,11.20,19.17,21.00,15.87,25.20,12.41,13.35,16.37,3.91,14.33,11.75,11.69,19.12,8.09,20.83
7.57,4.67,8.84,9.20,11.78,8.49,12.60,11.74,13.43,23.41,9.99,6.68,16.22,24.53,8.35,6.61,9.68,7.09,11.67
5.85,8.08,10.64,4.15,8.48,12.05,14.57,13.48,18.77,18.04,11.09,9.36,11.16,19.26,9.14,8.00,13.99,3.10,15.92
11.86,3.87,4.19,7.57,6.88,6.61,8.05,17.81,17.51,21.37,15.84,3.69,16.81,21.83,14.02,12.42,15.59,5.06,17.56
2.79,14.55,18.30,11.43,16.78,18.45,22.23,7.09,19.32,21.11,4.69,16.43,11.28,23.17,3.64,4.69,11.92,11.59,13.23
15.75,4.51,0.15,11.78,9.65,3.73,3.81,20.60,16.85,25.00,18.94,2.46,21.12,25.16,17.29,15.56,16.98,9.35,18.81
7.87,16.32,18.42,7.22,12.40,20.25,22.19,15.80,25.83,12.39,13.33,17.48,3.07,14.48,11.84,11.97,19.49,9.29,21.14
17.94,6.47,2.34,13.71,10.95,4.31,1.62,22.60,17.64,26.48,21.02,4.39,23.11,26.45,19.39,17.66,18.59,11.37,20.36
8.01,3.99,7.87,8.29,10.55,8.00,11.73,12.89,14.36,22.62,11.03,5.86,15.87,23.64,9.31,7.62,10.94,6.04,12.94
13.04,6.41,5.27,6.78,4.48,8.55,8.49,19.75,20.08,19.60,17.63,5.79,16.20,19.83,15.74,14.25,18.04,4.76,20.02
10.83,1.19,5.26,9.63,10.35,5.23,8.99,15.25,13.95,23.96,13.58,3.08,18.07,24.70,11.96,10.22,12.17,7.08,14.11
8.54,15.98,17.80,6.35,11.31,19.84,21.49,16.71,26.09,11.53,14.20,17.00,3.20,13.49,12.62,12.59,20.03,8.61,21.73
8.59,7.28,11.70,12.97,15.84,10.07,15.01,9.24,10.11,26.84,8.25,9.32,18.80,28.15,7.24,5.59,5.66,11.06,7.64
0.75,12.74,16.31,9.25,14.54,16.73,20.26,8.54,19.01,19.82,5.99,14.54,10.39,21.72,4.33,4.53,12.11,9.35,13.67
6.42,15.66,18.08,7.40,12.85,19.65,21.93,14.25,24.56,13.94,11.78,16.96,4.39,16.02,10.32,10.51,18.07,9.13,19.68
13.14,4.84,3.67,8.01,6.23,6.80,7.23,19.23,18.52,21.28,17.25,4.04,17.40,21.56,15.42,13.83,16.95,5.67,18.90
12.85,2.90,2.81,9.16,8.17,5.04,6.76,18.19,16.54,22.93,16.37,2.14,18.36,23.34,14.63,12.95,15.33,6.63,17.25
2.63,11.85,14.90,6.59,12.01,15.90,18.85,11.15,20.15,17.56,8.60,13.41,8.75,19.32,6.81,6.51,13.89,7.02,15.60
1.00,11.98,15.39,8.09,13.37,16.00,19.34,9.51,19.12,19.07,6.96,13.70,9.94,20.89,5.18,5.02,12.53,8.19,14.18
6.69,18.03,21.03,11.16,16.71,22.08,24.96,12.47,24.90,16.56,10.30,19.60,6.44,18.92,9.39,10.24,17.66,12.54,18.98
13.87,9.88,8.64,5.63,0.90,12.09,11.29,21.50,23.46,16.38,19.17,9.36,14.40,16.41,17.22,15.96,20.77,5.02,22.76
1.62,13.13,16.92,10.56,15.76,17.04,20.84,7.14,18.29,21.14,4.61,15.02,11.57,23.08,3.05,3.62,11.12,10.49,12.57
9.33,4.53,8.94,11.54,13.64,7.56,12.33,11.78,11.09,25.79,10.47,6.57,18.56,26.88,9.14,7.37,8.24,9.31,10.19
11.07,16.22,17.24,5.71,9.39,19.79,20.64,19.50,27.58,9.28,16.95,16.87,4.76,10.85,15.25,14.96,22.13,8.30,23.93
11.29,19.01,20.59,8.97,13.26,22.80,24.16,19.08,29.15,9.23,16.64,19.94,1.07,11.53,15.22,15.38,22.91,11.41,24.55
11.92,17.32,18.29,6.81,10.21,20.88,21.65,20.26,28.65,8.26,17.73,17.96,4.37,9.97,16.08,15.86,23.11,9.39,24.89
2.65,11.74,14.79,6.53,11.93,15.79,18.73,11.17,20.08,17.59,8.62,13.30,8.81,19.34,6.81,6.48,13.85,6.92,15.57
2.90,12.45,15.44,6.74,12.23,16.49,19.38,11.36,20.72,17.17,8.81,13.99,8.19,18.98,7.07,6.91,14.36,7.37,16.05
0.50,11.65,15.32,9.07,14.16,15.61,19.26,8.27,17.92,20.44,5.73,13.49,11.27,22.25,3.89,3.65,11.19,8.85,12.82
14.25,11.26,10.09,5.54,0.57,13.55,12.65,22.15,24.78,15.01,19.76,10.82,13.66,14.96,17.80,16.64,21.81,5.61,23.80
7.05,4.96,8.78,7.97,10.74,8.95,12.66,12.16,14.66,22.18,10.22,6.81,15.13,23.30,8.45,6.80,10.71,5.91,12.70
6.39,5.77,9.23,6.86,10.02,9.82,13.17,12.34,15.82,21.00,10.23,7.46,13.96,22.15,8.37,6.84,11.54,4.95,13.52
9.54,3.58,6.11,7.00,8.16,7.40,10.07,15.34,16.27,21.33,13.36,4.67,15.64,22.09,11.54,9.94,13.49,4.45,15.48
5.62,15.29,17.89,7.57,13.10,19.31,21.77,13.41,23.85,14.78,10.94,16.67,5.19,16.85,9.48,9.70,17.27,9.10,18.86
10.78,6.02,6.50,5.13,5.06,9.10,10.17,17.67,19.31,18.91,15.48,6.17,14.48,19.44,13.58,12.14,16.48,2.74,18.47
13.45,2.54,2.18,10.14,9.06,4.05,6.10,18.39,15.91,23.91,16.68,1.20,19.30,24.30,14.99,13.28,15.15,7.59,17.04
3.02,14.85,18.22,9.92,15.45,18.87,22.18,9.51,21.17,18.71,7.10,16.57,8.87,20.80,5.86,6.53,14.03,10.57,15.46
9.63,3.38,5.99,7.21,8.31,7.22,9.95,15.33,16.09,21.53,13.37,4.50,15.84,22.29,11.57,9.95,13.39,4.65,15.37
10.19,15.97,17.25,5.63,9.83,19.65,20.76,18.57,27.00,10.00,16.03,16.74,4.16,11.70,14.35,14.12,21.37,8.16,23.15
8.99,13.50,14.79,3.16,7.92,17.16,18.35,17.51,24.84,11.97,14.96,14.25,6.31,13.34,13.15,12.65,19.60,5.67,21.45
12.40,18.11,19.08,7.59,10.93,21.67,22.43,20.67,29.34,7.68,18.15,18.75,4.05,9.53,16.54,16.39,23.70,10.18,25.46
14.35,14.36,18.48,20.70,23.76,15.76,21.04,9.13,6.35,34.06,10.31,16.14,25.16,35.60,10.88,10.28,2.71,18.94,1.55
10.10,13.17,14.03,2.62,6.55,16.64,17.45,18.60,25.10,11.79,16.06,13.71,7.48,12.88,14.20,13.56,20.24,5.20,22.14
15.12,3.21,3.81,13.43,12.64,0.88,5.92,18.46,13.08,27.44,17.16,2.40,22.30,27.88,15.74,13.96,13.91,10.84,15.63
5.58,15.89,18.63,8.50,14.04,19.93,22.53,12.96,23.96,15.29,10.54,17.33,5.43,17.45,9.20,9.59,17.18,9.95,18.70
11.86,19.68,21.24,9.62,13.82,23.48,24.81,19.54,29.79,8.90,17.13,20.61,1.22,11.29,15.74,15.95,23.49,12.08,25.12
12.52,11.95,16.13,18.36,21.30,13.58,18.85,8.71,6.49,31.92,9.29,13.78,23.27,33.38,9.45,8.54,1.56,16.54,2.70
5.80,6.20,9.97,7.70,11.10,10.20,13.87,11.28,15.15,21.66,9.22,8.04,14.21,22.90,7.39,5.81,10.54,5.96,12.51
5.08,14.67,17.32,7.21,12.78,18.70,21.21,13.04,23.24,15.16,10.54,16.07,5.74,17.17,9.02,9.17,16.72,8.61,18.34
5.99,15.63,18.18,7.73,13.23,19.64,22.05,13.71,24.23,14.49,11.25,16.99,4.83,16.59,9.82,10.07,17.64,9.33,19.22
3.93,11.28,14.01,5.17,10.61,15.30,17.94,12.42,20.55,16.70,9.88,12.69,8.45,18.32,8.03,7.52,14.67,5.73,16.46
11.53,8.87,13.04,16.06,18.54,10.56,15.80,10.07,6.95,30.02,9.86,10.68,21.94,31.31,9.39,8.01,4.06,14.03,5.75
16.52,10.06,7.42,8.77,3.66,11.18,9.08,23.66,23.69,18.81,21.46,8.90,17.60,18.48,19.54,18.12,22.06,7.70,24.03
9.19,7.25,8.43,3.35,5.37,10.73,12.16,16.62,19.87,17.56,14.30,7.82,12.54,18.32,12.36,11.08,16.22,0.77,18.21
5.31,7.02,11.08,9.02,12.63,10.85,14.90,9.82,14.25,22.68,7.85,9.00,14.76,24.04,6.10,4.43,9.13,7.43,11.08
13.35,11.74,15.79,18.77,21.44,13.04,18.32,9.85,5.39,32.52,10.38,13.47,24.05,33.91,10.46,9.45,2.69,16.84,3.48
11.48,10.03,14.25,16.68,19.44,11.81,17.06,9.13,6.96,30.45,9.17,11.88,22.08,31.82,8.93,7.72,2.81,14.77,4.51
3.08,13.47,16.50,7.56,13.11,17.52,20.44,11.20,21.33,17.08,8.67,15.03,7.73,19.01,7.08,7.17,14.73,8.37,16.34
9.20,16.32,17.99,6.44,11.18,20.13,21.63,17.39,26.65,10.86,14.88,17.28,2.98,12.81,13.30,13.24,20.66,8.80,22.38
9.91,7.42,8.19,3.44,4.66,10.72,11.82,17.35,20.31,17.38,15.04,7.79,12.80,18.04,13.10,11.81,16.86,1.18,18.85
11.76,19.46,21.00,9.38,13.56,23.25,24.56,19.50,29.64,8.87,17.07,20.38,1.27,11.23,15.66,15.85,23.38,11.84,25.02
9.48,12.06,16.47,16.39,20.05,14.60,19.68,5.51,9.95,29.32,5.82,14.09,20.28,30.95,6.06,5.39,2.23,14.92,3.82
5.13,13.28,15.74,5.55,11.13,17.27,19.61,13.54,22.62,14.95,10.99,14.58,6.32,16.76,9.29,9.11,16.50,6.93,18.22
14.33,14.19,18.30,20.61,23.62,15.56,20.85,9.22,6.19,34.00,10.36,15.96,25.13,35.53,10.90,10.26,2.68,18.83,1.68
8.91,16.86,18.74,7.30,12.21,20.74,22.44,16.88,26.73,11.31,14.41,17.92,2.31,13.41,12.91,13.00,20.50,9.55,22.16
4.76,14.39,17.09,7.13,12.71,18.42,20.99,12.78,22.91,15.43,10.28,15.81,6.06,17.42,8.74,8.86,16.41,8.44,18.03
7.52,9.47,13.89,13.56,17.10,12.44,17.31,6.86,10.92,26.84,5.97,11.54,18.20,28.36,5.23,3.81,4.60,12.00,6.52
5.28,13.62,16.07,5.78,11.35,17.61,19.93,13.63,22.90,14.77,11.10,14.92,6.02,16.62,9.43,9.30,16.73,7.23,18.43
12.58,14.30,18.60,19.53,23.00,16.24,21.48,6.89,8.43,32.49,8.15,16.22,23.36,34.14,8.88,8.49,1.68,17.97,0.74
14.51,6.39,4.08,8.47,5.46,7.69,6.90,20.87,20.00,20.92,18.84,5.24,17.87,20.99,16.98,15.43,18.64,6.45,20.59
7.09,4.92,8.70,7.87,10.61,8.93,12.59,12.28,14.77,22.09,10.32,6.75,15.09,23.20,8.55,6.90,10.84,5.79,12.83
8.71,4.12,6.93,6.69,8.43,8.06,10.89,14.62,16.24,21.06,12.60,5.40,15.06,21.92,10.76,9.18,13.06,4.22,15.05
10.27,11.26,15.62,16.54,19.86,13.53,18.69,6.95,8.64,29.84,7.17,13.24,21.05,31.37,7.20,6.27,1.61,14.88,3.58
15.75,4.99,0.86,11.27,8.84,4.64,4.01,20.94,17.69,24.26,19.20,3.06,20.65,24.36,17.50,15.80,17.58,8.91,19.44
5.91,17.31,21.23,14.50,19.90,21.11,25.13,6.10,20.29,23.08,4.54,19.26,13.00,25.32,4.83,6.49,12.46,14.74,13.37
0.05,12.04,15.65,9.01,14.19,16.02,19.59,8.48,18.40,20.08,5.93,13.85,10.83,21.92,4.14,4.07,11.63,8.93,13.24
1.15,11.82,15.20,7.88,13.16,15.84,19.16,9.67,19.11,18.97,7.12,13.53,9.90,20.77,5.33,5.10,12.59,7.98,14.25
3.51,14.45,17.51,8.43,14.00,18.49,21.46,11.09,21.92,17.10,8.62,16.03,7.44,19.14,7.18,7.52,15.10,9.35,16.64
8.89,3.24,7.44,9.36,11.23,7.11,11.18,13.08,13.38,23.71,11.39,5.25,17.02,24.68,9.77,8.03,10.48,7.02,12.45
1.51,13.49,17.02,9.60,14.99,17.48,20.97,8.61,19.63,19.61,6.10,15.27,10.02,21.59,4.61,5.04,12.61,9.87,14.10
3.23,11.40,14.31,5.86,11.26,15.44,18.25,11.74,20.20,17.23,9.19,12.89,8.72,18.91,7.35,6.91,14.15,6.29,15.91
12.34,17.02,17.77,6.47,9.43,20.48,21.04,20.77,28.67,8.14,18.23,17.55,5.35,9.61,16.52,16.21,23.34,9.05,25.16
7.80,13.02,14.66,3.24,8.52,16.80,18.34,16.32,23.94,12.94,13.77,13.93,6.31,14.42,11.96,11.49,18.52,5.46,20.35
13.72,19.37,20.19,8.83,11.73,22.88,23.45,21.93,30.72,6.33,19.43,19.95,4.61,8.29,17.84,17.73,25.06,11.42,26.82
6.08,14.01,16.27,5.56,11.07,17.96,20.10,14.42,23.60,13.98,11.89,15.22,5.39,15.82,10.22,10.09,17.50,7.27,19.22
16.31,5.10,0.71,12.14,9.75,4.00,3.28,21.20,17.24,25.19,19.54,3.04,21.51,25.28,17.88,16.16,17.53,9.75,19.36
10.39,8.45,12.74,15.05,17.73,10.55,15.73,9.41,8.09,28.94,8.98,10.36,20.80,30.25,8.38,6.94,4.18,13.09,6.06
4.68,10.48,13.05,4.29,9.63,14.48,16.96,13.05,20.35,16.63,10.53,11.81,8.92,18.12,8.63,7.93,14.81,4.68,16.65
13.41,19.60,20.59,9.11,12.34,23.19,23.93,21.51,30.68,6.68,19.03,20.27,3.85,8.81,17.49,17.46,24.86,11.69,26.59
11.74,20.04,21.75,10.15,14.52,23.88,25.36,19.21,29.84,9.46,16.84,21.04,0.95,11.93,15.52,15.82,23.39,12.56,24.98
6.99,15.46,17.68,6.69,12.04,19.42,21.48,15.04,24.88,13.16,12.55,16.67,4.02,15.17,11.01,11.07,18.58,8.60,20.24
3.11,14.10,17.22,8.36,13.92,18.15,21.17,10.79,21.51,17.40,8.30,15.71,7.81,19.41,6.83,7.12,14.71,9.18,16.26
11.70,2.10,6.25,11.82,12.65,4.61,9.41,14.74,11.67,26.19,13.41,3.87,19.90,26.99,12.01,10.24,10.67,9.32,12.52
7.96,4.05,7.93,8.28,10.56,8.05,11.78,12.85,14.37,22.59,10.98,5.91,15.83,23.62,9.26,7.57,10.93,6.03,12.92
2.58,13.04,16.14,7.55,13.06,17.08,20.09,10.83,20.80,17.51,8.29,14.63,8.24,19.40,6.65,6.68,14.22,8.19,15.85
7.90,8.84,13.26,13.46,16.80,11.73,16.64,7.58,10.51,26.95,6.70,10.91,18.47,28.40,5.88,4.38,4.70,11.78,6.68
17.95,9.14,5.39,11.25,6.78,9.09,5.99,24.29,22.24,22.10,22.29,7.47,20.45,21.74,20.45,18.88,21.71,9.60,23.63
11.82,4.97,4.93,6.70,5.77,7.66,8.62,18.22,18.57,20.31,16.15,4.76,16.05,20.73,14.28,12.75,16.38,4.29,18.36
11.27,11.89,16.20,17.53,20.76,13.92,19.14,7.38,7.89,30.86,7.89,13.82,22.06,32.39,8.08,7.24,0.72,15.83,2.69
7.49,11.54,13.18,2.03,7.59,15.30,16.89,15.96,22.73,14.08,13.42,12.43,7.80,15.39,11.54,10.87,17.61,3.99,19.48
11.07,14.05,14.69,3.57,6.65,17.43,17.99,19.59,26.14,10.81,17.04,14.50,7.38,11.83,15.20,14.60,21.31,6.09,23.20
11.12,2.61,4.50,8.11,8.21,6.01,8.46,16.58,16.10,22.24,14.70,3.16,17.05,22.84,12.94,11.28,14.13,5.52,16.09
6.18,15.26,17.68,7.05,12.52,19.25,21.53,14.13,24.25,14.06,11.65,16.55,4.67,16.09,10.14,10.27,17.81,8.74,19.44
6.89,6.01,8.88,5.56,8.66,10.01,12.84,13.52,17.07,19.83,11.31,7.40,13.25,20.90,9.41,7.98,12.94,3.55,14.93
12.57,13.52,17.78,19.17,22.46,15.35,20.61,7.51,7.65,32.35,8.53,15.41,23.37,33.94,9.07,8.48,1.03,17.52,0.99
3.83,14.63,17.64,8.37,13.95,18.68,21.58,11.39,22.23,16.80,8.92,16.19,7.12,18.85,7.50,7.84,15.42,9.38,16.96
6.50,16.31,18.85,8.28,13.73,20.33,22.72,14.00,24.82,14.26,11.58,17.67,4.40,16.43,10.22,10.56,18.14,9.96,19.69
9.90,13.18,17.58,17.20,21.02,15.71,20.80,4.81,10.36,29.88,5.58,15.21,20.66,31.58,6.18,5.82,2.41,15.83,3.43
6.75,18.74,22.33,14.05,19.62,22.69,26.28,9.19,23.13,20.76,7.52,20.56,10.65,23.13,7.37,8.79,15.40,14.84,16.40
11.67,16.36,17.20,5.81,9.08,19.86,20.53,20.12,27.95,8.87,17.57,16.93,5.29,10.32,15.85,15.51,22.62,8.40,24.44
10.04,16.13,17.49,5.86,10.17,19.83,21.02,18.38,27.01,10.08,15.85,16.94,3.81,11.85,14.19,14.00,21.30,8.36,23.06
14.91,7.54,5.19,8.19,4.49,8.86,7.64,21.60,21.18,20.04,19.49,6.44,17.50,20.00,17.61,16.11,19.64,6.46,21.61
13.66,18.57,19.20,8.02,10.60,21.99,22.40,22.01,30.22,6.60,19.48,19.06,5.42,8.22,17.82,17.60,24.81,10.60,26.61
5.00,12.33,14.77,4.81,10.39,16.31,18.64,13.51,21.95,15.32,10.96,13.61,7.12,17.00,9.17,8.81,16.05,6.00,17.82
14.34,2.69,4.49,13.19,12.82,1.81,6.90,17.48,12.38,27.34,16.22,2.62,21.86,27.88,14.82,13.05,12.93,10.60,14.66
12.34,1.64,3.36,9.62,9.23,4.47,7.24,17.21,15.31,23.66,15.49,1.62,18.59,24.18,13.81,12.10,14.12,7.04,16.03
16.02,4.18,1.68,12.89,11.16,2.17,3.84,20.24,15.46,26.40,18.74,2.21,22.11,26.63,17.17,15.42,16.13,10.38,17.89
12.27,10.49,14.62,17.44,20.10,12.02,17.29,9.59,6.19,31.24,9.79,12.28,22.89,32.61,9.64,8.48,2.83,15.49,4.26
11.50,5.63,5.69,5.94,5.16,8.45,9.32,18.18,19.13,19.52,16.05,5.54,15.31,19.97,14.16,12.67,16.66,3.59,18.65
12.27,11.73,15.93,18.09,21.04,13.41,18.68,8.60,6.66,31.65,9.12,13.57,23.02,33.11,9.24,8.30,1.52,16.27,2.86
16.30,4.29,3.14,13.92,12.53,0.82,4.50,19.90,14.17,27.65,18.56,2.80,23.00,27.95,17.10,15.33,15.35,11.36,17.05
8.97,8.83,13.23,14.27,17.37,11.41,16.45,8.11,9.44,27.90,7.50,10.85,19.52,29.31,6.85,5.41,4.08,12.48,6.07
3.74,15.74,19.26,11.21,16.73,19.73,23.21,8.78,21.25,19.61,6.51,17.52,9.63,21.79,5.59,6.59,13.88,11.81,15.17
12.24,4.33,4.12,7.53,6.46,6.82,7.88,18.32,18.00,21.15,16.32,3.93,16.85,21.54,14.49,12.90,16.14,5.08,18.11
12.26,15.83,16.36,5.35,7.88,19.18,19.57,20.77,27.86,9.03,18.22,16.25,6.67,10.14,16.44,15.96,22.87,7.88,24.73
3.77,15.65,19.36,12.06,17.50,19.57,23.30,7.43,20.29,20.97,5.21,17.52,10.99,23.12,4.50,5.73,12.76,12.41,13.98
14.17,2.73,1.69,11.01,9.76,3.26,5.43,18.83,15.59,24.73,17.19,0.76,20.17,25.08,15.55,13.82,15.27,8.47,17.13
5.03,7.46,10.67,5.94,9.99,11.50,14.63,11.96,17.13,19.69,9.66,9.05,12.29,20.98,7.72,6.43,12.20,4.62,14.14
16.09,4.11,2.49,13.40,11.89,1.36,4.22,19.96,14.70,27.06,18.55,2.38,22.54,27.33,17.04,15.27,15.62,10.86,17.35
3.66,11.97,14.76,5.75,11.25,16.00,18.69,12.17,20.89,16.60,9.62,13.41,8.02,18.32,7.83,7.49,14.80,6.47,16.54
10.59,16.42,17.65,6.04,10.08,20.08,21.13,18.94,27.46,9.56,16.40,17.17,3.95,11.30,14.74,14.54,21.81,8.58,23.59
14.02,2.64,1.79,10.85,9.66,3.38,5.57,18.71,15.60,24.60,17.06,0.74,20.01,24.96,15.42,13.69,15.21,8.31,17.07
9.25,13.40,17.82,16.84,20.83,16.11,21.14,3.96,11.25,29.27,4.69,15.46,19.95,31.02,5.39,5.22,3.31,15.58,4.25
11.66,1.09,5.40,11.06,11.66,4.35,8.78,15.29,12.69,25.40,13.83,3.02,19.39,26.13,12.33,10.56,11.56,8.52,13.44
1.02,12.74,16.45,9.96,15.16,16.67,20.39,7.67,18.37,20.69,5.12,14.59,11.22,22.60,3.46,3.77,11.34,9.89,12.85
2.38,13.46,16.67,8.24,13.74,17.50,20.62,10.33,20.77,17.92,7.81,15.10,8.46,19.87,6.24,6.44,14.02,8.85,15.59
4.84,15.75,18.70,9.06,14.64,19.79,22.63,11.91,23.25,16.36,9.52,17.28,6.45,18.52,8.24,8.75,16.32,10.28,17.80
9.90,10.11,14.47,15.67,18.82,12.41,17.56,7.65,8.62,29.18,7.51,12.08,20.60,30.64,7.24,6.06,2.63,13.92,4.62
11.20,3.30,4.57,7.59,7.50,6.49,8.51,16.97,16.82,21.63,15.03,3.58,16.66,22.19,13.23,11.61,14.74,5.01,16.71
9.71,15.55,16.91,5.28,9.69,19.25,20.45,18.11,26.51,10.49,15.57,16.35,4.31,12.18,13.88,13.64,20.88,7.78,22.66
10.74,14.31,15.10,3.76,7.24,17.76,18.46,19.26,26.18,10.67,16.71,14.83,6.76,11.83,14.89,14.35,21.19,6.34,23.06
14.25,13.19,17.23,20.07,22.86,14.42,19.70,9.86,5.29,33.68,10.74,14.92,25.02,35.13,11.07,10.24,2.82,18.20,2.65
16.45,4.92,1.01,12.64,10.43,3.33,3.12,21.06,16.64,25.83,19.47,2.84,21.97,25.95,17.85,16.11,17.18,10.20,18.97
13.05,9.01,12.91,17.09,19.17,10.06,15.34,11.53,5.61,31.21,11.44,10.63,23.34,32.40,11.00,9.61,5.02,14.93,6.36
11.33,10.21,14.45,16.69,19.52,12.06,17.30,8.84,7.15,30.40,8.91,12.08,21.97,31.79,8.71,7.53,2.55,14.80,4.31
17.56,6.14,1.95,13.33,10.64,4.20,2.01,22.27,17.56,26.16,20.67,4.06,22.72,26.15,19.04,17.31,18.35,10.98,20.13
17.81,5.89,2.98,14.56,12.40,2.71,2.58,21.78,15.84,27.82,20.37,4.00,23.84,27.93,18.85,17.09,17.30,12.09,18.99
16.11,21.49,22.03,10.95,13.15,24.88,25.12,24.26,33.08,3.94,21.77,21.95,6.41,6.10,20.21,20.14,27.47,13.52,29.23
14.57,2.79,1.88,11.72,10.51,2.50,5.19,18.91,15.05,25.49,17.36,0.76,20.84,25.84,15.77,14.02,15.08,9.17,16.90
13.74,16.59,16.74,6.34,7.77,19.76,19.75,22.25,28.96,8.22,19.70,16.84,7.76,9.00,17.90,17.38,24.18,8.73,26.07
11.70,4.29,4.58,7.13,6.46,7.08,8.39,17.84,17.89,20.90,15.82,4.16,16.40,21.36,13.98,12.41,15.81,4.64,17.78
13.14,1.42,4.40,11.96,11.90,2.86,7.45,16.67,12.81,26.18,15.28,2.11,20.58,26.78,13.81,12.04,12.56,9.38,14.37
11.68,13.12,17.44,18.40,21.81,15.16,20.38,6.79,8.33,31.50,7.68,15.06,22.48,33.10,8.17,7.59,0.58,16.80,1.68
11.61,19.90,21.61,10.02,14.41,23.75,25.22,19.11,29.70,9.53,16.73,20.90,0.81,11.97,15.40,15.69,23.26,12.42,24.85
9.95,7.67,8.40,3.23,4.52,10.96,12.00,17.46,20.55,17.14,15.13,8.03,12.62,17.79,13.19,11.92,17.05,1.12,19.04
12.36,11.48,15.66,18.02,20.89,13.10,18.37,8.90,6.42,31.65,9.36,13.30,23.08,33.08,9.42,8.43,1.86,16.17,3.18
3.62,11.67,14.48,5.62,11.09,15.70,18.40,12.14,20.66,16.75,9.59,13.12,8.27,18.44,7.77,7.37,14.63,6.24,16.39
6.92,5.90,8.81,5.69,8.74,9.90,12.77,13.47,16.93,19.97,11.28,7.31,13.37,21.03,9.38,7.94,12.84,3.66,14.82
4.29,15.94,19.76,12.83,18.23,19.81,23.68,6.66,19.93,21.84,4.56,17.85,11.84,24.00,4.14,5.57,12.29,13.08,13.42
7.11,15.50,19.80,15.91,20.74,18.85,23.48,1.47,15.77,26.72,1.17,17.57,16.90,28.73,3.12,4.50,7.83,15.34,8.55
1.13,13.12,16.67,9.42,14.76,17.11,20.62,8.56,19.32,19.71,6.03,14.90,10.20,21.65,4.45,4.78,12.35,9.61,13.87
2.70,12.92,15.99,7.33,12.84,16.97,19.94,11.00,20.83,17.37,8.46,14.50,8.17,19.25,6.80,6.78,14.31,7.99,15.95
11.05,11.05,15.34,16.95,20.04,13.05,18.27,7.88,7.70,30.44,8.13,12.96,21.80,31.92,8.12,7.11,1.58,15.18,3.49
11.06,15.18,16.01,4.63,8.04,18.66,19.36,19.57,26.91,9.90,17.02,15.73,6.05,11.19,15.24,14.79,21.76,7.21,23.61
14.99,13.92,17.91,20.88,23.66,15.03,20.30,10.27,5.07,34.47,11.30,15.62,25.77,35.93,11.71,10.95,3.43,19.00,2.79
7.87,13.17,14.80,3.35,8.60,16.94,18.47,16.39,24.08,12.81,13.84,14.08,6.17,14.31,12.04,11.59,18.63,5.60,20.46
11.40,17.63,18.84,7.24,11.09,21.29,22.30,19.62,28.56,8.65,17.11,18.38,3.25,10.58,15.51,15.42,22.77,9.80,24.52
11.26,16.89,17.98,6.42,10.15,20.50,21.41,19.61,28.08,8.89,17.08,17.58,4.10,10.62,15.42,15.22,22.48,9.00,24.26
11.47,9.94,14.15,16.62,19.36,11.71,16.96,9.19,6.96,30.41,9.21,11.78,22.06,31.77,8.95,7.73,2.91,14.70,4.61
13.86,10.37,14.22,18.34,20.52,11.26,16.54,11.47,4.57,32.38,11.68,11.96,24.33,33.63,11.46,10.21,4.51,16.22,5.50
6.37,12.23,14.26,3.55,9.12,16.12,18.05,14.89,22.65,14.32,12.34,13.32,6.94,15.86,10.52,10.03,17.09,5.19,18.91
13.79,2.11,4.40,12.62,12.39,2.26,7.13,17.11,12.57,26.81,15.78,2.31,21.27,27.37,14.35,12.58,12.75,10.03,14.52
0.67,11.60,15.11,8.30,13.47,15.60,19.06,9.12,18.53,19.60,6.58,13.36,10.52,21.39,4.75,4.47,11.96,8.22,13.62
16.68,13.06,16.60,21.39,23.44,13.31,18.47,13.15,1.96,35.43,13.84,14.45,27.27,36.68,13.93,12.86,5.99,19.25,5.95
12.92,9.72,13.70,17.42,19.71,10.92,16.20,10.87,5.53,31.43,10.92,11.40,23.37,32.69,10.62,9.32,4.18,15.33,5.48
4.41,13.91,18.05,13.26,18.21,17.54,21.85,4.13,16.53,24.13,1.59,15.93,14.44,26.10,0.94,2.71,8.88,12.83,10.06
10.30,15.04,19.46,18.25,22.39,17.69,22.75,3.40,11.83,30.34,5.02,17.09,20.82,32.17,6.21,6.43,4.04,17.10,4.20
6.78,5.29,8.89,7.31,10.23,9.33,12.81,12.37,15.34,21.51,10.34,7.04,14.51,22.63,8.52,6.92,11.25,5.29,13.24
11.30,3.39,4.51,7.57,7.39,6.51,8.44,17.10,16.93,21.57,15.15,3.59,16.67,22.12,13.35,11.73,14.88,5.00,16.85
14.81,6.49,3.96,8.77,5.64,7.63,6.64,21.12,20.05,21.13,19.10,5.25,18.17,21.17,17.26,15.69,18.81,6.76,20.76
7.54,8.15,12.56,12.70,15.98,11.18,16.01,8.11,10.94,26.29,7.00,10.22,17.97,27.71,5.97,4.34,5.50,10.99,7.48
10.18,2.92,5.44,7.63,8.37,6.68,9.39,15.72,15.95,21.91,13.80,3.93,16.36,22.61,12.02,10.38,13.53,5.05,15.51
3.78,8.33,11.83,6.95,11.32,12.36,15.78,10.62,16.80,20.20,8.28,10.07,12.22,21.64,6.34,5.11,11.33,5.93,13.22
9.90,15.36,16.62,4.99,9.27,19.02,20.13,18.34,26.48,10.43,15.80,16.11,4.71,12.03,14.08,13.78,20.96,7.53,22.76
9.53,3.25,6.09,7.39,8.59,7.15,10.04,15.11,15.83,21.73,13.17,4.49,15.93,22.51,11.38,9.74,13.11,4.85,15.09
12.87,6.01,5.00,6.89,4.85,8.20,8.32,19.47,19.68,19.90,17.37,5.42,16.31,20.16,15.49,13.98,17.68,4.76,19.66
3.23,15.23,18.74,10.80,16.30,19.22,22.70,8.72,20.89,19.56,6.38,17.01,9.64,21.69,5.32,6.21,13.59,11.34,14.93
7.00,15.47,17.68,6.69,12.03,19.42,21.48,15.06,24.89,13.15,12.56,16.67,4.01,15.16,11.02,11.09,18.59,8.60,20.25
14.90,3.06,1.86,12.07,10.76,2.23,4.92,19.16,15.01,25.80,17.63,1.09,21.19,26.13,16.06,14.31,15.22,9.52,17.03
13.33,13.53,17.71,19.66,22.77,15.12,20.40,8.45,6.74,33.01,9.45,15.36,24.13,34.55,9.93,9.26,1.68,17.93,1.29
11.90,14.67,19.03,19.24,22.95,16.86,22.06,5.73,9.62,31.91,7.15,16.65,22.62,33.63,8.05,7.85,2.33,17.82,1.87
14.15,15.30,19.51,21.00,24.34,16.93,22.21,8.16,7.73,34.05,9.62,17.15,24.92,35.68,10.43,10.05,2.90,19.38,0.93
3.20,8.84,12.42,7.39,11.89,12.85,16.36,10.05,16.79,20.36,7.69,10.62,12.14,21.87,5.74,4.57,11.07,6.50,12.93
11.28,9.60,13.83,16.31,19.02,11.42,16.66,9.27,7.13,30.13,9.20,11.46,21.84,31.48,8.87,7.59,3.18,14.38,4.93
12.78,9.63,13.62,17.28,19.59,10.87,16.15,10.79,5.67,31.29,10.82,11.32,23.23,32.55,10.50,9.19,4.16,15.20,5.50
13.59,7.67,11.30,16.59,18.16,8.28,13.55,13.08,6.15,30.89,12.72,9.09,23.48,31.93,12.05,10.51,6.85,14.28,8.24
11.39,8.66,12.83,15.85,18.31,10.38,15.62,10.11,7.12,29.82,9.84,10.47,21.77,31.10,9.33,7.92,4.23,13.81,5.94
10.32,5.52,6.44,5.31,5.73,8.79,10.22,17.06,18.68,19.32,14.90,5.86,14.54,19.92,13.00,11.54,15.80,2.78,17.79
3.69,13.67,16.56,7.22,12.80,17.71,20.49,11.83,21.86,16.44,9.30,15.17,7.13,18.38,7.71,7.79,15.33,8.21,16.96
13.56,4.33,2.80,8.84,7.06,5.94,6.47,19.33,17.93,22.17,17.42,3.25,18.21,22.44,15.63,14.00,16.71,6.45,18.64
9.34,15.94,17.50,5.90,10.54,19.71,21.10,17.64,26.53,10.72,15.12,16.84,3.54,12.57,13.48,13.34,20.69,8.32,22.44
3.91,14.39,17.33,7.93,13.51,18.43,21.26,11.69,22.26,16.50,9.21,15.91,6.93,18.52,7.72,7.97,15.55,8.98,17.12
12.80,4.57,3.77,7.87,6.37,6.72,7.43,18.86,18.25,21.29,16.88,3.90,17.23,21.62,15.06,13.46,16.60,5.48,18.56
5.08,6.93,10.61,7.45,11.19,10.93,14.53,10.95,15.64,21.21,8.79,8.74,13.57,22.52,6.92,5.42,10.69,5.92,12.64
14.26,12.76,16.75,19.85,22.53,13.90,19.18,10.19,4.92,33.55,10.96,14.45,25.00,34.97,11.19,10.29,3.05,17.93,3.16
10.78,7.08,11.31,14.49,16.76,9.05,14.23,10.76,8.20,28.61,10.12,8.94,20.85,29.80,9.30,7.72,5.63,12.37,7.45
14.94,6.56,3.93,8.89,5.69,7.62,6.55,21.24,20.10,21.20,19.23,5.28,18.28,21.22,17.38,15.81,18.90,6.89,20.85
5.97,6.48,9.68,6.08,9.59,10.52,13.64,12.50,16.67,20.14,10.29,8.05,13.08,21.32,8.38,6.96,12.17,4.35,14.14
12.17,9.66,13.77,16.92,19.41,11.15,16.42,10.12,6.24,30.85,10.12,11.43,22.68,32.15,9.81,8.53,3.63,14.90,5.13
4.87,14.74,17.46,7.48,13.05,18.77,21.36,12.75,23.11,15.44,10.26,16.16,5.93,17.47,8.77,8.96,16.53,8.81,18.13
12.42,8.62,12.62,16.48,18.65,9.91,15.19,11.14,6.25,30.58,10.94,10.31,22.70,31.79,10.44,9.02,4.88,14.35,6.39
13.29,8.59,12.39,16.98,18.88,9.47,14.75,12.11,5.65,31.17,11.93,10.14,23.47,32.32,11.41,9.97,5.67,14.77,7.01
5.87,6.18,10.10,8.26,11.61,10.12,13.97,10.91,14.63,22.19,8.91,8.10,14.64,23.45,7.13,5.49,9.98,6.50,11.96
15.48,3.61,4.04,13.85,13.01,0.61,5.85,18.69,12.93,27.84,17.43,2.79,22.71,28.27,16.03,14.26,14.01,11.26,15.70
12.32,4.47,4.14,7.49,6.33,6.92,7.87,18.44,18.14,21.06,16.43,4.04,16.83,21.44,14.60,13.02,16.29,5.06,18.26
16.66,4.82,1.88,13.37,11.41,2.41,3.23,20.86,15.77,26.74,19.38,2.85,22.63,26.91,17.82,16.06,16.67,10.88,18.42
13.61,17.99,18.51,7.47,9.81,21.35,21.66,22.03,29.85,6.97,19.49,18.42,6.01,8.35,17.79,17.48,24.59,10.02,26.42
14.38,11.22,15.04,19.11,21.36,12.04,17.31,11.48,4.05,33.10,11.87,12.80,24.93,34.37,11.78,10.63,4.36,17.02,5.04
15.28,7.22,4.52,8.86,5.27,8.25,6.86,21.74,20.78,20.81,19.69,5.95,18.21,20.77,17.83,16.29,19.53,7.01,21.48
6.01,16.73,19.54,9.45,14.98,20.77,23.45,12.88,24.42,15.55,10.54,18.21,5.51,17.80,9.34,9.90,17.46,10.90,18.92
11.31,16.25,17.20,5.72,9.24,19.80,20.58,19.74,27.72,9.12,17.20,16.87,4.99,10.64,15.49,15.18,22.32,8.31,24.13
10.03,6.24,10.56,13.40,15.69,8.59,13.66,10.84,9.27,27.54,9.94,8.18,19.90,28.71,8.93,7.26,6.38,11.27,8.28
11.88,10.48,14.66,17.18,19.94,12.16,17.42,9.18,6.62,30.93,9.36,12.31,22.52,32.31,9.21,8.06,2.55,15.27,4.13
12.22,3.61,3.72,8.05,7.18,6.17,7.60,18.01,17.30,21.81,16.08,3.25,17.29,22.24,14.28,12.65,15.60,5.54,17.56
8.54,7.75,9.17,2.81,5.79,11.35,12.93,16.15,20.03,17.16,13.79,8.45,11.82,18.03,11.84,10.63,16.08,0.41,18.05
4.81,8.54,12.75,10.43,14.37,12.19,16.50,7.98,13.76,23.63,6.09,10.58,15.15,25.13,4.45,2.70,7.81,9.09,9.69
2.06,12.05,15.23,7.21,12.60,16.10,19.19,10.56,19.91,18.04,8.01,13.67,9.04,19.84,6.24,6.03,13.49,7.56,15.17
4.86,13.16,15.68,5.65,11.24,17.16,19.56,13.28,22.38,15.22,10.73,14.48,6.54,17.02,9.03,8.85,16.24,6.94,17.96
13.01,11.84,15.95,18.62,21.41,13.28,18.56,9.37,5.85,32.29,9.93,13.62,23.74,33.71,10.04,9.07,2.21,16.73,3.11
10.57,2.16,5.07,8.39,8.99,5.98,8.99,15.73,15.31,22.67,13.90,3.33,17.08,23.36,12.17,10.49,13.19,5.81,15.16
7.65,5.14,9.47,10.14,12.81,8.73,13.12,11.03,12.55,24.26,9.43,7.21,16.83,25.44,7.90,6.13,8.66,8.09,10.65
2.98,14.85,18.24,10.01,15.53,18.86,22.20,9.39,21.09,18.83,6.98,16.58,8.99,20.93,5.75,6.44,13.94,10.63,15.35
8.48,10.49,14.91,14.87,18.42,13.21,18.21,6.32,10.19,28.05,5.94,12.54,19.25,29.61,5.63,4.53,3.33,13.32,5.21
6.58,5.49,9.09,7.27,10.30,9.52,13.01,12.22,15.40,21.43,10.17,7.24,14.37,22.57,8.34,6.76,11.21,5.30,13.19
2.90,9.14,12.90,8.23,12.73,13.10,16.82,9.21,16.30,21.04,6.87,11.00,12.59,22.60,4.93,3.72,10.34,7.34,12.17
1.18,12.41,15.79,8.23,13.58,16.44,19.75,9.57,19.49,18.88,7.02,14.12,9.63,20.74,5.30,5.28,12.83,8.46,14.45
12.18,0.86,4.92,11.28,11.60,3.81,8.24,15.84,12.84,25.57,14.39,2.54,19.74,26.25,12.89,11.12,12.01,8.71,13.86
10.54,2.85,7.23,11.37,12.76,5.85,10.57,13.53,11.58,25.75,12.17,4.85,19.09,26.66,10.76,8.99,9.77,8.96,11.67
13.63,8.72,7.42,5.95,2.13,10.86,10.20,20.97,22.35,17.53,18.71,8.14,15.07,17.61,16.78,15.43,19.90,4.78,21.89
14.86,3.71,0.77,11.11,9.34,3.71,4.70,19.75,16.47,24.55,18.07,1.74,20.39,24.79,16.40,14.68,16.27,8.63,18.12
6.06,15.31,17.77,7.21,12.69,19.31,21.63,13.97,24.18,14.22,11.49,16.62,4.76,16.27,10.00,10.16,17.71,8.87,19.32
0.72,12.71,16.33,9.45,14.72,16.69,20.27,8.27,18.80,20.09,5.72,14.53,10.65,21.99,4.06,4.28,11.86,9.50,13.40
15.14,5.74,2.68,9.74,6.93,6.40,5.49,21.02,19.09,22.40,19.10,4.23,19.16,22.46,17.31,15.68,18.28,7.56,20.20
11.87,10.06,14.23,16.95,19.61,11.71,16.97,9.49,6.56,30.77,9.57,11.88,22.46,32.12,9.34,8.13,2.99,15.00,4.58
5.89,14.77,17.20,6.65,12.15,18.77,21.05,13.99,23.85,14.24,11.48,16.07,5.04,16.21,9.92,9.98,17.49,8.28,19.15
4.34,14.48,17.31,7.63,13.22,18.52,21.23,12.21,22.63,15.99,9.71,15.96,6.47,18.01,8.22,8.42,15.99,8.82,17.58
11.66,3.75,4.32,7.52,7.00,6.62,8.20,17.59,17.36,21.39,15.62,3.69,16.73,21.88,13.80,12.20,15.39,4.99,17.35
8.56,16.34,18.22,6.81,11.79,20.21,21.93,16.63,26.27,11.57,14.14,17.39,2.83,13.60,12.60,12.63,20.11,9.03,21.79
11.68,7.06,11.13,15.08,17.09,8.61,13.85,11.55,7.55,29.27,10.99,8.79,21.66,30.41,10.21,8.64,6.00,12.88,7.70
1.97,10.18,13.96,8.80,13.54,14.12,17.88,8.46,16.68,21.07,6.04,12.06,12.28,22.74,4.09,3.16,10.32,8.15,12.07
6.81,5.24,8.87,7.40,10.30,9.27,12.79,12.34,15.25,21.60,10.32,7.00,14.60,22.72,8.51,6.90,11.18,5.37,13.17
12.86,6.33,5.32,6.65,4.51,8.55,8.59,19.57,19.99,19.56,17.45,5.76,16.07,19.81,15.56,14.07,17.90,4.60,19.88
15.60,7.26,4.33,9.26,5.61,8.09,6.50,21.98,20.75,21.16,19.96,5.90,18.61,21.08,18.10,16.55,19.65,7.39,21.60
9.54,11.14,15.53,15.97,19.42,13.60,18.70,6.45,9.36,29.17,6.50,13.15,20.33,30.73,6.46,5.53,2.21,14.38,4.11
10.81,8.72,12.97,15.50,18.13,10.67,15.88,9.55,7.65,29.40,9.23,10.60,21.25,30.71,8.71,7.31,3.96,13.52,5.79
2.82,14.07,17.26,8.63,14.17,18.11,21.22,10.41,21.23,17.79,7.92,15.70,8.17,19.80,6.46,6.79,14.38,9.36,15.91
10.60,4.52,8.80,12.67,14.42,6.89,11.91,12.44,10.03,26.99,11.34,6.42,19.87,28.01,10.14,8.40,8.12,10.37,9.99
14.13,7.57,5.77,7.22,3.76,9.32,8.50,21.01,21.25,19.23,18.85,6.71,16.53,19.28,16.95,15.49,19.35,5.55,21.33
10.75,18.01,19.53,7.90,12.22,21.78,23.09,18.75,28.38,9.44,16.27,18.90,1.84,11.58,14.77,14.82,22.30,10.36,23.98
12.18,8.15,7.64,4.70,2.73,10.78,10.82,19.59,21.61,17.25,17.30,7.93,14.02,17.56,15.36,14.04,18.76,3.32,20.75
7.90,10.71,15.13,14.56,18.28,13.58,18.51,5.81,10.86,27.58,5.29,12.78,18.69,29.18,4.96,3.90,3.80,13.11,5.59
10.93,2.68,4.70,7.98,8.21,6.16,8.65,16.41,16.09,22.14,14.52,3.32,16.89,22.76,12.76,11.10,14.03,5.39,15.99
13.37,7.41,6.11,6.46,3.50,9.50,9.08,20.36,21.08,18.78,18.17,6.77,15.80,18.93,16.26,14.83,18.90,4.75,20.88
4.82,15.05,17.84,7.97,13.54,19.09,21.76,12.49,23.16,15.70,10.02,16.51,6.04,17.78,8.59,8.88,16.46,9.27,18.02
9.21,7.13,11.52,13.36,16.05,9.72,14.73,9.67,9.57,27.32,8.78,9.13,19.37,28.59,7.83,6.20,5.59,11.38,7.55
12.92,17.39,18.02,6.85,9.49,20.80,21.23,21.35,29.16,7.64,18.81,17.87,5.69,9.05,17.10,16.78,23.89,9.42,25.71
5.28,10.78,13.15,3.74,9.19,14.74,17.02,13.70,20.96,15.97,11.18,12.01,8.48,17.44,9.29,8.62,15.49,4.47,17.34
6.55,5.60,9.07,6.91,9.98,9.65,13.01,12.44,15.75,21.09,10.35,7.29,14.10,22.22,8.50,6.95,11.55,4.95,13.53
12.35,11.13,15.29,17.84,20.62,12.72,17.99,9.17,6.29,31.53,9.53,12.94,23.04,32.94,9.52,8.46,2.21,15.94,3.57
13.15,1.18,3.88,11.58,11.34,2.87,7.10,16.98,13.41,25.74,15.52,1.54,20.31,26.30,14.00,12.23,13.05,8.98,14.88
10.43,16.70,18.04,6.41,10.61,20.40,21.56,18.71,27.54,9.64,16.19,17.51,3.40,11.49,14.57,14.43,21.76,8.93,23.52
13.13,9.84,13.79,17.61,19.88,10.97,16.25,11.01,5.31,31.63,11.10,11.50,23.58,32.89,10.81,9.52,4.26,15.52,5.49
14.90,4.89,1.81,10.08,7.72,5.46,5.14,20.46,18.13,23.09,18.62,3.28,19.48,23.23,16.86,15.20,17.49,7.76,19.39
9.96,15.82,17.14,5.51,9.82,19.51,20.67,18.34,26.79,10.22,15.81,16.61,4.16,11.93,14.13,13.90,21.15,8.03,22.93
13.24,10.79,14.80,18.20,20.67,12.00,17.29,10.43,5.21,32.10,10.73,12.49,23.83,33.42,10.62,9.46,3.43,16.19,4.49
9.00,6.55,10.95,12.79,15.41,9.28,14.23,10.03,10.03,26.81,9.00,8.57,18.99,28.05,7.92,6.24,6.23,10.77,8.19
11.17,8.32,12.51,15.51,17.95,10.11,15.34,10.17,7.40,29.51,9.81,10.15,21.51,30.77,9.23,7.78,4.49,13.46,6.25
9.07,12.30,13.44,1.82,6.68,15.88,16.98,17.55,24.03,12.81,15.02,12.97,7.69,13.97,13.14,12.47,19.13,4.39,21.02
11.24,9.27,13.49,16.11,18.75,11.09,16.32,9.50,7.17,29.97,9.35,11.12,21.75,31.30,8.95,7.63,3.52,14.14,5.27
11.47,15.63,16.40,5.08,8.27,19.09,19.72,19.96,27.39,9.43,17.41,16.16,5.95,10.72,15.65,15.23,22.22,7.66,24.07
12.91,14.37,18.65,19.78,23.20,16.23,21.48,7.25,8.12,32.80,8.52,16.28,23.69,34.44,9.24,8.82,1.78,18.20,0.37
9.76,14.92,16.15,4.53,8.85,18.57,19.67,18.23,26.14,10.72,15.69,15.66,5.14,12.25,13.94,13.59,20.71,7.07,22.52
9.82,17.19,18.84,7.26,11.85,21.00,22.46,17.87,27.44,10.32,15.39,18.14,2.18,12.38,13.86,13.89,21.35,9.65,23.04
15.42,7.34,4.56,8.97,5.30,8.30,6.82,21.88,20.87,20.85,19.84,6.04,18.31,20.78,17.97,16.43,19.66,7.13,21.61
1.47,12.97,16.34,8.57,13.98,16.99,20.30,9.52,19.88,18.79,6.98,14.68,9.38,20.71,5.36,5.51,13.09,8.92,14.67
5.63,17.40,20.65,11.50,17.09,21.44,24.61,10.83,23.54,18.07,8.69,19.08,7.96,20.38,7.88,8.86,16.17,12.57,17.44
4.09,15.92,19.26,10.63,16.19,19.95,23.22,9.88,22.08,18.53,7.58,17.63,8.53,20.72,6.56,7.41,14.82,11.45,16.16
6.19,12.60,14.70,4.01,9.58,16.51,18.51,14.71,22.81,14.26,12.15,13.72,6.59,15.88,10.36,9.95,17.11,5.65,18.91
13.75,10.60,14.49,18.40,20.68,11.57,16.85,11.17,4.66,32.40,11.43,12.22,24.27,33.67,11.26,10.05,4.18,16.32,5.14
6.12,14.40,16.71,6.00,11.49,18.37,20.53,14.36,23.82,13.94,11.84,15.64,5.10,15.84,10.22,10.17,17.62,7.71,19.32
8.99,3.25,6.67,7.81,9.42,7.28,10.59,14.26,15.12,22.19,12.36,4.84,16.01,23.06,10.61,8.94,12.20,5.36,14.19
3.41,10.02,14.11,10.42,14.84,13.76,17.93,7.12,15.00,22.95,4.93,12.02,14.09,24.60,3.09,1.58,8.45,9.46,10.19
10.66,17.19,18.56,6.93,11.10,20.91,22.08,18.87,27.93,9.39,16.36,18.01,2.95,11.33,14.77,14.69,22.07,9.44,23.80
7.90,12.25,13.79,2.36,7.74,15.98,17.45,16.40,23.45,13.37,13.86,13.10,7.18,14.71,12.01,11.41,18.25,4.59,20.11
12.15,10.22,14.35,17.22,19.84,11.77,17.04,9.67,6.28,31.05,9.80,12.01,22.74,32.40,9.60,8.40,3.02,15.25,4.51
8.69,5.92,7.74,4.66,6.66,9.61,11.62,15.60,18.32,19.00,13.38,6.75,13.45,19.83,11.46,10.06,14.80,2.12,16.79
10.62,15.45,16.49,4.94,8.77,19.02,19.91,19.09,26.89,9.94,16.54,16.10,5.25,11.41,14.80,14.44,21.53,7.53,23.36
5.52,11.80,14.07,3.97,9.55,15.74,17.92,14.03,21.88,15.16,11.49,13.00,7.45,16.73,9.65,9.15,16.23,5.20,18.04
11.65,17.82,18.99,7.41,11.15,21.47,22.43,19.87,28.80,8.40,17.36,18.56,3.33,10.33,15.77,15.67,23.03,9.97,24.77
2.99,14.64,17.94,9.47,15.01,18.67,21.90,9.90,21.29,18.30,7.46,16.33,8.51,20.37,6.14,6.70,14.25,10.17,15.71
12.49,18.60,19.66,8.13,11.59,22.21,23.04,20.66,29.66,7.57,18.16,19.29,3.55,9.57,16.59,16.51,23.88,10.71,25.62
12.37,0.62,4.53,11.17,11.32,3.62,7.89,16.18,13.17,25.42,14.70,2.15,19.74,26.06,13.18,11.41,12.40,8.59,14.26
14.77,3.01,1.71,11.83,10.51,2.48,4.97,19.13,15.18,25.54,17.57,0.96,20.97,25.87,15.98,14.23,15.28,9.28,17.10
13.80,12.31,16.34,19.35,22.04,13.55,18.83,9.96,5.18,33.06,10.62,14.03,24.53,34.46,10.80,9.85,2.77,17.43,3.20
6.90,16.73,19.24,8.58,13.99,20.74,23.10,14.28,25.23,14.03,11.88,18.08,4.09,16.25,10.56,10.94,18.52,10.32,20.06
12.75,16.72,17.25,6.21,8.68,20.07,20.44,21.23,28.66,8.19,18.69,17.14,6.27,9.41,16.94,16.54,23.54,8.75,25.39
16.08,4.50,5.14,14.92,14.18,1.37,6.42,18.77,12.04,28.97,17.66,3.95,23.67,29.43,16.36,14.59,13.71,12.32,15.31
6.28,17.33,20.24,10.26,15.79,21.38,24.16,12.66,24.63,16.01,10.39,18.86,5.90,18.31,9.33,10.03,17.54,11.67,18.93
12.33,18.22,19.25,7.73,11.16,21.81,22.62,20.57,29.37,7.72,18.06,18.89,3.80,9.63,16.46,16.34,23.67,10.32,25.43
7.10,16.12,18.42,7.50,12.84,20.09,22.24,14.91,25.22,13.28,12.45,17.36,3.71,15.39,11.00,11.19,18.75,9.38,20.36
12.20,9.11,13.18,16.63,18.98,10.54,15.81,10.56,6.29,30.64,10.45,10.85,22.60,31.90,10.03,8.67,4.22,14.55,5.75
12.53,7.04,6.27,5.82,3.71,9.46,9.50,19.54,20.64,18.61,17.34,6.64,15.22,18.89,15.43,14.01,18.22,3.96,20.21
19.15,7.15,4.60,16.18,13.97,3.38,2.96,22.67,15.58,29.42,21.40,5.43,25.44,29.50,19.96,18.19,17.80,13.69,19.38
1.06,13.05,16.62,9.44,14.77,17.04,20.57,8.49,19.23,19.79,5.96,14.85,10.29,21.73,4.37,4.68,12.26,9.60,13.78
4.94,11.88,14.33,4.54,10.11,15.86,18.20,13.46,21.61,15.56,10.91,13.16,7.52,17.19,9.10,8.65,15.81,5.61,17.60
3.15,13.22,16.20,7.22,12.76,17.26,20.14,11.40,21.28,16.93,8.86,14.75,7.70,18.83,7.22,7.24,14.77,8.02,16.41
3.78,10.08,12.97,5.23,10.38,14.11,16.91,12.02,19.38,17.69,9.51,11.55,9.70,19.22,7.60,6.84,13.72,5.19,15.55
8.51,13.42,14.87,3.28,8.28,17.13,18.48,17.03,24.56,12.28,14.48,14.25,6.14,13.72,12.68,12.21,19.21,5.69,21.05
13.25,5.17,3.87,7.88,5.92,7.09,7.33,19.45,18.85,21.03,17.44,4.35,17.29,21.29,15.60,14.03,17.24,5.61,19.20
12.24,17.62,18.54,7.09,10.36,21.16,21.87,20.58,28.99,7.93,18.05,18.23,4.45,9.65,16.40,16.19,23.44,9.68,25.23
10.67,16.43,17.63,6.03,10.03,20.08,21.11,19.02,27.51,9.49,16.49,17.17,4.02,11.22,14.83,14.62,21.88,8.58,23.66
9.58,17.00,18.68,7.12,11.79,20.82,22.32,17.65,27.21,10.54,15.16,17.97,2.30,12.59,13.63,13.65,21.12,9.49,22.81
10.17,15.65,16.87,5.26,9.42,19.30,20.37,18.59,26.80,10.12,16.05,16.39,4.56,11.75,14.34,14.06,21.26,7.81,23.06
13.84,2.34,2.08,10.89,9.85,3.25,5.79,18.44,15.31,24.71,16.81,0.45,20.00,25.11,15.18,13.45,14.89,8.33,16.75
15.62,11.81,15.42,20.13,22.16,12.23,17.43,12.63,2.79,34.20,13.10,13.25,26.14,35.43,13.05,11.89,5.46,17.98,5.84
16.81,8.64,5.36,9.97,5.60,9.14,6.76,23.35,22.03,21.04,21.29,7.17,19.18,20.78,19.43,17.89,21.06,8.35,23.00
11.16,7.16,7.25,4.49,3.96,10.09,10.72,18.40,20.46,17.88,16.14,7.18,13.91,18.35,14.21,12.85,17.50,2.50,19.50
8.39,4.37,7.25,6.55,8.53,8.34,11.21,14.36,16.27,20.93,12.31,5.71,14.81,21.83,10.47,8.91,12.93,4.14,14.92
12.40,16.65,17.29,6.11,8.87,20.06,20.53,20.87,28.46,8.36,18.32,17.13,5.88,9.68,16.58,16.21,23.26,8.67,25.10
12.36,10.77,14.91,17.65,20.35,12.31,17.58,9.46,6.16,31.42,9.74,12.57,23.01,32.80,9.65,8.53,2.60,15.72,3.98
16.24,5.48,1.18,11.61,8.95,4.85,3.61,21.46,18.02,24.43,19.72,3.51,21.01,24.48,18.01,16.31,18.05,9.29,19.90
10.38,1.66,5.59,9.24,10.16,5.70,9.38,14.95,14.14,23.59,13.24,3.48,17.62,24.36,11.59,9.86,12.09,6.71,14.04
3.12,14.64,17.88,9.25,14.80,18.67,21.84,10.19,21.48,18.00,7.75,16.30,8.23,20.07,6.41,6.92,14.48,10.01,15.96
9.58,16.50,18.08,6.48,11.07,20.28,21.68,17.79,26.96,10.47,15.28,17.41,2.96,12.41,13.69,13.62,21.02,8.89,22.74
10.16,3.02,5.46,7.53,8.28,6.75,9.42,15.75,16.05,21.81,13.82,3.99,16.28,22.51,12.04,10.40,13.61,4.95,15.59
8.57,5.33,7.48,5.30,7.27,9.12,11.40,15.19,17.62,19.67,13.02,6.31,13.92,20.52,11.13,9.66,14.17,2.81,16.17
9.53,10.82,15.21,15.79,19.18,13.27,18.37,6.73,9.24,29.07,6.69,12.83,20.30,30.61,6.57,5.55,2.35,14.17,4.30
5.49,11.26,13.54,3.70,9.24,15.20,17.40,13.97,21.46,15.50,11.43,12.46,7.97,17.01,9.57,8.97,15.93,4.73,17.76
13.65,1.73,3.89,12.13,11.79,2.34,6.85,17.28,13.16,26.27,15.87,1.71,20.88,26.81,14.39,12.62,13.13,9.54,14.93
8.47,3.67,7.21,7.75,9.69,7.71,11.12,13.74,15.02,22.12,11.83,5.34,15.72,23.06,10.06,8.40,11.84,5.38,13.83
13.15,1.70,2.76,10.48,9.81,3.59,6.50,17.74,15.02,24.45,16.10,0.72,19.49,24.92,14.46,12.73,14.31,7.91,16.19
13.99,8.49,6.95,6.49,2.58,10.46,9.63,21.20,22.16,18.07,18.97,7.79,15.66,18.10,17.04,15.66,19.92,5.18,21.91
3.34,15.34,18.87,10.95,16.45,19.33,22.82,8.66,20.92,19.65,6.33,17.13,9.71,21.79,5.32,6.25,13.59,11.49,14.92
7.37,14.18,16.08,4.82,10.11,18.04,19.81,15.78,24.44,12.78,13.24,15.22,5.00,14.52,11.54,11.31,18.60,6.91,20.36
1.16,12.57,16.34,10.12,15.26,16.49,20.27,7.40,18.02,21.01,4.85,14.45,11.57,22.90,3.14,3.42,10.98,9.97,12.50
8.55,14.14,15.67,4.09,9.02,17.89,19.29,17.03,25.05,11.88,14.48,15.01,5.33,13.45,12.73,12.37,19.52,6.48,21.32
3.76,15.70,19.14,10.84,16.38,19.71,23.10,9.27,21.55,19.10,6.98,17.45,9.12,21.27,5.98,6.88,14.25,11.53,15.58
2.86,14.59,18.36,11.53,16.87,18.49,22.28,6.99,19.28,21.21,4.60,16.47,11.38,23.28,3.57,4.66,11.86,11.68,13.15
8.48,4.11,7.14,6.87,8.77,8.10,11.09,14.28,15.96,21.25,12.27,5.52,15.08,22.15,10.44,8.85,12.70,4.45,14.70
9.08,3.43,6.53,7.40,8.91,7.42,10.47,14.61,15.61,21.77,12.67,4.84,15.75,22.61,10.88,9.24,12.69,4.91,14.68
9.53,16.50,18.10,6.51,11.13,20.29,21.72,17.73,26.94,10.52,15.22,17.43,2.92,12.47,13.63,13.57,20.98,8.92,22.70
6.54,5.69,9.78,8.95,12.01,9.53,13.59,10.93,13.84,22.97,9.08,7.67,15.48,24.19,7.38,5.67,9.46,7.05,11.45
8.05,4.73,9.08,10.20,12.68,8.30,12.71,11.42,12.44,24.39,9.84,6.81,17.09,25.53,8.33,6.56,8.84,8.08,10.83
2.23,14.23,17.82,10.40,15.82,18.20,21.77,8.20,19.88,19.99,5.75,16.04,10.23,22.03,4.47,5.20,12.66,10.72,14.06
12.91,8.47,7.56,5.29,2.28,10.86,10.54,20.30,22.03,17.32,18.02,8.06,14.50,17.51,16.09,14.76,19.37,4.05,21.36
10.94,9.96,14.23,16.29,19.16,11.92,17.14,8.67,7.52,29.99,8.64,11.86,21.57,31.39,8.38,7.16,2.70,14.42,4.55
2.95,14.28,17.49,8.83,14.37,18.32,21.44,10.37,21.35,17.82,7.89,15.93,8.14,19.85,6.47,6.87,14.45,9.58,15.96
7.20,13.73,15.63,4.43,9.78,17.60,19.37,15.66,24.08,13.05,13.11,14.77,5.44,14.73,11.38,11.08,18.32,6.47,20.10
10.01,16.66,18.14,6.51,10.93,20.41,21.70,18.24,27.29,10.04,15.73,17.53,3.06,11.96,14.12,14.03,21.41,8.98,23.14
11.20,15.45,16.29,4.90,8.27,18.94,19.63,19.70,27.15,9.66,17.15,16.01,5.87,10.98,15.38,14.96,21.96,7.49,23.81
12.01,0.92,3.90,9.89,9.84,4.36,7.68,16.60,14.61,24.05,14.93,1.80,18.69,24.64,13.29,11.56,13.38,7.30,15.29
8.72,14.05,15.50,3.90,8.76,17.77,19.10,17.21,25.08,11.81,14.66,14.88,5.52,13.34,12.90,12.51,19.61,6.33,21.43
10.34,16.03,17.27,5.65,9.77,19.69,20.76,18.73,27.11,9.86,16.19,16.78,4.23,11.55,14.51,14.27,21.51,8.19,23.29
12.59,19.02,20.15,8.58,12.13,22.65,23.55,20.68,29.93,7.51,18.20,19.74,3.19,9.63,16.66,16.64,24.06,11.15,25.78
2.51,14.19,17.97,11.27,16.58,18.10,21.90,6.99,19.00,21.20,4.54,16.08,11.43,23.23,3.36,4.34,11.63,11.36,12.97
5.27,6.98,10.35,6.41,10.22,11.03,14.30,11.81,16.55,20.26,9.57,8.64,12.89,21.53,7.66,6.26,11.74,4.91,13.69
3.21,8.87,12.40,7.20,11.74,12.89,16.35,10.21,16.97,20.17,7.83,10.63,11.97,21.67,5.89,4.75,11.26,6.34,13.12
15.71,8.82,6.29,8.41,3.91,10.03,8.30,22.64,22.45,19.39,20.48,7.69,17.52,19.21,18.58,17.12,20.87,7.02,22.84
10.83,1.47,5.88,10.42,11.36,5.17,9.43,14.67,12.94,24.79,13.13,3.55,18.61,25.58,11.59,9.83,11.27,7.91,13.18
11.23,10.27,14.52,16.65,19.52,12.16,17.39,8.69,7.27,30.34,8.77,12.15,21.88,31.74,8.58,7.41,2.45,14.78,4.24
6.47,7.90,12.26,11.55,15.02,11.25,15.86,8.24,12.11,25.08,6.77,9.98,16.78,26.51,5.46,3.71,6.60,9.92,8.55
11.99,16.11,16.79,5.56,8.47,19.53,20.05,20.48,27.93,8.89,17.93,16.60,6.00,10.17,16.17,15.77,22.77,8.14,24.62
10.20,15.30,16.45,4.85,8.94,18.92,19.92,18.66,26.59,10.26,16.12,16.00,5.04,11.79,14.38,14.04,21.17,7.42,22.98
9.52,16.46,18.05,6.46,11.08,20.24,21.66,17.72,26.90,10.54,15.21,17.38,2.98,12.48,13.62,13.55,20.95,8.86,22.68
11.13,10.69,14.96,16.81,19.80,12.64,17.86,8.25,7.48,30.39,8.42,12.59,21.83,31.84,8.32,7.24,1.97,15.00,3.82
12.03,4.92,4.72,6.91,5.83,7.51,8.40,18.37,18.55,20.46,16.32,4.62,16.26,20.86,14.46,12.91,16.46,4.51,18.44
11.50,9.06,13.23,16.15,18.68,10.76,16.01,9.91,6.94,30.08,9.74,10.88,21.95,31.38,9.30,7.95,3.86,14.14,5.55
7.90,13.94,15.65,4.21,9.38,17.75,19.33,16.37,24.59,12.43,13.82,14.90,5.32,14.06,12.08,11.75,18.94,6.45,20.73
12.84,11.24,15.34,18.20,20.88,12.66,17.94,9.63,5.78,31.95,10.04,13.00,23.51,33.33,10.03,8.97,2.58,16.26,3.70
7.68,16.53,18.74,7.65,12.89,20.49,22.52,15.47,25.77,12.74,13.01,17.73,3.14,14.88,11.57,11.77,19.33,9.64,20.94
3.82,14.45,17.42,8.10,13.69,18.49,21.36,11.53,22.19,16.66,9.04,15.99,7.06,18.69,7.58,7.86,15.45,9.13,17.00
7.25,17.70,20.34,9.82,15.24,21.73,24.22,14.05,25.66,14.59,11.74,19.11,4.48,16.91,10.59,11.16,18.72,11.50,20.17
6.78,18.73,22.38,14.34,19.90,22.66,26.33,8.73,22.81,21.27,7.14,20.58,11.15,23.63,7.10,8.58,15.04,15.04,16.00
13.86,8.10,6.57,6.58,2.96,10.06,9.33,20.97,21.77,18.40,18.76,7.39,15.81,18.47,16.84,15.43,19.60,5.11,21.58
11.96,3.04,3.76,8.28,7.72,5.83,7.70,17.55,16.71,22.19,15.66,2.90,17.42,22.67,13.88,12.23,15.02,5.72,16.98
7.32,4.80,8.87,8.80,11.47,8.69,12.68,11.80,13.84,23.00,9.98,6.77,15.83,24.13,8.29,6.58,9.97,6.72,11.96
4.09,16.05,19.70,12.07,17.56,19.99,23.64,7.93,20.87,20.59,5.76,17.89,10.57,22.77,5.08,6.29,13.34,12.54,14.55
10.60,2.65,5.01,7.92,8.39,6.30,8.96,16.06,15.91,22.15,14.17,3.52,16.74,22.81,12.40,10.75,13.71,5.33,15.68
14.64,6.35,3.93,8.65,5.63,7.57,6.71,20.95,19.94,21.10,18.93,5.15,18.06,21.15,17.08,15.52,18.65,6.62,20.60
10.15,2.06,5.63,8.69,9.66,6.08,9.49,15.03,14.66,23.04,13.24,3.67,17.13,23.81,11.55,9.84,12.42,6.16,14.38
8.30,4.86,7.46,5.96,8.04,8.77,11.41,14.59,16.86,20.34,12.48,6.06,14.31,21.24,10.61,9.09,13.40,3.54,15.39
8.58,11.83,13.11,1.50,6.76,15.46,16.70,17.04,23.46,13.37,14.51,12.55,7.92,14.55,12.63,11.92,18.55,3.97,20.44
13.74,10.85,14.77,18.54,20.88,11.87,17.15,10.98,4.68,32.49,11.30,12.49,24.30,33.79,11.18,10.00,3.94,16.48,4.85
10.10,1.98,6.25,9.73,10.95,5.89,9.93,14.25,13.39,24.10,12.62,4.01,17.83,24.95,11.02,9.27,11.23,7.25,13.18
12.47,9.38,13.42,16.95,19.28,10.72,16.00,10.64,6.00,30.95,10.60,11.09,22.90,32.21,10.23,8.90,4.15,14.87,5.59
10.95,16.99,18.21,6.60,10.56,20.65,21.68,19.25,27.97,9.13,16.72,17.74,3.58,10.96,15.09,14.94,22.26,9.15,24.02
4.64,15.54,18.50,8.92,14.51,19.58,22.43,11.80,23.05,16.44,9.39,17.08,6.57,18.58,8.09,8.57,16.14,10.10,17.63
12.27,10.14,14.25,17.25,19.82,11.64,16.91,9.86,6.15,31.11,9.98,11.91,22.84,32.45,9.76,8.54,3.20,15.27,4.65
12.71,11.77,15.92,18.40,21.25,13.31,18.59,9.08,6.16,32.03,9.61,13.58,23.45,33.46,9.73,8.77,1.94,16.53,3.01
11.08,9.46,13.71,16.11,18.84,11.35,16.57,9.20,7.33,29.92,9.08,11.34,21.63,31.27,8.71,7.42,3.26,14.18,5.05
13.84,10.58,14.45,18.44,20.68,11.51,16.78,11.30,4.57,32.45,11.55,12.18,24.35,33.71,11.37,10.15,4.30,16.35,5.25
17.80,6.11,2.37,13.97,11.47,3.60,1.88,22.19,16.89,26.96,20.68,4.07,23.33,26.99,19.09,17.35,18.02,11.56,19.75
15.62,13.50,17.34,21.04,23.53,14.29,19.53,11.42,3.80,34.84,12.29,15.09,26.35,36.21,12.56,11.66,4.36,19.05,4.05
5.57,6.83,10.08,6.11,9.84,10.88,14.03,12.20,16.75,20.06,9.96,8.43,12.84,21.29,8.04,6.65,12.06,4.53,14.02
0.72,12.03,15.76,9.58,14.68,15.96,19.69,7.82,17.88,20.76,5.27,13.89,11.47,22.61,3.46,3.43,11.01,9.37,12.59
17.52,8.88,5.26,10.81,6.40,9.01,6.17,23.91,22.08,21.77,21.90,7.26,20.02,21.46,20.05,18.49,21.41,9.15,23.33
3.24,15.02,18.36,9.91,15.45,19.04,22.32,9.73,21.42,18.50,7.33,16.72,8.64,20.61,6.11,6.78,14.29,10.62,15.71
4.90,16.50,19.68,10.49,16.08,20.54,23.63,10.91,23.08,17.61,8.64,18.14,7.55,19.85,7.62,8.42,15.86,11.55,17.22
10.49,11.15,15.49,16.63,19.87,13.34,18.52,7.26,8.35,30.00,7.47,13.11,21.26,31.51,7.48,6.51,1.57,14.94,3.56
11.27,15.57,16.40,5.02,8.36,19.06,19.74,19.76,27.26,9.54,17.21,16.13,5.80,10.88,15.45,15.04,22.06,7.61,23.90
10.35,3.60,5.42,7.01,7.53,7.12,9.36,16.26,16.79,21.20,14.27,4.26,15.94,21.86,12.45,10.85,14.31,4.42,16.29
10.74,8.65,12.91,15.41,18.04,10.62,15.83,9.54,7.73,29.31,9.20,10.53,21.17,30.62,8.66,7.25,4.02,13.43,5.86
4.12,13.52,16.28,6.68,12.26,17.55,20.20,12.37,22.09,15.95,9.84,14.96,6.82,17.85,8.21,8.19,15.69,7.78,17.35
6.13,5.95,9.51,7.08,10.36,9.99,13.44,11.98,15.65,21.16,9.88,7.69,13.97,22.34,8.02,6.48,11.24,5.25,13.22
13.60,7.03,5.53,6.96,4.03,8.97,8.50,20.41,20.72,19.37,18.27,6.29,16.34,19.50,16.37,14.90,18.74,5.13,20.72
2.60,9.93,13.25,6.69,11.64,13.98,17.20,10.54,18.20,19.09,8.06,11.60,10.71,20.68,6.12,5.31,12.28,6.31,14.09
13.28,2.15,2.44,10.25,9.36,3.87,6.30,18.08,15.53,24.12,16.39,0.94,19.34,24.54,14.73,13.01,14.77,7.68,16.66
14.47,2.54,2.42,11.99,10.97,2.11,5.49,18.58,14.49,25.86,17.08,0.83,21.02,26.25,15.53,13.77,14.61,9.41,16.42
10.77,2.00,4.88,8.55,9.04,5.78,8.80,15.88,15.26,22.81,14.06,3.13,17.27,23.48,12.34,10.65,13.26,5.97,15.22
9.80,3.51,5.87,7.04,8.00,7.26,9.83,15.61,16.38,21.34,13.63,4.49,15.77,22.07,11.82,10.21,13.71,4.47,15.69
7.79,13.66,15.36,3.95,9.17,17.46,19.05,16.28,24.35,12.63,13.73,14.61,5.61,14.22,11.97,11.60,18.76,6.17,20.56
0.86,12.01,15.45,8.23,13.50,16.03,19.40,9.36,19.04,19.21,6.81,13.75,10.04,21.03,5.04,4.90,12.42,8.31,14.06
13.57,6.69,5.17,7.16,4.40,8.59,8.21,20.27,20.38,19.71,18.15,5.91,16.56,19.86,16.27,14.77,18.49,5.23,20.46
6.88,18.88,22.35,13.63,19.22,22.87,26.30,10.11,23.82,19.83,8.33,20.65,9.73,22.22,8.02,9.33,16.16,14.57,17.22
9.75,11.96,16.36,16.53,20.12,14.42,19.53,5.85,9.59,29.55,6.18,13.97,20.56,31.16,6.40,5.68,1.91,15.02,3.60
10.42,2.14,6.56,10.58,11.82,5.65,10.07,14.01,12.50,24.96,12.51,4.22,18.53,25.82,11.01,9.24,10.60,8.12,12.52
13.73,2.64,5.34,13.18,13.22,2.73,7.88,16.57,11.61,27.44,15.36,3.25,21.63,28.07,14.01,12.24,11.96,10.60,13.69
9.85,2.21,6.02,8.82,10.00,6.26,9.85,14.59,14.35,23.18,12.83,3.98,17.10,24.00,11.15,9.43,11.97,6.31,13.94
8.81,10.19,14.60,14.94,18.36,12.81,17.85,6.81,9.76,28.25,6.45,12.22,19.55,29.77,6.09,4.92,3.20,13.32,5.15
9.84,17.38,19.06,7.49,12.10,21.20,22.69,17.85,27.54,10.34,15.37,18.35,1.93,12.45,13.86,13.92,21.41,9.87,23.08
2.36,9.67,13.38,8.27,12.93,13.63,17.31,9.03,16.69,20.81,6.63,11.51,12.21,22.42,4.68,3.64,10.55,7.54,12.35
17.57,6.32,1.99,13.12,10.29,4.60,2.10,22.44,17.96,25.82,20.80,4.24,22.52,25.79,19.15,17.43,18.64,10.80,20.43
9.55,13.99,18.41,17.30,21.36,16.69,21.72,3.63,11.50,29.59,4.68,16.04,20.19,31.38,5.58,5.57,3.56,16.09,4.22
11.09,5.85,6.16,5.47,5.08,8.83,9.81,17.89,19.24,19.16,15.73,5.90,14.83,19.65,13.82,12.37,16.56,3.10,18.55
14.23,8.50,6.82,6.77,2.74,10.36,9.42,21.39,22.18,18.26,19.17,7.74,15.93,18.26,17.25,15.85,20.04,5.44,22.03
11.55,18.98,20.47,8.84,12.99,22.75,24.01,19.42,29.31,8.84,16.97,19.87,1.54,11.11,15.52,15.64,23.15,11.32,24.81
1.12,12.28,15.67,8.19,13.52,16.31,19.63,9.55,19.38,18.94,7.00,14.00,9.72,20.78,5.26,5.20,12.74,8.38,14.37
9.02,3.54,7.90,10.14,12.10,7.14,11.51,12.61,12.54,24.47,11.04,5.61,17.58,25.48,9.52,7.75,9.68,7.85,11.65
3.69,15.11,18.98,12.47,17.78,18.95,22.89,6.20,19.07,22.07,3.92,17.04,12.17,24.17,3.27,4.66,11.49,12.56,12.68
8.02,4.20,7.62,7.32,9.52,8.24,11.55,13.54,15.38,21.68,11.56,5.82,15.19,22.65,9.77,8.14,11.94,5.01,13.93
11.25,14.55,15.20,4.04,7.09,17.94,18.50,19.77,26.56,10.35,17.22,15.01,6.99,11.43,15.39,14.84,21.64,6.58,23.52
4.31,16.09,19.86,12.67,18.11,19.98,23.78,7.09,20.32,21.46,4.99,17.98,11.44,23.64,4.52,5.89,12.70,13.01,13.84
12.11,9.65,13.76,16.88,19.38,11.16,16.43,10.06,6.31,30.80,10.06,11.42,22.61,32.10,9.75,8.46,3.59,14.86,5.11
10.46,10.48,14.81,16.25,19.36,12.63,17.81,7.80,8.13,29.77,7.84,12.43,21.17,31.23,7.68,6.57,2.16,14.49,4.13
10.32,13.98,14.88,3.43,7.24,17.48,18.29,18.84,25.77,11.06,16.29,14.56,6.74,12.25,14.47,13.92,20.75,6.02,22.63
3.63,11.81,14.61,5.68,11.17,15.85,18.54,12.15,20.77,16.68,9.60,13.26,8.15,18.39,7.80,7.42,14.71,6.35,16.46
5.85,16.38,19.15,9.02,14.55,20.42,23.06,12.97,24.26,15.37,10.59,17.84,5.40,17.58,9.33,9.81,17.39,10.48,18.88
2.97,12.77,15.76,6.95,12.46,16.81,19.70,11.35,20.94,17.08,8.80,14.31,8.00,18.93,7.11,7.02,14.51,7.65,16.18
10.02,1.99,6.09,9.34,10.53,5.99,9.84,14.43,13.81,23.72,12.74,3.93,17.53,24.54,11.11,9.37,11.58,6.85,13.54
6.93,5.16,9.17,8.59,11.44,9.07,13.00,11.59,14.09,22.73,9.72,7.10,15.47,23.89,8.00,6.30,10.01,6.58,12.00
6.81,18.75,22.10,13.09,18.68,22.76,26.06,10.71,24.15,19.03,8.83,20.47,8.93,21.43,8.36,9.57,16.58,14.14,17.71
6.48,5.84,9.97,9.14,12.25,9.65,13.76,10.71,13.69,23.13,8.88,7.84,15.56,24.37,7.20,5.48,9.23,7.27,11.22
11.45,8.98,13.16,16.08,18.60,10.70,15.95,9.92,7.00,30.01,9.72,10.80,21.89,31.31,9.27,7.91,3.91,14.06,5.61
10.53,11.53,15.88,16.85,20.17,13.74,18.92,6.96,8.50,30.14,7.28,13.50,21.32,31.68,7.38,6.51,1.29,15.20,3.27
6.81,14.23,16.31,5.28,10.68,18.15,20.09,15.17,24.15,13.27,12.63,15.36,4.99,15.08,10.96,10.80,18.16,7.20,19.90
9.09,14.61,16.02,4.40,9.08,18.32,19.60,17.55,25.62,11.30,15.01,15.43,5.06,12.89,13.27,12.93,20.09,6.87,21.89
1.71,10.80,14.65,9.43,14.25,14.70,18.55,7.80,16.70,21.40,5.34,12.71,12.40,23.13,3.40,2.68,10.08,8.87,11.77
5.63,14.57,17.04,6.60,12.13,18.57,20.90,13.75,23.59,14.49,11.24,15.88,5.31,16.45,9.67,9.71,17.22,8.17,18.88
12.38,11.79,11.57,3.42,2.93,14.69,14.58,20.59,24.83,13.32,18.13,11.80,11.06,13.69,16.19,15.21,21.05,4.58,23.02
9.82,10.26,14.63,15.69,18.90,12.60,17.73,7.45,8.75,29.15,7.33,12.24,20.53,30.63,7.08,5.94,2.55,13.97,4.54
2.20,13.62,16.92,8.68,14.17,17.66,20.87,9.91,20.61,18.31,7.40,15.30,8.77,20.29,5.88,6.17,13.76,9.23,15.30
7.83,10.53,14.95,14.41,18.10,13.41,18.34,5.96,10.87,27.47,5.38,12.59,18.61,29.05,4.97,3.85,3.90,12.94,5.72
11.87,0.89,4.04,9.82,9.86,4.46,7.82,16.46,14.56,24.01,14.79,1.94,18.60,24.61,13.15,11.42,13.27,7.23,15.18
9.53,3.25,6.08,7.39,8.59,7.15,10.03,15.12,15.83,21.74,13.17,4.48,15.94,22.52,11.38,9.75,13.11,4.85,15.10
13.35,11.78,15.84,18.80,21.48,13.10,18.38,9.81,5.42,32.53,10.35,13.52,24.05,33.93,10.44,9.44,2.64,16.87,3.42
14.70,6.65,4.25,8.52,5.33,7.90,6.93,21.11,20.25,20.83,19.07,5.48,17.91,20.86,17.21,15.66,18.91,6.56,20.86
3.44,12.38,15.24,6.22,11.74,16.42,19.17,11.92,21.03,16.67,9.37,13.86,7.86,18.46,7.62,7.39,14.79,6.98,16.50
4.10,13.47,17.61,12.90,17.80,17.12,21.41,4.42,16.34,23.94,1.87,15.49,14.32,25.88,0.57,2.30,8.77,12.42,10.03
1.91,12.26,15.47,7.47,12.87,16.30,19.43,10.37,19.93,18.15,7.82,13.90,9.05,19.98,6.08,5.94,13.44,7.83,15.10
1.72,10.72,14.56,9.34,14.15,14.63,18.47,7.89,16.71,21.35,5.44,12.63,12.37,23.07,3.49,2.75,10.12,8.77,11.81
12.60,17.32,18.04,6.77,9.64,20.77,21.30,21.02,28.98,7.84,18.48,17.84,5.34,9.33,16.78,16.49,23.63,9.35,25.45
7.30,13.95,15.85,4.61,9.93,17.82,19.58,15.74,24.27,12.90,13.19,14.99,5.22,14.61,11.47,11.21,18.48,6.68,20.24
4.96,16.90,20.31,11.71,17.28,20.91,24.27,9.71,22.54,19.05,7.58,18.64,8.96,21.32,6.82,7.89,15.11,12.55,16.35
15.86,4.66,0.26,11.81,9.60,3.85,3.71,20.75,16.99,24.98,19.08,2.61,21.16,25.12,17.42,15.70,17.14,9.40,18.97
11.62,18.65,20.03,8.40,12.42,22.38,23.54,19.61,29.20,8.59,17.14,19.49,2.12,10.77,15.64,15.69,23.16,10.91,24.85
9.65,13.96,15.08,3.48,7.82,17.55,18.58,18.17,25.46,11.35,15.62,14.64,6.22,12.68,13.81,13.32,20.26,6.05,22.12
13.81,6.42,4.69,7.62,4.86,8.15,7.71,20.36,20.10,20.21,18.28,5.53,17.02,20.34,16.40,14.88,18.40,5.62,20.36
12.23,11.20,15.38,17.79,20.63,12.83,18.10,8.98,6.45,31.45,9.35,13.02,22.93,32.87,9.36,8.32,2.03,15.92,3.44
17.75,6.87,2.45,12.83,9.66,5.50,2.46,22.92,18.85,25.21,21.21,4.82,22.25,25.11,19.52,17.81,19.33,10.61,21.15
8.44,5.88,7.86,4.74,6.93,9.63,11.76,15.32,18.14,19.11,13.10,6.80,13.41,19.96,11.19,9.78,14.55,2.26,16.54
14.13,17.63,17.87,7.25,8.91,20.85,20.90,22.61,29.83,7.17,20.06,17.93,7.19,8.16,18.31,17.90,24.85,9.72,26.71
11.23,7.39,7.42,4.36,3.75,10.30,10.86,18.53,20.69,17.67,16.26,7.39,13.78,18.13,14.32,12.99,17.70,2.49,19.69
13.68,13.02,17.13,19.63,22.53,14.41,19.70,9.27,5.86,33.17,10.13,14.79,24.46,34.65,10.46,9.66,2.20,17.80,2.24
11.68,5.39,5.37,6.26,5.37,8.14,9.01,18.25,18.94,19.83,16.14,5.23,15.63,20.26,14.26,12.75,16.60,3.90,18.58
2.05,13.96,17.64,10.61,15.96,17.91,21.58,7.68,19.32,20.51,5.21,15.81,10.79,22.52,3.89,4.65,12.08,10.79,13.48
7.35,14.64,16.61,5.39,10.67,18.53,20.35,15.68,24.69,12.72,13.15,15.72,4.54,14.55,11.49,11.35,18.72,7.45,20.45
9.33,16.51,18.18,6.62,11.32,20.32,21.81,17.49,26.82,10.74,14.98,17.46,2.80,12.72,13.41,13.38,20.80,8.98,22.51
7.89,6.36,10.77,11.64,14.50,9.53,14.25,9.83,11.25,25.60,8.51,8.44,17.76,26.87,7.23,5.48,6.96,9.71,8.96
3.29,9.26,12.53,6.30,11.07,13.31,16.48,10.97,17.96,19.13,8.53,10.90,11.03,20.64,6.59,5.62,12.30,5.71,14.15
13.41,19.43,20.38,8.92,12.08,22.99,23.70,21.55,30.59,6.65,19.06,20.07,4.03,8.73,17.50,17.44,24.82,11.51,26.56
13.57,18.97,19.74,8.42,11.25,22.45,22.98,21.84,30.42,6.52,19.33,19.52,4.82,8.36,17.71,17.56,24.85,11.01,26.62
14.21,9.73,8.29,6.09,1.26,11.80,10.85,21.73,23.37,16.81,19.43,9.12,14.91,16.78,17.49,16.19,20.84,5.33,22.84
10.42,12.17,16.54,17.09,20.58,14.47,19.63,6.27,9.01,30.19,6.77,14.16,21.22,31.78,7.05,6.34,1.25,15.53,2.99
12.33,0.99,4.91,11.45,11.74,3.67,8.16,15.92,12.73,25.74,14.49,2.53,19.92,26.41,13.01,11.24,12.01,8.88,13.86
13.13,2.11,2.56,10.09,9.26,4.01,6.44,17.97,15.56,23.98,16.27,1.08,19.18,24.41,14.60,12.88,14.72,7.52,16.61
2.05,12.24,16.18,10.79,15.76,16.08,20.07,6.51,16.99,22.08,3.98,14.19,12.68,23.93,2.13,2.33,9.87,10.40,11.38
10.68,4.93,5.78,5.99,6.08,8.11,9.60,17.17,18.24,19.96,15.07,5.19,15.21,20.53,13.19,11.68,15.62,3.46,17.61
12.24,4.75,4.41,7.22,6.03,7.23,8.10,18.48,18.41,20.75,16.45,4.35,16.57,21.13,14.60,13.04,16.45,4.82,18.42
2.94,14.67,18.00,9.62,15.15,18.69,21.96,9.72,21.19,18.48,7.28,16.37,8.69,20.56,5.99,6.58,14.11,10.29,15.56
15.77,4.43,0.32,11.92,9.84,3.52,3.78,20.55,16.66,25.19,18.91,2.36,21.24,25.35,17.26,15.53,16.86,9.48,18.68
12.55,15.63,16.01,5.24,7.38,18.90,19.16,21.07,27.84,9.18,18.52,15.98,7.26,10.13,16.71,16.18,22.99,7.71,24.87
9.80,15.66,17.01,5.38,9.76,19.36,20.55,18.19,26.61,10.40,15.65,16.46,4.23,12.09,13.96,13.73,20.97,7.88,22.75
12.57,10.75,14.85,17.77,20.41,12.20,17.48,9.71,5.93,31.57,9.99,12.52,23.20,32.93,9.89,8.76,2.82,15.81,4.11
6.59,17.17,19.90,9.58,15.07,21.20,23.79,13.44,25.00,15.08,11.11,18.61,5.00,17.36,9.93,10.50,18.06,11.15,19.52
6.00,13.47,15.71,5.04,10.57,17.42,19.53,14.43,23.25,14.13,11.88,14.67,5.83,15.89,10.17,9.94,17.28,6.70,19.02
10.85,15.43,16.38,4.89,8.54,18.97,19.78,19.33,26.98,9.83,16.78,16.04,5.51,11.24,15.03,14.64,21.70,7.49,23.53
6.28,14.01,16.21,5.41,10.89,17.95,20.03,14.64,23.72,13.79,12.10,15.19,5.32,15.61,10.43,10.28,17.66,7.18,19.39
4.15,14.71,18.74,13.11,18.25,18.45,22.60,4.89,17.83,23.31,2.54,16.70,13.48,25.35,2.11,3.75,10.17,12.93,11.31
10.03,5.80,6.83,4.94,5.67,9.14,10.60,16.89,18.85,19.01,14.70,6.22,14.15,19.65,12.79,11.36,15.80,2.40,17.79
14.42,2.52,2.29,11.84,10.79,2.28,5.47,18.61,14.65,25.69,17.09,0.69,20.89,26.08,15.52,13.77,14.70,9.27,16.51
11.75,11.50,15.74,17.64,20.67,13.32,18.57,8.23,7.12,31.16,8.66,13.37,22.50,32.63,8.74,7.79,1.34,15.85,3.01
15.78,9.65,7.30,8.05,3.09,11.02,9.29,22.96,23.32,18.45,20.75,8.62,16.95,18.22,18.83,17.43,21.49,6.95,23.47
9.66,9.71,14.08,15.28,18.40,12.07,17.19,7.82,8.79,28.83,7.54,11.69,20.32,30.28,7.15,5.89,3.06,13.51,5.05
8.82,16.63,18.49,7.04,11.96,20.50,22.18,16.85,26.57,11.34,14.36,17.68,2.54,13.40,12.84,12.90,20.39,9.30,22.06
10.69,15.23,16.20,4.69,8.42,18.77,19.60,19.18,26.78,10.03,16.63,15.85,5.60,11.43,14.87,14.47,21.51,7.29,23.34
17.96,9.47,5.83,11.04,6.41,9.56,6.51,24.44,22.66,21.64,22.40,7.85,20.17,21.25,20.55,19.00,21.99,9.49,23.92
1.74,12.05,15.30,7.49,12.85,16.09,19.26,10.24,19.69,18.34,7.69,13.70,9.29,20.15,5.92,5.73,13.21,7.76,14.88
14.23,2.86,1.57,10.97,9.65,3.35,5.35,18.94,15.73,24.66,17.29,0.90,20.15,24.99,15.64,13.91,15.41,8.43,17.27
11.14,11.86,16.18,17.43,20.68,13.92,19.13,7.28,8.01,30.75,7.76,13.80,21.93,32.28,7.95,7.11,0.77,15.74,2.76
12.45,5.83,5.15,6.61,4.94,8.22,8.60,19.06,19.48,19.80,16.95,5.38,16.02,20.12,15.07,13.57,17.34,4.41,19.32
11.83,3.30,3.98,7.98,7.44,6.14,7.90,17.54,16.95,21.87,15.62,3.21,17.14,22.36,13.83,12.20,15.15,5.43,17.11
8.13,3.89,7.88,8.61,10.82,7.86,11.71,12.79,14.05,22.93,10.98,5.81,16.14,23.95,9.28,7.58,10.70,6.35,12.69
3.78,15.64,19.36,12.09,17.52,19.56,23.30,7.37,20.24,21.02,5.16,17.51,11.05,23.17,4.45,5.69,12.71,12.43,13.93
14.77,4.78,1.83,10.00,7.70,5.43,5.24,20.33,18.06,23.05,18.48,3.19,19.39,23.20,16.73,15.07,17.37,7.66,19.27
11.71,11.41,15.66,17.57,20.59,13.25,18.49,8.25,7.13,31.10,8.65,13.29,22.46,32.57,8.72,7.75,1.41,15.78,3.10
11.34,9.63,13.85,16.37,19.07,11.43,16.67,9.31,7.07,30.19,9.25,11.48,21.90,31.54,8.92,7.65,3.18,14.43,4.91
2.98,14.94,18.42,10.42,15.92,18.94,22.38,8.93,20.85,19.31,6.55,16.71,9.43,21.41,5.39,6.18,13.62,10.96,15.00
11.83,9.75,13.91,16.76,19.36,11.38,16.64,9.69,6.58,30.62,9.70,11.56,22.37,31.95,9.41,8.14,3.30,14.78,4.90
15.95,4.26,1.17,12.54,10.67,2.68,3.73,20.37,15.93,25.96,18.82,2.20,21.80,26.16,17.23,15.48,16.42,10.05,18.21
13.98,7.68,11.19,16.81,18.25,8.07,13.33,13.52,6.05,31.13,13.17,9.02,23.81,32.15,12.49,10.94,7.24,14.47,8.58
7.17,19.18,22.70,14.15,19.73,23.15,26.66,9.84,23.77,20.37,8.18,20.97,10.29,22.78,8.00,9.39,16.06,15.04,17.06
18.84,7.13,3.35,14.86,12.10,4.32,0.96,23.19,17.42,27.63,21.69,5.11,24.24,27.58,20.12,18.37,18.88,12.49,20.58
11.92,12.71,16.99,18.35,21.62,14.62,19.86,7.41,7.71,31.61,8.18,14.61,22.72,33.17,8.55,7.85,0.27,16.68,1.84
10.66,17.39,18.80,7.17,11.38,21.12,22.33,18.83,28.03,9.40,16.32,18.23,2.67,11.39,14.75,14.71,22.11,9.67,23.84
7.39,19.36,22.76,13.79,19.37,23.37,26.72,10.77,24.48,19.45,9.01,21.11,9.39,21.88,8.68,9.98,16.84,14.84,17.90
14.84,7.13,4.73,8.37,4.90,8.40,7.27,21.39,20.75,20.43,19.32,5.99,17.73,20.43,17.45,15.92,19.31,6.52,21.27
14.80,13.70,17.70,20.66,23.43,14.83,20.11,10.20,5.07,34.26,11.17,15.40,25.58,35.72,11.56,10.78,3.28,18.78,2.77
5.49,17.36,21.08,13.51,19.01,21.26,25.02,7.69,21.43,21.44,5.87,19.23,11.34,23.71,5.67,7.13,13.72,14.01,14.76
3.48,15.48,19.05,11.27,16.76,19.45,23.01,8.36,20.81,19.98,6.07,17.29,10.02,22.13,5.14,6.15,13.42,11.77,14.72
14.55,13.32,17.33,20.32,23.06,14.47,19.75,10.14,5.03,33.95,11.04,15.02,25.31,35.39,11.37,10.54,3.12,18.42,2.86
0.74,11.60,15.33,9.29,14.33,15.55,19.26,8.03,17.67,20.72,5.49,13.46,11.54,22.52,3.63,3.37,10.92,9.00,12.54
4.69,12.74,15.28,5.41,10.99,16.74,19.17,13.17,22.03,15.45,10.62,14.07,6.91,17.21,8.87,8.62,15.96,6.59,17.70
12.06,18.80,20.06,8.45,12.25,22.48,23.52,20.11,29.53,8.08,17.63,19.58,2.62,10.23,16.11,16.13,23.57,11.00,25.27
12.22,12.20,16.43,18.30,21.37,13.96,19.22,8.16,7.00,31.75,8.80,14.07,23.00,33.25,9.04,8.20,1.00,16.54,2.33
8.42,8.11,12.53,13.39,16.47,10.89,15.84,8.45,10.06,27.10,7.57,10.16,18.84,28.48,6.69,5.12,4.97,11.59,6.97
10.25,3.06,5.38,7.50,8.16,6.75,9.34,15.88,16.16,21.75,13.95,3.96,16.29,22.44,12.16,10.53,13.74,4.91,15.72
11.92,4.65,4.62,7.03,6.10,7.30,8.35,18.17,18.27,20.67,16.14,4.40,16.35,21.09,14.29,12.73,16.20,4.59,18.18
14.65,21.10,22.06,10.60,13.66,24.68,25.35,22.59,32.11,5.70,20.14,21.75,4.43,8.10,18.66,18.72,26.17,13.19,27.87
10.35,11.60,15.97,16.77,20.14,13.87,19.03,6.72,8.73,30.00,7.04,13.58,21.15,31.55,7.17,6.32,1.38,15.14,3.32
3.36,15.13,18.89,11.88,17.26,19.04,22.82,7.08,19.71,21.20,4.77,17.02,11.29,23.31,3.94,5.14,12.22,12.12,13.47
3.18,10.63,13.62,5.78,11.02,14.67,17.57,11.55,19.49,17.77,9.03,12.15,9.46,19.38,7.13,6.51,13.59,5.88,15.39
13.29,9.19,13.05,17.33,19.39,10.15,15.43,11.68,5.36,31.46,11.62,10.78,23.60,32.65,11.21,9.83,5.07,15.17,6.35
2.00,10.16,13.94,8.80,13.53,14.10,17.86,8.46,16.66,21.09,6.04,12.04,12.30,22.75,4.09,3.16,10.30,8.14,12.05
8.15,6.13,8.18,4.56,7.04,9.92,12.08,15.12,18.23,18.94,12.88,7.10,13.12,19.83,10.96,9.57,14.49,2.16,16.47
1.69,13.51,16.95,9.20,14.63,17.53,20.91,9.14,20.02,19.08,6.63,15.26,9.51,21.06,5.12,5.49,13.06,9.58,14.58
1.88,13.77,17.46,10.53,15.85,17.72,21.40,7.63,19.15,20.56,5.14,15.62,10.88,22.56,3.77,4.48,11.94,10.67,13.35
3.21,11.85,14.75,6.08,11.54,15.89,18.69,11.73,20.53,17.04,9.18,13.34,8.37,18.77,7.38,7.04,14.38,6.64,16.11
15.84,5.91,2.21,10.60,7.66,6.00,4.64,21.51,18.97,23.17,19.66,4.17,20.02,23.18,17.89,16.23,18.52,8.40,20.41
2.35,14.21,17.92,10.94,16.29,18.14,21.85,7.45,19.34,20.74,5.00,16.07,10.97,22.78,3.78,4.66,12.03,11.12,13.39
15.79,12.27,10.60,7.03,1.77,14.21,12.73,23.67,25.90,15.11,21.29,11.60,14.74,14.79,19.34,18.16,23.20,7.13,25.19
13.60,6.25,4.68,7.49,4.92,8.08,7.79,20.13,19.93,20.20,18.05,5.41,16.91,20.37,16.18,14.66,18.18,5.45,20.15
13.83,15.07,14.86,5.45,5.66,18.02,17.72,22.31,27.87,10.01,19.77,15.13,9.51,10.38,17.90,17.18,23.59,7.49,25.52
9.20,3.59,6.42,7.11,8.53,7.51,10.38,14.90,15.98,21.47,12.93,4.85,15.59,22.29,11.12,9.51,13.07,4.60,15.06
4.45,11.03,13.62,4.60,10.04,15.03,17.53,12.92,20.67,16.42,10.38,12.37,8.47,17.99,8.51,7.93,14.96,5.20,16.77
6.62,16.46,19.00,8.41,13.85,20.48,22.86,14.06,24.95,14.21,11.65,17.82,4.32,16.40,10.31,10.67,18.25,10.10,19.80
15.94,4.43,0.71,12.25,10.23,3.18,3.64,20.56,16.39,25.57,18.96,2.35,21.56,25.74,17.34,15.60,16.75,9.79,18.55
12.10,18.55,19.74,8.15,11.84,22.20,23.17,20.23,29.43,7.97,17.73,19.30,3.02,10.04,16.18,16.15,23.56,10.71,25.28
9.61,13.76,18.18,17.25,21.25,16.42,21.47,3.92,11.21,29.65,4.88,15.81,20.29,31.41,5.70,5.60,3.27,16.00,4.01
13.45,2.77,2.16,9.93,8.77,4.32,6.11,18.52,16.20,23.66,16.77,1.49,19.13,24.03,15.07,13.37,15.37,7.40,17.27
2.89,14.54,17.85,9.42,14.95,18.57,21.81,9.86,21.19,18.34,7.41,16.23,8.57,20.40,6.08,6.61,14.16,10.10,15.63
10.54,19.04,20.89,9.38,14.03,22.92,24.56,18.06,28.66,10.43,15.67,20.10,0.31,12.80,14.33,14.62,22.19,11.70,23.78
8.95,12.35,13.54,1.91,6.84,15.95,17.09,17.44,24.01,12.82,14.90,13.04,7.56,14.00,13.03,12.37,19.06,4.45,20.95
12.48,0.86,3.60,10.37,10.15,3.84,7.28,16.91,14.42,24.50,15.29,1.36,19.21,25.06,13.67,11.93,13.48,7.78,15.37
2.74,14.15,17.39,8.87,14.40,18.19,21.35,10.17,21.14,18.02,7.69,15.81,8.36,20.05,6.25,6.65,14.23,9.56,15.74
17.95,9.47,5.83,11.04,6.41,9.56,6.51,24.44,22.66,21.64,22.40,7.85,20.17,21.25,20.54,19.00,21.99,9.49,23.92
11.68,11.67,15.94,17.69,20.77,13.55,18.79,8.00,7.30,31.15,8.47,13.56,22.45,32.64,8.60,7.69,1.10,15.92,2.83
7.22,6.52,8.94,4.62,7.78,10.43,12.87,14.26,18.01,18.94,11.99,7.69,12.66,19.96,10.06,8.72,13.91,2.57,15.89
4.36,16.35,19.95,12.09,17.61,20.31,23.90,8.32,21.31,20.30,6.18,18.17,10.25,22.51,5.52,6.72,13.79,12.66,14.99
13.12,18.08,18.80,7.53,10.32,21.54,22.04,21.48,29.68,7.16,18.95,18.61,5.16,8.77,17.28,17.05,24.25,10.11,26.05
7.63,13.14,14.84,3.47,8.78,16.93,18.53,16.15,23.93,12.98,13.59,14.08,6.14,14.51,11.80,11.36,18.44,5.64,20.26
14.33,4.50,2.06,9.64,7.55,5.48,5.64,19.92,17.90,22.82,18.07,3.06,19.02,23.02,16.30,14.65,17.05,7.28,18.96
0.35,11.69,15.27,8.66,13.81,15.68,19.22,8.74,18.32,19.95,6.20,13.49,10.80,21.75,4.37,4.14,11.66,8.54,13.30
14.03,5.22,3.17,8.73,6.41,6.61,6.48,20.05,18.81,21.70,18.09,4.06,18.14,21.88,16.27,14.67,17.57,6.47,19.51
10.82,11.00,15.31,16.77,19.90,13.07,18.27,7.70,7.93,30.24,7.91,12.93,21.57,31.72,7.89,6.87,1.62,15.02,3.58
10.46,12.04,16.40,17.05,20.50,14.31,19.48,6.43,8.88,30.19,6.90,14.02,21.26,31.78,7.14,6.39,1.20,15.47,3.02
11.06,8.54,8.65,3.35,3.23,11.54,12.01,18.72,21.68,16.43,16.37,8.63,12.71,16.92,14.42,13.19,18.34,2.20,20.33
16.57,4.65,2.18,13.51,11.70,2.00,3.52,20.62,15.36,26.99,19.17,2.76,22.73,27.19,17.63,15.87,16.33,11.00,18.06
3.12,14.69,18.51,11.88,17.19,18.56,22.43,6.60,19.07,21.61,4.23,16.59,11.76,23.68,3.31,4.51,11.59,11.98,12.85
6.71,5.98,8.99,5.83,8.98,10.00,12.95,13.22,16.80,20.07,11.03,7.44,13.35,21.16,9.13,7.68,12.62,3.86,14.60
12.89,1.32,3.12,10.48,10.00,3.62,6.82,17.38,14.71,24.53,15.76,0.93,19.42,25.03,14.14,12.40,13.93,7.89,15.81
11.17,0.97,4.84,9.64,10.12,4.98,8.60,15.67,14.19,23.93,14.00,2.69,18.21,24.62,12.36,10.63,12.57,7.07,14.50
5.15,15.32,18.07,8.05,13.61,19.36,21.98,12.75,23.49,15.45,10.30,16.76,5.73,17.54,8.89,9.20,16.78,9.43,18.34
3.81,15.10,19.01,12.64,17.92,18.93,22.91,5.95,18.90,22.31,3.68,17.04,12.42,24.41,3.10,4.54,11.29,12.68,12.46
11.62,15.19,15.82,4.67,7.57,18.58,19.09,20.13,27.15,9.72,17.58,15.65,6.66,10.85,15.78,15.28,22.16,7.22,24.03
10.35,2.57,5.26,7.99,8.66,6.35,9.20,15.71,15.64,22.26,13.84,3.65,16.70,22.96,12.08,10.42,13.37,5.41,15.34
8.75,3.90,6.87,6.97,8.69,7.87,10.82,14.51,15.95,21.34,12.51,5.26,15.28,22.21,10.70,9.09,12.83,4.51,14.82
2.30,13.61,16.87,8.54,14.04,17.65,20.83,10.08,20.71,18.14,7.57,15.28,8.62,20.12,6.04,6.31,13.89,9.13,15.44
13.57,2.69,2.05,10.16,9.00,4.08,5.98,18.54,16.03,23.90,16.82,1.27,19.35,24.27,15.14,13.43,15.30,7.63,17.20
13.10,11.50,15.58,18.49,21.17,12.86,18.15,9.73,5.58,32.24,10.20,13.25,23.78,33.63,10.24,9.21,2.61,16.56,3.57
5.76,13.72,16.05,5.50,11.04,17.69,19.89,14.13,23.25,14.31,11.59,14.96,5.72,16.13,9.91,9.76,17.15,7.10,18.87
8.75,11.19,15.60,15.44,19.07,13.86,18.89,5.82,10.21,28.48,5.69,13.23,19.55,30.07,5.61,4.71,2.91,13.95,4.69
12.98,6.04,4.94,6.98,4.85,8.18,8.24,19.57,19.72,19.94,17.47,5.41,16.40,20.19,15.59,14.08,17.75,4.86,19.73
4.14,16.04,19.42,10.89,16.45,20.06,23.38,9.66,22.01,18.80,7.39,17.77,8.78,20.99,6.42,7.33,14.70,11.68,16.02
7.27,6.35,8.82,4.78,7.84,10.27,12.76,14.23,17.86,19.11,11.97,7.55,12.82,20.12,10.05,8.68,13.80,2.69,15.78
14.27,20.47,21.38,9.95,12.97,24.02,24.67,22.31,31.58,5.89,19.84,21.10,4.37,8.14,18.32,18.33,25.74,12.54,27.46
10.32,12.28,16.66,17.08,20.61,14.62,19.76,6.08,9.19,30.12,6.60,14.28,21.13,31.73,6.91,6.24,1.37,15.54,3.03
9.96,17.59,19.28,7.72,12.31,21.42,22.91,17.92,27.71,10.27,15.45,18.57,1.71,12.42,13.96,14.04,21.54,10.09,23.21
12.80,13.65,17.90,19.38,22.65,15.43,20.69,7.68,7.51,32.58,8.74,15.53,23.60,34.16,9.29,8.71,1.24,17.72,0.86
3.78,15.20,18.37,9.41,14.99,19.24,22.33,10.65,22.13,17.59,8.24,16.83,7.72,19.71,6.98,7.55,15.10,10.33,16.55
3.69,14.23,17.21,7.93,13.51,18.28,21.14,11.51,22.04,16.69,9.02,15.77,7.14,18.70,7.52,7.76,15.34,8.93,16.91
12.09,9.63,13.74,16.85,19.35,11.14,16.41,10.06,6.32,30.77,10.06,11.40,22.60,32.08,9.74,8.45,3.61,14.84,5.13
2.56,14.33,18.08,11.23,16.56,18.24,22.01,7.17,19.23,21.02,4.74,16.21,11.23,23.06,3.59,4.57,11.86,11.37,13.20
15.64,4.29,0.33,11.84,9.83,3.46,3.91,20.40,16.57,25.15,18.77,2.22,21.16,25.33,17.12,15.39,16.73,9.39,18.55
5.71,16.68,19.58,9.69,15.25,20.72,23.51,12.41,24.10,16.05,10.08,18.20,6.00,18.30,8.93,9.54,17.08,11.05,18.52
10.01,2.50,6.91,10.40,11.84,6.07,10.45,13.64,12.54,24.78,12.11,4.58,18.23,25.68,10.60,8.83,10.36,7.98,12.30
15.50,12.03,15.70,20.18,22.32,12.54,17.76,12.32,2.96,34.21,12.85,13.51,26.07,35.47,12.85,11.73,5.14,18.07,5.45
10.13,2.06,5.65,8.71,9.69,6.08,9.51,14.99,14.63,23.06,13.22,3.68,17.14,23.83,11.52,9.81,12.38,6.18,14.34
1.56,12.90,16.24,8.38,13.80,16.93,20.20,9.70,19.95,18.63,7.16,14.60,9.26,20.53,5.52,5.63,13.21,8.75,14.80
12.67,6.93,10.76,15.62,17.30,7.97,13.25,12.59,7.07,29.90,12.08,8.49,22.50,30.96,11.30,9.72,6.77,13.33,8.33
10.23,10.11,14.45,15.89,18.97,12.32,17.48,7.92,8.28,29.45,7.83,12.07,20.91,30.90,7.57,6.40,2.54,14.11,4.51
10.74,15.65,16.68,5.14,8.92,19.22,20.10,19.20,27.07,9.76,16.65,16.30,5.12,11.26,14.92,14.57,21.69,7.72,23.51
8.94,14.36,15.78,4.17,8.92,18.07,19.37,17.42,25.38,11.52,14.87,15.18,5.27,13.08,13.12,12.76,19.88,6.62,21.70
4.72,16.60,19.95,11.22,16.79,20.62,23.90,9.99,22.55,18.64,7.78,18.31,8.57,20.88,6.91,7.87,15.19,12.10,16.48
11.91,3.27,3.88,8.07,7.49,6.06,7.81,17.60,16.93,21.95,15.68,3.13,17.24,22.43,13.90,12.26,15.17,5.52,17.13
13.05,17.39,17.97,6.86,9.38,20.77,21.16,21.49,29.22,7.59,18.95,17.84,5.89,8.95,17.23,16.90,23.98,9.42,25.81
7.32,15.36,17.45,6.31,11.59,19.28,21.22,15.47,25.05,12.76,12.97,16.50,3.93,14.73,11.39,11.39,18.86,8.32,20.54
14.19,12.41,16.39,19.63,22.25,13.52,18.80,10.36,4.76,33.39,11.04,14.10,24.90,34.78,11.21,10.26,3.19,17.68,3.48
13.99,2.13,3.97,12.53,12.12,2.00,6.71,17.48,12.97,26.66,16.11,1.94,21.28,27.18,14.66,12.89,13.19,9.94,14.96
13.73,16.32,20.63,21.16,24.84,18.27,23.52,6.86,9.57,33.76,8.67,18.26,24.38,35.51,9.77,9.71,3.72,19.73,2.07
5.87,6.61,9.79,5.99,9.58,10.65,13.75,12.48,16.78,20.03,10.26,8.17,12.95,21.22,8.34,6.94,12.23,4.31,14.19
9.91,14.52,15.64,4.05,8.24,18.12,19.12,18.41,25.96,10.86,15.86,15.20,5.76,12.26,14.09,13.66,20.67,6.62,22.51
3.49,14.55,17.65,8.62,14.19,18.59,21.59,10.95,21.90,17.23,8.49,16.15,7.54,19.29,7.08,7.46,15.04,9.53,16.56
8.47,14.00,15.53,3.97,8.93,17.75,19.16,16.96,24.92,12.00,14.41,14.87,5.46,13.56,12.65,12.28,19.40,6.34,21.21
1.35,11.14,14.55,7.64,12.80,15.16,18.51,9.70,18.58,19.23,7.17,12.86,10.35,20.96,5.30,4.85,12.21,7.54,13.93
13.79,5.00,3.18,8.61,6.47,6.53,6.60,19.79,18.61,21.70,17.83,3.91,18.02,21.91,16.02,14.41,17.32,6.32,19.26
13.67,7.78,6.33,6.56,3.21,9.79,9.17,20.72,21.46,18.60,18.52,7.10,15.85,18.70,16.61,15.19,19.30,4.98,21.28
14.34,13.31,17.35,20.19,22.98,14.53,19.81,9.89,5.28,33.79,10.79,15.04,25.12,35.24,11.14,10.33,2.88,18.31,2.62
7.05,5.95,8.75,5.48,8.49,9.94,12.70,13.70,17.15,19.77,11.49,7.30,13.27,20.82,9.59,8.16,13.09,3.41,15.07
10.97,10.18,14.46,16.43,19.35,12.15,17.37,8.52,7.52,30.09,8.55,12.08,21.63,31.51,8.33,7.16,2.47,14.58,4.32
12.09,0.40,4.63,10.89,11.14,3.91,8.08,16.00,13.29,25.16,14.49,2.26,19.44,25.82,12.95,11.19,12.34,8.32,14.21
15.78,8.33,5.61,8.80,4.56,9.36,7.59,22.52,21.91,20.08,20.41,7.09,18.01,19.92,18.52,17.03,20.53,7.23,22.49
11.84,7.54,7.21,4.80,3.35,10.25,10.52,19.11,20.98,17.74,16.85,7.37,14.19,18.11,14.92,13.57,18.16,3.08,20.16
5.38,6.94,10.25,6.28,10.06,10.98,14.20,11.96,16.65,20.17,9.72,8.57,12.85,21.42,7.81,6.42,11.88,4.75,13.83
11.58,11.95,12.08,2.66,3.89,15.04,15.25,19.89,24.71,12.93,17.40,12.13,10.10,13.50,15.47,14.57,20.64,4.34,22.59
10.36,6.79,11.07,14.01,16.33,8.95,14.09,10.66,8.69,28.12,9.91,8.70,20.38,29.31,9.01,7.40,5.85,11.90,7.71
3.00,14.95,18.61,11.28,16.70,18.89,22.56,7.73,20.04,20.52,5.38,16.79,10.63,22.62,4.37,5.39,12.65,11.60,13.96
3.04,9.92,13.08,6.12,11.13,13.97,17.04,11.11,18.62,18.57,8.62,11.52,10.34,20.13,6.69,5.89,12.81,5.84,14.63
14.15,13.78,17.88,20.30,23.26,15.15,20.43,9.29,5.99,33.75,10.32,15.55,24.94,35.26,10.79,10.09,2.51,18.50,1.87
18.72,13.04,10.22,10.29,4.71,14.01,11.26,26.22,26.67,17.77,23.94,11.85,18.22,17.03,22.00,20.68,24.95,9.85,26.94
12.31,13.34,17.62,18.92,22.23,15.22,20.47,7.35,7.79,32.09,8.32,15.24,23.12,33.68,8.82,8.23,0.79,17.27,1.21
11.22,6.59,6.70,4.98,4.38,9.50,10.23,18.27,19.96,18.47,16.05,6.59,14.39,18.93,14.13,12.73,17.16,2.80,19.15
12.87,16.41,16.83,5.96,8.16,19.71,19.98,21.37,28.50,8.43,18.82,16.78,6.79,9.49,17.05,16.59,23.51,8.46,25.38
8.09,16.26,18.28,6.99,12.11,20.17,22.02,16.10,25.95,12.09,13.61,17.38,3.00,14.15,12.10,12.18,19.69,9.12,21.35
12.03,6.63,6.21,5.62,4.12,9.24,9.60,18.99,20.18,18.76,16.80,6.37,15.04,19.11,14.88,13.45,17.67,3.59,19.66
4.35,14.94,18.97,13.30,18.46,18.67,22.83,4.81,17.95,23.41,2.53,16.93,13.55,25.46,2.28,3.95,10.25,13.15,11.36
7.46,13.80,15.62,4.32,9.61,17.64,19.34,15.93,24.27,12.81,13.38,14.81,5.40,14.48,11.64,11.33,18.55,6.44,20.34
2.67,13.68,16.84,8.23,13.75,17.72,20.79,10.54,21.06,17.69,8.03,15.30,8.19,19.66,6.49,6.72,14.30,8.92,15.87
7.06,16.14,18.46,7.56,12.91,20.12,22.28,14.85,25.20,13.35,12.39,17.39,3.75,15.47,10.95,11.15,18.71,9.43,20.32
13.34,8.04,6.83,6.02,2.79,10.21,9.74,20.53,21.68,18.07,18.30,7.47,15.29,18.21,16.37,14.99,19.30,4.56,21.29
12.03,16.08,16.74,5.54,8.40,19.49,20.00,20.52,27.93,8.90,17.97,16.56,6.08,10.15,16.21,15.80,22.79,8.11,24.64
13.25,8.13,11.91,16.69,18.49,8.98,14.26,12.38,5.95,30.92,12.11,9.66,23.32,32.03,11.52,10.03,6.07,14.44,7.46
12.95,12.13,16.27,18.73,21.60,13.63,18.91,9.07,6.09,32.32,9.70,13.92,23.70,33.77,9.88,8.97,1.89,16.87,2.72
2.65,14.62,18.26,10.92,16.33,18.58,22.21,7.88,19.93,20.33,5.48,16.46,10.49,22.40,4.35,5.25,12.61,11.23,13.96
13.50,2.61,2.13,10.13,9.02,4.08,6.06,18.46,15.98,23.89,16.74,1.25,19.30,24.27,15.05,13.34,15.22,7.59,17.12
13.58,7.40,5.95,6.71,3.61,9.38,8.87,20.52,21.07,18.96,18.35,6.69,16.05,19.08,16.44,15.00,18.99,4.99,20.97
13.98,13.35,17.44,19.98,22.88,14.70,19.98,9.40,5.78,33.51,10.33,15.11,24.77,34.99,10.71,9.95,2.43,18.15,2.16
12.79,1.64,5.12,12.12,12.35,3.33,8.12,16.04,12.21,26.41,14.70,2.80,20.55,27.07,13.28,11.50,11.85,9.55,13.65
11.51,16.11,16.96,5.56,8.87,19.60,20.29,19.97,27.72,9.09,17.43,16.68,5.41,10.52,15.69,15.34,22.42,8.15,24.25
13.17,7.33,6.16,6.29,3.51,9.50,9.20,20.17,20.99,18.72,17.98,6.75,15.65,18.90,16.07,14.64,18.75,4.56,20.73
13.62,5.22,3.57,8.25,6.09,6.90,6.95,19.75,18.88,21.30,17.77,4.25,17.66,21.52,15.94,14.35,17.43,6.00,19.38
8.12,9.85,11.26,1.01,6.16,13.50,14.95,16.30,21.67,15.25,13.83,10.60,9.71,16.29,11.89,10.94,17.13,2.06,19.06
7.93,4.16,8.25,8.89,11.25,8.07,12.05,12.36,13.74,23.17,10.58,6.13,16.22,24.23,8.92,7.19,10.25,6.69,12.24
3.62,15.08,18.28,9.40,14.97,19.12,22.23,10.52,21.97,17.70,8.11,16.72,7.85,19.81,6.83,7.40,14.95,10.27,16.40
6.95,5.33,9.48,9.14,12.03,9.14,13.25,11.16,13.57,23.24,9.36,7.33,15.83,24.42,7.70,5.97,9.42,7.17,11.41
12.60,9.92,13.97,17.33,19.76,11.26,16.54,10.38,5.81,31.28,10.47,11.64,23.11,32.57,10.20,8.94,3.70,15.30,5.07
12.56,10.53,14.62,17.64,20.23,11.96,17.24,9.87,5.90,31.48,10.09,12.29,23.16,32.83,9.95,8.78,3.03,15.66,4.35
1.70,13.58,17.27,10.41,15.72,17.52,21.21,7.63,19.00,20.59,5.12,15.43,10.94,22.57,3.69,4.33,11.82,10.51,13.25
12.87,2.96,2.81,9.13,8.12,5.08,6.76,18.22,16.59,22.89,16.40,2.19,18.34,23.29,14.66,12.98,15.38,6.61,17.30
14.64,12.90,16.85,20.16,22.77,13.94,19.21,10.58,4.54,33.90,11.36,14.57,25.38,35.30,11.60,10.69,3.45,18.21,3.44
10.89,9.23,13.49,15.85,18.57,11.17,16.38,9.22,7.52,29.68,9.02,11.11,21.42,31.02,8.60,7.27,3.45,13.91,5.28
7.17,12.11,16.51,14.74,18.88,15.18,20.01,4.12,12.33,27.17,3.55,14.19,17.94,28.90,3.58,3.10,4.71,13.57,6.12
4.44,14.62,17.44,7.72,13.31,18.66,21.36,12.26,22.74,15.93,9.77,16.09,6.38,17.96,8.29,8.52,16.09,8.93,17.68
4.08,14.83,17.81,8.40,13.99,18.88,21.74,11.59,22.48,16.60,9.13,16.37,6.89,18.67,7.73,8.09,15.67,9.48,17.20
8.88,11.96,16.37,15.92,19.68,14.64,19.67,5.15,10.51,28.75,5.27,14.01,19.68,30.41,5.45,4.79,2.84,14.51,4.40
5.56,6.49,10.08,7.15,10.70,10.51,14.01,11.50,15.74,21.07,9.36,8.25,13.66,22.32,7.49,5.98,11.05,5.48,13.01
9.56,14.35,15.56,3.94,8.34,17.98,19.07,18.06,25.68,11.15,15.51,15.07,5.69,12.58,13.74,13.31,20.35,6.48,22.18
6.62,5.57,9.65,8.87,11.89,9.44,13.46,11.07,13.89,22.92,9.21,7.55,15.47,24.13,7.51,5.80,9.58,6.95,11.56
7.75,4.28,7.99,7.82,10.19,8.32,11.89,12.95,14.82,22.14,11.03,6.07,15.41,23.16,9.26,7.60,11.26,5.59,13.26
4.42,12.29,14.88,5.29,10.85,16.29,18.78,12.92,21.57,15.83,10.37,13.64,7.39,17.54,8.60,8.27,15.56,6.29,17.32
12.52,17.69,18.53,7.14,10.24,21.19,21.83,20.87,29.16,7.71,18.34,18.27,4.76,9.37,16.68,16.46,23.68,9.73,25.47
12.55,5.78,5.03,6.74,5.01,8.12,8.46,19.13,19.44,19.92,17.03,5.29,16.15,20.22,15.15,13.64,17.36,4.54,19.34
8.24,16.37,18.36,7.05,12.13,20.28,22.10,16.23,26.09,11.95,13.75,17.48,2.87,14.02,12.24,12.33,19.83,9.19,21.49
9.63,3.86,6.10,6.69,7.76,7.59,10.05,15.62,16.67,20.99,13.60,4.80,15.44,21.73,11.76,10.18,13.87,4.12,15.86
10.73,2.04,4.91,8.51,9.02,5.83,8.83,15.85,15.28,22.77,14.04,3.17,17.23,23.45,12.31,10.63,13.26,5.93,15.21
11.17,15.41,16.24,4.85,8.23,18.89,19.59,19.67,27.11,9.70,17.12,15.96,5.89,11.02,15.35,14.93,21.92,7.44,23.77
4.71,8.09,11.16,5.52,9.88,12.13,15.12,12.06,17.77,19.08,9.69,9.62,11.59,20.41,7.74,6.57,12.67,4.49,14.58
13.67,10.41,14.30,18.25,20.50,11.39,16.67,11.22,4.74,32.26,11.43,12.03,24.16,33.52,11.23,10.00,4.27,16.16,5.28
4.81,13.71,16.31,6.28,11.86,17.73,20.20,13.09,22.65,15.25,10.56,15.08,6.24,17.13,8.92,8.87,16.34,7.60,18.02
12.35,4.58,4.20,7.43,6.21,7.01,7.90,18.51,18.26,20.97,16.50,4.14,16.78,21.34,14.66,13.08,16.39,5.02,18.36
10.69,11.06,15.38,16.71,19.89,13.18,18.37,7.52,8.09,30.14,7.74,13.00,21.45,31.64,7.72,6.73,1.59,14.99,3.57
11.63,19.45,21.02,9.40,13.65,23.25,24.59,19.34,29.55,9.05,16.92,20.38,1.08,11.41,15.52,15.72,23.26,11.85,24.89
14.19,8.81,7.20,6.55,2.35,10.74,9.80,21.46,22.48,17.87,19.22,8.10,15.64,17.87,17.29,15.92,20.24,5.36,22.22
12.60,9.95,14.00,17.35,19.79,11.30,16.58,10.35,5.81,31.29,10.45,11.68,23.12,32.59,10.19,8.93,3.67,15.32,5.03
11.05,3.78,4.88,7.12,7.05,6.96,8.79,17.04,17.24,21.14,15.04,4.04,16.24,21.69,13.22,11.63,15.01,4.55,16.98
11.05,18.91,20.55,8.95,13.33,22.72,24.15,18.80,28.96,9.52,16.37,19.87,0.83,11.83,14.96,15.14,22.68,11.36,24.31
12.57,19.13,20.29,8.71,12.32,22.78,23.71,20.63,29.98,7.56,18.15,19.87,3.03,9.71,16.62,16.63,24.06,11.28,25.77
6.53,5.70,9.79,8.94,12.01,9.55,13.60,10.92,13.85,22.96,9.07,7.68,15.46,24.18,7.37,5.66,9.47,7.05,11.45
5.96,14.99,17.43,6.87,12.37,18.99,21.29,13.98,23.99,14.22,11.48,16.30,4.91,16.23,9.95,10.05,17.58,8.52,19.22
14.01,14.22,18.37,20.42,23.53,15.71,20.99,8.78,6.63,33.74,9.94,16.03,24.81,35.29,10.52,9.93,2.37,18.69,1.23
6.67,14.89,17.10,6.18,11.59,18.84,20.91,14.86,24.41,13.40,12.34,16.09,4.52,15.34,10.75,10.73,18.20,8.04,19.89
3.44,11.31,14.18,5.64,11.05,15.35,18.11,11.94,20.26,17.09,9.39,12.78,8.67,18.75,7.55,7.07,14.28,6.09,16.05
14.61,2.69,2.29,12.05,10.96,2.09,5.33,18.74,14.60,25.88,17.24,0.90,21.10,26.26,15.68,13.93,14.77,9.48,16.57
1.86,12.42,15.65,7.63,13.05,16.46,19.61,10.28,19.99,18.19,7.73,14.06,9.03,20.03,6.01,5.93,13.44,8.02,15.09
6.06,14.50,16.84,6.17,11.66,18.47,20.67,14.27,23.84,14.00,11.75,15.75,5.07,15.93,10.15,10.13,17.60,7.86,19.28
6.66,17.25,19.98,9.65,15.13,21.29,23.87,13.48,25.07,15.06,11.16,18.69,4.97,17.35,9.99,10.56,18.12,11.22,19.58
10.18,16.50,17.89,6.26,10.56,20.22,21.43,18.46,27.29,9.89,15.94,17.33,3.43,11.74,14.31,14.17,21.51,8.76,23.26
5.74,16.68,19.58,9.68,15.23,20.73,23.51,12.44,24.13,16.02,10.11,18.20,5.97,18.26,8.96,9.57,17.11,11.04,18.55
13.62,1.62,3.20,11.59,11.03,2.57,6.44,17.63,13.95,25.64,16.13,0.91,20.47,26.13,14.59,12.83,13.74,9.00,15.56
11.92,18.38,19.59,7.99,11.74,22.04,23.03,20.05,29.24,8.15,17.56,19.14,2.97,10.20,16.00,15.97,23.37,10.55,25.09
6.70,5.34,9.28,8.32,11.27,9.29,13.14,11.58,14.37,22.44,9.66,7.25,15.17,23.61,7.91,6.24,10.19,6.35,12.18
1.89,13.71,17.13,9.28,14.73,17.72,21.09,9.21,20.20,19.00,6.71,15.44,9.38,20.99,5.24,5.65,13.22,9.70,14.72
2.93,14.80,18.21,10.02,15.53,18.82,22.17,9.33,21.02,18.89,6.92,16.54,9.05,20.98,5.69,6.37,13.87,10.62,15.29
10.27,7.49,8.06,3.58,4.34,10.69,11.64,17.70,20.50,17.35,15.39,7.76,12.98,17.95,13.45,12.16,17.15,1.50,19.14
10.52,12.03,16.39,17.09,20.52,14.28,19.45,6.50,8.81,30.24,6.97,14.00,21.32,31.82,7.21,6.45,1.14,15.50,2.99
5.71,14.39,16.81,6.31,11.84,18.38,20.67,13.91,23.56,14.36,11.39,15.68,5.33,16.29,9.79,9.78,17.27,7.91,18.94
10.36,4.13,5.61,6.54,6.98,7.55,9.52,16.53,17.35,20.68,14.48,4.65,15.57,21.31,12.64,11.07,14.76,3.95,16.75
3.13,13.14,16.12,7.16,12.70,17.19,20.06,11.40,21.23,16.94,8.86,14.68,7.74,18.83,7.22,7.21,14.74,7.95,16.38
13.67,12.44,16.50,19.33,22.09,13.74,19.02,9.70,5.42,32.99,10.40,14.18,24.41,34.42,10.61,9.70,2.52,17.44,2.92
9.92,16.95,18.52,6.91,11.42,20.73,22.11,18.06,27.38,10.16,15.56,17.86,2.57,12.16,14.00,13.97,21.39,9.34,23.10
3.11,15.00,18.40,10.17,15.69,19.01,22.36,9.34,21.15,18.90,6.95,16.73,9.02,21.01,5.77,6.50,13.97,10.80,15.37
12.85,12.16,16.32,18.68,21.59,13.71,18.98,8.93,6.23,32.25,9.56,13.97,23.60,33.71,9.76,8.86,1.74,16.84,2.62
15.25,7.61,5.04,8.57,4.77,8.76,7.33,21.87,21.21,20.32,19.78,6.41,17.88,20.26,17.91,16.39,19.81,6.83,21.77
16.30,6.45,2.61,10.84,7.63,6.38,4.52,22.04,19.43,23.17,20.18,4.68,20.26,23.12,18.40,16.75,19.06,8.71,20.95
4.56,16.04,19.19,10.00,15.59,20.09,23.14,10.96,22.84,17.42,8.63,17.67,7.42,19.62,7.51,8.21,15.71,11.04,17.11
8.40,16.17,18.07,6.68,11.70,20.05,21.78,16.50,26.10,11.71,14.00,17.23,3.00,13.72,12.45,12.48,19.95,8.89,21.63
12.82,10.94,15.02,18.03,20.65,12.33,17.61,9.84,5.71,31.83,10.17,12.70,23.46,33.19,10.10,8.99,2.85,16.07,4.03
4.04,11.61,15.81,12.08,16.66,15.21,19.57,5.28,14.91,24.07,3.09,13.65,14.81,25.84,1.40,0.37,7.71,11.26,9.24
15.00,7.44,5.01,8.36,4.69,8.70,7.44,21.62,21.07,20.24,19.54,6.30,17.68,20.20,17.66,16.14,19.60,6.59,21.57
15.41,7.36,4.61,8.93,5.25,8.35,6.86,21.89,20.91,20.80,19.84,6.08,18.27,20.73,17.97,16.43,19.68,7.11,21.63
18.93,6.95,5.06,16.45,14.56,2.96,3.97,22.10,14.60,29.93,20.92,5.45,25.62,30.08,19.54,17.77,17.03,13.93,18.57
12.71,17.38,18.08,6.83,9.64,20.82,21.32,21.13,29.06,7.75,18.59,17.89,5.41,9.22,16.89,16.59,23.73,9.41,25.55
15.46,4.21,0.22,11.60,9.61,3.63,4.09,20.30,16.66,24.91,18.64,2.17,20.92,25.10,16.98,15.26,16.70,9.15,18.54
14.59,13.03,17.00,20.20,22.85,14.11,19.38,10.41,4.72,33.90,11.23,14.71,25.34,35.31,11.50,10.62,3.31,18.27,3.23
9.78,2.51,5.91,8.27,9.41,6.52,9.81,14.87,14.96,22.63,13.03,4.04,16.68,23.42,11.30,9.62,12.48,5.75,14.45
9.68,16.59,18.15,6.55,11.11,20.37,21.75,17.88,27.06,10.37,15.37,17.50,2.91,12.32,13.78,13.72,21.12,8.97,22.84
4.24,15.08,18.06,8.61,14.20,19.12,21.99,11.61,22.65,16.59,9.17,16.62,6.82,18.69,7.81,8.22,15.80,9.72,17.31
7.73,16.44,18.61,7.48,12.71,20.39,22.39,15.57,25.78,12.62,13.11,17.63,3.12,14.75,11.65,11.82,19.37,9.50,20.99
14.81,9.26,7.38,7.05,2.38,11.00,9.74,22.09,22.94,17.91,19.85,8.43,16.03,17.82,17.92,16.55,20.81,5.96,22.80
15.05,15.67,19.81,21.75,24.95,17.10,22.38,9.10,7.13,34.91,10.58,17.47,25.83,36.51,11.37,10.95,3.61,20.06,1.78
5.73,16.21,18.98,8.87,14.40,20.25,22.89,12.91,24.13,15.39,10.52,17.67,5.45,17.58,9.24,9.70,17.28,10.32,18.78
9.62,14.82,16.08,4.46,8.85,18.48,19.61,18.10,26.01,10.85,15.55,15.57,5.16,12.38,13.81,13.45,20.57,6.99,22.38
8.25,5.56,7.80,5.16,7.40,9.38,11.72,14.95,17.66,19.53,12.76,6.60,13.66,20.42,10.86,9.41,14.07,2.73,16.06
1.48,13.22,16.64,8.94,14.35,17.23,20.60,9.25,19.87,19.02,6.72,14.95,9.53,20.96,5.14,5.41,12.99,9.28,14.54
10.91,11.39,15.71,17.04,20.24,13.48,18.68,7.44,8.01,30.42,7.78,13.33,21.68,31.94,7.85,6.92,1.24,15.32,3.22
11.25,17.31,18.51,6.91,10.76,20.96,21.96,19.51,28.31,8.82,17.00,18.05,3.49,10.68,15.38,15.24,22.57,9.47,24.33
6.57,15.36,17.69,6.88,12.29,19.34,21.51,14.57,24.56,13.62,12.08,16.61,4.34,15.65,10.56,10.66,18.19,8.67,19.83
6.88,10.89,12.73,2.22,7.78,14.71,16.50,15.28,21.92,14.89,12.76,11.87,8.33,16.20,10.87,10.13,16.80,3.62,18.69
15.46,12.71,16.48,20.53,22.86,13.39,18.63,11.78,3.34,34.45,12.47,14.25,26.12,35.77,12.60,11.59,4.61,18.48,4.67
5.17,7.93,12.14,10.17,13.94,11.60,15.89,8.56,13.61,23.57,6.70,9.97,15.28,25.02,5.07,3.32,7.98,8.71,9.91
10.08,15.76,17.03,5.40,9.64,19.42,20.54,18.48,26.81,10.15,15.94,16.52,4.34,11.82,14.25,13.99,21.22,7.94,23.01
14.77,7.45,5.18,8.07,4.46,8.83,7.70,21.46,21.10,19.99,19.35,6.38,17.40,19.98,17.47,15.97,19.52,6.32,21.49
15.96,4.53,0.56,12.16,10.07,3.38,3.60,20.66,16.58,25.43,19.04,2.45,21.48,25.58,17.40,15.67,16.89,9.72,18.70
9.12,4.77,6.83,5.79,7.27,8.50,10.76,15.52,17.36,20.12,13.40,5.68,14.54,20.90,11.53,10.02,14.20,3.24,16.20
12.17,19.61,21.04,9.41,13.42,23.36,24.56,19.97,29.96,8.36,17.54,20.48,1.80,10.70,16.11,16.26,23.77,11.91,25.43
10.84,16.85,18.08,6.47,10.46,20.51,21.56,19.15,27.84,9.25,16.62,17.61,3.64,11.06,14.99,14.82,22.13,9.02,23.89
10.22,2.10,6.49,10.23,11.49,5.79,10.07,14.04,12.84,24.61,12.48,4.18,18.22,25.47,10.94,9.18,10.79,7.77,12.73
12.93,19.71,20.90,9.32,12.90,23.37,24.32,20.90,30.47,7.32,18.44,20.46,2.95,9.59,16.95,17.01,24.47,11.88,26.16
10.85,5.86,6.33,5.31,5.17,8.92,10.00,17.68,19.18,19.09,15.50,5.99,14.65,19.62,13.60,12.15,16.41,2.90,18.40
11.52,15.43,16.14,4.88,7.96,18.86,19.44,20.02,27.27,9.56,17.47,15.93,6.26,10.78,15.69,15.24,22.18,7.45,24.04
3.84,13.11,15.90,6.49,12.06,17.14,19.82,12.19,21.71,16.21,9.65,14.56,7.20,18.06,7.98,7.89,15.36,7.48,17.04
6.32,7.05,9.74,4.76,8.48,11.04,13.69,13.48,17.93,18.90,11.18,8.38,12.18,20.04,9.24,7.95,13.47,3.13,15.43
12.81,17.96,18.76,7.41,10.39,21.45,22.04,21.16,29.46,7.40,18.63,18.53,4.84,9.07,16.97,16.75,23.98,10.00,25.77
4.88,16.47,19.65,10.46,16.05,20.51,23.60,10.91,23.06,17.60,8.63,18.11,7.55,19.84,7.61,8.40,15.85,11.52,17.21
9.17,13.91,15.19,3.56,8.19,17.56,18.74,17.69,25.20,11.62,15.13,14.66,5.95,13.04,13.34,12.89,19.89,6.08,21.73
14.44,17.74,17.90,7.42,8.86,20.92,20.88,22.92,30.02,7.06,20.38,18.00,7.51,7.94,18.61,18.18,25.10,9.86,26.97
11.13,1.52,4.61,9.04,9.39,5.30,8.48,16.01,14.93,23.28,14.25,2.71,17.76,23.94,12.57,10.86,13.17,6.46,15.11
11.44,8.32,12.47,15.68,18.05,10.01,15.25,10.41,7.17,29.71,10.08,10.12,21.75,30.96,9.50,8.05,4.60,13.61,6.31
7.00,5.90,10.20,10.15,13.13,9.49,13.88,10.31,12.70,24.12,8.67,7.96,16.45,25.37,7.13,5.36,8.31,8.24,10.31
5.21,14.25,16.79,6.55,12.12,18.25,20.67,13.38,23.17,14.88,10.86,15.59,5.73,16.82,9.27,9.29,16.80,8.00,18.46
14.29,7.92,6.08,7.20,3.48,9.64,8.71,21.26,21.60,18.99,19.08,7.06,16.46,19.01,17.18,15.73,19.67,5.64,21.65
8.09,3.96,8.01,8.77,11.02,7.90,11.81,12.63,13.87,23.08,10.84,5.91,16.23,24.11,9.16,7.44,10.49,6.53,12.48
16.00,12.31,15.90,20.61,22.66,12.67,17.86,12.77,2.46,34.66,13.33,13.73,26.55,35.90,13.34,12.22,5.59,18.47,5.79
3.01,9.33,13.24,9.05,13.49,13.22,17.12,8.45,15.71,21.80,6.17,11.26,13.20,23.38,4.25,2.93,9.57,8.10,11.38
12.91,12.78,16.97,19.04,22.07,14.40,19.67,8.51,6.60,32.48,9.32,14.62,23.70,33.98,9.65,8.88,1.40,17.26,1.92
6.40,13.94,16.11,5.25,10.72,17.88,19.91,14.78,23.76,13.68,12.24,15.11,5.33,15.49,10.56,10.38,17.75,7.05,19.48
12.73,8.72,7.94,4.94,2.08,11.20,10.95,20.22,22.23,16.93,17.92,8.38,14.11,17.15,15.97,14.68,19.43,3.85,21.42
7.54,4.47,8.30,8.06,10.56,8.48,12.17,12.57,14.57,22.34,10.66,6.32,15.46,23.40,8.92,7.25,10.89,5.88,12.88
2.17,13.65,16.96,8.75,14.24,17.68,20.91,9.84,20.58,18.38,7.33,15.34,8.82,20.36,5.82,6.13,13.71,9.30,15.25
14.32,5.42,3.10,8.93,6.43,6.64,6.28,20.33,18.97,21.79,18.38,4.17,18.35,21.93,16.57,14.96,17.82,6.71,19.75
9.72,2.86,5.90,7.80,8.91,6.80,9.84,15.08,15.47,22.14,13.19,4.20,16.31,22.92,11.43,9.77,12.89,5.26,14.87
3.41,15.14,18.92,11.98,17.35,19.04,22.85,6.95,19.63,21.34,4.65,17.03,11.42,23.44,3.85,5.07,12.12,12.20,13.36
3.50,15.48,19.11,11.51,16.98,19.44,23.05,8.02,20.59,20.32,5.75,17.31,10.37,22.47,4.87,5.95,13.15,11.95,14.43
9.13,14.80,16.23,4.61,9.27,18.52,19.81,17.58,25.76,11.19,15.04,15.63,4.85,12.81,13.31,13.00,20.19,7.07,21.98
4.19,14.78,17.71,8.20,13.79,18.83,21.64,11.80,22.57,16.39,9.33,16.30,6.72,18.45,7.91,8.23,15.81,9.33,17.36
14.38,6.17,3.92,8.47,5.61,7.51,6.84,20.69,19.78,21.03,18.67,5.03,17.88,21.13,16.82,15.26,18.42,6.40,20.38
15.44,5.16,1.50,10.64,8.11,5.27,4.57,20.90,18.17,23.54,19.09,3.38,20.05,23.64,17.35,15.67,17.77,8.34,19.66
9.30,3.41,6.31,7.29,8.65,7.34,10.26,14.91,15.82,21.65,12.96,4.70,15.77,22.46,11.16,9.54,12.99,4.77,14.98
12.38,15.24,15.61,4.88,7.01,18.51,18.76,20.90,27.49,9.56,18.35,15.58,7.49,10.47,16.52,15.96,22.71,7.33,24.60
8.76,10.04,14.45,14.82,18.21,12.68,17.71,6.90,9.79,28.15,6.50,12.08,19.48,29.67,6.10,4.89,3.32,13.19,5.28
10.63,17.46,18.90,7.27,11.52,21.20,22.44,18.76,28.05,9.45,16.27,18.32,2.52,11.46,14.71,14.68,22.10,9.75,23.81
12.26,3.23,3.53,8.36,7.58,5.80,7.45,17.87,16.92,22.18,15.98,2.88,17.56,22.62,14.21,12.56,15.33,5.83,17.28
13.25,17.61,18.17,7.08,9.54,20.99,21.35,21.68,29.45,7.36,19.14,18.06,5.92,8.73,17.43,17.11,24.21,9.64,26.03
6.91,18.82,22.15,13.05,18.63,22.84,26.11,10.91,24.32,18.85,9.02,20.54,8.76,21.25,8.53,9.73,16.76,14.14,17.90
13.85,11.85,15.83,19.14,21.70,12.99,18.27,10.36,4.86,32.94,10.92,13.53,24.53,34.31,10.99,9.96,3.19,17.16,3.79
14.00,10.97,14.85,18.75,21.05,11.90,17.18,11.20,4.42,32.73,11.54,12.58,24.55,34.01,11.43,10.26,4.13,16.68,4.95
10.47,10.89,15.22,16.48,19.67,13.06,18.24,7.47,8.26,29.91,7.61,12.84,21.22,31.40,7.55,6.53,1.79,14.76,3.78
7.55,15.47,17.52,6.31,11.54,19.39,21.27,15.70,25.24,12.53,13.19,16.60,3.77,14.50,11.62,11.61,19.08,8.37,20.76
7.61,4.62,8.01,7.09,9.54,8.66,11.95,13.28,15.56,21.42,11.27,6.24,14.82,22.43,9.45,7.85,11.90,4.86,13.89
12.96,3.88,3.12,8.53,7.18,5.91,6.93,18.70,17.54,22.08,16.79,3.09,17.85,22.43,15.00,13.37,16.14,6.08,18.08
10.18,3.13,5.46,7.42,8.13,6.83,9.42,15.84,16.19,21.68,13.89,4.05,16.20,22.38,12.10,10.47,13.73,4.84,15.71
16.32,13.92,12.41,7.37,3.18,16.01,14.54,24.46,27.48,13.44,22.01,13.36,13.99,13.01,20.07,19.01,24.44,8.07,26.43
13.84,13.64,17.77,20.04,23.05,15.09,20.37,9.00,6.23,33.46,10.02,15.43,24.64,34.98,10.48,9.78,2.20,18.26,1.67
9.61,4.48,6.34,6.07,7.14,8.11,10.27,15.91,17.34,20.34,13.82,5.26,14.95,21.06,11.96,10.43,14.41,3.49,16.40
4.87,14.46,17.13,7.12,12.69,18.48,21.03,12.88,23.01,15.33,10.38,15.86,5.95,17.32,8.84,8.96,16.51,8.46,18.13
9.96,2.68,5.67,7.93,8.89,6.59,9.60,15.28,15.45,22.26,13.40,3.96,16.50,23.01,11.65,9.98,13.00,5.38,14.98
7.27,11.97,13.70,2.57,8.10,15.76,17.42,15.77,22.93,13.90,13.23,12.91,7.30,15.29,11.38,10.78,17.65,4.52,19.51
2.62,10.36,13.56,6.42,11.52,14.40,17.51,10.84,18.78,18.56,8.33,11.97,10.13,20.18,6.42,5.73,12.81,6.27,14.60
15.99,20.09,20.29,9.68,11.16,23.31,23.23,24.36,32.19,4.71,21.83,20.39,7.48,5.94,20.16,19.88,27.00,12.17,28.83
10.79,1.27,5.21,9.47,10.17,5.32,8.98,15.30,14.13,23.79,13.62,3.08,17.94,24.52,11.98,10.25,12.31,6.91,14.24
12.68,9.78,13.80,17.30,19.68,11.08,16.36,10.57,5.74,31.28,10.63,11.49,23.16,32.56,10.33,9.05,3.91,15.24,5.27
4.69,15.52,18.46,8.84,14.42,19.57,22.39,11.90,23.10,16.34,9.49,17.05,6.48,18.48,8.17,8.63,16.21,10.04,17.71
8.48,15.97,17.81,6.37,11.35,19.83,21.50,16.65,26.05,11.59,14.14,17.00,3.20,13.55,12.56,12.54,19.98,8.61,21.68
5.48,6.80,10.14,6.35,10.07,10.85,14.09,11.98,16.53,20.28,9.76,8.44,12.98,21.52,7.85,6.44,11.82,4.78,13.77
12.73,4.46,3.75,7.88,6.45,6.66,7.45,18.77,18.15,21.34,16.79,3.83,17.23,21.68,14.97,13.37,16.49,5.48,18.44
15.35,13.43,17.31,20.85,23.39,14.30,19.56,11.11,4.08,34.61,11.99,15.04,26.09,36.00,12.27,11.39,4.06,18.88,3.77
3.74,15.74,19.29,11.38,16.89,19.72,23.25,8.54,21.09,19.87,6.28,17.54,9.88,22.04,5.40,6.44,13.68,11.93,14.96
3.64,10.18,13.10,5.35,10.51,14.22,17.05,11.91,19.39,17.72,9.40,11.67,9.66,19.26,7.49,6.75,13.68,5.34,15.50
14.07,18.05,18.41,7.59,9.55,21.33,21.49,22.52,30.08,6.79,19.97,18.41,6.63,7.99,18.25,17.90,24.95,10.10,26.79
13.79,14.10,18.27,20.22,23.36,15.64,20.92,8.58,6.77,33.52,9.73,15.92,24.59,35.08,10.30,9.70,2.15,18.50,1.08
6.59,6.46,9.27,5.25,8.62,10.46,13.22,13.44,17.40,19.46,11.19,7.83,12.80,20.56,9.27,7.89,13.11,3.38,15.08
12.72,14.40,18.70,19.67,23.14,16.32,21.57,6.99,8.38,32.64,8.28,16.32,23.50,34.29,9.02,8.63,1.79,18.11,0.62
15.41,15.21,19.26,21.76,24.75,16.42,21.70,9.92,6.07,35.13,11.24,16.94,26.22,36.67,11.89,11.33,3.78,19.98,2.35
14.20,18.77,19.26,8.25,10.48,22.12,22.38,22.58,30.59,6.22,20.04,19.19,6.03,7.70,18.37,18.11,25.27,10.80,27.09
10.41,1.66,5.52,9.18,10.07,5.70,9.32,15.02,14.23,23.52,13.31,3.44,17.59,24.29,11.65,9.92,12.18,6.64,14.14
3.25,15.16,18.58,10.34,15.87,19.17,22.54,9.30,21.23,18.97,6.93,16.90,9.06,21.09,5.79,6.56,14.01,10.98,15.40
15.77,8.43,5.75,8.72,4.43,9.50,7.74,22.55,22.03,19.94,20.43,7.22,17.91,19.78,18.54,17.05,20.61,7.18,22.57
4.23,12.38,15.03,5.52,11.08,16.39,18.93,12.72,21.52,15.96,10.17,13.76,7.41,17.70,8.41,8.11,15.44,6.49,17.18
3.30,15.03,18.35,9.82,15.37,19.06,22.30,9.86,21.52,18.37,7.46,16.73,8.51,20.48,6.23,6.89,14.40,10.56,15.83
6.55,6.05,9.13,5.91,9.13,10.08,13.08,13.05,16.74,20.12,10.86,7.55,13.32,21.23,8.96,7.51,12.50,3.99,14.47
8.80,16.00,17.74,6.23,11.10,19.83,21.40,17.01,26.25,11.25,14.50,16.98,3.23,13.19,12.90,12.84,20.25,8.54,21.97
10.62,16.12,17.28,5.69,9.66,19.75,20.75,19.01,27.30,9.63,16.48,16.84,4.38,11.28,14.79,14.53,21.75,8.25,23.54
13.99,2.43,2.00,11.04,9.96,3.12,5.66,18.54,15.28,24.85,16.92,0.43,20.15,25.23,15.30,13.56,14.94,8.48,16.80
11.52,1.12,4.31,9.48,9.67,4.84,8.13,16.23,14.69,23.70,14.52,2.29,18.22,24.33,12.86,11.14,13.18,6.89,15.11
11.51,15.27,15.96,4.74,7.78,18.69,19.25,20.02,27.17,9.68,17.47,15.76,6.43,10.87,15.68,15.20,22.11,7.30,23.98
2.09,13.72,17.50,10.94,16.20,17.63,21.42,7.06,18.69,21.15,4.56,15.61,11.46,23.14,3.20,4.02,11.41,10.96,12.80
14.97,3.79,0.66,11.20,9.40,3.67,4.59,19.84,16.49,24.62,18.17,1.80,20.49,24.85,16.50,14.78,16.34,8.73,18.19
12.14,5.49,5.09,6.57,5.26,8.02,8.65,18.68,19.11,19.96,16.58,5.15,15.97,20.33,14.71,13.19,16.93,4.28,18.91
5.72,6.56,9.89,6.38,9.97,10.61,13.84,12.13,16.43,20.38,9.93,8.20,13.17,21.59,8.03,6.59,11.83,4.72,13.79
8.87,15.70,17.37,5.82,10.64,19.51,21.01,17.16,26.14,11.18,14.64,16.65,3.61,13.04,13.01,12.88,20.25,8.17,21.98
11.76,8.47,12.58,15.98,18.29,10.03,15.29,10.60,6.84,30.02,10.33,10.23,22.07,31.26,9.79,8.36,4.61,13.89,6.26
4.59,16.37,19.66,10.79,16.37,20.40,23.61,10.28,22.60,18.25,8.02,18.06,8.20,20.47,7.05,7.92,15.32,11.71,16.65
2.25,9.82,13.36,7.57,12.38,13.83,17.31,9.67,17.40,20.02,7.23,11.59,11.49,21.63,5.28,4.38,11.35,7.00,13.14
5.44,13.99,16.43,6.05,11.61,17.98,20.29,13.72,23.19,14.61,11.19,15.28,5.71,16.50,9.56,9.49,16.95,7.57,18.64
15.51,8.58,6.11,8.30,3.94,9.83,8.21,22.41,22.22,19.46,20.26,7.46,17.46,19.31,18.36,16.90,20.63,6.85,22.60
17.60,6.88,2.48,12.55,9.32,5.72,2.79,22.89,19.05,24.87,21.15,4.87,21.97,24.76,19.43,17.74,19.40,10.36,21.23
11.39,10.12,14.35,16.68,19.47,11.94,17.18,8.97,7.06,30.42,9.03,11.98,22.02,31.80,8.81,7.61,2.67,14.78,4.41
7.90,14.18,15.92,4.49,9.65,18.00,19.60,16.34,24.73,12.35,13.80,15.15,5.06,14.02,12.07,11.79,19.02,6.72,20.80
9.87,9.28,13.63,15.18,18.16,11.57,16.70,8.34,8.54,28.85,8.00,11.24,20.46,30.25,7.53,6.20,3.39,13.34,5.36
9.74,5.48,6.80,5.15,6.13,8.94,10.63,16.49,18.42,19.32,14.31,6.03,14.24,20.00,12.41,10.96,15.33,2.56,17.33
12.59,17.16,17.85,6.61,9.43,20.60,21.10,21.02,28.87,7.93,18.48,17.67,5.52,9.37,16.77,16.46,23.57,9.19,25.39
1.78,10.57,13.99,7.38,12.42,14.60,17.94,9.88,18.24,19.35,7.37,12.29,10.66,21.02,5.46,4.82,12.03,7.12,13.79
3.94,14.03,16.90,7.42,13.00,18.07,20.83,11.95,22.18,16.27,9.44,15.52,6.86,18.24,7.90,8.03,15.59,8.49,17.20
0.32,11.97,15.64,9.22,14.36,15.93,19.57,8.21,18.15,20.37,5.67,13.81,11.11,22.21,3.86,3.78,11.35,9.07,12.95
14.80,6.88,4.45,8.49,5.16,8.12,7.05,21.26,20.48,20.67,19.21,5.71,17.86,20.69,17.35,15.81,19.11,6.57,21.06
17.51,9.91,6.67,10.16,5.24,10.45,7.76,24.31,23.34,20.35,22.20,8.48,19.13,19.95,20.31,18.82,22.25,8.83,24.20
7.15,4.92,8.93,8.56,11.30,8.85,12.76,11.82,14.08,22.75,9.95,6.86,15.58,23.88,8.24,6.54,10.14,6.51,12.13
10.86,7.91,12.14,15.06,17.49,9.83,15.03,10.21,7.79,29.08,9.73,9.77,21.13,30.33,9.07,7.57,4.81,13.00,6.61
12.84,16.00,16.35,5.61,7.64,19.26,19.47,21.35,28.20,8.81,18.80,16.33,7.22,9.76,17.00,16.49,23.33,8.07,25.21
11.41,19.09,20.65,9.03,13.28,22.88,24.22,19.20,29.27,9.11,16.77,20.01,1.16,11.42,15.34,15.51,23.03,11.48,24.67
2.67,13.67,17.58,11.63,16.79,17.50,21.48,6.11,17.94,22.11,3.59,15.61,12.43,24.09,2.28,3.33,10.54,11.48,11.88
1.06,12.99,16.65,9.85,15.11,16.95,20.59,7.95,18.78,20.35,5.41,14.82,10.84,22.28,3.81,4.18,11.75,9.89,13.25
11.83,16.78,17.66,6.24,9.53,20.30,21.00,20.24,28.29,8.55,17.70,17.37,4.96,10.09,16.00,15.72,22.88,8.83,24.69
13.29,5.18,3.84,7.92,5.94,7.07,7.29,19.48,18.85,21.06,17.48,4.34,17.33,21.31,15.64,14.06,17.26,5.65,19.22
3.36,15.35,18.85,10.84,16.35,19.35,22.81,8.82,21.04,19.49,6.49,17.13,9.55,21.63,5.46,6.36,13.72,11.41,15.06
16.03,9.34,6.77,8.53,3.74,10.52,8.63,23.06,22.98,19.13,20.88,8.20,17.53,18.89,18.97,17.53,21.37,7.27,23.34
12.81,4.02,3.36,8.28,6.96,6.16,7.15,18.65,17.70,21.83,16.71,3.32,17.60,22.18,14.92,13.29,16.19,5.84,18.14
10.37,14.53,15.50,4.00,7.85,18.07,18.92,18.88,26.17,10.64,16.33,15.14,6.14,11.94,14.54,14.06,21.01,6.59,22.86
13.03,10.95,15.00,18.16,20.73,12.26,17.54,10.07,5.47,32.00,10.41,12.68,23.66,33.35,10.34,9.22,3.06,16.18,4.16
9.75,9.89,14.26,15.44,18.58,12.24,17.37,7.72,8.74,28.97,7.50,11.87,20.42,30.42,7.16,5.94,2.87,13.69,4.86
5.20,17.20,20.70,12.32,17.89,21.19,24.65,9.25,22.40,19.70,7.21,18.98,9.59,21.98,6.61,7.80,14.87,13.10,16.05
9.84,14.91,16.11,4.49,8.77,18.54,19.61,18.32,26.17,10.68,15.77,15.63,5.23,12.18,14.02,13.66,20.76,7.05,22.58
10.86,3.67,4.99,7.13,7.22,6.95,8.92,16.82,17.08,21.20,14.83,4.04,16.19,21.78,13.01,11.41,14.79,4.55,16.76
15.59,4.47,0.14,11.54,9.40,3.92,3.99,20.53,16.98,24.75,18.85,2.46,20.88,24.90,17.18,15.46,17.00,9.11,18.84
13.73,1.93,2.57,11.20,10.39,2.88,6.06,18.06,14.68,25.14,16.49,0.19,20.21,25.58,14.90,13.15,14.36,8.62,16.20
9.98,8.53,9.18,2.49,4.21,11.81,12.71,17.74,21.32,16.28,15.36,8.88,11.91,16.94,13.41,12.23,17.63,1.20,19.62
10.71,17.44,18.85,7.22,11.42,21.17,22.38,18.86,28.08,9.36,16.36,18.29,2.64,11.36,14.79,14.75,22.16,9.72,23.88
9.47,3.74,8.16,10.99,12.88,6.99,11.62,12.45,11.69,25.31,11.04,5.81,18.32,26.33,9.62,7.84,9.08,8.69,11.03
10.86,18.72,20.37,8.77,13.20,22.54,23.98,18.64,28.76,9.65,16.21,19.68,0.86,11.94,14.78,14.96,22.49,11.18,24.13
3.10,10.19,13.27,5.93,11.04,14.23,17.22,11.32,18.98,18.23,8.81,11.75,9.98,19.80,6.90,6.17,13.15,5.80,14.96
13.94,5.81,3.90,8.20,5.65,7.37,7.04,20.23,19.46,20.98,18.21,4.79,17.61,21.13,16.36,14.80,18.00,6.05,19.95
14.36,12.36,16.30,19.71,22.26,13.39,18.67,10.62,4.51,33.51,11.28,14.02,25.06,34.88,11.43,10.45,3.44,17.74,3.73
12.99,10.40,14.42,17.84,20.28,11.65,16.94,10.44,5.43,31.76,10.65,12.10,23.54,33.07,10.47,9.27,3.57,15.81,4.76
2.67,12.21,15.25,6.77,12.23,16.26,19.20,11.16,20.42,17.42,8.61,13.77,8.49,19.22,6.85,6.64,14.08,7.30,15.77
9.14,6.67,11.06,12.99,15.60,9.34,14.31,10.00,9.84,27.00,9.01,8.68,19.16,28.25,7.98,6.31,6.06,10.97,8.03
13.61,2.26,2.20,10.60,9.61,3.53,5.99,18.30,15.43,24.44,16.65,0.65,19.71,24.84,15.00,13.27,14.86,8.04,16.74
2.72,14.40,17.72,9.38,14.90,18.43,21.68,9.75,21.03,18.44,7.29,16.10,8.70,20.49,5.94,6.45,14.01,10.02,15.48
13.22,17.64,18.22,7.11,9.61,21.03,21.41,21.65,29.46,7.35,19.11,18.10,5.83,8.75,17.40,17.09,24.19,9.68,26.02
3.22,15.09,18.48,10.18,15.71,19.10,22.44,9.43,21.27,18.81,7.05,16.82,8.93,20.93,5.88,6.61,14.09,10.84,15.48
3.59,9.42,12.52,5.74,10.62,13.47,16.47,11.50,18.49,18.55,9.04,10.98,10.56,20.04,7.10,6.19,12.90,5.30,14.75
7.57,19.53,23.17,14.98,20.55,23.46,27.12,9.21,23.49,21.42,7.76,21.37,11.33,23.83,7.83,9.35,15.68,15.75,16.58
12.64,11.15,15.27,18.03,20.74,12.63,17.90,9.49,5.96,31.77,9.86,12.93,23.32,33.16,9.84,8.78,2.48,16.11,3.69
9.63,14.53,15.75,4.12,8.49,18.17,19.26,18.13,25.83,11.00,15.58,15.26,5.53,12.46,13.81,13.41,20.47,6.67,22.30
10.49,14.17,15.03,3.62,7.30,17.65,18.42,19.01,25.98,10.86,16.46,14.73,6.69,12.05,14.65,14.11,20.96,6.20,22.83
4.10,14.14,16.98,7.41,13.00,18.18,20.90,12.09,22.33,16.13,9.58,15.62,6.71,18.11,8.04,8.19,15.75,8.53,17.35
2.93,14.93,18.52,10.91,16.36,18.90,22.47,8.23,20.37,20.01,5.86,16.74,10.13,22.11,4.79,5.70,13.05,11.32,14.39
11.47,12.08,16.37,17.75,20.97,14.06,19.28,7.44,7.78,31.08,8.01,13.99,22.26,32.61,8.24,7.43,0.55,16.06,2.48
5.26,17.23,20.86,12.97,18.50,21.17,24.81,8.31,21.79,20.72,6.37,19.07,10.62,22.99,5.98,7.33,14.15,13.58,15.25
16.08,18.89,18.74,8.80,9.41,21.91,21.51,24.57,31.42,6.15,22.02,19.01,8.81,6.58,20.26,19.80,26.66,11.13,28.54
15.69,13.66,17.50,21.16,23.67,14.45,19.70,11.40,3.86,34.94,12.31,15.25,26.43,36.33,12.60,11.73,4.38,19.18,4.00
3.65,14.59,18.55,12.58,17.78,18.38,22.44,5.53,18.22,22.67,3.15,16.55,12.84,24.71,2.42,3.88,10.63,12.49,11.84
8.08,4.00,7.63,7.77,9.95,8.04,11.53,13.32,14.92,22.12,11.40,5.73,15.54,23.10,9.63,7.98,11.53,5.47,13.53
12.10,9.51,13.61,16.79,19.26,11.01,16.28,10.16,6.32,30.73,10.13,11.27,22.58,32.03,9.79,8.49,3.74,14.76,5.27
12.37,1.59,5.42,11.90,12.33,3.76,8.52,15.63,12.12,26.22,14.28,3.06,20.24,26.93,12.85,11.07,11.51,9.35,13.34
12.04,6.49,6.07,5.74,4.26,9.09,9.48,18.95,20.05,18.91,16.77,6.22,15.16,19.26,14.86,13.42,17.58,3.66,19.57
11.93,17.85,18.93,7.38,10.95,21.46,22.33,20.18,28.96,8.14,17.67,18.54,3.70,10.02,16.06,15.93,23.25,9.96,25.01
12.89,4.53,3.65,7.99,6.45,6.62,7.31,18.92,18.21,21.40,16.95,3.82,17.35,21.72,15.13,13.53,16.61,5.60,18.56
13.93,16.03,15.99,6.04,6.87,19.09,18.91,22.45,28.63,8.89,19.90,16.18,8.64,9.43,18.06,17.45,24.08,8.29,25.99
3.18,14.36,18.26,12.10,17.32,18.19,22.16,5.99,18.39,22.20,3.57,16.30,12.40,24.23,2.60,3.89,10.88,12.05,12.14
7.70,16.57,18.78,7.69,12.92,20.53,22.57,15.48,25.80,12.73,13.03,17.77,3.11,14.88,11.59,11.79,19.35,9.68,20.96
4.98,16.96,20.42,11.96,17.53,20.96,24.38,9.42,22.39,19.39,7.32,18.72,9.30,21.66,6.63,7.75,14.91,12.75,16.12
14.50,13.45,17.47,20.35,23.14,14.64,19.92,9.99,5.21,33.95,10.92,15.16,25.28,35.41,11.28,10.48,3.01,18.48,2.66
10.06,5.40,6.53,5.31,5.98,8.77,10.35,16.77,18.48,19.41,14.61,5.85,14.47,20.05,12.71,11.25,15.52,2.75,17.51
7.20,5.82,8.59,5.50,8.41,9.80,12.55,13.81,17.13,19.82,11.62,7.16,13.38,20.85,9.72,8.28,13.14,3.38,15.13
9.32,2.69,6.61,8.76,10.29,6.72,10.43,14.00,14.17,23.14,12.23,4.55,16.83,24.03,10.55,8.84,11.51,6.32,13.49
14.05,3.67,1.72,9.95,8.28,4.71,5.61,19.34,17.01,23.40,17.55,2.17,19.26,23.68,15.83,14.14,16.27,7.50,18.17
13.50,10.66,14.60,18.29,20.65,11.74,17.02,10.84,4.91,32.24,11.11,12.31,24.05,33.54,10.97,9.78,3.85,16.23,4.86
14.06,11.96,15.92,19.32,21.85,13.04,18.31,10.54,4.66,33.14,11.11,13.62,24.73,34.50,11.19,10.17,3.36,17.33,3.87
0.37,12.26,15.81,8.87,14.11,16.26,19.76,8.74,18.78,19.74,6.19,14.05,10.45,21.60,4.45,4.44,12.01,8.89,13.61
8.43,16.77,18.78,7.47,12.52,20.68,22.52,16.32,26.38,11.88,13.85,17.89,2.53,14.00,12.38,12.52,20.05,9.61,21.69
12.05,2.16,3.56,9.00,8.62,5.08,7.50,17.23,15.84,23.02,15.43,2.18,18.03,23.54,13.71,12.02,14.39,6.42,16.33
12.23,18.12,19.16,7.64,11.10,21.72,22.54,20.47,29.27,7.83,17.96,18.80,3.78,9.72,16.36,16.24,23.57,10.22,25.32
7.88,15.15,17.03,5.68,10.81,19.01,20.75,16.17,25.28,12.17,13.64,16.19,4.03,14.04,12.01,11.90,19.29,7.84,21.02
14.41,4.32,1.78,9.89,7.86,5.18,5.45,19.88,17.65,23.11,18.06,2.80,19.25,23.32,16.31,14.64,16.91,7.50,18.81
10.46,15.01,16.03,4.49,8.36,18.57,19.46,18.95,26.53,10.28,16.40,15.65,5.64,11.68,14.63,14.23,21.26,7.08,23.09
12.45,10.49,14.60,17.55,20.16,11.96,17.24,9.78,6.01,31.38,9.99,12.26,23.06,32.73,9.84,8.67,2.98,15.58,4.34
5.53,16.35,19.22,9.32,14.87,20.39,23.14,12.45,23.93,15.92,10.09,17.85,5.92,18.13,8.87,9.42,16.98,10.67,18.44
12.93,4.80,3.83,7.83,6.17,6.88,7.43,19.06,18.49,21.16,17.06,4.09,17.21,21.46,15.23,13.65,16.83,5.48,18.79
15.89,7.61,4.58,9.40,5.55,8.36,6.56,22.31,21.07,21.10,20.28,6.21,18.72,20.98,18.42,16.87,20.00,7.60,21.95
5.71,16.67,19.57,9.68,15.24,20.71,23.49,12.41,24.10,16.05,10.08,18.19,6.00,18.29,8.93,9.54,17.08,11.04,18.52
12.29,14.22,14.43,4.12,5.78,17.39,17.54,20.78,26.71,10.60,18.24,14.47,8.51,11.31,16.37,15.68,22.20,6.40,24.12
12.82,8.46,12.36,16.63,18.64,9.55,14.83,11.68,6.02,30.79,11.47,10.08,23.02,31.95,10.93,9.49,5.37,14.44,6.80
15.16,11.35,15.01,19.62,21.67,11.86,17.09,12.37,3.25,33.69,12.76,12.82,25.65,34.92,12.65,11.46,5.23,17.47,5.78
13.21,17.65,18.23,7.11,9.63,21.04,21.42,21.63,29.45,7.36,19.09,18.11,5.81,8.76,17.39,17.08,24.18,9.68,26.01
2.81,9.21,12.93,8.12,12.66,13.18,16.86,9.28,16.44,20.90,6.93,11.05,12.45,22.46,4.98,3.81,10.48,7.26,12.31
9.67,6.85,11.21,13.53,16.05,9.29,14.35,10.15,9.27,27.57,9.29,8.82,19.73,28.80,8.35,6.71,5.78,11.48,7.71
16.83,5.20,1.46,13.09,10.85,3.20,2.79,21.31,16.56,26.26,19.76,3.13,22.42,26.37,18.16,16.42,17.30,10.66,19.07
7.35,4.67,8.39,7.73,10.33,8.70,12.29,12.62,14.90,22.00,10.66,6.47,15.13,23.07,8.89,7.24,11.11,5.58,13.11
1.63,10.56,14.04,7.64,12.65,14.58,18.00,9.60,18.01,19.63,7.10,12.31,10.89,21.31,5.18,4.53,11.76,7.33,13.51
9.65,3.61,6.01,6.96,8.02,7.38,9.97,15.50,16.39,21.27,13.50,4.62,15.65,22.02,11.69,10.09,13.64,4.39,15.63
8.07,8.98,13.40,13.67,17.01,11.81,16.75,7.53,10.34,27.16,6.72,11.03,18.67,28.62,5.96,4.50,4.49,12.00,6.47
12.27,3.51,3.63,8.16,7.30,6.04,7.52,18.00,17.20,21.93,16.08,3.13,17.40,22.36,14.29,12.66,15.55,5.65,17.50
13.65,10.84,14.77,18.48,20.84,11.89,17.17,10.88,4.77,32.42,11.20,12.49,24.22,33.72,11.08,9.91,3.85,16.42,4.78
3.29,15.19,18.59,10.32,15.85,19.20,22.55,9.35,21.28,18.92,6.98,16.92,9.01,21.04,5.84,6.61,14.07,10.98,15.45
12.05,0.48,4.09,10.23,10.28,4.14,7.76,16.42,14.17,24.44,14.80,1.84,18.96,25.05,13.19,11.45,13.04,7.65,14.94
7.68,15.73,17.77,6.55,11.75,19.64,21.53,15.78,25.45,12.43,13.28,16.85,3.53,14.43,11.73,11.76,19.24,8.62,20.92
13.51,16.08,20.40,20.92,24.59,18.04,23.29,6.75,9.49,33.55,8.50,18.02,24.18,35.28,9.57,9.48,3.48,19.48,1.89
2.20,13.62,17.45,11.12,16.34,17.51,21.37,6.75,18.39,21.47,4.23,15.53,11.80,23.45,2.86,3.72,11.08,11.07,12.46
14.46,6.06,3.73,8.64,5.80,7.33,6.65,20.70,19.65,21.23,18.70,4.88,18.05,21.32,16.86,15.29,18.37,6.54,20.32
10.81,18.85,20.55,8.97,13.46,22.68,24.18,18.52,28.78,9.83,16.09,19.84,0.56,12.15,14.69,14.90,22.45,11.36,24.07
10.15,9.62,13.95,15.57,18.56,11.83,16.99,8.27,8.28,29.21,8.05,11.57,20.78,30.63,7.68,6.42,3.02,13.74,4.97
13.14,12.91,17.08,19.24,22.25,14.47,19.75,8.69,6.43,32.70,9.53,14.73,23.93,34.20,9.88,9.10,1.61,17.46,1.91
2.42,14.34,17.78,9.84,15.32,18.34,21.74,9.06,20.53,19.13,6.61,16.09,9.37,21.18,5.29,5.90,13.42,10.34,14.86
15.11,3.11,2.81,12.84,11.76,1.27,5.24,18.91,14.07,26.70,17.50,1.68,21.85,27.08,16.00,14.23,14.64,10.26,16.40
13.13,19.02,19.96,8.50,11.68,22.58,23.28,21.32,30.22,6.92,18.82,19.65,4.06,8.91,17.24,17.15,24.50,11.09,26.25
9.58,2.59,6.88,9.72,11.26,6.42,10.56,13.62,13.17,24.10,11.99,4.64,17.59,25.01,10.41,8.66,10.70,7.31,12.66
13.15,11.90,15.99,18.74,21.50,13.30,18.58,9.49,5.71,32.42,10.06,13.66,23.87,33.83,10.18,9.21,2.32,16.84,3.14
10.68,10.54,14.86,16.43,19.50,12.63,17.83,7.95,7.92,29.97,8.03,12.48,21.39,31.43,7.89,6.79,2.07,14.65,4.02
12.53,2.47,3.08,9.18,8.46,4.93,7.04,17.75,16.14,23.07,15.95,2.00,18.30,23.53,14.23,12.54,14.86,6.62,16.79
9.51,16.21,17.76,6.16,10.75,19.98,21.36,17.77,26.77,10.55,15.25,17.11,3.29,12.43,13.63,13.52,20.89,8.58,22.63
10.63,2.21,6.62,10.91,12.11,5.51,10.05,14.03,12.20,25.29,12.58,4.25,18.84,26.16,11.11,9.34,10.44,8.45,12.35
12.31,18.13,19.14,7.63,11.04,21.71,22.51,20.57,29.31,7.75,18.05,18.79,3.89,9.63,16.44,16.31,23.63,10.22,25.39
4.79,9.09,11.83,4.53,9.38,13.10,15.76,12.74,19.08,17.78,10.29,10.47,10.34,19.15,8.35,7.38,13.85,4.09,15.74
13.95,11.70,15.65,19.11,21.61,12.77,18.05,10.60,4.67,32.96,11.11,13.36,24.60,34.31,11.15,10.09,3.44,17.11,4.06
15.59,6.82,3.74,9.55,6.14,7.51,6.00,21.78,20.23,21.68,19.80,5.37,18.93,21.63,17.97,16.38,19.29,7.57,21.22
10.77,15.84,16.89,5.34,9.14,19.42,20.32,19.22,27.20,9.64,16.67,16.50,4.92,11.18,14.95,14.64,21.78,7.92,23.59
8.97,17.08,18.99,7.56,12.48,20.97,22.69,16.87,26.86,11.32,14.41,18.15,2.11,13.46,12.94,13.06,20.58,9.80,22.23
10.24,3.31,7.70,11.44,13.02,6.29,11.04,13.07,11.38,25.80,11.73,5.32,18.98,26.76,10.34,8.57,9.33,9.07,11.24
11.70,6.85,6.63,5.17,3.99,9.59,10.05,18.77,20.31,18.39,16.56,6.70,14.59,18.78,14.64,13.24,17.62,3.16,19.62
14.22,6.64,4.61,7.95,4.92,8.17,7.47,20.75,20.30,20.35,18.68,5.63,17.34,20.43,16.81,15.28,18.72,6.00,20.69
10.49,1.54,5.51,9.35,10.22,5.59,9.29,15.01,14.08,23.69,13.32,3.38,17.74,24.45,11.67,9.94,12.10,6.81,14.04
2.00,12.60,15.80,7.66,13.09,16.64,19.76,10.37,20.18,18.05,7.82,14.23,8.85,19.91,6.13,6.08,13.61,8.10,15.25
7.95,11.24,12.71,1.40,6.96,14.94,16.38,16.36,22.71,14.10,13.84,12.05,8.25,15.31,11.94,11.20,17.79,3.52,19.68
13.76,11.10,15.04,18.68,21.08,12.15,17.43,10.81,4.70,32.60,11.19,12.75,24.35,33.91,11.12,9.98,3.73,16.64,4.57
3.44,14.92,18.77,12.21,17.52,18.78,22.69,6.38,19.08,21.86,4.05,16.84,11.98,23.95,3.28,4.59,11.54,12.30,12.76
11.75,0.47,4.38,10.09,10.31,4.39,8.07,16.12,14.08,24.34,14.49,2.15,18.75,24.98,12.88,11.14,12.80,7.51,14.71
2.02,13.26,16.53,8.35,13.82,17.29,20.49,10.01,20.42,18.26,7.48,14.93,8.82,20.20,5.90,6.08,13.66,8.86,15.23
7.80,19.73,23.07,13.88,19.46,23.74,27.02,11.32,25.02,19.10,9.56,21.45,9.09,21.56,9.22,10.49,17.39,15.02,18.46
2.32,12.98,16.15,7.74,13.23,17.03,20.10,10.55,20.58,17.79,8.01,14.60,8.50,19.69,6.36,6.41,13.96,8.31,15.58
2.92,14.26,17.47,8.83,14.38,18.30,21.43,10.34,21.32,17.85,7.87,15.91,8.17,19.88,6.44,6.84,14.42,9.57,15.93
14.09,12.58,16.59,19.66,22.34,13.76,19.04,10.11,5.01,33.37,10.84,14.29,24.82,34.78,11.05,10.13,2.95,17.74,3.17
6.88,15.83,18.15,7.27,12.65,19.81,21.97,14.77,24.96,13.42,12.29,17.08,3.95,15.50,10.82,10.98,18.52,9.12,20.15
14.15,2.83,5.08,13.38,13.24,2.28,7.46,17.04,11.80,27.60,15.82,3.12,21.93,28.19,14.47,12.70,12.37,10.80,14.08
14.58,14.38,18.47,20.85,23.85,15.71,20.99,9.40,6.10,34.25,10.57,16.14,25.38,35.78,11.13,10.50,2.92,19.07,1.82
11.78,15.97,16.70,5.43,8.46,19.42,19.99,20.27,27.75,9.06,17.72,16.49,5.91,10.36,15.96,15.56,22.57,8.00,24.42
5.70,12.26,14.50,4.15,9.73,16.20,18.33,14.22,22.31,14.79,11.67,13.45,6.98,16.40,9.86,9.43,16.58,5.56,18.38
8.62,3.56,7.78,9.40,11.43,7.39,11.51,12.74,13.28,23.73,11.06,5.59,16.91,24.73,9.44,7.70,10.21,7.10,12.19
12.13,1.52,5.52,11.71,12.23,3.99,8.69,15.43,12.17,26.05,14.06,3.15,20.02,26.77,12.62,10.84,11.40,9.17,13.24
15.36,9.47,7.33,7.61,2.75,11.01,9.48,22.59,23.16,18.21,20.36,8.53,16.54,18.03,18.44,17.05,21.20,6.53,23.18
11.98,15.03,15.50,4.60,7.06,18.34,18.70,20.50,27.19,9.80,17.95,15.41,7.26,10.78,16.13,15.57,22.35,7.09,24.23
11.65,4.80,4.95,6.70,5.96,7.58,8.69,18.00,18.37,20.40,15.93,4.66,16.02,20.84,14.07,12.53,16.15,4.25,18.13
14.43,9.33,7.68,6.56,1.93,11.24,10.18,21.80,23.00,17.48,19.54,8.61,15.51,17.43,17.60,16.26,20.69,5.56,22.68
11.13,6.18,6.40,5.24,4.78,9.12,10.00,18.05,19.55,18.86,15.86,6.20,14.62,19.34,13.95,12.51,16.82,2.94,18.81
11.17,16.76,17.85,6.29,10.04,20.36,21.28,19.53,27.95,9.00,17.00,17.45,4.17,10.71,15.33,15.12,22.37,8.87,24.15
7.97,14.41,16.16,4.73,9.85,18.23,19.84,16.39,24.91,12.22,13.85,15.39,4.82,13.93,12.14,11.89,19.15,6.96,20.93
12.06,12.33,16.58,18.26,21.40,14.15,19.40,7.88,7.27,31.64,8.55,14.21,22.85,33.16,8.82,8.02,0.71,16.53,2.18
14.85,3.77,0.76,11.01,9.22,3.84,4.72,19.79,16.59,24.43,18.10,1.84,20.31,24.67,16.42,14.71,16.35,8.55,18.21
2.59,14.41,17.81,9.67,15.17,18.43,21.76,9.38,20.80,18.81,6.93,16.14,9.05,20.87,5.61,6.18,13.72,10.23,15.17
12.27,3.87,3.81,7.90,6.93,6.37,7.65,18.16,17.55,21.60,16.21,3.47,17.17,22.01,14.40,12.78,15.82,5.41,17.78
8.53,17.05,19.10,7.79,12.85,20.98,22.84,16.33,26.56,11.89,13.88,18.19,2.33,14.06,12.44,12.63,20.17,9.93,21.80
15.18,10.16,8.28,7.06,1.81,11.92,10.51,22.65,23.84,17.18,20.36,9.36,15.75,17.00,18.42,17.10,21.58,6.30,23.57
3.15,15.16,18.71,10.91,16.39,19.14,22.66,8.49,20.69,19.79,6.15,16.96,9.87,21.91,5.10,6.02,13.37,11.40,14.70
11.56,11.52,15.79,17.53,20.60,13.41,18.65,8.00,7.35,31.01,8.42,13.41,22.32,32.49,8.52,7.58,1.21,15.76,2.99
0.91,12.90,16.52,9.62,14.89,16.87,20.47,8.18,18.88,20.14,5.64,14.72,10.65,22.06,4.02,4.32,11.90,9.68,13.42
11.07,5.47,5.88,5.77,5.43,8.46,9.58,17.74,18.87,19.53,15.60,5.54,15.09,20.04,13.71,12.23,16.28,3.34,18.27
16.65,9.05,6.01,9.51,4.91,9.80,7.53,23.40,22.55,20.29,21.30,7.70,18.62,20.01,19.41,17.91,21.35,8.05,23.31
3.65,9.35,12.44,5.72,10.58,13.39,16.39,11.53,18.45,18.58,9.08,10.90,10.62,20.06,7.13,6.20,12.88,5.25,14.74
16.87,14.53,18.25,22.28,24.69,15.07,20.27,12.38,3.30,36.10,13.39,16.04,27.61,37.47,13.75,12.90,5.49,20.27,4.84
1.53,13.14,16.53,8.75,14.17,17.16,20.49,9.42,19.94,18.86,6.89,14.86,9.40,20.79,5.30,5.52,13.10,9.11,14.66
13.59,11.01,14.96,18.53,20.95,12.11,17.39,10.68,4.87,32.44,11.04,12.67,24.18,33.75,10.95,9.81,3.62,16.50,4.53
10.39,3.27,5.29,7.32,7.85,6.85,9.25,16.15,16.46,21.53,14.19,4.01,16.20,22.19,12.39,10.77,14.06,4.73,16.04
10.78,6.34,6.76,4.87,4.80,9.40,10.38,17.79,19.61,18.60,15.58,6.48,14.24,19.13,13.66,12.25,16.70,2.54,18.70
6.47,5.72,9.79,8.83,11.92,9.59,13.60,10.96,13.96,22.85,9.08,7.70,15.36,24.07,7.38,5.67,9.56,6.95,11.55
16.04,8.33,5.44,9.13,4.88,9.22,7.30,22.70,21.87,20.39,20.61,7.02,18.35,20.21,18.73,17.22,20.61,7.52,22.57
10.03,12.32,13.11,1.83,5.78,15.75,16.52,18.47,24.44,12.56,15.95,12.82,8.34,13.52,14.06,13.31,19.80,4.35,21.72
1.36,11.35,15.17,9.65,14.57,15.25,19.08,7.60,17.07,21.31,5.09,13.25,12.16,23.09,3.18,2.77,10.30,9.21,11.93
12.92,12.50,16.67,18.90,21.87,14.07,19.35,8.74,6.38,32.41,9.47,14.32,23.70,33.89,9.74,8.91,1.57,17.09,2.26
13.14,9.76,13.70,17.57,19.81,10.86,16.15,11.09,5.32,31.61,11.15,11.41,23.57,32.85,10.85,9.55,4.35,15.47,5.59
12.91,12.45,16.62,18.87,21.83,14.02,19.30,8.77,6.35,32.39,9.49,14.27,23.68,33.86,9.75,8.90,1.59,17.06,2.31
2.43,14.40,17.90,10.10,15.57,18.40,21.85,8.78,20.39,19.42,6.33,16.17,9.64,21.47,5.05,5.73,13.22,10.55,14.64
12.42,11.27,15.43,17.95,20.76,12.85,18.12,9.14,6.26,31.63,9.54,13.08,23.12,33.05,9.55,8.52,2.13,16.07,3.44
11.35,10.10,14.34,16.64,19.44,11.94,17.17,8.94,7.11,30.37,8.99,11.97,21.97,31.76,8.76,7.57,2.67,14.74,4.42
2.53,13.86,17.10,8.64,14.16,17.89,21.05,10.18,20.95,18.02,7.68,15.51,8.44,20.02,6.19,6.51,14.09,9.29,15.63
3.29,12.99,17.06,12.08,17.01,16.71,20.89,5.24,16.59,23.20,2.69,14.99,13.65,25.10,0.97,2.10,9.18,11.64,10.55
3.26,12.98,15.92,6.89,12.43,17.03,19.85,11.60,21.25,16.80,9.05,14.50,7.69,18.66,7.38,7.32,14.82,7.70,16.48
13.59,6.97,5.47,7.00,4.10,8.90,8.45,20.38,20.65,19.43,18.24,6.21,16.37,19.57,16.35,14.87,18.69,5.15,20.67
10.08,9.10,13.43,15.22,18.12,11.32,16.48,8.64,8.33,28.95,8.30,11.05,20.63,30.33,7.81,6.46,3.53,13.35,5.47
14.83,2.83,3.11,12.77,11.87,1.32,5.63,18.54,13.75,26.71,17.14,1.65,21.72,27.13,15.65,13.89,14.26,10.19,16.01
7.12,12.11,13.90,2.82,8.35,15.93,17.64,15.63,22.96,13.89,13.09,13.09,7.12,15.33,11.24,10.68,17.61,4.73,19.46
15.79,4.16,0.99,12.33,10.47,2.82,3.84,20.29,16.01,25.75,18.71,2.08,21.60,25.96,17.11,15.37,16.40,9.84,18.20
6.25,15.73,18.22,7.64,13.11,19.74,22.08,14.00,24.47,14.20,11.54,17.06,4.56,16.30,10.10,10.34,17.90,9.32,19.50
7.94,15.53,17.46,6.13,11.26,19.42,21.19,16.14,25.51,12.12,13.62,16.60,3.64,14.06,12.03,11.99,19.42,8.29,21.13
7.38,10.16,14.57,13.86,17.57,13.14,18.01,6.16,11.19,26.95,5.35,12.23,18.14,28.52,4.75,3.49,4.42,12.40,6.26
12.17,3.11,3.58,8.38,7.68,5.76,7.51,17.75,16.80,22.23,15.86,2.83,17.56,22.69,14.09,12.44,15.19,5.84,17.14
15.02,12.19,10.86,6.19,1.45,14.39,13.23,23.00,25.74,14.47,20.60,11.69,13.80,14.29,18.65,17.52,22.77,6.50,24.76
3.73,15.60,18.98,10.52,16.07,19.62,22.94,9.60,21.70,18.74,7.27,17.33,8.78,20.90,6.21,7.03,14.45,11.26,15.81
7.53,10.69,12.31,1.49,7.05,14.43,16.02,15.89,22.09,14.73,13.38,11.56,8.67,15.93,11.47,10.67,17.19,3.12,19.09
10.20,10.50,14.85,16.09,19.26,12.74,17.90,7.55,8.42,29.56,7.56,12.47,20.92,31.03,7.39,6.30,2.20,14.35,4.19
8.52,3.82,7.10,7.32,9.20,7.85,11.03,14.06,15.50,21.70,12.10,5.35,15.44,22.61,10.30,8.67,12.30,4.91,14.30
1.24,12.93,16.66,10.16,15.37,16.86,20.59,7.53,18.41,20.79,4.98,14.79,11.28,22.72,3.37,3.78,11.33,10.11,12.82
14.54,3.93,1.23,10.41,8.54,4.49,5.11,19.75,17.06,23.76,17.98,2.21,19.73,23.99,16.27,14.58,16.54,7.97,18.43
13.21,17.43,17.97,6.92,9.32,20.80,21.13,21.66,29.32,7.50,19.11,17.87,6.07,8.82,17.39,17.05,24.12,9.47,25.95
15.43,7.70,5.03,8.75,4.88,8.76,7.23,22.03,21.28,20.43,19.95,6.46,18.04,20.34,18.08,16.56,19.94,7.02,21.90
4.73,7.47,10.88,6.56,10.60,11.51,14.83,11.38,16.64,20.22,9.10,9.16,12.62,21.54,7.18,5.83,11.58,5.24,13.52
5.73,11.92,14.13,3.86,9.44,15.85,17.96,14.25,22.08,14.94,11.70,13.09,7.31,16.51,9.87,9.37,16.45,5.19,18.26
9.70,17.81,19.64,8.14,12.89,21.68,23.31,17.51,27.64,10.73,15.07,18.85,1.36,12.94,13.63,13.79,21.33,10.44,22.96
7.00,17.88,20.68,10.43,15.92,21.93,24.59,13.38,25.38,15.43,11.13,19.36,5.31,17.78,10.08,10.78,18.29,11.99,19.69
16.38,4.38,3.02,13.91,12.45,0.99,4.33,20.04,14.34,27.60,18.68,2.81,23.01,27.88,17.22,15.45,15.52,11.35,17.21
2.43,14.37,17.84,9.96,15.43,18.38,21.80,8.94,20.48,19.25,6.49,16.13,9.48,21.30,5.19,5.83,13.34,10.43,14.78
4.64,16.52,20.24,12.78,18.25,20.43,24.17,7.54,20.87,21.17,5.51,18.39,11.12,23.39,5.07,6.43,13.25,13.21,14.37
14.87,14.65,18.73,21.16,24.15,15.94,21.22,9.59,6.05,34.55,10.81,16.40,25.67,36.08,11.40,10.79,3.22,19.38,1.99
13.06,13.68,17.90,19.56,22.77,15.38,20.65,7.99,7.22,32.81,9.05,15.54,23.86,34.38,9.58,8.98,1.44,17.87,0.91
13.54,3.37,6.44,13.71,14.09,3.64,8.88,15.84,10.55,28.04,14.76,4.31,21.89,28.76,13.50,11.75,10.96,11.16,12.66
10.51,11.11,15.45,16.62,19.85,13.29,18.47,7.31,8.31,30.00,7.51,13.06,21.27,31.51,7.51,6.53,1.60,14.92,3.59
12.23,16.26,16.89,5.73,8.48,19.66,20.13,20.71,28.13,8.70,18.16,16.73,6.12,9.95,16.41,16.00,23.00,8.29,24.85
2.89,9.82,13.79,9.62,14.12,13.65,17.66,7.82,15.59,22.17,5.53,11.77,13.40,23.80,3.61,2.31,9.21,8.73,10.98
5.00,8.08,11.02,5.13,9.49,12.11,14.97,12.46,18.06,18.77,10.08,9.55,11.44,20.07,8.13,6.97,13.04,4.10,14.97
13.83,2.21,2.22,11.03,10.05,3.09,5.84,18.33,15.09,24.89,16.73,0.23,20.10,25.29,15.11,13.37,14.73,8.46,16.58
11.78,13.22,17.53,18.51,21.92,15.24,20.46,6.83,8.29,31.60,7.75,15.15,22.59,33.21,8.26,7.69,0.64,16.91,1.57
10.42,1.76,5.40,8.95,9.77,5.78,9.24,15.19,14.53,23.28,13.44,3.39,17.42,24.02,11.76,10.05,12.45,6.40,14.40
9.52,17.81,19.70,8.24,13.06,21.70,23.39,17.27,27.51,10.98,14.84,18.88,1.40,13.21,13.42,13.61,21.15,10.51,22.78
1.30,13.26,16.78,9.38,14.75,17.26,20.73,8.72,19.54,19.53,6.20,15.03,9.99,21.48,4.65,5.00,12.57,9.62,14.09
7.19,4.84,8.78,8.34,11.05,8.80,12.63,12.02,14.29,22.55,10.13,6.75,15.46,23.67,8.40,6.72,10.39,6.26,12.38
2.32,14.00,17.35,9.19,14.68,18.03,21.31,9.60,20.67,18.59,7.12,15.71,8.93,20.61,5.69,6.13,13.70,9.74,15.19
7.93,18.62,21.30,10.75,16.15,22.65,25.18,14.29,26.32,14.74,12.07,20.05,4.66,17.15,11.04,11.74,19.25,12.46,20.65
8.65,3.55,7.79,9.46,11.49,7.37,11.51,12.73,13.22,23.79,11.05,5.59,16.96,24.80,9.45,7.70,10.16,7.17,12.14
5.71,15.90,18.60,8.39,13.92,19.93,22.50,13.15,24.08,15.10,10.72,17.33,5.25,17.25,9.37,9.74,17.33,9.88,18.86
8.54,10.66,15.08,15.00,18.58,13.37,18.38,6.19,10.19,28.15,5.87,12.71,19.32,29.72,5.62,4.56,3.22,13.47,5.08
12.46,18.63,19.70,8.16,11.65,22.24,23.09,20.63,29.66,7.59,18.13,19.32,3.48,9.61,16.56,16.49,23.87,10.74,25.61
5.63,7.59,10.42,4.89,8.99,11.60,14.36,12.95,18.01,18.80,10.61,8.99,11.76,20.03,8.66,7.43,13.25,3.60,15.19
4.52,15.14,19.18,13.46,18.64,18.87,23.03,4.78,18.07,23.47,2.57,17.13,13.58,25.54,2.46,4.14,10.35,13.33,11.43
10.59,12.22,16.58,17.23,20.69,14.47,19.64,6.40,8.86,30.34,6.93,14.19,21.39,31.94,7.22,6.51,1.08,15.65,2.85
8.28,3.74,7.54,8.17,10.26,7.77,11.41,13.26,14.53,22.53,11.39,5.56,15.92,23.50,9.66,7.98,11.26,5.86,13.25
12.59,9.53,13.55,17.11,19.45,10.84,16.12,10.66,5.86,31.11,10.66,11.24,23.03,32.37,10.32,9.00,4.09,15.04,5.49
2.67,11.71,15.74,11.02,15.82,15.48,19.59,6.20,16.13,22.71,3.75,13.69,13.43,24.52,1.80,1.49,9.07,10.43,10.62
14.36,18.32,18.65,7.87,9.73,21.59,21.70,22.80,30.38,6.51,20.26,18.67,6.76,7.69,18.54,18.20,25.25,10.38,27.09
11.34,3.80,4.63,7.27,6.97,6.83,8.52,17.32,17.34,21.21,15.33,3.90,16.44,21.73,13.51,11.92,15.22,4.72,17.20
12.61,18.57,19.58,8.07,11.44,22.15,22.94,20.82,29.71,7.44,18.31,19.23,3.79,9.39,16.73,16.63,23.98,10.66,25.73
15.99,9.53,7.03,8.37,3.48,10.78,8.92,23.09,23.18,18.84,20.89,8.43,17.32,18.60,18.98,17.56,21.48,7.20,23.46
14.70,11.35,15.12,19.36,21.55,12.06,17.31,11.79,3.72,33.38,12.20,12.89,25.24,34.64,12.12,10.96,4.65,17.26,5.25
10.27,6.25,10.55,13.59,15.82,8.49,13.60,11.00,9.06,27.75,10.14,8.16,20.14,28.92,9.15,7.49,6.38,11.44,8.25
4.10,11.09,13.79,4.95,10.37,15.11,17.70,12.58,20.50,16.66,10.04,12.48,8.55,18.26,8.17,7.62,14.71,5.48,16.51
10.60,18.25,19.88,8.28,12.72,22.06,23.48,18.49,28.40,9.74,16.03,19.20,1.28,11.95,14.57,14.69,22.20,10.70,23.86
5.45,10.09,12.45,3.52,8.80,14.04,16.33,13.74,20.47,16.39,11.24,11.31,9.14,17.77,9.32,8.52,15.20,3.88,17.07
11.27,16.66,17.70,6.16,9.82,20.24,21.11,19.65,27.94,8.97,17.11,17.32,4.41,10.62,15.43,15.19,22.41,8.75,24.20
5.12,8.67,11.38,4.44,9.11,12.68,15.32,12.93,18.88,17.95,10.50,10.04,10.69,19.27,8.55,7.51,13.80,3.77,15.71
13.14,16.72,17.11,6.28,8.38,20.01,20.23,21.64,28.82,8.11,19.09,17.08,6.80,9.18,17.32,16.88,23.82,8.78,25.68
10.83,8.86,13.11,15.59,18.25,10.81,16.02,9.45,7.61,29.47,9.16,10.74,21.29,30.79,8.67,7.29,3.83,13.62,5.65
8.94,4.54,6.86,6.08,7.67,8.34,10.81,15.19,16.97,20.43,13.10,5.57,14.69,21.25,11.24,9.71,13.80,3.56,15.79
2.03,13.53,16.85,8.73,14.21,17.56,20.81,9.76,20.44,18.47,7.24,15.22,8.94,20.44,5.71,6.00,13.58,9.24,15.12
17.52,6.03,1.93,13.41,10.79,3.99,2.04,22.16,17.34,26.30,20.58,3.95,22.79,26.31,18.96,17.22,18.19,11.04,19.96
2.61,14.61,18.20,10.68,16.11,18.58,22.15,8.20,20.14,20.01,5.79,16.42,10.18,22.08,4.62,5.46,12.86,11.05,14.23
13.00,19.06,20.06,8.57,11.86,22.64,23.41,21.16,30.18,7.05,18.66,19.72,3.80,9.09,17.10,17.03,24.41,11.15,26.15
11.29,9.59,13.81,16.31,19.01,11.40,16.64,9.30,7.12,30.13,9.22,11.44,21.84,31.48,8.88,7.61,3.20,14.37,4.95
13.62,4.59,2.97,8.71,6.81,6.19,6.55,19.49,18.20,21.96,17.56,3.53,18.10,22.20,15.76,14.14,16.94,6.36,18.88
8.79,3.32,6.94,8.03,9.80,7.36,10.83,13.89,14.80,22.41,12.02,5.03,16.07,23.32,10.28,8.60,11.80,5.62,13.79
5.33,10.62,12.98,3.66,9.08,14.57,16.85,13.73,20.86,16.05,11.21,11.84,8.62,17.50,9.32,8.61,15.44,4.31,17.29
9.51,8.31,12.68,14.34,17.21,10.73,15.82,8.88,8.96,28.14,8.28,10.29,19.94,29.49,7.58,6.10,4.38,12.45,6.34
15.46,8.60,6.16,8.22,3.86,9.88,8.29,22.38,22.24,19.38,20.22,7.50,17.37,19.24,18.32,16.86,20.62,6.78,22.59
10.85,16.86,18.09,6.47,10.46,20.52,21.56,19.16,27.85,9.24,16.63,17.61,3.65,11.05,14.99,14.83,22.14,9.02,23.90
14.82,2.98,1.88,11.99,10.72,2.28,5.00,19.08,15.00,25.73,17.55,1.01,21.11,26.07,15.97,14.22,15.17,9.44,16.97
2.20,13.83,17.61,11.05,16.31,17.73,21.53,6.99,18.72,21.21,4.50,15.72,11.50,23.21,3.19,4.05,11.41,11.08,12.79
12.06,8.70,12.77,16.30,18.59,10.15,15.42,10.72,6.52,30.35,10.52,10.44,22.39,31.59,10.02,8.62,4.55,14.21,6.12
9.81,18.15,20.03,8.55,13.31,22.03,23.71,17.50,27.84,10.80,15.08,19.21,1.06,13.07,13.68,13.90,21.45,10.83,23.07
0.88,12.88,16.49,9.53,14.82,16.86,20.44,8.27,18.93,20.05,5.73,14.70,10.57,21.97,4.11,4.39,11.97,9.62,13.50
10.12,10.46,14.81,16.01,19.19,12.72,17.88,7.52,8.49,29.47,7.50,12.43,20.84,30.95,7.32,6.22,2.26,14.28,4.25
8.89,8.29,12.69,13.86,16.87,10.91,15.93,8.53,9.57,27.59,7.79,10.31,19.33,28.97,7.02,5.50,4.60,12.03,6.59
1.66,13.67,17.25,9.94,15.32,17.65,21.20,8.31,19.55,19.89,5.81,15.47,10.25,21.88,4.37,4.92,12.45,10.19,13.91
11.22,1.83,4.43,8.79,9.00,5.43,8.35,16.28,15.32,22.99,14.49,2.71,17.60,23.62,12.78,11.08,13.54,6.20,15.49
10.91,1.15,5.48,10.07,10.85,5.09,9.12,15.03,13.44,24.41,13.43,3.20,18.41,25.17,11.85,10.10,11.77,7.53,13.69
7.15,6.10,8.76,5.18,8.21,10.06,12.71,13.93,17.45,19.49,11.71,7.38,13.09,20.52,9.79,8.39,13.40,3.10,15.38
6.37,18.07,21.89,14.57,20.06,21.93,25.82,7.24,21.47,22.40,5.73,19.99,12.29,24.71,5.90,7.50,13.65,15.02,14.56
12.91,2.26,2.71,9.72,8.91,4.39,6.64,17.92,15.83,23.60,16.18,1.46,18.83,24.04,14.48,12.78,14.81,7.16,16.72
5.60,17.61,21.12,12.75,18.31,21.59,25.08,9.26,22.63,19.90,7.31,19.40,9.79,22.21,6.82,8.08,15.04,13.53,16.18
8.69,10.09,14.50,14.80,18.22,12.74,17.77,6.82,9.86,28.11,6.41,12.12,19.42,29.63,6.02,4.82,3.34,13.18,5.29
4.94,12.02,14.46,4.64,10.21,16.00,18.34,13.46,21.70,15.50,10.91,13.30,7.40,17.14,9.10,8.68,15.87,5.73,17.65
12.51,10.28,14.36,17.48,20.02,11.70,16.98,10.01,5.91,31.35,10.17,12.03,23.09,32.68,9.98,8.78,3.25,15.48,4.61
8.85,14.29,15.73,4.12,8.91,18.00,19.32,17.34,25.29,11.61,14.79,15.12,5.31,13.16,13.03,12.67,19.80,6.56,21.61
8.77,8.52,12.93,13.93,17.01,11.17,16.18,8.27,9.66,27.60,7.55,10.55,19.27,28.99,6.80,5.31,4.44,12.13,6.43
9.54,15.92,17.40,5.78,10.33,19.66,20.98,17.87,26.63,10.55,15.34,16.78,3.70,12.35,13.69,13.52,20.84,8.23,22.60
11.34,2.95,4.35,7.94,7.82,6.14,8.30,16.94,16.51,21.99,15.04,3.24,16.98,22.55,13.26,11.61,14.56,5.36,16.52
9.49,17.30,19.08,7.57,12.31,21.15,22.75,17.44,27.29,10.75,14.97,18.32,1.89,12.88,13.48,13.58,21.08,9.89,22.74
11.97,11.23,15.44,17.64,20.55,12.96,18.21,8.67,6.76,31.25,9.04,13.08,22.69,32.69,9.06,8.04,1.79,15.80,3.33
13.84,8.72,12.40,17.37,19.13,9.35,14.62,12.63,5.27,31.60,12.48,10.19,23.97,32.71,11.98,10.53,6.08,15.12,7.32
6.61,13.56,15.62,4.66,10.12,17.47,19.40,15.06,23.65,13.58,12.52,14.68,5.63,15.30,10.79,10.52,17.80,6.51,19.56
9.98,15.12,16.31,4.70,8.91,18.75,19.81,18.44,26.37,10.49,15.90,15.84,5.07,12.02,14.16,13.81,20.94,7.26,22.75
8.42,14.19,15.76,4.22,9.19,17.96,19.40,16.89,25.02,11.95,14.34,15.09,5.21,13.55,12.60,12.26,19.43,6.57,21.23
7.66,9.45,13.87,13.65,17.17,12.38,17.28,6.93,10.78,26.97,6.08,11.52,18.34,28.48,5.36,3.96,4.49,12.08,6.42
13.72,9.14,12.90,17.55,19.46,9.90,15.17,12.19,5.08,31.73,12.13,10.66,23.96,32.88,11.70,10.31,5.54,15.35,6.75
3.22,15.15,18.60,10.44,15.96,19.16,22.55,9.15,21.13,19.12,6.78,16.90,9.21,21.24,5.66,6.46,13.89,11.05,15.26
11.53,11.76,16.04,17.64,20.77,13.69,18.92,7.77,7.51,31.05,8.26,13.67,22.31,32.56,8.41,7.53,0.92,15.90,2.75
7.82,5.09,7.89,5.99,8.40,9.05,11.85,14.12,16.71,20.36,11.99,6.41,14.10,21.32,10.12,8.61,13.05,3.68,15.04
9.66,4.13,6.16,6.42,7.45,7.80,10.10,15.79,16.99,20.70,13.74,4.97,15.24,21.43,11.89,10.33,14.15,3.84,16.14
14.56,4.32,1.56,10.10,8.05,5.01,5.25,19.97,17.57,23.32,18.16,2.71,19.47,23.52,16.42,14.75,16.92,7.71,18.82
11.68,17.18,18.20,6.68,10.21,20.76,21.58,20.03,28.46,8.48,17.50,17.84,4.24,10.20,15.84,15.63,22.88,9.27,24.67
6.07,6.11,10.14,8.72,11.99,9.98,13.97,10.70,14.18,22.65,8.77,8.07,15.05,23.91,7.04,5.35,9.56,6.93,11.54
13.15,8.53,7.49,5.51,2.22,10.84,10.41,20.52,22.12,17.40,18.25,8.07,14.70,17.56,16.31,14.98,19.53,4.29,21.53
11.49,9.83,14.04,16.58,19.29,11.59,16.84,9.30,6.93,30.39,9.30,11.67,22.07,31.74,9.02,7.78,3.03,14.64,4.73
11.99,16.54,17.31,5.99,9.05,20.00,20.60,20.45,28.21,8.60,17.90,17.07,5.48,10.01,16.17,15.83,22.92,8.57,24.75
11.79,1.87,3.85,9.03,8.87,5.08,7.77,16.86,15.53,23.13,15.08,2.25,17.97,23.69,13.37,11.67,14.01,6.44,15.94
9.13,13.45,14.69,3.06,7.74,17.08,18.23,17.65,24.87,11.94,15.10,14.18,6.45,13.28,13.28,12.76,19.68,5.59,21.53
10.65,8.52,12.79,15.28,17.90,10.52,15.72,9.57,7.83,29.18,9.19,10.41,21.06,30.49,8.62,7.19,4.14,13.29,5.99
10.16,7.47,8.10,3.53,4.44,10.70,11.69,17.59,20.44,17.36,15.29,7.77,12.92,17.98,13.34,12.05,17.06,1.40,19.05
7.33,17.92,20.61,10.13,15.56,21.96,24.49,13.96,25.74,14.79,11.68,19.35,4.67,17.14,10.57,11.20,18.74,11.80,20.17
13.09,3.17,2.62,9.21,8.03,5.09,6.56,18.48,16.77,22.89,16.65,2.24,18.45,23.26,14.91,13.24,15.62,6.70,17.55
11.00,5.45,5.91,5.74,5.47,8.47,9.62,17.67,18.84,19.53,15.53,5.54,15.06,20.04,13.64,12.16,16.22,3.30,18.21
3.81,15.73,19.13,10.73,16.28,19.74,23.09,9.45,21.68,18.92,7.15,17.46,8.94,21.09,6.13,7.01,14.40,11.46,15.74
4.06,13.07,15.81,6.27,11.84,17.10,19.72,12.44,21.83,16.00,9.89,14.50,7.06,17.84,8.21,8.09,15.54,7.31,17.23
10.85,10.30,14.59,16.42,19.39,12.32,17.53,8.30,7.68,30.03,8.35,12.22,21.52,31.46,8.16,7.01,2.32,14.59,4.21
13.65,3.92,2.38,9.26,7.60,5.40,6.18,19.21,17.46,22.68,17.35,2.73,18.59,22.96,15.59,13.93,16.40,6.82,18.33
14.19,11.79,15.71,19.30,21.76,12.79,18.06,10.82,4.43,33.17,11.35,13.43,24.83,34.51,11.39,10.33,3.65,17.29,4.19
10.42,9.01,13.31,15.40,18.19,11.11,16.29,8.99,8.00,29.20,8.68,10.93,20.93,30.55,8.19,6.83,3.61,13.49,5.51
4.73,7.88,11.04,5.77,10.02,11.93,15.00,11.91,17.48,19.37,9.57,9.45,11.87,20.70,7.62,6.40,12.40,4.63,14.32
12.15,2.26,3.46,9.00,8.54,5.08,7.41,17.35,15.94,22.99,15.55,2.16,18.06,23.49,13.83,12.14,14.52,6.43,16.45
2.92,14.67,18.43,11.55,16.90,18.57,22.36,7.05,19.37,21.17,4.66,16.55,11.32,23.24,3.66,4.75,11.94,11.72,13.24
8.41,14.72,16.37,4.85,9.81,18.51,20.02,16.83,25.34,11.77,14.29,15.65,4.60,13.48,12.59,12.34,19.60,7.17,21.38
4.68,16.38,19.62,10.62,16.20,20.41,23.57,10.54,22.77,17.96,8.28,18.05,7.92,20.19,7.27,8.10,15.53,11.59,16.88
1.70,13.68,17.31,10.20,15.55,17.64,21.26,7.98,19.33,20.22,5.48,15.50,10.57,22.22,4.06,4.67,12.17,10.39,13.62
5.02,15.18,17.94,7.97,13.53,19.21,21.85,12.67,23.35,15.52,10.21,16.63,5.84,17.60,8.79,9.08,16.66,9.31,18.22
4.29,13.24,15.93,6.23,11.81,17.26,19.83,12.65,22.07,15.76,10.11,14.64,6.82,17.61,8.43,8.33,15.78,7.35,17.47
8.70,15.62,17.32,5.80,10.68,19.43,20.98,16.99,26.00,11.35,14.47,16.58,3.65,13.22,12.84,12.71,20.09,8.12,21.82
15.22,4.22,0.45,11.18,9.15,4.03,4.37,20.24,16.95,24.45,18.53,2.27,20.51,24.64,16.85,15.14,16.79,8.75,18.65
12.15,14.84,15.22,4.50,6.68,18.10,18.38,20.67,27.12,9.96,18.12,15.18,7.67,10.84,16.29,15.69,22.39,6.93,24.29
9.75,17.61,19.37,7.83,12.52,21.45,23.02,17.66,27.59,10.55,15.20,18.61,1.60,12.71,13.72,13.84,21.35,10.17,23.01
7.29,19.26,22.65,13.68,19.26,23.27,26.61,10.74,24.42,19.39,8.96,21.00,9.33,21.82,8.62,9.90,16.78,14.73,17.86
11.86,5.30,5.15,6.48,5.44,7.96,8.78,18.37,18.89,20.01,16.28,5.07,15.85,20.41,14.40,12.89,16.64,4.12,18.62
4.18,12.69,15.37,5.81,11.38,16.71,19.28,12.64,21.69,15.93,10.09,14.09,7.21,17.71,8.36,8.14,15.52,6.83,17.24
4.45,8.37,11.46,5.56,10.05,12.42,15.42,11.91,17.91,18.97,9.52,9.92,11.37,20.34,7.57,6.45,12.69,4.66,14.59
10.97,12.82,17.17,17.77,21.28,15.03,20.21,6.25,8.88,30.80,7.02,14.79,21.77,32.42,7.46,6.88,0.93,16.23,2.34
6.80,5.40,9.50,8.92,11.87,9.26,13.30,11.19,13.80,23.01,9.35,7.39,15.61,24.20,7.67,5.95,9.59,6.97,11.58
6.41,5.63,9.54,8.22,11.32,9.58,13.41,11.39,14.52,22.29,9.43,7.53,14.93,23.49,7.67,6.01,10.18,6.32,12.16
13.37,15.98,16.14,5.77,7.21,19.14,19.16,21.89,28.39,8.84,19.34,16.23,7.93,9.58,17.52,16.96,23.69,8.14,25.58
18.08,6.16,4.95,16.01,14.47,2.11,4.70,21.07,13.69,29.70,19.92,4.87,25.07,29.95,18.57,16.80,15.97,13.45,17.52
10.70,2.47,4.91,8.11,8.54,6.13,8.86,16.07,15.76,22.33,14.20,3.36,16.91,22.99,12.44,10.78,13.64,5.52,15.60
8.72,3.29,7.16,8.47,10.32,7.31,11.01,13.53,14.30,22.84,11.72,5.13,16.35,23.78,10.01,8.31,11.30,6.10,13.28
11.90,4.43,4.49,7.17,6.32,7.11,8.26,18.07,18.06,20.86,16.05,4.20,16.48,21.30,14.21,12.64,16.03,4.71,18.01
5.43,6.73,10.71,8.61,12.16,10.62,14.56,10.27,14.51,22.37,8.27,8.67,14.59,23.69,6.50,4.85,9.56,6.98,11.52
9.29,2.86,6.44,8.20,9.66,6.91,10.33,14.34,14.80,22.58,12.50,4.53,16.42,23.43,10.77,9.08,12.07,5.73,14.05
5.79,17.04,20.05,10.33,15.89,21.09,23.98,12.05,24.09,16.58,9.78,18.61,6.48,18.86,8.73,9.46,16.95,11.62,18.34
12.37,1.50,3.38,9.75,9.39,4.35,7.23,17.16,15.16,23.81,15.46,1.54,18.70,24.33,13.79,12.07,14.01,7.16,15.92
1.44,11.89,15.21,7.66,12.98,15.92,19.17,9.96,19.37,18.67,7.41,13.57,9.62,20.47,5.62,5.40,12.88,7.84,14.55
4.18,11.33,13.99,4.96,10.42,15.34,17.91,12.68,20.74,16.46,10.14,12.71,8.29,18.08,8.29,7.78,14.91,5.60,16.70
12.08,17.92,18.96,7.44,10.93,21.51,22.35,20.34,29.08,7.99,17.83,18.60,3.82,9.85,16.21,16.08,23.40,10.02,25.16
13.69,17.51,17.89,7.06,9.07,20.80,20.98,22.16,29.57,7.32,19.61,17.87,6.67,8.46,17.87,17.49,24.49,9.57,26.34
8.27,17.17,19.32,8.13,13.27,21.11,23.09,15.94,26.42,12.32,13.51,18.35,2.53,14.53,12.11,12.36,19.93,10.19,21.52
10.18,4.10,5.73,6.52,7.12,7.59,9.66,16.33,17.23,20.70,14.29,4.71,15.50,21.36,12.44,10.88,14.59,3.93,16.57
10.81,6.09,6.54,5.09,4.99,9.15,10.19,17.73,19.38,18.85,15.53,6.23,14.45,19.38,13.62,12.19,16.55,2.72,18.54
4.22,13.52,16.25,6.58,12.17,17.55,20.16,12.49,22.16,15.84,9.95,14.94,6.75,17.74,8.32,8.29,15.78,7.71,17.45
9.07,4.32,6.69,6.29,7.78,8.14,10.65,15.22,16.81,20.63,13.15,5.37,14.90,21.44,11.30,9.75,13.72,3.75,15.72
4.64,11.62,14.15,4.67,10.20,15.61,18.04,13.15,21.24,15.94,10.60,12.93,7.86,17.56,8.77,8.29,15.43,5.55,17.23
11.09,2.12,4.52,8.50,8.73,5.69,8.46,16.31,15.58,22.69,14.48,2.92,17.35,23.32,12.75,11.07,13.69,5.91,15.65
13.57,13.14,17.27,19.63,22.58,14.60,19.88,9.03,6.10,33.11,9.93,14.93,24.35,34.60,10.30,9.53,2.02,17.82,1.98
8.71,15.54,17.22,5.70,10.57,19.35,20.87,17.01,25.96,11.36,14.48,16.49,3.75,13.20,12.85,12.71,20.07,8.02,21.81
15.45,3.46,2.56,12.98,11.72,1.28,4.83,19.32,14.37,26.76,17.89,1.85,22.05,27.09,16.39,14.62,15.05,10.41,16.80
13.49,1.56,3.01,11.27,10.67,2.84,6.42,17.67,14.27,25.30,16.13,0.64,20.19,25.78,14.56,12.81,13.91,8.68,15.75
12.29,7.14,6.54,5.51,3.61,9.67,9.80,19.38,20.70,18.37,17.16,6.82,14.91,18.67,15.24,13.84,18.16,3.67,20.15
2.77,11.08,14.13,6.21,11.51,15.13,18.08,11.23,19.62,17.82,8.70,12.64,9.28,19.49,6.83,6.33,13.56,6.41,15.32
9.24,3.68,6.39,6.98,8.35,7.57,10.35,15.03,16.15,21.33,13.04,4.88,15.50,22.13,11.23,9.62,13.24,4.45,15.23
10.86,16.14,17.23,5.66,9.48,19.74,20.66,19.27,27.43,9.45,16.73,16.82,4.61,11.06,15.03,14.76,21.94,8.24,23.74
2.28,10.74,13.97,6.70,11.87,14.78,17.92,10.61,18.92,18.56,8.09,12.37,9.97,20.23,6.20,5.62,12.82,6.65,14.58
13.54,13.98,18.17,20.01,23.18,15.58,20.85,8.36,6.94,33.29,9.49,15.81,24.35,34.85,10.05,9.46,1.92,18.30,0.94
9.99,13.09,13.98,2.54,6.57,16.58,17.41,18.49,25.00,11.88,15.95,13.65,7.47,12.98,14.09,13.45,20.14,5.12,22.03
8.70,15.41,17.08,5.55,10.42,19.22,20.73,17.03,25.89,11.38,14.50,16.36,3.89,13.20,12.85,12.69,20.03,7.88,21.78
0.55,12.54,16.11,9.15,14.41,16.52,20.06,8.55,18.86,19.86,6.00,14.33,10.48,21.74,4.30,4.42,12.00,9.20,13.57
12.38,15.90,16.40,5.43,7.88,19.24,19.60,20.89,27.96,8.95,18.33,16.31,6.73,10.04,16.55,16.08,22.97,7.95,24.84
13.91,2.32,2.11,11.03,10.00,3.10,5.75,18.44,15.18,24.87,16.82,0.32,20.13,25.26,15.20,13.46,14.83,8.47,16.69
4.78,13.75,16.36,6.35,11.93,17.77,20.25,13.04,22.65,15.28,10.51,15.12,6.25,17.17,8.88,8.84,16.32,7.66,18.00
11.66,13.50,13.83,3.36,5.48,16.73,17.02,20.13,25.95,11.30,17.60,13.80,8.58,12.06,15.72,14.99,21.46,5.65,23.38
6.94,5.80,8.77,5.82,8.83,9.81,12.72,13.42,16.81,20.10,11.24,7.23,13.48,21.16,9.35,7.89,12.73,3.77,14.72
15.30,12.77,16.58,20.47,22.86,13.52,18.77,11.52,3.60,34.35,12.23,14.34,25.97,35.68,12.39,11.40,4.36,18.44,4.39
15.18,15.46,19.57,21.74,24.85,16.81,22.09,9.43,6.69,34.99,10.84,17.24,25.98,36.56,11.57,11.09,3.63,20.01,1.96
11.43,11.88,16.17,17.63,20.82,13.85,19.08,7.57,7.70,31.00,8.08,13.79,22.22,32.52,8.26,7.41,0.76,15.91,2.66
14.82,6.03,3.36,9.11,6.21,7.03,6.18,20.94,19.53,21.67,18.97,4.70,18.53,21.74,17.14,15.55,18.45,7.00,20.38
11.57,1.37,4.17,9.30,9.39,4.94,8.03,16.41,14.98,23.48,14.68,2.28,18.10,24.09,13.00,11.28,13.45,6.71,15.38
5.88,15.21,17.72,7.23,12.74,19.22,21.58,13.79,24.02,14.40,11.30,16.55,4.93,16.45,9.81,9.97,17.53,8.84,19.14
3.38,15.08,18.38,9.79,15.34,19.11,22.33,9.97,21.62,18.26,7.57,16.77,8.40,20.38,6.35,6.99,14.51,10.55,15.94
11.30,18.40,19.83,8.20,12.32,22.14,23.35,19.30,28.89,8.90,16.83,19.26,1.99,11.06,15.32,15.37,22.84,10.69,24.53
11.37,9.69,13.91,16.42,19.13,11.49,16.73,9.29,7.05,30.24,9.24,11.54,21.93,31.59,8.93,7.67,3.12,14.49,4.85
11.18,9.91,14.16,16.43,19.23,11.79,17.02,8.94,7.25,30.17,8.92,11.79,21.79,31.55,8.65,7.43,2.82,14.53,4.60
10.81,2.71,7.06,11.51,12.78,5.60,10.35,13.77,11.53,25.89,12.42,4.67,19.30,26.78,11.02,9.25,9.91,9.07,11.80
9.54,15.88,17.35,5.73,10.28,19.62,20.93,17.87,26.60,10.56,15.34,16.74,3.75,12.36,13.69,13.51,20.83,8.19,22.59
10.94,13.96,14.63,3.47,6.65,17.36,17.95,19.46,26.02,10.91,16.91,14.43,7.35,11.95,15.07,14.47,21.18,6.00,23.08
2.82,14.23,17.46,8.89,14.43,18.26,21.41,10.23,21.22,17.96,7.75,15.88,8.29,19.99,6.33,6.73,14.31,9.60,15.82
3.58,14.84,18.75,12.44,17.71,18.67,22.65,5.96,18.72,22.27,3.63,16.78,12.40,24.34,2.92,4.31,11.15,12.46,12.35
12.49,10.19,14.28,17.42,19.94,11.61,16.89,10.05,5.93,31.30,10.19,11.95,23.05,32.63,9.98,8.77,3.32,15.42,4.70
11.81,10.23,14.41,17.01,19.72,11.91,17.17,9.30,6.64,30.79,9.42,12.06,22.42,32.16,9.22,8.04,2.77,15.08,4.38
9.41,6.70,7.87,3.93,5.50,10.15,11.62,16.63,19.44,18.11,14.35,7.24,13.11,18.83,12.42,11.08,15.98,1.36,17.98
1.05,12.13,15.53,8.13,13.44,16.15,19.48,9.53,19.25,19.00,6.98,13.85,9.82,20.84,5.22,5.11,12.64,8.28,14.28
11.76,16.33,17.14,5.78,8.97,19.82,20.46,20.22,27.97,8.83,17.67,16.89,5.43,10.26,15.94,15.59,22.68,8.37,24.51
12.49,1.67,5.41,12.02,12.41,3.67,8.46,15.70,12.06,26.34,14.36,3.06,20.37,27.04,12.94,11.17,11.54,9.47,13.35
15.65,11.06,14.55,19.71,21.53,11.29,16.47,13.20,2.92,33.88,13.50,12.42,26.03,35.04,13.31,12.05,6.10,17.50,6.70
16.57,7.82,4.40,10.18,6.23,8.18,5.94,22.85,21.12,21.75,20.86,6.27,19.50,21.57,19.02,17.44,20.34,8.36,22.26
10.70,14.61,19.02,18.38,22.34,17.10,22.22,4.31,10.90,30.75,5.72,16.64,21.34,32.53,6.73,6.72,3.15,17.11,3.30
4.11,16.11,19.69,11.77,17.28,20.08,23.64,8.47,21.27,20.05,6.28,17.92,10.03,22.25,5.52,6.64,13.80,12.34,15.03
11.39,10.08,14.30,16.65,19.44,11.89,17.13,9.01,7.06,30.40,9.05,11.94,22.01,31.78,8.82,7.62,2.72,14.75,4.45
13.60,5.45,3.82,8.06,5.82,7.17,7.14,19.83,19.11,21.05,17.82,4.51,17.48,21.25,15.98,14.40,17.59,5.85,19.55
8.68,9.54,13.95,14.47,17.78,12.19,17.21,7.32,9.77,27.92,6.78,11.57,19.35,29.39,6.25,4.93,3.69,12.79,5.67
9.99,2.02,6.19,9.45,10.67,6.01,9.92,14.32,13.67,23.83,12.65,4.00,17.60,24.66,11.03,9.29,11.43,6.97,13.39
11.61,3.26,7.35,12.56,13.70,5.32,10.35,13.98,10.60,26.94,12.80,4.99,20.32,27.82,11.52,9.76,9.59,10.12,11.41
13.40,12.57,16.68,19.23,22.09,13.98,19.27,9.27,5.84,32.82,10.01,14.34,24.16,34.27,10.27,9.40,2.11,17.38,2.53
11.00,12.57,16.91,17.68,21.12,14.74,19.93,6.51,8.65,30.78,7.20,14.53,21.80,32.38,7.57,6.92,0.73,16.09,2.40
13.77,11.90,15.91,19.12,21.71,13.08,18.36,10.23,4.98,32.90,10.80,13.60,24.46,34.28,10.88,9.87,3.05,17.16,3.65
12.80,2.33,2.81,9.55,8.76,4.57,6.75,17.88,15.94,23.42,16.12,1.64,18.66,23.87,14.42,12.72,14.84,6.98,16.76
14.47,6.55,4.32,8.30,5.23,7.92,7.11,20.90,20.18,20.69,18.85,5.44,17.70,20.76,16.99,15.45,18.75,6.32,20.70
12.13,14.32,18.65,19.24,22.82,16.39,21.61,6.32,8.97,32.09,7.61,16.27,22.90,33.77,8.38,8.05,1.79,17.74,1.30
4.97,14.93,17.65,7.65,13.22,18.96,21.55,12.77,23.25,15.42,10.29,16.36,5.84,17.47,8.82,9.05,16.63,9.00,18.21
13.96,2.30,2.14,11.15,10.13,2.98,5.73,18.43,15.08,24.99,16.84,0.24,20.23,25.39,15.22,13.48,14.78,8.58,16.63
4.52,14.45,17.23,7.43,13.01,18.49,21.14,12.45,22.76,15.75,9.95,15.90,6.28,17.75,8.44,8.61,16.17,8.67,17.78
11.67,8.16,7.94,4.19,2.98,10.96,11.22,19.14,21.50,17.02,16.84,8.07,13.54,17.41,14.89,13.60,18.47,2.80,20.46
13.57,12.33,16.39,19.22,21.97,13.65,18.93,9.67,5.47,32.88,10.34,14.07,24.31,34.31,10.53,9.61,2.48,17.32,2.97
1.52,13.48,17.13,10.12,15.44,17.44,21.07,7.93,19.14,20.29,5.42,15.31,10.67,22.26,3.95,4.50,12.02,10.26,13.48
11.19,2.82,4.47,7.96,7.98,6.13,8.42,16.74,16.34,22.06,14.84,3.25,16.96,22.64,13.07,11.42,14.35,5.38,16.32
7.77,15.78,17.81,6.57,11.75,19.69,21.56,15.86,25.52,12.35,13.36,16.90,3.47,14.35,11.81,11.84,19.32,8.66,21.00
2.77,10.00,13.23,6.41,11.41,14.05,17.19,10.82,18.47,18.78,8.33,11.63,10.45,20.37,6.40,5.62,12.59,6.11,14.40
13.51,17.47,17.90,6.99,9.14,20.78,21.02,21.97,29.46,7.40,19.42,17.85,6.45,8.60,17.69,17.32,24.34,9.51,26.19
8.11,8.68,13.10,13.51,16.78,11.52,16.45,7.82,10.31,27.06,6.95,10.73,18.65,28.50,6.14,4.63,4.69,11.80,6.67
6.69,6.63,9.30,4.93,8.34,10.60,13.25,13.68,17.71,19.16,11.41,7.93,12.59,20.25,9.48,8.14,13.43,3.07,15.40
12.76,18.33,19.23,7.79,10.96,21.86,22.54,21.04,29.65,7.33,18.52,18.94,4.32,9.16,16.90,16.75,24.04,10.39,25.81
4.03,8.71,11.85,5.78,10.39,12.75,15.81,11.59,17.95,18.99,9.18,10.28,11.21,20.41,7.23,6.16,12.57,5.01,14.45
12.15,16.37,17.05,5.83,8.70,19.80,20.31,20.62,28.17,8.64,18.08,16.87,5.88,9.95,16.33,15.95,22.98,8.40,24.82
4.29,15.10,19.11,13.23,18.43,18.86,22.97,5.09,18.27,23.16,2.85,17.08,13.28,25.24,2.57,4.20,10.58,13.14,11.69
11.82,0.61,4.96,10.85,11.26,4.17,8.41,15.67,13.11,25.15,14.16,2.59,19.31,25.84,12.63,10.87,12.03,8.28,13.91
6.36,5.83,9.89,8.82,11.96,9.69,13.71,10.87,14.00,22.82,8.99,7.80,15.29,24.05,7.28,5.58,9.54,6.96,11.52
10.69,11.10,15.43,16.74,19.93,13.23,18.42,7.48,8.12,30.15,7.70,13.05,21.45,31.65,7.70,6.72,1.54,15.02,3.53
5.39,6.63,10.29,7.38,10.99,10.64,14.21,11.22,15.59,21.24,9.08,8.43,13.72,22.51,7.22,5.70,10.80,5.76,12.76
12.83,17.52,18.21,6.97,9.74,20.96,21.45,21.24,29.20,7.61,18.70,18.03,5.41,9.10,17.00,16.72,23.86,9.55,25.68
9.66,16.59,18.17,6.57,11.14,20.37,21.77,17.85,27.05,10.40,15.34,17.50,2.89,12.35,13.76,13.70,21.10,8.98,22.82
5.78,6.75,9.91,5.88,9.55,10.80,13.86,12.48,16.92,19.89,10.24,8.30,12.79,21.09,8.32,6.94,12.32,4.25,14.28
17.49,11.83,14.89,21.08,22.50,11.37,16.36,15.14,1.99,35.36,15.48,12.93,27.75,36.42,15.26,13.97,8.00,18.77,8.38
14.39,18.82,19.26,8.31,10.41,22.14,22.35,22.78,30.70,6.11,20.24,19.22,6.27,7.52,18.56,18.29,25.43,10.85,27.25
12.23,10.71,14.86,17.54,20.26,12.29,17.56,9.37,6.29,31.29,9.63,12.52,22.88,32.68,9.53,8.40,2.56,15.61,3.99
11.50,14.94,15.57,4.43,7.35,18.32,18.84,20.02,26.93,9.96,17.47,15.39,6.81,11.06,15.66,15.14,21.98,6.97,23.85
6.56,17.76,20.69,10.73,16.27,21.80,24.62,12.65,24.86,16.21,10.43,19.29,6.09,18.55,9.45,10.22,17.69,12.15,19.05
9.55,3.80,8.22,11.13,13.02,6.98,11.65,12.43,11.55,25.45,11.04,5.86,18.44,26.47,9.64,7.87,8.98,8.84,10.92
1.89,12.97,16.24,8.14,13.59,17.01,20.20,10.05,20.24,18.27,7.51,14.64,8.92,20.18,5.88,5.98,13.54,8.60,15.14
5.65,6.75,10.00,6.12,9.81,10.80,13.95,12.24,16.71,20.10,10.01,8.35,12.91,21.32,8.09,6.70,12.06,4.52,14.02
10.57,11.58,15.93,16.91,20.23,13.78,18.96,6.95,8.48,30.19,7.30,13.55,21.36,31.73,7.42,6.55,1.23,15.25,3.21
10.88,12.49,12.97,2.33,5.12,15.78,16.27,19.30,24.90,12.31,16.78,12.85,8.88,13.11,14.88,14.09,20.46,4.60,22.39
12.91,11.23,15.31,18.24,20.90,12.62,17.90,9.72,5.69,32.00,10.13,12.98,23.58,33.38,10.12,9.05,2.67,16.29,3.76
7.19,5.05,9.19,9.11,11.87,8.87,12.97,11.43,13.56,23.26,9.64,7.05,15.96,24.42,7.98,6.25,9.57,7.08,11.56
3.52,15.52,19.11,11.38,16.86,19.48,23.06,8.26,20.76,20.10,5.98,17.33,10.13,22.25,5.07,6.11,13.36,11.86,14.64
13.81,6.51,4.80,7.55,4.75,8.26,7.80,20.40,20.20,20.11,18.31,5.63,16.96,20.24,16.43,14.91,18.47,5.58,20.44
14.27,12.67,16.66,19.82,22.47,13.80,19.08,10.27,4.84,33.54,11.02,14.36,25.00,34.94,11.23,10.31,3.12,17.89,3.27
12.25,6.56,5.99,5.88,4.19,9.07,9.34,19.15,20.14,18.95,16.97,6.22,15.30,19.27,15.07,13.62,17.74,3.85,19.73
9.83,14.95,16.17,4.55,8.83,18.59,19.67,18.30,26.20,10.66,15.76,15.68,5.16,12.18,14.01,13.66,20.77,7.10,22.59
2.63,13.88,17.09,8.56,14.09,17.92,21.05,10.30,21.04,17.90,7.80,15.52,8.32,19.90,6.31,6.62,14.20,9.24,15.74
1.48,10.53,14.14,8.18,13.10,14.52,18.08,9.06,17.54,20.21,6.57,12.33,11.40,21.89,4.64,3.94,11.20,7.75,12.94
2.82,9.55,12.91,6.75,11.57,13.59,16.87,10.50,17.83,19.39,8.04,11.23,11.09,20.94,6.10,5.18,12.00,6.21,13.83
10.52,15.19,16.21,4.68,8.52,18.75,19.64,19.01,26.68,10.14,16.46,15.83,5.48,11.56,14.70,14.31,21.37,7.26,23.20
18.40,6.44,3.67,15.26,13.06,2.96,2.58,22.19,15.76,28.50,20.84,4.62,24.53,28.58,19.35,17.59,17.54,12.78,19.19
8.71,4.97,7.21,5.66,7.47,8.77,11.15,15.16,17.31,20.02,13.03,5.98,14.27,20.86,11.15,9.65,13.98,3.16,15.97
14.61,2.64,3.51,12.81,12.09,1.40,6.03,18.17,13.35,26.83,16.80,1.83,21.68,27.29,15.34,13.57,13.83,10.22,15.58
11.07,3.50,4.75,7.36,7.33,6.72,8.68,16.94,16.97,21.41,14.97,3.80,16.44,21.97,13.16,11.55,14.80,4.79,16.78
15.33,7.07,4.28,9.03,5.52,8.01,6.62,21.71,20.59,21.06,19.68,5.75,18.40,21.02,17.83,16.27,19.42,7.13,21.36
9.74,11.98,12.84,1.46,5.76,15.44,16.29,18.16,24.07,12.92,15.64,12.51,8.48,13.90,13.74,12.97,19.43,4.01,21.35
11.09,11.73,16.05,17.33,20.56,13.79,19.00,7.34,7.99,30.67,7.78,13.66,21.88,32.20,7.93,7.07,0.90,15.63,2.88
5.68,17.66,21.27,13.22,18.77,21.61,25.22,8.62,22.22,20.63,6.75,19.49,10.52,22.94,6.42,7.78,14.57,13.89,15.64
11.65,11.28,15.53,17.47,20.46,13.12,18.36,8.30,7.13,31.01,8.66,13.16,22.39,32.47,8.70,7.71,1.52,15.66,3.23
3.09,14.92,18.29,9.96,15.49,18.94,22.24,9.54,21.23,18.68,7.14,16.63,8.83,20.79,5.91,6.59,14.09,10.62,15.51
3.56,11.72,14.54,5.70,11.17,15.75,18.47,12.08,20.65,16.78,9.53,13.17,8.26,18.48,7.72,7.33,14.60,6.31,16.36
0.27,11.81,15.46,9.02,14.15,15.79,19.40,8.38,18.14,20.26,5.84,13.64,11.05,22.08,4.02,3.85,11.40,8.86,13.02
14.65,8.20,6.19,7.45,3.45,9.81,8.67,21.62,21.88,18.99,19.45,7.28,16.66,18.96,17.54,16.10,20.02,5.96,21.99
9.46,3.18,6.15,7.51,8.77,7.12,10.10,14.96,15.66,21.87,13.03,4.50,15.99,22.66,11.25,9.61,12.92,4.98,14.91
9.64,6.85,11.20,13.50,16.02,9.30,14.35,10.14,9.30,27.54,9.28,8.82,19.70,28.77,8.33,6.69,5.79,11.46,7.73
11.13,11.27,15.57,17.12,20.24,13.27,18.49,7.77,7.70,30.58,8.09,13.19,21.89,32.07,8.13,7.17,1.35,15.37,3.27
9.37,2.64,6.68,9.02,10.56,6.64,10.47,13.88,13.90,23.40,12.15,4.57,17.02,24.29,10.49,8.76,11.28,6.59,13.25
13.22,10.55,14.54,18.06,20.47,11.74,17.02,10.59,5.20,31.99,10.83,12.24,23.78,33.29,10.68,9.48,3.65,16.02,4.75
6.77,18.25,21.31,11.56,17.11,22.30,25.25,12.24,24.88,16.94,10.12,19.85,6.83,19.32,9.29,10.21,17.57,12.89,18.86
3.00,12.61,15.59,6.79,12.30,16.66,19.53,11.42,20.88,17.06,8.87,14.14,8.04,18.89,7.16,7.03,14.50,7.47,16.17
6.63,5.45,9.44,8.50,11.50,9.37,13.28,11.38,14.22,22.59,9.47,7.39,15.24,23.78,7.74,6.05,9.97,6.56,11.96
1.74,13.66,17.13,9.47,14.89,17.66,21.09,8.92,19.96,19.29,6.42,15.41,9.67,21.28,4.95,5.39,12.95,9.83,14.45
12.08,3.65,3.88,7.91,7.12,6.29,7.76,17.91,17.32,21.69,15.96,3.37,17.14,22.13,14.16,12.54,15.55,5.39,17.51
12.30,5.81,5.25,6.48,4.94,8.27,8.73,18.93,19.44,19.73,16.81,5.42,15.89,20.07,14.93,13.43,17.24,4.26,19.23
9.87,13.64,14.64,3.10,7.26,17.18,18.10,18.39,25.34,11.49,15.84,14.26,6.76,12.71,14.01,13.46,20.29,5.69,22.16
13.12,14.15,18.39,19.82,23.13,15.91,21.17,7.70,7.63,32.96,8.89,16.03,23.92,34.56,9.53,9.03,1.70,18.18,0.37
13.08,4.10,3.14,8.50,7.01,6.05,6.89,18.88,17.76,21.97,16.96,3.26,17.83,22.29,15.17,13.54,16.36,6.07,18.30
12.16,16.20,16.84,5.67,8.45,19.60,20.08,20.65,28.07,8.76,18.10,16.67,6.11,10.01,16.34,15.94,22.93,8.23,24.78
10.85,11.35,15.67,16.98,20.18,13.45,18.65,7.43,8.05,30.37,7.74,13.29,21.63,31.88,7.80,6.86,1.29,15.27,3.27
6.64,5.37,9.17,7.86,10.84,9.36,13.06,11.87,14.82,22.00,9.88,7.21,14.83,23.16,8.10,6.46,10.64,5.89,12.63
9.15,4.56,6.72,6.01,7.45,8.31,10.66,15.44,17.15,20.34,13.35,5.51,14.72,21.12,11.48,9.95,14.04,3.46,16.03
4.61,16.32,19.57,10.60,16.19,20.35,23.52,10.48,22.70,18.01,8.21,17.99,7.97,20.24,7.20,8.03,15.46,11.56,16.80
10.49,9.83,14.14,15.92,18.87,11.94,17.13,8.37,7.96,29.57,8.26,11.76,21.13,30.99,7.95,6.72,2.78,14.08,4.71
8.99,3.05,7.17,9.10,10.88,7.00,10.94,13.38,13.68,23.47,11.66,5.02,16.90,24.41,10.02,8.28,10.84,6.73,12.82
10.84,18.67,20.32,8.73,13.15,22.49,23.93,18.63,28.73,9.66,16.19,19.63,0.90,11.94,14.76,14.93,22.46,11.14,24.10
4.80,10.12,12.68,4.17,9.41,14.11,16.59,13.10,20.10,16.82,10.59,11.43,9.25,18.27,8.67,7.90,14.67,4.39,16.53
8.61,11.23,15.65,15.36,19.03,13.94,18.95,5.69,10.37,28.36,5.53,13.28,19.41,29.97,5.45,4.56,3.05,13.89,4.80
12.49,19.62,20.94,9.33,13.15,23.33,24.42,20.38,30.17,7.89,17.93,20.44,2.32,10.20,16.47,16.58,24.07,11.86,25.74
2.60,14.46,18.17,11.15,16.51,18.39,22.11,7.40,19.48,20.79,4.99,16.32,10.98,22.85,3.86,4.82,12.13,11.35,13.46
4.28,11.89,14.52,5.14,10.68,15.90,18.42,12.80,21.22,16.10,10.25,13.25,7.77,17.77,8.44,8.04,15.28,6.01,17.04
2.47,14.28,17.67,9.57,15.07,18.30,21.63,9.37,20.70,18.82,6.91,16.01,9.08,20.86,5.56,6.10,13.65,10.12,15.11
11.71,15.34,15.97,4.83,7.69,18.73,19.23,20.23,27.30,9.57,17.68,15.80,6.58,10.71,15.88,15.40,22.29,7.38,24.15
7.99,4.69,7.65,6.44,8.69,8.68,11.61,14.03,16.29,20.81,11.96,6.08,14.52,21.75,10.11,8.56,12.75,4.10,14.75
13.39,12.19,16.28,19.04,21.81,13.55,18.84,9.55,5.60,32.70,10.20,13.95,24.13,34.12,10.37,9.43,2.37,17.14,2.97
11.06,11.71,16.02,17.29,20.53,13.77,18.98,7.32,8.01,30.63,7.76,13.64,21.84,32.16,7.90,7.04,0.93,15.60,2.91
10.78,1.26,5.57,9.96,10.81,5.22,9.22,14.94,13.49,24.32,13.33,3.30,18.28,25.08,11.74,9.99,11.73,7.43,13.66
15.93,7.25,4.05,9.71,6.06,7.84,6.05,22.20,20.63,21.61,20.20,5.77,19.07,21.51,18.36,16.79,19.72,7.81,21.65
6.06,6.19,10.27,8.93,12.22,10.04,14.08,10.51,14.00,22.84,8.61,8.17,15.18,24.11,6.90,5.20,9.33,7.15,11.31
13.05,11.52,15.61,18.48,21.17,12.90,18.18,9.66,5.64,32.21,10.14,13.28,23.74,33.61,10.18,9.16,2.54,16.55,3.51
10.04,14.32,15.37,3.81,7.89,17.89,18.82,18.55,25.88,10.93,16.00,14.97,6.10,12.26,14.20,13.73,20.69,6.39,22.54
7.88,14.93,16.78,5.40,10.54,18.78,20.49,16.21,25.16,12.19,13.68,15.96,4.25,14.01,12.03,11.88,19.24,7.59,20.97
13.30,10.48,14.45,18.07,20.45,11.62,16.91,10.74,5.11,32.02,10.97,12.15,23.84,33.32,10.80,9.59,3.80,16.02,4.90
2.63,13.24,17.20,11.56,16.64,17.05,21.08,5.95,17.45,22.35,3.41,15.20,12.75,24.29,1.88,2.82,10.09,11.30,11.47
9.79,3.22,5.83,7.35,8.35,7.04,9.78,15.43,16.02,21.67,13.49,4.32,16.01,22.41,11.69,10.07,13.41,4.79,15.39
17.75,5.75,4.10,15.31,13.62,1.83,4.00,21.10,14.34,28.90,19.85,4.26,24.45,29.12,18.44,16.66,16.24,12.77,17.85
1.75,13.22,16.56,8.60,14.04,17.24,20.51,9.67,20.16,18.60,7.14,14.91,9.14,20.54,5.56,5.77,13.35,9.02,14.91
4.76,9.47,12.15,4.38,9.38,13.48,16.07,12.86,19.46,17.43,10.38,10.83,9.93,18.83,8.45,7.56,14.14,4.18,16.02
11.23,17.89,19.22,7.60,11.62,21.60,22.72,19.36,28.61,8.84,16.87,18.70,2.65,10.88,15.31,15.28,22.69,10.12,24.41
12.71,9.78,9.13,4.35,1.45,12.37,12.09,20.48,23.18,15.74,18.12,9.54,13.21,15.97,16.17,14.96,20.08,3.94,22.07
8.50,3.67,7.18,7.70,9.62,7.71,11.09,13.79,15.08,22.08,11.88,5.32,15.70,23.00,10.11,8.46,11.91,5.32,13.90
3.21,13.14,16.10,7.09,12.64,17.19,20.04,11.49,21.29,16.86,8.95,14.67,7.68,18.75,7.30,7.29,14.81,7.91,16.45
13.20,11.62,15.69,18.62,21.30,12.96,18.24,9.76,5.51,32.36,10.26,13.36,23.89,33.76,10.32,9.30,2.62,16.69,3.50
11.86,6.13,5.86,5.85,4.63,8.80,9.35,18.67,19.68,19.18,16.51,5.91,15.26,19.57,14.61,13.15,17.23,3.65,19.22
15.29,8.21,5.77,8.25,4.11,9.48,8.00,22.12,21.85,19.66,19.98,7.10,17.46,19.55,18.09,16.61,20.27,6.69,22.24
14.02,13.67,17.78,20.16,23.13,15.06,20.34,9.20,6.04,33.62,10.22,15.45,24.81,35.12,10.67,9.96,2.39,18.36,1.84
15.91,3.92,2.61,13.35,11.94,1.19,4.46,19.73,14.49,27.06,18.33,2.27,22.46,27.36,16.83,15.06,15.38,10.80,17.11
7.12,5.98,10.31,10.41,13.38,9.51,13.96,10.19,12.46,24.37,8.60,8.06,16.66,25.63,7.10,5.33,8.07,8.50,10.06
11.91,11.25,15.47,17.62,20.55,13.00,18.26,8.60,6.83,31.22,8.97,13.11,22.64,32.66,8.99,7.98,1.72,15.78,3.29
11.47,10.64,14.88,17.00,19.90,12.48,17.72,8.63,7.10,30.65,8.82,12.51,22.15,32.08,8.71,7.60,2.14,15.15,3.88
1.42,13.32,17.00,10.15,15.44,17.27,20.93,7.78,18.91,20.47,5.25,15.16,10.88,22.43,3.74,4.26,11.79,10.23,13.26
15.74,8.09,5.32,8.90,4.79,9.08,7.34,22.40,21.65,20.33,20.31,6.82,18.14,20.19,18.43,16.92,20.34,7.25,22.29
10.60,9.45,13.74,15.78,18.62,11.50,16.69,8.79,7.81,29.52,8.60,11.36,21.18,30.90,8.21,6.92,3.18,13.89,5.07
6.21,12.98,15.11,4.37,9.90,16.90,18.91,14.70,23.07,14.10,12.15,14.12,6.23,15.76,10.39,10.05,17.27,6.06,19.05
13.27,9.54,13.43,17.52,19.67,10.55,15.84,11.40,5.25,31.60,11.42,11.15,23.65,32.82,11.07,9.74,4.71,15.39,5.94
10.75,1.55,5.05,9.04,9.66,5.52,8.90,15.54,14.63,23.34,13.79,3.06,17.62,24.05,12.11,10.40,12.72,6.47,14.67
9.92,7.18,11.51,13.94,16.46,9.50,14.60,10.06,8.89,27.96,9.31,9.13,20.07,29.20,8.44,6.85,5.43,11.90,7.35
4.54,15.10,17.99,8.33,13.92,19.15,21.92,12.04,22.92,16.16,9.59,16.61,6.42,18.25,8.20,8.56,16.14,9.54,17.68
10.16,10.20,14.54,15.89,19.01,12.43,17.59,7.78,8.38,29.42,7.71,12.16,20.85,30.88,7.47,6.31,2.48,14.13,4.46
3.76,14.84,18.78,12.66,17.90,18.64,22.67,5.64,18.49,22.58,3.32,16.80,12.72,24.64,2.69,4.17,10.88,12.63,12.07
12.80,18.03,18.84,7.48,10.49,21.52,22.13,21.13,29.50,7.39,18.61,18.60,4.75,9.09,16.95,16.75,23.99,10.07,25.78
10.69,13.33,17.71,17.82,21.50,15.67,20.82,5.49,9.63,30.63,6.40,15.33,21.46,32.30,7.01,6.60,1.70,16.37,2.60
12.30,13.34,17.62,18.91,22.22,15.22,20.47,7.33,7.80,32.08,8.30,15.24,23.10,33.67,8.81,8.22,0.78,17.27,1.21
10.25,2.86,5.36,7.69,8.39,6.60,9.32,15.77,15.93,21.96,13.86,3.86,16.43,22.66,12.08,10.44,13.55,5.11,15.53
10.42,14.55,15.49,4.00,7.81,18.07,18.90,18.94,26.20,10.61,16.39,15.15,6.18,11.90,14.59,14.12,21.06,6.59,22.91
7.13,5.65,8.58,5.83,8.72,9.66,12.54,13.57,16.79,20.14,11.40,7.06,13.60,21.18,9.51,8.04,12.81,3.73,14.79
3.97,15.97,19.49,11.44,16.97,19.95,23.45,8.75,21.37,19.72,6.52,17.76,9.70,21.90,5.67,6.71,13.95,12.05,15.22
13.20,10.32,14.29,17.92,20.28,11.48,16.76,10.74,5.22,31.88,10.93,11.99,23.72,33.17,10.73,9.50,3.86,15.86,5.00
11.82,15.93,16.64,5.39,8.38,19.37,19.92,20.31,27.74,9.08,17.76,16.44,6.00,10.36,16.00,15.59,22.58,7.96,24.43
15.87,5.59,1.69,10.92,8.16,5.48,4.29,21.36,18.50,23.64,19.55,3.76,20.33,23.68,17.80,16.13,18.21,8.66,20.09
2.00,13.51,16.84,8.75,14.22,17.54,20.80,9.72,20.41,18.51,7.21,15.21,8.97,20.47,5.68,5.96,13.55,9.24,15.09
12.10,4.72,4.52,7.11,6.03,7.28,8.22,18.35,18.37,20.69,16.32,4.39,16.46,21.09,14.47,12.91,16.36,4.70,18.33
9.69,8.32,12.67,14.48,17.30,10.67,15.78,9.00,8.78,28.30,8.42,10.29,20.11,29.64,7.75,6.27,4.33,12.57,6.29
8.45,15.36,17.09,5.61,10.57,19.18,20.77,16.75,25.71,11.62,14.23,16.34,3.88,13.46,12.59,12.45,19.81,7.90,21.55
8.64,5.60,10.02,11.75,14.26,8.65,13.44,10.67,10.95,25.86,9.39,7.67,18.27,27.05,8.12,6.37,7.35,9.67,9.32
5.03,15.48,18.30,8.41,13.98,19.52,22.21,12.47,23.41,15.75,10.03,16.96,5.95,17.87,8.67,9.04,16.63,9.73,18.16
16.22,5.04,0.63,12.04,9.66,4.02,3.38,21.13,17.25,25.09,19.46,2.98,21.41,25.19,17.80,16.08,17.49,9.65,19.32
7.43,15.37,17.44,6.26,11.52,19.29,21.20,15.59,25.12,12.65,13.08,16.51,3.88,14.61,11.50,11.49,18.95,8.30,20.64
4.42,13.55,16.23,6.44,12.02,17.57,20.13,12.70,22.31,15.64,10.17,14.95,6.59,17.52,8.53,8.48,15.97,7.63,17.64
6.41,6.13,9.25,6.00,9.29,10.16,13.21,12.88,16.66,20.18,10.69,7.65,13.31,21.30,8.79,7.34,12.36,4.13,14.34
15.56,5.93,2.52,10.18,7.23,6.30,5.08,21.37,19.15,22.74,19.48,4.30,19.60,22.76,17.69,16.05,18.52,8.01,20.42
2.14,12.91,16.12,7.84,13.31,16.96,20.07,10.38,20.42,17.97,7.84,14.55,8.67,19.86,6.19,6.23,13.79,8.35,15.40
1.75,13.57,17.28,10.51,15.80,17.50,21.22,7.49,18.89,20.72,4.98,15.43,11.07,22.70,3.55,4.22,11.69,10.59,13.12
2.90,14.85,18.51,11.19,16.61,18.79,22.45,7.74,19.98,20.49,5.37,16.69,10.62,22.59,4.33,5.32,12.61,11.51,13.93
12.53,10.72,14.83,17.73,20.37,12.19,17.47,9.68,5.97,31.53,9.95,12.49,23.16,32.89,9.85,8.71,2.80,15.77,4.12
11.40,9.27,13.47,16.21,18.81,11.02,16.27,9.65,7.02,30.09,9.51,11.10,21.89,31.41,9.12,7.79,3.59,14.22,5.30
13.89,2.97,5.63,13.49,13.57,2.82,8.04,16.55,11.30,27.77,15.39,3.58,21.90,28.41,14.07,12.30,11.80,10.92,13.51
1.00,12.74,16.20,8.79,14.14,16.75,20.15,9.09,19.41,19.26,6.55,14.49,9.88,21.16,4.89,5.02,12.60,9.00,14.17
13.70,15.40,19.66,20.76,24.22,17.19,22.45,7.50,8.39,33.66,9.02,17.29,24.45,35.33,9.91,9.62,2.82,19.20,0.91
1.97,13.93,17.58,10.47,15.83,17.88,21.52,7.83,19.40,20.36,5.35,15.76,10.65,22.37,4.01,4.73,12.19,10.67,13.60
9.13,3.06,7.32,9.59,11.37,6.88,11.02,13.18,13.18,23.95,11.53,5.10,17.28,24.91,9.94,8.19,10.43,7.23,12.40
3.15,15.04,18.44,10.20,15.73,19.05,22.40,9.34,21.18,18.90,6.96,16.77,9.02,21.01,5.78,6.52,13.99,10.84,15.38
10.87,9.92,14.20,16.22,19.11,11.90,17.12,8.64,7.58,29.92,8.60,11.82,21.50,31.32,8.32,7.10,2.73,14.36,4.59
7.52,16.34,18.55,7.49,12.76,20.29,22.35,15.35,25.59,12.85,12.89,17.54,3.31,14.97,11.43,11.61,19.16,9.46,20.78
14.04,13.01,17.06,19.85,22.65,14.28,19.56,9.73,5.40,33.46,10.57,14.74,24.81,34.91,10.87,10.04,2.65,17.97,2.63
8.39,4.10,8.41,9.87,12.12,7.77,12.08,12.09,12.75,24.15,10.47,6.16,17.08,25.22,8.91,7.15,9.47,7.66,11.45
5.23,11.95,16.25,13.19,17.64,15.37,19.93,4.42,14.05,25.27,2.65,14.02,15.97,27.05,1.76,1.29,6.63,12.26,8.09
11.50,5.26,5.40,6.23,5.52,8.09,9.08,18.04,18.78,19.89,15.93,5.17,15.58,20.34,14.06,12.55,16.40,3.82,18.38
13.34,10.66,14.63,18.19,20.60,11.81,17.09,10.65,5.09,32.12,10.92,12.33,23.90,33.42,10.78,9.60,3.67,16.15,4.73
15.89,14.06,17.91,21.48,24.05,14.87,20.12,11.37,4.04,35.22,12.36,15.66,26.64,36.62,12.72,11.89,4.46,19.52,3.88
9.85,7.74,12.08,14.24,16.90,10.05,15.17,9.57,8.76,28.18,8.92,9.70,20.14,29.47,8.15,6.60,4.88,12.26,6.81
11.72,15.08,15.65,4.59,7.34,18.44,18.90,20.24,27.12,9.79,17.69,15.51,6.90,10.86,15.88,15.36,22.19,7.12,24.06
15.53,3.53,3.17,13.39,12.28,0.72,5.16,19.12,13.80,27.25,17.77,2.23,22.38,27.62,16.30,14.53,14.67,10.81,16.39
15.22,18.67,18.78,8.36,9.64,21.83,21.70,23.68,30.95,6.14,21.14,18.92,7.71,7.02,19.40,19.01,25.98,10.80,27.84
11.38,14.27,18.65,18.71,22.45,16.54,21.72,5.44,9.77,31.39,6.72,16.26,22.11,33.10,7.55,7.32,2.17,17.30,2.19
8.05,14.72,16.48,5.04,10.13,18.54,20.16,16.44,25.14,12.07,13.90,15.70,4.50,13.83,12.22,12.01,19.32,7.28,21.07
10.61,10.27,14.58,16.24,19.26,12.37,17.56,8.11,7.92,29.83,8.12,12.20,21.29,31.27,7.91,6.76,2.34,14.44,4.28
14.65,4.32,1.44,10.22,8.16,4.92,5.13,20.03,17.52,23.44,18.23,2.66,19.59,23.64,16.49,14.81,16.93,7.83,18.83
11.29,3.51,4.56,7.47,7.27,6.61,8.48,17.14,17.04,21.46,15.18,3.69,16.59,22.00,13.37,11.76,14.96,4.90,16.93
10.21,1.85,6.11,9.73,10.89,5.78,9.80,14.39,13.44,24.11,12.75,3.88,17.88,24.94,11.15,9.41,11.35,7.24,13.29
10.18,15.91,17.18,5.56,9.76,19.58,20.69,18.57,26.96,10.02,16.03,16.68,4.23,11.71,14.35,14.11,21.35,8.09,23.13
7.83,4.18,8.12,8.42,10.78,8.16,11.96,12.61,14.22,22.72,10.77,6.08,15.86,23.76,9.05,7.36,10.69,6.20,12.69
6.89,5.39,9.53,9.13,12.05,9.20,13.31,11.11,13.59,23.22,9.31,7.39,15.80,24.41,7.64,5.92,9.40,7.17,11.39
5.83,17.56,20.77,11.51,17.09,21.59,24.72,11.09,23.78,17.87,8.95,19.22,7.75,20.19,8.14,9.10,16.42,12.62,17.70
11.16,11.71,11.98,2.24,4.11,14.87,15.22,19.47,24.38,13.12,16.97,11.95,9.93,13.77,15.05,14.15,20.24,4.00,22.19
13.60,11.72,15.74,18.92,21.52,12.94,18.22,10.16,5.10,32.71,10.68,13.43,24.28,34.08,10.74,9.71,2.99,16.96,3.70
6.80,5.27,8.87,7.31,10.22,9.31,12.79,12.39,15.33,21.52,10.36,7.02,14.53,22.63,8.54,6.94,11.26,5.29,13.25
10.44,16.05,17.25,5.64,9.70,19.69,20.73,18.84,27.17,9.78,16.30,16.78,4.31,11.45,14.61,14.37,21.59,8.20,23.38
5.51,15.66,18.36,8.20,13.74,19.69,22.26,13.04,23.86,15.18,10.60,17.08,5.40,17.31,9.22,9.56,17.14,9.66,18.69
11.19,9.48,13.71,16.19,18.90,11.33,16.56,9.29,7.22,30.02,9.18,11.35,21.74,31.36,8.82,7.53,3.28,14.25,5.04
10.57,13.69,18.09,17.90,21.68,16.11,21.24,5.01,10.10,30.56,6.05,15.71,21.31,32.27,6.78,6.50,2.21,16.51,2.85
6.41,6.35,10.59,9.88,13.09,10.02,14.32,9.98,13.12,23.74,8.24,8.40,15.94,25.04,6.65,4.89,8.41,8.08,10.39
2.75,13.88,17.07,8.44,13.97,17.93,21.02,10.47,21.15,17.73,7.97,15.52,8.17,19.73,6.47,6.76,14.34,9.15,15.89
8.43,3.58,7.49,8.46,10.49,7.58,11.33,13.21,14.25,22.82,11.39,5.45,16.19,23.79,9.69,7.98,11.07,6.14,13.06
5.45,17.28,20.57,11.57,17.15,21.30,24.53,10.52,23.27,18.35,8.39,18.97,8.24,20.65,7.60,8.60,15.88,12.57,17.14
10.25,15.59,16.78,5.17,9.27,19.22,20.26,18.68,26.80,10.10,16.14,16.31,4.72,11.69,14.43,14.13,21.30,7.73,23.10
14.32,13.99,18.08,20.51,23.47,15.33,20.61,9.36,5.98,33.95,10.44,15.75,25.12,35.46,10.94,10.26,2.68,18.71,1.87
15.62,8.78,6.29,8.32,3.84,10.02,8.34,22.56,22.42,19.34,20.40,7.66,17.44,19.18,18.50,17.04,20.81,6.93,22.78
12.56,7.57,6.80,5.49,3.17,10.02,9.96,19.74,21.14,18.07,17.51,7.20,14.85,18.33,15.58,14.20,18.59,3.84,20.59
14.91,6.79,4.25,8.69,5.39,7.94,6.82,21.31,20.37,20.90,19.28,5.57,18.07,20.91,17.42,15.87,19.08,6.75,21.03
6.27,5.85,9.86,8.59,11.76,9.75,13.70,10.98,14.22,22.59,9.06,7.80,15.09,23.82,7.32,5.64,9.75,6.74,11.73
10.29,1.76,5.65,9.15,10.11,5.81,9.45,14.90,14.20,23.50,13.18,3.56,17.51,24.28,11.52,9.79,12.09,6.62,14.04
3.46,14.86,18.05,9.20,14.77,18.90,22.00,10.52,21.83,17.68,8.09,16.50,7.88,19.77,6.77,7.28,14.84,10.05,16.32
8.48,15.75,17.55,6.09,11.06,19.60,21.23,16.71,25.94,11.57,14.19,16.76,3.44,13.49,12.59,12.52,19.93,8.35,21.65
9.22,3.44,6.39,7.29,8.69,7.39,10.34,14.83,15.80,21.65,12.88,4.76,15.73,22.47,11.08,9.45,12.93,4.78,14.91
14.17,14.78,18.95,20.78,23.98,16.32,21.60,8.57,7.07,33.98,9.88,16.60,24.96,35.57,10.57,10.07,2.65,19.09,0.99
3.38,8.72,12.23,7.09,11.59,12.74,16.18,10.35,16.94,20.15,7.98,10.47,12.02,21.63,6.04,4.87,11.31,6.20,13.18
5.30,12.07,14.42,4.35,9.93,16.04,18.27,13.82,21.95,15.19,11.27,13.31,7.25,16.81,9.46,9.02,16.18,5.58,17.97
6.38,6.14,9.28,6.02,9.32,10.17,13.23,12.85,16.65,20.19,10.65,7.67,13.31,21.32,8.76,7.31,12.33,4.16,14.31
5.55,11.51,13.77,3.77,9.33,15.45,17.62,14.05,21.69,15.30,11.51,12.70,7.72,16.83,9.66,9.10,16.11,4.91,17.94
4.94,13.87,18.08,13.71,18.56,17.43,21.84,3.58,15.98,24.75,1.04,15.92,15.09,26.70,0.96,2.63,8.28,13.17,9.43
13.03,7.98,6.95,5.72,2.78,10.28,9.95,20.26,21.59,17.92,18.02,7.50,15.00,18.11,16.09,14.71,19.11,4.25,21.10
0.81,12.82,16.41,9.41,14.70,16.80,20.36,8.39,18.97,19.95,5.84,14.62,10.49,21.86,4.21,4.45,12.03,9.50,13.57
5.59,13.06,15.37,4.94,10.51,17.02,19.21,14.05,22.76,14.59,11.51,14.28,6.31,16.32,9.77,9.50,16.80,6.44,18.56
11.02,9.62,13.88,16.15,18.93,11.54,16.76,9.02,7.40,29.93,8.92,11.51,21.60,31.30,8.58,7.32,3.07,14.24,4.89
10.42,11.73,16.09,16.87,20.26,13.99,19.15,6.67,8.73,30.09,7.04,13.70,21.22,31.65,7.20,6.37,1.28,15.26,3.21
16.16,13.92,17.70,21.57,24.01,14.59,19.82,11.85,3.50,35.38,12.78,15.47,26.89,36.75,13.08,12.20,4.85,19.56,4.39
13.42,11.98,16.05,18.95,21.66,13.30,18.58,9.75,5.44,32.65,10.34,13.72,24.14,34.06,10.46,9.49,2.57,17.03,3.25
11.98,9.54,13.66,16.73,19.24,11.09,16.35,10.02,6.44,30.65,9.98,11.32,22.48,31.96,9.65,8.35,3.63,14.72,5.19
4.16,15.82,19.06,10.17,15.75,19.85,23.02,10.39,22.34,17.97,8.06,17.49,7.99,20.15,6.95,7.69,15.17,11.08,16.56
9.61,12.40,13.36,1.85,6.26,15.91,16.83,18.08,24.33,12.57,15.55,12.98,7.93,13.63,13.67,12.96,19.55,4.44,21.46
7.88,4.82,7.77,6.34,8.67,8.81,11.73,13.98,16.37,20.71,11.90,6.21,14.40,21.66,10.04,8.50,12.77,4.02,14.77
17.00,5.39,1.58,13.20,10.88,3.34,2.60,21.51,16.70,26.32,19.95,3.32,22.55,26.41,18.35,16.61,17.49,10.78,19.26
7.00,5.52,8.64,6.21,9.11,9.55,12.59,13.25,16.42,20.49,11.12,7.03,13.83,21.55,9.24,7.74,12.40,4.13,14.39
9.17,13.67,14.93,3.30,7.94,17.32,18.47,17.69,25.04,11.77,15.14,14.41,6.22,13.14,13.33,12.84,19.80,5.83,21.65
10.75,4.20,5.33,6.63,6.74,7.45,9.21,16.93,17.56,20.67,14.89,4.53,15.76,21.25,13.05,11.48,15.11,4.06,17.10
7.63,4.48,8.58,8.89,11.40,8.37,12.37,12.05,13.74,23.13,10.26,6.46,16.06,24.23,8.59,6.87,10.06,6.75,12.05
11.74,3.47,4.13,7.78,7.27,6.34,8.04,17.54,17.11,21.68,15.60,3.41,16.96,22.16,13.80,12.18,15.23,5.24,17.19
0.84,12.36,16.09,9.79,14.93,16.29,20.02,7.70,18.07,20.77,5.15,14.22,11.39,22.64,3.40,3.54,11.12,9.64,12.67
2.75,13.27,16.36,7.64,13.17,17.32,20.31,10.91,21.01,17.38,8.38,14.86,8.06,19.30,6.77,6.85,14.40,8.35,16.02
13.57,8.78,7.54,5.84,2.03,10.96,10.32,20.94,22.41,17.41,18.67,8.23,14.95,17.50,16.73,15.40,19.91,4.71,21.90
11.57,16.78,17.75,6.26,9.74,20.34,21.12,19.96,28.16,8.71,17.42,17.41,4.62,10.33,15.74,15.48,22.68,8.85,24.48
13.89,2.91,1.73,10.40,9.09,3.93,5.66,18.83,16.11,24.07,17.12,1.27,19.61,24.41,15.44,13.73,15.52,7.88,17.41
3.64,15.64,19.19,11.28,16.78,19.62,23.14,8.56,21.04,19.82,6.28,17.44,9.84,21.98,5.37,6.38,13.65,11.83,14.94
14.86,9.94,13.49,18.64,20.41,10.29,15.52,12.99,3.99,32.85,13.09,11.32,25.12,33.98,12.74,11.39,6.09,16.40,7.00
11.97,19.82,21.37,9.75,13.93,23.61,24.93,19.63,29.92,8.84,17.22,20.74,1.29,11.24,15.84,16.06,23.61,12.21,25.23
12.88,13.52,17.75,19.37,22.59,15.25,20.52,7.89,7.28,32.62,8.91,15.39,23.68,34.19,9.41,8.80,1.25,17.68,1.02
3.68,10.91,15.07,11.36,15.87,14.57,18.86,6.07,14.91,23.58,3.88,12.93,14.48,25.31,2.10,0.55,7.97,10.49,9.61
10.16,16.36,17.73,6.09,10.38,20.07,21.26,18.47,27.21,9.93,15.95,17.18,3.60,11.74,14.30,14.14,21.46,8.60,23.22
5.39,12.85,15.21,4.92,10.50,16.82,19.06,13.87,22.52,14.82,11.32,14.10,6.54,16.54,9.57,9.28,16.57,6.33,18.33
3.11,13.91,16.99,8.08,13.64,17.96,20.94,10.96,21.49,17.25,8.46,15.50,7.73,19.23,6.94,7.17,14.75,8.91,16.32
15.40,13.46,17.33,20.89,23.43,14.32,19.57,11.15,4.05,34.65,12.03,15.07,26.13,36.04,12.31,11.43,4.10,18.92,3.80
9.18,3.42,6.43,7.34,8.79,7.38,10.38,14.75,15.71,21.71,12.80,4.78,15.75,22.54,11.01,9.37,12.83,4.84,14.82
2.00,13.56,16.90,8.83,14.30,17.59,20.86,9.66,20.40,18.56,7.15,15.26,9.01,20.53,5.63,5.94,13.52,9.32,15.06
3.46,14.60,17.72,8.74,14.31,18.65,21.67,10.85,21.87,17.34,8.39,16.21,7.62,19.40,6.99,7.40,14.98,9.63,16.49
7.90,4.12,7.90,8.01,10.31,8.15,11.78,12.96,14.64,22.34,11.07,5.94,15.62,23.35,9.32,7.65,11.16,5.76,13.15
1.71,10.70,14.11,7.38,12.46,14.73,18.06,9.90,18.37,19.26,7.38,12.42,10.53,20.94,5.48,4.89,12.14,7.17,13.88
15.45,3.45,3.17,13.33,12.25,0.77,5.22,19.05,13.77,27.20,17.69,2.17,22.31,27.58,16.22,14.45,14.61,10.75,16.33
16.48,4.65,4.51,14.83,13.78,0.79,5.56,19.47,12.87,28.75,18.28,3.70,23.73,29.13,16.93,15.16,14.53,12.24,16.15
12.66,15.54,15.86,5.20,7.16,18.78,18.98,21.18,27.81,9.26,18.63,15.86,7.51,10.15,16.82,16.26,23.03,7.63,24.92
6.84,5.38,9.49,8.98,11.90,9.22,13.28,11.19,13.74,23.07,9.36,7.37,15.67,24.26,7.68,5.96,9.55,7.02,11.54
11.30,7.15,7.16,4.60,3.89,10.04,10.61,18.52,20.50,17.93,16.27,7.13,14.02,18.38,14.34,12.98,17.58,2.64,19.58
14.22,11.68,15.59,19.27,21.68,12.65,17.93,10.94,4.35,33.16,11.44,13.31,24.85,34.48,11.46,10.38,3.77,17.24,4.35
5.01,7.39,10.65,6.09,10.11,11.44,14.61,11.86,16.98,19.84,9.57,9.01,12.41,21.13,7.64,6.32,12.05,4.74,13.99
16.50,4.62,1.99,13.36,11.52,2.14,3.48,20.63,15.50,26.82,19.16,2.69,22.60,27.01,17.61,15.86,16.40,10.86,18.14
8.07,4.13,8.32,9.25,11.58,7.96,12.07,12.24,13.37,23.53,10.51,6.14,16.53,24.60,8.88,7.14,9.94,7.05,11.93
6.97,16.32,18.71,7.90,13.28,20.31,22.55,14.63,25.18,13.59,12.19,17.61,3.85,15.75,10.78,11.05,18.62,9.72,20.20
12.13,10.53,14.68,17.37,20.07,12.12,17.39,9.40,6.36,31.15,9.61,12.33,22.76,32.52,9.47,8.32,2.67,15.44,4.16
1.78,11.85,15.09,7.35,12.69,15.89,19.05,10.29,19.57,18.36,7.74,13.50,9.38,20.15,5.95,5.70,13.15,7.58,14.84
12.15,6.91,6.40,5.54,3.85,9.48,9.72,19.18,20.46,18.54,16.97,6.62,14.95,18.86,15.06,13.64,17.92,3.60,19.91
15.68,4.13,0.79,12.14,10.26,3.00,3.91,20.26,16.15,25.54,18.67,2.05,21.42,25.74,17.05,15.31,16.45,9.66,18.25
8.65,18.59,20.98,10.01,15.22,22.59,24.81,15.57,27.04,13.20,13.27,19.89,3.10,15.59,12.10,12.62,20.20,11.95,21.67
15.23,8.88,6.67,7.77,3.26,10.35,8.88,22.30,22.56,18.78,20.11,7.89,16.85,18.65,18.20,16.77,20.74,6.47,22.72
14.21,5.28,3.05,8.90,6.50,6.55,6.30,20.20,18.84,21.83,18.26,4.06,18.32,21.98,16.44,14.83,17.68,6.66,19.61
7.89,14.98,16.83,5.46,10.60,18.84,20.54,16.21,25.19,12.18,13.68,16.01,4.20,14.01,12.03,11.89,19.25,7.64,20.99
12.95,10.45,14.47,17.84,20.30,11.72,17.00,10.36,5.47,31.75,10.58,12.16,23.51,33.06,10.41,9.21,3.48,15.82,4.68
4.57,16.49,19.88,11.30,16.87,20.51,23.84,9.71,22.30,18.90,7.50,18.23,8.83,21.13,6.64,7.63,14.93,12.12,16.21
10.19,9.24,13.57,15.38,18.28,11.43,16.59,8.61,8.22,29.10,8.32,11.18,20.75,30.49,7.87,6.54,3.38,13.51,5.31
13.77,13.89,18.05,20.11,23.20,15.40,20.68,8.72,6.57,33.46,9.81,15.70,24.57,35.00,10.33,9.69,2.12,18.37,1.30
10.13,14.73,15.81,4.24,8.29,18.31,19.27,18.63,26.20,10.61,16.08,15.40,5.69,12.02,14.31,13.89,20.92,6.82,22.75
7.47,4.76,8.92,9.16,11.78,8.58,12.69,11.68,13.48,23.35,9.91,6.77,16.14,24.48,8.27,6.53,9.67,7.07,11.66
13.92,11.93,15.91,19.22,21.78,13.05,18.33,10.40,4.80,33.03,10.97,13.61,24.61,34.39,11.05,10.03,3.22,17.25,3.77
6.30,5.83,9.84,8.63,11.79,9.72,13.68,10.98,14.18,22.63,9.06,7.78,15.14,23.86,7.33,5.65,9.72,6.77,11.70
1.66,12.77,16.07,8.14,13.56,16.80,20.03,9.91,20.00,18.45,7.37,14.45,9.14,20.34,5.70,5.76,13.32,8.52,14.92
14.62,3.93,1.12,10.53,8.65,4.39,5.01,19.79,17.01,23.88,18.04,2.16,19.85,24.11,16.33,14.63,16.54,8.08,18.42
10.58,4.18,5.45,6.58,6.83,7.50,9.35,16.77,17.48,20.66,14.73,4.59,15.67,21.26,12.88,11.32,14.98,4.00,16.96
11.07,10.91,15.20,16.89,19.94,12.90,18.12,8.01,7.62,30.42,8.23,12.82,21.80,31.88,8.19,7.15,1.72,15.11,3.61
15.18,4.33,0.64,11.00,8.91,4.28,4.46,20.29,17.15,24.23,18.56,2.42,20.35,24.41,16.86,15.16,16.92,8.59,18.78
12.93,13.97,18.23,19.62,22.93,15.76,21.02,7.60,7.67,32.76,8.74,15.86,23.73,34.36,9.36,8.84,1.49,17.98,0.53
7.35,4.69,8.38,7.67,10.27,8.72,12.28,12.65,14.95,21.94,10.69,6.47,15.09,23.01,8.91,7.27,11.17,5.52,13.16
11.21,14.04,18.41,18.50,22.22,16.32,21.50,5.44,9.72,31.20,6.64,16.03,21.96,32.91,7.42,7.14,2.02,17.08,2.26
12.65,16.67,17.23,6.15,8.70,20.04,20.43,21.12,28.58,8.26,18.57,17.11,6.18,9.50,16.83,16.43,23.44,8.70,25.29
11.77,19.26,20.73,9.10,13.21,23.02,24.27,19.60,29.57,8.69,17.16,20.14,1.55,11.00,15.72,15.87,23.38,11.59,25.03
10.58,16.90,18.23,6.61,10.76,20.60,21.75,18.84,27.73,9.48,16.33,17.71,3.28,11.35,14.71,14.59,21.94,9.13,23.68
13.56,15.00,19.25,20.49,23.90,16.76,22.03,7.61,8.07,33.48,9.03,16.88,24.33,35.13,9.83,9.47,2.46,18.90,0.49
13.41,4.17,2.84,8.79,7.13,5.88,6.56,19.16,17.79,22.19,17.26,3.16,18.14,22.47,15.47,13.83,16.54,6.38,18.48
12.98,14.52,18.80,19.90,23.33,16.38,21.63,7.22,8.20,32.89,8.54,16.42,23.76,34.53,9.28,8.89,1.92,18.32,0.38
11.64,11.79,16.06,17.72,20.84,13.69,18.93,7.87,7.40,31.16,8.37,13.69,22.42,32.66,8.53,7.64,0.94,15.98,2.72
10.77,15.82,16.87,5.32,9.12,19.40,20.30,19.21,27.19,9.66,16.67,16.48,4.94,11.19,14.95,14.63,21.77,7.90,23.58
14.22,6.61,4.59,7.96,4.94,8.15,7.45,20.74,20.27,20.38,18.67,5.60,17.36,20.46,16.80,15.27,18.70,6.01,20.67
6.43,15.48,17.87,7.15,12.59,19.47,21.71,14.35,24.51,13.84,11.87,16.76,4.41,15.89,10.38,10.52,18.07,8.90,19.69
15.37,20.85,21.47,10.30,12.71,24.28,24.62,23.53,32.36,4.68,21.03,21.35,5.78,6.78,19.47,19.39,26.73,12.88,28.48
10.42,16.61,17.93,6.30,10.49,20.30,21.45,18.72,27.48,9.66,16.20,17.40,3.52,11.48,14.56,14.41,21.73,8.82,23.49
14.99,8.55,6.40,7.67,3.39,10.06,8.72,22.01,22.23,18.93,19.83,7.58,16.82,18.84,17.92,16.48,20.40,6.27,22.38
12.09,0.15,4.28,10.52,10.64,3.99,7.86,16.27,13.81,24.75,14.69,1.95,19.18,25.38,13.11,11.36,12.76,7.94,14.65
10.90,10.51,14.80,16.56,19.57,12.52,17.73,8.19,7.67,30.15,8.28,12.42,21.60,31.59,8.14,7.03,2.12,14.75,4.02
9.97,10.60,14.97,15.98,19.23,12.91,18.06,7.28,8.69,29.39,7.27,12.58,20.71,30.89,7.12,6.05,2.21,14.29,4.21
10.83,3.91,5.12,6.91,7.00,7.17,9.03,16.89,17.30,20.97,14.88,4.25,16.01,21.55,13.04,11.46,14.95,4.34,16.93
4.63,14.13,16.83,6.93,12.51,18.16,20.73,12.73,22.71,15.51,10.22,15.55,6.23,17.47,8.64,8.72,16.25,8.20,17.89
5.54,6.61,10.60,8.61,12.11,10.50,14.45,10.36,14.46,22.40,8.37,8.56,14.65,23.71,6.60,4.95,9.57,6.95,11.54
5.33,16.15,19.03,9.19,14.75,20.19,22.96,12.32,23.74,16.01,9.95,17.66,6.04,18.20,8.71,9.23,16.80,10.51,18.27
18.76,6.76,4.77,16.19,14.27,2.82,3.75,22.03,14.73,29.64,20.81,5.22,25.37,29.79,19.42,17.65,17.03,13.67,18.59
9.74,2.27,6.31,9.14,10.46,6.28,10.09,14.23,13.91,23.52,12.52,4.18,17.27,24.37,10.87,9.14,11.51,6.67,13.47
17.21,9.19,5.87,10.17,5.56,9.65,7.05,23.83,22.57,20.88,21.76,7.71,19.29,20.55,19.89,18.36,21.60,8.66,23.55
12.95,16.86,17.36,6.37,8.73,20.21,20.53,21.43,28.84,8.02,18.88,17.28,6.37,9.21,17.14,16.74,23.74,8.91,25.59
7.25,4.78,8.75,8.43,11.11,8.73,12.59,12.02,14.20,22.64,10.15,6.70,15.55,23.76,8.42,6.73,10.33,6.34,12.33
5.68,6.81,10.95,9.37,12.85,10.59,14.74,9.79,13.81,23.10,7.91,8.82,15.20,24.44,6.22,4.50,8.80,7.71,10.76
6.39,5.66,9.60,8.32,11.42,9.60,13.46,11.30,14.44,22.37,9.36,7.58,14.99,23.57,7.60,5.94,10.07,6.43,12.06
12.60,18.30,19.25,7.78,11.06,21.86,22.59,20.85,29.55,7.48,18.34,18.94,4.10,9.34,16.73,16.59,23.90,10.37,25.67
4.25,15.93,19.74,12.77,18.17,19.80,23.66,6.74,19.98,21.75,4.63,17.83,11.75,23.91,4.18,5.60,12.35,13.03,13.48
10.33,9.21,13.52,15.46,18.32,11.35,16.52,8.75,8.08,29.21,8.47,11.14,20.88,30.58,8.02,6.69,3.41,13.57,5.32
2.71,14.61,18.30,11.15,16.54,18.55,22.24,7.55,19.69,20.66,5.15,16.47,10.82,22.73,4.06,5.03,12.33,11.40,13.66
2.03,11.09,15.02,10.05,14.85,14.94,18.90,7.18,16.42,21.94,4.73,13.03,12.83,23.69,2.78,2.13,9.63,9.46,11.27
7.91,4.49,7.70,6.86,9.13,8.52,11.65,13.72,15.84,21.22,11.69,6.01,14.80,22.18,9.86,8.27,12.31,4.55,14.30
9.82,2.68,5.82,7.99,9.06,6.63,9.74,15.08,15.30,22.33,13.21,4.06,16.49,23.11,11.46,9.79,12.80,5.45,14.78
11.81,2.23,6.32,11.99,12.81,4.57,9.43,14.75,11.52,26.36,13.45,3.95,20.06,27.16,12.07,10.30,10.61,9.48,12.44
4.32,11.51,14.13,4.91,10.41,15.52,18.04,12.83,20.97,16.25,10.28,12.87,8.08,17.88,8.45,7.97,15.12,5.66,16.91
10.63,8.81,13.09,15.43,18.13,10.83,16.02,9.32,7.80,29.29,9.00,10.71,21.10,30.62,8.49,7.10,3.84,13.48,5.69
8.63,3.66,7.94,9.63,11.70,7.43,11.63,12.57,13.04,23.94,10.92,5.71,17.06,24.97,9.33,7.58,9.95,7.35,11.93
17.92,6.31,2.40,13.93,11.32,3.91,1.67,22.41,17.21,26.83,20.87,4.25,23.31,26.83,19.28,17.53,18.29,11.55,20.03
9.56,2.86,6.08,7.90,9.13,6.85,10.01,14.84,15.27,22.26,12.96,4.31,16.32,23.06,11.20,9.54,12.64,5.38,14.62
8.45,15.66,17.45,5.99,10.96,19.51,21.13,16.70,25.88,11.60,14.18,16.67,3.53,13.50,12.57,12.48,19.89,8.25,21.61
5.01,7.27,10.62,6.35,10.30,11.32,14.57,11.68,16.72,20.11,9.41,8.92,12.65,21.41,7.49,6.14,11.78,4.96,13.73
13.05,19.07,20.06,8.57,11.84,22.65,23.40,21.21,30.21,7.00,18.72,19.73,3.86,9.04,17.15,17.08,24.45,11.16,26.19
14.47,10.27,13.96,18.62,20.60,10.87,16.12,12.28,4.07,32.75,12.46,11.75,24.85,33.94,12.19,10.90,5.32,16.45,6.22
10.97,2.98,4.70,7.75,7.89,6.36,8.66,16.60,16.42,21.87,14.68,3.48,16.72,22.47,12.90,11.26,14.31,5.16,16.28
4.46,16.44,20.06,12.24,17.75,20.40,24.01,8.23,21.30,20.42,6.13,18.27,10.37,22.64,5.51,6.74,13.76,12.79,14.94
11.98,14.27,18.61,19.12,22.72,16.38,21.59,6.17,9.09,31.94,7.44,16.23,22.74,33.62,8.22,7.90,1.80,17.63,1.46
5.44,10.64,12.96,3.56,8.99,14.58,16.83,13.84,20.94,15.96,11.32,11.85,8.59,17.40,9.42,8.72,15.54,4.26,17.39
12.47,11.30,15.45,18.00,20.79,12.86,18.13,9.17,6.22,31.68,9.58,13.10,23.17,33.09,9.60,8.57,2.15,16.11,3.43
13.02,4.69,3.65,8.00,6.33,6.71,7.26,19.09,18.37,21.34,17.11,3.93,17.38,21.64,15.28,13.69,16.79,5.64,18.74
12.42,16.53,17.15,6.00,8.70,19.93,20.38,20.89,28.39,8.43,18.35,17.00,6.04,9.71,16.60,16.21,23.23,8.57,25.08
10.09,7.41,11.72,14.20,16.73,9.64,14.77,10.00,8.66,28.21,9.32,9.34,20.29,29.46,8.51,6.94,5.21,12.17,7.11
13.08,2.19,2.57,9.97,9.12,4.14,6.48,17.99,15.69,23.84,16.28,1.22,19.07,24.27,14.60,12.88,14.79,7.40,16.69
9.57,18.40,20.42,9.04,13.94,22.32,24.15,17.06,27.75,11.38,14.66,19.53,1.30,13.71,13.33,13.64,21.22,11.25,22.80
12.95,8.49,7.57,5.31,2.25,10.87,10.54,20.34,22.05,17.31,18.06,8.08,14.52,17.50,16.12,14.80,19.40,4.09,21.40
11.12,15.09,15.89,4.54,7.88,18.56,19.23,19.63,26.88,9.94,17.08,15.63,6.22,11.19,15.29,14.83,21.77,7.12,23.63
15.02,3.01,2.88,12.80,11.78,1.29,5.35,18.80,13.98,26.69,17.39,1.65,21.80,27.08,15.89,14.12,14.53,10.22,16.29
16.87,4.98,2.22,13.69,11.74,2.25,3.19,20.95,15.60,27.08,19.50,3.06,22.94,27.25,17.96,16.20,16.66,11.19,18.38
17.40,5.81,1.89,13.47,10.99,3.64,2.19,21.93,16.99,26.47,20.37,3.74,22.83,26.51,18.77,17.02,17.89,11.07,19.65
10.00,14.23,15.28,3.72,7.82,17.80,18.74,18.51,25.80,11.00,15.96,14.88,6.17,12.32,14.16,13.68,20.63,6.30,22.48
13.47,8.22,6.95,6.06,2.63,10.36,9.81,20.69,21.86,17.97,18.46,7.64,15.29,18.08,16.53,15.15,19.49,4.67,21.48
7.78,19.65,22.92,13.57,19.14,23.68,26.88,11.66,25.21,18.62,9.84,21.34,8.61,21.08,9.41,10.63,17.63,14.77,18.73
11.42,0.66,4.70,9.93,10.32,4.69,8.40,15.80,14.02,24.20,14.16,2.48,18.51,24.88,12.55,10.80,12.57,7.35,14.48
0.69,12.14,15.87,9.60,14.73,16.08,19.80,7.83,18.00,20.70,5.28,14.00,11.38,22.56,3.50,3.52,11.10,9.43,12.67
13.82,8.82,7.43,6.11,2.10,10.90,10.14,21.16,22.47,17.56,18.90,8.21,15.21,17.61,16.97,15.62,20.07,4.97,22.06
12.19,15.52,19.89,19.78,23.62,17.75,22.94,5.41,10.29,32.23,7.11,17.50,22.82,34.01,8.20,8.19,3.23,18.44,2.45
1.73,13.19,16.99,10.67,15.87,17.09,20.91,7.05,18.26,21.23,4.51,15.08,11.65,23.18,2.97,3.59,11.07,10.59,12.51
9.11,14.84,16.27,4.66,9.33,18.56,19.86,17.56,25.77,11.19,15.01,15.67,4.79,12.82,13.29,12.99,20.18,7.11,21.98
9.74,2.65,5.92,8.08,9.22,6.64,9.83,14.93,15.15,22.43,13.07,4.11,16.52,23.22,11.33,9.66,12.63,5.55,14.60
12.95,7.55,6.54,5.90,3.22,9.84,9.61,20.06,21.17,18.33,17.84,7.06,15.25,18.53,15.92,14.52,18.78,4.25,20.77
2.07,12.46,15.64,7.48,12.91,16.50,19.60,10.49,20.16,17.98,7.94,14.08,8.84,19.82,6.23,6.13,13.64,7.91,15.30
6.74,7.10,9.56,4.31,7.94,11.04,13.48,14.02,18.33,18.54,11.70,8.31,12.07,19.63,9.76,8.48,13.98,2.59,15.95
9.67,16.06,17.53,5.91,10.41,19.81,21.11,17.98,26.78,10.41,15.45,16.92,3.60,12.23,13.81,13.66,20.98,8.37,22.74
9.74,18.49,20.48,9.07,13.92,22.41,24.19,17.24,27.91,11.19,14.85,19.61,1.12,13.52,13.51,13.82,21.39,11.30,22.97
12.27,3.77,3.76,7.97,7.04,6.28,7.61,18.11,17.45,21.69,16.17,3.37,17.24,22.11,14.37,12.75,15.74,5.48,17.70
4.30,12.16,14.78,5.30,10.85,16.17,18.69,12.81,21.42,15.97,10.26,13.52,7.54,17.68,8.48,8.13,15.41,6.24,17.17
10.54,14.83,15.79,4.30,8.06,18.37,19.20,19.05,26.45,10.36,16.50,15.44,5.94,11.69,14.71,14.27,21.25,6.89,23.10
14.78,14.39,18.46,20.98,23.93,15.66,20.94,9.66,5.85,34.42,10.82,16.14,25.58,35.94,11.36,10.71,3.13,19.18,2.09
3.81,15.48,19.29,12.38,17.76,19.36,23.21,6.75,19.71,21.61,4.53,17.38,11.66,23.74,3.91,5.24,12.13,12.60,13.32
4.87,15.49,18.36,8.59,14.17,19.53,22.28,12.21,23.27,16.01,9.79,16.99,6.19,18.14,8.44,8.86,16.44,9.86,17.96
12.87,7.29,6.31,5.99,3.48,9.59,9.43,19.91,20.92,18.56,17.71,6.80,15.36,18.78,15.79,14.37,18.57,4.24,20.56
3.21,15.16,18.82,11.44,16.87,19.10,22.76,7.74,20.18,20.54,5.42,17.00,10.63,22.66,4.48,5.54,12.77,11.79,14.05
13.40,2.47,2.25,10.12,9.09,4.05,6.16,18.32,15.86,23.92,16.61,1.17,19.27,24.32,14.93,13.22,15.08,7.58,16.97
11.08,11.41,15.71,17.16,20.32,13.44,18.65,7.61,7.83,30.58,7.96,13.33,21.85,32.08,8.03,7.10,1.21,15.43,3.16
6.08,9.97,12.12,2.90,8.17,13.86,15.97,14.34,20.73,16.08,11.85,11.09,9.21,17.39,9.93,9.09,15.63,3.35,17.53
11.50,17.01,18.05,6.52,10.11,20.60,21.45,19.86,28.27,8.67,17.33,17.68,4.24,10.38,15.66,15.45,22.70,9.10,24.48
9.99,15.25,16.46,4.84,9.06,18.89,19.96,18.44,26.46,10.42,15.90,15.98,4.92,11.98,14.17,13.84,20.99,7.39,22.80
10.93,4.27,5.21,6.66,6.61,7.43,9.08,17.14,17.69,20.64,15.09,4.51,15.83,21.20,13.25,11.69,15.30,4.10,17.28
8.88,19.61,22.26,11.59,16.91,23.64,26.13,14.95,27.24,14.57,12.79,21.03,4.66,17.06,11.86,12.62,20.10,13.37,21.46
4.73,7.27,11.03,7.74,11.60,11.26,14.94,10.50,15.54,21.36,8.34,9.12,13.55,22.72,6.47,4.97,10.40,6.30,12.34
11.75,17.72,18.84,7.27,10.93,21.35,22.25,20.00,28.80,8.32,17.49,18.43,3.60,10.20,15.87,15.75,23.08,9.85,24.83
4.28,16.15,19.51,10.88,16.45,20.17,23.47,9.83,22.18,18.65,7.57,17.87,8.62,20.85,6.61,7.51,14.88,11.70,16.20
2.87,13.72,17.67,11.83,16.97,17.54,21.55,5.89,17.81,22.33,3.37,15.68,12.64,24.31,2.10,3.25,10.38,11.65,11.70
14.47,10.17,13.85,18.57,20.52,10.76,16.01,12.35,4.10,32.71,12.51,11.65,24.83,33.89,12.22,10.92,5.41,16.38,6.32
6.08,14.26,16.55,5.86,11.35,18.22,20.38,14.36,23.73,13.97,11.83,15.49,5.21,15.85,10.20,10.12,17.56,7.56,19.26
9.57,2.66,6.98,9.83,11.40,6.44,10.63,13.52,13.04,24.20,11.91,4.72,17.65,25.12,10.34,8.58,10.57,7.42,12.53
11.98,3.54,3.93,7.91,7.22,6.25,7.82,17.77,17.20,21.74,15.83,3.32,17.12,22.20,14.04,12.41,15.41,5.38,17.37
2.54,14.53,18.15,10.78,16.19,18.49,22.10,7.98,19.93,20.22,5.56,16.35,10.40,22.29,4.39,5.25,12.64,11.10,14.00
1.81,13.78,17.42,10.32,15.67,17.74,21.37,7.91,19.35,20.29,5.42,15.61,10.61,22.29,4.03,4.68,12.17,10.51,13.60
9.97,15.84,17.17,5.54,9.84,19.53,20.69,18.35,26.81,10.21,15.81,16.63,4.14,11.92,14.13,13.91,21.16,8.05,22.94
13.26,10.53,9.71,4.66,0.93,13.04,12.52,21.13,23.96,15.20,18.75,10.23,13.16,15.33,16.80,15.63,20.84,4.60,22.83
3.67,13.75,16.66,7.34,12.91,17.79,20.59,11.76,21.87,16.49,9.24,15.26,7.15,18.44,7.66,7.76,15.31,8.32,16.93
15.00,16.67,16.36,6.95,7.01,19.58,19.12,23.52,29.45,8.55,20.97,16.70,9.48,8.79,19.13,18.50,25.06,9.07,26.98
9.73,3.64,5.96,6.92,7.92,7.38,9.91,15.61,16.48,21.21,13.61,4.60,15.65,21.95,11.79,10.19,13.76,4.34,15.75
13.56,11.30,15.29,18.67,21.18,12.46,17.74,10.43,4.97,32.53,10.86,12.99,24.20,33.87,10.83,9.74,3.32,16.67,4.17
8.99,14.79,16.26,4.65,9.38,18.52,19.85,17.43,25.67,11.30,14.88,15.64,4.78,12.94,13.16,12.87,20.07,7.09,21.86
9.52,3.74,6.16,6.83,7.99,7.53,10.12,15.42,16.45,21.15,13.41,4.77,15.51,21.91,11.59,9.99,13.63,4.27,15.62
9.27,16.41,18.08,6.52,11.24,20.22,21.72,17.45,26.74,10.79,14.94,17.37,2.90,12.75,13.36,13.32,20.74,8.89,22.45
2.86,14.03,17.21,8.54,14.08,18.07,21.16,10.49,21.27,17.70,8.00,15.66,8.10,19.71,6.53,6.85,14.43,9.28,15.97
4.40,14.63,17.47,7.78,13.36,18.67,21.39,12.19,22.71,16.00,9.71,16.11,6.43,18.03,8.23,8.47,16.05,8.97,17.63
4.25,16.25,19.75,11.57,17.11,20.24,23.71,8.94,21.66,19.61,6.75,18.03,9.57,21.82,5.95,7.01,14.23,12.24,15.49
4.36,10.91,13.54,4.66,10.06,14.92,17.45,12.81,20.52,16.57,10.28,12.27,8.61,18.13,8.40,7.80,14.82,5.18,16.63
11.81,2.23,3.80,8.78,8.51,5.31,7.75,17.05,15.90,22.83,15.24,2.42,17.78,23.36,13.51,11.82,14.31,6.19,16.25
4.39,7.62,11.33,7.65,11.66,11.61,15.25,10.36,15.80,21.15,8.16,9.45,13.24,22.54,6.26,4.82,10.51,6.33,12.43
16.27,7.64,4.34,9.90,6.04,8.13,6.09,22.58,20.99,21.57,20.58,6.13,19.23,21.43,18.73,17.16,20.12,8.06,22.05
11.35,10.77,15.03,17.00,19.96,12.66,17.90,8.40,7.27,30.61,8.62,12.66,22.06,32.04,8.54,7.46,1.94,15.18,3.73
3.38,14.36,17.45,8.44,14.01,18.40,21.39,10.97,21.79,17.22,8.49,15.95,7.57,19.25,7.05,7.38,14.97,9.33,16.51
7.18,4.88,8.88,8.54,11.26,8.81,12.71,11.87,14.10,22.73,10.00,6.82,15.58,23.86,8.29,6.59,10.18,6.47,12.17
4.63,16.57,20.24,12.61,18.10,20.50,24.19,7.86,21.12,20.87,5.81,18.42,10.80,23.09,5.32,6.63,13.52,13.11,14.66
12.19,5.42,4.99,6.67,5.33,7.92,8.55,18.70,19.05,20.06,16.61,5.06,16.07,20.43,14.73,13.21,16.91,4.37,18.89
16.74,6.86,2.89,11.17,7.77,6.60,4.34,22.49,19.74,23.32,20.63,5.05,20.57,23.22,18.85,17.21,19.48,9.08,21.36
3.36,11.13,14.03,5.66,11.03,15.17,17.97,11.83,20.06,17.27,9.29,12.61,8.88,18.92,7.44,6.92,14.10,6.02,15.88
13.37,1.82,2.61,10.70,9.94,3.38,6.30,17.91,14.98,24.64,16.28,0.49,19.72,25.08,14.66,12.92,14.40,8.12,16.27
13.35,6.61,5.25,6.98,4.39,8.61,8.35,20.07,20.29,19.63,17.94,5.90,16.38,19.81,16.06,14.57,18.33,5.02,20.31
13.94,3.14,1.68,10.26,8.84,4.16,5.63,18.99,16.39,23.87,17.25,1.54,19.50,24.18,15.56,13.85,15.75,7.75,17.64
10.16,14.09,15.06,3.55,7.51,17.62,18.49,18.67,25.77,11.04,16.12,14.69,6.48,12.29,14.31,13.80,20.68,6.14,22.54
10.35,6.33,7.02,4.63,5.05,9.53,10.70,17.39,19.46,18.52,15.17,6.60,13.95,19.11,13.25,11.85,16.41,2.20,18.40
10.85,7.85,12.08,15.01,17.43,9.77,14.97,10.24,7.83,29.03,9.75,9.71,21.10,30.28,9.07,7.57,4.87,12.95,6.68
12.17,12.84,17.11,18.59,21.82,14.70,19.95,7.59,7.52,31.87,8.41,14.73,22.98,33.42,8.80,8.11,0.52,16.90,1.67
10.92,2.03,4.72,8.54,8.91,5.73,8.64,16.07,15.39,22.77,14.25,3.02,17.31,23.42,12.52,10.84,13.44,5.95,15.40
6.86,13.80,15.81,4.74,10.15,17.69,19.57,15.29,23.93,13.31,12.75,14.89,5.38,15.04,11.03,10.78,18.07,6.68,19.83
12.22,16.79,17.53,6.24,9.21,20.25,20.81,20.67,28.47,8.33,18.12,17.32,5.47,9.76,16.40,16.07,23.18,8.82,25.00
6.02,18.01,21.47,12.86,18.44,22.00,25.43,9.77,23.17,19.60,7.84,19.78,9.48,21.94,7.37,8.61,15.58,13.74,16.71
13.84,7.70,6.13,6.80,3.40,9.61,8.93,20.83,21.39,18.83,18.65,6.96,16.10,18.91,16.74,15.30,19.32,5.19,21.30
15.22,6.11,3.10,9.58,6.57,6.83,5.73,21.24,19.50,22.06,19.29,4.64,18.99,22.09,17.48,15.87,18.61,7.46,20.54
12.76,3.02,2.93,8.99,8.00,5.22,6.87,18.17,16.67,22.75,16.34,2.32,18.20,23.16,14.59,12.92,15.39,6.46,17.32
7.34,5.67,8.44,5.59,8.39,9.64,12.40,13.89,17.04,19.93,11.71,7.00,13.53,20.94,9.81,8.35,13.13,3.43,15.11
12.78,8.91,12.86,16.87,19.00,10.07,15.35,11.31,5.86,30.97,11.19,10.56,23.08,32.18,10.73,9.34,4.88,14.73,6.29
4.36,14.15,18.27,13.27,18.27,17.81,22.09,4.25,16.87,23.96,1.75,16.17,14.22,25.95,1.25,2.99,9.20,12.90,10.37
5.09,16.42,19.49,10.02,15.60,20.47,23.43,11.50,23.40,16.96,9.19,18.01,6.92,19.18,8.08,8.78,16.28,11.19,17.69
16.84,5.18,1.52,13.15,10.92,3.13,2.80,21.30,16.49,26.34,19.75,3.13,22.48,26.45,18.16,16.41,17.26,10.71,19.03
12.53,14.50,14.67,4.42,5.93,17.65,17.75,21.03,27.01,10.33,18.49,14.74,8.49,11.02,16.62,15.95,22.49,6.69,24.41
11.78,0.25,4.52,10.31,10.58,4.29,8.14,16.00,13.81,24.57,14.41,2.22,18.92,25.23,12.82,11.07,12.59,7.73,14.49
11.06,9.34,13.58,16.03,18.73,11.22,16.45,9.28,7.35,29.86,9.13,11.21,21.60,31.20,8.74,7.43,3.39,14.08,5.18
15.03,5.10,1.92,10.10,7.62,5.61,5.10,20.64,18.33,23.02,18.79,3.48,19.51,23.14,17.03,15.37,17.69,7.81,19.60
9.44,2.80,6.24,8.11,9.46,6.82,10.15,14.58,14.97,22.48,12.72,4.38,16.42,23.31,10.99,9.31,12.31,5.62,14.29
13.44,18.09,18.69,7.55,10.08,21.49,21.88,21.83,29.83,6.98,19.29,18.56,5.63,8.47,17.61,17.34,24.49,10.12,26.31
11.09,0.92,5.16,9.96,10.59,4.94,8.83,15.34,13.71,24.28,13.72,2.91,18.41,25.01,12.12,10.37,12.11,7.41,14.03
11.82,2.39,6.46,12.11,12.97,4.64,9.54,14.66,11.35,26.49,13.39,4.10,20.14,27.29,12.02,10.25,10.46,9.61,12.29
13.19,7.64,6.48,6.11,3.18,9.84,9.48,20.29,21.29,18.40,18.07,7.09,15.43,18.56,16.15,14.75,18.97,4.49,20.96
2.97,14.60,17.89,9.39,14.93,18.63,21.84,9.95,21.29,18.25,7.50,16.28,8.47,20.32,6.18,6.71,14.26,10.10,15.73
13.96,4.45,2.45,9.22,7.25,5.75,6.06,19.66,17.97,22.46,17.78,3.19,18.60,22.68,16.00,14.36,16.93,6.86,18.85
11.48,0.91,5.31,10.74,11.34,4.51,8.79,15.29,12.99,25.07,13.78,2.95,19.10,25.80,12.25,10.49,11.71,8.19,13.60
8.20,16.01,17.94,6.59,11.66,19.89,21.66,16.31,25.90,11.90,13.81,17.08,3.18,13.90,12.25,12.27,19.74,8.76,21.42
4.05,15.92,19.29,10.72,16.28,19.94,23.24,9.74,21.99,18.67,7.45,17.64,8.67,20.86,6.45,7.32,14.71,11.51,16.05
12.44,11.16,15.30,17.90,20.67,12.71,17.98,9.25,6.19,31.61,9.62,12.96,23.13,33.01,9.61,8.56,2.27,16.00,3.58
11.00,11.94,16.27,17.38,20.68,14.05,19.25,7.06,8.22,30.65,7.56,13.89,21.80,32.20,7.77,6.96,0.77,15.72,2.76
12.41,4.79,4.30,7.34,6.01,7.18,7.95,18.64,18.47,20.81,16.62,4.32,16.70,21.17,14.77,13.21,16.57,4.96,18.54
9.44,10.85,15.25,15.75,19.16,13.33,18.43,6.62,9.35,29.00,6.58,12.87,20.21,30.54,6.46,5.45,2.40,14.14,4.34
11.86,10.00,14.17,16.91,19.56,11.64,16.90,9.53,6.56,30.74,9.60,11.81,22.44,32.09,9.36,8.13,3.05,14.96,4.64
15.78,15.12,19.11,21.94,24.81,16.20,21.47,10.47,5.50,35.42,11.73,16.82,26.58,36.92,12.33,11.70,4.12,20.11,2.88
1.80,13.11,16.93,10.75,15.92,17.00,20.85,6.89,18.08,21.40,4.35,15.01,11.83,23.34,2.79,3.40,10.87,10.63,12.31
10.58,15.28,19.69,18.54,22.67,17.88,22.96,3.53,11.80,30.62,5.25,17.32,21.08,32.46,6.49,6.72,4.09,17.39,4.10
11.60,2.04,4.02,8.79,8.70,5.32,7.95,16.77,15.67,22.90,14.97,2.49,17.73,23.47,13.24,11.55,14.02,6.20,15.97
11.82,4.57,4.65,7.01,6.18,7.28,8.40,18.06,18.18,20.69,16.02,4.37,16.32,21.13,14.18,12.61,16.09,4.55,18.06
13.31,10.40,14.36,18.03,20.38,11.53,16.81,10.81,5.10,32.00,11.02,12.07,23.84,33.29,10.83,9.61,3.89,15.97,5.00
11.78,3.05,3.95,8.13,7.69,5.96,7.89,17.39,16.70,22.08,15.49,3.03,17.26,22.58,13.71,12.07,14.93,5.57,16.88
14.19,9.19,7.65,6.35,1.90,11.18,10.23,21.57,22.85,17.44,19.30,8.52,15.34,17.43,17.36,16.02,20.48,5.32,22.47
13.74,16.66,16.82,6.39,7.85,19.83,19.83,22.25,29.01,8.15,19.70,16.91,7.70,8.95,17.91,17.40,24.21,8.79,26.09
13.36,6.84,5.49,6.82,4.13,8.87,8.56,20.16,20.52,19.38,18.01,6.15,16.21,19.55,16.12,14.64,18.50,4.93,20.48
12.97,7.43,6.40,6.01,3.35,9.70,9.47,20.04,21.06,18.47,17.83,6.92,15.36,18.68,15.91,14.50,18.71,4.31,20.70
12.63,12.66,16.87,18.79,21.87,14.35,19.61,8.28,6.84,32.21,9.05,14.51,23.42,33.72,9.37,8.59,1.13,17.03,1.93
3.14,14.10,18.04,12.10,17.27,17.91,21.93,5.79,18.04,22.40,3.32,16.05,12.65,24.41,2.26,3.55,10.54,11.97,11.82
6.18,13.33,15.49,4.74,10.27,17.26,19.30,14.63,23.26,14.01,12.09,14.49,5.92,15.74,10.35,10.08,17.37,6.45,19.13
5.27,17.00,20.80,13.58,19.03,20.87,24.72,7.03,20.79,21.93,5.19,18.90,11.85,24.17,5.06,6.57,13.06,13.96,14.09
9.38,15.47,16.92,5.30,9.88,19.20,20.50,17.77,26.28,10.78,15.23,16.31,4.18,12.50,13.55,13.32,20.59,7.76,22.36
2.08,10.58,13.90,6.97,12.07,14.62,17.85,10.30,18.57,18.94,7.78,12.25,10.33,20.60,5.88,5.25,12.44,6.80,14.20
9.99,2.10,5.85,8.82,9.92,6.14,9.69,14.76,14.42,23.18,13.00,3.83,17.16,23.98,11.31,9.60,12.12,6.30,14.08
11.83,1.04,4.02,9.69,9.71,4.57,7.83,16.50,14.71,23.86,14.81,1.98,18.48,24.46,13.15,11.43,13.36,7.09,15.28
16.43,4.43,2.83,13.82,12.29,1.21,4.13,20.17,14.57,27.47,18.80,2.78,22.96,27.74,17.31,15.55,15.70,11.28,17.41
11.20,13.27,17.62,18.14,21.69,15.47,20.66,6.11,9.01,31.09,7.03,15.24,21.99,32.73,7.59,7.10,1.14,16.62,2.07
11.84,16.54,17.37,5.99,9.19,20.03,20.69,20.28,28.14,8.67,17.74,17.11,5.27,10.14,16.02,15.69,22.81,8.58,24.63
10.48,8.60,12.89,15.20,17.89,10.67,15.85,9.36,7.98,29.08,8.97,10.51,20.91,30.40,8.41,6.99,4.03,13.24,5.91
13.41,17.44,17.90,6.95,9.18,20.77,21.04,21.87,29.41,7.44,19.32,17.84,6.35,8.67,17.59,17.23,24.26,9.48,26.11
11.70,10.14,14.33,16.89,19.61,11.85,17.10,9.27,6.74,30.67,9.35,11.97,22.31,32.04,9.14,7.94,2.81,14.96,4.45
16.81,8.78,5.56,9.88,5.43,9.34,6.97,23.40,22.20,20.84,21.34,7.34,19.05,20.57,19.46,17.94,21.18,8.30,23.12
9.25,4.48,6.61,6.08,7.43,8.21,10.55,15.52,17.12,20.40,13.43,5.40,14.82,21.18,11.57,10.04,14.07,3.52,16.06
14.65,12.52,16.43,19.97,22.48,13.48,18.75,10.86,4.26,33.78,11.55,14.16,25.35,35.14,11.71,10.74,3.69,17.98,3.87
3.48,15.13,18.40,9.72,15.28,19.16,22.35,10.13,21.75,18.11,7.73,16.80,8.24,20.23,6.50,7.13,14.65,10.52,16.09
8.26,16.39,18.38,7.05,12.13,20.29,22.11,16.25,26.10,11.94,13.77,17.49,2.86,14.01,12.26,12.34,19.85,9.20,21.51
7.15,14.34,16.32,5.16,10.49,18.23,20.08,15.53,24.41,12.94,12.99,15.42,4.85,14.73,11.31,11.13,18.48,7.17,20.22
14.16,8.68,7.06,6.59,2.48,10.60,9.68,21.39,22.35,18.00,19.16,7.95,15.71,18.01,17.23,15.85,20.13,5.34,22.12
14.85,7.01,4.58,8.47,5.06,8.25,7.13,21.36,20.62,20.58,19.30,5.85,17.83,20.58,17.43,15.90,19.23,6.59,21.19
12.54,10.55,14.65,17.64,20.24,12.00,17.28,9.83,5.92,31.47,10.05,12.32,23.15,32.82,9.92,8.75,2.99,15.67,4.31
12.84,18.05,18.85,7.50,10.49,21.54,22.13,21.17,29.52,7.35,18.65,18.61,4.78,9.05,16.99,16.79,24.02,10.09,25.81
3.44,11.90,14.75,5.90,11.39,15.94,18.68,11.96,20.71,16.82,9.41,13.37,8.19,18.54,7.61,7.27,14.59,6.54,16.33
11.99,10.79,14.98,17.42,20.22,12.46,17.72,9.05,6.58,31.13,9.31,12.62,22.66,32.53,9.23,8.13,2.29,15.53,3.82
16.44,12.52,16.03,20.96,22.93,12.74,17.90,13.21,2.01,35.04,13.78,13.89,26.97,36.26,13.79,12.67,6.02,18.79,6.16
4.55,10.58,13.18,4.42,9.77,14.58,17.09,12.95,20.36,16.65,10.42,11.92,8.86,18.16,8.53,7.85,14.77,4.83,16.60
11.75,2.11,3.86,8.83,8.63,5.27,7.80,16.94,15.77,22.90,15.14,2.40,17.80,23.45,13.41,11.73,14.18,6.24,16.12
11.93,18.23,19.40,7.82,11.52,21.88,22.83,20.09,29.16,8.13,17.59,18.97,3.17,10.13,16.02,15.96,23.34,10.38,25.08
11.25,13.09,17.44,18.09,21.60,15.25,20.45,6.32,8.79,31.10,7.19,15.05,22.05,32.73,7.70,7.16,0.90,16.54,2.04
14.58,11.49,15.30,19.37,21.63,12.27,17.53,11.54,3.87,33.35,11.98,13.05,25.16,34.63,11.94,10.81,4.39,17.29,4.97
2.97,14.49,18.32,11.77,17.07,18.36,22.24,6.56,18.91,21.63,4.16,16.40,11.82,23.69,3.16,4.33,11.45,11.84,12.73
7.97,5.87,8.14,4.92,7.43,9.72,12.06,14.79,17.82,19.30,12.58,6.94,13.33,20.22,10.66,9.25,14.07,2.57,16.06
1.69,13.46,16.88,9.09,14.52,17.47,20.83,9.24,20.04,18.99,6.72,15.19,9.44,20.96,5.20,5.54,13.12,9.48,14.64
10.68,18.40,20.03,8.44,12.87,22.21,23.64,18.53,28.51,9.71,16.08,19.35,1.14,11.95,14.63,14.77,22.29,10.85,23.94
11.09,0.92,5.20,10.02,10.67,4.93,8.86,15.30,13.64,24.34,13.69,2.94,18.45,25.07,12.10,10.35,12.05,7.47,13.97
2.15,13.09,16.98,11.10,16.21,16.94,20.88,6.45,17.71,21.86,3.90,15.02,12.29,23.80,2.32,3.04,10.45,10.90,11.87
11.49,3.89,7.99,12.91,14.24,5.86,10.95,13.49,10.06,27.28,12.40,5.64,20.46,28.21,11.18,9.43,8.95,10.51,10.77
14.05,2.08,2.82,11.80,11.02,2.28,5.98,18.10,14.19,25.77,16.60,0.76,20.76,26.22,15.06,13.30,14.15,9.22,15.97
5.86,6.16,9.83,7.41,10.79,10.17,13.75,11.54,15.41,21.40,9.46,7.95,14.04,22.62,7.61,6.05,10.85,5.64,12.82
10.67,10.61,14.93,16.46,19.55,12.71,17.90,7.88,7.95,29.99,7.98,12.55,21.38,31.45,7.85,6.77,2.01,14.69,3.96
11.67,0.35,4.73,10.40,10.76,4.36,8.32,15.80,13.61,24.68,14.23,2.42,18.94,25.36,12.65,10.90,12.36,7.82,14.26
12.17,17.94,18.96,7.45,10.89,21.53,22.33,20.44,29.14,7.91,17.92,18.61,3.92,9.76,16.30,16.16,23.47,10.03,25.23
13.32,5.64,4.27,7.62,5.44,7.56,7.59,19.69,19.33,20.61,17.65,4.84,17.04,20.83,15.79,14.24,17.62,5.43,19.59
7.81,9.55,13.97,13.82,17.33,12.44,17.35,6.90,10.64,27.14,6.11,11.61,18.49,28.65,5.44,4.07,4.32,12.24,6.25
7.96,15.64,17.58,6.26,11.38,19.53,21.31,16.14,25.58,12.11,13.63,16.72,3.54,14.06,12.04,12.02,19.47,8.41,21.16
9.83,12.59,16.99,16.89,20.59,15.08,20.19,5.31,9.95,29.73,5.86,14.61,20.62,31.39,6.27,5.74,2.06,15.45,3.43
9.61,16.76,18.38,6.80,11.41,20.55,22.00,17.76,27.11,10.46,15.26,17.69,2.63,12.46,13.69,13.66,21.10,9.19,22.80
9.33,8.41,12.79,14.27,17.20,10.88,15.95,8.69,9.12,28.03,8.07,10.41,19.79,29.40,7.37,5.89,4.33,12.41,6.31
9.90,17.96,19.76,8.23,12.93,21.82,23.42,17.70,27.83,10.54,15.26,18.98,1.22,12.77,13.82,13.99,21.52,10.56,23.16
10.42,15.70,16.85,5.25,9.27,19.32,20.31,18.85,26.95,9.94,16.31,16.41,4.74,11.52,14.60,14.30,21.46,7.82,23.27
14.01,2.49,1.94,11.02,9.90,3.17,5.62,18.59,15.35,24.81,16.97,0.50,20.14,25.18,15.34,13.61,15.01,8.46,16.87
6.20,5.92,9.93,8.59,11.79,9.82,13.77,10.92,14.24,22.57,9.00,7.87,15.05,23.81,7.26,5.58,9.73,6.76,11.71
6.79,11.09,15.48,13.94,17.94,14.21,19.00,5.09,12.11,26.64,4.18,13.17,17.60,28.31,3.71,2.72,4.86,12.67,6.51
14.16,19.60,20.33,9.05,11.75,23.07,23.54,22.39,31.06,5.91,19.88,20.14,5.05,7.83,18.28,18.16,25.47,11.64,27.23
13.29,12.06,16.15,18.91,21.67,13.44,18.72,9.53,5.64,32.58,10.15,13.82,24.02,34.00,10.29,9.35,2.35,17.01,3.05
15.19,9.60,7.58,7.34,2.41,11.24,9.80,22.49,23.29,17.88,20.25,8.72,16.23,17.72,18.32,16.95,21.21,6.34,23.20
7.78,4.65,8.91,9.63,12.16,8.38,12.62,11.61,13.01,23.83,9.93,6.70,16.60,24.96,8.34,6.59,9.32,7.51,11.32
6.09,17.69,20.83,11.36,16.94,21.73,24.78,11.55,24.15,17.42,9.40,19.32,7.30,19.76,8.55,9.47,16.83,12.57,18.12
14.43,17.42,17.51,7.18,8.41,20.56,20.45,22.93,29.80,7.42,20.38,17.64,7.85,8.17,18.60,18.12,24.98,9.57,26.85
4.29,14.87,17.79,8.23,13.82,18.91,21.72,11.87,22.68,16.32,9.41,16.39,6.63,18.38,7.99,8.32,15.91,9.38,17.45
9.90,17.10,18.71,7.11,11.65,20.90,22.31,18.00,27.45,10.20,15.50,18.03,2.35,12.24,13.96,13.96,21.41,9.52,23.11
12.05,15.32,15.82,4.86,7.37,18.65,19.03,20.57,27.42,9.52,18.02,15.72,7.01,10.55,16.21,15.69,22.51,7.37,24.39
13.52,9.03,12.82,17.37,19.32,9.87,15.15,12.04,5.27,31.54,11.96,10.58,23.76,32.70,11.51,10.11,5.44,15.17,6.70
11.83,17.56,18.60,7.07,10.61,21.15,21.99,20.13,28.75,8.27,17.61,18.23,3.95,10.07,15.98,15.81,23.11,9.65,24.87
10.14,2.84,5.47,7.71,8.50,6.64,9.42,15.62,15.82,22.00,13.72,3.92,16.41,22.72,11.94,10.29,13.41,5.14,15.38
16.22,16.36,20.40,22.79,25.86,17.54,22.82,10.24,6.66,36.05,11.77,18.09,27.02,37.63,12.57,12.13,4.70,21.05,2.97
14.99,7.12,4.61,8.56,5.07,8.30,7.09,21.50,20.72,20.60,19.43,5.93,17.92,20.59,17.57,16.03,19.36,6.70,21.31
13.00,5.93,4.82,7.07,4.98,8.05,8.14,19.54,19.61,20.06,17.45,5.29,16.49,20.31,15.58,14.06,17.68,4.93,19.66
14.35,3.03,1.40,10.99,9.58,3.41,5.21,19.10,15.89,24.63,17.45,1.07,20.19,24.95,15.80,14.07,15.59,8.46,17.45
6.57,11.61,13.55,2.89,8.48,15.47,17.33,15.07,22.31,14.55,12.53,12.65,7.57,15.99,10.67,10.06,16.95,4.46,18.80
13.29,5.26,3.92,7.87,5.85,7.16,7.34,19.52,18.94,20.98,17.51,4.44,17.27,21.22,15.67,14.10,17.33,5.61,19.29
11.42,15.13,15.83,4.60,7.67,18.55,19.12,19.94,27.04,9.82,17.39,15.62,6.50,10.99,15.59,15.10,22.00,7.16,23.87
16.57,7.55,4.01,10.38,6.58,7.79,5.56,22.73,20.77,22.11,20.76,5.94,19.73,21.95,18.94,17.34,20.10,8.48,22.02
4.25,13.57,16.30,6.60,12.19,17.60,20.21,12.51,22.21,15.81,9.98,14.99,6.70,17.71,8.35,8.32,15.82,7.75,17.49
10.97,16.33,17.41,5.85,9.63,19.93,20.84,19.37,27.60,9.30,16.83,17.01,4.49,10.93,15.14,14.88,22.08,8.43,23.88
4.92,13.29,17.52,13.51,18.26,16.81,21.26,3.72,15.40,24.88,1.36,15.34,15.32,26.78,0.74,2.08,7.76,12.86,9.00
9.26,18.05,20.09,8.74,13.68,21.97,23.82,16.82,27.42,11.54,14.42,19.19,1.56,13.83,13.06,13.35,20.92,10.92,22.50
10.00,9.08,13.41,15.15,18.06,11.32,16.47,8.60,8.41,28.88,8.24,11.03,20.55,30.26,7.74,6.38,3.56,13.28,5.51
4.61,16.57,20.22,12.46,17.97,20.52,24.16,8.09,21.28,20.62,6.02,18.41,10.56,22.85,5.48,6.75,13.71,12.99,14.87
16.99,5.25,1.81,13.43,11.24,2.93,2.74,21.33,16.29,26.65,19.82,3.23,22.74,26.77,18.24,16.49,17.20,10.97,18.95
9.48,7.21,8.25,3.46,5.14,10.63,11.95,16.87,19.95,17.59,14.57,7.71,12.72,18.31,12.63,11.34,16.41,0.96,18.40
11.61,17.52,18.64,7.07,10.76,21.15,22.06,19.88,28.61,8.47,17.36,18.23,3.68,10.32,15.74,15.60,22.92,9.65,24.68
16.02,10.20,13.43,19.39,20.84,10.03,15.15,14.30,3.49,33.68,14.40,11.39,26.16,34.73,14.02,12.64,7.34,17.08,8.12
12.69,4.80,8.48,14.27,15.40,5.78,11.03,14.02,8.91,28.65,13.15,6.23,21.83,29.55,12.07,10.36,8.83,11.84,10.51
10.66,10.35,14.66,16.32,19.35,12.43,17.63,8.09,7.88,29.90,8.13,12.28,21.35,31.34,7.94,6.81,2.27,14.52,4.20
8.74,7.50,11.91,13.23,16.11,10.22,15.19,9.12,9.90,27.08,8.20,9.53,19.00,28.40,7.25,5.63,5.39,11.33,7.38
15.04,3.55,0.94,11.60,9.96,3.09,4.55,19.68,15.96,25.13,18.06,1.48,20.85,25.39,16.43,14.70,15.99,9.10,17.82
1.61,10.66,14.11,7.57,12.61,14.68,18.06,9.69,18.17,19.49,7.18,12.39,10.74,21.18,5.27,4.65,11.91,7.31,13.65
10.77,3.38,4.98,7.33,7.55,6.77,8.93,16.59,16.75,21.45,14.62,3.88,16.33,22.06,12.82,11.20,14.48,4.74,16.45
11.93,14.39,14.77,4.09,6.30,17.65,17.95,20.44,26.71,10.41,17.90,14.72,7.91,11.26,16.04,15.41,22.04,6.49,23.95
14.38,5.00,2.55,9.32,7.00,6.07,5.89,20.19,18.47,22.32,18.28,3.64,18.73,22.49,16.49,14.86,17.49,7.03,19.41
11.06,12.00,16.33,17.44,20.74,14.10,19.30,7.07,8.19,30.71,7.59,13.95,21.85,32.26,7.81,7.01,0.70,15.78,2.69
14.00,4.85,2.81,8.96,6.81,6.20,6.26,19.87,18.41,22.06,17.95,3.65,18.36,22.26,16.15,14.52,17.27,6.65,19.20
16.28,14.51,18.34,21.93,24.50,15.27,20.51,11.58,4.06,35.65,12.65,16.09,27.04,37.06,13.06,12.27,4.77,19.98,4.02
12.79,6.47,5.51,6.49,4.34,8.73,8.77,19.57,20.12,19.37,17.43,5.94,15.90,19.62,15.53,14.06,17.96,4.47,19.95
4.01,15.63,18.87,9.99,15.56,19.67,22.82,10.40,22.24,17.91,8.05,17.30,7.96,20.08,6.90,7.60,15.10,10.89,16.50
18.39,7.51,3.09,13.32,9.94,5.95,2.20,23.58,19.31,25.48,21.87,5.45,22.74,25.31,20.17,18.47,19.94,11.15,21.74
14.24,2.24,3.26,12.31,11.62,1.85,6.10,18.01,13.66,26.33,16.59,1.36,21.20,26.79,15.09,13.32,13.86,9.72,15.64
15.76,10.26,8.10,7.72,2.44,11.80,10.11,23.14,23.95,17.66,20.87,9.33,16.41,17.40,18.94,17.59,21.90,6.89,23.89
5.10,7.16,10.52,6.39,10.29,11.21,14.47,11.71,16.64,20.19,9.46,8.82,12.75,21.47,7.54,6.17,11.75,4.96,13.69
10.12,17.32,18.90,7.29,11.76,21.11,22.49,18.20,27.69,9.99,15.71,18.24,2.22,12.05,14.18,14.19,21.64,9.72,23.34
15.24,9.90,13.33,18.82,20.45,10.06,15.25,13.50,3.86,33.07,13.58,11.21,25.44,34.17,13.21,11.83,6.60,16.55,7.48
17.56,11.51,8.76,9.43,3.93,12.54,10.09,24.89,25.14,18.25,22.65,10.33,17.84,17.73,20.72,19.35,23.46,8.69,25.44
4.95,14.92,17.65,7.66,13.23,18.95,21.55,12.74,23.23,15.45,10.26,16.35,5.87,17.50,8.80,9.03,16.60,9.01,18.19
14.02,4.60,2.54,9.17,7.12,5.89,6.08,19.77,18.13,22.35,17.87,3.34,18.56,22.57,16.09,14.45,17.07,6.83,19.00
5.18,16.04,18.96,9.18,14.75,20.09,22.88,12.18,23.59,16.14,9.80,17.57,6.19,18.33,8.55,9.08,16.65,10.47,18.12
9.28,3.31,6.33,7.44,8.82,7.26,10.28,14.80,15.65,21.81,12.87,4.67,15.87,22.62,11.08,9.44,12.83,4.93,14.81
10.36,1.65,5.70,9.40,10.37,5.68,9.46,14.81,13.93,23.76,13.13,3.55,17.72,24.54,11.49,9.76,11.89,6.88,13.84
13.08,6.59,5.43,6.70,4.29,8.73,8.61,19.85,20.26,19.44,17.71,5.97,16.10,19.65,15.81,14.34,18.19,4.73,20.17
16.12,6.68,3.12,10.38,7.03,6.90,5.10,22.06,19.86,22.57,20.14,5.03,19.78,22.51,18.34,16.72,19.27,8.32,21.17
1.70,13.71,17.28,9.91,15.30,17.69,21.23,8.39,19.64,19.81,5.89,15.51,10.16,21.81,4.46,5.01,12.54,10.18,14.00
12.33,13.46,17.74,18.98,22.32,15.35,20.60,7.27,7.88,32.13,8.27,15.36,23.13,33.72,8.81,8.24,0.88,17.35,1.12
6.97,5.31,9.46,9.15,12.02,9.13,13.23,11.17,13.56,23.24,9.38,7.32,15.85,24.43,7.72,5.99,9.42,7.17,11.41
3.41,11.57,14.43,5.77,11.21,15.61,18.37,11.92,20.44,16.99,9.37,13.04,8.47,18.68,7.55,7.13,14.40,6.30,16.15
3.72,15.42,18.70,10.00,15.57,19.45,22.66,10.10,21.91,18.19,7.73,17.10,8.26,20.33,6.57,7.27,14.77,10.82,16.17
8.51,14.09,15.61,4.05,8.99,17.83,19.24,17.00,25.00,11.93,14.45,14.96,5.38,13.50,12.69,12.33,19.47,6.43,21.27
3.39,14.53,17.65,8.70,14.27,18.57,21.60,10.82,21.80,17.37,8.35,16.13,7.67,19.42,6.95,7.34,14.92,9.57,16.44
8.06,8.24,12.66,13.19,16.38,11.12,16.03,8.19,10.40,26.83,7.24,10.30,18.51,28.23,6.33,4.75,5.07,11.43,7.06
3.13,10.33,14.40,10.43,14.94,14.09,18.23,7.00,15.28,22.80,4.73,12.32,13.86,24.48,2.86,1.49,8.63,9.55,10.34
10.18,3.68,5.59,6.90,7.55,7.25,9.53,16.12,16.79,21.12,14.12,4.40,15.80,21.79,12.30,10.70,14.23,4.31,16.21
11.13,19.51,21.28,9.71,14.21,23.36,24.91,18.64,29.23,9.91,16.26,20.53,0.35,12.32,14.93,15.22,22.79,12.08,24.37
12.05,8.14,12.18,15.97,18.13,9.56,14.82,11.12,6.73,30.08,10.80,9.86,22.26,31.28,10.21,8.74,5.12,13.82,6.72
5.21,13.42,15.87,5.63,11.20,17.41,19.74,13.60,22.74,14.86,11.05,14.71,6.19,16.68,9.36,9.21,16.61,7.04,18.32
8.19,13.17,14.69,3.16,8.31,16.90,18.33,16.71,24.23,12.62,14.16,14.03,6.29,14.06,12.35,11.87,18.87,5.50,20.71
12.13,17.68,18.66,7.17,10.55,21.25,22.01,20.44,28.97,8.00,17.92,18.32,4.20,9.77,16.28,16.10,23.37,9.76,25.15
3.45,15.28,18.65,10.21,15.75,19.30,22.60,9.64,21.53,18.64,7.27,17.00,8.73,20.77,6.12,6.87,14.34,10.93,15.73
8.93,9.65,14.05,14.72,17.99,12.23,17.28,7.37,9.53,28.17,6.91,11.67,19.60,29.65,6.44,5.15,3.46,13.02,5.45
2.19,10.68,13.95,6.81,11.95,14.73,17.90,10.49,18.79,18.71,7.97,12.33,10.10,20.37,6.07,5.48,12.67,6.71,14.44
10.87,9.73,14.00,16.12,18.95,11.70,16.91,8.80,7.56,29.85,8.71,11.62,21.47,31.23,8.39,7.14,2.93,14.23,4.78
5.86,14.41,16.79,6.21,11.73,18.39,20.64,14.07,23.67,14.20,11.55,15.68,5.23,16.13,9.95,9.93,17.41,7.85,19.08
15.59,7.51,4.66,9.08,5.30,8.41,6.80,22.07,21.03,20.85,20.02,6.19,18.40,20.76,18.16,16.62,19.84,7.28,21.79
11.62,15.72,16.46,5.17,8.26,19.16,19.75,20.11,27.51,9.31,17.56,16.23,6.02,10.58,15.80,15.37,22.36,7.75,24.21
8.75,14.87,16.43,4.86,9.69,18.64,20.05,17.17,25.60,11.45,14.63,15.76,4.56,13.15,12.92,12.67,19.91,7.24,21.69
4.86,7.92,10.99,5.51,9.79,11.96,14.94,12.14,17.68,19.15,9.79,9.44,11.73,20.47,7.84,6.64,12.65,4.40,14.57
17.11,7.43,3.47,11.27,7.59,7.16,4.55,22.98,20.33,23.13,21.09,5.63,20.65,22.96,19.30,17.67,20.04,9.27,21.93
16.50,5.16,0.90,12.44,10.07,3.80,3.06,21.29,17.09,25.50,19.66,3.08,21.80,25.59,18.01,16.28,17.52,10.04,19.33
15.04,3.07,3.39,13.12,12.24,0.99,5.67,18.59,13.49,27.08,17.24,2.03,22.05,27.50,15.78,14.01,14.18,10.54,15.91
3.38,10.20,13.20,5.63,10.77,14.24,17.15,11.63,19.21,17.95,9.12,11.72,9.79,19.51,7.21,6.48,13.43,5.57,15.25
10.88,8.74,12.98,15.56,18.17,10.66,15.87,9.59,7.58,29.46,9.29,10.61,21.32,30.77,8.77,7.37,3.97,13.57,5.78
4.33,13.92,16.68,6.94,12.53,17.96,20.59,12.46,22.42,15.79,9.94,15.36,6.53,17.74,8.36,8.42,15.95,8.13,17.59
5.70,15.04,17.57,7.15,12.68,19.05,21.44,13.64,23.83,14.55,11.15,16.38,5.12,16.58,9.65,9.80,17.35,8.72,18.96
9.08,13.30,14.54,2.91,7.63,16.93,18.09,17.60,24.75,12.06,15.05,14.03,6.59,13.38,13.23,12.69,19.58,5.44,21.44
12.49,9.46,13.50,17.01,19.36,10.80,16.08,10.60,5.96,31.00,10.58,11.17,22.93,32.27,10.23,8.91,4.08,14.94,5.51
14.71,12.79,16.71,20.14,22.70,13.77,19.05,10.74,4.37,33.91,11.50,14.44,25.43,35.30,11.70,10.77,3.60,18.17,3.64
5.20,10.03,12.47,3.77,9.02,14.00,16.37,13.48,20.27,16.60,10.98,11.29,9.24,18.01,9.06,8.26,14.95,4.03,16.82
13.65,6.24,4.62,7.56,4.96,8.04,7.73,20.17,19.92,20.26,18.09,5.39,16.97,20.42,16.22,14.70,18.20,5.51,20.17
4.21,7.91,11.40,6.87,11.08,11.94,15.35,10.87,16.61,20.32,8.58,9.64,12.49,21.71,6.64,5.34,11.32,5.70,13.23
2.45,13.65,17.52,11.39,16.58,17.50,21.43,6.40,18.14,21.82,3.89,15.57,12.14,23.80,2.54,3.50,10.79,11.29,12.15
12.05,18.28,19.42,7.85,11.49,21.91,22.84,20.23,29.26,8.01,17.72,19.00,3.29,10.00,16.15,16.08,23.45,10.42,25.19
12.80,9.46,13.44,17.19,19.46,10.67,15.96,10.93,5.68,31.23,10.92,11.14,23.21,32.48,10.57,9.24,4.34,15.10,5.69
5.89,7.03,9.96,5.29,9.08,11.05,13.92,12.90,17.49,19.32,10.61,8.48,12.35,20.51,8.67,7.36,12.89,3.74,14.85
11.47,10.03,14.24,16.68,19.43,11.81,17.05,9.13,6.97,30.44,9.17,11.88,22.08,31.82,8.93,7.72,2.81,14.76,4.52
1.23,13.16,16.66,9.25,14.62,17.16,20.62,8.80,19.52,19.47,6.27,14.93,9.96,21.41,4.70,5.00,12.59,9.50,14.11
4.85,16.53,20.34,13.28,18.70,20.40,24.27,6.80,20.37,21.94,4.85,18.44,11.89,24.14,4.62,6.10,12.68,13.59,13.74
11.61,18.41,19.74,8.11,12.06,22.12,23.22,19.68,29.08,8.51,17.20,19.22,2.45,10.63,15.67,15.68,23.12,10.64,24.82
10.97,13.34,17.71,18.02,21.64,15.60,20.78,5.79,9.32,30.89,6.73,15.32,21.75,32.55,7.32,6.88,1.43,16.54,2.30
4.75,15.76,18.74,9.19,14.77,19.81,22.68,11.74,23.15,16.54,9.35,17.31,6.62,18.71,8.10,8.63,16.19,10.37,17.66
12.62,11.08,15.19,17.98,20.68,12.55,17.83,9.52,5.96,31.73,9.87,12.85,23.29,33.11,9.84,8.76,2.53,16.05,3.76
11.61,10.87,15.10,17.22,20.13,12.68,17.92,8.59,7.02,30.85,8.84,12.73,22.31,32.28,8.79,7.72,1.96,15.38,3.66
11.41,16.41,17.36,5.88,9.36,19.95,20.73,19.83,27.86,8.98,17.29,17.03,4.91,10.53,15.58,15.29,22.44,8.47,24.25
13.49,18.57,19.27,8.01,10.74,22.02,22.49,21.81,30.14,6.71,19.29,19.09,5.15,8.40,17.64,17.44,24.67,10.60,26.46
16.23,6.64,2.96,10.58,7.26,6.74,4.87,22.10,19.74,22.80,20.20,4.94,19.98,22.74,18.41,16.78,19.24,8.50,21.14
5.39,13.58,16.00,5.64,11.21,17.56,19.85,13.76,22.94,14.67,11.22,14.86,5.99,16.50,9.54,9.40,16.81,7.13,18.52
11.48,16.16,17.03,5.61,8.96,19.67,20.37,19.94,27.74,9.08,17.39,16.74,5.31,10.52,15.66,15.32,22.42,8.20,24.24
3.90,9.04,12.13,5.63,10.39,13.09,16.08,11.66,18.29,18.68,9.22,10.59,10.84,20.13,7.27,6.28,12.83,5.03,14.70
2.86,13.12,16.16,7.38,12.90,17.16,20.11,11.11,21.04,17.22,8.58,14.68,7.97,19.12,6.93,6.95,14.49,8.10,16.12
9.80,17.03,18.65,7.06,11.63,20.83,22.26,17.90,27.35,10.30,15.41,17.96,2.39,12.33,13.86,13.86,21.31,9.46,23.01
13.62,7.10,5.59,6.94,3.96,9.03,8.54,20.46,20.79,19.31,18.31,6.36,16.31,19.44,16.41,14.94,18.80,5.13,20.78
12.35,10.57,14.70,17.53,20.19,12.09,17.36,9.61,6.13,31.34,9.83,12.35,22.98,32.70,9.70,8.55,2.81,15.58,4.20
16.66,4.84,1.84,13.34,11.36,2.47,3.19,20.89,15.83,26.70,19.40,2.86,22.61,26.87,17.84,16.08,16.71,10.85,18.46
11.24,18.05,19.42,7.79,11.85,21.77,22.93,19.33,28.69,8.86,16.84,18.88,2.42,10.94,15.30,15.30,22.73,10.30,24.44
9.98,2.26,5.75,8.50,9.54,6.27,9.63,14.95,14.79,22.85,13.15,3.83,16.93,23.63,11.44,9.74,12.44,5.97,14.41
2.61,14.30,18.08,11.34,16.66,18.21,22.00,6.99,19.08,21.20,4.55,16.19,11.41,23.24,3.42,4.43,11.69,11.45,13.02
6.18,6.71,9.64,5.37,8.96,10.73,13.59,13.06,17.34,19.49,10.80,8.15,12.63,20.64,8.87,7.52,12.88,3.66,14.84
14.47,6.86,4.69,8.10,4.87,8.30,7.41,21.02,20.51,20.35,18.95,5.80,17.47,20.39,17.08,15.55,18.98,6.20,20.95
7.51,15.49,17.55,6.36,11.60,19.41,21.31,15.65,25.23,12.58,13.14,16.62,3.77,14.55,11.57,11.57,19.04,8.41,20.73
3.94,14.03,18.10,12.87,17.91,17.73,21.94,4.71,17.13,23.50,2.20,16.03,13.78,25.49,1.36,2.99,9.53,12.55,10.74
6.34,8.91,11.10,3.04,7.80,12.81,14.97,14.33,19.94,16.88,11.88,10.03,10.26,18.08,9.94,8.93,15.13,2.61,17.05
12.20,6.87,6.32,5.62,3.88,9.41,9.64,19.21,20.42,18.61,17.01,6.56,15.03,18.93,15.09,13.67,17.92,3.67,19.91
9.58,18.62,20.69,9.35,14.28,22.55,24.43,16.96,27.83,11.57,14.59,19.77,1.45,13.93,13.29,13.65,21.23,11.52,22.78
6.84,6.09,8.95,5.50,8.64,10.09,12.90,13.51,17.13,19.76,11.29,7.48,13.16,20.83,9.38,7.96,12.98,3.51,14.96
7.34,5.99,8.59,5.17,8.07,9.93,12.53,14.10,17.47,19.51,11.88,7.24,13.19,20.51,9.97,8.56,13.50,3.02,15.48
13.65,10.44,14.34,18.25,20.52,11.43,16.71,11.17,4.77,32.26,11.39,12.06,24.15,33.52,11.20,9.97,4.22,16.16,5.23
1.82,12.28,15.51,7.57,12.96,16.32,19.47,10.27,19.88,18.24,7.72,13.92,9.12,20.07,5.98,5.86,13.36,7.91,15.02
2.92,14.93,18.50,10.86,16.32,18.90,22.46,8.30,20.41,19.95,5.92,16.73,10.07,22.05,4.84,5.74,13.10,11.29,14.44
11.93,17.13,18.05,6.60,9.93,20.67,21.40,20.31,28.55,8.33,17.77,17.74,4.64,9.96,16.10,15.85,23.06,9.19,24.86
14.18,2.26,3.79,12.59,12.08,1.81,6.48,17.70,13.11,26.68,16.33,1.85,21.39,27.19,14.87,13.10,13.40,10.00,15.17
3.90,13.11,15.89,6.45,12.02,17.15,19.81,12.25,21.74,16.15,9.71,14.56,7.15,18.01,8.03,7.94,15.41,7.45,17.09
13.65,20.50,21.65,10.09,13.53,24.15,25.04,21.54,31.26,6.77,19.10,21.24,3.36,9.15,17.64,17.74,25.22,12.65,26.90
16.68,5.97,1.62,11.87,8.99,5.17,3.34,21.94,18.41,24.51,20.20,3.98,21.28,24.50,18.48,16.79,18.52,9.60,20.37
2.95,14.21,17.39,8.70,14.24,18.25,21.35,10.46,21.36,17.73,7.98,15.84,8.08,19.75,6.54,6.91,14.49,9.46,16.02
3.67,15.05,18.93,12.47,17.77,18.89,22.83,6.13,18.99,22.13,3.84,16.98,12.23,24.22,3.18,4.57,11.40,12.54,12.59
9.69,8.39,12.74,14.52,17.35,10.74,15.85,8.94,8.78,28.33,8.38,10.36,20.12,29.67,7.72,6.25,4.27,12.61,6.23
14.78,4.73,1.76,10.06,7.78,5.36,5.19,20.31,17.99,23.12,18.48,3.13,19.45,23.28,16.72,15.06,17.33,7.71,19.23
14.20,17.49,17.68,7.16,8.67,20.68,20.67,22.70,29.76,7.31,20.15,17.76,7.44,8.20,18.38,17.94,24.85,9.60,26.72
2.45,13.30,16.47,7.97,13.47,17.35,20.42,10.53,20.79,17.75,8.00,14.92,8.35,19.68,6.41,6.54,14.11,8.60,15.70
13.30,2.74,2.31,9.77,8.67,4.45,6.27,18.41,16.24,23.52,16.65,1.60,18.97,23.90,14.95,13.25,15.32,7.24,17.23
12.90,2.75,2.73,9.33,8.37,4.85,6.69,18.15,16.36,23.12,16.35,1.95,18.50,23.53,14.62,12.94,15.22,6.79,17.14
2.50,13.30,17.23,11.45,16.56,17.13,21.12,6.12,17.64,22.16,3.58,15.25,12.55,24.11,2.09,3.00,10.30,11.24,11.68
10.71,14.09,14.86,3.55,7.01,17.53,18.22,19.22,26.01,10.86,16.68,14.60,6.98,11.98,14.85,14.28,21.07,6.11,22.95
14.40,2.39,3.01,12.30,11.50,1.79,5.86,18.24,13.88,26.27,16.80,1.24,21.24,26.71,15.29,13.53,14.11,9.72,15.90
3.44,13.48,17.53,12.33,17.33,17.21,21.37,5.11,16.96,23.18,2.56,15.47,13.55,25.13,1.18,2.57,9.47,11.97,10.77
15.39,6.20,3.06,9.74,6.66,6.82,5.59,21.39,19.56,22.17,19.45,4.69,19.15,22.19,17.64,16.03,18.73,7.63,20.65
12.85,11.44,15.55,18.31,21.04,12.88,18.16,9.49,5.84,32.03,9.95,13.21,23.55,33.43,9.98,8.95,2.40,16.40,3.47
6.63,15.83,18.22,7.47,12.88,19.82,22.06,14.44,24.78,13.75,11.98,17.11,4.18,15.84,10.52,10.72,18.28,9.24,19.89
8.92,8.96,13.36,14.30,17.44,11.55,16.58,7.97,9.49,27.91,7.37,10.98,19.49,29.33,6.74,5.33,4.00,12.54,6.00
5.41,15.15,17.79,7.56,13.11,19.17,21.67,13.21,23.65,14.98,10.74,16.54,5.40,17.04,9.27,9.49,17.06,9.04,18.65
10.35,14.97,16.01,4.46,8.39,18.53,19.45,18.85,26.45,10.36,16.30,15.62,5.60,11.77,14.53,14.13,21.16,7.04,23.00
13.02,5.89,4.76,7.13,5.03,8.00,8.09,19.55,19.58,20.12,17.46,5.23,16.55,20.37,15.59,14.07,17.67,4.98,19.64
14.13,6.05,4.01,8.24,5.52,7.54,7.03,20.46,19.69,20.90,18.43,4.99,17.66,21.02,16.58,15.02,18.25,6.15,20.20
9.57,8.45,12.81,14.47,17.35,10.84,15.94,8.81,8.88,28.26,8.24,10.43,20.02,29.61,7.58,6.12,4.23,12.59,6.19
18.72,11.53,8.22,10.92,5.57,11.99,8.90,25.74,24.96,19.93,23.58,10.10,19.54,19.32,21.67,20.22,23.84,9.91,25.80
13.98,2.00,2.89,11.78,11.03,2.32,6.06,18.02,14.14,25.76,16.52,0.78,20.72,26.21,14.98,13.22,14.08,9.19,15.89
8.25,4.41,7.38,6.61,8.67,8.40,11.33,14.20,16.17,20.98,12.15,5.80,14.78,21.90,10.31,8.74,12.78,4.22,14.77
13.98,11.02,14.91,18.77,21.08,11.97,17.25,11.13,4.45,32.73,11.49,12.64,24.54,34.02,11.39,10.22,4.05,16.70,4.87
7.39,4.62,8.53,8.24,10.84,8.60,12.38,12.29,14.38,22.49,10.40,6.51,15.50,23.58,8.67,6.98,10.61,6.11,12.60
14.72,6.78,4.39,8.46,5.20,8.05,7.04,21.17,20.39,20.70,19.12,5.62,17.84,20.73,17.26,15.72,19.01,6.52,20.96
3.44,8.69,12.54,8.50,12.80,12.61,16.43,9.16,15.73,21.53,6.90,10.59,13.17,23.04,4.99,3.62,9.89,7.43,11.75
3.14,14.98,18.36,10.05,15.58,19.00,22.32,9.50,21.25,18.74,7.10,16.71,8.87,20.84,5.90,6.60,14.09,10.71,15.50
6.70,16.13,18.56,7.84,13.25,20.12,22.40,14.38,24.92,13.83,11.93,17.43,4.11,15.97,10.52,10.78,18.35,9.60,19.94
12.43,11.96,16.15,18.31,21.28,13.62,18.89,8.60,6.60,31.85,9.18,13.80,23.19,33.32,9.35,8.44,1.45,16.50,2.66
6.87,5.58,9.79,9.47,12.43,9.33,13.54,10.80,13.30,23.51,9.04,7.61,15.99,24.73,7.42,5.67,9.02,7.54,11.01
12.16,8.93,13.00,16.50,18.82,10.36,15.63,10.65,6.37,30.53,10.50,10.67,22.53,31.78,10.05,8.67,4.38,14.41,5.92
11.13,3.83,4.83,7.12,6.98,6.97,8.74,17.14,17.32,21.11,15.14,4.04,16.26,21.66,13.31,11.72,15.10,4.56,17.08
8.58,3.46,7.53,8.89,10.88,7.41,11.32,13.07,13.81,23.24,11.31,5.41,16.56,24.23,9.64,7.92,10.73,6.57,12.71
13.84,18.57,19.15,8.03,10.47,21.96,22.31,22.20,30.31,6.51,19.67,19.03,5.69,8.05,18.00,17.76,24.94,10.60,26.75
1.44,11.04,14.85,9.41,14.29,14.95,18.77,7.82,16.97,21.23,5.34,12.93,12.17,22.98,3.41,2.84,10.30,8.92,11.96
7.56,16.94,19.27,8.33,13.62,20.92,23.09,15.10,25.82,13.19,12.68,18.20,3.30,15.41,11.32,11.63,19.21,10.23,20.78
11.64,12.37,16.66,18.01,21.26,14.33,19.56,7.37,7.79,31.30,8.04,14.29,22.43,32.84,8.34,7.58,0.28,16.33,2.19
13.62,18.70,19.39,8.15,10.83,22.15,22.60,21.94,30.29,6.57,19.42,19.22,5.21,8.27,17.78,17.58,24.81,10.73,26.60
16.69,5.54,6.45,16.06,15.49,2.66,7.37,18.78,10.98,30.20,17.84,5.24,24.67,30.69,16.65,14.90,13.32,13.47,14.80
11.41,1.23,4.39,9.35,9.58,4.98,8.23,16.17,14.76,23.58,14.44,2.41,18.09,24.21,12.77,11.06,13.18,6.77,15.11
11.05,9.45,13.70,16.08,18.82,11.35,16.57,9.18,7.36,29.89,9.05,11.33,21.60,31.25,8.68,7.39,3.26,14.15,5.06
