20.53,27.08,24.80,6.30,27.59,31.69,11.90,24.17,8.39,20.95,29.73,18.98,11.59,9.31,14.34,12.87,12.80
13.10,19.78,16.98,11.22,20.05,24.43,4.51,23.14,8.87,18.46,24.81,11.17,17.02,15.04,12.71,5.00,5.56
12.93,14.05,17.54,19.35,16.02,16.68,15.04,9.22,14.55,4.21,7.63,15.65,21.42,21.32,8.88,16.51,14.14
15.52,14.94,19.43,23.18,17.03,16.48,18.89,9.66,18.50,6.75,4.48,18.58,24.77,24.88,12.68,20.23,17.94
25.54,26.18,30.15,23.99,28.24,27.83,25.96,5.18,21.04,10.19,14.90,28.09,22.78,23.92,15.62,27.77,25.29
23.68,29.67,28.65,2.50,30.61,34.06,15.88,20.59,7.64,18.92,29.24,23.01,4.70,2.41,12.74,17.45,16.46
22.89,24.74,27.92,18.99,26.70,27.17,21.97,1.51,16.22,7.02,15.45,25.05,17.90,18.96,11.12,23.89,21.42
8.56,14.90,13.50,12.74,15.60,19.49,2.39,18.67,8.22,13.44,18.90,8.03,17.80,16.34,8.92,4.31,1.93
16.28,14.25,19.40,26.36,16.34,14.85,20.95,12.61,21.57,10.11,1.53,19.55,28.11,28.18,15.86,22.08,19.95
14.06,20.75,17.50,12.25,20.85,25.38,5.80,24.96,10.45,20.29,26.43,11.78,18.10,16.01,14.52,5.71,6.88
24.77,29.77,30.15,7.13,31.13,33.73,18.66,15.11,9.04,15.19,26.25,25.06,3.36,4.93,10.73,20.58,18.86
11.77,7.70,13.37,27.69,9.69,7.80,18.80,18.33,22.56,14.12,5.62,15.14,30.73,30.28,17.86,19.32,17.73
17.35,21.96,22.79,8.54,23.40,25.85,12.78,10.84,5.12,8.38,18.96,18.16,10.13,9.99,2.84,14.82,12.63
12.34,11.91,16.22,22.31,13.98,13.91,16.34,11.75,17.36,7.39,4.74,15.46,24.65,24.46,11.95,17.52,15.35
4.59,6.29,8.76,21.26,7.87,10.36,10.91,17.83,16.14,12.26,11.02,7.85,25.23,24.34,12.86,11.38,9.83
17.92,24.16,22.74,3.88,24.95,28.67,9.88,19.65,3.82,16.40,25.50,17.04,9.68,7.71,9.78,11.43,10.50
6.19,10.11,11.47,17.47,11.52,14.22,8.55,15.45,12.32,9.73,12.21,8.46,21.36,20.48,9.10,9.64,7.52
12.28,13.28,16.82,19.66,15.25,15.91,14.77,10.00,14.78,4.95,7.30,15.07,21.91,21.73,9.25,16.17,13.84
15.29,21.91,19.43,8.88,22.31,26.55,6.61,22.73,7.45,18.50,25.88,13.60,14.73,12.67,12.28,7.49,7.56
16.30,19.82,21.67,12.70,21.50,23.28,13.94,7.44,8.73,4.21,15.05,17.86,13.94,14.06,3.03,15.91,13.48
23.39,25.50,28.50,18.33,27.43,28.05,22.05,2.54,15.83,7.61,16.53,25.43,16.98,18.12,11.01,24.00,21.55
14.76,20.77,15.91,19.44,20.14,25.06,9.89,30.90,17.51,25.71,29.60,11.50,25.29,23.16,20.77,8.20,10.64
14.19,7.64,12.89,33.41,8.41,3.59,22.63,25.35,28.26,21.07,12.01,17.04,36.99,36.31,24.20,22.55,21.59
3.90,6.64,2.00,24.29,5.79,10.71,11.00,25.41,19.71,19.72,18.20,3.83,29.30,27.90,18.55,10.00,10.27
18.97,18.21,22.85,24.70,20.31,19.35,21.90,8.44,20.38,7.84,6.23,21.99,25.54,25.95,14.40,23.35,21.00
12.28,15.95,17.64,13.80,17.56,19.62,10.96,10.19,8.91,4.89,13.17,13.99,16.44,16.05,3.57,12.78,10.30
13.82,19.00,19.21,8.84,20.25,23.18,8.84,13.32,3.78,9.25,18.28,14.33,12.41,11.56,2.85,10.88,8.67
14.57,20.04,14.76,21.97,19.16,24.10,11.33,32.35,19.72,26.98,29.88,11.19,27.82,25.73,22.48,9.41,11.89
7.32,12.38,12.77,14.91,13.58,16.68,6.52,15.48,9.80,9.89,14.49,8.61,19.05,18.04,7.44,7.98,5.60
7.50,13.80,9.75,18.37,13.50,18.29,5.10,25.22,14.71,19.70,22.38,4.40,23.95,22.18,15.95,3.18,5.14
24.67,27.30,29.92,17.02,29.17,30.10,22.40,5.08,15.21,9.32,18.99,26.44,14.99,16.34,11.20,24.41,22.02
24.35,26.98,29.60,16.92,28.85,29.78,22.14,4.82,15.02,9.00,18.70,26.14,15.00,16.31,10.94,24.14,21.74
6.01,1.78,6.72,25.76,3.77,5.81,14.39,21.51,20.68,16.21,11.67,9.11,29.86,28.92,17.48,14.32,13.37
8.14,14.18,9.72,19.30,13.70,18.56,6.22,26.41,15.78,20.88,23.29,4.85,24.94,23.13,17.15,4.24,6.32
25.77,31.67,30.79,4.55,32.67,36.03,18.06,21.23,9.55,20.10,30.70,25.17,3.61,1.94,14.22,19.64,18.62
13.16,19.75,17.49,9.68,20.21,24.38,4.53,21.36,6.97,16.83,23.76,11.68,15.41,13.51,10.90,5.73,5.42
22.59,28.18,27.80,2.90,29.31,32.42,15.55,17.30,6.19,15.96,26.59,22.39,3.44,2.37,10.15,17.35,15.93
3.89,10.55,8.52,17.72,10.92,15.20,4.80,20.99,13.15,15.33,17.60,3.24,22.74,21.32,12.63,4.65,3.88
18.47,17.60,22.28,24.78,19.70,18.71,21.61,8.92,20.37,7.92,5.59,21.53,25.76,26.12,14.41,23.02,20.69
22.99,27.68,28.42,7.95,29.12,31.51,17.58,12.56,8.21,12.57,23.65,23.58,5.83,6.91,8.53,19.57,17.64
25.49,27.26,30.51,20.40,29.23,29.56,24.40,3.99,18.12,9.62,17.47,27.63,18.61,19.92,13.38,26.34,23.88
7.67,2.58,8.24,26.78,4.64,4.94,15.87,21.22,21.66,16.15,10.44,10.82,30.66,29.83,18.07,15.91,14.82
9.33,14.88,9.88,20.90,14.14,19.07,8.08,28.30,17.56,22.74,24.74,5.95,26.59,24.73,19.06,6.06,8.23
5.40,3.04,2.83,26.61,1.93,6.83,13.93,24.91,21.75,19.40,15.74,7.25,31.24,30.05,19.56,13.29,13.05
3.51,3.69,5.88,23.49,4.90,8.24,11.83,20.89,18.46,15.35,12.76,6.76,27.79,26.75,15.73,11.76,10.81
16.27,17.19,20.88,19.96,19.20,19.44,17.74,6.23,15.59,3.12,8.36,18.93,21.11,21.36,9.61,19.36,16.92
22.66,27.79,28.02,5.56,29.10,31.83,16.47,14.69,6.85,13.98,24.91,22.89,4.07,4.60,8.92,18.40,16.67
24.48,29.15,29.91,8.58,30.61,32.96,18.96,13.26,9.49,13.76,24.87,25.04,5.33,6.84,10.00,20.95,19.05
16.04,17.21,20.74,19.31,19.20,19.60,17.24,6.09,14.94,2.48,8.85,18.63,20.49,20.73,8.96,18.88,16.44
22.04,27.94,27.10,0.93,28.93,32.30,14.48,19.00,5.84,17.12,27.39,21.52,4.94,2.90,10.89,16.14,14.98
10.45,14.67,15.87,13.69,16.14,18.62,8.98,12.27,8.57,6.85,13.73,11.97,17.01,16.34,4.49,10.75,8.27
10.64,16.66,12.00,19.09,16.11,21.01,7.12,28.01,16.15,22.60,25.66,7.36,24.87,22.92,18.32,5.12,7.57
3.66,9.94,8.93,17.57,10.62,14.55,5.59,19.43,12.76,13.75,15.97,4.46,22.32,21.04,11.52,5.96,4.53
22.67,25.84,28.02,14.32,27.61,28.95,19.81,5.82,12.39,8.17,18.78,24.22,12.78,13.92,8.64,21.84,19.49
19.23,22.42,24.57,13.62,24.18,25.63,16.85,5.43,10.54,5.12,16.15,20.87,13.56,14.16,5.68,18.83,16.43
18.95,24.21,24.30,5.07,25.46,28.34,12.86,14.00,3.38,11.89,22.33,19.17,7.22,6.66,5.86,14.82,13.00
22.31,26.84,27.75,8.52,28.33,30.61,17.23,11.52,8.10,11.49,22.58,23.03,6.90,7.85,7.70,19.25,17.23
10.40,3.71,8.73,30.59,4.25,0.98,19.03,24.90,25.49,20.01,12.91,13.04,34.60,33.71,22.06,18.76,18.03
10.26,16.39,11.88,18.60,15.91,20.78,6.51,27.41,15.58,22.00,25.17,7.03,24.36,22.43,17.71,4.51,6.96
25.95,31.98,30.88,4.82,32.91,36.39,18.03,22.28,9.96,20.97,31.45,25.20,4.80,3.05,14.94,19.53,18.65
9.17,14.37,9.17,21.87,13.51,18.45,8.88,28.76,18.44,23.15,24.67,5.82,27.54,25.70,19.72,6.90,8.94
22.54,28.26,27.69,2.13,29.33,32.55,15.27,18.09,6.14,16.56,27.07,22.20,3.81,2.16,10.57,17.01,15.70
14.02,19.26,13.86,22.71,18.30,23.22,11.52,32.42,20.24,26.98,29.44,10.64,28.55,26.49,22.72,9.54,11.99
14.84,18.79,20.26,11.84,20.37,22.47,12.12,9.19,7.43,5.17,15.29,16.22,13.84,13.65,1.45,14.09,11.67
16.87,19.63,22.09,15.01,21.44,22.73,15.63,5.43,11.09,2.24,13.35,18.80,15.87,16.17,5.27,17.53,15.05
2.95,3.76,4.80,23.67,4.48,8.41,11.57,21.85,18.72,16.27,13.87,5.95,28.14,27.02,16.31,11.32,10.59
25.92,27.62,30.92,20.84,29.61,29.88,24.88,4.38,18.60,10.05,17.68,28.09,18.97,20.31,13.87,26.82,24.36
6.87,11.35,6.00,23.13,10.38,15.32,9.61,27.75,19.18,22.05,22.31,3.93,28.60,26.92,19.48,7.92,9.31
8.24,14.85,12.70,13.71,15.29,19.50,0.61,20.58,9.59,15.31,20.15,6.96,19.04,17.43,10.84,2.38,0.51
13.28,19.46,18.24,8.00,20.27,23.97,5.78,17.96,3.90,13.66,21.53,12.67,13.23,11.65,7.49,7.66,6.16
22.81,25.52,28.06,16.03,27.37,28.40,20.64,4.14,13.78,7.57,17.64,24.58,14.62,15.74,9.45,22.63,20.23
18.04,18.04,22.28,22.59,20.11,19.68,20.27,6.81,18.31,5.74,7.23,20.91,23.44,23.83,12.32,21.81,19.42
12.64,18.52,13.62,19.81,17.86,22.78,8.78,29.81,17.30,24.46,27.71,9.32,25.64,23.60,19.94,6.87,9.36
17.76,17.60,21.92,22.86,19.68,19.18,20.21,7.34,18.50,5.99,6.69,20.67,23.82,24.17,12.53,21.72,19.33
23.03,27.74,28.45,7.81,29.18,31.59,17.55,12.73,8.15,12.70,23.78,23.59,5.67,6.74,8.60,19.54,17.62
23.37,24.58,28.18,21.20,26.60,26.63,23.28,2.32,18.19,7.67,14.28,25.76,20.26,21.29,12.79,25.13,22.65
14.64,8.10,13.35,33.76,8.88,4.05,23.05,25.46,28.60,21.26,12.01,17.50,37.30,36.64,24.49,22.99,22.02
16.30,16.60,20.64,21.40,18.66,18.54,18.50,7.28,16.94,4.62,6.92,19.13,22.64,22.87,10.99,20.02,17.63
18.21,23.41,23.57,5.71,24.68,27.52,12.34,13.52,3.12,11.17,21.53,18.51,8.05,7.49,5.04,14.33,12.42
5.18,1.52,5.08,25.77,2.66,6.16,13.82,22.69,20.77,17.27,13.29,7.96,30.11,29.06,18.00,13.54,12.84
12.28,18.64,17.06,9.27,19.33,23.22,4.34,19.05,5.45,14.48,21.66,11.39,14.66,13.00,8.61,6.14,4.84
17.45,18.69,22.20,19.30,20.68,21.03,18.24,4.63,15.19,2.63,9.85,19.97,20.06,20.45,9.22,19.95,17.48
5.60,10.53,11.03,16.69,11.71,14.88,6.99,16.50,11.61,10.80,13.79,7.34,20.91,19.88,9.18,8.05,5.95
3.69,3.10,4.02,24.68,3.45,7.69,12.38,22.84,19.76,17.29,14.36,6.31,29.20,28.06,17.40,11.99,11.43
11.18,14.82,16.52,14.47,16.42,18.53,10.40,11.00,9.45,5.47,12.64,12.99,17.37,16.88,4.53,12.14,9.66
8.24,7.91,11.92,22.23,9.91,10.74,13.71,15.37,17.08,10.19,7.41,11.51,25.49,24.92,12.66,14.51,12.65
2.80,8.99,8.18,18.47,9.69,13.60,6.49,19.62,13.62,13.91,15.44,4.22,23.15,21.91,12.10,6.72,5.45
19.52,25.39,24.61,1.84,26.39,29.76,12.12,17.71,3.32,15.23,25.16,19.08,6.91,5.23,8.76,13.87,12.57
22.11,21.78,26.25,25.03,23.87,22.98,24.13,6.77,21.20,8.75,9.78,24.99,25.02,25.74,15.27,25.74,23.31
14.26,14.84,18.68,20.51,16.86,17.09,16.63,8.58,15.82,4.42,6.74,17.08,22.26,22.29,10.01,18.09,15.73
27.26,33.26,32.20,6.09,34.21,37.65,19.37,22.91,11.19,21.88,32.47,26.53,4.86,3.66,15.99,20.86,19.98
22.76,28.77,27.72,1.63,29.70,33.18,14.96,20.20,6.79,18.32,28.53,22.08,5.23,2.97,12.04,16.53,15.53
6.48,10.94,11.88,16.48,12.26,15.15,7.69,15.45,11.35,9.76,13.10,8.38,20.47,19.55,8.43,8.90,6.69
11.36,16.46,16.78,11.15,17.71,20.65,7.51,13.63,5.99,8.75,16.48,12.12,14.95,14.05,3.82,9.48,7.07
11.19,11.23,15.25,21.46,13.26,13.60,15.10,12.14,16.45,7.32,5.84,14.25,24.03,23.74,11.23,16.26,14.10
3.94,7.64,2.91,23.61,6.85,11.77,10.20,25.52,19.13,19.81,18.85,3.00,28.72,27.26,18.28,9.09,9.53
15.60,20.89,15.47,23.07,19.91,24.83,12.59,33.61,20.93,28.24,30.98,12.22,28.92,26.80,23.75,10.67,13.15
21.61,27.59,26.61,0.46,28.54,32.00,13.90,19.40,5.61,17.31,27.41,20.99,5.72,3.62,10.96,15.52,14.44
10.32,11.87,15.01,18.97,13.76,14.93,12.95,11.59,13.93,6.13,8.33,13.06,21.72,21.34,8.86,14.27,11.99
5.19,11.55,10.29,16.05,12.21,16.16,4.10,19.21,11.33,13.62,16.94,5.24,20.91,19.57,10.63,4.82,3.03
11.04,17.72,14.98,12.45,17.99,22.37,2.51,22.45,9.31,17.48,23.14,9.16,18.14,16.28,12.20,3.03,3.58
6.19,12.87,10.54,15.81,13.20,17.51,2.51,21.12,11.51,15.62,19.21,4.84,21.04,19.49,11.95,2.57,1.72
8.43,14.94,13.13,13.15,15.49,19.56,1.37,19.69,8.86,14.45,19.62,7.50,18.37,16.82,9.92,3.30,1.03
10.19,5.27,11.06,27.91,7.20,5.49,17.93,20.22,22.75,15.60,8.14,13.46,31.36,30.73,18.55,18.19,16.86
7.92,13.80,13.20,13.41,14.73,18.29,4.29,16.98,8.50,11.61,16.89,8.22,18.04,16.79,7.77,5.99,3.51
1.32,7.92,5.83,20.48,8.11,12.54,7.60,22.00,15.79,16.29,16.65,2.21,25.37,24.03,14.61,7.13,6.71
4.94,10.29,5.76,21.55,9.71,14.59,7.98,25.56,17.38,19.86,20.46,1.76,26.89,25.29,17.37,6.56,7.52
6.10,11.71,7.12,20.89,11.13,16.02,7.35,26.02,16.93,20.36,21.58,2.73,26.34,24.66,17.42,5.70,7.07
16.79,18.64,21.75,17.60,20.56,21.31,16.90,4.80,13.49,1.08,10.96,19.11,18.49,18.82,7.53,18.67,16.19
10.81,6.35,12.08,27.71,8.32,6.56,18.22,19.29,22.56,14.83,6.97,14.15,30.98,30.43,18.12,18.61,17.15
7.76,1.09,6.41,28.25,2.10,3.58,16.41,23.94,23.20,18.75,13.14,10.38,32.45,31.47,20.13,16.10,15.43
19.38,25.39,24.38,1.86,26.32,29.82,11.72,18.59,3.62,15.93,25.66,18.78,7.51,5.64,9.39,13.39,12.23
4.56,11.25,8.68,17.64,11.45,15.88,4.33,21.82,13.24,16.20,18.65,3.02,22.81,21.30,13.18,3.81,3.57
17.43,16.38,21.13,24.79,18.48,17.46,20.94,9.77,20.24,8.05,4.43,20.54,26.05,26.30,14.33,22.28,19.99
19.06,25.57,23.44,5.84,26.12,30.17,10.48,22.89,7.03,19.50,28.15,17.62,11.50,9.28,12.90,11.57,11.34
21.38,25.48,26.82,10.29,27.06,29.06,17.15,9.23,8.76,9.36,20.46,22.41,9.22,10.07,6.63,19.19,17.00
24.83,30.95,29.69,3.98,31.82,35.40,16.79,22.29,9.11,20.63,30.90,23.98,5.66,3.54,14.41,18.24,17.44
14.43,19.70,19.81,8.12,20.92,23.89,9.11,13.56,3.11,9.72,18.96,14.84,11.71,10.84,3.16,11.15,9.01
26.61,27.21,31.21,24.73,29.27,28.79,26.99,6.11,21.92,11.25,15.77,29.17,23.31,24.53,16.58,28.82,26.34
22.86,23.99,27.64,21.22,26.02,26.03,22.93,2.21,18.07,7.24,13.67,25.29,20.44,21.41,12.58,24.77,22.28
8.55,12.86,13.96,14.97,14.27,16.91,8.17,13.72,9.82,8.11,13.26,10.22,18.65,17.85,6.37,9.73,7.31
14.98,20.50,20.29,7.00,21.63,24.77,8.94,14.63,1.88,10.96,20.19,15.12,10.99,9.93,4.36,10.95,9.00
10.23,13.35,15.43,16.06,15.02,16.94,10.78,11.46,11.00,5.75,11.23,12.38,19.03,18.53,6.19,12.34,9.92
6.44,10.29,4.78,23.99,9.21,14.13,10.42,27.74,19.88,22.02,21.66,4.01,29.38,27.75,19.83,8.86,10.01
8.47,1.80,7.31,28.70,2.95,2.92,17.08,23.75,23.62,18.67,12.56,11.20,32.79,31.86,20.35,16.84,16.08
5.23,11.88,8.91,17.63,11.96,16.49,4.12,22.56,13.40,16.97,19.55,3.10,22.92,21.34,13.71,3.20,3.55
2.68,4.19,5.32,23.11,5.06,8.82,11.16,21.27,18.14,15.67,13.57,5.88,27.54,26.44,15.68,11.00,10.17
12.73,16.26,18.07,13.93,17.90,19.85,11.47,9.67,9.12,4.39,13.02,14.48,16.39,16.07,3.55,13.30,10.82
7.15,12.97,12.47,14.23,13.92,17.46,4.58,17.07,9.29,11.59,16.33,7.65,18.81,17.59,8.21,6.09,3.67
9.35,13.76,8.18,23.76,12.65,17.56,10.58,29.84,20.20,24.17,24.83,6.23,29.40,27.58,21.14,8.66,10.52
12.96,19.47,17.46,9.31,20.02,24.09,4.48,20.51,6.26,16.00,23.08,11.68,14.95,13.13,10.05,5.93,5.26
24.46,30.32,29.51,3.28,31.33,34.66,16.85,20.11,8.19,18.81,29.35,23.92,3.42,1.16,12.85,18.48,17.38
19.18,25.81,23.23,7.83,26.20,30.44,10.50,24.71,8.83,21.09,29.29,17.41,13.39,11.13,14.55,11.25,11.46
12.80,19.32,15.35,15.58,19.11,23.86,6.11,26.87,13.34,21.82,26.63,9.97,21.42,19.37,16.63,4.87,7.02
4.42,8.14,9.50,19.18,9.48,12.39,8.97,17.18,14.08,11.49,12.23,7.16,23.27,22.32,11.15,9.65,7.90
4.96,7.98,2.60,24.46,6.93,11.87,10.98,26.54,20.05,20.83,19.63,3.82,29.63,28.14,19.30,9.75,10.37
10.90,5.16,11.01,29.31,6.81,4.16,18.96,21.71,24.15,17.14,9.23,14.05,32.85,32.18,20.05,19.09,17.91
15.69,22.32,19.81,8.76,22.72,26.96,7.01,22.98,7.58,18.81,26.27,13.99,14.61,12.52,12.54,7.86,7.98
14.24,19.64,14.32,22.16,18.73,23.67,11.27,32.25,19.81,26.85,29.59,10.85,28.01,25.93,22.45,9.32,11.79
8.04,12.29,6.74,23.76,11.19,16.11,10.34,28.89,19.96,23.19,23.47,5.09,29.30,27.57,20.49,8.54,10.13
14.11,20.62,16.54,15.65,20.37,25.14,7.29,27.81,13.83,22.86,27.91,11.24,21.49,19.38,17.49,6.16,8.24
19.07,21.73,24.29,15.37,23.57,24.70,17.53,3.86,12.03,3.87,14.60,20.97,15.40,16.01,6.67,19.47,17.02
5.24,1.52,5.44,25.67,2.93,6.14,13.84,22.37,20.65,16.96,12.93,8.13,29.95,28.93,17.79,13.61,12.85
13.51,11.66,16.66,25.02,13.76,12.75,18.54,13.41,20.06,9.74,2.23,16.80,27.30,27.15,14.65,19.55,17.51
4.04,10.34,6.86,19.72,10.17,14.88,6.22,23.62,15.42,17.95,19.29,1.04,24.96,23.42,15.30,5.13,5.63
15.15,11.96,17.48,27.99,13.99,11.92,21.03,15.66,23.02,12.54,1.70,18.52,30.25,30.12,17.63,21.88,19.97
12.47,14.73,17.49,17.00,16.57,17.86,13.27,9.11,12.18,3.42,9.96,14.83,19.23,19.04,6.55,14.89,12.45
7.63,13.18,13.03,13.99,14.24,17.59,5.30,16.23,8.97,10.76,15.81,8.38,18.39,17.26,7.46,6.89,4.44
11.34,17.14,12.22,20.07,16.46,21.38,8.26,29.13,17.23,23.70,26.53,7.99,25.87,23.89,19.46,6.26,8.70
12.32,18.21,17.50,8.97,19.17,22.64,5.91,16.35,4.12,11.86,19.67,12.17,13.71,12.37,5.92,7.94,5.95
12.30,17.01,11.43,23.85,15.90,20.80,11.57,31.91,20.87,26.34,27.82,8.99,29.63,27.67,22.65,9.53,11.80
3.61,6.23,8.03,21.03,7.60,10.54,10.19,18.52,15.95,12.89,12.00,6.86,25.18,24.20,13.03,10.55,9.13
18.23,24.27,23.22,3.02,25.18,28.71,10.57,18.34,2.80,15.36,24.83,17.62,8.55,6.76,8.75,12.27,11.08
8.64,15.16,11.44,16.71,15.02,19.72,3.87,24.68,13.26,19.29,22.89,5.86,22.35,20.53,15.04,1.83,4.24
21.68,26.55,27.09,6.72,27.94,30.48,16.04,12.92,6.63,12.21,23.18,22.15,5.83,6.37,7.48,18.03,16.13
20.90,26.45,26.14,2.89,27.59,30.68,14.06,16.25,4.54,14.50,24.98,20.79,5.06,4.07,8.50,15.91,14.38
23.68,25.40,28.67,19.75,27.37,27.72,22.86,2.13,17.07,7.81,15.78,25.88,18.48,19.61,12.01,24.78,22.31
24.12,24.19,28.47,24.92,26.28,25.55,25.41,5.96,21.50,9.64,12.41,26.86,24.30,25.24,15.76,27.12,24.66
7.32,13.92,10.56,16.70,13.90,18.52,3.27,23.54,12.89,18.08,21.44,4.80,22.21,20.49,14.12,1.51,3.29
8.81,12.84,14.18,15.26,14.31,16.80,8.75,13.26,10.11,7.61,12.74,10.63,18.79,18.05,6.32,10.30,7.88
5.08,3.05,2.84,26.28,2.17,7.02,13.63,24.64,21.42,19.12,15.61,6.99,30.91,29.71,19.23,13.01,12.74
6.84,4.00,8.82,24.85,6.06,7.03,14.44,19.32,19.71,14.14,9.50,10.18,28.62,27.83,15.99,14.70,13.38
20.61,22.12,25.50,19.29,24.10,24.44,20.49,1.25,15.87,4.85,12.75,22.96,19.03,19.79,10.24,22.33,19.84
8.12,13.04,13.56,14.36,14.29,17.27,6.85,14.80,9.22,9.26,14.46,9.40,18.37,17.42,6.64,8.44,6.00
9.38,15.69,14.33,11.91,16.41,20.26,2.70,18.46,7.44,13.37,19.31,8.83,17.00,15.52,8.51,4.72,2.53
12.96,18.45,13.23,21.53,17.60,22.54,10.17,31.08,18.94,25.65,28.30,9.58,27.36,25.33,21.37,8.18,10.64
22.37,28.31,27.39,1.15,29.28,32.69,14.70,19.49,6.24,17.62,27.87,21.78,4.99,2.83,11.38,16.33,15.24
2.32,4.52,3.95,23.48,4.74,9.12,10.99,22.60,18.61,16.96,15.01,4.93,28.11,26.91,16.57,10.56,10.06
23.16,27.84,28.59,8.04,29.29,31.66,17.74,12.60,8.36,12.68,23.76,23.75,5.79,6.92,8.69,19.74,17.80
21.35,25.09,26.77,11.80,26.75,28.50,17.75,7.67,9.89,8.29,19.34,22.62,10.74,11.65,6.79,19.78,17.51
14.16,8.42,14.23,31.68,9.90,6.05,22.02,22.13,26.53,18.19,8.50,17.36,34.85,34.35,21.98,22.26,20.95
18.86,19.27,23.30,21.82,21.33,21.08,20.46,5.28,17.74,5.17,8.77,21.61,22.35,22.85,11.77,22.09,19.65
8.64,15.07,13.47,12.77,15.70,19.67,1.93,19.13,8.37,13.92,19.33,7.91,17.92,16.41,9.33,3.88,1.59
10.99,8.59,13.70,25.15,10.69,9.92,17.06,15.81,20.04,11.40,4.65,14.36,28.04,27.64,15.18,17.81,15.99
7.20,13.72,11.94,14.31,14.26,18.35,1.93,19.78,9.88,14.38,18.86,6.38,19.44,17.95,10.36,3.24,0.88
15.00,21.69,18.51,11.61,21.83,26.33,6.61,25.11,10.22,20.58,27.07,12.77,17.46,15.33,14.64,6.67,7.68
20.18,22.02,25.18,18.17,23.97,24.54,19.67,1.42,14.79,4.31,13.27,22.41,17.95,18.69,9.22,21.54,19.06
20.65,21.44,25.27,21.37,23.48,23.37,21.47,3.30,17.70,5.67,11.04,23.24,21.32,22.03,11.87,23.21,20.74
9.67,15.93,11.61,18.08,15.53,20.37,5.74,26.60,14.92,21.20,24.45,6.53,23.81,21.91,16.94,3.73,6.16
2.15,4.63,4.16,23.27,4.93,9.25,10.82,22.39,18.40,16.75,14.90,4.87,27.89,26.70,16.35,10.43,9.88
16.10,22.78,19.90,9.96,23.04,27.42,7.47,24.45,9.09,20.21,27.36,14.11,15.79,13.63,14.00,7.94,8.51
25.30,30.77,30.55,5.30,31.96,34.94,18.36,18.05,8.94,17.54,28.44,25.18,0.65,1.97,12.28,20.15,18.73
1.38,7.11,6.75,20.30,7.84,11.73,8.29,20.21,15.40,14.50,14.61,4.28,24.89,23.70,13.46,8.30,7.27
0.75,7.07,6.20,20.58,7.62,11.71,8.26,20.88,15.73,15.17,15.18,3.68,25.26,24.03,14.00,8.11,7.28
13.35,6.94,12.43,32.31,7.96,3.46,21.69,24.25,27.16,19.93,11.03,16.30,35.86,35.19,23.05,21.68,20.65
12.50,19.12,15.46,14.47,19.04,23.71,5.18,25.73,12.12,20.74,25.88,9.88,20.30,18.27,15.46,4.26,6.16
1.24,5.80,4.28,22.44,5.94,10.39,9.77,22.49,17.65,16.80,15.70,3.71,27.19,25.93,15.93,9.29,8.86
21.13,21.67,25.66,22.22,23.73,23.45,22.19,3.95,18.55,6.44,10.86,23.78,22.13,22.86,12.71,23.91,21.45
18.20,24.88,21.94,9.66,25.13,29.53,9.58,25.64,9.90,21.67,29.25,16.17,15.32,13.08,15.28,10.01,10.61
7.30,12.18,6.96,22.47,11.29,16.23,9.02,27.76,18.64,22.09,22.82,4.12,27.99,26.26,19.23,7.24,8.81
19.38,25.38,24.38,1.86,26.31,29.80,11.73,18.53,3.58,15.88,25.62,18.78,7.48,5.62,9.34,13.40,12.24
13.07,19.11,18.15,8.15,20.00,23.58,6.03,17.12,3.62,12.80,20.78,12.68,13.14,11.68,6.65,7.99,6.27
3.88,4.13,2.36,25.10,3.55,8.36,12.30,24.29,20.29,18.69,16.03,5.61,29.82,28.57,18.38,11.64,11.43
21.32,24.45,26.66,14.12,26.23,27.58,18.71,5.23,11.72,6.83,17.58,22.93,13.17,14.10,7.50,20.72,18.34
21.43,22.92,26.32,19.61,24.91,25.20,21.22,0.76,16.35,5.64,13.35,23.76,19.10,19.96,10.82,23.07,20.58
20.88,22.99,25.97,17.50,24.91,25.62,19.87,1.52,14.40,5.07,14.50,22.98,16.97,17.81,9.10,21.78,19.31
25.26,25.97,29.90,23.66,28.02,27.66,25.63,4.84,20.71,9.88,14.78,27.80,22.49,23.61,15.29,27.45,24.97
21.62,23.38,26.61,18.81,25.35,25.80,20.99,0.25,15.72,5.75,14.20,23.84,18.16,19.06,10.35,22.88,20.40
7.48,14.13,10.91,16.23,14.16,18.74,2.79,23.19,12.42,17.76,21.35,5.12,21.73,20.02,13.71,1.08,2.86
6.90,11.96,12.35,15.30,13.15,16.28,6.53,15.74,10.20,10.12,14.35,8.27,19.47,18.45,7.85,7.91,5.57
19.80,22.93,25.12,13.85,24.70,26.10,17.40,5.16,10.95,5.48,16.42,21.44,13.55,14.25,6.23,19.39,16.99
4.63,6.97,9.14,20.55,8.50,11.07,10.37,17.40,15.43,11.79,11.20,7.76,24.52,23.63,12.18,10.93,9.29
10.45,11.23,14.82,20.29,13.19,13.99,13.89,12.06,15.24,6.87,7.11,13.39,23.00,22.64,10.15,15.10,12.90
15.11,14.09,18.78,23.95,16.19,15.43,19.01,10.83,19.19,7.77,3.36,18.26,25.73,25.77,13.46,20.26,18.04
15.75,18.95,21.06,13.85,20.68,22.28,14.10,6.99,9.69,3.02,13.80,17.52,15.19,15.29,3.77,16.01,13.54
11.73,12.90,16.32,19.38,14.85,15.66,14.21,10.40,14.45,5.19,7.61,14.50,21.77,21.54,9.03,15.60,13.28
23.41,24.01,27.98,23.04,26.07,25.72,24.11,4.03,19.75,8.29,12.92,26.00,22.34,23.30,14.11,25.88,23.41
5.61,12.17,10.39,15.84,12.67,16.80,3.22,20.06,11.30,14.52,18.01,4.97,20.89,19.45,11.17,3.76,2.19
19.07,23.04,24.50,10.73,24.64,26.61,15.40,8.29,7.98,7.20,18.27,20.26,10.90,11.34,4.42,17.43,15.14
12.92,18.74,13.77,20.13,18.04,22.97,9.17,30.19,17.67,24.84,28.03,9.59,25.97,23.92,20.32,7.26,9.74
8.73,2.15,6.83,29.32,2.35,2.69,17.40,24.81,24.27,19.69,13.63,11.22,33.52,32.54,21.19,17.03,16.43
16.61,15.95,20.50,23.64,18.05,17.34,19.83,9.18,19.07,6.96,4.81,19.66,25.00,25.20,13.17,21.21,18.90
22.22,25.89,27.64,12.27,27.57,29.25,18.63,7.65,10.64,8.86,19.84,23.51,10.78,11.85,7.68,20.66,18.40
9.80,16.43,14.12,12.56,16.84,21.07,1.14,21.04,8.82,15.97,21.47,8.32,18.05,16.34,10.95,2.74,2.09
17.38,18.24,21.98,20.28,20.26,20.39,18.68,5.33,16.08,3.47,8.86,20.03,21.13,21.50,10.09,20.33,17.89
2.39,6.12,3.11,23.22,5.77,10.53,10.18,23.87,18.54,18.18,16.91,3.39,28.11,26.77,17.12,9.44,9.36
23.68,28.41,29.10,7.96,29.84,32.25,18.12,13.13,8.66,13.29,24.38,24.21,5.28,6.55,9.26,20.10,18.21
15.10,8.53,13.70,34.27,9.23,4.35,23.54,25.91,29.12,21.74,12.39,17.93,37.81,37.15,25.00,23.46,22.51
15.24,21.00,15.90,20.85,20.24,25.17,11.03,32.08,18.89,26.83,30.32,11.90,26.70,24.57,22.03,9.24,11.71
13.08,18.89,18.29,8.28,19.90,23.29,6.71,15.96,3.33,11.67,19.90,12.99,12.91,11.62,5.48,8.72,6.78
16.19,18.54,21.30,16.23,20.40,21.48,15.74,5.51,12.08,0.76,11.86,18.34,17.31,17.55,6.12,17.56,15.07
2.79,9.09,8.12,18.45,9.74,13.71,6.34,19.81,13.62,14.10,15.67,4.02,23.17,21.91,12.21,6.52,5.31
6.54,8.75,11.25,19.51,10.44,12.50,10.71,15.29,14.36,9.68,10.14,9.43,23.13,22.39,10.52,11.63,9.66
14.36,15.89,19.16,18.37,17.84,18.58,15.51,7.43,13.79,2.34,8.96,16.89,20.03,20.08,7.89,17.13,14.70
8.77,15.33,13.34,13.02,15.83,19.96,0.93,20.14,8.88,14.94,20.17,7.63,18.33,16.73,10.27,2.95,1.09
22.19,28.43,26.94,2.81,29.21,32.93,13.99,21.80,7.15,19.43,29.21,21.19,7.44,5.15,12.93,15.38,14.68
12.87,17.93,12.47,23.01,16.92,21.84,11.19,31.86,20.25,26.35,28.36,9.51,28.83,26.83,22.37,9.16,11.54
3.93,10.47,7.42,19.00,10.47,15.06,5.58,22.84,14.63,17.17,18.85,1.65,24.19,22.67,14.46,4.69,4.90
2.29,4.95,3.45,23.51,4.91,9.48,10.81,23.12,18.70,17.47,15.68,4.45,28.23,26.98,16.87,10.26,9.91
14.48,8.14,13.67,33.09,9.19,4.63,22.74,24.33,27.94,20.23,10.80,17.47,36.50,35.90,23.66,22.78,21.69
21.21,25.12,26.65,11.10,26.74,28.61,17.35,8.32,9.29,8.64,19.73,22.38,10.11,10.97,6.54,19.39,17.14
9.29,15.87,12.26,15.98,15.78,20.45,3.54,24.55,12.67,19.24,23.24,6.63,21.66,19.81,14.74,1.64,4.11
14.00,17.30,19.31,14.00,18.99,20.75,12.67,8.41,9.43,3.40,13.09,15.79,15.99,15.85,3.51,14.53,12.05
13.17,18.60,13.34,21.78,17.73,22.66,10.45,31.36,19.22,25.93,28.53,9.79,27.62,25.58,21.66,8.47,10.92
4.80,6.76,1.35,25.14,5.64,10.57,11.79,26.27,20.60,20.58,18.74,4.59,30.19,28.77,19.48,10.70,11.09
24.43,28.72,29.88,10.30,30.27,32.35,19.56,11.44,10.41,12.52,23.59,25.26,7.36,8.86,9.70,21.58,19.54
9.07,12.93,14.42,15.37,14.45,16.83,9.12,12.91,10.23,7.25,12.47,10.95,18.80,18.10,6.22,10.68,8.26
11.91,8.68,14.12,26.62,10.74,9.29,18.36,16.76,21.51,12.62,4.35,15.30,29.47,29.09,16.61,19.04,17.29
12.86,19.03,17.84,8.40,19.85,23.54,5.46,17.84,4.17,13.45,21.17,12.29,13.58,12.03,7.37,7.38,5.79
27.16,33.21,32.04,6.07,34.12,37.63,19.16,23.32,11.22,22.16,32.68,26.34,5.41,4.03,16.17,20.61,19.81
26.43,27.74,31.31,22.39,29.76,29.76,25.88,4.92,19.98,10.62,17.20,28.74,20.62,21.94,15.03,27.79,25.32
9.24,15.38,10.94,18.72,14.92,19.78,6.10,26.77,15.45,21.31,24.21,6.01,24.42,22.55,17.25,4.07,6.41
7.87,14.37,10.65,17.21,14.21,18.92,4.02,24.51,13.59,19.05,22.30,5.05,22.79,21.02,15.04,2.04,4.19
6.53,2.27,3.93,27.65,0.61,5.53,15.15,25.13,22.74,19.72,15.27,8.56,32.18,31.04,20.28,14.57,14.24
14.35,9.37,15.23,30.53,11.12,7.92,21.67,20.05,25.41,16.35,6.29,17.67,33.41,33.04,20.57,22.12,20.60
4.29,2.77,3.64,25.37,2.79,7.23,12.96,23.47,20.45,17.94,14.68,6.68,29.91,28.76,18.12,12.50,12.03
3.22,4.59,2.61,24.42,4.20,8.95,11.61,23.93,19.63,18.30,16.06,4.97,29.17,27.91,17.81,10.96,10.74
13.17,15.89,18.34,15.75,17.67,19.15,13.05,8.53,11.03,2.87,11.26,15.30,17.85,17.69,5.26,14.78,12.31
15.35,18.11,20.56,15.17,19.91,21.27,14.49,6.63,10.88,1.73,12.43,17.35,16.57,16.67,4.89,16.33,13.85
13.13,11.65,16.48,24.28,13.75,13.00,17.92,12.94,19.32,9.09,2.88,16.39,26.58,26.42,13.92,18.97,16.90
10.67,15.21,9.61,23.84,14.08,18.98,11.00,30.81,20.53,25.17,26.19,7.46,29.55,27.67,21.85,9.00,11.08
12.60,5.97,11.11,32.27,6.63,1.84,21.13,25.21,27.14,20.65,12.36,15.36,36.04,35.27,23.34,20.97,20.12
13.59,18.92,18.96,8.68,20.12,23.15,8.34,13.88,3.55,9.75,18.59,13.99,12.50,11.55,3.41,10.38,8.21
9.37,10.72,13.92,19.57,12.60,13.83,12.68,12.72,14.47,7.28,8.21,12.23,22.55,22.08,9.68,13.87,11.68
12.86,16.23,18.17,14.26,17.90,19.76,11.81,9.38,9.47,4.03,12.70,14.68,16.62,16.34,3.83,13.62,11.14
9.23,15.50,14.21,12.04,16.24,20.07,2.81,18.30,7.50,13.18,19.06,8.75,17.08,15.63,8.40,4.82,2.56
5.28,6.41,0.65,25.84,5.11,10.01,12.52,26.60,21.27,20.93,18.69,5.32,30.86,29.45,20.02,11.45,11.81
10.34,5.65,11.41,27.73,7.60,5.94,17.94,19.80,22.58,15.23,7.68,13.64,31.12,30.51,18.29,18.25,16.87
24.06,29.77,29.21,3.34,30.86,34.04,16.75,18.82,7.67,17.67,28.32,23.71,2.56,0.65,11.88,18.47,17.20
14.95,14.48,18.90,22.83,16.56,16.12,18.33,9.83,18.11,6.58,4.54,18.00,24.54,24.60,12.33,19.66,17.38
25.66,31.31,30.83,4.94,32.43,35.55,18.40,19.39,9.26,18.67,29.48,25.35,1.44,1.11,13.16,20.11,18.85
19.66,22.73,24.98,14.06,24.51,25.88,17.39,4.96,11.07,5.22,16.15,21.34,13.82,14.49,6.23,19.37,16.96
19.35,20.22,23.99,20.74,22.25,22.26,20.28,3.77,16.87,4.55,10.24,21.95,21.02,21.60,10.96,22.00,19.53
12.60,9.75,15.09,26.33,11.82,10.42,18.64,15.77,21.26,11.83,3.27,15.98,28.98,28.68,16.18,19.43,17.58
19.03,25.13,23.96,2.40,26.00,29.59,11.21,19.06,3.71,16.22,25.76,18.32,8.17,6.23,9.63,12.83,11.77
21.40,26.36,26.80,6.28,27.72,30.33,15.65,13.22,6.19,12.31,23.23,21.82,5.74,6.12,7.35,17.63,15.75
23.76,29.41,28.94,3.34,30.52,33.66,16.57,18.27,7.35,17.14,27.82,23.48,2.52,1.12,11.40,18.32,16.99
19.20,21.11,24.21,17.75,23.05,23.70,18.76,2.40,14.17,3.33,12.71,21.43,17.84,18.46,8.48,20.61,18.13
8.77,12.15,14.00,16.42,13.74,15.93,9.80,12.91,11.28,7.20,11.48,10.93,19.77,19.12,7.08,11.23,8.88
12.35,18.75,17.09,9.29,19.41,23.33,4.29,19.30,5.59,14.74,21.89,11.39,14.73,13.04,8.86,6.05,4.85
24.17,29.62,29.43,4.58,30.82,33.79,17.32,17.28,7.84,16.54,27.38,24.09,1.79,2.10,11.16,19.13,17.66
20.11,21.67,25.02,19.01,23.65,24.04,20.01,1.63,15.51,4.34,12.49,22.45,18.89,19.60,9.83,21.84,19.36
24.26,30.29,29.19,3.15,31.21,34.70,16.37,21.26,8.31,19.64,29.96,23.52,4.91,2.68,13.46,17.89,16.97
5.06,9.78,10.45,17.44,10.99,14.12,7.47,16.77,12.37,11.06,13.38,7.08,21.65,20.63,9.81,8.39,6.41
6.23,10.11,4.64,23.90,9.06,13.99,10.33,27.54,19.77,21.83,21.45,3.83,29.27,27.65,19.66,8.79,9.90
14.85,19.79,14.23,24.06,18.70,23.59,12.84,33.68,21.61,28.21,30.34,11.49,29.90,27.83,24.05,10.84,13.28
22.05,22.67,26.62,22.37,24.73,24.45,22.89,3.63,18.87,7.07,11.80,24.66,22.01,22.84,13.12,24.64,22.17
17.89,23.75,23.00,3.44,24.75,28.13,10.63,17.09,1.76,14.16,23.80,17.51,8.36,6.83,7.58,12.44,11.02
22.25,23.34,27.01,21.08,25.37,25.38,22.45,2.10,17.81,6.70,13.07,24.70,20.49,21.39,12.23,24.27,21.78
13.98,8.52,14.37,31.07,10.12,6.58,21.66,21.29,25.93,17.39,7.67,17.23,34.15,33.69,21.29,21.98,20.59
7.75,9.01,12.15,20.24,10.85,12.34,12.06,14.51,15.09,9.04,8.74,10.76,23.58,22.96,10.79,13.03,11.02
24.61,29.87,29.92,5.77,31.13,33.94,18.06,16.43,8.46,16.07,27.04,24.68,2.00,3.30,11.08,19.92,18.34
6.21,12.48,11.34,15.01,13.21,17.07,3.60,18.66,10.28,13.14,17.19,6.20,19.86,18.52,9.77,4.74,2.55
14.18,19.97,14.93,20.47,19.24,24.17,10.15,31.20,18.29,25.91,29.28,10.85,26.32,24.23,21.22,8.31,10.79
3.91,8.87,4.48,22.24,8.29,13.17,8.75,25.12,17.87,19.40,19.35,1.63,27.44,25.93,17.39,7.55,8.14
10.67,17.24,15.13,11.46,17.73,21.87,2.16,20.52,7.77,15.60,21.67,9.36,16.96,15.24,10.28,3.82,2.94
4.48,11.11,8.21,18.21,11.19,15.72,4.78,22.48,13.88,16.85,19.01,2.44,23.43,21.90,13.88,3.97,4.11
22.50,27.11,27.94,8.21,28.57,30.91,17.27,11.95,8.03,11.89,22.98,23.16,6.46,7.43,7.96,19.28,17.30
14.98,17.54,20.13,15.76,19.36,20.64,14.52,6.78,11.37,1.35,11.73,17.08,17.26,17.33,5.39,16.32,13.84
19.43,24.50,24.82,5.90,25.81,28.54,13.69,13.12,4.38,11.35,22.01,19.82,7.15,6.94,5.72,15.68,13.77
10.56,6.49,12.11,27.12,8.51,7.07,17.79,18.70,21.97,14.20,6.63,13.91,30.36,29.81,17.50,18.23,16.71
2.62,5.05,2.99,23.80,4.81,9.50,10.98,23.60,19.02,17.94,16.09,4.40,28.57,27.30,17.29,10.35,10.11
6.84,6.42,10.29,22.56,8.37,9.65,13.09,16.88,17.40,11.58,8.68,10.18,26.13,25.42,13.42,13.69,12.02
20.36,25.88,25.61,3.16,27.04,30.10,13.61,15.88,4.04,14.00,24.43,20.29,5.59,4.65,7.94,15.48,13.91
5.72,10.82,5.96,21.97,10.09,15.02,8.40,26.36,17.90,20.66,21.24,2.58,27.37,25.73,18.08,6.84,8.02
8.85,15.46,11.96,15.94,15.40,20.05,3.19,24.14,12.50,18.80,22.75,6.27,21.58,19.76,14.39,1.20,3.68
24.69,27.12,29.89,17.80,29.01,29.79,22.74,4.46,15.82,9.13,18.44,26.57,15.88,17.20,11.56,24.73,22.32
12.82,18.79,13.95,19.43,18.16,23.07,8.63,29.68,17.00,24.37,27.80,9.53,25.27,23.22,19.75,6.77,9.25
7.53,1.53,5.45,28.38,1.00,4.07,16.21,24.80,23.39,19.52,14.27,9.87,32.73,31.68,20.58,15.76,15.26
7.83,12.07,13.22,15.66,13.48,16.15,8.15,14.22,10.50,8.55,12.95,9.64,19.42,18.59,7.16,9.58,7.22
20.59,24.62,26.03,10.49,26.22,28.19,16.58,8.73,8.51,8.52,19.63,21.69,9.86,10.57,5.86,18.62,16.39
25.15,27.17,30.24,19.39,29.11,29.62,23.73,3.96,17.21,9.34,17.80,27.19,17.55,18.87,12.64,25.69,23.25
11.32,17.39,12.74,18.84,16.85,21.74,7.29,28.29,16.07,22.93,26.24,8.06,24.64,22.66,18.48,5.36,7.83
13.75,7.80,13.56,31.74,9.18,5.20,21.77,22.68,26.58,18.60,9.20,16.88,35.02,34.47,22.16,21.94,20.71
20.39,26.82,24.91,4.57,27.46,31.40,11.92,22.63,7.01,19.62,28.74,19.11,10.00,7.74,13.00,13.13,12.72
14.54,10.39,16.14,29.30,12.31,9.69,21.25,18.03,24.23,14.55,4.18,17.92,31.92,31.65,19.14,21.89,20.18
14.94,11.49,17.08,28.33,13.50,11.29,21.05,16.31,23.32,13.07,2.38,18.32,30.69,30.52,18.02,21.85,19.99
16.07,16.72,20.56,20.56,18.75,18.85,17.91,6.84,16.12,3.78,7.62,18.81,21.81,22.03,10.16,19.47,17.06
21.66,21.34,25.81,24.78,23.44,22.58,23.72,6.71,20.90,8.41,9.42,24.55,24.87,25.55,14.96,25.32,22.89
20.46,20.35,24.69,23.72,22.43,21.77,22.43,6.17,19.74,7.20,8.83,23.31,24.01,24.62,13.78,24.03,21.61
5.80,4.09,1.91,26.99,2.57,7.47,14.05,25.92,22.21,20.37,16.88,7.11,31.74,30.48,20.28,13.25,13.22
12.19,18.33,13.73,18.43,17.83,22.71,7.53,28.58,15.90,23.30,26.96,8.98,24.25,22.23,18.63,5.70,8.18
14.44,15.62,19.11,19.20,17.59,18.13,16.03,7.66,14.59,3.02,8.16,17.08,20.85,20.90,8.71,17.60,15.19
9.94,16.23,14.88,11.36,16.96,20.80,2.99,18.37,6.92,13.37,19.62,9.36,16.46,14.97,8.29,5.03,2.99
25.37,27.37,30.46,19.58,29.32,29.79,23.97,4.13,17.43,9.55,17.93,27.42,17.70,19.03,12.87,25.93,23.49
12.16,18.66,14.66,15.90,18.43,23.19,5.76,26.67,13.45,21.55,26.12,9.29,21.73,19.70,16.52,4.36,6.62
1.58,5.18,5.17,22.34,5.79,9.83,10.15,21.39,17.43,15.74,14.37,4.82,26.90,25.73,15.28,9.93,9.17
26.64,32.78,31.47,5.78,33.64,37.23,18.54,23.63,10.93,22.23,32.62,25.73,6.07,4.41,16.11,19.93,19.22
16.71,18.43,21.62,17.95,20.37,21.05,17.02,4.93,13.80,1.26,10.58,19.08,18.88,19.20,7.83,18.77,16.30
13.50,15.67,18.51,16.97,17.53,18.69,14.06,8.08,12.29,2.40,10.12,15.83,18.90,18.82,6.47,15.72,13.27
15.78,14.29,19.20,25.10,16.39,15.28,20.02,11.52,20.34,8.83,2.47,18.99,26.83,26.89,14.60,21.21,19.03
18.47,20.54,23.52,17.14,22.45,23.24,17.92,3.20,13.45,2.61,12.61,20.65,17.45,17.98,7.70,19.78,17.30
24.53,25.64,29.32,22.03,27.67,27.60,24.43,3.41,19.17,8.85,15.06,26.94,20.83,21.95,13.87,26.29,23.81
6.49,2.20,7.37,25.86,4.27,5.73,14.73,21.10,20.75,15.87,11.04,9.65,29.85,28.97,17.38,14.74,13.69
5.20,11.87,9.62,16.67,12.20,16.52,3.51,21.12,12.25,15.54,18.56,4.01,21.81,20.32,12.28,3.39,2.65
8.36,14.35,13.59,12.90,15.24,18.85,3.93,17.19,8.05,11.90,17.46,8.46,17.62,16.33,7.73,5.74,3.27
20.81,24.51,26.22,11.86,26.18,27.92,17.34,7.39,9.70,7.74,18.81,22.11,11.08,11.89,6.30,19.37,17.07
12.92,18.65,13.61,20.51,17.91,22.85,9.43,30.43,18.01,25.06,28.10,9.57,26.34,24.30,20.60,7.50,9.97
12.39,19.07,15.89,12.84,19.19,23.71,4.23,24.15,10.36,19.27,24.96,10.14,18.64,16.66,13.81,4.04,5.29
16.29,21.01,21.73,8.61,22.42,24.97,11.72,11.30,4.60,8.27,18.53,17.07,10.80,10.45,2.08,13.76,11.55
12.95,12.48,16.83,22.45,14.56,14.38,16.82,11.32,17.55,7.17,4.51,16.05,24.65,24.52,12.04,18.03,15.83
21.68,25.36,27.10,12.12,27.03,28.73,18.14,7.50,10.29,8.41,19.42,22.98,10.90,11.87,7.16,20.18,17.90
20.63,24.84,26.07,9.74,26.39,28.49,16.31,9.50,7.96,9.11,20.20,21.61,9.14,9.81,5.88,18.34,16.16
9.72,14.97,9.75,21.80,14.11,19.04,8.99,29.10,18.49,23.51,25.21,6.35,27.51,25.63,19.94,6.98,9.12
7.32,6.30,10.51,23.13,8.31,9.26,13.73,16.98,17.97,11.77,8.22,10.68,26.64,25.96,13.89,14.31,12.65
21.11,27.59,25.52,5.36,28.17,32.18,12.55,23.66,8.06,20.67,29.75,19.70,10.50,8.21,14.05,13.64,13.40
14.81,11.49,17.04,28.06,13.51,11.40,20.84,16.05,23.05,12.79,2.16,18.19,30.41,30.24,17.74,21.66,19.79
3.19,8.14,4.12,22.29,7.66,12.50,8.91,24.58,17.82,18.86,18.58,1.71,27.41,25.94,17.08,7.87,8.22
27.64,33.53,32.65,6.42,34.53,37.87,19.90,22.36,11.40,21.59,32.31,27.03,4.07,3.37,15.88,21.46,20.48
19.95,21.45,24.84,19.13,23.43,23.80,19.95,1.86,15.57,4.23,12.23,22.32,19.07,19.76,9.85,21.77,19.28
9.02,15.28,11.03,18.16,14.91,19.74,5.49,26.20,14.85,20.75,23.83,5.88,23.85,21.99,16.64,3.45,5.81
13.51,15.89,18.58,16.50,17.72,18.99,13.79,8.08,11.83,2.36,10.58,15.77,18.44,18.36,6.00,15.49,13.02
10.29,15.99,15.59,11.19,17.02,20.39,5.36,15.79,6.17,10.80,17.67,10.54,15.67,14.48,5.87,7.35,4.99
16.00,21.95,21.09,5.23,22.90,26.37,8.75,17.07,1.31,13.56,22.64,15.59,10.26,8.74,6.96,10.60,9.11
21.73,21.85,26.08,23.64,23.93,23.35,23.24,5.29,19.91,7.62,10.40,24.50,23.54,24.29,14.03,24.91,22.46
8.12,5.54,10.48,24.78,7.63,7.85,15.15,18.00,19.62,13.01,7.85,11.51,28.26,27.60,15.48,15.60,14.07
10.90,17.56,14.16,14.37,17.57,22.17,3.53,24.37,11.46,19.26,24.16,8.46,20.12,18.20,14.24,2.57,4.47
4.28,5.47,8.06,21.97,7.03,9.61,11.27,18.60,16.87,13.06,11.24,7.64,26.01,25.09,13.69,11.60,10.20
10.10,15.30,15.52,12.09,16.51,19.56,6.69,14.37,6.95,9.22,16.08,10.89,16.12,15.14,4.98,8.58,6.12
2.95,5.55,7.09,21.62,6.78,10.01,10.33,19.46,16.58,13.84,12.58,6.31,25.89,24.86,13.86,10.50,9.28
15.84,21.26,15.91,22.60,20.33,25.26,12.44,33.49,20.58,28.16,31.15,12.46,28.45,26.32,23.54,10.56,13.05
24.89,30.51,30.08,4.39,31.64,34.74,17.71,18.70,8.49,17.88,28.67,24.63,1.51,0.85,12.33,19.46,18.14
12.89,16.60,18.26,13.38,18.21,20.26,11.24,9.83,8.57,4.73,13.57,14.52,15.87,15.53,3.02,13.10,10.62
27.52,28.26,32.19,24.80,30.32,29.91,27.63,6.60,22.20,11.99,16.92,30.01,23.11,24.42,17.03,29.48,27.00
6.71,0.92,6.58,26.78,3.02,4.83,15.23,22.41,21.70,17.17,12.11,9.64,30.90,29.95,18.53,15.08,14.23
14.57,12.69,17.73,25.42,14.79,13.60,19.41,12.94,20.52,9.69,1.54,17.85,27.49,27.42,14.98,20.48,18.39
24.53,29.30,29.95,8.11,30.73,33.16,18.83,13.80,9.30,14.16,25.25,25.01,4.74,6.27,10.16,20.80,18.95
19.64,24.09,25.08,8.70,25.58,27.86,15.02,10.34,6.61,9.19,20.17,20.49,8.86,9.21,4.96,17.05,14.91
3.01,4.52,2.92,24.22,4.27,8.94,11.48,23.63,19.42,18.00,15.80,4.96,28.95,27.70,17.54,10.89,10.60
16.74,21.53,22.17,8.14,22.91,25.50,11.94,11.53,4.35,8.72,19.05,17.44,10.25,9.91,2.62,13.98,11.82
18.15,16.93,21.78,25.44,19.03,17.85,21.72,9.97,20.94,8.65,4.61,21.28,26.60,26.89,15.01,23.06,20.78
14.67,12.92,17.91,25.20,15.02,13.90,19.36,12.61,20.33,9.39,1.76,17.93,27.22,27.18,14.75,20.46,18.35
7.63,7.79,11.49,21.72,9.73,10.89,13.01,15.52,16.57,10.22,8.10,10.86,25.10,24.47,12.31,13.81,11.95
7.94,2.23,8.05,27.36,4.21,4.30,16.27,21.88,22.25,16.82,10.90,11.00,31.28,30.43,18.72,16.24,15.24
18.40,20.69,23.52,16.50,22.57,23.50,17.57,3.49,12.85,2.69,13.12,20.50,16.80,17.33,7.16,19.44,16.97
10.40,16.56,12.07,18.46,16.09,20.96,6.47,27.40,15.47,22.01,25.26,7.19,24.22,22.29,17.67,4.48,6.94
5.16,11.44,10.34,16.06,12.15,16.03,4.34,18.93,11.29,13.33,16.64,5.41,20.86,19.55,10.44,5.13,3.27
3.71,8.29,3.87,22.71,7.66,12.55,9.27,25.13,18.29,19.42,19.01,2.07,27.87,26.38,17.62,8.13,8.62
21.25,20.88,25.36,24.72,22.97,22.11,23.41,6.87,20.77,8.23,8.95,24.15,24.92,25.56,14.81,25.00,22.58
17.39,24.08,21.05,10.21,24.29,28.72,8.82,25.58,9.99,21.45,28.75,15.29,15.94,13.72,15.16,9.15,9.86
23.14,26.98,28.57,11.82,28.63,30.40,19.15,8.76,10.73,10.11,21.10,24.30,9.81,11.05,8.46,21.19,18.99
19.41,20.14,23.99,21.14,22.18,22.10,20.51,4.10,17.24,4.85,9.94,22.05,21.44,22.02,11.32,22.21,19.75
15.86,21.23,21.20,6.65,22.42,25.44,9.99,14.01,1.93,10.68,20.33,16.10,10.19,9.28,4.07,12.00,10.03
7.17,10.86,5.22,24.41,9.69,14.59,10.86,28.45,20.38,22.74,22.37,4.68,29.84,28.18,20.46,9.22,10.50
22.88,26.66,28.31,11.99,28.32,30.07,19.03,8.39,10.74,9.73,20.71,24.09,10.14,11.33,8.24,21.07,18.84
13.49,17.61,18.92,12.00,19.14,21.40,10.88,10.25,7.25,5.65,14.96,14.84,14.54,14.15,1.67,12.83,10.38
19.14,18.12,22.89,25.39,20.22,19.09,22.33,9.14,21.02,8.52,5.84,22.21,26.27,26.66,15.05,23.75,21.42
5.52,4.65,8.41,23.31,6.50,8.37,12.82,18.76,18.18,13.38,10.20,8.90,27.19,26.35,14.68,13.14,11.76
6.23,12.81,9.45,17.53,12.76,17.39,3.96,23.41,13.53,17.87,20.67,3.66,22.95,21.29,14.30,2.54,3.69
13.68,13.55,17.76,21.91,15.62,15.52,17.01,10.18,17.10,6.18,5.10,16.70,23.89,23.84,11.44,18.32,16.05
3.30,6.85,2.69,23.57,6.20,11.09,10.30,24.87,18.99,19.17,18.00,3.18,28.59,27.18,17.88,9.35,9.56
17.90,21.36,23.28,12.70,23.06,24.73,15.33,6.61,9.27,4.84,15.93,19.44,13.25,13.62,4.17,17.32,14.91
4.74,2.37,3.79,25.78,2.36,6.78,13.41,23.61,20.85,18.11,14.56,7.12,30.29,29.15,18.43,12.95,12.48
14.63,20.71,15.94,18.96,20.13,25.04,9.51,30.49,17.04,25.33,29.36,11.39,24.80,22.68,20.34,7.87,10.28
4.18,9.53,5.22,21.65,9.01,13.87,8.11,25.05,17.35,19.34,19.70,1.25,26.90,25.35,17.08,6.85,7.56
11.05,17.04,12.31,19.23,16.46,21.36,7.45,28.38,16.37,22.98,26.07,7.75,25.02,23.06,18.65,5.47,7.93
19.91,22.57,25.14,15.51,24.41,25.51,18.25,3.52,12.41,4.66,15.20,21.79,15.21,15.94,7.26,20.20,17.75
17.58,19.83,22.67,16.53,21.71,22.66,16.95,4.17,12.67,1.84,12.48,19.71,17.12,17.54,6.84,18.80,16.32
2.98,9.47,8.16,18.25,10.03,14.10,5.90,20.15,13.49,14.45,16.22,3.70,23.06,21.75,12.32,6.00,4.89
9.51,2.92,8.47,29.41,4.06,2.20,18.05,23.70,24.31,18.76,11.97,12.32,33.37,32.51,20.81,17.88,17.04
12.03,18.68,15.16,14.16,18.66,23.28,4.55,25.11,11.64,20.10,25.27,9.52,19.97,17.98,14.86,3.72,5.54
6.96,10.52,4.87,24.52,9.34,14.24,10.95,28.31,20.44,22.60,22.09,4.60,29.92,28.28,20.42,9.35,10.57
17.02,21.53,22.47,9.09,22.99,25.38,12.73,10.41,5.48,7.81,18.38,17.93,10.69,10.57,2.38,14.77,12.53
23.38,23.71,27.84,23.80,25.79,25.26,24.43,4.86,20.39,8.62,12.30,26.06,23.23,24.15,14.67,26.16,23.69
7.33,13.64,9.61,18.41,13.34,18.13,5.09,25.13,14.71,19.59,22.23,4.24,23.97,22.22,15.89,3.20,5.10
23.77,29.71,28.77,2.55,30.68,34.09,16.04,20.32,7.64,18.73,29.12,23.15,4.32,2.03,12.61,17.63,16.60
23.51,23.69,27.90,24.31,25.77,25.14,24.74,5.40,20.85,8.96,12.08,26.23,23.78,24.68,15.10,26.45,23.99
9.56,11.14,14.22,19.13,13.01,14.31,12.51,12.37,14.04,6.88,8.50,12.34,22.07,21.61,9.20,13.76,11.53
15.21,20.20,14.65,24.00,19.12,24.02,12.98,33.87,21.64,28.42,30.68,11.84,29.84,27.76,24.18,11.00,13.44
5.44,11.62,7.68,19.52,11.31,16.10,5.95,24.56,15.46,18.92,20.66,2.22,24.91,23.27,15.87,4.47,5.58
15.41,16.54,20.09,19.36,18.53,18.96,16.81,6.75,14.88,2.69,8.44,18.03,20.73,20.89,8.93,18.42,15.99
8.63,2.55,8.41,28.10,4.32,3.62,17.01,22.33,22.98,17.35,10.98,11.63,31.99,31.16,19.40,16.95,15.98
12.06,6.50,12.35,29.88,8.14,5.08,19.94,21.37,24.72,17.05,8.39,15.27,33.23,32.64,20.38,20.16,18.88
19.47,24.45,24.88,6.32,25.79,28.45,13.89,12.70,4.71,11.02,21.74,19.93,7.34,7.24,5.55,15.89,13.94
6.95,2.66,7.97,25.97,4.76,5.70,15.07,20.75,20.85,15.59,10.46,10.17,29.87,29.03,17.32,15.14,14.02
22.18,25.27,27.51,14.49,27.06,28.35,19.52,5.31,12.33,7.56,18.16,23.79,13.18,14.24,8.32,21.53,19.17
11.24,16.44,11.12,22.18,15.52,20.45,9.86,30.33,19.15,24.79,26.72,7.87,27.95,26.00,20.97,7.82,10.12
10.74,17.27,15.30,11.19,17.81,21.89,2.39,20.12,7.40,15.23,21.43,9.55,16.64,14.95,9.86,4.16,3.06
10.97,14.11,16.20,15.64,15.80,17.67,11.11,10.78,10.64,5.10,11.45,13.05,18.44,18.01,5.57,12.75,10.30
21.01,27.31,25.71,3.11,28.05,31.84,12.74,21.68,6.49,18.99,28.50,19.95,8.43,6.17,12.41,14.10,13.46
17.48,20.87,22.84,12.97,22.58,24.23,15.10,6.56,9.37,4.38,15.45,19.07,13.68,14.00,4.03,17.08,14.66
25.33,26.75,30.23,21.46,28.75,28.85,24.73,3.78,18.92,9.49,16.48,27.61,19.90,21.14,13.91,26.64,24.17
22.31,28.77,26.74,5.40,29.38,33.36,13.77,24.14,8.81,21.39,30.69,20.92,10.02,7.73,14.78,14.86,14.61
2.51,9.09,7.60,18.77,9.57,13.73,6.24,20.61,14.03,14.90,16.33,3.22,23.61,22.29,12.88,6.17,5.26
6.58,11.28,6.07,22.71,10.39,15.33,9.18,27.35,18.74,21.65,22.06,3.55,28.17,26.49,19.04,7.51,8.86
10.94,14.98,16.35,13.74,16.49,18.84,9.57,11.66,8.67,6.26,13.49,12.53,16.87,16.28,4.18,11.35,8.87
10.41,16.05,11.05,20.64,15.32,20.25,8.28,28.88,17.56,23.37,25.74,7.04,26.40,24.47,19.42,6.24,8.58
21.03,24.94,26.47,11.08,26.56,28.44,17.19,8.28,9.19,8.49,19.59,22.21,10.18,11.01,6.37,19.23,16.98
18.28,17.29,22.03,24.97,19.39,18.34,21.57,9.29,20.52,8.13,5.20,21.36,26.02,26.35,14.57,22.96,20.65
16.69,15.80,20.46,24.17,17.90,17.05,20.15,9.69,19.58,7.53,4.32,19.79,25.56,25.76,13.70,21.50,19.21
16.23,19.08,21.47,14.79,20.87,22.24,15.00,6.05,10.72,2.15,13.18,18.15,15.89,16.10,4.82,16.89,14.42
14.56,18.62,19.99,11.64,20.17,22.35,11.73,9.58,7.15,5.47,15.41,15.90,13.80,13.55,1.17,13.71,11.28
5.59,2.95,7.28,24.72,4.85,6.85,13.66,20.39,19.62,15.06,11.05,8.86,28.75,27.84,16.32,13.74,12.61
26.44,26.91,30.99,24.99,28.98,28.43,26.99,6.23,22.09,11.20,15.36,29.03,23.68,24.86,16.68,28.80,26.31
7.47,1.72,7.51,27.12,3.76,4.46,15.87,22.05,22.02,16.92,11.33,10.49,31.12,30.23,18.62,15.80,14.85
9.93,10.91,14.36,20.03,12.85,13.82,13.37,12.41,14.96,7.11,7.56,12.85,22.87,22.46,10.00,14.56,12.37
24.16,29.29,29.51,6.17,30.60,33.31,17.87,15.46,8.24,15.18,26.19,24.36,2.95,4.16,10.37,19.77,18.10
20.22,20.14,24.46,23.56,22.22,21.59,22.20,6.14,19.55,6.99,8.69,23.07,23.90,24.49,13.59,23.80,21.37
5.42,2.32,3.55,26.54,1.65,6.36,14.05,24.35,21.62,18.88,15.01,7.57,31.07,29.93,19.24,13.52,13.14
15.71,22.28,18.34,14.71,22.11,26.84,8.29,28.12,13.48,23.38,29.06,12.96,20.52,18.35,17.68,7.52,9.32
18.36,24.18,23.50,3.08,25.20,28.54,11.17,16.95,2.08,14.20,23.99,18.03,7.83,6.33,7.66,12.98,11.55
9.79,13.58,15.14,15.01,15.12,17.42,9.50,12.26,9.89,6.64,12.52,11.64,18.27,17.64,5.60,11.13,8.68
6.26,11.72,11.70,15.45,12.78,16.14,5.77,16.70,10.43,11.09,15.01,7.38,19.84,18.73,8.58,7.03,4.77
17.02,23.71,20.51,11.05,23.85,28.35,8.55,26.04,10.60,21.78,28.78,14.79,16.81,14.60,15.58,8.70,9.61
6.45,12.79,8.93,18.57,12.55,17.30,5.07,24.57,14.68,19.00,21.38,3.40,24.05,22.35,15.53,3.38,4.89
14.00,14.73,18.48,20.17,16.75,17.08,16.26,8.61,15.46,4.22,7.01,16.79,21.97,21.98,9.67,17.74,15.37
2.46,8.82,7.79,18.76,9.44,13.45,6.56,20.05,13.95,14.33,15.68,3.81,23.50,22.23,12.52,6.66,5.54
23.71,28.51,29.12,7.63,29.93,32.39,18.03,13.49,8.52,13.56,24.64,24.19,4.91,6.16,9.38,20.00,18.14
16.92,16.56,20.97,23.07,18.65,18.09,19.76,8.30,18.58,6.29,5.69,19.90,24.28,24.54,12.64,21.20,18.85
10.46,10.85,14.65,20.91,12.85,13.48,14.29,12.43,15.86,7.37,6.60,13.48,23.64,23.28,10.79,15.44,13.28
0.34,6.65,5.14,21.44,6.92,11.28,8.80,21.92,16.66,16.21,15.77,3.20,26.21,24.93,15.06,8.40,7.87
17.57,24.16,21.77,7.43,24.61,28.79,8.91,23.25,7.44,19.46,27.52,15.95,13.21,11.03,12.98,9.83,9.83
13.58,9.29,15.05,28.96,11.21,8.69,20.50,18.43,23.86,14.66,4.87,16.94,31.76,31.41,18.92,21.06,19.42
14.09,18.27,19.52,11.50,19.79,22.07,11.15,10.13,6.86,5.84,15.49,15.36,13.90,13.56,1.04,13.13,10.71
8.56,1.97,7.63,28.60,3.32,2.97,17.12,23.42,23.51,18.37,12.15,11.36,32.64,31.74,20.15,16.92,16.11
6.16,4.84,8.94,23.57,6.79,8.26,13.34,18.46,18.43,13.16,9.58,9.54,27.35,26.56,14.75,13.70,12.27
24.83,27.37,30.06,17.46,29.25,30.10,22.70,4.90,15.60,9.37,18.86,26.65,15.43,16.79,11.50,24.70,22.30
12.96,19.62,16.13,13.61,19.62,24.23,5.19,25.33,11.41,20.45,25.96,10.48,19.45,17.41,14.99,4.61,6.23
13.66,13.56,17.75,21.84,15.63,15.55,16.95,10.14,17.02,6.11,5.18,16.67,23.81,23.76,11.36,18.26,15.99
7.68,14.24,12.33,13.95,14.75,18.87,1.42,20.00,9.63,14.66,19.35,6.70,19.16,17.62,10.42,2.95,0.46
4.34,5.81,1.13,25.13,4.80,9.73,11.94,25.59,20.49,19.93,17.80,4.83,30.08,28.71,19.09,11.00,11.18
8.47,12.32,13.80,15.81,13.82,16.26,8.95,13.41,10.65,7.73,12.32,10.42,19.34,18.61,6.83,10.42,8.05
12.07,18.76,15.54,13.14,18.85,23.39,4.02,24.18,10.56,19.25,24.78,9.79,18.94,16.97,13.87,3.71,5.08
12.13,11.99,16.15,21.78,14.05,14.16,15.91,11.51,16.83,6.98,5.27,15.20,24.14,23.94,11.43,17.11,14.92
3.83,10.22,6.91,19.57,10.11,14.78,6.12,23.32,15.23,17.64,19.02,1.09,24.79,23.26,15.04,5.12,5.48
4.73,9.36,4.53,22.68,8.62,13.54,9.13,25.94,18.41,20.22,20.13,2.27,27.96,26.40,18.11,7.79,8.60
22.51,27.32,27.93,7.20,28.73,31.22,16.92,12.96,7.48,12.63,23.66,23.01,5.52,6.37,8.21,18.90,17.00
7.51,13.78,9.67,18.53,13.45,18.25,5.26,25.36,14.87,19.83,22.44,4.37,24.11,22.34,16.10,3.34,5.30
26.33,32.43,31.18,5.38,33.31,36.87,18.27,23.17,10.53,21.78,32.18,25.46,5.69,3.96,15.67,19.70,18.93
11.06,16.87,11.97,20.03,16.20,21.12,8.09,28.92,17.13,23.48,26.26,7.72,25.82,23.86,19.29,6.08,8.51
7.41,13.70,12.45,13.84,14.42,18.29,2.86,18.56,9.19,13.17,17.98,7.12,18.78,17.38,9.21,4.43,1.97
15.27,21.40,20.22,6.02,22.25,25.90,7.63,18.09,2.64,14.29,22.88,14.63,11.38,9.71,7.77,9.40,8.09
23.80,29.26,29.05,4.28,30.45,33.43,16.94,17.14,7.46,16.29,27.10,23.71,2.16,2.16,10.84,18.76,17.29
15.99,13.63,18.89,26.88,15.71,14.04,21.02,13.50,22.03,10.83,0.66,19.30,28.77,28.78,16.40,22.07,20.00
5.68,1.33,5.96,25.87,3.11,5.81,14.21,22.14,20.83,16.79,12.45,8.64,30.08,29.09,17.82,14.04,13.21
19.81,19.99,24.16,22.70,22.07,21.63,21.52,5.45,18.71,6.18,8.97,22.59,23.06,23.63,12.75,23.15,20.71
21.60,27.61,26.56,0.65,28.54,32.03,13.82,19.66,5.69,17.51,27.57,20.93,5.95,3.81,11.13,15.42,14.38
5.02,7.41,1.90,24.97,6.28,11.21,11.53,26.57,20.49,20.87,19.30,4.34,30.08,28.62,19.56,10.36,10.88
16.27,20.06,21.68,11.86,21.69,23.63,13.48,8.16,7.91,5.03,15.75,17.69,13.23,13.28,2.36,15.47,13.06
4.32,10.89,7.80,18.67,10.89,15.48,5.21,22.85,14.35,17.20,19.12,2.00,23.90,22.36,14.33,4.28,4.57
10.00,8.30,13.07,24.01,10.39,10.21,15.83,15.45,18.89,10.75,5.53,13.34,27.01,26.55,14.14,16.61,14.77
9.92,15.08,15.35,12.33,16.30,19.33,6.73,14.34,7.18,9.13,15.87,10.77,16.33,15.37,5.08,8.60,6.13
13.67,10.46,15.95,27.33,12.50,10.67,19.79,16.09,22.28,12.47,2.72,17.05,29.85,29.61,17.10,20.57,18.73
16.32,22.99,20.20,9.54,23.29,27.64,7.67,24.24,8.78,20.06,27.37,14.39,15.36,13.20,13.80,8.22,8.69
22.06,25.17,27.40,14.38,26.95,28.27,19.38,5.34,12.20,7.48,18.12,23.66,13.12,14.16,8.18,21.39,19.03
5.79,4.41,1.60,26.94,2.88,7.77,13.94,26.10,22.19,20.54,17.17,6.94,31.74,30.46,20.35,13.10,13.13
24.29,30.14,29.35,3.14,31.16,34.48,16.72,19.93,8.01,18.61,29.15,23.78,3.38,1.10,12.65,18.36,17.24
13.52,19.82,15.37,17.46,19.39,24.25,7.82,28.76,15.35,23.63,27.94,10.42,23.31,21.22,18.60,6.27,8.63
20.24,26.35,25.13,1.62,27.22,30.82,12.32,19.77,4.83,17.18,26.89,19.46,7.45,5.35,10.64,13.88,12.92
20.05,26.21,24.92,1.98,27.05,30.68,12.07,19.97,4.86,17.29,26.92,19.23,7.80,5.70,10.73,13.61,12.68
14.27,8.05,13.67,32.66,9.22,4.83,22.45,23.76,27.50,19.68,10.24,17.32,36.02,35.44,23.17,22.54,21.39
12.01,13.65,16.79,18.42,15.55,16.57,13.82,9.78,13.53,4.35,8.54,14.62,20.74,20.52,8.02,15.30,12.92
9.44,15.96,14.07,12.28,16.50,20.58,1.48,19.86,8.18,14.76,20.41,8.37,17.61,16.00,9.85,3.50,1.82
21.02,21.42,25.48,22.57,23.49,23.12,22.28,4.43,18.82,6.58,10.44,23.72,22.55,23.26,12.95,23.97,21.51
10.89,17.59,14.56,13.29,17.75,22.22,2.77,23.26,10.25,18.23,23.54,8.77,19.01,17.12,13.07,2.60,3.82
11.30,7.13,12.80,27.59,9.12,7.33,18.46,18.65,22.45,14.31,6.16,14.65,30.73,30.23,17.86,18.93,17.39
13.39,19.76,18.14,8.28,20.44,24.33,5.30,19.31,4.88,14.97,22.55,12.44,13.79,12.05,8.84,6.99,5.89
9.88,15.95,11.38,18.94,15.44,20.32,6.61,27.39,15.82,21.94,24.89,6.62,24.68,22.78,17.79,4.58,6.98
10.32,16.38,15.45,10.90,17.25,20.88,4.16,17.18,6.17,12.24,18.92,10.11,15.76,14.39,7.08,6.20,4.01
20.68,25.60,26.09,6.47,26.97,29.56,15.08,12.75,5.75,11.62,22.50,21.15,6.47,6.70,6.58,17.07,15.15
25.60,31.11,30.83,5.35,32.29,35.30,18.56,18.51,9.21,17.99,28.88,25.42,0.52,1.78,12.69,20.33,18.96
6.19,12.59,11.18,15.09,13.23,17.20,3.17,19.20,10.45,13.69,17.67,5.89,20.04,18.65,10.21,4.20,2.10
8.44,12.51,13.81,15.46,13.97,16.51,8.58,13.59,10.30,7.93,12.74,10.27,19.07,18.30,6.66,10.08,7.68
23.72,28.77,29.09,6.35,30.11,32.76,17.59,14.81,7.97,14.52,25.53,23.99,3.62,4.70,9.79,19.52,17.78
15.73,20.33,21.18,9.33,21.76,24.25,11.53,10.90,5.10,7.60,17.76,16.63,11.57,11.23,1.30,13.57,11.29
21.97,26.36,27.41,9.11,27.88,30.07,17.17,10.72,8.26,10.74,21.84,22.79,7.70,8.61,7.27,19.20,17.12
9.37,2.86,8.52,29.16,4.16,2.50,17.88,23.37,24.05,18.44,11.68,12.24,33.09,32.24,20.51,17.74,16.86
23.52,27.02,28.92,13.34,28.74,30.27,20.06,7.51,12.00,9.64,20.41,24.87,11.30,12.59,9.07,22.09,19.82
16.61,17.87,21.36,19.14,19.86,20.28,17.56,5.42,14.88,2.28,9.39,19.15,20.14,20.44,8.89,19.24,16.78
15.66,19.39,21.05,12.23,21.02,22.95,13.12,8.25,8.08,4.64,15.19,17.13,13.81,13.79,2.24,15.09,12.66
24.15,28.31,29.60,10.79,29.89,31.88,19.54,10.67,10.56,11.88,22.93,25.08,8.09,9.53,9.40,21.56,19.47
24.93,31.01,29.82,3.93,31.90,35.44,16.95,22.02,9.08,20.45,30.78,24.12,5.24,3.15,14.27,18.43,17.58
7.09,1.00,5.42,27.87,1.20,4.35,15.78,24.27,22.87,18.98,13.90,9.55,32.20,31.16,20.03,15.38,14.82
14.01,17.11,19.28,14.55,18.84,20.48,13.02,8.12,9.99,2.92,12.57,15.92,16.47,16.37,4.06,14.85,12.37
12.47,16.66,17.90,12.41,18.16,20.51,10.10,10.96,7.48,6.01,14.59,13.84,15.27,14.77,2.50,12.01,9.54
20.00,19.54,24.05,24.42,21.64,20.79,22.45,7.33,20.28,7.68,7.70,22.95,24.93,25.46,14.30,23.98,21.59
20.68,20.25,24.76,24.63,22.35,21.48,23.00,7.11,20.59,8.00,8.34,23.61,24.98,25.57,14.61,24.56,22.15
23.71,28.78,29.08,6.30,30.11,32.77,17.56,14.86,7.94,14.55,25.56,23.98,3.57,4.64,9.81,19.49,17.76
19.42,25.93,23.81,5.68,26.49,30.53,10.85,23.00,7.17,19.69,28.42,17.99,11.28,9.04,13.08,11.94,11.70
5.19,11.50,10.34,16.03,12.19,16.10,4.23,19.03,11.28,13.43,16.77,5.36,20.86,19.53,10.49,5.00,3.16
10.63,4.71,10.55,29.36,6.30,3.67,18.81,22.10,24.20,17.46,9.75,13.73,32.97,32.27,20.21,18.88,17.76
20.31,26.15,25.42,1.29,27.17,30.51,12.94,17.81,4.03,15.57,25.68,19.90,6.10,4.42,9.21,14.69,13.39
25.76,27.32,30.71,21.22,29.31,29.50,24.92,4.18,18.84,9.89,17.20,27.98,19.47,20.77,13.99,26.85,24.38
7.91,11.22,13.09,17.09,12.80,15.05,9.65,13.70,11.93,7.98,11.30,10.21,20.58,19.88,7.97,10.95,8.68
17.86,23.20,23.20,5.34,24.41,27.37,11.77,14.10,2.43,11.53,21.72,18.06,8.22,7.46,5.21,13.74,11.89
13.36,8.77,14.57,29.30,10.63,7.95,20.51,19.13,24.17,15.26,5.64,16.70,32.21,31.81,19.35,21.01,19.44
10.26,16.86,13.25,15.41,16.78,21.44,3.77,24.81,12.36,19.60,24.00,7.63,21.14,19.24,14.83,2.23,4.54
21.00,25.38,26.45,9.02,26.90,29.10,16.33,10.35,7.64,9.95,21.03,21.86,8.25,8.94,6.29,18.37,16.25
2.32,7.12,3.77,22.47,6.79,11.56,9.29,23.88,17.86,18.17,17.52,2.37,27.45,26.06,16.75,8.46,8.51
5.65,3.79,2.15,26.86,2.36,7.29,13.99,25.62,22.05,20.08,16.55,7.11,31.58,30.34,20.05,13.24,13.15
6.15,1.30,6.45,26.14,3.30,5.47,14.63,21.99,21.07,16.69,12.03,9.15,30.27,29.32,17.93,14.50,13.61
8.78,12.71,14.14,15.45,14.21,16.65,8.91,13.20,10.30,7.54,12.54,10.66,18.95,18.23,6.44,10.44,8.03
10.93,17.52,15.31,11.42,17.98,22.16,2.32,20.86,7.89,15.97,22.05,9.51,16.97,15.22,10.59,3.81,3.19
23.86,29.32,29.12,4.32,30.51,33.49,17.00,17.17,7.53,16.34,27.16,23.77,2.09,2.14,10.90,18.82,17.35
19.32,24.40,24.70,5.82,25.71,28.46,13.54,13.20,4.23,11.37,22.00,19.69,7.21,6.94,5.67,15.53,13.63
10.98,15.59,16.43,12.48,16.97,19.64,8.44,12.63,7.35,7.47,14.94,12.18,15.94,15.20,3.77,10.31,7.84
26.92,27.57,31.55,24.74,29.64,29.18,27.20,6.25,22.00,11.50,16.17,29.46,23.23,24.47,16.72,29.04,26.56
10.58,16.43,15.81,10.75,17.40,20.87,5.00,16.30,5.83,11.40,18.36,10.62,15.39,14.12,6.21,7.03,4.76
20.56,23.34,25.82,15.22,25.17,26.31,18.61,3.83,12.37,5.47,16.02,22.37,14.65,15.47,7.50,20.58,18.15
7.86,2.46,8.22,27.10,4.48,4.61,16.12,21.53,21.98,16.47,10.61,10.97,30.99,30.16,18.40,16.14,15.08
25.01,30.57,30.22,4.70,31.72,34.77,17.92,18.41,8.61,17.71,28.54,24.80,1.14,1.29,12.26,19.69,18.33
13.10,19.50,17.81,8.64,20.16,24.08,4.95,19.48,5.22,15.06,22.48,12.10,14.15,12.41,9.01,6.62,5.56
18.48,18.92,22.93,21.62,20.98,20.78,20.10,5.42,17.50,4.90,8.58,21.23,22.25,22.71,11.51,21.73,19.29
9.52,15.30,14.81,11.88,16.29,19.73,4.84,16.22,6.91,11.09,17.46,9.76,16.43,15.21,6.50,6.78,4.36
18.52,24.18,23.73,3.48,25.27,28.48,11.65,16.04,2.12,13.47,23.47,18.36,7.47,6.23,7.03,13.52,11.95
11.02,14.04,16.22,15.89,15.74,17.54,11.34,10.67,10.89,4.97,11.20,13.16,18.64,18.23,5.77,12.96,10.52
10.82,17.29,15.49,10.88,17.88,21.89,2.73,19.60,6.95,14.73,21.12,9.79,16.26,14.61,9.33,4.60,3.25
24.88,30.48,30.07,4.39,31.62,34.71,17.71,18.66,8.47,17.84,28.63,24.62,1.49,0.89,12.29,19.45,18.13
6.27,0.99,6.30,26.40,3.01,5.24,14.80,22.30,21.33,17.01,12.25,9.21,30.56,29.59,18.23,14.64,13.80
16.58,21.65,21.98,7.18,22.95,25.73,11.24,12.70,3.19,9.75,19.84,17.06,9.85,9.27,3.34,13.26,11.20
4.23,3.76,2.46,25.44,3.12,7.94,12.70,24.37,20.62,18.78,15.86,6.04,30.14,28.91,18.61,12.06,11.82
15.43,21.41,16.50,19.76,20.75,25.67,10.52,31.51,17.98,26.35,30.28,12.16,25.60,23.45,21.34,8.86,11.29
16.93,16.79,21.09,22.58,18.87,18.44,19.52,7.79,18.13,5.77,6.21,19.86,23.74,24.01,12.18,21.00,18.63
21.08,23.30,26.20,17.19,25.21,25.98,19.87,1.86,14.19,5.34,14.95,23.12,16.56,17.43,9.00,21.80,19.34
4.85,9.77,10.27,17.42,10.93,14.16,7.23,17.05,12.36,11.34,13.67,6.79,21.69,20.64,9.96,8.10,6.16
20.71,24.25,26.11,12.50,25.95,27.58,17.54,6.70,10.17,7.22,18.25,22.12,11.77,12.59,6.40,19.56,17.23
1.91,8.54,6.27,19.99,8.72,13.17,7.01,22.02,15.35,16.30,17.06,1.91,24.94,23.56,14.38,6.51,6.14
22.81,28.95,27.66,2.37,29.81,33.42,14.76,21.32,7.28,19.23,29.25,21.95,6.33,4.04,12.84,16.23,15.41
5.84,4.27,1.76,27.01,2.72,7.61,14.04,26.06,22.24,20.50,17.06,7.06,31.79,30.52,20.36,13.22,13.22
19.00,23.06,24.44,10.37,24.65,26.68,15.18,8.65,7.64,7.45,18.49,20.13,10.62,11.02,4.29,17.21,14.94
19.21,19.78,23.72,21.48,21.83,21.67,20.53,4.63,17.51,5.01,9.43,21.90,21.88,22.43,11.56,22.20,19.75
4.75,2.30,5.83,24.87,3.78,6.82,13.22,21.57,19.83,16.14,12.50,7.83,29.12,28.11,16.93,13.09,12.21
1.46,5.87,6.04,21.48,6.65,10.49,9.51,20.58,16.54,14.91,14.07,4.84,25.99,24.85,14.35,9.45,8.50
26.05,27.30,30.90,22.38,29.32,29.29,25.61,4.60,19.86,10.26,16.72,28.38,20.73,22.00,14.82,27.51,25.04
12.33,18.86,14.91,15.62,18.66,23.40,5.73,26.57,13.23,21.49,26.19,9.51,21.45,19.42,16.38,4.42,6.62
12.03,18.20,13.63,18.31,17.71,22.59,7.35,28.40,15.75,23.12,26.78,8.84,24.14,22.12,18.46,5.52,8.00
2.17,8.62,7.48,19.05,9.19,13.25,6.74,20.31,14.25,14.60,15.76,3.57,23.80,22.52,12.84,6.75,5.73
19.91,25.83,24.96,1.36,26.80,30.22,12.39,18.19,3.81,15.76,25.70,19.40,6.73,4.94,9.30,14.10,12.87
13.64,20.01,18.38,8.05,20.69,24.58,5.53,19.35,4.76,15.06,22.73,12.68,13.59,11.83,8.88,7.20,6.13
20.44,23.29,25.71,14.94,25.11,26.30,18.39,4.10,12.09,5.48,16.13,22.21,14.41,15.21,7.26,20.37,17.94
16.08,22.72,18.99,13.63,22.64,27.31,8.26,27.52,12.62,22.92,28.99,13.48,19.43,17.24,17.06,7.76,9.32
8.86,8.77,12.71,21.83,10.76,11.52,13.84,14.51,16.70,9.37,7.04,12.06,24.95,24.43,12.09,14.75,12.79
16.29,22.57,21.08,5.45,23.32,27.10,8.21,19.45,3.66,15.79,24.41,15.37,11.15,9.27,9.24,9.79,8.83
7.15,11.85,6.57,22.78,10.92,15.86,9.30,27.80,18.90,22.11,22.64,4.06,28.28,26.57,19.37,7.55,9.05
5.48,9.47,4.18,23.61,8.51,13.44,10.04,26.85,19.38,21.13,20.70,3.26,28.91,27.34,19.10,8.62,9.55
22.55,24.12,27.48,19.76,26.10,26.40,22.07,1.02,16.76,6.70,14.46,24.83,18.89,19.88,11.44,23.95,21.47
18.05,23.49,23.35,4.72,24.67,27.71,11.68,14.73,2.13,12.16,22.28,18.12,7.94,7.03,5.79,13.63,11.87
21.21,27.18,26.23,0.08,28.13,31.58,13.55,19.09,5.18,16.92,27.00,20.62,5.91,3.87,10.55,15.20,14.08
21.79,27.94,26.64,1.82,28.79,32.41,13.76,20.82,6.37,18.51,28.40,20.93,6.81,4.56,12.05,15.25,14.40
23.13,25.55,28.32,17.17,27.44,28.27,21.36,3.29,14.81,7.56,17.13,25.04,15.77,16.91,10.23,23.34,20.91
11.81,11.89,15.92,21.38,13.93,14.19,15.46,11.51,16.42,6.81,5.70,14.84,23.80,23.57,11.06,16.68,14.48
16.00,20.69,21.44,8.87,22.10,24.64,11.55,11.21,4.73,8.04,18.23,16.81,11.13,10.76,1.75,13.59,11.35
6.87,2.08,4.33,27.95,0.20,5.12,15.51,25.15,23.01,19.78,15.09,8.96,32.43,31.31,20.47,14.95,14.59
22.71,25.03,27.87,17.35,26.94,27.72,21.13,2.71,14.81,7.06,16.53,24.67,16.12,17.20,10.05,23.09,20.65
20.48,26.41,25.51,0.76,27.38,30.81,12.90,18.55,4.40,16.24,26.25,19.94,6.33,4.44,9.83,14.58,13.40
25.94,32.00,30.84,4.87,32.91,36.42,17.97,22.53,10.03,21.16,31.60,25.15,5.12,3.33,15.09,19.44,18.61
7.05,10.26,12.16,17.82,11.83,14.14,9.62,14.53,12.66,8.82,11.16,9.52,21.45,20.69,8.91,10.77,8.61
9.18,15.78,12.24,15.85,15.72,20.37,3.33,24.34,12.50,19.02,23.07,6.57,21.52,19.68,14.53,1.43,3.90
21.01,27.02,25.99,0.45,27.95,31.43,13.28,19.28,5.10,17.01,27.01,20.37,6.27,4.21,10.60,14.90,13.82
22.98,25.93,28.29,15.24,27.74,28.93,20.43,5.11,13.22,8.08,18.43,24.64,13.66,14.83,9.23,22.44,20.07
8.03,2.43,8.24,27.33,4.42,4.38,16.32,21.71,22.21,16.67,10.69,11.11,31.22,30.38,18.63,16.32,15.28
13.01,12.76,17.00,22.05,14.83,14.76,16.63,10.92,17.16,6.71,4.91,16.06,24.20,24.08,11.62,17.88,15.66
11.78,8.04,13.63,27.25,10.07,8.37,18.59,17.72,22.12,13.52,5.12,15.16,30.22,29.79,17.35,19.17,17.52
16.57,18.80,21.65,16.56,20.68,21.66,16.20,5.08,12.47,0.82,11.78,18.75,17.51,17.80,6.53,18.02,15.54
13.84,20.22,15.89,16.82,19.86,24.69,7.69,28.51,14.85,23.44,28.04,10.81,22.67,20.56,18.27,6.29,8.56
22.40,22.77,26.86,23.25,24.84,24.38,23.52,4.51,19.70,7.74,11.52,25.08,22.90,23.73,13.92,25.24,22.77
12.10,15.58,17.43,14.35,17.22,19.18,11.19,10.09,9.46,4.64,12.62,13.93,16.96,16.59,4.10,12.97,10.49
25.39,30.72,30.69,6.00,31.96,34.81,18.69,17.25,9.15,16.99,27.96,25.40,1.15,2.96,11.99,20.53,19.01
7.87,13.00,13.32,14.29,14.19,17.29,6.38,15.27,9.18,9.75,14.84,9.02,18.43,17.42,6.92,7.95,5.52
16.53,23.20,19.68,12.65,23.21,27.82,8.41,27.03,11.88,22.56,29.01,14.07,18.43,16.22,16.55,8.17,9.48
12.21,6.60,12.46,30.04,8.23,5.07,20.10,21.47,24.88,17.18,8.44,15.41,33.38,32.80,20.53,20.32,19.04
14.02,15.62,18.84,18.25,17.55,18.35,15.20,7.74,13.62,2.52,8.97,16.54,20.01,20.01,7.76,16.81,14.37
11.76,10.92,15.41,22.95,13.01,12.82,16.33,12.85,17.94,8.43,4.46,14.96,25.47,25.21,12.70,17.40,15.31
6.89,13.20,11.94,14.35,13.91,17.79,3.04,18.69,9.68,13.25,17.73,6.66,19.27,17.89,9.52,4.42,2.05
16.50,23.18,20.30,9.80,23.44,27.82,7.87,24.61,9.14,20.42,27.68,14.51,15.61,13.44,14.17,8.34,8.90
7.56,14.20,10.96,16.23,14.23,18.81,2.82,23.26,12.44,17.83,21.44,5.17,21.74,20.02,13.76,1.05,2.91
23.86,25.79,28.92,19.11,27.74,28.23,22.71,2.57,16.60,8.01,16.47,25.96,17.70,18.87,11.73,24.65,22.19
19.53,25.57,24.50,1.78,26.48,30.00,11.80,18.86,3.86,16.20,25.91,18.88,7.53,5.60,9.66,13.44,12.33
2.83,8.06,4.33,22.00,7.68,12.48,8.66,24.18,17.49,18.46,18.27,1.53,27.08,25.63,16.69,7.70,7.95
13.44,19.70,15.19,17.76,19.24,24.11,7.95,28.93,15.62,23.78,27.95,10.31,23.61,21.53,18.80,6.35,8.74
5.95,0.75,5.36,26.52,2.18,5.39,14.59,23.06,21.50,17.71,13.22,8.67,30.82,29.79,18.64,14.30,13.61
16.78,16.40,20.82,23.08,18.49,17.93,19.67,8.44,18.57,6.32,5.56,19.77,24.33,24.57,12.64,21.10,18.76
9.32,3.01,8.80,28.85,4.53,2.95,17.74,22.83,23.73,17.93,11.14,12.27,32.72,31.90,20.10,17.66,16.71
14.30,19.40,13.91,23.34,18.37,23.28,12.09,32.95,20.86,27.49,29.77,10.93,29.18,27.12,23.29,10.10,12.54
14.12,10.42,16.05,28.33,12.40,10.17,20.54,17.04,23.28,13.51,3.34,17.50,30.90,30.64,18.13,21.25,19.48
24.15,30.06,29.18,2.94,31.05,34.42,16.48,20.28,7.95,18.83,29.29,23.57,3.90,1.62,12.79,18.08,17.02
21.35,27.28,26.39,0.24,28.25,31.66,13.75,18.89,5.22,16.81,26.95,20.81,5.62,3.63,10.48,15.42,14.26
19.38,23.07,24.79,11.83,24.73,26.50,16.16,7.19,9.06,6.56,17.66,20.74,11.75,12.32,5.01,18.18,15.84
8.74,14.00,14.17,13.28,15.17,18.31,6.15,15.09,8.17,9.71,15.56,9.63,17.44,16.41,6.21,7.89,5.41
19.71,23.69,25.15,10.70,25.30,27.25,15.94,8.34,8.26,7.68,18.77,20.88,10.53,11.09,5.04,17.97,15.70
5.13,4.98,8.35,22.79,6.75,8.86,12.28,18.59,17.66,13.15,10.48,8.51,26.71,25.84,14.24,12.61,11.21
25.36,27.56,30.50,18.87,29.49,30.10,23.66,4.50,16.87,9.64,18.44,27.32,16.87,18.23,12.51,25.64,23.22
6.30,3.83,2.44,27.51,2.10,6.94,14.63,26.10,22.70,20.59,16.76,7.71,32.23,30.99,20.67,13.85,13.79
23.20,24.17,27.92,21.86,26.21,26.09,23.45,2.85,18.70,7.70,13.57,25.68,21.06,22.04,13.18,25.27,22.79
15.24,19.36,20.67,11.14,20.90,23.09,12.10,9.49,6.84,5.80,16.02,16.49,13.11,12.92,0.99,14.09,11.70
5.19,10.39,5.70,21.81,9.74,14.64,8.23,25.88,17.66,20.18,20.71,2.07,27.16,25.55,17.70,6.77,7.79
17.76,19.33,22.64,18.47,21.30,21.82,18.06,3.95,14.49,2.23,10.87,20.16,19.08,19.52,8.57,19.82,17.35
6.24,1.15,6.40,26.28,3.18,5.34,14.73,22.13,21.21,16.84,12.11,9.21,30.42,29.46,18.08,14.59,13.72
4.47,10.31,6.24,20.69,9.91,14.73,7.13,24.69,16.47,19.00,19.95,1.10,25.99,24.41,16.43,5.83,6.62
19.13,21.75,24.34,15.51,23.59,24.70,17.64,3.73,12.17,3.86,14.53,21.04,15.51,16.13,6.79,19.57,17.12
10.82,17.24,15.56,10.75,17.88,21.83,2.93,19.26,6.71,14.40,20.87,9.90,16.08,14.46,8.99,4.85,3.35
2.37,4.61,3.72,23.56,4.72,9.18,10.99,22.83,18.72,17.19,15.25,4.81,28.23,27.01,16.74,10.52,10.07
16.74,18.48,21.67,17.90,20.42,21.11,17.02,4.88,13.75,1.23,10.66,19.11,18.81,19.13,7.78,18.78,16.30
11.18,15.42,16.61,13.15,16.89,19.33,9.31,11.81,8.08,6.53,14.07,12.63,16.33,15.71,3.74,11.14,8.66
20.54,21.43,25.20,21.06,23.46,23.42,21.26,3.04,17.40,5.44,11.19,23.10,21.01,21.72,11.59,23.01,20.54
12.24,16.13,17.63,13.29,17.69,19.88,10.54,10.55,8.38,5.36,13.69,13.82,16.04,15.60,3.19,12.39,9.91
4.76,10.11,5.61,21.59,9.53,14.41,8.02,25.45,17.39,19.75,20.29,1.63,26.91,25.32,17.32,6.64,7.54
13.63,18.81,13.39,22.81,17.83,22.76,11.39,32.23,20.24,26.77,29.07,10.25,28.64,26.60,22.60,9.39,11.82
6.86,8.44,11.33,20.18,10.21,12.01,11.44,15.27,15.02,9.74,9.46,9.88,23.71,23.00,11.01,12.32,10.38
12.60,13.68,17.18,19.47,15.65,16.31,14.88,9.60,14.63,4.56,7.49,15.35,21.63,21.49,9.03,16.32,13.97
9.26,9.97,13.53,20.60,11.92,12.90,13.29,13.33,15.49,8.05,7.48,12.28,23.59,23.12,10.73,14.37,12.27
9.90,11.64,14.64,18.77,13.49,14.81,12.51,11.92,13.70,6.40,8.67,12.62,21.63,21.20,8.76,13.82,11.54
19.78,26.25,24.22,5.24,26.84,30.84,11.24,22.84,7.06,19.64,28.53,18.40,10.79,8.54,13.02,12.38,12.07
19.99,24.50,25.43,8.41,25.98,28.29,15.21,10.67,6.59,9.64,20.63,20.78,8.40,8.80,5.35,17.24,15.13
21.13,23.41,26.27,17.02,25.31,26.12,19.84,2.05,14.06,5.44,15.14,23.15,16.36,17.24,8.92,21.77,19.32
19.05,25.32,23.82,3.28,26.09,29.84,10.91,20.37,4.74,17.34,26.61,18.10,9.12,7.03,10.73,12.38,11.57
14.35,21.04,18.00,11.35,21.23,25.68,5.87,24.36,9.64,19.80,26.27,12.23,17.20,15.12,13.90,6.08,6.94
12.55,18.71,17.54,8.70,19.53,23.22,5.23,17.77,4.39,13.31,20.91,12.00,13.85,12.32,7.31,7.17,5.53
8.86,13.35,7.83,23.48,12.28,17.20,10.23,29.36,19.85,23.69,24.35,5.73,29.09,27.30,20.71,8.33,10.13
3.83,3.25,3.46,24.96,3.23,7.73,12.49,23.39,20.07,17.83,14.89,6.19,29.54,28.37,17.84,12.01,11.56
20.09,25.50,25.39,3.92,26.70,29.67,13.60,15.11,3.97,13.27,23.77,20.15,5.91,5.22,7.30,15.51,13.84
19.32,19.13,23.49,23.46,21.22,20.59,21.54,6.71,19.30,6.70,7.75,22.21,24.05,24.54,13.32,23.10,20.69
5.50,4.01,1.89,26.70,2.63,7.56,13.79,25.65,21.91,20.09,16.71,6.88,31.45,30.19,19.98,13.01,12.95
21.00,21.19,25.37,23.16,23.26,22.76,22.54,5.14,19.34,6.97,9.93,23.76,23.22,23.90,13.43,24.20,21.75
5.05,4.53,8.00,23.16,6.30,8.46,12.47,19.02,18.04,13.60,10.67,8.44,27.12,26.24,14.68,12.74,11.41
17.07,15.75,20.62,25.25,17.85,16.70,20.93,10.60,20.62,8.62,3.57,20.24,26.66,26.85,14.76,22.21,19.96
16.90,22.47,22.16,5.14,23.59,26.75,10.40,15.16,0.92,12.12,21.86,16.88,9.06,7.95,5.54,12.35,10.59
22.48,26.63,27.93,10.29,28.21,30.22,18.04,9.84,9.34,10.42,21.51,23.45,8.56,9.65,7.73,20.08,17.94
13.21,19.34,14.68,18.54,18.81,23.70,8.28,29.32,16.28,24.10,27.94,9.99,24.38,22.31,19.27,6.55,9.00
16.25,22.91,19.33,12.95,22.89,27.52,8.21,27.09,12.05,22.57,28.88,13.75,18.75,16.55,16.62,7.89,9.28
5.25,7.90,10.01,19.77,9.45,11.92,10.09,16.54,14.64,10.90,11.05,8.20,23.65,22.79,11.25,10.82,9.01
1.94,8.56,7.06,19.34,9.01,13.21,6.77,20.89,14.60,15.17,16.20,3.00,24.17,22.85,13.34,6.61,5.81
15.01,12.55,17.83,26.63,14.63,13.04,20.28,14.02,21.71,10.93,0.52,18.34,28.73,28.66,16.20,21.27,19.25
17.06,23.61,21.37,7.10,24.12,28.24,8.44,22.51,6.73,18.69,26.78,15.55,12.93,10.80,12.21,9.49,9.32
5.64,11.59,7.36,20.13,11.16,16.00,6.57,25.17,16.11,19.52,21.01,2.28,25.55,23.89,16.54,5.00,6.23
23.25,27.57,28.70,9.74,29.11,31.23,18.44,10.96,9.41,11.59,22.69,24.09,7.50,8.73,8.53,20.46,18.40
22.23,25.90,27.64,12.24,27.58,29.27,18.62,7.68,10.62,8.88,19.86,23.51,10.75,11.82,7.68,20.66,18.39
2.16,4.53,4.59,23.12,5.03,9.17,10.83,21.96,18.21,16.33,14.46,5.13,27.68,26.51,16.03,10.52,9.87
26.09,27.76,31.08,21.02,29.75,29.99,25.07,4.54,18.78,10.21,17.76,28.26,19.12,20.47,14.06,27.01,24.55
7.85,1.16,6.63,28.25,2.34,3.49,16.49,23.79,23.20,18.62,12.93,10.52,32.42,31.46,20.07,16.21,15.50
3.28,9.97,7.92,18.32,10.30,14.61,5.41,21.18,13.72,15.50,17.35,2.81,23.31,21.91,13.04,5.17,4.50
15.13,15.49,19.48,21.08,17.54,17.56,17.54,8.14,16.48,4.61,6.52,17.99,22.62,22.74,10.60,19.01,16.64
9.40,13.29,14.76,15.08,14.80,17.18,9.18,12.67,9.95,7.03,12.62,11.23,18.46,17.79,5.87,10.78,8.34
20.77,20.80,25.06,23.48,22.88,22.29,22.53,5.68,19.58,7.11,9.39,23.58,23.65,24.30,13.65,24.16,21.72
16.10,22.71,20.30,8.17,23.14,27.34,7.44,22.74,7.20,18.69,26.37,14.47,14.02,11.92,12.34,8.37,8.37
20.98,26.14,26.34,5.13,27.43,30.21,14.87,14.15,5.29,12.85,23.62,21.22,5.46,5.40,7.41,16.81,15.04
19.70,21.83,24.78,17.17,23.74,24.51,18.85,2.23,13.79,3.88,13.65,21.82,17.04,17.74,8.27,20.74,18.26
9.08,14.72,14.43,12.45,15.76,19.12,5.17,15.91,7.43,10.67,16.79,9.54,16.89,15.73,6.47,7.03,4.56
23.46,27.79,28.91,9.78,29.33,31.44,18.62,11.09,9.55,11.78,22.88,24.29,7.41,8.69,8.74,20.64,18.59
20.64,25.47,26.06,6.87,26.87,29.40,15.19,12.36,5.96,11.29,22.21,21.17,6.77,7.07,6.40,17.19,15.23
11.96,18.23,16.85,9.39,18.98,22.78,4.38,18.40,5.25,13.79,20.99,11.26,14.64,13.06,7.99,6.30,4.74
13.71,12.84,17.41,23.33,14.93,14.42,17.79,11.45,18.46,7.71,3.62,16.86,25.41,25.33,12.89,18.98,16.80
12.47,9.99,15.19,25.72,12.08,10.91,18.25,15.15,20.67,11.16,3.14,15.83,28.33,28.04,15.53,19.09,17.20
10.07,15.45,15.47,11.83,16.60,19.76,6.21,14.85,6.71,9.74,16.57,10.70,16.01,14.96,5.27,8.13,5.69
7.51,14.07,12.15,14.13,14.57,18.70,1.50,20.05,9.80,14.69,19.28,6.52,19.33,17.80,10.53,2.91,0.46
3.52,6.98,8.35,20.24,8.27,11.33,9.45,18.24,15.17,12.57,12.39,6.58,24.43,23.44,12.37,9.88,8.38
18.01,19.44,22.84,18.88,21.42,21.85,18.43,3.84,14.91,2.62,10.69,20.44,19.43,19.90,8.99,20.19,17.71
17.77,22.18,23.22,9.21,23.68,25.98,13.53,10.01,6.00,7.86,18.63,18.72,10.36,10.40,3.06,15.56,13.33
9.53,15.77,11.43,18.21,15.36,20.20,5.79,26.60,15.02,21.18,24.35,6.37,23.93,22.04,16.97,3.76,6.18
11.06,17.15,12.54,18.76,16.63,21.51,7.09,28.07,15.93,22.70,25.98,7.82,24.56,22.59,18.29,5.14,7.61
3.62,5.91,7.84,21.36,7.30,10.22,10.46,18.71,16.28,13.10,11.93,6.93,25.50,24.53,13.33,10.78,9.40
15.21,15.44,19.50,21.39,17.49,17.43,17.75,8.31,16.78,4.91,6.24,18.10,22.93,23.04,10.90,19.21,16.85
8.83,4.38,10.00,26.78,6.43,5.76,16.58,19.94,21.62,15.08,8.66,12.12,30.37,29.67,17.61,16.82,15.52
7.82,1.59,7.46,27.67,3.45,3.90,16.30,22.60,22.58,17.50,11.68,10.75,31.69,30.80,19.21,16.18,15.29
10.71,14.91,16.13,13.55,16.38,18.83,9.14,12.06,8.45,6.68,13.78,12.21,16.81,16.17,4.25,10.93,8.45
12.81,9.68,15.12,26.84,11.73,10.12,19.03,16.23,21.77,12.34,3.37,16.19,29.51,29.21,16.70,19.77,17.96
6.45,10.68,5.30,23.46,9.68,14.62,9.90,27.57,19.41,21.86,21.81,3.75,28.88,27.23,19.49,8.30,9.53
14.56,14.14,18.52,22.62,16.22,15.87,17.96,9.99,17.86,6.52,4.59,17.61,24.42,24.44,12.12,19.28,17.01
8.25,14.93,12.01,15.01,15.09,19.57,1.68,22.55,11.25,17.22,21.46,6.19,20.52,18.80,12.83,0.39,2.10
6.20,11.50,6.68,21.56,10.81,15.72,8.02,26.48,17.59,20.81,21.72,2.91,27.01,25.33,18.00,6.36,7.72
15.76,17.65,20.72,17.47,19.57,20.41,16.07,5.83,13.16,0.65,10.47,18.11,18.69,18.89,7.17,17.81,15.33
10.95,16.58,16.27,10.63,17.64,20.94,5.89,15.40,5.56,10.54,17.84,11.23,15.01,13.86,5.31,7.91,5.59
12.69,17.39,18.14,10.97,18.77,21.42,9.20,12.05,5.96,7.43,16.11,13.69,14.18,13.51,2.16,11.18,8.77
19.23,19.86,23.77,21.32,21.91,21.79,20.47,4.45,17.36,4.90,9.59,21.89,21.69,22.25,11.42,22.15,19.69
23.12,23.04,27.39,24.83,25.13,24.36,24.71,6.11,21.22,9.05,11.20,25.92,24.50,25.34,15.39,26.38,23.93
10.56,17.25,14.31,13.30,17.44,21.89,2.37,22.94,10.12,17.88,23.14,8.50,18.98,17.13,12.78,2.33,3.42
1.53,8.06,5.76,20.50,8.19,12.67,7.54,22.22,15.85,16.51,16.91,1.95,25.44,24.07,14.76,7.01,6.68
21.22,21.35,25.57,23.37,23.43,22.89,22.78,5.26,19.57,7.21,10.01,23.99,23.40,24.10,13.67,24.44,21.99
12.29,17.91,12.80,20.90,17.13,22.06,9.37,30.27,18.22,24.84,27.57,8.92,26.72,24.71,20.57,7.38,9.83
13.08,7.29,13.11,30.95,8.78,5.15,21.03,22.06,25.80,17.90,8.75,16.25,34.25,33.69,21.40,21.23,19.97
15.48,12.36,17.87,28.03,14.39,12.32,21.25,15.43,23.08,12.44,1.44,18.85,30.22,30.12,17.64,22.14,20.20
4.62,9.52,10.03,17.67,10.67,13.91,7.35,17.22,12.62,11.50,13.61,6.64,21.95,20.90,10.21,8.16,6.28
6.95,9.73,11.91,18.50,11.36,13.53,10.15,14.67,13.34,9.00,10.62,9.60,22.09,21.36,9.49,11.22,9.12
4.06,3.92,6.73,23.33,5.41,8.27,12.04,20.13,18.26,14.63,11.92,7.40,27.50,26.52,15.27,12.11,11.00
8.40,11.42,13.52,17.25,13.07,15.13,10.21,13.18,12.11,7.47,10.83,10.78,20.60,19.96,7.88,11.54,9.25
19.86,24.22,25.31,9.10,25.74,27.95,15.38,9.97,7.05,9.02,20.05,20.77,9.04,9.49,5.14,17.42,15.26
22.39,28.59,27.19,2.49,29.41,33.07,14.27,21.51,7.11,19.25,29.14,21.46,6.93,4.64,12.80,15.70,14.94
9.88,6.96,12.19,25.51,9.06,8.41,16.57,17.25,20.36,12.60,6.14,13.26,28.69,28.16,15.83,17.15,15.50
6.62,8.47,11.19,19.94,10.20,12.13,11.10,15.38,14.78,9.81,9.79,9.60,23.53,22.80,10.88,11.99,10.05
23.01,24.70,27.98,19.55,26.67,27.03,22.30,1.44,16.71,7.14,15.15,25.23,18.50,19.55,11.53,24.20,21.73
20.26,25.98,25.43,1.99,27.05,30.29,13.12,17.04,3.86,14.92,25.15,19.98,5.87,4.44,8.65,14.92,13.51
20.12,26.43,24.83,3.20,27.17,30.96,11.87,21.24,5.80,18.38,27.75,19.08,8.85,6.64,11.77,13.26,12.58
16.17,21.29,15.78,23.90,20.24,25.15,13.42,34.42,21.78,29.02,31.60,12.79,29.75,27.63,24.58,11.49,13.96
12.64,12.31,16.58,22.16,14.38,14.32,16.45,11.35,17.24,7.04,4.83,15.72,24.41,24.25,11.76,17.66,15.46
13.77,20.34,18.11,9.16,20.82,24.97,5.15,21.42,6.70,17.01,24.16,12.30,14.92,12.99,10.95,6.34,6.03
8.62,2.74,8.60,27.92,4.58,3.88,16.93,22.01,22.79,17.05,10.67,11.68,31.77,30.96,19.15,16.92,15.90
7.20,7.80,11.24,21.28,9.68,11.10,12.45,15.60,16.13,10.20,8.63,10.38,24.74,24.08,11.99,13.25,11.39
26.53,27.47,31.27,23.61,29.52,29.27,26.46,5.41,20.99,10.90,16.45,28.97,22.02,23.29,15.82,28.33,25.85
18.92,24.53,24.15,3.41,25.64,28.80,12.12,15.86,2.55,13.46,23.59,18.80,7.05,5.90,7.10,14.00,12.41
10.40,16.95,13.15,15.93,16.79,21.50,4.34,25.39,12.94,20.15,24.38,7.63,21.68,19.76,15.42,2.67,5.06
22.51,28.20,27.67,2.29,29.29,32.48,15.30,17.88,6.10,16.38,26.92,22.21,3.73,2.22,10.43,17.06,15.72
18.44,23.06,23.89,8.22,24.50,26.92,13.70,10.86,5.48,8.98,19.76,19.22,9.24,9.28,3.91,15.74,13.60
7.77,11.76,6.16,24.12,10.62,15.53,10.63,28.82,20.23,23.11,23.11,4.99,29.62,27.91,20.58,8.89,10.37
7.02,13.49,11.89,14.35,14.08,18.10,2.34,19.40,9.83,13.98,18.43,6.42,19.41,17.96,10.08,3.67,1.31
17.79,24.32,22.15,6.49,24.85,28.94,9.20,22.53,6.67,18.88,27.22,16.33,12.29,10.13,12.34,10.28,10.06
10.99,17.49,15.61,10.83,18.06,22.10,2.75,19.86,7.02,15.02,21.41,9.88,16.26,14.58,9.57,4.55,3.36
7.20,8.26,11.46,20.70,10.10,11.66,12.04,15.24,15.55,9.78,8.90,10.30,24.15,23.49,11.41,12.91,10.99
8.56,15.23,12.11,15.20,15.32,19.86,2.14,23.09,11.58,17.77,21.98,6.31,20.77,19.00,13.33,0.21,2.65
11.75,18.39,15.92,11.27,18.77,23.04,3.07,21.75,8.19,16.95,23.14,10.10,16.95,15.10,11.40,4.10,4.06
9.12,10.17,13.54,20.11,12.08,13.23,12.88,13.19,15.00,7.82,7.91,12.08,23.14,22.65,10.28,14.00,11.87
10.96,17.11,16.00,10.27,17.94,21.63,4.15,17.62,5.71,12.82,19.73,10.54,15.28,13.83,7.36,6.18,4.21
17.56,20.60,22.85,14.10,22.37,23.80,15.73,5.59,10.44,3.45,14.56,19.33,14.72,15.09,4.89,17.67,15.22
14.59,21.02,16.76,16.39,20.69,25.51,8.07,28.67,14.67,23.70,28.60,11.62,22.23,20.09,18.35,6.83,9.00
18.84,25.14,23.57,3.68,25.88,29.67,10.63,20.59,4.87,17.47,26.62,17.83,9.51,7.41,10.85,12.07,11.32
18.40,23.13,23.84,7.73,24.54,27.04,13.44,11.36,5.02,9.39,20.10,19.09,8.94,8.88,4.04,15.47,13.37
16.36,22.35,21.42,4.86,23.28,26.78,8.98,17.38,1.52,13.95,23.07,15.89,10.01,8.43,7.33,10.79,9.39
17.65,18.79,22.37,19.61,20.79,21.06,18.54,4.60,15.51,2.96,9.72,20.20,20.33,20.74,9.54,20.24,17.78
14.49,19.81,19.85,7.92,21.01,24.02,9.01,13.79,2.87,9.97,19.19,14.84,11.60,10.69,3.41,11.05,8.95
13.95,12.99,17.62,23.54,15.09,14.51,18.05,11.44,18.68,7.82,3.43,17.11,25.57,25.51,13.08,19.24,17.06
23.02,24.30,27.86,20.83,26.32,26.41,22.87,1.91,17.78,7.29,14.16,25.39,19.94,20.95,12.38,24.73,22.24
1.95,5.34,3.62,23.15,5.32,9.88,10.41,23.03,18.36,17.36,15.85,4.06,27.91,26.64,16.62,9.86,9.52
16.00,14.88,19.63,24.43,16.98,16.06,19.83,10.58,19.74,8.00,3.42,19.15,26.03,26.15,13.94,21.10,18.87
13.63,16.50,18.84,15.25,18.26,19.80,13.12,8.22,10.61,2.71,11.83,15.66,17.23,17.11,4.75,14.90,12.42
20.32,20.93,24.87,21.74,22.99,22.79,21.42,3.97,17.95,5.70,10.37,22.97,21.83,22.49,12.07,23.12,20.66
16.36,23.03,20.25,9.47,23.33,27.68,7.71,24.21,8.74,20.05,27.38,14.45,15.30,13.14,13.78,8.28,8.72
7.68,11.99,13.07,15.68,13.38,16.09,8.00,14.40,10.52,8.73,13.05,9.47,19.48,18.63,7.27,9.42,7.07
10.60,17.29,14.40,13.14,17.50,21.93,2.31,22.79,9.94,17.74,23.07,8.59,18.81,16.96,12.62,2.43,3.37
24.81,26.18,29.69,21.38,28.19,28.27,24.34,3.32,18.71,9.00,15.90,27.12,19.97,21.16,13.59,26.24,23.76
21.76,23.90,26.86,17.65,25.82,26.51,20.58,1.62,14.78,5.97,15.27,23.82,16.82,17.77,9.67,22.51,20.04
10.05,13.62,15.36,15.27,15.21,17.37,9.98,11.87,10.18,6.22,12.12,11.99,18.41,17.84,5.65,11.60,9.16
9.11,4.44,10.13,27.11,6.45,5.54,16.90,20.14,21.95,15.33,8.66,12.38,30.68,29.99,17.92,17.13,15.84
13.58,18.48,12.93,23.72,17.40,22.30,12.01,32.69,21.03,27.17,29.08,10.23,29.55,27.53,23.20,9.99,12.37
11.86,5.79,11.56,30.47,7.21,3.71,20.04,22.62,25.31,18.17,9.78,14.94,34.00,33.33,21.19,20.12,18.99
9.80,16.25,14.55,11.74,16.87,20.86,2.12,19.35,7.56,14.32,20.27,8.90,17.02,15.43,9.26,4.14,2.36
13.34,18.57,13.19,22.56,17.61,22.54,11.08,31.91,19.95,26.44,28.78,9.96,28.39,26.36,22.28,9.08,11.51
11.51,16.51,11.07,22.84,15.51,20.44,10.49,30.87,19.80,25.31,27.02,8.17,28.61,26.67,21.57,8.45,10.73
14.61,20.45,19.77,6.73,21.44,24.84,7.81,16.23,1.86,12.37,21.14,14.39,11.44,10.09,5.86,9.76,8.03
11.84,16.56,10.99,23.71,15.46,20.36,11.29,31.54,20.65,25.95,27.37,8.55,29.48,27.54,22.33,9.26,11.49
7.54,2.61,4.54,28.65,0.59,4.84,16.15,25.81,23.73,20.46,15.52,9.49,33.16,32.03,21.20,15.54,15.24
12.81,17.96,12.55,22.68,16.98,21.91,10.92,31.64,19.94,26.14,28.27,9.43,28.50,26.49,22.11,8.90,11.29
11.99,13.93,16.88,17.80,15.80,16.97,13.41,9.66,12.92,4.09,9.16,14.50,20.14,19.92,7.41,14.94,12.54
10.42,16.65,15.40,10.84,17.42,21.19,3.51,18.04,6.36,13.12,19.68,9.91,15.91,14.44,7.86,5.55,3.55
11.32,17.91,14.23,15.10,17.81,22.49,4.48,25.38,12.38,20.26,24.96,8.66,20.89,18.93,15.25,3.21,5.36
15.85,14.89,19.57,24.05,16.99,16.18,19.54,10.28,19.36,7.62,3.73,18.97,25.65,25.76,13.55,20.84,18.58
17.04,22.60,22.31,5.07,23.73,26.86,10.57,15.09,1.07,12.11,21.90,17.04,8.91,7.83,5.55,12.51,10.76
1.09,7.49,6.52,20.17,8.04,12.13,7.84,20.73,15.34,15.02,15.34,3.56,24.87,23.63,13.69,7.72,6.86
15.75,22.41,19.72,9.37,22.74,27.05,7.08,23.62,8.27,19.40,26.68,13.90,15.21,13.09,13.17,7.74,8.08
13.48,12.13,16.91,24.12,14.23,13.51,18.05,12.46,19.20,8.73,2.89,16.71,26.33,26.20,13.72,19.15,17.04
25.08,27.23,30.21,18.93,29.16,29.74,23.49,4.12,16.83,9.33,18.06,27.07,17.05,18.37,12.36,25.46,23.03
11.78,5.23,10.63,31.27,6.16,1.90,20.25,24.29,26.14,19.68,11.63,14.63,35.03,34.27,22.32,20.14,19.22
5.90,8.53,2.82,25.15,7.29,12.19,11.61,27.48,20.81,21.77,20.45,4.56,30.38,28.85,20.19,10.27,11.05
6.57,13.23,10.91,15.46,13.58,17.88,2.13,21.08,11.20,15.62,19.42,5.19,20.72,19.16,11.80,2.34,1.36
21.39,21.27,25.62,24.15,23.36,22.64,23.25,6.09,20.29,7.84,9.59,24.23,24.22,24.91,14.36,24.87,22.44
17.28,23.97,20.70,11.34,24.08,28.60,8.86,26.44,10.99,22.18,29.15,15.00,17.07,14.85,15.99,8.94,9.93
2.72,4.32,5.64,22.92,5.29,8.92,11.09,20.96,17.94,15.36,13.32,6.00,27.32,26.23,15.41,10.99,10.08
19.61,26.15,23.92,6.18,26.67,30.76,11.00,23.55,7.71,20.20,28.86,18.09,11.71,9.45,13.60,12.00,11.88
5.91,12.49,9.16,17.72,12.44,17.07,4.14,23.32,13.66,17.75,20.42,3.36,23.11,21.47,14.30,2.82,3.79
23.92,24.34,28.43,23.80,26.42,25.93,24.79,4.79,20.51,8.97,12.97,26.56,23.07,24.04,14.86,26.55,24.07
4.64,8.16,3.02,23.93,7.23,12.16,10.44,26.19,19.53,20.48,19.55,3.29,29.10,27.61,18.84,9.21,9.83
4.41,7.94,9.42,19.40,9.31,12.17,9.19,17.22,14.30,11.53,12.07,7.23,23.48,22.53,11.32,9.85,8.12
19.91,22.52,25.12,15.65,24.37,25.43,18.31,3.39,12.53,4.59,15.08,21.81,15.37,16.09,7.35,20.25,17.80
5.29,11.78,10.23,16.03,12.35,16.41,3.69,19.72,11.40,14.14,17.49,4.97,21.00,19.60,10.99,4.28,2.64
15.51,20.79,15.37,23.05,19.82,24.74,12.54,33.55,20.89,28.17,30.90,12.13,28.90,26.79,23.69,10.61,13.09
12.56,13.46,17.07,19.83,15.45,16.03,15.06,9.81,14.97,4.88,7.13,15.36,22.00,21.86,9.39,16.47,14.14
12.08,18.15,13.47,18.84,17.60,22.50,7.76,28.80,16.26,23.48,26.96,8.83,24.66,22.65,18.90,5.88,8.36
5.92,9.21,3.63,24.52,8.07,12.99,10.96,27.44,20.27,21.72,20.85,4.08,29.81,28.24,19.87,9.54,10.45
3.73,10.41,7.94,18.32,10.62,15.05,5.13,21.80,13.83,16.13,18.09,2.45,23.42,21.95,13.45,4.64,4.32
19.57,26.19,23.60,7.84,26.58,30.83,10.88,24.94,9.06,21.37,29.63,17.79,13.32,11.05,14.82,11.62,11.85
6.83,13.52,10.60,16.16,13.65,18.15,2.58,22.45,12.14,16.98,20.50,4.77,21.56,19.91,13.10,1.53,2.34
23.58,28.69,28.94,6.01,30.01,32.71,17.36,15.03,7.74,14.62,25.61,23.81,3.45,4.40,9.77,19.28,17.58
19.96,24.83,25.38,6.76,26.21,28.78,14.52,12.31,5.38,10.93,21.77,20.49,7.22,7.33,5.79,16.53,14.55
21.63,22.57,26.32,21.30,24.61,24.54,22.12,2.58,17.85,6.30,12.19,24.15,20.93,21.76,12.15,23.91,21.43
8.46,10.83,13.36,18.28,12.57,14.35,11.09,13.19,13.15,7.55,9.82,11.08,21.53,20.94,8.73,12.32,10.10
6.89,12.85,8.45,19.80,12.38,17.24,6.38,25.86,16.01,20.26,22.18,3.55,25.33,23.60,16.90,4.57,6.26
12.95,19.63,16.86,11.21,19.90,24.27,4.34,22.99,8.78,18.30,24.63,11.04,17.01,15.04,12.56,4.88,5.39
7.72,14.16,12.57,13.67,14.78,18.77,2.03,19.25,9.19,13.92,18.79,7.06,18.76,17.29,9.72,3.69,1.21
7.30,4.56,9.43,24.82,6.64,7.30,14.69,18.83,19.67,13.71,8.89,10.67,28.48,27.74,15.79,15.03,13.62
16.85,15.24,20.23,25.74,17.34,16.04,21.02,11.39,21.06,9.23,2.81,20.06,27.27,27.42,15.25,22.24,20.04
11.47,4.92,10.35,31.00,5.88,1.81,19.94,24.17,25.87,19.52,11.62,14.32,34.78,34.01,22.09,19.83,18.92
8.43,2.97,8.78,27.45,4.93,4.44,16.63,21.44,22.32,16.47,10.21,11.56,31.26,30.46,18.61,16.68,15.58
17.23,23.76,21.58,6.79,24.29,28.38,8.63,22.35,6.54,18.59,26.78,15.76,12.63,10.49,12.09,9.72,9.50
23.12,28.12,28.50,6.38,29.47,32.10,17.12,14.24,7.53,13.84,24.84,23.45,4.25,5.14,9.12,19.07,17.29
21.87,27.64,26.99,1.49,28.69,31.95,14.54,18.08,5.50,16.32,26.71,21.49,4.55,2.83,10.20,16.27,14.98
8.42,13.98,9.07,20.84,13.28,18.20,7.74,27.63,17.32,22.04,23.84,5.03,26.48,24.66,18.55,5.77,7.78
17.30,20.40,22.60,13.94,22.15,23.63,15.43,5.86,10.21,3.43,14.53,19.05,14.67,15.00,4.61,17.38,14.93
12.00,10.88,15.50,23.44,12.97,12.61,16.75,13.10,18.43,8.81,4.02,15.23,25.94,25.69,13.17,17.79,15.72
8.57,12.38,13.90,15.81,13.90,16.30,9.05,13.30,10.65,7.61,12.26,10.54,19.31,18.59,6.77,10.53,8.15
23.22,26.44,28.58,14.32,28.21,29.56,20.23,6.25,12.61,8.78,19.37,24.74,12.54,13.76,9.09,22.26,19.93
11.91,17.33,17.27,10.02,18.48,21.62,6.99,14.50,4.88,9.85,17.79,12.32,14.13,13.09,4.24,9.02,6.73
9.89,16.01,11.52,18.67,15.54,20.41,6.38,27.20,15.56,21.77,24.83,6.66,24.41,22.50,17.57,4.35,6.77
13.68,19.26,18.98,8.06,20.37,23.57,7.78,14.90,2.91,10.80,19.49,13.82,12.27,11.15,4.43,9.81,7.77
9.34,9.22,13.22,21.82,11.23,11.86,14.13,14.07,16.71,8.99,6.67,12.52,24.83,24.36,11.96,15.09,13.09
14.76,20.66,19.89,6.52,21.63,25.07,7.80,16.54,1.83,12.71,21.47,14.47,11.36,9.94,6.19,9.72,8.06
11.45,18.14,14.92,13.48,18.23,22.77,3.53,23.97,10.69,18.97,24.29,9.17,19.25,17.31,13.74,3.09,4.56
9.10,15.68,13.58,12.86,16.15,20.32,0.79,20.44,8.85,15.28,20.60,7.84,18.24,16.60,10.49,2.81,1.36
13.30,16.75,18.63,13.89,18.41,20.29,11.97,9.13,9.18,3.97,13.10,15.06,16.14,15.90,3.41,13.82,11.33
11.90,17.74,17.11,9.43,18.72,22.16,5.78,16.15,4.52,11.55,19.21,11.84,14.09,12.80,5.78,7.81,5.73
14.17,20.77,18.43,9.14,21.21,25.40,5.51,21.87,6.98,17.50,24.69,12.61,14.94,12.97,11.40,6.58,6.43
18.55,24.79,23.36,3.42,25.58,29.30,10.48,19.92,4.21,16.82,26.04,17.65,9.26,7.23,10.20,12.00,11.12
23.29,29.00,28.44,2.69,30.08,33.28,16.00,18.43,6.89,17.09,27.68,22.95,3.16,1.41,11.21,17.73,16.44
9.13,13.37,7.75,24.05,12.22,17.12,10.79,29.80,20.41,24.12,24.58,6.09,29.66,27.87,21.22,8.89,10.68
13.94,17.63,19.32,12.98,19.25,21.23,11.98,9.09,8.38,4.39,14.05,15.53,15.14,14.92,2.48,13.88,11.42
14.17,20.00,19.35,7.18,21.00,24.39,7.49,16.12,2.27,12.13,20.77,13.99,11.86,10.53,5.69,9.46,7.66
1.72,5.63,6.07,21.67,6.48,10.25,9.78,20.52,16.71,14.86,13.83,5.11,26.14,25.02,14.43,9.73,8.76
19.47,22.75,24.82,13.32,24.49,25.99,16.90,5.70,10.37,5.54,16.58,21.05,13.16,13.79,5.71,18.90,16.50
7.67,12.46,7.15,22.68,11.52,16.46,9.28,28.13,18.91,22.46,23.19,4.50,28.23,26.49,19.56,7.47,9.10
4.26,9.15,9.65,18.03,10.28,13.56,7.50,17.51,12.99,11.79,13.57,6.40,22.33,21.27,10.59,8.23,6.43
15.62,20.79,15.31,23.53,19.77,24.68,12.89,33.88,21.33,28.47,31.05,12.24,29.38,27.27,24.07,10.95,13.42
1.77,8.43,6.84,19.54,8.84,13.07,6.92,21.06,14.80,15.35,16.25,2.86,24.38,23.06,13.55,6.70,5.97
5.75,10.82,5.93,22.03,10.08,15.01,8.46,26.41,17.97,20.72,21.27,2.63,27.43,25.79,18.14,6.90,8.09
19.19,20.61,24.03,19.16,22.60,22.95,19.42,2.71,15.43,3.61,11.47,21.60,19.36,19.96,9.60,21.21,18.73
10.81,13.70,15.97,16.24,15.42,17.18,11.42,10.82,11.24,5.11,10.87,13.02,19.02,18.61,6.15,13.00,10.58
14.52,8.16,13.66,33.18,9.18,4.58,22.79,24.45,28.02,20.34,10.93,17.50,36.60,35.99,23.76,22.83,21.75
13.29,10.60,15.91,26.34,12.68,11.22,19.07,15.17,21.31,11.44,2.42,16.65,28.83,28.60,16.08,19.93,18.02
22.30,25.46,27.64,14.23,27.24,28.58,19.50,5.65,12.18,7.82,18.47,23.86,12.85,13.94,8.31,21.52,19.16
17.00,23.64,21.03,8.55,24.01,28.28,8.32,23.85,8.19,19.86,27.54,15.21,14.35,12.17,13.48,9.05,9.30
11.67,13.20,16.40,18.71,15.11,16.10,13.75,10.20,13.78,4.80,8.28,14.34,21.11,20.87,8.36,15.19,12.84
11.83,5.68,11.41,30.58,7.03,3.44,20.06,22.86,25.43,18.39,10.05,14.88,34.14,33.47,21.35,20.11,19.01
14.06,19.04,19.48,9.20,20.35,23.14,9.48,12.55,4.28,8.54,17.81,14.74,12.43,11.72,2.08,11.51,9.25
8.14,8.00,11.90,21.99,9.98,10.91,13.49,15.28,16.84,10.06,7.58,11.38,25.27,24.68,12.44,14.31,12.43
23.56,28.96,28.84,4.47,30.18,33.11,16.83,16.65,7.29,15.83,26.67,23.54,2.46,2.65,10.44,18.67,17.15
17.07,23.75,20.82,9.84,24.00,28.39,8.45,25.05,9.49,20.93,28.26,15.04,15.61,13.41,14.63,8.88,9.49
16.59,22.21,21.84,5.28,23.31,26.50,10.05,15.32,0.61,12.16,21.78,16.55,9.36,8.20,5.56,11.99,10.25
7.69,6.26,10.69,23.54,8.30,9.01,14.19,17.05,18.38,11.93,7.89,11.06,27.00,26.35,14.23,14.76,13.11
15.40,21.42,20.45,5.82,22.33,25.86,8.06,17.33,1.87,13.63,22.44,14.93,10.94,9.39,7.07,9.90,8.44
16.10,15.83,20.17,22.66,17.91,17.48,19.00,8.62,18.09,6.01,5.45,19.08,24.05,24.24,12.19,20.42,18.09
14.10,19.10,13.57,23.60,18.04,22.95,12.17,32.96,21.04,27.48,29.59,10.74,29.43,27.39,23.37,10.16,12.58
6.01,9.72,4.24,24.07,8.65,13.58,10.49,27.41,19.88,21.69,21.15,3.82,29.40,27.81,19.66,9.01,10.03
16.43,21.55,21.83,7.11,22.83,25.65,11.02,12.89,2.99,9.86,19.88,16.88,9.92,9.29,3.39,13.05,10.99
18.65,20.11,23.50,18.95,22.08,22.49,18.93,3.18,15.12,3.11,11.18,21.06,19.30,19.84,9.25,20.71,18.23
24.43,30.57,29.26,3.72,31.43,35.03,16.35,22.26,8.81,20.48,30.67,23.54,5.95,3.77,14.20,17.78,17.01
14.87,21.18,16.70,17.42,20.75,25.61,8.83,29.59,15.71,24.56,29.17,11.78,23.26,21.12,19.31,7.43,9.71
12.19,12.81,16.56,20.40,14.81,15.29,15.14,10.49,15.49,5.64,6.57,15.08,22.69,22.50,10.01,16.48,14.19
21.01,22.25,25.81,20.18,24.26,24.42,21.18,1.71,16.74,5.42,12.43,23.43,19.88,20.67,11.07,22.99,20.51
15.17,21.86,18.80,11.05,22.04,26.50,6.66,24.73,9.72,20.27,26.96,13.03,16.89,14.77,14.26,6.89,7.73
1.42,7.98,5.78,20.51,8.14,12.60,7.58,22.13,15.84,16.41,16.78,2.08,25.42,24.06,14.70,7.08,6.71
1.84,7.44,7.23,19.89,8.24,12.04,8.05,19.78,14.97,14.07,14.44,4.54,24.44,23.27,12.99,8.18,7.02
20.45,26.16,25.62,1.95,27.23,30.46,13.31,17.06,4.04,15.00,25.27,20.17,5.68,4.26,8.76,15.11,13.70
15.80,22.48,19.62,9.99,22.75,27.12,7.17,24.26,8.96,19.97,27.07,13.82,15.83,13.69,13.80,7.66,8.21
12.46,18.34,17.65,8.84,19.31,22.77,6.05,16.29,3.97,11.84,19.73,12.32,13.56,12.23,5.85,8.07,6.10
8.52,14.94,13.36,12.88,15.58,19.55,1.94,19.12,8.47,13.89,19.24,7.81,18.02,16.52,9.36,3.87,1.53
13.56,18.83,18.94,8.85,20.05,23.04,8.46,13.66,3.74,9.51,18.38,14.02,12.58,11.67,3.19,10.50,8.30
22.53,22.44,26.80,24.59,24.53,23.78,24.21,6.04,20.89,8.62,10.65,25.35,24.39,25.18,15.02,25.87,23.42
12.16,6.68,12.54,29.83,8.36,5.33,19.99,21.17,24.67,16.89,8.15,15.38,33.14,32.57,20.28,20.23,18.92
14.03,19.04,13.53,23.49,18.00,22.91,12.06,32.86,20.93,27.37,29.51,10.66,29.33,27.29,23.26,10.05,12.47
23.41,26.46,28.74,15.01,28.26,29.49,20.65,5.71,13.20,8.66,19.06,25.00,13.22,14.46,9.47,22.67,20.32
11.54,17.93,13.72,16.95,17.60,22.41,6.02,27.07,14.31,21.84,25.90,8.53,22.76,20.77,17.05,4.31,6.74
10.22,4.52,10.38,28.79,6.24,4.08,18.32,21.62,23.64,16.94,9.46,13.36,32.40,31.70,19.64,18.43,17.27
9.05,14.48,14.45,12.74,15.60,18.83,5.76,15.35,7.66,10.06,16.17,9.74,17.01,15.93,6.14,7.58,5.10
7.97,2.52,8.30,27.19,4.53,4.54,16.23,21.55,22.07,16.50,10.57,11.08,31.07,30.24,18.47,16.24,15.19
13.60,20.29,17.32,11.48,20.50,24.94,5.10,23.86,9.41,19.21,25.54,11.53,17.31,15.28,13.42,5.37,6.17
16.35,16.19,20.48,22.49,18.27,17.88,19.09,8.22,17.96,5.77,5.83,19.30,23.80,24.01,12.04,20.53,18.18
10.73,17.26,13.38,16.03,17.07,21.81,4.69,25.74,13.15,20.51,24.76,7.92,21.80,19.86,15.74,3.05,5.44
21.94,27.47,27.18,3.03,28.63,31.69,15.05,16.63,5.57,15.19,25.80,21.81,4.02,3.15,9.36,16.88,15.39
17.72,21.36,23.11,12.09,23.02,24.82,14.87,7.25,8.63,5.28,16.32,19.16,12.77,13.07,3.67,16.87,14.48
16.50,22.59,21.46,4.78,23.46,27.07,8.84,18.16,2.30,14.69,23.68,15.86,10.21,8.49,8.09,10.57,9.32
21.02,23.10,26.10,17.64,25.02,25.70,20.03,1.38,14.55,5.20,14.53,23.13,17.07,17.93,9.26,21.94,19.47
18.08,20.82,23.31,15.07,22.64,23.86,16.62,4.57,11.47,3.12,14.09,19.98,15.47,15.94,5.90,18.54,16.08
6.35,12.99,9.85,16.98,13.03,17.60,3.40,22.93,12.95,17.40,20.48,4.03,22.38,20.73,13.75,2.14,3.10
12.23,16.57,17.67,12.19,18.03,20.48,9.67,11.40,7.21,6.45,14.86,13.52,15.21,14.65,2.60,11.58,9.12
9.01,2.62,6.68,29.77,2.26,2.69,17.69,25.48,24.74,20.34,14.27,11.35,34.03,33.02,21.75,17.26,16.74
6.48,13.12,9.95,16.93,13.15,17.73,3.36,23.00,12.93,17.48,20.60,4.14,22.34,20.69,13.78,2.03,3.10
18.94,22.99,24.38,10.42,24.57,26.60,15.14,8.60,7.66,7.37,18.41,20.08,10.70,11.09,4.24,17.18,14.90
3.52,10.21,8.03,18.21,10.51,14.85,5.20,21.34,13.65,15.67,17.63,2.75,23.24,21.81,13.10,4.89,4.32
22.61,22.56,26.89,24.50,24.65,23.92,24.22,5.90,20.83,8.60,10.81,25.41,24.26,25.06,14.97,25.89,23.44
13.14,18.90,18.37,8.28,19.93,23.29,6.87,15.75,3.28,11.48,19.78,13.09,12.83,11.57,5.28,8.89,6.92
17.72,23.57,22.85,3.64,24.58,27.94,10.53,16.90,1.55,13.95,23.58,17.38,8.47,6.98,7.36,12.35,10.90
15.41,19.46,20.84,11.29,21.02,23.16,12.34,9.24,7.04,5.62,15.94,16.69,13.15,13.00,1.24,14.34,11.94
18.30,24.87,22.55,6.88,25.36,29.50,9.66,23.30,7.43,19.67,27.97,16.73,12.61,10.40,13.13,10.63,10.56
2.65,8.47,8.10,18.84,9.29,13.06,7.14,19.28,13.93,13.56,14.75,4.66,23.42,22.23,12.10,7.43,6.09
17.22,20.27,22.51,14.08,22.04,23.49,15.44,5.80,10.32,3.26,14.36,19.00,14.84,15.16,4.68,17.38,14.92
5.84,1.73,4.14,26.85,1.29,5.77,14.51,24.21,21.90,18.78,14.57,8.14,31.32,30.21,19.37,14.03,13.58
17.63,20.02,22.76,16.12,21.88,22.91,16.78,4.28,12.31,2.06,12.87,19.70,16.69,17.11,6.52,18.66,16.18
4.72,9.74,5.08,22.14,9.07,13.98,8.58,25.70,17.90,19.99,20.21,1.90,27.43,25.86,17.71,7.21,8.07
10.78,4.11,9.32,30.73,4.84,1.04,19.35,24.62,25.62,19.81,12.42,13.50,34.66,33.81,22.05,19.14,18.35
9.53,10.20,13.80,20.61,12.16,13.07,13.49,13.09,15.52,7.85,7.31,12.55,23.55,23.10,10.68,14.59,12.47
17.51,17.71,21.83,21.95,19.77,19.50,19.60,6.64,17.64,5.09,7.35,20.34,22.89,23.24,11.65,21.16,18.75
11.86,17.86,16.99,9.37,18.77,22.33,5.27,16.85,4.65,12.25,19.75,11.61,14.23,12.85,6.46,7.29,5.33
10.26,8.72,13.43,23.82,10.81,10.63,15.88,15.03,18.71,10.36,5.28,13.58,26.74,26.32,13.88,16.71,14.82
6.17,3.41,2.73,27.38,1.75,6.65,14.60,25.74,22.55,20.24,16.33,7.76,32.06,30.84,20.41,13.88,13.74
20.25,24.56,25.70,9.31,26.09,28.26,15.81,9.83,7.43,9.14,20.20,21.18,8.98,9.54,5.51,17.84,15.68
10.61,6.38,12.05,27.33,8.39,6.84,17.92,18.95,22.18,14.46,6.80,13.95,30.59,30.04,17.73,18.33,16.84
21.58,25.23,26.99,12.21,26.91,28.60,18.10,7.36,10.31,8.26,19.27,22.90,11.04,12.00,7.09,20.13,17.85
23.50,29.67,28.32,3.06,30.51,34.14,15.41,21.91,8.02,19.92,29.98,22.60,6.35,4.07,13.55,16.84,16.07
17.10,17.39,21.46,21.63,19.45,19.26,19.16,6.72,17.27,4.77,7.31,19.92,22.66,22.97,11.30,20.71,18.31
13.93,20.02,15.28,18.85,19.45,24.36,8.97,29.99,16.76,24.79,28.69,10.70,24.70,22.60,19.89,7.27,9.71
5.24,11.90,9.76,16.50,12.27,16.54,3.45,20.86,12.05,15.29,18.40,4.20,21.62,20.14,12.02,3.49,2.54
4.54,2.62,3.60,25.63,2.53,7.02,13.21,23.65,20.71,18.13,14.73,6.88,30.16,29.01,18.36,12.73,12.28
13.46,20.14,16.80,12.85,20.20,24.76,5.38,25.03,10.82,20.25,26.10,11.10,18.69,16.63,14.63,5.09,6.44
8.04,14.28,10.07,18.53,13.91,18.73,5.43,25.76,14.99,20.25,22.98,4.88,24.15,22.35,16.41,3.44,5.57
23.70,26.58,29.00,15.77,28.41,29.51,21.19,5.22,13.90,8.67,18.82,25.38,13.96,15.22,9.99,23.20,20.83
5.78,12.02,8.12,19.18,11.74,16.51,5.62,24.55,15.17,18.93,20.90,2.62,24.60,22.94,15.73,4.07,5.30
16.20,22.89,19.61,11.63,23.00,27.53,7.84,25.98,10.78,21.58,28.27,13.91,17.44,15.26,15.51,7.86,8.92
11.95,9.58,14.72,25.38,11.67,10.68,17.76,15.21,20.31,11.06,3.64,15.30,28.07,27.75,15.25,18.58,16.70
17.06,23.30,21.90,4.59,24.08,27.81,9.06,19.32,3.44,15.88,24.79,16.21,10.31,8.41,9.28,10.65,9.66
18.99,19.14,23.32,22.52,21.21,20.80,20.88,5.91,18.40,5.80,8.26,21.81,23.09,23.58,12.42,22.48,20.05
10.94,15.97,10.57,22.61,15.00,19.93,10.09,30.36,19.48,24.79,26.45,7.59,28.36,26.44,21.13,8.06,10.29
22.95,23.25,27.39,23.69,25.32,24.80,24.08,4.84,20.20,8.30,11.85,25.64,23.23,24.11,14.44,25.81,23.34
4.06,10.69,7.86,18.50,10.77,15.30,5.13,22.40,14.11,16.75,18.69,2.15,23.68,22.17,13.95,4.39,4.42
15.86,22.41,20.20,7.66,22.92,27.03,7.25,21.96,6.43,17.94,25.75,14.38,13.51,11.45,11.56,8.36,8.12
11.56,16.21,10.62,23.81,15.10,19.99,11.28,31.40,20.69,25.80,27.09,8.29,29.57,27.64,22.27,9.25,11.44
16.61,22.50,21.72,4.68,23.48,26.90,9.42,16.88,1.00,13.57,22.88,16.24,9.60,8.11,6.95,11.26,9.77
16.90,20.34,22.26,12.87,22.04,23.74,14.56,6.94,9.09,4.21,15.20,18.49,13.84,14.06,3.56,16.53,14.10
9.46,15.13,14.79,12.04,16.17,19.54,5.15,15.90,7.03,10.74,17.10,9.83,16.50,15.33,6.29,7.07,4.63
25.21,26.46,30.05,21.93,28.48,28.48,24.85,3.80,19.27,9.43,15.98,27.55,20.49,21.69,14.13,26.74,24.26
10.23,15.85,10.84,20.70,15.11,20.04,8.25,28.79,17.57,23.27,25.58,6.85,26.44,24.53,19.37,6.21,8.52
22.80,23.23,27.29,23.25,25.30,24.86,23.79,4.38,19.79,7.98,12.01,25.46,22.77,23.65,14.05,25.53,23.06
13.31,6.92,12.43,32.22,7.96,3.52,21.63,24.13,27.07,19.81,10.91,16.27,35.76,35.10,22.95,21.63,20.59
9.84,14.25,8.65,23.90,13.12,18.02,10.82,30.25,20.42,24.59,25.33,6.70,29.56,27.73,21.47,8.87,10.80
4.04,2.80,5.33,24.42,3.93,7.41,12.57,21.70,19.41,16.20,13.05,7.09,28.75,27.70,16.69,12.40,11.58
8.60,14.74,10.35,18.83,14.30,19.15,5.93,26.40,15.41,20.90,23.62,5.36,24.49,22.65,16.99,3.91,6.14
25.14,27.07,30.21,19.71,29.03,29.47,23.86,3.81,17.46,9.30,17.55,27.23,17.93,19.23,12.80,25.82,23.37
25.08,26.71,30.05,20.67,28.70,28.94,24.23,3.51,18.21,9.21,16.76,27.29,19.06,20.31,13.31,26.15,23.69
21.89,23.65,26.88,18.92,25.61,26.06,21.23,0.41,15.88,6.02,14.40,24.11,18.18,19.11,10.55,23.12,20.65
19.63,25.27,24.84,2.79,26.38,29.55,12.70,16.31,3.23,14.09,24.30,19.45,6.37,5.14,7.80,14.55,13.03
6.44,7.01,10.37,21.57,8.86,10.50,12.20,16.45,16.41,11.03,9.21,9.69,25.19,24.45,12.52,12.87,11.12
15.84,20.65,21.27,8.55,22.02,24.64,11.19,11.66,4.30,8.41,18.48,16.57,11.03,10.58,1.97,13.23,11.02
18.63,24.08,23.92,4.31,25.26,28.30,12.17,14.93,2.56,12.56,22.78,18.67,7.35,6.45,6.27,14.11,12.39
2.31,4.96,3.42,23.53,4.90,9.48,10.82,23.16,18.72,17.50,15.71,4.45,28.26,27.01,16.90,10.27,9.92
7.60,11.76,6.22,23.80,10.67,15.59,10.32,28.57,19.91,22.87,22.99,4.75,29.31,27.60,20.29,8.58,10.06
3.63,9.62,9.04,17.71,10.43,14.20,6.12,18.90,12.82,13.20,15.28,4.94,22.34,21.12,11.25,6.61,5.05
21.03,27.52,25.43,5.44,28.10,32.12,12.47,23.69,8.07,20.68,29.73,19.61,10.60,8.31,14.06,13.55,13.32
10.11,16.28,15.17,11.11,17.09,20.81,3.63,17.71,6.51,12.74,19.21,9.74,16.09,14.66,7.62,5.67,3.53
16.50,22.35,21.64,4.84,23.35,26.73,9.41,16.61,0.73,13.30,22.63,16.19,9.64,8.20,6.68,11.28,9.74
27.07,33.10,31.98,5.93,34.02,37.50,19.12,23.03,11.06,21.91,32.45,26.29,5.09,3.75,15.95,20.60,19.75
11.11,14.23,16.33,15.61,15.92,17.77,11.21,10.65,10.62,4.97,11.46,13.18,18.37,17.96,5.51,12.86,10.40
24.13,29.62,29.38,4.34,30.80,33.81,17.20,17.51,7.77,16.69,27.51,24.00,1.82,1.83,11.24,19.01,17.57
10.74,7.79,13.08,25.81,9.88,8.92,17.25,16.82,20.68,12.37,5.26,14.12,28.83,28.37,15.96,17.89,16.17
1.66,7.06,4.30,21.97,6.94,11.59,8.92,23.20,17.31,17.49,17.01,2.35,26.90,25.54,16.09,8.22,8.09
8.83,15.44,11.96,15.91,15.40,20.04,3.14,24.09,12.46,18.76,22.71,6.26,21.55,19.73,14.34,1.16,3.64
23.06,25.52,28.26,16.99,27.41,28.27,21.23,3.40,14.63,7.53,17.18,24.95,15.59,16.72,10.08,23.21,20.78
4.35,10.34,9.72,16.97,11.17,14.90,5.58,18.56,12.09,12.89,15.53,5.35,21.61,20.38,10.64,6.25,4.50
10.79,16.50,16.07,10.68,17.53,20.90,5.54,15.75,5.66,10.87,18.03,10.98,15.17,13.97,5.66,7.56,5.26
18.88,24.65,24.03,2.76,25.69,28.98,11.74,16.82,2.51,14.26,24.21,18.58,7.26,5.81,7.79,13.56,12.11
11.02,17.35,15.88,10.37,18.06,21.92,3.47,18.65,6.16,13.84,20.55,10.28,15.61,14.04,8.35,5.44,3.77
23.08,28.86,28.19,2.22,29.91,33.17,15.67,18.78,6.72,17.30,27.79,22.66,3.64,1.66,11.30,17.37,16.14
14.31,14.20,18.41,21.97,16.26,16.10,17.45,9.64,17.22,5.92,5.21,17.30,23.78,23.80,11.47,18.80,16.51
15.54,18.52,20.80,14.49,20.29,21.78,14.27,6.79,10.26,2.37,13.12,17.42,15.87,15.97,4.30,16.15,13.67
2.45,9.01,7.61,18.79,9.51,13.65,6.33,20.51,14.04,14.80,16.19,3.32,23.61,22.30,12.83,6.29,5.34
26.71,27.40,31.35,24.49,29.47,29.05,26.96,5.99,21.74,11.26,16.07,29.23,22.99,24.23,16.46,28.79,26.31
8.31,12.82,13.74,14.83,14.18,16.94,7.73,14.13,9.68,8.53,13.62,9.87,18.63,17.77,6.51,9.28,6.86
24.17,29.19,29.55,6.74,30.54,33.16,18.07,14.86,8.45,14.75,25.79,24.47,3.53,4.85,10.17,20.00,18.27
7.99,9.30,12.44,20.07,11.15,12.62,12.10,14.21,14.92,8.73,8.68,10.97,23.36,22.76,10.55,13.11,11.06
17.60,21.44,23.02,11.37,23.06,25.00,14.41,7.96,7.93,5.85,16.82,18.92,12.20,12.43,3.22,16.42,14.07
23.85,24.59,28.48,22.83,26.64,26.36,24.32,3.83,19.68,8.52,13.61,26.39,21.97,22.99,14.13,26.12,23.64
11.64,9.59,14.59,24.83,11.69,10.93,17.28,14.86,19.76,10.60,3.89,14.98,27.53,27.20,14.70,18.13,16.22
20.64,21.85,25.43,20.15,23.86,24.02,20.90,1.99,16.62,5.11,12.06,23.08,19.96,20.71,10.90,22.70,20.22
3.74,3.33,3.46,24.87,3.33,7.82,12.39,23.35,19.98,17.78,14.91,6.10,29.46,28.28,17.77,11.91,11.47
13.49,9.32,15.06,28.72,11.26,8.85,20.33,18.17,23.62,14.39,4.65,16.86,31.50,31.16,18.67,20.92,19.26
21.77,25.91,27.22,10.16,27.49,29.51,17.42,9.55,8.88,9.81,20.91,22.77,8.86,9.79,7.02,19.46,17.29
13.28,14.50,17.94,19.14,16.46,17.13,15.17,8.78,14.38,3.78,7.89,15.96,21.11,21.05,8.65,16.68,14.29
13.60,18.82,19.00,8.95,20.05,23.00,8.63,13.45,3.87,9.30,18.22,14.11,12.59,11.72,2.97,10.66,8.45
15.26,15.90,19.73,20.48,17.93,18.09,17.31,7.58,15.93,3.93,7.21,18.04,21.95,22.09,10.02,18.83,16.44
11.31,16.03,16.76,12.00,17.39,20.10,8.39,12.67,6.88,7.64,15.38,12.41,15.47,14.72,3.46,10.30,7.84
15.58,16.34,20.11,20.24,18.36,18.56,17.40,7.10,15.75,3.56,7.64,18.31,21.61,21.78,9.80,18.96,16.55
22.15,22.11,26.43,24.27,24.20,23.49,23.81,5.84,20.54,8.24,10.42,24.96,24.14,24.90,14.66,25.47,23.02
18.65,23.25,24.09,8.21,24.70,27.11,13.90,10.84,5.60,9.07,19.88,19.43,9.11,9.18,4.11,15.93,13.80
16.16,22.73,20.47,7.62,23.22,27.35,7.54,22.22,6.62,18.23,26.08,14.65,13.47,11.38,11.84,8.60,8.43
2.14,4.92,3.71,23.35,4.99,9.48,10.72,22.86,18.53,17.21,15.46,4.50,28.05,26.81,16.64,10.23,9.81
18.10,20.36,23.20,16.53,22.25,23.17,17.35,3.72,12.81,2.37,12.85,20.21,16.95,17.44,7.06,19.22,16.74
7.42,12.74,12.86,14.47,13.86,17.10,5.91,15.85,9.40,10.32,15.13,8.46,18.74,17.68,7.44,7.43,5.02
18.15,24.77,22.24,7.83,25.18,29.41,9.47,24.05,8.21,20.28,28.32,16.42,13.55,11.32,13.79,10.27,10.43
4.86,1.84,4.74,25.59,2.69,6.47,13.53,22.81,20.60,17.35,13.60,7.59,29.97,28.90,17.94,13.21,12.56
11.00,16.28,11.00,21.91,15.39,20.32,9.55,30.02,18.85,24.48,26.46,7.63,27.68,25.74,20.66,7.52,9.81
15.69,22.04,17.62,17.11,21.64,26.49,9.32,29.87,15.67,24.93,29.83,12.64,22.93,20.76,19.52,8.06,10.25
12.77,19.12,14.79,17.10,18.75,23.58,7.03,28.01,14.80,22.85,27.13,9.72,22.94,20.88,17.89,5.46,7.83
13.24,18.83,13.66,21.19,18.02,22.95,10.08,31.06,18.71,25.66,28.52,9.87,27.03,24.98,21.27,8.13,10.60
12.32,15.40,17.56,15.17,17.12,18.85,11.95,9.54,10.33,3.94,11.78,14.33,17.60,17.31,4.80,13.69,11.21
13.76,13.39,17.72,22.39,15.47,15.23,17.32,10.52,17.56,6.65,4.61,16.82,24.38,24.33,11.92,18.59,16.35
2.34,5.08,3.30,23.54,4.96,9.58,10.78,23.29,18.75,17.63,15.88,4.34,28.29,27.03,16.98,10.20,9.90
6.02,3.66,2.42,27.24,2.06,6.96,14.39,25.81,22.42,20.29,16.54,7.52,31.94,30.71,20.36,13.64,13.55
7.89,13.64,8.92,20.32,13.03,17.93,7.12,26.94,16.72,21.35,23.26,4.52,25.93,24.14,17.87,5.18,7.12
13.20,19.62,15.40,16.50,19.30,24.11,7.00,27.85,14.36,22.77,27.34,10.22,22.35,20.27,17.65,5.58,7.86
14.56,21.05,19.06,7.95,21.62,25.66,6.08,20.77,5.65,16.58,24.23,13.28,13.70,11.78,10.32,7.43,6.86
21.53,27.06,26.77,2.98,28.21,31.28,14.67,16.42,5.17,14.88,25.44,21.42,4.43,3.53,8.99,16.52,15.00
10.67,5.55,11.38,28.43,7.40,5.32,18.46,20.51,23.27,15.97,8.15,13.93,31.85,31.23,19.02,18.71,17.39
13.51,18.41,12.86,23.73,17.33,22.23,11.99,32.65,21.02,27.13,29.02,10.17,29.55,27.53,23.17,9.96,12.34
11.79,18.47,15.77,11.80,18.76,23.11,3.18,22.47,8.88,17.62,23.61,9.95,17.52,15.63,12.13,3.82,4.24
16.47,21.36,21.90,7.90,22.72,25.38,11.52,11.95,3.93,8.99,19.18,17.11,10.28,9.84,2.68,13.56,11.41
7.94,13.96,13.15,13.31,14.83,18.48,3.79,17.44,8.48,12.09,17.35,8.03,18.05,16.76,8.10,5.52,3.03
7.40,4.33,9.34,25.12,6.42,6.98,14.91,19.10,19.97,14.01,8.98,10.75,28.79,28.05,16.10,15.21,13.84
10.85,17.42,15.30,11.32,17.90,22.05,2.32,20.57,7.69,15.67,21.80,9.52,16.84,15.11,10.30,3.94,3.11
7.96,13.34,8.34,21.35,12.58,17.51,8.09,27.62,17.71,21.99,23.45,4.59,26.95,25.16,18.71,6.18,8.04
23.94,27.16,29.30,14.57,28.93,30.27,20.86,6.65,13.08,9.47,19.97,25.43,12.49,13.82,9.75,22.89,20.58
22.33,22.67,26.78,23.31,24.74,24.26,23.50,4.62,19.75,7.74,11.39,25.03,22.99,23.82,13.95,25.22,22.75
8.71,15.28,11.64,16.42,15.16,19.85,3.60,24.48,12.97,19.11,22.84,6.01,22.06,20.24,14.79,1.58,4.02
2.79,9.22,8.04,18.43,9.81,13.86,6.15,20.07,13.64,14.37,15.99,3.76,23.20,21.91,12.36,6.26,5.14
8.93,2.38,6.92,29.55,2.44,2.53,17.61,25.03,24.51,19.91,13.78,11.39,33.76,32.78,21.42,17.23,16.64
12.53,18.76,14.24,17.95,18.29,23.16,7.42,28.47,15.54,23.24,27.15,9.37,23.78,21.74,18.43,5.69,8.14
10.40,15.99,15.73,11.21,17.06,20.36,5.73,15.41,6.15,10.42,17.41,10.76,15.58,14.44,5.52,7.71,5.33
12.12,18.42,16.99,9.27,19.15,22.98,4.43,18.57,5.23,13.99,21.22,11.37,14.57,12.96,8.15,6.32,4.83
2.93,9.61,7.65,18.61,9.95,14.25,5.76,21.16,13.98,15.47,17.10,2.72,23.57,22.18,13.16,5.52,4.84
14.90,16.90,19.88,17.22,18.80,19.76,15.28,6.68,12.77,1.10,10.30,17.24,18.71,18.81,6.80,17.00,14.53
15.96,21.16,21.34,7.12,22.42,25.31,10.45,13.26,2.65,10.02,19.84,16.35,10.26,9.51,3.44,12.47,10.43
14.00,15.08,18.62,19.42,17.06,17.58,15.84,8.20,14.74,3.50,7.78,16.69,21.19,21.20,8.92,17.37,14.97
13.52,16.84,18.83,14.12,18.53,20.32,12.32,8.80,9.45,3.62,12.90,15.33,16.26,16.07,3.62,14.16,11.67
14.58,19.42,20.02,9.26,20.77,23.44,10.18,11.93,4.54,8.11,17.69,15.35,12.17,11.58,1.51,12.22,9.94
13.53,19.90,15.56,16.92,19.53,24.36,7.51,28.38,14.85,23.29,27.78,10.49,22.77,20.68,18.18,6.05,8.36
12.32,17.89,17.64,9.37,18.99,22.22,6.86,14.96,4.25,10.46,18.53,12.56,13.64,12.52,4.58,8.90,6.71
13.34,17.70,18.79,11.43,19.17,21.59,10.32,10.90,6.60,6.37,15.53,14.54,14.18,13.70,1.45,12.28,9.86
17.50,18.90,22.32,18.88,20.88,21.32,18.07,4.38,14.81,2.33,10.28,19.96,19.60,20.00,8.86,19.80,17.33
7.59,2.82,8.40,26.51,4.91,5.26,15.70,20.88,21.38,15.81,10.19,10.78,30.36,29.54,17.75,15.78,14.65
13.67,18.59,19.11,9.67,19.92,22.67,9.36,12.40,4.71,8.23,17.35,14.43,12.90,12.20,1.96,11.38,9.08
19.75,23.48,25.17,11.70,25.14,26.92,16.41,7.34,9.10,6.95,18.05,21.08,11.44,12.07,5.30,18.43,16.11
15.13,11.62,17.23,28.53,13.62,11.34,21.26,16.42,23.53,13.23,2.46,18.51,30.88,30.72,18.21,22.06,20.20
5.16,11.45,7.70,19.28,11.21,15.96,5.71,24.15,15.16,18.51,20.30,2.06,24.64,23.02,15.49,4.33,5.28
22.18,23.19,26.91,21.31,25.22,25.18,22.51,2.37,17.99,6.72,12.81,24.67,20.77,21.66,12.37,24.31,21.83
13.95,20.57,16.85,14.14,20.47,25.15,6.41,26.50,12.31,21.66,27.17,11.32,19.99,17.89,16.12,5.67,7.43
4.78,3.07,2.90,25.98,2.40,7.19,13.35,24.37,21.11,18.84,15.47,6.77,30.60,29.41,18.92,12.76,12.46
18.38,23.38,23.78,6.54,24.71,27.41,12.89,12.59,3.98,10.44,20.98,18.85,8.27,7.96,4.61,14.90,12.91
11.00,16.45,16.37,10.84,17.58,20.76,6.43,14.78,5.72,9.90,17.31,11.46,15.03,13.97,4.79,8.42,6.06
3.22,8.06,3.99,22.42,7.55,12.40,9.03,24.64,17.94,18.92,18.57,1.84,27.53,26.07,17.18,7.99,8.35
8.05,6.24,10.87,23.95,8.31,8.77,14.64,17.15,18.80,12.11,7.60,11.42,27.37,26.74,14.58,15.20,13.57
5.08,10.83,10.49,16.39,11.76,15.33,5.62,17.79,11.44,12.13,15.24,6.17,20.92,19.74,9.82,6.55,4.55
21.74,26.65,27.14,6.52,28.03,30.60,16.03,13.15,6.57,12.41,23.37,22.18,5.63,6.14,7.61,18.01,16.13
12.48,16.31,17.86,13.30,17.88,20.03,10.78,10.30,8.42,5.15,13.67,14.07,15.96,15.55,3.09,12.64,10.16
4.48,5.84,8.43,21.67,7.43,9.93,11.16,18.20,16.56,12.65,11.06,7.80,25.67,24.76,13.31,11.56,10.09
13.24,11.46,16.42,24.81,13.56,12.64,18.26,13.42,19.84,9.64,2.51,16.52,27.14,26.96,14.46,19.27,17.23
15.04,21.69,19.08,9.45,22.05,26.33,6.36,23.09,7.94,18.78,25.95,13.26,15.30,13.23,12.63,7.11,7.35
20.14,19.69,24.20,24.46,21.79,20.93,22.56,7.28,20.34,7.74,7.83,23.08,24.94,25.48,14.36,24.10,21.70
18.06,23.22,23.44,5.96,24.50,27.32,12.29,13.30,3.19,10.92,21.28,18.40,8.26,7.73,4.80,14.29,12.35
23.47,25.11,28.43,19.89,27.09,27.40,22.77,1.89,17.13,7.60,15.42,25.70,18.73,19.82,11.98,24.68,22.21
19.95,26.36,24.51,4.37,27.01,30.93,11.52,22.18,6.52,19.13,28.23,18.71,9.94,7.71,12.50,12.77,12.30
8.93,2.24,7.57,29.18,3.13,2.44,17.55,24.10,24.10,19.06,12.71,11.62,33.26,32.34,20.81,17.29,16.56
11.43,18.06,14.48,14.69,18.00,22.65,4.29,25.10,11.98,20.01,24.89,8.85,20.48,18.51,14.93,3.20,5.22
14.76,17.24,19.88,16.01,19.07,20.31,14.49,6.93,11.57,1.34,11.41,16.91,17.58,17.63,5.60,16.27,13.79
17.25,22.03,22.69,7.95,23.42,25.99,12.39,11.49,4.48,8.93,19.39,17.95,9.82,9.55,3.05,14.42,12.28
10.08,16.77,13.95,13.36,17.00,21.42,1.82,22.51,9.99,17.41,22.59,8.13,19.00,17.18,12.42,2.00,2.87
22.11,26.43,27.56,9.48,27.97,30.10,17.43,10.43,8.60,10.61,21.72,22.99,7.97,8.94,7.38,19.46,17.36
6.54,6.00,9.88,22.75,7.93,9.31,13.05,17.31,17.60,12.00,8.99,9.90,26.40,25.66,13.72,13.58,11.97
14.78,16.75,19.75,17.31,18.65,19.60,15.24,6.81,12.83,1.25,10.16,17.14,18.84,18.92,6.88,16.95,14.48
12.42,18.64,17.36,8.88,19.43,23.17,4.94,18.10,4.69,13.60,21.08,11.79,14.09,12.53,7.65,6.86,5.28
12.92,16.90,18.33,12.69,18.45,20.66,10.78,10.27,7.85,5.36,14.27,14.40,15.30,14.90,2.43,12.68,10.22
9.74,16.33,12.71,15.74,16.24,20.91,3.65,24.70,12.55,19.43,23.61,7.09,21.44,19.57,14.80,1.90,4.32
15.05,19.03,20.48,11.67,20.61,22.72,12.23,9.17,7.32,5.30,15.50,16.41,13.61,13.44,1.37,14.21,11.79
5.93,12.61,9.84,16.68,12.78,17.25,3.17,22.11,12.49,16.57,19.71,4.04,21.99,20.40,13.02,2.45,2.62
12.86,14.31,17.60,18.69,16.24,17.07,14.60,9.03,13.89,3.78,8.30,15.49,20.77,20.66,8.22,16.12,13.73
20.66,25.75,26.04,5.59,27.06,29.78,14.74,13.60,5.24,12.28,23.07,20.99,5.97,5.97,6.91,16.71,14.87
21.58,25.93,27.03,9.22,27.46,29.63,16.89,10.40,8.11,10.30,21.40,22.44,8.07,8.90,6.86,18.92,16.82
6.50,3.23,3.10,27.72,1.41,6.27,14.98,25.83,22.86,20.36,16.21,8.17,32.36,31.16,20.65,14.27,14.11
18.15,24.75,22.31,7.44,25.19,29.39,9.48,23.70,7.85,19.98,28.12,16.49,13.17,10.95,13.47,10.35,10.42
6.96,11.75,12.40,15.60,13.01,16.00,7.08,15.38,10.48,9.73,13.81,8.53,19.66,18.70,7.81,8.43,6.12
10.74,4.52,10.28,29.82,5.93,2.95,19.05,22.82,24.68,18.15,10.46,13.75,33.52,32.78,20.79,19.05,18.01
14.59,18.90,20.03,10.84,20.40,22.73,11.25,10.28,6.31,6.31,16.16,15.74,13.19,12.86,0.35,13.25,10.86
6.66,12.95,8.97,18.72,12.66,17.44,5.26,24.87,14.89,19.29,21.65,3.54,24.23,22.51,15.80,3.51,5.12
22.38,27.50,27.74,5.52,28.81,31.54,16.23,14.52,6.61,13.73,24.64,22.63,4.34,4.77,8.64,18.16,16.42
12.62,17.15,18.07,11.45,18.57,21.12,9.51,11.64,6.47,6.93,15.59,13.75,14.52,13.92,2.13,11.47,9.04
10.67,17.14,13.14,16.51,16.90,21.67,5.03,26.09,13.62,20.83,24.89,7.77,22.28,20.34,16.14,3.28,5.72
17.84,24.14,22.57,4.37,24.88,28.68,9.64,20.24,4.38,16.90,25.83,16.83,10.21,8.18,10.29,11.11,10.32
5.32,9.82,4.75,22.93,8.97,13.91,9.36,26.49,18.73,20.78,20.71,2.74,28.25,26.66,18.57,7.91,8.88
21.59,26.84,26.93,4.68,28.11,30.94,15.27,14.85,5.64,13.66,24.44,21.75,4.68,4.60,8.20,17.19,15.49
13.67,19.25,18.97,8.08,20.35,23.56,7.79,14.88,2.93,10.78,19.47,13.82,12.29,11.17,4.41,9.82,7.77
20.58,25.49,25.99,6.49,26.86,29.45,14.99,12.71,5.68,11.54,22.41,21.05,6.57,6.77,6.47,16.98,15.06
5.21,6.38,0.67,25.77,5.10,10.01,12.45,26.52,21.19,20.86,18.64,5.26,30.78,29.38,19.94,11.39,11.74
11.55,8.00,13.52,26.90,10.04,8.52,18.28,17.46,21.77,13.22,5.08,14.93,29.87,29.44,17.00,18.88,17.21
5.47,10.10,5.07,22.74,9.28,14.21,9.16,26.53,18.58,20.82,20.91,2.72,28.09,26.48,18.51,7.68,8.72
8.31,1.74,6.53,28.91,2.07,3.08,16.98,24.57,23.87,19.41,13.57,10.82,33.13,32.14,20.82,16.62,16.01
18.11,22.08,23.54,10.83,23.68,25.68,14.60,8.33,7.64,6.57,17.56,19.34,11.47,11.75,3.52,16.63,14.31
18.08,20.62,23.26,15.68,22.47,23.57,16.92,4.17,12.03,2.74,13.57,20.07,16.08,16.56,6.37,18.82,16.35
3.42,7.59,3.29,23.09,6.96,11.85,9.73,24.97,18.59,19.26,18.50,2.54,28.18,26.73,17.70,8.69,9.03
16.62,18.52,21.59,17.48,20.44,21.22,16.71,4.96,13.34,0.89,10.97,18.93,18.42,18.73,7.37,18.49,16.01
14.05,15.94,18.98,17.57,17.84,18.80,14.83,7.57,12.96,2.06,9.67,16.47,19.31,19.31,7.07,16.49,14.04
26.17,27.78,31.14,21.25,29.77,29.98,25.22,4.59,18.99,10.29,17.69,28.36,19.37,20.72,14.23,27.15,24.69
19.14,18.44,23.06,24.63,20.54,19.61,21.98,8.22,20.33,7.77,6.50,22.15,25.41,25.84,14.35,23.44,21.08
9.65,5.41,11.03,26.90,7.45,6.37,17.13,19.30,21.74,14.60,7.65,12.98,30.32,29.70,17.50,17.48,16.06
4.86,9.67,10.27,17.54,10.85,14.03,7.41,16.97,12.47,11.26,13.48,6.89,21.77,20.74,9.98,8.28,6.34
7.31,13.05,8.38,20.41,12.46,17.35,7.07,26.59,16.70,20.97,22.71,3.93,25.98,24.22,17.64,5.20,6.98
13.78,20.28,18.29,8.58,20.84,24.89,5.30,20.60,5.87,16.25,23.64,12.51,14.28,12.41,10.12,6.71,6.08
12.79,6.67,12.40,31.27,7.99,4.08,20.95,22.96,26.11,18.66,9.81,15.86,34.72,34.10,21.89,21.04,19.90
5.85,9.52,4.06,24.07,8.46,13.39,10.50,27.28,19.86,21.56,20.96,3.74,29.39,27.80,19.58,9.05,10.02
26.11,26.70,30.70,24.48,28.76,28.29,26.55,5.74,21.59,10.79,15.29,28.67,23.17,24.35,16.20,28.37,25.89
4.14,10.62,9.19,17.13,11.19,15.25,4.78,19.88,12.42,14.23,16.81,4.24,22.01,20.66,11.60,5.09,3.75
12.58,11.53,16.14,23.43,13.62,13.19,17.12,12.56,18.46,8.44,3.74,15.79,25.79,25.60,13.09,18.20,16.10
7.61,10.40,12.62,18.08,12.06,14.13,10.28,13.99,12.93,8.30,10.53,10.17,21.55,20.86,8.88,11.46,9.28
23.16,29.48,27.80,4.07,30.21,34.01,14.82,23.09,8.45,20.76,30.51,22.02,8.03,5.76,14.26,16.10,15.57
15.97,16.08,20.22,21.80,18.14,17.94,18.48,7.93,17.26,5.11,6.27,18.87,23.16,23.35,11.34,19.95,17.59
9.98,15.67,10.74,20.42,14.98,19.90,7.91,28.44,17.25,22.93,25.29,6.61,26.15,24.25,19.02,5.87,8.18
26.41,32.50,31.28,5.40,33.39,36.93,18.39,23.06,10.56,21.72,32.16,25.57,5.49,3.82,15.65,19.83,19.04
7.67,13.94,12.73,13.56,14.67,18.51,2.90,18.39,8.90,13.03,18.03,7.41,18.49,17.10,8.97,4.57,2.09
15.56,22.25,19.14,11.13,22.42,26.89,7.09,25.10,9.99,20.67,27.40,13.39,16.96,14.82,14.62,7.26,8.15
9.46,16.14,13.47,13.51,16.42,20.79,1.12,22.00,9.91,16.84,21.88,7.65,19.07,17.31,12.00,1.71,2.15
15.81,22.50,19.23,11.69,22.61,27.14,7.46,25.76,10.66,21.31,27.91,13.53,17.51,15.34,15.29,7.47,8.53
9.10,15.64,13.71,12.64,16.16,20.26,1.20,19.97,8.52,14.82,20.27,8.01,17.96,16.35,10.03,3.24,1.46
24.08,28.96,29.48,7.40,30.35,32.86,18.23,14.08,8.66,14.15,25.22,24.49,4.34,5.68,9.85,20.19,18.38
9.06,15.64,13.57,12.85,16.12,20.27,0.85,20.34,8.80,15.17,20.50,7.84,18.21,16.58,10.40,2.88,1.33
0.97,7.21,6.41,20.39,7.79,11.85,8.13,20.69,15.54,14.98,15.11,3.76,25.06,23.83,13.79,8.02,7.14
25.94,32.13,30.71,5.33,32.96,36.61,17.76,23.64,10.43,22.03,32.28,24.96,6.53,4.63,15.79,19.12,18.46
5.69,8.12,10.41,19.75,9.73,12.04,10.35,16.14,14.60,10.51,10.68,8.64,23.54,22.72,11.05,11.14,9.28
16.09,16.19,20.34,21.82,18.26,18.04,18.57,7.85,17.30,5.11,6.33,18.98,23.15,23.35,11.38,20.05,17.68
13.83,18.23,19.27,11.01,19.70,22.12,10.54,10.81,6.26,6.52,15.95,14.96,13.67,13.22,0.93,12.53,10.13
14.89,20.30,14.96,22.35,19.38,24.31,11.75,32.77,20.13,27.40,30.23,11.51,28.20,26.11,22.91,9.83,12.31
22.45,24.93,27.65,16.73,26.81,27.70,20.68,3.12,14.23,6.94,16.73,24.35,15.54,16.60,9.56,22.65,20.22
15.72,20.86,21.12,7.53,22.13,24.98,10.41,12.96,3.01,9.63,19.43,16.19,10.59,9.89,3.04,12.44,10.35
18.35,22.28,23.78,10.95,23.89,25.86,14.87,8.16,7.86,6.59,17.62,19.59,11.46,11.79,3.78,16.90,14.58
10.91,17.22,12.91,17.56,16.84,21.67,6.04,27.08,14.73,21.77,25.49,7.81,23.34,21.38,17.20,4.17,6.65
17.53,23.64,22.48,3.80,24.51,28.11,9.78,18.55,2.74,15.34,24.56,16.85,9.38,7.57,8.71,11.46,10.31
26.30,32.15,31.36,5.12,33.17,36.47,18.68,21.14,10.01,20.22,30.90,25.76,3.16,1.97,14.46,20.28,19.22
10.31,14.24,15.69,14.39,15.77,18.09,9.48,11.99,9.29,6.45,12.99,12.03,17.60,16.99,4.93,11.18,8.71
13.42,19.71,18.25,8.06,20.45,24.27,5.54,18.78,4.42,14.48,22.20,12.59,13.48,11.79,8.31,7.30,6.05
23.98,26.74,29.25,16.28,28.59,29.62,21.60,5.01,14.39,8.79,18.75,25.71,14.42,15.70,10.39,23.60,21.22
10.73,14.72,16.12,13.99,16.24,18.57,9.56,11.75,8.91,6.29,13.28,12.37,17.14,16.55,4.45,11.31,8.84
22.82,28.77,27.83,1.60,29.74,33.16,15.13,19.79,6.71,18.01,28.30,22.22,4.77,2.54,11.80,16.74,15.67
5.48,1.61,6.01,25.60,3.35,6.06,13.98,21.90,20.55,16.54,12.34,8.49,29.80,28.82,17.54,13.84,12.97
8.31,7.67,11.82,22.60,9.69,10.40,13.98,15.63,17.45,10.50,7.27,11.60,25.87,25.30,13.04,14.75,12.92
16.12,21.81,21.34,5.51,22.88,26.14,9.46,15.64,0.36,12.30,21.71,16.01,9.86,8.61,5.67,11.40,9.67
10.83,17.01,15.84,10.42,17.81,21.55,3.92,17.82,5.91,12.98,19.79,10.36,15.47,14.00,7.57,5.95,3.99
5.51,10.97,6.39,21.27,10.38,15.27,7.70,25.82,17.20,20.13,21.02,2.19,26.67,25.03,17.43,6.16,7.32
20.94,21.45,25.45,22.23,23.51,23.22,22.06,4.08,18.51,6.33,10.64,23.60,22.19,22.90,12.65,23.77,21.31
5.18,9.32,4.17,23.37,8.43,13.36,9.81,26.53,19.11,20.82,20.44,2.96,28.65,27.09,18.79,8.42,9.29
4.40,4.15,7.23,23.22,5.76,8.35,12.16,19.68,18.13,14.21,11.45,7.77,27.31,26.37,15.00,12.31,11.11
14.52,15.71,19.20,19.19,17.69,18.22,16.09,7.57,14.59,2.96,8.20,17.16,20.81,20.88,8.70,17.66,15.24
6.79,10.23,11.96,17.67,11.76,14.20,9.27,14.80,12.51,9.08,11.51,9.20,21.38,20.58,8.92,10.40,8.25
13.20,15.38,18.20,17.01,17.23,18.42,13.85,8.39,12.29,2.71,10.02,15.55,19.03,18.92,6.52,15.50,13.05
6.31,2.59,3.53,27.48,0.98,5.92,14.89,25.24,22.59,19.80,15.56,8.23,32.05,30.89,20.23,14.27,14.00
16.45,17.51,21.12,19.63,19.51,19.82,17.70,5.84,15.32,2.77,8.80,19.07,20.71,20.99,9.33,19.35,16.90
6.85,12.31,7.50,21.17,11.64,16.55,7.72,26.73,17.34,21.08,22.34,3.49,26.69,24.96,18.02,5.94,7.52
8.56,3.74,9.43,26.99,5.77,5.23,16.51,20.54,21.84,15.62,9.33,11.80,30.67,29.93,17.96,16.67,15.45
19.61,20.77,24.37,20.00,22.79,22.96,20.12,2.85,16.27,4.29,11.15,22.10,20.13,20.76,10.43,21.88,19.40
10.55,15.96,15.94,11.33,17.10,20.27,6.32,14.79,6.20,9.79,16.93,11.10,15.50,14.45,4.99,8.28,5.88
8.23,14.83,11.35,16.33,14.77,19.42,3.24,23.98,12.74,18.59,22.27,5.64,21.92,20.14,14.37,1.21,3.55
7.55,13.77,12.66,13.67,14.53,18.33,3.15,18.19,8.96,12.82,17.76,7.40,18.55,17.19,8.85,4.78,2.31
10.97,16.00,10.60,22.61,15.03,19.96,10.10,30.39,19.48,24.81,26.47,7.62,28.37,26.44,21.14,8.07,10.30
7.75,13.56,8.93,20.11,12.99,17.89,6.87,26.69,16.48,21.10,23.08,4.38,25.71,23.92,17.62,4.95,6.87
5.38,12.04,9.90,16.36,12.42,16.69,3.30,20.85,11.92,15.28,18.48,4.33,21.50,20.01,11.96,3.37,2.39
4.83,11.51,9.16,17.12,11.80,16.16,3.92,21.37,12.70,15.77,18.50,3.55,22.27,20.78,12.65,3.64,3.09
16.86,15.28,20.25,25.70,17.38,16.09,21.01,11.32,21.02,9.18,2.87,20.07,27.22,27.38,15.20,22.24,20.03
9.81,13.96,15.21,14.29,15.43,17.91,8.85,12.63,9.16,7.10,13.32,11.43,17.70,17.01,5.20,10.54,8.08
20.06,24.89,25.49,6.94,26.28,28.82,14.69,12.14,5.59,10.85,21.72,20.62,7.26,7.44,5.82,16.70,14.72
23.34,28.46,28.70,5.86,29.77,32.48,17.12,14.95,7.50,14.46,25.43,23.57,3.59,4.42,9.55,19.04,17.33
18.33,24.36,23.32,2.92,25.27,28.80,10.68,18.34,2.85,15.39,24.89,17.72,8.46,6.66,8.79,12.37,11.18
12.24,18.63,16.99,9.36,19.30,23.21,4.22,19.22,5.60,14.64,21.76,11.31,14.78,13.11,8.79,6.01,4.76
23.17,28.56,28.46,4.33,29.78,32.71,16.48,16.38,6.92,15.47,26.29,23.16,2.86,2.90,10.05,18.33,16.79
5.70,8.52,10.58,19.26,10.08,12.50,9.93,15.99,14.11,10.33,11.01,8.52,23.07,22.24,10.63,10.77,8.86
25.81,31.46,30.98,5.07,32.58,35.70,18.53,19.48,9.40,18.80,29.61,25.49,1.43,1.23,13.30,20.25,18.99
22.30,27.80,27.56,3.38,28.97,31.99,15.47,16.56,5.96,15.28,25.95,22.21,3.65,2.99,9.56,17.31,15.80
15.28,12.32,17.77,27.65,14.36,12.41,20.95,15.11,22.70,12.06,1.13,18.64,29.83,29.74,17.26,21.85,19.90
15.85,15.92,20.08,21.85,17.99,17.78,18.43,8.09,17.30,5.20,6.14,18.76,23.24,23.42,11.39,19.89,17.53
4.27,10.21,6.28,20.52,9.86,14.66,6.98,24.42,16.27,18.73,19.72,0.88,25.80,24.24,16.18,5.74,6.44
14.78,21.23,17.01,16.19,20.92,25.72,8.13,28.64,14.55,23.71,28.71,11.83,22.03,19.89,18.31,6.95,9.07
25.15,30.79,30.32,4.50,31.91,35.03,17.91,19.03,8.74,18.22,29.00,24.85,1.54,0.76,12.66,19.64,18.35
16.30,21.49,16.00,23.73,20.46,25.37,13.38,34.40,21.66,29.03,31.72,12.92,29.57,27.45,24.53,11.47,13.95
13.05,17.02,18.46,12.63,18.57,20.77,10.87,10.19,7.82,5.32,14.32,14.52,15.21,14.82,2.34,12.78,10.31
17.25,23.83,21.51,7.27,24.30,28.45,8.61,22.84,7.06,19.03,27.09,15.69,13.09,10.93,12.55,9.60,9.51
20.31,26.85,24.60,6.20,27.37,31.46,11.68,23.97,8.18,20.73,29.49,18.77,11.56,9.28,14.12,12.67,12.57
6.05,11.84,11.42,15.37,12.78,16.33,5.05,17.42,10.43,11.83,15.72,6.83,19.92,18.73,9.03,6.25,4.03
21.60,26.81,26.94,4.88,28.09,30.89,15.34,14.66,5.72,13.51,24.31,21.78,4.76,4.77,8.11,17.27,15.54
1.97,8.10,7.40,19.37,8.78,12.72,7.32,19.98,14.50,14.26,15.10,4.05,24.02,22.80,12.81,7.41,6.30
8.32,14.85,11.15,16.85,14.71,19.41,3.85,24.56,13.33,19.14,22.62,5.55,22.47,20.67,14.97,1.81,4.14
21.29,22.44,26.06,20.58,24.46,24.54,21.56,1.95,17.15,5.77,12.41,23.75,20.23,21.04,11.48,23.36,20.88
5.88,12.57,10.11,16.27,12.84,17.21,2.90,21.45,11.98,15.92,19.24,4.38,21.51,19.96,12.37,2.66,2.18
12.30,18.19,13.30,19.75,17.53,22.45,8.54,29.55,17.17,24.19,27.37,8.98,25.58,23.56,19.72,6.62,9.09
17.38,24.02,21.36,8.63,24.38,28.67,8.70,24.21,8.50,20.25,27.96,15.55,14.40,12.21,13.85,9.38,9.68
3.14,7.46,3.38,22.93,6.91,11.77,9.61,24.70,18.41,18.99,18.25,2.45,28.00,26.56,17.46,8.62,8.89
22.40,28.69,27.08,3.44,29.44,33.22,14.11,22.41,7.64,19.99,29.70,21.31,7.92,5.63,13.47,15.44,14.84
20.34,24.49,25.79,9.97,26.06,28.12,16.16,9.18,7.99,8.70,19.79,21.37,9.52,10.15,5.59,18.20,15.99
12.07,18.76,15.77,12.42,18.95,23.40,3.70,23.44,9.75,18.57,24.36,9.98,18.20,16.25,13.11,3.81,4.77
5.90,11.45,6.85,21.04,10.86,15.75,7.49,25.96,17.04,20.29,21.39,2.54,26.48,24.81,17.44,5.87,7.17
7.17,12.31,12.62,14.93,13.49,16.64,6.32,15.71,9.84,10.12,14.63,8.41,19.13,18.10,7.61,7.76,5.39
18.08,20.87,23.32,14.89,22.68,23.93,16.53,4.71,11.31,3.24,14.24,19.95,15.29,15.76,5.77,18.46,16.00
17.04,18.83,21.98,17.78,20.77,21.47,17.18,4.56,13.70,1.35,10.97,19.38,18.59,18.95,7.75,18.95,16.47
21.55,27.41,26.63,0.78,28.42,31.77,14.07,18.53,5.30,16.57,26.82,21.08,5.15,3.26,10.32,15.77,14.55
24.58,29.74,29.93,6.27,31.04,33.77,18.21,15.84,8.59,15.63,26.64,24.75,2.56,3.97,10.83,20.11,18.46
21.49,22.45,26.20,21.19,24.49,24.44,21.98,2.53,17.73,6.16,12.12,24.01,20.85,21.67,12.02,23.76,21.28
8.49,13.79,13.92,13.46,14.94,18.12,6.01,15.29,8.36,9.88,15.55,9.38,17.67,16.62,6.46,7.72,5.24
22.86,25.19,28.02,17.40,27.09,27.86,21.26,2.81,14.90,7.21,16.65,24.82,16.12,17.22,10.17,23.23,20.79
6.32,10.68,5.37,23.23,9.73,14.66,9.67,27.38,19.18,21.67,21.71,3.55,28.65,27.00,19.27,8.08,9.30
2.91,4.18,5.71,23.04,5.21,8.77,11.25,20.92,18.04,15.33,13.17,6.18,27.41,26.34,15.46,11.17,10.24
5.00,2.56,6.43,24.72,4.26,6.88,13.31,21.03,19.65,15.63,11.90,8.19,28.88,27.91,16.59,13.27,12.28
12.19,5.78,11.34,31.31,6.89,2.76,20.55,23.79,26.16,19.30,10.92,15.13,34.94,34.23,22.18,20.52,19.51
14.81,11.65,17.16,27.77,13.69,11.69,20.71,15.67,22.78,12.43,1.80,18.18,30.08,29.93,17.43,21.56,19.66
12.43,19.04,15.35,14.59,18.95,23.62,5.18,25.78,12.22,20.78,25.86,9.79,20.42,18.39,15.52,4.21,6.15
14.50,21.08,18.82,8.68,21.55,25.70,5.87,21.68,6.63,17.39,24.77,13.01,14.48,12.51,11.21,7.00,6.76
9.30,7.35,12.17,24.23,9.45,9.38,15.54,16.31,19.09,11.49,6.29,12.67,27.40,26.88,14.54,16.21,14.47
17.60,22.13,23.05,8.80,23.59,25.98,13.16,10.48,5.51,8.19,18.87,18.47,10.16,10.11,2.98,15.20,12.99
10.30,10.07,14.19,21.92,12.11,12.48,14.81,13.29,16.85,8.38,5.96,13.46,24.72,24.34,11.86,15.85,13.78
3.59,6.87,2.45,23.84,6.13,11.04,10.54,25.15,19.28,19.45,18.18,3.38,28.87,27.45,18.18,9.55,9.82
8.79,2.15,7.01,29.30,2.54,2.58,17.45,24.66,24.25,19.56,13.42,11.32,33.48,32.52,21.11,17.11,16.48
5.14,10.58,6.04,21.39,9.99,14.88,7.81,25.62,17.25,19.93,20.67,1.89,26.75,25.13,17.34,6.35,7.38
5.53,12.18,10.07,16.19,12.57,16.83,3.15,20.76,11.76,15.21,18.51,4.50,21.33,19.84,11.82,3.31,2.23
19.44,22.55,24.76,13.89,24.32,25.72,17.13,5.15,10.85,5.12,16.10,21.10,13.74,14.38,5.98,19.12,16.70
23.53,26.87,28.91,13.97,28.62,30.04,20.32,6.88,12.47,9.31,19.96,24.97,12.00,13.28,9.24,22.35,20.04
15.53,22.03,20.01,7.32,22.60,26.64,7.02,21.18,5.70,17.17,25.07,14.21,13.14,11.14,10.79,8.29,7.83
9.41,13.88,8.32,23.66,12.78,17.69,10.51,29.83,20.12,24.17,24.91,6.27,29.30,27.48,21.10,8.57,10.46
12.68,6.14,11.49,32.04,7.01,2.43,21.13,24.61,26.90,20.13,11.66,15.54,35.72,35.00,22.97,21.04,20.10
5.23,10.84,6.41,21.01,10.31,15.18,7.44,25.46,16.90,19.78,20.73,1.88,26.39,24.76,17.08,5.95,7.03
4.31,10.24,6.29,20.54,9.89,14.69,6.99,24.47,16.29,18.78,19.77,0.93,25.82,24.25,16.22,5.73,6.46
25.18,30.89,30.32,4.30,31.98,35.17,17.81,19.52,8.79,18.60,29.33,24.80,2.05,0.49,12.93,19.51,18.28
17.47,20.84,22.83,13.04,22.55,24.19,15.13,6.50,9.43,4.32,15.39,19.07,13.75,14.06,4.07,17.10,14.68
8.65,15.35,12.53,14.45,15.55,19.99,1.27,22.29,10.73,17.02,21.55,6.71,19.97,18.24,12.47,0.82,1.94
23.17,28.56,28.45,4.28,29.78,32.71,16.46,16.43,6.90,15.51,26.32,23.15,2.86,2.86,10.07,18.31,16.77
12.18,6.63,12.49,29.95,8.28,5.18,20.05,21.35,24.79,17.05,8.32,15.39,33.27,32.70,20.42,20.28,18.99
22.37,22.15,26.57,24.85,24.24,23.41,24.22,6.43,21.09,8.72,10.24,25.22,24.74,25.50,15.19,25.85,23.41
7.12,1.37,5.13,28.01,0.80,4.47,15.80,24.63,23.02,19.31,14.30,9.46,32.38,31.32,20.27,15.35,14.86
5.89,11.65,7.21,20.55,11.13,16.01,7.01,25.65,16.57,19.99,21.33,2.51,26.00,24.33,17.03,5.39,6.70
11.38,16.30,16.82,11.50,17.60,20.43,7.96,13.14,6.36,8.20,15.98,12.30,15.14,14.31,3.55,9.90,7.47
12.22,16.79,17.67,11.65,18.20,20.78,9.21,11.90,6.62,7.07,15.46,13.36,14.84,14.19,2.53,11.15,8.71
4.81,4.48,1.45,25.96,3.36,8.30,12.98,25.37,21.20,19.77,16.87,6.04,30.76,29.47,19.42,12.18,12.16
15.42,13.10,18.33,26.56,15.18,13.61,20.51,13.59,21.68,10.68,0.43,18.74,28.56,28.53,16.11,21.54,19.48
21.38,23.14,26.36,18.75,25.10,25.57,20.79,0.28,15.60,5.51,14.00,23.61,18.17,19.04,10.19,22.68,20.20
23.79,27.34,29.19,13.20,29.05,30.62,20.20,7.89,12.02,10.01,20.80,25.10,11.02,12.35,9.28,22.24,19.98
6.23,12.67,9.01,18.23,12.50,17.21,4.68,24.09,14.27,18.52,21.01,3.34,23.67,22.00,15.05,3.10,4.45
15.56,21.94,20.24,6.50,22.62,26.51,7.29,20.04,4.49,16.14,24.36,14.49,12.24,10.33,9.69,8.79,7.98
23.23,29.07,28.31,2.15,30.09,33.41,15.71,19.26,6.94,17.73,28.18,22.75,3.87,1.70,11.68,17.38,16.21
20.89,21.74,25.54,21.28,23.78,23.70,21.60,3.03,17.67,5.78,11.38,23.45,21.14,21.88,11.88,23.35,20.88
23.20,29.28,28.10,2.32,30.17,33.72,15.25,21.03,7.43,19.12,29.28,22.42,5.65,3.35,12.81,16.76,15.87
13.23,19.87,16.23,14.06,19.81,24.46,5.68,25.93,11.97,21.03,26.44,10.65,19.90,17.84,15.58,4.94,6.70
11.50,6.76,12.56,28.43,8.66,6.44,18.97,19.66,23.28,15.33,6.95,14.82,31.65,31.12,18.79,19.35,17.90
14.28,20.96,18.09,10.77,21.21,25.61,5.68,23.74,8.97,19.22,25.87,12.29,16.61,14.55,13.27,6.12,6.73
7.83,13.98,9.68,18.93,13.57,18.41,5.76,25.91,15.35,20.38,22.89,4.60,24.54,22.75,16.65,3.80,5.84
9.99,9.58,13.76,22.20,11.62,11.99,14.78,13.79,17.11,8.87,6.01,13.19,25.08,24.67,12.22,15.76,13.74
25.05,25.45,29.56,24.46,27.53,26.97,25.84,5.47,21.32,10.01,13.93,27.69,23.48,24.55,15.76,27.61,25.13
12.43,10.30,15.37,25.16,12.40,11.43,17.94,14.53,20.12,10.51,3.09,15.76,27.72,27.45,14.94,18.84,16.89
20.25,21.40,25.01,20.20,23.42,23.56,20.65,2.40,16.58,4.83,11.61,22.72,20.14,20.84,10.80,22.43,19.95
9.12,4.02,9.80,27.53,5.97,4.92,17.10,20.77,22.38,15.94,9.21,12.34,31.17,30.45,18.44,17.26,16.04
21.12,24.39,26.48,13.56,26.15,27.59,18.31,5.74,11.18,6.95,17.83,22.66,12.66,13.56,7.12,20.32,17.96
8.92,12.45,14.19,16.07,14.02,16.26,9.63,12.83,10.93,7.13,11.77,11.00,19.43,18.77,6.76,11.11,8.73
21.49,26.79,26.81,4.38,28.03,30.91,15.08,15.08,5.45,13.80,24.53,21.60,4.67,4.45,8.23,16.99,15.31
14.31,14.95,18.76,20.40,16.97,17.22,16.61,8.45,15.73,4.28,6.87,17.12,22.13,22.17,9.90,18.08,15.72
17.01,17.57,21.48,20.94,19.61,19.59,18.75,6.21,16.62,4.07,7.93,19.75,21.94,22.26,10.63,20.34,17.92
5.74,11.16,11.19,16.01,12.22,15.59,6.01,16.94,10.99,11.29,14.76,7.02,20.40,19.29,9.05,7.13,4.98
10.81,4.29,9.82,30.37,5.38,1.92,19.28,23.79,25.24,19.06,11.48,13.68,34.18,33.39,21.51,19.17,18.25
11.68,14.37,16.80,16.29,16.14,17.72,12.18,9.94,11.38,4.22,10.69,13.91,18.81,18.50,5.99,13.80,11.36
15.13,20.01,20.56,8.77,21.36,24.04,10.51,11.98,4.20,8.41,18.19,15.84,11.58,11.01,1.80,12.54,10.32
10.21,16.81,13.19,15.46,16.73,21.40,3.78,24.83,12.40,19.60,23.98,7.57,21.19,19.29,14.85,2.21,4.54
18.31,23.20,23.73,7.07,24.56,27.18,13.06,12.06,4.38,9.94,20.54,18.88,8.61,8.40,4.27,15.08,13.03
5.03,11.63,9.77,16.47,12.09,16.28,3.70,20.38,11.92,14.79,17.88,4.37,21.51,20.07,11.66,3.96,2.72
11.50,13.26,16.32,18.28,15.15,16.27,13.36,10.24,13.35,4.74,8.72,14.10,20.74,20.47,7.96,14.82,12.46
10.81,16.57,16.08,10.60,17.58,20.98,5.41,15.92,5.62,11.05,18.20,10.94,15.14,13.92,5.80,7.43,5.15
3.69,8.38,9.01,18.80,9.51,12.80,8.02,17.93,13.76,12.21,13.34,6.15,23.10,22.04,11.30,8.59,6.94
18.21,20.05,23.18,17.77,21.99,22.65,18.03,3.37,13.95,2.36,11.85,20.49,18.20,18.70,8.11,19.85,17.37
23.00,23.50,27.53,23.15,25.57,25.16,23.88,4.22,19.75,8.06,12.33,25.64,22.60,23.50,14.05,25.64,23.16
24.25,26.13,29.29,19.46,28.08,28.52,23.13,2.86,16.99,8.39,16.66,26.37,17.95,19.16,12.15,25.07,22.61
8.68,13.78,14.13,13.58,14.99,18.04,6.55,14.78,8.45,9.35,15.11,9.74,17.64,16.66,6.14,8.25,5.78
12.03,17.94,17.20,9.25,18.89,22.38,5.67,16.43,4.41,11.87,19.53,11.88,14.00,12.66,6.03,7.69,5.68
15.87,22.56,19.43,11.08,22.72,27.20,7.39,25.27,10.09,20.89,27.68,13.68,16.90,14.74,14.80,7.57,8.46
7.76,14.18,12.64,13.60,14.81,18.79,2.14,19.12,9.10,13.79,18.72,7.15,18.67,17.21,9.59,3.82,1.34
20.79,26.16,26.10,3.98,27.38,30.32,14.31,15.18,4.68,13.60,24.22,20.86,5.25,4.72,7.81,16.22,14.55
12.64,19.20,15.35,15.15,19.04,23.76,5.71,26.40,12.86,21.37,26.30,9.89,20.98,18.94,16.16,4.57,6.65
7.86,14.07,12.96,13.36,14.84,18.62,3.12,18.09,8.65,12.76,17.91,7.69,18.24,16.87,8.65,4.85,2.37
8.84,14.77,10.13,19.60,14.21,19.10,6.74,27.12,16.22,21.59,24.04,5.51,25.28,23.43,17.77,4.72,6.93
18.81,23.84,24.20,6.22,25.17,27.88,13.19,12.84,4.08,10.84,21.43,19.23,7.80,7.51,5.08,15.19,13.24
21.08,27.22,25.94,1.59,28.07,31.69,13.09,20.37,5.69,17.93,27.73,20.25,7.10,4.91,11.43,14.60,13.71
2.05,7.35,7.38,19.92,8.23,11.93,8.23,19.54,14.97,13.83,14.14,4.84,24.42,23.27,12.86,8.41,7.19
12.84,8.26,14.06,28.97,10.14,7.60,20.04,19.15,23.84,15.15,5.86,16.18,31.95,31.53,19.09,20.52,18.97
10.05,13.46,15.32,15.59,15.08,17.16,10.25,11.76,10.51,6.08,11.77,12.08,18.68,18.13,5.88,11.84,9.41
19.96,20.47,24.46,21.91,22.52,22.28,21.25,4.44,18.03,5.64,9.83,22.65,22.12,22.74,12.11,22.93,20.47
14.54,15.85,19.27,18.91,17.82,18.42,15.95,7.43,14.33,2.68,8.49,17.14,20.52,20.59,8.43,17.54,15.12
23.53,29.50,28.51,2.33,30.45,33.89,15.76,20.38,7.45,18.70,29.04,22.88,4.62,2.33,12.53,17.34,16.33
3.41,3.34,4.99,23.99,4.21,7.98,11.99,21.79,19.01,16.24,13.52,6.43,28.40,27.31,16.47,11.77,11.01
7.52,13.98,10.20,17.60,13.79,18.52,4.31,24.59,13.92,19.09,22.11,4.63,23.17,21.41,15.22,2.39,4.39
20.91,26.98,25.85,0.96,27.88,31.42,13.06,19.71,5.22,17.33,27.22,20.19,6.70,4.59,10.86,14.64,13.64
14.50,12.35,17.50,25.89,14.44,13.10,19.60,13.55,20.96,10.28,1.17,17.81,28.03,27.94,15.47,20.62,18.57
12.59,17.47,11.94,23.50,16.40,21.31,11.43,31.93,20.62,26.38,28.11,9.26,29.30,27.32,22.56,9.39,11.71
11.92,18.60,15.81,11.96,18.86,23.25,3.37,22.79,9.14,17.94,23.89,9.99,17.71,15.79,12.45,3.84,4.43
23.99,26.32,29.16,17.81,28.23,28.97,22.25,3.64,15.60,8.35,17.61,25.92,16.16,17.40,11.11,24.23,21.80
11.31,6.89,12.62,27.92,8.85,6.91,18.62,19.10,22.77,14.75,6.54,14.65,31.10,30.58,18.23,19.04,17.55
19.54,22.47,24.82,14.55,24.27,25.54,17.52,4.49,11.46,4.80,15.65,21.30,14.37,15.04,6.43,19.49,17.06
22.30,28.73,26.79,4.92,29.37,33.30,13.81,23.72,8.49,21.04,30.43,20.98,9.52,7.23,14.45,14.96,14.62
17.56,24.22,21.48,8.93,24.54,28.87,8.89,24.60,8.88,20.63,28.29,15.67,14.67,12.46,14.24,9.50,9.89
13.88,19.27,19.24,8.30,20.44,23.51,8.42,14.07,3.16,10.04,18.97,14.21,12.16,11.19,3.61,10.45,8.33
24.46,30.52,29.36,3.44,31.43,34.95,16.50,21.66,8.60,20.01,30.31,23.67,5.20,3.02,13.81,17.99,17.13
9.07,5.48,10.87,26.02,7.57,7.02,16.36,18.66,20.86,13.85,7.55,12.43,29.44,28.82,16.63,16.76,15.28
28.22,34.20,33.17,7.03,35.16,38.58,20.33,23.45,12.12,22.60,33.27,27.49,5.18,4.35,16.81,21.82,20.95
12.74,14.81,17.70,17.35,16.67,17.84,13.70,8.86,12.56,3.23,9.62,15.15,19.50,19.34,6.88,15.31,12.87
10.02,16.51,14.69,11.65,17.09,21.12,2.04,19.66,7.59,14.65,20.64,9.00,16.99,15.37,9.52,4.01,2.46
15.52,20.01,20.97,9.80,21.47,23.89,11.58,10.57,5.52,7.15,17.29,16.50,12.00,11.69,0.89,13.61,11.30
21.41,27.02,26.62,2.44,28.15,31.28,14.41,16.87,5.01,15.19,25.67,21.22,4.61,3.43,9.18,16.22,14.77
2.36,7.27,7.61,19.94,8.24,11.81,8.45,19.22,14.96,13.51,13.76,5.23,24.37,23.26,12.70,8.70,7.40
4.56,7.15,9.19,20.33,8.65,11.27,10.14,17.36,15.21,11.73,11.36,7.65,24.32,23.42,12.01,10.72,9.07
15.87,22.44,18.49,14.77,22.26,27.00,8.47,28.27,13.60,23.55,29.23,13.11,20.58,18.40,17.83,7.69,9.50
11.50,14.21,16.62,16.33,15.97,17.57,12.05,10.12,11.39,4.40,10.67,13.73,18.90,18.56,6.06,13.66,11.23
11.02,14.75,16.37,14.36,16.32,18.50,10.16,11.22,9.33,5.71,12.79,12.78,17.34,16.82,4.53,11.90,9.42
17.40,22.61,22.77,6.12,23.87,26.74,11.63,13.42,2.72,10.75,20.94,17.73,8.82,8.18,4.43,13.63,11.68
15.98,20.82,21.41,8.36,22.19,24.83,11.24,11.77,4.16,8.59,18.67,16.68,10.84,10.38,2.16,13.27,11.08
26.45,32.61,31.25,5.69,33.46,37.08,18.31,23.73,10.82,22.25,32.58,25.51,6.31,4.57,16.08,19.69,19.00
15.17,12.85,18.08,26.45,14.94,13.40,20.30,13.66,21.55,10.64,0.51,18.49,28.49,28.44,16.00,21.32,19.27
22.96,23.69,27.59,22.48,25.74,25.48,23.56,3.49,19.17,7.74,12.81,25.53,21.85,22.78,13.53,25.35,22.87
13.84,19.11,19.22,8.62,20.32,23.31,8.67,13.62,3.53,9.56,18.56,14.28,12.30,11.40,3.15,10.70,8.53
25.97,31.44,31.22,5.85,32.63,35.59,19.01,18.43,9.61,18.08,29.01,25.84,0.04,2.28,12.90,20.79,19.39
20.57,22.47,25.59,18.08,24.41,25.00,19.91,1.15,14.82,4.70,13.72,22.76,17.72,18.51,9.34,21.79,19.32
9.37,12.16,14.45,17.11,13.87,15.72,10.88,12.21,12.01,6.51,10.48,11.74,20.22,19.67,7.39,12.30,9.96
23.42,28.93,28.65,3.75,30.10,33.13,16.47,17.28,7.04,16.25,27.00,23.28,2.55,2.03,10.66,18.28,16.84
17.59,17.89,21.96,21.73,19.95,19.73,19.55,6.36,17.44,4.87,7.64,20.39,22.63,22.99,11.46,21.12,18.70
11.92,6.73,12.58,29.27,8.50,5.81,19.60,20.53,24.11,16.24,7.60,15.18,32.53,31.99,19.68,19.90,18.53
15.72,22.40,18.93,12.58,22.42,27.02,7.59,26.44,11.48,21.90,28.22,13.29,18.39,16.23,15.97,7.35,8.66
2.64,9.16,7.81,18.60,9.69,13.80,6.18,20.35,13.84,14.65,16.17,3.48,23.41,22.10,12.63,6.20,5.19
8.10,4.89,10.05,25.38,6.99,7.09,15.45,18.76,20.22,13.78,8.28,11.46,28.93,28.24,16.18,15.82,14.38
15.01,16.66,19.87,18.09,18.60,19.35,15.84,6.69,13.62,1.64,9.50,17.48,19.55,19.67,7.66,17.51,15.06
16.93,23.53,21.10,7.88,23.96,28.17,8.26,23.16,7.46,19.24,27.10,15.27,13.70,11.55,12.82,9.15,9.19
23.43,29.09,28.61,3.04,30.20,33.35,16.23,18.17,7.03,16.95,27.59,23.15,2.84,1.37,11.15,17.98,16.66
23.13,23.57,27.63,23.40,25.63,25.18,24.08,4.47,19.99,8.27,12.30,25.79,22.85,23.76,14.28,25.83,23.36
11.44,18.01,14.24,15.35,17.88,22.58,4.77,25.69,12.67,20.56,25.19,8.72,21.15,19.17,15.56,3.43,5.63
8.72,9.95,13.19,19.96,11.83,13.12,12.51,13.48,14.83,8.05,8.27,11.67,23.08,22.55,10.23,13.60,11.49
9.35,2.84,7.13,30.01,2.70,2.24,18.03,25.43,24.97,20.34,14.04,11.75,34.23,33.25,21.89,17.63,17.07
20.78,26.85,25.72,1.03,27.75,31.30,12.93,19.67,5.12,17.26,27.13,20.06,6.80,4.70,10.78,14.52,13.51
19.07,23.71,24.51,7.97,25.15,27.57,14.20,11.04,5.68,9.46,20.31,19.81,8.67,8.80,4.57,16.23,14.12
24.48,30.53,29.40,3.40,31.44,34.94,16.56,21.50,8.56,19.89,30.22,23.72,4.99,2.80,13.72,18.07,17.18
15.62,21.93,20.38,6.15,22.66,26.48,7.50,19.50,3.90,15.66,24.04,14.67,11.82,9.97,9.17,9.09,8.13
17.21,22.69,22.51,5.20,23.85,26.93,10.88,14.73,1.47,11.85,21.76,17.28,8.76,7.77,5.34,12.84,11.04
24.33,30.23,29.36,3.12,31.22,34.59,16.66,20.32,8.12,18.93,29.41,23.75,3.77,1.51,12.91,18.27,17.21
3.80,7.98,8.98,19.23,9.21,12.35,8.60,17.78,14.16,12.07,12.80,6.50,23.45,22.43,11.49,9.17,7.53
13.81,19.39,19.11,7.94,20.49,23.70,7.88,14.89,2.79,10.83,19.57,13.94,12.15,11.03,4.43,9.91,7.88
9.24,4.80,10.44,26.94,6.83,5.90,16.91,19.77,21.79,14.98,8.27,12.54,30.46,29.80,17.68,17.19,15.84
19.63,26.13,24.04,5.52,26.70,30.73,11.07,23.00,7.18,19.73,28.54,18.22,11.09,8.84,13.12,12.18,11.92
20.72,24.42,26.13,11.84,26.09,27.84,17.25,7.39,9.64,7.68,18.75,22.02,11.10,11.90,6.22,19.29,16.99
23.80,25.98,28.93,18.24,27.90,28.56,22.29,3.07,15.88,8.05,17.06,25.80,16.72,17.92,11.21,24.26,21.82
23.61,29.76,28.44,3.05,30.61,34.22,15.53,21.85,8.06,19.89,29.99,22.72,6.18,3.91,13.55,16.97,16.19
12.78,16.80,18.19,12.66,18.34,20.57,10.62,10.44,7.80,5.50,14.30,14.24,15.34,14.91,2.48,12.52,10.05
5.27,7.16,1.48,25.42,5.92,10.83,12.01,26.77,20.92,21.08,19.24,4.80,30.51,29.06,19.90,10.85,11.34
11.53,10.85,15.25,22.67,12.93,12.87,16.02,12.80,17.65,8.27,4.78,14.71,25.22,24.94,12.43,17.10,15.00
12.87,18.10,18.26,9.54,19.32,22.31,8.08,13.65,4.40,9.25,17.81,13.40,13.31,12.39,3.25,10.11,7.84
25.07,30.67,30.26,4.57,31.80,34.89,17.90,18.74,8.66,17.97,28.77,24.81,1.34,0.97,12.46,19.64,18.32
2.54,5.62,2.91,23.57,5.28,10.02,10.62,23.83,18.85,18.16,16.59,3.89,28.41,27.10,17.29,9.91,9.77
11.84,18.16,13.81,17.42,17.77,22.61,6.57,27.62,14.84,22.38,26.34,8.75,23.24,21.23,17.62,4.83,7.28
21.73,25.03,27.09,13.59,26.78,28.22,18.79,5.98,11.45,7.56,18.38,23.24,12.42,13.42,7.62,20.82,18.47
24.11,27.01,29.42,15.85,28.84,29.95,21.52,5.56,14.11,9.11,19.22,25.77,13.87,15.19,10.33,23.53,21.17
14.52,18.05,19.88,13.20,19.71,21.57,12.65,8.42,8.74,3.90,13.96,16.17,15.09,14.98,2.76,14.56,12.10
1.74,5.74,6.19,21.54,6.61,10.35,9.69,20.40,16.58,14.74,13.79,5.12,26.01,24.89,14.29,9.66,8.67
18.93,25.46,23.27,6.15,25.99,30.08,10.33,23.09,7.21,19.64,28.20,17.45,11.82,9.59,13.05,11.38,11.20
10.69,8.56,13.54,24.69,10.67,10.11,16.62,15.57,19.58,11.06,4.88,14.04,27.60,27.19,14.74,17.39,15.56
21.19,27.65,25.63,5.13,28.26,32.24,12.66,23.50,7.95,20.56,29.70,19.81,10.24,7.95,13.94,13.78,13.49
16.46,21.00,21.91,9.19,22.45,24.87,12.22,10.59,5.30,7.67,18.08,17.36,11.08,10.86,1.86,14.25,12.00
19.15,22.32,24.48,13.69,24.08,25.52,16.81,5.37,10.58,5.00,16.03,20.80,13.66,14.26,5.66,18.80,16.38
7.56,0.87,6.48,27.95,2.30,3.78,16.19,23.58,22.90,18.39,12.86,10.26,32.13,31.16,19.79,15.92,15.21
21.53,27.26,26.68,1.66,28.33,31.56,14.29,17.67,5.14,15.87,26.26,21.21,4.72,3.16,9.75,16.06,14.71
9.31,2.72,7.27,29.88,2.81,2.15,17.98,25.16,24.83,20.08,13.73,11.77,34.06,33.10,21.69,17.61,17.02
22.07,25.93,27.50,11.41,27.57,29.39,18.16,8.44,9.93,9.25,20.30,23.23,9.96,11.00,7.40,20.20,17.97
2.18,8.58,5.84,20.40,8.60,13.17,7.24,22.68,15.83,16.97,17.57,1.30,25.42,24.00,14.99,6.56,6.44
15.35,20.53,15.07,23.38,19.52,24.44,12.66,33.63,21.14,28.22,30.78,11.97,29.23,27.13,23.84,10.71,13.18
23.66,25.63,28.73,18.92,27.58,28.09,22.49,2.45,16.38,7.82,16.39,25.76,17.54,18.70,11.50,24.43,21.97
24.79,30.50,29.93,3.95,31.59,34.78,17.44,19.29,8.40,18.29,28.99,24.42,2.19,0.12,12.57,19.14,17.90
5.08,11.46,7.87,19.00,11.29,16.00,5.43,23.84,14.86,18.21,20.12,2.13,24.35,22.74,15.16,4.13,4.98
20.66,20.86,25.04,22.99,22.94,22.46,22.23,5.16,19.13,6.71,9.69,23.43,23.12,23.78,13.20,23.89,21.44
15.26,21.83,17.88,14.81,21.65,26.38,7.92,27.91,13.42,23.12,28.67,12.49,20.64,18.48,17.49,7.09,8.94
8.21,4.29,9.70,26.06,6.38,6.26,15.87,19.56,20.91,14.60,8.75,11.53,29.69,28.97,16.96,16.14,14.80
7.32,13.98,11.62,14.82,14.33,18.63,1.38,21.12,10.67,15.73,19.94,5.87,20.14,18.54,11.61,1.93,0.81
8.08,14.02,13.33,13.21,14.93,18.52,4.07,17.13,8.33,11.79,17.17,8.27,17.89,16.62,7.80,5.82,3.34
27.84,33.77,32.83,6.63,34.76,38.13,20.04,22.78,11.65,21.97,32.67,27.18,4.50,3.73,16.22,21.57,20.63
15.57,15.29,19.62,22.54,17.37,16.99,18.59,8.99,17.91,6.04,5.21,18.56,24.07,24.20,12.05,19.98,17.66
9.82,9.97,13.86,21.37,11.97,12.61,14.16,13.31,16.28,8.24,6.61,12.93,24.25,23.83,11.39,15.21,13.13
16.23,17.55,21.00,18.96,19.53,20.00,17.20,5.73,14.65,2.10,9.31,18.77,20.07,20.33,8.66,18.87,16.41
22.95,23.68,27.58,22.47,25.73,25.47,23.55,3.49,19.16,7.73,12.80,25.52,21.84,22.77,13.52,25.33,22.85
20.96,27.46,25.33,5.61,28.03,32.06,12.39,23.80,8.15,20.75,29.75,19.51,10.79,8.50,14.13,13.44,13.24
17.62,24.11,22.08,6.02,24.69,28.71,9.10,21.91,6.04,18.30,26.74,16.27,11.85,9.72,11.75,10.29,9.92
11.48,13.92,16.52,16.90,15.72,17.19,12.43,10.10,11.97,4.40,10.09,13.83,19.43,19.12,6.61,14.00,11.58
21.10,26.72,26.31,2.42,27.84,30.98,14.12,16.75,4.70,14.98,25.43,20.91,4.91,3.72,8.93,15.94,14.47
7.29,13.80,12.06,14.18,14.36,18.42,1.95,19.65,9.74,14.27,18.82,6.52,19.31,17.82,10.22,3.35,0.93
22.81,23.65,27.47,22.07,25.69,25.52,23.27,3.07,18.78,7.47,12.94,25.34,21.42,22.35,13.17,25.07,22.59
10.65,17.33,14.14,13.91,17.42,21.96,2.92,23.69,10.86,18.59,23.63,8.38,19.63,17.74,13.56,2.28,3.90
12.87,6.23,11.36,32.51,6.88,2.05,21.40,25.33,27.37,20.81,12.41,15.63,36.26,35.50,23.54,21.24,20.38
22.80,27.74,28.19,6.60,29.11,31.69,16.94,13.76,7.39,13.35,24.36,23.19,4.74,5.58,8.69,18.90,17.08
12.97,6.40,11.69,32.37,7.21,2.51,21.43,24.90,27.23,20.44,11.88,15.80,36.06,35.33,23.30,21.33,20.41
11.94,18.23,13.84,17.57,17.82,22.67,6.75,27.81,15.02,22.56,26.48,8.83,23.40,21.38,17.80,5.00,7.45
15.61,18.36,20.82,15.15,20.16,21.51,14.69,6.41,10.92,1.71,12.56,17.60,16.46,16.60,4.94,16.54,14.06
15.88,18.47,21.05,15.55,20.30,21.54,15.12,6.01,11.36,1.32,12.32,17.92,16.75,16.93,5.39,16.97,14.48
14.16,20.50,18.91,7.53,21.21,25.07,6.06,19.33,4.43,15.16,23.04,13.21,13.09,11.32,8.88,7.71,6.67
6.72,0.55,6.30,26.96,2.65,4.71,15.29,22.77,21.90,17.52,12.47,9.56,31.13,30.16,18.80,15.08,14.29
8.21,12.85,13.65,14.72,14.17,17.01,7.46,14.35,9.56,8.76,13.86,9.70,18.58,17.70,6.57,9.02,6.60
14.09,11.96,17.08,25.69,14.05,12.79,19.24,13.68,20.74,10.24,1.53,17.40,27.91,27.78,15.30,20.24,18.21
8.89,13.52,14.34,14.15,14.86,17.65,7.63,13.88,8.99,8.36,14.07,10.30,17.93,17.08,5.87,9.29,6.83
15.10,19.21,20.54,11.23,20.76,22.95,12.01,9.52,6.88,5.74,15.91,16.37,13.24,13.04,0.97,14.00,11.61
13.53,14.63,18.15,19.39,16.60,17.18,15.49,8.65,14.65,3.80,7.69,16.24,21.30,21.25,8.89,17.00,14.61
22.64,28.42,27.75,1.88,29.47,32.73,15.25,18.54,6.28,16.96,27.41,22.23,3.97,2.08,10.91,16.96,15.71
5.40,10.34,10.84,16.88,11.51,14.69,7.04,16.64,11.81,10.94,13.76,7.19,21.11,20.08,9.38,8.05,5.99
1.02,6.11,4.43,22.18,6.25,10.71,9.46,22.46,17.40,16.76,15.87,3.42,26.95,25.67,15.77,8.97,8.55
5.02,9.34,4.29,23.13,8.49,13.43,9.57,26.33,18.87,20.61,20.33,2.72,28.41,26.85,18.56,8.20,9.05
19.85,26.47,23.91,7.69,26.87,31.10,11.17,24.97,9.09,21.46,29.81,18.09,13.11,10.84,14.89,11.93,12.12
2.43,9.11,7.25,19.03,9.47,13.76,6.25,21.18,14.36,15.48,16.79,2.65,23.95,22.59,13.38,6.00,5.33
22.12,22.72,26.68,22.46,24.78,24.48,22.97,3.71,18.96,7.16,11.81,24.74,22.08,22.92,13.21,24.72,22.25
6.84,0.95,5.23,27.64,1.16,4.60,15.53,24.18,22.65,18.86,13.93,9.30,31.99,30.94,19.84,15.12,14.57
27.75,33.65,32.75,6.53,34.65,38.00,19.98,22.57,11.53,21.78,32.49,27.11,4.28,3.55,16.06,21.52,20.56
24.45,30.65,29.23,4.04,31.47,35.13,16.28,22.75,9.04,20.87,30.98,23.49,6.53,4.35,14.54,17.67,16.98
11.01,15.56,9.97,23.87,14.44,19.34,11.13,31.05,20.62,25.42,26.52,7.77,29.60,27.70,22.03,9.12,11.24
0.95,6.95,6.34,20.58,7.58,11.59,8.39,20.64,15.71,14.93,14.89,3.97,25.21,24.00,13.86,8.30,7.39
11.15,7.79,13.24,26.48,9.86,8.57,17.83,17.29,21.35,12.94,5.23,14.53,29.49,29.04,16.62,18.43,16.76
6.18,1.07,4.80,27.03,1.36,5.25,14.86,23.90,22.05,18.53,14.00,8.65,31.41,30.34,19.33,14.46,13.91
25.04,30.41,30.32,5.52,31.64,34.53,18.27,17.32,8.76,16.90,27.84,25.01,1.14,2.57,11.77,20.10,18.60
18.70,22.03,24.05,13.12,23.75,25.32,16.18,6.00,9.92,5.05,16.14,20.28,13.30,13.81,5.01,18.17,15.77
25.32,31.56,30.05,5.01,32.35,36.05,17.08,23.63,10.01,21.83,31.96,24.29,6.95,4.91,15.51,18.41,17.80
15.16,14.89,19.21,22.42,16.97,16.64,18.26,9.26,17.75,6.06,5.09,18.16,24.05,24.14,11.93,19.63,17.32
13.35,12.83,17.22,22.62,14.91,14.64,17.17,11.10,17.74,7.12,4.34,16.45,24.72,24.63,12.17,18.40,16.19
5.76,7.75,1.96,25.58,6.44,11.33,12.11,27.30,21.16,21.61,19.87,4.94,30.74,29.25,20.29,10.86,11.49
8.87,3.13,8.99,27.95,4.98,4.01,17.11,21.77,22.82,16.85,10.29,11.96,31.75,30.96,19.09,17.14,16.07
15.46,21.09,20.72,6.27,22.19,25.41,9.04,15.24,1.11,11.70,20.98,15.45,10.49,9.32,5.09,11.02,9.19
17.86,24.37,22.27,6.15,24.93,28.97,9.30,22.26,6.38,18.66,27.09,16.46,11.96,9.80,12.10,10.44,10.14
22.48,25.86,27.86,13.48,27.60,29.07,19.33,6.56,11.67,8.42,19.21,23.93,11.96,13.07,8.21,21.35,19.04
9.70,3.06,7.74,30.18,3.27,1.69,18.37,25.16,25.12,20.14,13.54,12.21,34.31,33.37,21.89,18.02,17.39
14.38,20.09,14.98,20.89,19.31,24.25,10.52,31.58,18.71,26.27,29.53,11.02,26.73,24.64,21.62,8.67,11.15
11.01,14.70,16.36,14.46,16.28,18.43,10.23,11.18,9.43,5.65,12.68,12.80,17.43,16.91,4.61,11.96,9.49
6.99,13.68,10.85,15.85,13.85,18.31,2.28,22.22,11.83,16.78,20.46,5.03,21.25,19.60,12.83,1.42,2.04
5.51,10.43,10.95,16.79,11.61,14.78,7.04,16.55,11.71,10.85,13.75,7.29,21.01,19.98,9.27,8.08,5.99
16.97,23.61,20.98,8.67,23.97,28.26,8.29,23.94,8.29,19.93,27.57,15.16,14.47,12.29,13.56,9.00,9.27
15.27,16.72,20.06,18.56,18.68,19.30,16.29,6.57,14.11,1.95,9.16,17.79,19.95,20.10,8.15,17.94,15.49
18.57,18.07,22.58,23.94,20.16,19.39,21.27,7.86,19.62,7.08,6.48,21.54,24.80,25.19,13.64,22.75,20.39
16.68,23.29,20.82,8.13,23.71,27.93,8.00,23.20,7.55,19.22,26.97,15.00,13.96,11.82,12.83,8.87,8.95
24.96,30.92,29.94,3.75,31.88,35.31,17.17,21.16,8.85,19.79,30.26,24.30,4.18,2.10,13.75,18.72,17.75
2.13,4.97,3.66,23.35,5.01,9.53,10.69,22.91,18.53,17.26,15.53,4.44,28.06,26.82,16.67,10.19,9.79
13.63,18.46,19.07,9.94,19.81,22.51,9.52,12.14,5.01,7.92,17.07,14.46,13.07,12.42,1.72,11.54,9.21
6.26,12.26,7.98,19.83,11.83,16.67,6.32,25.42,15.92,19.80,21.57,2.93,25.31,23.61,16.60,4.63,6.09
9.78,6.12,11.58,26.34,8.19,7.28,16.94,18.39,21.18,13.73,6.90,13.15,29.64,29.07,16.80,17.38,15.86
5.85,9.27,10.96,18.39,10.75,13.32,9.23,15.73,13.25,10.03,11.59,8.42,22.25,21.39,9.89,10.18,8.18
8.84,13.77,8.44,22.52,12.83,17.76,9.36,28.88,18.97,23.24,24.36,5.56,28.15,26.34,20.02,7.42,9.34
17.75,20.87,23.06,13.84,22.63,24.10,15.76,5.69,10.26,3.79,14.90,19.47,14.39,14.79,4.81,17.71,15.27
13.30,6.73,12.01,32.65,7.53,2.79,21.76,25.02,27.51,20.61,11.90,16.14,36.31,35.60,23.55,21.66,20.73
13.32,8.66,14.48,29.38,10.51,7.79,20.53,19.29,24.26,15.40,5.82,16.66,32.32,31.91,19.46,21.01,19.45
8.59,2.68,8.54,27.94,4.51,3.84,16.92,22.07,22.81,17.10,10.74,11.64,31.80,30.98,19.19,16.90,15.89
20.98,27.42,25.48,4.68,28.05,31.99,12.50,23.02,7.50,20.10,29.30,19.68,9.89,7.60,13.49,13.67,13.31
4.14,3.14,3.27,25.29,2.94,7.53,12.77,23.69,20.40,18.14,15.05,6.37,29.88,28.70,18.18,12.25,11.85
11.52,9.00,14.18,25.46,11.09,10.13,17.54,15.70,20.37,11.44,4.15,14.88,28.26,27.90,15.42,18.31,16.47
16.70,20.50,22.11,11.69,22.13,24.07,13.77,8.07,7.89,5.27,16.09,18.08,12.89,12.99,2.59,15.76,13.37
17.48,20.67,22.80,13.62,22.41,23.94,15.42,6.02,9.96,3.81,14.91,19.17,14.29,14.63,4.48,17.38,14.94
11.97,14.53,17.06,16.49,16.31,17.80,12.54,9.63,11.61,3.91,10.47,14.24,18.91,18.63,6.12,14.17,11.73
4.23,10.85,7.94,18.46,10.91,15.46,5.05,22.53,14.10,16.88,18.87,2.19,23.66,22.14,14.02,4.25,4.37
11.06,17.58,13.68,15.97,17.39,22.13,4.90,25.93,13.18,20.73,25.07,8.24,21.75,19.79,15.89,3.33,5.68
5.42,11.22,6.91,20.54,10.75,15.60,6.97,25.29,16.47,19.62,20.86,2.03,25.94,24.30,16.78,5.45,6.59
3.46,8.81,8.90,18.38,9.80,13.32,7.23,18.38,13.40,12.67,14.17,5.53,22.83,21.70,11.31,7.76,6.16
13.65,19.32,18.92,7.93,20.39,23.66,7.54,15.27,2.82,11.16,19.76,13.70,12.30,11.11,4.81,9.56,7.57
26.04,26.94,30.76,23.45,28.99,28.74,26.06,5.04,20.72,10.44,15.93,28.49,21.99,23.21,15.49,27.92,25.44
8.70,15.20,11.39,16.93,15.01,19.74,4.12,24.93,13.51,19.53,23.06,5.86,22.58,20.75,15.29,2.09,4.50
15.54,21.21,16.03,21.39,20.40,25.33,11.53,32.59,19.44,27.32,30.69,12.18,27.23,25.10,22.56,9.72,12.20
21.21,22.39,25.99,20.46,24.40,24.51,21.45,1.87,17.03,5.67,12.42,23.66,20.12,20.93,11.36,23.26,20.77
3.80,9.91,6.28,20.30,9.67,14.41,6.81,23.90,15.97,18.20,19.21,0.51,25.52,23.99,15.73,5.70,6.20
12.08,18.18,17.13,9.14,19.03,22.68,5.07,17.40,4.63,12.84,20.33,11.65,14.17,12.70,6.98,7.06,5.25
8.45,13.90,8.90,21.17,13.15,18.08,8.05,27.86,17.64,22.25,23.91,5.07,26.81,24.99,18.82,6.09,8.07
24.36,28.75,29.81,9.86,30.28,32.42,19.35,11.83,10.12,12.74,23.83,25.14,6.89,8.38,9.68,21.36,19.35
1.57,6.23,3.91,22.52,6.15,10.76,9.62,23.08,17.79,17.38,16.41,3.18,27.36,26.05,16.31,9.01,8.76
24.81,26.96,29.94,18.81,28.89,29.49,23.25,3.88,16.64,9.06,17.83,26.81,17.00,18.30,12.13,25.22,22.79
8.31,14.42,13.47,12.91,15.25,18.95,3.47,17.64,8.15,12.35,17.83,8.24,17.73,16.39,8.11,5.30,2.83
8.97,15.56,12.01,16.03,15.49,20.15,3.36,24.32,12.62,18.98,22.92,6.34,21.67,19.85,14.56,1.39,3.87
20.47,26.06,25.70,2.74,27.19,30.31,13.59,16.29,4.09,14.38,24.78,20.33,5.50,4.40,8.27,15.44,13.92
11.45,9.29,14.33,24.93,11.39,10.62,17.21,15.15,19.84,10.84,4.10,14.79,27.68,27.34,14.85,18.04,16.15
10.38,15.21,15.83,12.52,16.52,19.34,7.69,13.39,7.37,8.17,15.22,11.46,16.23,15.39,4.41,9.55,7.07
23.85,28.45,29.28,8.67,29.92,32.23,18.51,12.56,9.14,12.98,24.08,24.48,5.92,7.27,9.30,20.51,18.57
13.86,9.49,15.27,29.25,11.39,8.75,20.81,18.58,24.15,14.88,4.93,17.22,32.03,31.69,19.20,21.37,19.73
10.08,3.39,8.38,30.34,3.90,1.26,18.72,24.86,25.25,19.93,13.01,12.70,34.38,33.48,21.88,18.43,17.73
24.38,26.84,29.59,17.53,28.73,29.55,22.41,4.32,15.50,8.85,18.28,26.25,15.68,16.98,11.23,24.40,21.99
5.62,10.61,5.71,22.17,9.86,14.79,8.59,26.38,18.07,20.68,21.13,2.57,27.55,25.92,18.17,7.06,8.19
26.35,27.77,31.26,21.98,29.78,29.85,25.65,4.79,19.63,10.50,17.39,28.62,20.17,21.50,14.75,27.57,25.10
14.07,20.75,17.47,12.39,20.84,25.38,5.85,25.10,10.60,20.41,26.51,11.76,18.24,16.15,14.66,5.71,6.93
15.09,20.43,15.05,22.68,19.48,24.41,12.07,33.08,20.47,27.70,30.46,11.71,28.53,26.43,23.23,10.15,12.62
19.96,26.49,24.29,5.98,27.02,31.10,11.35,23.59,7.78,20.32,29.07,18.46,11.44,9.17,13.71,12.38,12.23
19.54,26.02,23.96,5.40,26.60,30.62,10.99,22.83,7.02,19.56,28.38,18.15,11.00,8.75,12.95,12.12,11.83
5.38,1.66,4.31,26.30,1.87,6.07,14.06,23.63,21.34,18.19,14.18,7.85,30.74,29.64,18.76,13.64,13.11
21.82,27.70,26.89,0.84,28.70,32.06,14.31,18.75,5.59,16.85,27.11,21.33,5.01,3.04,10.61,15.99,14.80
17.09,17.72,21.60,20.81,19.76,19.76,18.75,6.02,16.52,3.95,8.12,19.82,21.78,22.11,10.53,20.35,17.92
15.54,18.43,20.78,14.77,20.21,21.64,14.43,6.64,10.53,2.10,12.87,17.47,16.13,16.24,4.56,16.30,13.82
25.21,31.38,30.02,4.53,32.22,35.84,17.09,22.92,9.63,21.24,31.47,24.29,6.13,4.09,14.99,18.49,17.77
20.51,23.95,25.89,12.83,25.67,27.24,17.51,6.31,10.35,6.81,17.83,21.97,12.19,12.98,6.33,19.53,17.18
11.20,17.59,13.39,17.02,17.26,22.07,5.82,26.88,14.28,21.62,25.59,8.18,22.82,20.84,16.91,4.06,6.51
11.67,17.99,16.52,9.74,18.71,22.56,3.99,18.66,5.65,13.98,20.99,10.90,15.02,13.43,8.28,5.91,4.37
2.52,6.42,7.31,20.76,7.51,10.92,9.38,19.29,15.75,13.62,13.14,5.73,25.11,24.04,13.24,9.60,8.33
19.80,22.00,24.90,16.98,23.90,24.71,18.84,2.29,13.65,4.03,13.90,21.89,16.81,17.51,8.18,20.74,18.27
22.68,25.07,27.86,17.10,26.97,27.79,21.00,2.93,14.61,7.08,16.68,24.61,15.86,16.95,9.90,22.97,20.54
7.24,13.87,11.71,14.65,14.29,18.52,1.46,20.67,10.40,15.28,19.57,6.00,19.91,18.34,11.20,2.37,0.55
17.35,22.01,22.79,8.35,23.44,25.92,12.69,11.03,4.94,8.55,19.11,18.12,10.01,9.84,2.92,14.72,12.55
21.89,24.06,27.00,17.58,25.98,26.69,20.64,1.79,14.75,6.12,15.47,23.93,16.69,17.66,9.70,22.57,20.11
14.20,20.34,19.17,7.07,21.18,24.84,6.67,17.88,3.14,13.81,22.06,13.60,12.32,10.72,7.44,8.51,7.08
14.80,18.92,20.23,11.33,20.46,22.67,11.77,9.66,6.89,5.72,15.75,16.07,13.46,13.21,0.91,13.76,11.35
13.22,12.75,17.11,22.49,14.83,14.61,17.01,11.10,17.61,7.05,4.47,16.31,24.62,24.51,12.05,18.24,16.03
0.89,6.82,4.78,21.63,6.93,11.42,8.79,22.46,16.90,16.75,16.31,2.77,26.47,25.16,15.48,8.27,7.91
5.27,9.09,10.47,18.34,10.48,13.27,8.73,16.31,13.22,10.60,12.16,7.77,22.34,21.42,10.15,9.61,7.67
21.57,24.23,26.81,15.83,26.08,27.12,19.64,3.51,13.21,6.28,16.51,23.40,14.90,15.86,8.50,21.61,19.19
16.21,15.53,20.08,23.56,17.63,16.95,19.53,9.45,18.95,6.97,4.56,19.27,25.02,25.18,13.08,20.89,18.60
10.46,16.50,11.88,19.00,15.97,20.86,6.95,27.82,16.01,22.41,25.46,7.19,24.77,22.83,18.15,4.94,7.39
5.71,9.92,4.66,23.36,8.98,13.92,9.79,26.96,19.19,21.24,21.03,3.23,28.71,27.11,19.06,8.31,9.34
23.82,25.38,28.76,20.31,27.37,27.62,23.20,2.25,17.57,7.97,15.51,26.08,19.08,20.20,12.43,25.10,22.63
11.96,6.16,11.99,30.16,7.70,4.45,19.99,21.95,25.00,17.57,9.03,15.11,33.59,32.97,20.76,20.15,18.93
25.57,31.34,30.68,4.54,32.40,35.63,18.10,20.11,9.21,19.19,29.90,25.13,2.39,0.97,13.48,19.76,18.60
21.92,28.00,26.84,1.29,28.89,32.44,14.02,20.31,6.21,18.14,28.15,21.17,6.18,3.95,11.73,15.56,14.62
17.28,23.97,20.70,11.32,24.09,28.61,8.86,26.43,10.97,22.18,29.14,15.01,17.06,14.83,15.98,8.94,9.93
1.96,8.39,7.29,19.26,8.96,13.03,6.95,20.38,14.45,14.66,15.66,3.55,24.00,22.73,12.99,6.94,5.96
12.79,18.07,12.73,22.24,17.15,22.08,10.59,31.38,19.55,25.91,28.22,9.41,28.07,26.05,21.79,8.58,11.00
13.72,15.85,18.71,17.04,17.71,18.83,14.27,7.86,12.40,2.20,10.09,16.06,18.90,18.86,6.54,15.94,13.49
12.13,9.11,14.49,26.39,11.18,9.79,18.38,16.28,21.30,12.20,3.90,15.51,29.16,28.82,16.33,19.11,17.32
22.80,26.64,28.23,11.69,28.29,30.08,18.84,8.63,10.48,9.83,20.84,23.96,9.86,11.03,8.13,20.88,18.67
11.26,17.93,14.60,13.94,17.98,22.55,3.61,24.26,11.12,19.21,24.33,8.88,19.71,17.77,14.07,2.90,4.60
9.25,3.32,9.18,28.39,5.06,3.65,17.53,22.07,23.26,17.20,10.39,12.32,32.18,31.39,19.51,17.54,16.49
20.53,26.86,25.19,3.46,27.58,31.41,12.22,21.73,6.33,18.91,28.27,19.42,8.94,6.70,12.30,13.55,12.95
21.19,27.68,25.59,5.45,28.26,32.28,12.63,23.77,8.18,20.78,29.86,19.77,10.55,8.26,14.16,13.71,13.48
14.94,21.63,18.42,11.76,21.76,26.27,6.58,25.19,10.34,20.65,27.09,12.69,17.60,15.48,14.72,6.61,7.66
14.13,20.67,18.54,8.63,21.19,25.29,5.56,21.16,6.26,16.84,24.22,12.74,14.39,12.46,10.69,6.82,6.40
10.13,14.29,15.54,14.04,15.77,18.23,8.96,12.41,8.92,6.92,13.46,11.72,17.39,16.72,4.86,10.69,8.21
10.44,5.41,11.23,28.18,7.30,5.39,18.21,20.37,23.02,15.80,8.14,13.71,31.62,30.99,18.80,18.46,17.14
11.88,18.17,13.78,17.60,17.76,22.61,6.73,27.79,15.03,22.54,26.44,8.77,23.42,21.41,17.79,4.97,7.43
6.10,12.17,7.99,19.66,11.78,16.60,6.13,25.17,15.72,19.55,21.36,2.80,25.12,23.43,16.36,4.47,5.87
12.22,7.70,13.48,28.54,9.62,7.30,19.47,19.11,23.40,14.97,6.09,15.56,31.60,31.14,18.73,19.92,18.39
4.91,3.02,6.75,24.33,4.73,7.24,13.06,20.57,19.25,15.16,11.62,8.17,28.45,27.50,16.13,13.09,12.03
13.66,7.21,12.65,32.67,8.17,3.56,22.02,24.54,27.51,20.25,11.26,16.59,36.21,35.55,23.40,22.00,20.99
26.97,27.57,31.58,24.90,29.64,29.16,27.30,6.37,22.15,11.58,16.12,29.52,23.40,24.65,16.85,29.14,26.65
11.70,17.92,13.44,18.01,17.47,22.33,6.91,27.96,15.38,22.68,26.38,8.53,23.83,21.83,18.03,5.08,7.55
17.14,18.80,22.04,18.17,20.75,21.36,17.45,4.52,14.09,1.65,10.68,19.53,18.97,19.34,8.13,19.21,16.74
19.47,25.89,24.02,4.61,26.54,30.47,11.03,22.07,6.31,18.90,27.89,18.22,10.28,8.06,12.28,12.27,11.81
16.21,20.32,21.65,10.82,21.87,24.02,12.86,9.13,6.85,6.05,16.61,17.43,12.40,12.35,1.66,14.87,12.51
17.53,17.10,21.56,23.43,19.19,18.54,20.34,8.15,19.00,6.59,5.90,20.52,24.51,24.82,13.04,21.79,19.44
24.43,30.73,29.09,4.73,31.48,35.25,16.11,23.66,9.48,21.59,31.52,23.31,7.66,5.49,15.16,17.39,16.86
5.92,9.07,10.94,18.69,10.59,13.06,9.56,15.69,13.54,10.00,11.27,8.59,22.50,21.67,10.08,10.50,8.51
14.51,20.95,19.11,7.68,21.57,25.55,6.14,20.28,5.17,16.11,23.88,13.34,13.38,11.50,9.83,7.61,6.87
22.23,28.61,26.79,4.33,29.29,33.17,13.80,23.18,8.07,20.58,30.07,20.99,8.96,6.66,14.00,15.02,14.59
25.32,27.12,30.34,20.21,29.09,29.44,24.20,3.84,17.92,9.45,17.39,27.45,18.45,19.75,13.18,26.14,23.69
17.32,22.08,22.75,7.96,23.48,26.03,12.46,11.44,4.53,8.92,19.40,18.02,9.79,9.54,3.09,14.50,12.35
8.23,9.31,12.60,20.32,11.20,12.52,12.44,14.11,15.18,8.69,8.34,11.25,23.55,22.98,10.73,13.45,11.40
9.34,15.93,12.33,15.92,15.84,20.51,3.51,24.53,12.62,19.22,23.26,6.69,21.59,19.75,14.70,1.63,4.10
19.48,24.59,24.85,5.62,25.89,28.66,13.62,13.40,4.24,11.60,22.23,19.81,6.99,6.71,5.90,15.60,13.72
15.36,20.37,20.78,8.18,21.68,24.45,10.39,12.48,3.60,9.01,18.78,15.95,11.13,10.49,2.40,12.43,10.26
13.45,16.11,18.60,15.82,17.90,19.33,13.32,8.24,11.15,2.58,11.23,15.59,17.82,17.71,5.32,15.06,12.59
9.25,15.87,13.65,12.87,16.30,20.51,0.70,20.73,8.96,15.58,20.90,7.88,18.30,16.63,10.75,2.63,1.52
8.98,8.88,12.84,21.83,10.88,11.60,13.91,14.40,16.70,9.27,6.94,12.18,24.92,24.42,12.06,14.84,12.87
14.35,20.98,18.52,9.40,21.38,25.62,5.67,22.37,7.43,17.99,25.10,12.69,15.22,13.21,11.89,6.59,6.63
13.22,18.66,18.57,8.78,19.81,22.93,7.82,14.33,3.62,10.08,18.68,13.54,12.79,11.77,3.86,9.86,7.70
4.77,1.93,4.97,25.38,2.96,6.58,13.40,22.51,20.38,17.05,13.35,7.59,29.73,28.67,17.67,13.13,12.42
19.82,26.24,24.36,4.52,26.89,30.81,11.38,22.23,6.53,19.13,28.19,18.57,10.12,7.88,12.51,12.61,12.16
12.07,8.41,13.98,27.27,10.44,8.70,18.78,17.48,22.16,13.36,4.76,15.45,30.18,29.78,17.32,19.39,17.71
1.07,6.12,5.91,21.34,6.80,10.76,9.22,20.80,16.43,15.11,14.46,4.44,25.91,24.73,14.38,9.10,8.23
15.39,14.94,19.36,22.86,17.03,16.56,18.63,9.47,18.19,6.45,4.74,18.42,24.46,24.57,12.36,19.99,17.69
10.54,16.82,15.47,10.77,17.56,21.38,3.37,18.32,6.39,13.43,19.99,9.93,15.91,14.39,8.11,5.39,3.49
6.06,2.41,7.23,25.40,4.41,6.17,14.26,20.87,20.30,15.59,11.11,9.26,29.42,28.52,16.98,14.29,13.22
7.25,12.98,12.60,14.20,13.96,17.44,4.83,16.81,9.23,11.33,16.13,7.85,18.72,17.54,8.00,6.35,3.93
22.02,28.48,26.47,5.16,29.09,33.06,13.50,23.84,8.48,21.06,30.36,20.66,9.91,7.61,14.46,14.62,14.33
12.86,17.68,18.30,10.53,19.03,21.75,9.02,12.35,5.50,7.84,16.57,13.74,13.83,13.12,2.21,11.02,8.64
17.25,23.65,21.88,5.36,24.31,28.22,8.90,20.78,4.91,17.22,25.83,16.11,11.20,9.16,10.65,10.28,9.64
10.22,16.33,11.80,18.70,15.84,20.72,6.58,27.45,15.67,22.04,25.16,6.98,24.46,22.53,17.78,4.57,7.01
22.42,22.19,26.61,24.91,24.28,23.44,24.28,6.48,21.15,8.79,10.26,25.27,24.79,25.55,15.25,25.91,23.47
7.64,1.68,5.44,28.52,0.97,4.03,16.32,24.95,23.53,19.68,14.39,9.94,32.88,31.82,20.73,15.85,15.38
21.99,26.10,27.44,10.35,27.69,29.68,17.67,9.48,9.12,9.89,20.99,23.00,8.91,9.90,7.24,19.71,17.54
23.34,29.71,27.92,4.70,30.40,34.26,14.93,23.70,8.93,21.31,30.98,22.12,8.61,6.35,14.78,16.14,15.71
18.81,25.36,23.10,6.45,25.87,29.98,10.18,23.27,7.39,19.77,28.24,17.28,12.13,9.90,13.19,11.19,11.07
1.97,6.84,7.12,20.40,7.76,11.41,8.74,19.64,15.43,13.95,13.86,5.03,24.86,23.73,13.21,8.88,7.70
8.17,11.67,13.41,16.61,13.23,15.53,9.44,13.51,11.46,7.79,11.63,10.35,20.10,19.39,7.51,10.81,8.49
20.88,25.78,26.29,6.56,27.15,29.73,15.29,12.73,5.95,11.70,22.61,21.36,6.37,6.67,6.74,17.28,15.36
15.20,19.27,20.63,11.32,20.83,22.99,12.16,9.36,7.00,5.63,15.86,16.49,13.26,13.09,1.12,14.15,11.75
21.18,25.41,26.63,9.68,26.97,29.06,16.74,9.75,8.22,9.61,20.71,22.13,8.75,9.53,6.43,18.78,16.62
9.80,13.41,15.12,15.35,14.99,17.19,9.82,12.11,10.24,6.45,12.13,11.75,18.55,17.95,5.82,11.42,8.98
18.94,25.20,23.70,3.41,25.97,29.73,10.78,20.39,4.72,17.32,26.55,17.97,9.25,7.16,10.70,12.25,11.45
21.17,27.50,25.82,3.46,28.22,32.04,12.84,22.05,6.82,19.35,28.82,20.05,8.67,6.40,12.77,14.16,13.58
11.76,16.54,17.20,11.49,17.89,20.62,8.46,12.65,6.38,7.76,15.81,12.76,14.95,14.19,3.09,10.41,7.97
4.16,10.79,8.92,17.32,11.22,15.44,4.54,20.62,12.73,14.98,17.49,3.67,22.32,20.91,12.21,4.56,3.58
1.55,7.46,6.98,19.97,8.17,12.08,7.95,20.11,15.08,14.39,14.76,4.19,24.58,23.38,13.22,8.00,6.93
23.07,28.25,28.42,5.43,29.54,32.30,16.76,15.15,7.13,14.50,25.43,23.25,3.55,4.16,9.42,18.67,16.99
10.12,6.81,12.19,26.05,8.90,7.99,17.00,17.70,20.91,13.11,6.21,13.50,29.24,28.72,16.38,17.53,15.93
19.22,24.92,24.41,2.79,26.00,29.22,12.22,16.48,2.81,14.09,24.18,19.00,6.82,5.50,7.71,14.06,12.56
5.54,5.15,0.77,26.55,3.71,8.60,13.42,26.30,21.86,20.69,17.75,6.32,31.43,30.10,20.23,12.49,12.64
11.93,16.49,17.38,11.87,17.90,20.49,9.05,12.03,6.81,7.10,15.29,13.09,15.12,14.45,2.82,10.98,8.52
10.52,9.79,14.16,22.69,11.86,11.97,15.40,13.72,17.61,8.98,5.39,13.75,25.47,25.10,12.62,16.38,14.36
23.03,28.50,28.28,3.77,29.69,32.69,16.18,16.82,6.69,15.75,26.50,22.94,2.92,2.52,10.17,18.01,16.52
1.25,5.69,5.59,21.79,6.35,10.33,9.64,21.04,16.88,15.37,14.38,4.61,26.35,25.18,14.78,9.48,8.66
13.01,18.93,14.05,19.65,18.28,23.20,8.89,29.94,17.25,24.63,28.02,9.70,25.49,23.44,20.01,7.03,9.51
6.12,12.18,8.00,19.66,11.79,16.61,6.13,25.19,15.73,19.56,21.38,2.82,25.12,23.44,16.37,4.48,5.88
12.18,5.63,11.00,31.64,6.52,2.07,20.65,24.48,26.50,19.92,11.69,15.03,35.37,34.62,22.64,20.54,19.62
12.86,19.25,14.97,16.84,18.90,23.72,6.94,27.88,14.58,22.75,27.13,9.84,22.68,20.62,17.73,5.42,7.76
20.90,22.53,25.84,19.01,24.51,24.91,20.57,0.75,15.70,5.07,13.29,23.19,18.61,19.42,10.15,22.43,19.95
5.04,7.96,2.53,24.57,6.89,11.82,11.09,26.62,20.16,20.91,19.66,3.93,29.74,28.24,19.40,9.85,10.47
22.43,23.10,27.03,22.42,25.16,24.88,23.17,3.55,19.00,7.35,12.22,25.03,21.94,22.81,13.29,24.94,22.46
6.53,12.65,11.75,14.70,13.46,17.20,3.91,18.07,9.89,12.56,16.86,6.74,19.46,18.16,9.18,5.23,2.91
19.10,24.24,24.48,5.61,25.53,28.32,13.24,13.43,3.89,11.47,22.02,19.43,7.29,6.92,5.63,15.22,13.34
14.67,21.36,18.40,10.91,21.58,26.00,6.12,24.21,9.32,19.71,26.37,12.61,16.75,14.67,13.74,6.45,7.18
12.67,8.72,14.39,27.97,10.71,8.63,19.48,17.87,22.86,13.90,4.75,16.04,30.83,30.45,17.98,20.07,18.41
8.10,12.66,13.53,14.93,14.01,16.81,7.60,14.33,9.78,8.72,13.66,9.66,18.78,17.90,6.70,9.13,6.72
7.86,10.73,12.91,17.82,12.38,14.45,10.26,13.72,12.67,8.03,10.60,10.36,21.25,20.58,8.56,11.49,9.27
12.11,10.18,15.16,24.76,12.28,11.48,17.53,14.36,19.71,10.23,3.43,15.43,27.34,27.07,14.55,18.44,16.48
18.47,21.03,23.66,15.62,22.88,23.98,17.19,3.97,12.08,3.14,13.91,20.43,15.88,16.41,6.52,19.10,16.63
5.93,10.94,5.99,22.13,10.18,15.11,8.57,26.59,18.09,20.90,21.45,2.81,27.55,25.89,18.30,6.98,8.21
15.86,16.30,20.26,21.00,18.35,18.35,17.99,7.38,16.50,4.29,7.03,18.67,22.33,22.53,10.56,19.51,17.12
12.44,17.87,12.62,21.65,17.00,21.94,9.99,30.81,18.94,25.35,27.82,9.06,27.47,25.46,21.19,7.99,10.41
12.65,19.10,17.29,9.22,19.71,23.70,4.38,19.80,5.80,15.27,22.42,11.56,14.76,13.00,9.35,6.03,5.04
12.83,11.55,16.28,23.86,13.65,13.07,17.50,12.77,18.89,8.78,3.32,16.06,26.19,26.01,13.51,18.57,16.48
7.11,13.61,9.97,17.52,13.47,18.17,4.10,24.17,13.73,18.66,21.64,4.31,23.04,21.31,14.87,2.30,4.07
14.61,11.74,17.15,27.17,13.80,12.02,20.29,15.06,22.19,11.78,1.36,17.97,29.45,29.31,16.81,21.19,19.24
17.24,20.62,22.59,13.04,22.33,23.97,14.94,6.61,9.36,4.19,15.25,18.85,13.85,14.13,3.91,16.91,14.48
13.85,20.50,16.91,13.64,20.46,25.10,6.10,26.02,11.78,21.21,26.86,11.31,19.49,17.40,15.63,5.52,7.14
12.81,18.22,12.95,21.80,17.34,22.28,10.28,31.14,19.15,25.69,28.19,9.43,27.62,25.60,21.49,8.28,10.72
14.06,8.91,14.77,30.63,10.61,7.32,21.53,20.49,25.50,16.68,6.81,17.36,33.60,33.19,20.74,21.93,20.46
21.01,24.12,26.34,14.14,25.89,27.24,18.47,5.09,11.62,6.50,17.28,22.63,13.32,14.21,7.27,20.48,18.09
11.59,14.47,16.77,15.93,16.20,17.89,11.86,10.08,11.00,4.38,11.06,13.75,18.51,18.17,5.66,13.50,11.05
15.50,21.99,19.98,7.31,22.57,26.60,6.99,21.13,5.65,17.11,25.02,14.18,13.12,11.13,10.73,8.28,7.80
12.47,13.70,17.11,19.18,15.66,16.41,14.62,9.59,14.33,4.44,7.78,15.19,21.37,21.22,8.74,16.07,13.71
14.51,21.18,17.74,12.82,21.21,25.80,6.44,25.79,11.22,21.11,27.15,12.08,18.66,16.55,15.35,6.14,7.51
5.06,6.84,1.25,25.37,5.64,10.56,12.00,26.52,20.84,20.84,18.92,4.80,30.43,29.01,19.74,10.89,11.32
18.70,24.58,23.80,2.62,25.57,28.96,11.36,17.43,2.54,14.72,24.51,18.28,7.64,6.04,8.19,13.13,11.78
15.53,18.98,20.88,13.13,20.66,22.43,13.51,7.65,8.93,3.74,14.34,17.17,14.64,14.66,3.01,15.44,12.99
18.63,24.66,23.62,2.63,25.57,29.10,10.96,18.44,3.07,15.56,25.13,18.02,8.20,6.38,8.98,12.65,11.47
27.84,33.88,32.74,6.71,34.80,38.28,19.87,23.63,11.85,22.61,33.20,27.05,5.50,4.39,16.70,21.32,20.51
22.03,27.71,27.21,2.14,28.81,31.99,14.87,17.58,5.63,15.98,26.47,21.76,4.13,2.70,9.98,16.64,15.27
21.20,26.93,26.36,1.65,28.00,31.24,13.99,17.50,4.81,15.63,25.97,20.89,5.01,3.49,9.46,15.76,14.40
3.54,6.40,8.07,20.85,7.74,10.73,10.00,18.48,15.77,12.84,12.12,6.75,25.01,24.03,12.89,10.37,8.93
25.50,30.96,30.74,5.48,32.15,35.12,18.55,18.12,9.14,17.67,28.58,25.37,0.46,2.08,12.44,20.34,18.93
0.56,6.13,5.18,21.69,6.54,10.78,9.23,21.62,16.85,15.93,15.20,3.82,26.37,25.14,15.03,8.93,8.28
20.96,21.41,25.44,22.42,23.47,23.13,22.17,4.30,18.69,6.47,10.50,23.65,22.40,23.11,12.82,23.87,21.41
20.16,22.23,25.23,17.47,24.15,24.86,19.33,1.77,14.17,4.33,13.83,22.30,17.19,17.94,8.71,21.22,18.75
22.48,28.70,27.26,2.73,29.50,33.19,14.32,21.75,7.29,19.48,29.34,21.52,7.11,4.82,13.01,15.73,15.00
25.35,27.18,30.38,20.12,29.15,29.52,24.18,3.90,17.85,9.48,17.50,27.47,18.33,19.63,13.14,26.12,23.67
21.25,27.50,25.99,2.70,28.28,32.02,13.04,21.43,6.43,18.86,28.48,20.24,7.95,5.69,12.30,14.44,13.74
8.24,8.02,11.97,22.09,10.01,10.88,13.62,15.26,16.94,10.07,7.46,11.49,25.35,24.77,12.51,14.44,12.56
12.04,18.49,16.69,9.76,19.10,23.09,3.82,19.70,6.14,15.06,21.97,10.97,15.24,13.53,9.29,5.53,4.44
20.85,20.54,24.99,24.41,22.63,21.82,23.01,6.74,20.42,7.87,8.73,23.75,24.68,25.30,14.46,24.59,22.18
14.87,21.55,18.11,12.66,21.58,26.17,6.77,25.93,11.22,21.29,27.44,12.46,18.51,16.38,15.47,6.50,7.84
15.54,21.16,20.80,6.22,22.26,25.47,9.15,15.18,1.09,11.67,20.99,15.54,10.41,9.25,5.05,11.13,9.29
19.20,25.51,23.91,3.60,26.25,30.05,10.96,20.87,5.21,17.81,27.01,18.16,9.41,7.26,11.19,12.37,11.66
19.05,25.40,23.71,4.02,26.10,29.95,10.74,21.16,5.41,18.01,27.09,17.94,9.81,7.66,11.39,12.10,11.46
25.46,30.97,30.68,5.23,32.14,35.16,18.42,18.43,9.07,17.88,28.76,25.28,0.62,1.71,12.56,20.19,18.82
10.28,16.97,13.86,13.94,17.09,21.60,2.53,23.38,10.75,18.26,23.23,8.07,19.63,17.77,13.29,1.93,3.50
6.37,3.85,8.44,24.58,5.86,7.18,14.03,19.43,19.45,14.19,9.90,9.71,28.42,27.60,15.84,14.26,12.96
18.15,17.81,22.23,23.42,19.90,19.25,20.74,7.62,19.08,6.55,6.53,21.10,24.33,24.70,13.10,22.23,19.86
6.59,7.33,10.63,21.33,9.17,10.80,12.12,16.15,16.17,10.71,9.14,9.81,24.91,24.19,12.22,12.84,11.05
21.42,25.97,26.86,8.25,27.45,29.77,16.39,11.29,7.37,10.87,21.92,22.14,7.29,7.99,6.83,18.41,16.37
13.39,9.21,14.95,28.70,11.15,8.74,20.27,18.22,23.60,14.42,4.74,16.76,31.50,31.15,18.66,20.85,19.19
15.28,18.22,20.53,14.68,19.99,21.46,14.16,6.91,10.38,2.22,12.85,17.20,16.13,16.21,4.40,16.02,13.54
17.75,23.44,22.95,4.01,24.52,27.76,10.88,16.01,1.34,13.18,22.99,17.58,8.25,6.98,6.64,12.77,11.18
16.18,19.97,21.58,11.86,21.59,23.55,13.39,8.22,7.88,5.02,15.71,17.59,13.27,13.30,2.29,15.37,12.97
24.41,24.78,28.90,24.22,26.85,26.31,25.30,5.20,20.98,9.48,13.29,27.07,23.40,24.41,15.35,27.07,24.59
6.55,9.92,4.27,24.63,8.74,13.64,11.05,28.00,20.47,22.28,21.57,4.43,29.98,28.38,20.27,9.53,10.61
2.32,7.03,3.70,22.54,6.70,11.47,9.37,23.89,17.93,18.18,17.47,2.46,27.52,26.13,16.79,8.55,8.59
21.02,25.31,26.47,9.42,26.85,28.99,16.51,9.96,7.94,9.67,20.76,21.94,8.61,9.33,6.28,18.54,16.40
6.39,4.37,8.79,24.17,6.37,7.67,13.81,18.91,19.02,13.66,9.60,9.76,27.95,27.15,15.35,14.11,12.74
3.05,3.66,4.29,24.00,4.14,8.29,11.73,22.37,19.07,16.79,14.29,5.85,28.52,27.37,16.76,11.39,10.77
21.56,27.33,26.69,1.40,28.39,31.65,14.25,17.93,5.20,16.10,26.45,21.20,4.81,3.13,9.94,15.99,14.69
11.13,10.04,14.61,23.27,12.13,11.95,16.11,13.71,18.21,9.18,4.69,14.38,25.96,25.63,13.13,17.08,15.07
9.79,15.94,11.47,18.60,15.47,20.34,6.27,27.08,15.47,21.65,24.72,6.57,24.34,22.43,17.45,4.24,6.66
24.36,26.37,29.45,19.09,28.32,28.83,23.06,3.18,16.73,8.54,17.08,26.43,17.49,18.72,12.01,25.01,22.56
3.18,9.72,8.25,18.10,10.24,14.36,5.62,20.30,13.37,14.62,16.52,3.58,22.95,21.62,12.35,5.69,4.63
2.64,8.19,4.68,21.62,7.90,12.66,8.31,23.85,17.10,18.14,18.14,1.26,26.69,25.25,16.31,7.39,7.58
8.76,7.18,11.80,23.74,9.26,9.51,14.93,16.29,18.59,11.33,6.78,12.12,26.98,26.42,14.14,15.61,13.86
16.15,21.37,21.53,6.94,22.62,25.52,10.57,13.33,2.56,10.16,20.02,16.52,10.05,9.31,3.60,12.60,10.57
2.28,7.79,4.50,21.75,7.55,12.28,8.52,23.64,17.19,17.93,17.75,1.63,26.78,25.36,16.24,7.68,7.76
12.71,17.48,11.90,23.86,16.37,21.26,11.75,32.20,20.97,26.64,28.24,9.40,29.66,27.68,22.87,9.71,12.02
11.09,7.04,12.68,27.34,9.05,7.41,18.22,18.49,22.20,14.12,6.15,14.45,30.49,29.98,17.62,18.70,17.14
14.51,17.22,19.69,15.43,19.02,20.41,13.95,7.32,10.95,1.91,11.87,16.56,17.11,17.11,4.99,15.75,13.27
5.68,2.12,3.74,26.78,1.38,6.08,14.33,24.42,21.85,18.97,14.92,7.86,31.29,30.16,19.42,13.80,13.41
20.35,22.77,25.52,16.38,24.65,25.57,18.97,2.64,13.29,4.77,14.90,22.33,15.96,16.75,8.07,20.91,18.45
7.79,6.96,11.14,22.88,8.97,9.80,13.85,16.33,17.72,11.16,7.74,11.12,26.27,25.64,13.48,14.52,12.77
22.55,27.02,27.99,8.87,28.52,30.75,17.56,11.32,8.46,11.47,22.57,23.31,7.08,8.11,7.90,19.58,17.54
20.83,25.49,26.27,7.72,26.93,29.34,15.68,11.58,6.64,10.78,21.78,21.49,7.27,7.76,6.34,17.70,15.67
14.30,8.69,14.53,31.55,10.22,6.48,22.05,21.75,26.40,17.88,8.07,17.52,34.64,34.18,21.77,22.34,20.98
25.37,30.77,30.64,5.62,31.99,34.91,18.53,17.71,9.05,17.32,28.25,25.30,0.73,2.41,12.17,20.34,18.88
24.41,28.60,29.86,10.78,30.18,32.17,19.73,10.94,10.69,12.19,23.24,25.32,7.91,9.41,9.66,21.75,19.67
26.47,26.97,31.03,24.91,29.05,28.51,26.97,6.18,22.03,11.20,15.45,29.05,23.57,24.76,16.64,28.78,26.30
21.95,24.24,27.10,17.21,26.15,26.93,20.52,2.23,14.47,6.27,15.82,23.94,16.26,17.24,9.52,22.47,20.02
6.03,10.50,5.28,23.03,9.60,14.53,9.46,27.08,18.94,21.37,21.45,3.26,28.42,26.79,18.99,7.90,9.06
28.12,28.71,32.73,25.63,30.78,30.25,28.38,7.38,23.03,12.69,17.16,30.66,23.91,25.23,17.83,30.22,27.74
4.37,9.26,4.66,22.33,8.61,13.51,8.79,25.52,18.03,19.80,19.82,1.85,27.58,26.03,17.68,7.50,8.24
7.91,1.60,7.46,27.79,3.41,3.77,16.41,22.72,22.70,17.62,11.76,10.82,31.82,30.92,19.33,16.27,15.39
11.69,17.74,16.78,9.53,18.62,22.23,4.97,17.13,4.89,12.48,19.85,11.36,14.46,13.05,6.76,6.99,5.05
22.22,22.97,26.85,22.08,25.02,24.81,22.87,3.23,18.66,7.05,12.24,24.79,21.62,22.48,12.96,24.65,22.17
11.30,13.26,16.18,17.93,15.12,16.37,12.97,10.37,12.97,4.78,9.10,13.84,20.46,20.16,7.64,14.45,12.08
12.15,14.37,17.14,17.18,16.21,17.50,13.14,9.43,12.32,3.76,9.78,14.55,19.50,19.27,6.77,14.73,12.30
18.41,24.75,23.09,4.28,25.46,29.30,10.12,20.82,4.99,17.55,26.52,17.33,10.13,8.02,10.93,11.52,10.84
7.80,5.39,10.22,24.56,7.48,7.91,14.84,18.05,19.40,13.00,8.12,11.18,28.09,27.41,15.33,15.28,13.76
15.60,22.17,19.90,7.99,22.65,26.79,6.97,22.05,6.61,17.96,25.65,14.08,13.83,11.78,11.63,8.04,7.86
13.40,18.51,13.05,23.02,17.50,22.42,11.43,32.20,20.37,26.71,28.87,10.03,28.84,26.82,22.63,9.42,11.83
20.54,27.00,25.00,5.00,27.60,31.58,12.02,23.07,7.42,20.03,29.09,19.18,10.35,8.07,13.41,13.16,12.84
19.24,18.85,23.31,23.94,20.94,20.18,21.72,7.33,19.73,7.13,7.23,22.18,24.61,25.08,13.74,23.24,20.85
15.50,21.99,17.83,15.79,21.72,26.51,8.56,28.80,14.41,23.96,29.25,12.61,21.61,19.44,18.41,7.53,9.54
16.19,16.33,20.46,21.76,18.39,18.19,18.61,7.70,17.26,5.02,6.46,19.07,23.06,23.27,11.32,20.09,17.72
23.42,27.02,28.83,12.86,28.72,30.34,19.78,7.92,11.60,9.79,20.65,24.71,10.81,12.09,8.88,21.82,19.57
14.61,18.50,20.02,12.10,20.09,22.17,12.05,9.17,7.63,4.99,15.00,16.03,14.14,13.94,1.64,14.01,11.57
9.39,16.08,13.33,13.73,16.32,20.73,1.24,22.20,10.14,17.02,21.96,7.51,19.30,17.53,12.22,1.50,2.23
21.04,21.45,25.51,22.57,23.52,23.15,22.30,4.42,18.83,6.60,10.47,23.74,22.54,23.26,12.96,23.99,21.53
5.66,1.07,5.07,26.32,2.17,5.68,14.32,23.11,21.32,17.72,13.44,8.34,30.65,29.61,18.54,14.00,13.34
21.96,24.31,27.12,17.01,26.21,27.03,20.44,2.45,14.31,6.32,15.98,23.92,16.04,17.03,9.41,22.40,19.95
9.42,12.30,14.53,16.93,13.99,15.88,10.78,12.17,11.82,6.46,10.64,11.75,20.04,19.49,7.22,12.21,9.86
20.88,24.78,26.31,11.03,26.41,28.29,17.05,8.27,9.08,8.38,19.48,22.05,10.22,11.02,6.21,19.08,16.83
15.22,16.81,20.06,18.24,18.75,19.45,16.07,6.52,13.79,1.65,9.46,17.70,19.63,19.78,7.83,17.74,15.29
14.89,21.23,19.63,6.89,21.94,25.79,6.74,19.52,4.23,15.51,23.61,13.91,12.52,10.70,9.11,8.34,7.38
9.71,10.48,14.04,20.43,12.43,13.34,13.49,12.82,15.35,7.57,7.34,12.70,23.32,22.89,10.45,14.63,12.48
9.94,15.77,10.96,19.93,15.14,20.05,7.48,28.10,16.78,22.61,25.17,6.60,25.67,23.76,18.62,5.45,7.78
17.11,23.72,21.26,7.89,24.14,28.35,8.43,23.32,7.59,19.42,27.29,15.44,13.70,11.53,12.98,9.31,9.38
16.50,19.94,21.86,12.96,21.63,23.35,14.27,7.10,9.05,4.00,14.92,18.11,14.09,14.25,3.37,16.23,13.79
14.09,20.55,16.37,16.12,20.25,25.05,7.52,28.16,14.27,23.17,28.05,11.16,21.97,19.86,17.86,6.28,8.44
8.86,5.87,11.04,25.33,7.97,7.72,15.88,17.98,20.18,13.13,7.29,12.24,28.72,28.10,15.90,16.35,14.80
2.94,7.92,4.06,22.27,7.48,12.30,8.93,24.36,17.77,18.65,18.31,1.78,27.36,25.91,16.94,7.95,8.22
14.50,19.44,19.92,9.00,20.76,23.51,9.89,12.32,4.20,8.48,17.97,15.18,12.07,11.41,1.91,11.92,9.68
5.10,10.19,5.46,22.00,9.51,14.42,8.43,25.92,17.83,20.21,20.61,2.09,27.35,25.74,17.80,6.99,7.97
23.26,24.53,28.09,20.97,26.54,26.62,23.10,2.11,17.97,7.53,14.33,25.63,20.03,21.05,12.58,24.95,22.47
10.96,17.64,14.35,14.01,17.69,22.26,3.34,24.07,11.09,19.00,24.04,8.61,19.76,17.84,13.91,2.60,4.32
24.23,27.16,29.54,15.78,28.98,30.11,21.57,5.75,14.10,9.26,19.41,25.87,13.74,15.08,10.39,23.59,21.23
19.02,24.31,24.36,4.92,25.55,28.45,12.87,14.15,3.36,12.04,22.47,19.22,7.12,6.52,6.00,14.83,13.02
8.84,5.35,10.68,25.84,7.44,7.05,16.12,18.65,20.68,13.80,7.70,12.20,29.29,28.65,16.49,16.52,15.05
4.58,5.85,0.90,25.35,4.76,9.69,12.14,25.81,20.72,20.15,17.94,5.01,30.30,28.93,19.33,11.18,11.38
22.35,23.98,27.30,19.48,25.96,26.30,21.81,0.77,16.48,6.49,14.46,24.60,18.65,19.62,11.16,23.69,21.21
8.15,12.05,13.49,15.97,13.53,16.02,8.80,13.71,10.81,8.01,12.35,10.12,19.57,18.81,7.11,10.23,7.88
14.83,20.46,15.27,21.37,19.64,24.57,11.09,32.14,19.25,26.83,30.03,11.46,27.22,25.11,22.19,9.23,11.71
13.09,7.85,13.71,30.10,9.56,6.45,20.69,20.63,24.95,16.59,7.26,16.36,33.22,32.74,20.35,21.03,19.62
17.50,19.98,22.66,15.83,21.84,22.93,16.54,4.52,12.01,2.11,13.03,19.54,16.45,16.85,6.22,18.42,15.94
10.35,5.99,11.68,27.36,7.99,6.50,17.78,19.25,22.21,14.69,7.20,13.68,30.69,30.11,17.84,18.15,16.71
13.05,19.02,14.19,19.41,18.40,23.31,8.75,29.81,17.04,24.51,28.00,9.76,25.25,23.19,19.85,6.91,9.39
24.61,29.26,30.04,8.74,30.72,33.05,19.12,13.23,9.65,13.80,24.90,25.18,5.41,6.96,10.11,21.10,19.20
4.15,7.54,9.06,19.78,8.90,11.79,9.39,17.54,14.68,11.86,12.05,7.08,23.88,22.92,11.73,9.97,8.32
24.33,29.40,29.70,6.57,30.73,33.39,18.14,15.22,8.51,15.08,26.11,24.58,3.18,4.53,10.42,20.05,18.35
23.12,25.60,28.32,16.96,27.48,28.35,21.26,3.49,14.63,7.61,17.28,25.00,15.53,16.67,10.11,23.24,20.82
12.85,12.43,16.76,22.36,14.50,14.36,16.70,11.33,17.45,7.13,4.61,15.95,24.57,24.43,11.95,17.92,15.72
13.87,19.98,18.87,7.37,20.84,24.47,6.47,17.65,3.23,13.51,21.69,13.33,12.55,10.99,7.19,8.34,6.83
24.46,30.71,29.17,4.41,31.49,35.21,16.20,23.26,9.28,21.28,31.29,23.40,7.15,4.98,14.89,17.53,16.92
10.74,14.54,16.11,14.38,16.10,18.33,9.90,11.51,9.32,5.99,12.85,12.49,17.45,16.89,4.68,11.63,9.15
9.98,16.50,12.67,16.27,16.33,21.05,4.32,25.36,13.18,20.08,24.10,7.17,22.00,20.10,15.48,2.50,4.96
5.15,2.41,3.50,26.27,1.92,6.57,13.79,24.17,21.36,18.68,14.96,7.34,30.81,29.66,18.99,13.27,12.88
25.54,26.05,30.10,24.40,28.12,27.62,26.14,5.51,21.39,10.34,14.61,28.14,23.26,24.38,15.91,27.94,25.46
15.62,15.23,19.62,22.81,17.31,16.85,18.76,9.20,18.17,6.32,4.95,18.64,24.35,24.48,12.32,20.14,17.83
21.06,24.33,26.41,13.55,26.08,27.53,18.25,5.73,11.15,6.90,17.77,22.59,12.68,13.57,7.06,20.27,17.91
16.52,23.17,20.53,8.84,23.53,27.81,7.84,23.75,8.19,19.67,27.21,14.71,14.67,12.51,13.34,8.56,8.83
15.34,8.75,13.88,34.54,9.42,4.51,23.79,26.15,29.39,21.99,12.60,18.16,38.08,37.42,25.27,23.70,22.76
22.37,25.21,27.65,15.43,27.04,28.17,20.06,4.43,13.15,7.32,17.63,24.09,14.13,15.21,8.86,22.06,19.66
15.72,18.21,20.86,15.87,20.05,21.23,15.17,6.05,11.63,1.00,11.95,17.82,17.11,17.28,5.65,16.99,14.51
14.28,17.68,19.61,13.65,19.36,21.16,12.70,8.36,9.13,3.58,13.49,16.01,15.57,15.45,3.17,14.58,12.11
10.85,14.70,16.22,14.22,16.25,18.49,9.88,11.48,9.16,5.99,12.99,12.57,17.28,16.72,4.52,11.62,9.14
8.24,11.59,13.45,16.81,13.18,15.40,9.69,13.39,11.66,7.67,11.37,10.49,20.26,19.57,7.61,11.05,8.74
20.08,22.42,25.22,16.56,24.31,25.20,18.85,2.52,13.36,4.43,14.50,22.09,16.26,17.00,8.04,20.77,18.31
12.06,17.89,17.28,9.28,18.88,22.30,5.93,16.07,4.35,11.51,19.26,12.01,13.92,12.64,5.67,7.97,5.90
14.43,20.60,15.94,18.37,20.08,24.97,9.03,29.98,16.46,24.85,29.03,11.24,24.22,22.10,19.80,7.44,9.83
10.58,16.84,15.54,10.70,17.60,21.39,3.49,18.20,6.29,13.32,19.92,10.01,15.82,14.32,7.98,5.51,3.60
14.16,10.74,16.30,27.89,12.76,10.70,20.36,16.40,22.85,12.92,2.73,17.54,30.38,30.15,17.64,21.13,19.30
10.15,16.79,13.34,14.97,16.77,21.39,3.28,24.31,11.85,19.11,23.66,7.65,20.68,18.80,14.30,1.92,4.10
6.75,10.58,12.02,17.14,12.03,14.63,8.69,14.92,11.98,9.20,12.10,8.96,20.93,20.10,8.59,9.88,7.68
10.66,14.70,16.06,13.94,16.20,18.57,9.44,11.86,8.85,6.41,13.37,12.28,17.12,16.51,4.46,11.19,8.71
15.78,15.78,19.97,21.97,17.85,17.61,18.43,8.27,17.40,5.35,5.96,18.70,23.39,23.56,11.50,19.88,17.53
3.58,5.50,7.55,21.75,6.90,9.83,10.74,19.02,16.67,13.43,11.95,6.93,25.91,24.93,13.74,11.00,9.68
5.24,6.18,9.15,21.68,7.89,10.03,11.59,17.56,16.55,12.06,10.31,8.54,25.54,24.70,13.04,12.10,10.52
18.07,24.28,22.91,3.65,25.09,28.78,10.07,19.52,3.74,16.33,25.50,17.22,9.45,7.48,9.71,11.64,10.68
15.02,21.67,19.04,9.55,22.02,26.32,6.34,23.17,8.03,18.85,25.98,13.22,15.39,13.32,12.70,7.07,7.34
20.16,26.03,25.24,1.28,27.03,30.39,12.74,17.94,3.93,15.63,25.68,19.71,6.34,4.61,9.23,14.47,13.19
9.97,15.26,10.05,21.72,14.40,19.34,9.01,29.22,18.46,23.65,25.45,6.60,27.44,25.55,20.01,6.99,9.17
3.47,7.57,8.58,19.63,8.77,11.96,8.81,18.13,14.57,12.43,12.82,6.31,23.87,22.85,11.93,9.29,7.74
9.68,3.24,8.93,29.31,4.57,2.49,18.15,23.24,24.19,18.36,11.39,12.59,33.19,32.36,20.57,18.04,17.12
9.56,10.11,13.78,20.79,12.08,12.93,13.63,13.17,15.70,7.96,7.16,12.61,23.73,23.28,10.86,14.71,12.60
16.67,22.61,21.75,4.57,23.56,27.02,9.35,17.19,1.31,13.87,23.13,16.24,9.64,8.09,7.25,11.18,9.74
17.14,23.24,22.10,4.15,24.11,27.71,9.44,18.35,2.48,15.04,24.20,16.49,9.66,7.90,8.42,11.14,9.94
26.42,32.58,31.22,5.65,33.43,37.04,18.28,23.68,10.79,22.20,32.54,25.48,6.27,4.52,16.04,19.66,18.97
12.94,16.30,18.25,14.25,17.97,19.83,11.88,9.29,9.48,3.96,12.71,14.77,16.58,16.32,3.81,13.70,11.22
13.17,19.67,15.59,15.86,19.41,24.19,6.60,27.35,13.73,22.31,27.09,10.29,21.71,19.64,17.10,5.33,7.51
23.73,25.24,28.65,20.42,27.23,27.45,23.18,2.18,17.63,7.88,15.32,26.00,19.24,20.34,12.45,25.08,22.60
22.29,26.07,27.72,11.80,27.73,29.49,18.49,8.17,10.32,9.23,20.24,23.50,10.25,11.33,7.66,20.53,18.29
23.76,29.00,29.09,5.44,30.27,33.07,17.31,15.81,7.69,15.28,26.22,23.88,2.77,3.60,10.21,19.20,17.57
13.41,19.10,18.66,8.13,20.15,23.45,7.28,15.41,3.04,11.22,19.70,13.43,12.55,11.34,4.94,9.30,7.30
16.58,22.31,21.79,5.01,23.36,26.64,9.79,15.89,0.17,12.67,22.18,16.42,9.42,8.13,6.06,11.71,10.05
8.30,14.94,12.65,13.84,15.33,19.59,0.39,20.92,9.80,15.65,20.43,6.88,19.21,17.58,11.16,2.05,0.70
16.20,22.59,20.85,6.06,23.26,27.17,7.89,20.34,4.61,16.57,24.94,15.10,11.85,9.89,10.06,9.34,8.61
18.61,22.64,24.04,10.53,24.23,26.25,14.91,8.52,7.60,7.08,18.10,19.78,10.97,11.31,3.94,16.94,14.65
19.56,23.56,25.00,10.59,25.16,27.14,15.76,8.44,8.10,7.64,18.73,20.72,10.52,11.04,4.87,17.79,15.53
14.82,20.20,14.85,22.45,19.27,24.20,11.78,32.78,20.21,27.40,30.18,11.44,28.30,26.21,22.94,9.85,12.32
10.42,16.97,14.94,11.56,17.48,21.59,2.02,20.26,7.74,15.30,21.32,9.19,17.01,15.32,10.05,3.81,2.71
24.43,29.75,29.73,5.36,31.00,33.86,17.78,16.68,8.22,16.19,27.12,24.46,1.86,2.91,11.06,19.63,18.09
11.78,6.47,12.33,29.34,8.22,5.48,19.54,20.79,24.19,16.46,7.92,15.03,32.66,32.09,19.80,19.81,18.48
25.73,26.03,30.20,25.11,28.11,27.47,26.57,6.16,22.03,10.75,14.35,28.39,24.04,25.14,16.49,28.35,25.87
1.21,5.58,4.51,22.42,5.86,10.20,9.87,22.17,17.58,16.49,15.31,4.03,27.11,25.87,15.74,9.47,8.94
18.56,25.07,22.96,5.92,25.62,29.67,9.99,22.60,6.72,19.13,27.70,17.14,11.66,9.46,12.54,11.10,10.84
8.18,13.57,13.59,13.65,14.68,17.92,5.74,15.63,8.57,10.20,15.64,9.02,17.93,16.85,6.82,7.41,4.94
9.27,4.07,9.87,27.69,6.00,4.80,17.26,20.88,22.54,16.06,9.23,12.48,31.33,30.61,18.59,17.41,16.20
18.75,20.89,23.82,16.95,22.80,23.62,18.04,3.03,13.34,2.93,13.01,20.89,17.15,17.72,7.66,19.91,17.43
23.66,24.72,28.42,21.77,26.75,26.69,23.72,2.86,18.73,8.05,14.19,26.09,20.81,21.85,13.31,25.56,23.08
6.23,10.67,11.61,16.73,11.98,14.89,7.73,15.65,11.60,9.95,13.04,8.18,20.74,19.81,8.71,8.88,6.71
15.45,12.61,18.02,27.53,14.66,12.76,20.99,14.79,22.60,11.83,0.80,18.80,29.65,29.57,17.11,21.93,19.95
6.61,10.05,4.41,24.55,8.88,13.78,10.98,28.03,20.41,22.31,21.66,4.42,29.92,28.30,20.26,9.44,10.55
14.60,18.25,19.98,12.82,19.89,21.82,12.49,8.63,8.37,4.26,14.33,16.17,14.74,14.60,2.38,14.41,11.96
5.84,12.36,8.89,18.08,12.26,16.92,4.50,23.62,14.03,18.04,20.53,3.13,23.48,21.83,14.65,3.10,4.16
13.85,7.28,12.53,33.13,8.06,3.25,22.29,25.25,27.98,20.91,11.99,16.69,36.74,36.05,23.96,22.20,21.26
20.32,23.98,25.73,11.97,25.66,27.38,16.99,7.15,9.57,7.23,18.31,21.66,11.43,12.16,5.89,19.02,16.70
14.71,20.20,20.02,7.29,21.34,24.47,8.77,14.53,2.16,10.77,19.93,14.88,11.27,10.22,4.20,10.79,8.80
19.78,26.29,24.16,5.66,26.85,30.89,11.21,23.21,7.40,19.95,28.75,18.34,11.18,8.92,13.34,12.29,12.06
19.14,21.07,24.16,17.67,23.00,23.67,18.68,2.47,14.09,3.27,12.73,21.36,17.77,18.39,8.39,20.53,18.05
23.78,27.97,29.23,10.52,29.55,31.56,19.15,10.62,10.19,11.65,22.72,24.70,8.01,9.37,9.04,21.18,19.09
6.29,11.16,6.08,22.39,10.33,15.27,8.85,26.99,18.39,21.29,21.79,3.20,27.83,26.17,18.67,7.21,8.52
14.12,13.87,18.15,22.20,15.94,15.73,17.45,10.02,17.42,6.27,4.89,17.14,24.09,24.08,11.71,18.77,16.50
12.40,5.81,11.12,31.90,6.63,2.04,20.88,24.72,26.76,20.18,11.88,15.22,35.64,34.89,22.91,20.76,19.86
14.78,21.46,18.69,10.13,21.75,26.10,6.14,23.55,8.54,19.14,26.06,12.88,15.97,13.90,13.07,6.71,7.16
13.73,18.69,19.16,9.52,20.00,22.78,9.30,12.53,4.55,8.38,17.52,14.45,12.79,12.07,2.07,11.33,9.04
10.27,16.50,15.26,10.99,17.27,21.04,3.44,18.03,6.49,13.08,19.57,9.78,16.04,14.57,7.88,5.48,3.44
9.15,2.48,7.89,29.29,3.46,2.28,17.75,23.99,24.21,18.99,12.48,11.88,33.33,32.43,20.84,17.52,16.75
22.68,27.66,28.07,6.37,29.02,31.63,16.76,13.90,7.20,13.40,24.39,23.04,4.67,5.42,8.64,18.72,16.91
13.49,20.18,17.04,12.11,20.32,24.82,5.15,24.38,10.05,19.66,25.76,11.29,17.95,15.90,13.95,5.17,6.23
11.89,6.43,12.29,29.62,8.13,5.22,19.73,21.12,24.46,16.78,8.20,15.11,32.96,32.38,20.11,19.97,18.66
12.66,19.30,16.78,10.73,19.67,23.95,3.98,22.11,8.02,17.44,23.92,10.95,16.47,14.56,11.69,4.88,4.97
18.49,24.42,23.55,2.75,25.39,28.83,11.03,17.74,2.54,14.92,24.59,18.00,8.00,6.32,8.35,12.78,11.48
7.90,2.22,8.03,27.32,4.20,4.33,16.23,21.86,22.21,16.80,10.91,10.96,31.24,30.39,18.68,16.20,15.20
6.22,12.82,9.57,17.32,12.82,17.42,3.74,23.17,13.29,17.63,20.53,3.77,22.72,21.07,14.05,2.41,3.44
3.67,8.68,9.06,18.50,9.75,13.14,7.60,18.04,13.48,12.33,13.72,5.93,22.86,21.77,11.18,8.18,6.52
15.44,20.53,20.84,7.85,21.82,24.64,10.26,12.82,3.24,9.37,19.11,15.95,10.92,10.23,2.76,12.30,10.17
8.33,12.68,7.15,23.64,11.60,16.52,10.27,29.05,19.90,23.36,23.79,5.31,29.20,27.45,20.55,8.43,10.10
15.25,21.95,18.74,11.61,22.07,26.58,6.87,25.29,10.33,20.79,27.33,13.01,17.45,15.31,14.82,6.92,7.94
3.96,10.24,9.21,17.26,10.93,14.85,5.32,19.33,12.46,13.66,16.10,4.62,22.02,20.74,11.29,5.76,4.26
24.20,29.78,29.40,3.95,30.92,34.00,17.09,18.12,7.79,17.18,27.94,23.97,1.93,1.18,11.59,18.86,17.50
22.28,26.06,27.71,11.83,27.72,29.47,18.50,8.14,10.34,9.20,20.21,23.50,10.29,11.37,7.66,20.54,18.29
12.70,10.63,15.69,25.13,12.73,11.75,18.09,14.26,20.11,10.32,2.84,16.02,27.62,27.38,14.87,19.02,17.04
10.68,17.36,14.15,13.96,17.44,21.98,2.98,23.76,10.92,18.67,23.69,8.38,19.68,17.79,13.63,2.31,3.96
14.93,21.61,18.84,10.06,21.90,26.25,6.29,23.61,8.55,19.22,26.19,13.03,15.91,13.82,13.14,6.86,7.31
25.19,30.43,30.51,6.23,31.70,34.49,18.64,16.66,9.05,16.48,27.48,25.27,1.75,3.46,11.60,20.50,18.93
12.29,6.81,12.67,29.91,8.48,5.40,20.10,21.18,24.76,16.92,8.11,15.51,33.21,32.65,20.35,20.35,19.04
5.55,4.41,1.51,26.71,2.97,7.89,13.71,25.92,21.95,20.35,17.09,6.73,31.50,30.22,20.12,12.88,12.90
7.19,13.39,12.33,14.03,14.16,17.95,3.35,18.18,9.29,12.76,17.48,7.14,18.87,17.53,8.98,4.87,2.44
20.88,22.01,25.64,20.47,24.03,24.13,21.22,2.12,16.96,5.41,12.05,23.35,20.24,21.00,11.24,23.01,20.53
11.09,17.42,15.95,10.30,18.13,21.99,3.53,18.65,6.10,13.86,20.60,10.35,15.54,13.97,8.34,5.49,3.83
17.35,23.39,22.35,3.89,24.29,27.83,9.76,18.02,2.21,14.81,24.10,16.77,9.29,7.57,8.19,11.49,10.24
14.84,15.97,19.51,19.31,17.96,18.44,16.39,7.31,14.76,2.91,8.21,17.48,20.85,20.95,8.84,17.97,15.55
12.70,18.61,17.86,8.57,19.57,23.05,6.13,16.44,3.76,12.05,20.01,12.50,13.35,11.99,5.98,8.14,6.23
10.12,5.96,11.58,27.03,7.99,6.70,17.48,19.01,21.87,14.41,7.14,13.46,30.35,29.77,17.51,17.87,16.40
7.52,1.45,7.30,27.37,3.42,4.20,16.00,22.43,22.28,17.29,11.67,10.48,31.40,30.50,18.94,15.88,14.98
24.34,30.16,29.42,3.23,31.19,34.49,16.81,19.78,8.03,18.51,29.08,23.85,3.18,0.89,12.59,18.46,17.31
18.08,24.75,21.94,9.08,25.05,29.40,9.42,25.08,9.32,21.16,28.87,16.15,14.77,12.53,14.74,9.98,10.43
13.30,17.53,18.74,11.82,19.03,21.36,10.56,10.59,7.01,5.97,15.13,14.60,14.49,14.05,1.65,12.51,10.07
3.30,9.96,8.04,18.21,10.34,14.61,5.39,20.97,13.58,15.29,17.19,3.00,23.18,21.78,12.84,5.22,4.45
5.66,12.21,8.87,17.97,12.16,16.79,4.40,23.36,13.88,17.77,20.27,3.07,23.35,21.72,14.42,3.11,4.00
6.77,5.20,9.54,23.73,7.21,8.32,13.78,18.08,18.58,12.85,8.95,10.15,27.40,26.66,14.72,14.20,12.70
4.44,5.85,1.04,25.21,4.80,9.74,12.01,25.69,20.58,20.03,17.87,4.89,30.16,28.80,19.19,11.06,11.25
25.87,26.71,30.56,23.58,28.76,28.46,26.01,5.03,20.79,10.34,15.62,28.36,22.19,23.39,15.50,27.85,25.37
14.05,14.01,18.18,21.78,16.07,15.98,17.18,9.73,17.01,5.85,5.32,17.04,23.65,23.65,11.29,18.53,16.24
8.91,4.01,9.75,27.22,6.02,5.19,16.83,20.52,22.07,15.66,9.11,12.15,30.86,30.14,18.13,17.01,15.77
23.86,30.01,28.70,3.22,30.86,34.47,15.80,21.93,8.27,20.04,30.17,22.98,6.04,3.79,13.72,17.24,16.45
20.20,21.87,25.15,18.68,23.84,24.30,19.92,1.41,15.24,4.37,12.86,22.49,18.50,19.23,9.61,21.77,19.28
14.58,18.62,20.01,11.70,20.17,22.34,11.78,9.52,7.21,5.41,15.37,15.92,13.84,13.60,1.22,13.75,11.33
11.24,4.83,10.45,30.52,6.02,2.40,19.63,23.51,25.38,18.87,10.99,14.18,34.24,33.49,21.52,19.58,18.60
3.81,7.12,8.63,20.15,8.46,11.42,9.53,17.95,15.07,12.28,12.16,6.85,24.29,23.32,12.17,10.02,8.46
23.89,28.75,29.29,7.38,30.15,32.66,18.08,13.91,8.53,13.94,25.01,24.31,4.49,5.78,9.65,20.04,18.22
23.99,29.36,29.28,4.87,30.59,33.49,17.29,16.70,7.74,16.03,26.92,23.98,2.11,2.69,10.76,19.13,17.60
11.31,9.64,14.47,24.18,11.74,11.24,16.72,14.46,19.11,10.06,4.25,14.62,26.90,26.56,14.07,17.62,15.67
14.43,8.19,13.79,32.84,9.33,4.89,22.62,23.91,27.68,19.84,10.36,17.47,36.20,35.62,23.35,22.70,21.57
23.30,28.53,28.63,5.23,29.81,32.61,16.88,15.56,7.26,14.90,25.82,23.43,3.16,3.76,9.77,18.77,17.13
19.52,25.15,24.74,2.91,26.26,29.43,12.63,16.20,3.13,13.96,24.17,19.36,6.46,5.26,7.67,14.48,12.95
10.31,14.21,15.68,14.44,15.74,18.06,9.52,11.96,9.34,6.42,12.93,12.04,17.64,17.03,4.96,11.22,8.75
13.05,19.18,18.06,8.19,20.02,23.68,5.74,17.64,3.90,13.30,21.15,12.52,13.33,11.80,7.16,7.66,6.05
24.31,29.67,29.59,5.08,30.90,33.79,17.59,16.84,8.05,16.26,27.17,24.30,1.83,2.66,11.05,19.44,17.91
24.99,30.68,30.14,4.20,31.78,34.95,17.67,19.27,8.59,18.34,29.08,24.64,1.95,0.37,12.68,19.38,18.13
3.43,9.73,8.72,17.79,10.40,14.35,5.76,19.55,12.98,13.86,15.91,4.31,22.54,21.26,11.70,6.07,4.71
5.09,3.09,2.79,26.30,2.18,7.04,13.63,24.68,21.44,19.16,15.66,6.98,30.93,29.73,19.26,13.01,12.74
8.92,14.87,14.15,12.36,15.78,19.35,4.12,16.94,7.49,11.73,17.66,9.00,17.06,15.77,7.31,6.02,3.57
13.93,17.75,19.33,12.61,19.35,21.41,11.73,9.36,8.00,4.76,14.40,15.45,14.84,14.58,2.12,13.66,11.20
18.08,19.23,22.81,19.67,21.23,21.49,18.88,4.19,15.65,3.19,10.02,20.62,20.26,20.72,9.70,20.59,18.13
24.12,29.66,29.35,4.11,30.82,33.87,17.11,17.79,7.74,16.91,27.69,23.95,1.88,1.52,11.38,18.89,17.49
9.56,14.34,8.89,22.99,13.33,18.25,9.96,29.62,19.54,23.98,25.08,6.30,28.66,26.82,20.71,7.99,9.98
2.82,9.41,6.74,19.52,9.49,14.02,6.32,22.36,14.99,16.66,17.85,1.49,24.58,23.14,14.37,5.67,5.52
2.02,8.56,7.25,19.21,9.07,13.21,6.77,20.60,14.43,14.88,15.96,3.29,24.00,22.70,13.10,6.69,5.79
14.94,19.89,20.37,8.67,21.22,23.95,10.21,12.27,4.00,8.62,18.28,15.61,11.63,11.01,2.00,12.25,10.03
4.54,9.46,9.96,17.73,10.60,13.86,7.35,17.29,12.68,11.57,13.63,6.58,22.01,20.96,10.28,8.15,6.28
19.53,18.58,23.32,25.41,20.68,19.56,22.61,8.87,21.11,8.56,6.30,22.59,26.19,26.62,15.12,24.04,21.70
17.41,22.11,22.85,8.17,23.53,26.04,12.65,11.20,4.79,8.74,19.28,18.15,9.85,9.66,3.05,14.69,12.53
24.30,30.25,29.29,3.09,31.22,34.64,16.55,20.69,8.18,19.20,29.63,23.66,4.21,1.97,13.12,18.12,17.11
15.24,21.91,18.43,12.74,21.93,26.53,7.16,26.25,11.44,21.64,27.83,12.80,18.57,16.42,15.79,6.87,8.23
22.90,24.09,27.70,21.04,26.11,26.16,22.88,2.05,17.93,7.23,13.85,25.30,20.23,21.21,12.47,24.72,22.24
23.93,27.42,29.33,13.51,29.14,30.66,20.43,7.71,12.30,10.01,20.74,25.28,11.29,12.64,9.47,22.46,20.20
12.78,6.11,11.09,32.58,6.64,1.73,21.34,25.64,27.45,21.07,12.79,15.48,36.39,35.61,23.70,21.14,20.33
16.05,19.96,21.47,11.53,21.56,23.59,13.09,8.58,7.50,5.34,15.95,17.40,13.05,13.03,1.95,15.09,12.69
22.01,25.73,27.43,12.01,27.40,29.12,18.35,7.79,10.35,8.81,19.82,23.27,10.62,11.65,7.44,20.39,18.13
23.40,29.53,28.25,2.76,30.39,33.99,15.36,21.55,7.79,19.60,29.70,22.54,6.03,3.75,13.26,16.83,16.01
23.91,29.54,29.10,3.53,30.66,33.79,16.74,18.25,7.50,17.18,27.88,23.65,2.33,1.07,11.48,18.50,17.16
7.19,13.23,12.43,14.06,14.08,17.75,3.92,17.64,9.22,12.19,16.96,7.40,18.78,17.50,8.57,5.45,3.02
24.23,27.80,29.64,13.33,29.51,31.07,20.58,8.18,12.31,10.45,21.20,25.53,10.94,12.35,9.70,22.62,20.38
14.30,20.36,15.58,19.05,19.77,24.68,9.34,30.35,17.04,25.17,29.08,11.05,24.90,22.79,20.24,7.65,10.09
25.26,31.07,30.35,4.16,32.11,35.38,17.74,20.19,8.93,19.14,29.80,24.79,2.74,0.91,13.35,19.38,18.25
12.66,19.30,15.74,14.05,19.27,23.90,5.11,25.49,11.75,20.55,25.86,10.12,19.88,17.85,15.19,4.35,6.12
9.73,16.40,13.20,14.56,16.48,21.03,2.49,23.51,11.25,18.31,22.96,7.43,20.22,18.38,13.53,1.36,3.33
8.69,2.98,8.83,27.82,4.86,4.08,16.95,21.76,22.69,16.81,10.37,11.79,31.64,30.84,18.99,16.97,15.90
5.60,11.91,10.71,15.63,12.60,16.51,3.90,18.96,10.90,13.39,17.01,5.64,20.48,19.14,10.26,4.80,2.82
4.82,10.74,6.66,20.40,10.35,15.17,6.83,24.75,16.23,19.07,20.24,1.44,25.74,24.13,16.35,5.45,6.36
5.24,9.12,10.44,18.30,10.49,13.31,8.66,16.35,13.18,10.64,12.23,7.72,22.31,21.39,10.14,9.54,7.60
21.22,23.83,26.45,15.95,25.69,26.70,19.43,3.24,13.19,5.87,16.08,23.09,15.16,16.07,8.34,21.40,18.96
17.04,17.10,21.29,22.15,19.17,18.85,19.38,7.27,17.75,5.31,6.74,19.92,23.24,23.54,11.78,20.89,18.51
23.16,28.39,28.49,5.16,29.67,32.47,16.74,15.51,7.12,14.81,25.71,23.29,3.27,3.79,9.64,18.64,16.99
15.93,16.18,20.24,21.46,18.24,18.12,18.28,7.68,16.94,4.77,6.60,18.79,22.81,23.00,11.02,19.77,17.40
26.71,27.38,31.34,24.54,29.45,29.01,26.98,6.03,21.79,11.27,16.03,29.24,23.06,24.30,16.50,28.82,26.33
13.94,11.97,17.03,25.36,14.07,12.92,18.98,13.42,20.42,9.92,1.79,17.24,27.57,27.45,14.97,20.00,17.95
6.80,10.87,12.13,16.75,12.28,14.97,8.33,14.97,11.61,9.25,12.48,8.87,20.60,19.74,8.35,9.55,7.33
7.50,3.94,9.13,25.56,6.04,6.48,15.19,19.58,20.41,14.51,9.22,10.83,29.27,28.51,16.59,15.44,14.13
18.67,23.20,24.12,8.54,24.67,27.02,14.06,10.51,5.90,8.80,19.65,19.50,9.33,9.46,4.04,16.10,13.94
18.70,25.23,23.02,6.30,25.76,29.85,10.09,23.06,7.18,19.56,28.05,17.20,12.00,9.78,12.98,11.12,10.96
8.59,14.76,13.70,12.62,15.56,19.30,3.23,17.84,7.92,12.60,18.22,8.39,17.51,16.14,8.17,5.12,2.68
4.51,9.30,9.90,17.89,10.47,13.69,7.54,17.26,12.84,11.54,13.45,6.64,22.15,21.11,10.37,8.33,6.47
6.75,4.59,9.14,24.28,6.62,7.68,14.08,18.70,19.13,13.49,9.23,10.12,28.00,27.23,15.35,14.42,13.01
12.33,8.75,14.31,27.29,10.77,9.01,18.95,17.26,22.19,13.22,4.43,15.71,30.13,29.76,17.29,19.59,17.88
12.73,17.51,11.93,23.82,16.41,21.30,11.72,32.19,20.93,26.63,28.25,9.41,29.62,27.64,22.84,9.68,12.00
20.94,26.45,26.19,3.12,27.61,30.66,14.17,16.04,4.61,14.35,24.86,20.86,5.02,4.14,8.39,16.03,14.47
21.48,24.48,26.79,14.64,26.28,27.54,19.06,4.75,12.20,6.73,17.34,23.16,13.65,14.61,7.86,21.06,18.67
18.01,24.45,22.55,5.36,25.08,29.04,9.56,21.59,5.71,18.12,26.77,16.75,11.19,9.06,11.53,10.82,10.34
15.59,22.27,18.85,12.40,22.31,26.89,7.41,26.20,11.26,21.66,28.02,13.19,18.22,16.06,15.73,7.22,8.48
5.54,9.31,3.94,23.88,8.30,13.24,10.32,26.97,19.63,21.25,20.67,3.48,29.17,27.60,19.30,8.91,9.81
5.19,9.59,10.53,17.71,10.87,13.87,7.94,16.51,12.61,10.80,12.91,7.39,21.82,20.85,9.83,8.86,6.88
7.62,7.72,11.45,21.80,9.66,10.81,13.06,15.59,16.64,10.29,8.08,10.86,25.18,24.55,12.39,13.84,11.99
24.87,31.13,29.57,4.81,31.91,35.64,16.59,23.60,9.71,21.67,31.71,23.80,7.25,5.13,15.30,17.90,17.32
3.18,7.12,8.17,20.06,8.31,11.54,9.08,18.48,15.02,12.79,12.82,6.18,24.33,23.29,12.38,9.47,8.01
2.84,6.46,2.83,23.41,5.94,10.78,10.25,24.38,18.78,18.68,17.45,3.26,28.37,26.99,17.51,9.40,9.47
14.54,18.22,19.93,12.76,19.85,21.80,12.40,8.72,8.30,4.34,14.38,16.10,14.71,14.56,2.31,14.33,11.87
22.61,28.88,27.32,3.31,29.65,33.40,14.36,22.32,7.70,19.98,29.76,21.56,7.62,5.33,13.48,15.70,15.07
18.56,20.52,23.58,17.47,22.45,23.17,18.15,3.05,13.77,2.68,12.40,20.78,17.77,18.31,8.00,19.99,17.51
20.67,20.58,24.91,23.74,22.67,22.01,22.58,6.05,19.79,7.27,9.06,23.51,23.97,24.59,13.84,24.19,21.76
5.26,11.72,8.23,18.63,11.59,16.27,5.05,23.65,14.50,18.03,20.15,2.46,23.98,22.37,14.88,3.76,4.62
14.68,21.15,16.98,15.97,20.86,25.66,7.93,28.42,14.31,23.49,28.54,11.76,21.81,19.68,18.08,6.79,8.89
23.59,29.80,28.37,3.38,30.61,34.28,15.43,22.29,8.26,20.24,30.25,22.63,6.70,4.44,13.85,16.82,16.12
28.23,34.18,33.20,7.02,35.15,38.55,20.39,23.22,12.07,22.43,33.13,27.54,4.91,4.19,16.68,21.89,20.99
19.23,25.86,23.26,7.95,26.24,30.50,10.55,24.84,8.96,21.21,29.39,17.44,13.50,11.23,14.67,11.28,11.51
6.58,3.70,8.47,24.87,5.75,6.90,14.30,19.59,19.74,14.38,9.85,9.91,28.70,27.88,16.11,14.52,13.24
25.31,30.71,30.58,5.58,31.93,34.85,18.48,17.66,9.00,17.26,28.19,25.25,0.78,2.41,12.11,20.29,18.83
17.09,22.33,22.45,6.19,23.58,26.47,11.29,13.53,2.49,10.72,20.81,17.39,9.09,8.38,4.31,13.29,11.34
17.18,21.92,22.62,8.15,23.32,25.85,12.41,11.31,4.63,8.73,19.20,17.91,9.98,9.74,2.90,14.45,12.29
5.85,1.05,5.86,26.14,2.84,5.57,14.42,22.41,21.10,17.07,12.61,8.75,30.36,29.37,18.11,14.22,13.42
7.37,7.99,11.44,21.21,9.88,11.25,12.51,15.40,16.06,10.01,8.52,10.54,24.63,23.98,11.86,13.33,11.45
6.21,12.82,9.57,17.31,12.81,17.41,3.74,23.16,13.29,17.62,20.52,3.76,22.72,21.07,14.04,2.41,3.43
10.43,17.00,14.91,11.65,17.49,21.63,1.95,20.46,7.89,15.50,21.47,9.14,17.12,15.42,10.25,3.67,2.70
17.32,22.42,22.71,6.61,23.71,26.51,11.78,12.92,3.15,10.26,20.51,17.74,9.08,8.54,4.01,13.79,11.79
11.18,8.55,13.75,25.53,10.64,9.70,17.37,16.08,20.42,11.73,4.57,14.56,28.42,28.02,15.56,18.10,16.30
11.22,14.15,16.40,15.97,15.87,17.62,11.57,10.45,11.00,4.75,11.07,13.38,18.66,18.28,5.79,13.20,10.75
9.20,11.13,13.98,18.67,12.95,14.45,11.92,12.57,13.56,6.99,9.08,11.90,21.71,21.20,8.85,13.18,10.94
20.84,26.12,26.17,4.46,27.37,30.25,14.51,14.74,4.89,13.26,23.94,20.98,5.33,5.01,7.60,16.44,14.72
18.69,21.37,23.91,15.31,23.20,24.35,17.21,4.08,11.86,3.54,14.36,20.60,15.47,16.03,6.41,19.14,16.68
19.50,23.81,24.95,9.29,25.34,27.53,15.14,9.74,7.00,8.63,19.64,20.45,9.42,9.82,4.76,17.18,14.99
12.94,19.43,17.52,9.13,20.01,24.03,4.56,20.18,5.95,15.69,22.85,11.76,14.74,12.94,9.71,6.10,5.28
11.66,9.00,14.23,25.72,11.09,10.01,17.76,15.87,20.63,11.66,4.09,15.03,28.52,28.16,15.67,18.51,16.69
3.00,6.55,2.74,23.50,5.99,10.84,10.30,24.54,18.88,18.85,17.61,3.26,28.47,27.08,17.65,9.42,9.53
7.76,10.50,12.76,18.07,12.17,14.20,10.39,13.84,12.92,8.16,10.44,10.32,21.50,20.83,8.81,11.58,9.39
11.99,16.08,17.41,12.95,17.60,19.91,10.02,11.05,7.97,5.91,14.09,13.46,15.87,15.36,3.10,11.88,9.41
18.38,20.29,23.38,17.60,22.22,22.92,18.08,3.21,13.84,2.51,12.14,20.63,17.96,18.48,8.03,19.91,17.43
17.12,20.26,22.43,13.81,22.01,23.52,15.23,6.06,10.04,3.45,14.53,18.86,14.62,14.92,4.41,17.17,14.72
7.04,12.21,7.17,21.85,11.42,16.35,8.40,27.25,18.01,21.59,22.57,3.76,27.37,25.64,18.64,6.62,8.19
20.89,22.25,25.74,19.83,24.25,24.48,20.94,1.45,16.41,5.22,12.60,23.29,19.53,20.32,10.76,22.76,20.28
9.29,12.22,14.42,16.92,13.90,15.82,10.67,12.30,11.81,6.59,10.70,11.62,20.06,19.50,7.26,12.10,9.75
15.16,20.44,20.53,7.49,21.66,24.63,9.63,13.59,2.62,10.02,19.52,15.52,10.97,10.11,3.40,11.66,9.60
22.54,26.45,27.98,11.34,28.08,29.93,18.50,8.82,10.10,9.78,20.83,23.67,9.62,10.74,7.84,20.54,18.33
9.70,13.44,15.03,15.17,14.99,17.26,9.56,12.29,10.05,6.65,12.38,11.58,18.44,17.81,5.75,11.16,8.73
5.19,11.53,7.87,19.07,11.33,16.06,5.50,23.99,14.95,18.36,20.26,2.17,24.43,22.82,15.30,4.15,5.07
15.91,19.92,21.34,11.23,21.50,23.60,12.79,8.94,7.16,5.63,16.15,17.20,12.87,12.80,1.61,14.80,12.41
13.11,19.66,17.52,9.47,20.17,24.29,4.53,20.98,6.62,16.47,23.48,11.72,15.16,13.30,10.52,5.85,5.37
4.73,10.45,10.15,16.76,11.39,14.97,5.85,17.94,11.81,12.27,15.08,5.95,21.29,20.12,10.12,6.68,4.78
7.47,14.12,10.93,16.20,14.17,18.74,2.75,23.15,12.38,17.72,21.33,5.13,21.70,19.98,13.66,1.06,2.82
20.08,24.87,25.51,7.13,26.27,28.78,14.79,11.96,5.73,10.71,21.60,20.67,7.38,7.60,5.77,16.80,14.79
19.37,19.55,23.72,22.56,21.63,21.21,21.16,5.65,18.51,5.93,8.62,22.17,23.03,23.56,12.54,22.77,20.34
9.25,15.64,14.10,12.14,16.30,20.24,2.20,18.95,7.78,13.83,19.60,8.53,17.31,15.79,9.00,4.23,2.12
9.89,11.27,14.49,19.38,13.16,14.32,12.92,12.15,14.32,6.73,8.12,12.71,22.24,21.82,9.37,14.17,11.94
20.10,22.26,25.20,17.16,24.17,24.94,19.14,2.02,13.89,4.31,14.02,22.20,16.89,17.63,8.46,21.05,18.57
4.14,2.71,3.97,25.13,3.00,7.27,12.82,23.09,20.20,17.56,14.35,6.69,29.63,28.50,17.79,12.42,11.88
10.98,9.53,14.25,23.79,11.62,11.31,16.31,14.36,18.71,9.85,4.63,14.27,26.56,26.20,13.71,17.21,15.26
9.45,2.94,8.58,29.24,4.21,2.43,17.96,23.42,24.13,18.50,11.70,12.31,33.17,32.32,20.59,17.82,16.94
15.45,22.13,19.26,10.21,22.39,26.78,6.84,24.18,9.00,19.84,26.82,13.46,16.05,13.93,13.71,7.29,7.87
8.79,4.86,10.33,26.26,6.95,6.46,16.31,19.25,21.10,14.39,8.15,12.13,29.78,29.11,17.00,16.63,15.24
7.33,13.75,12.24,14.00,14.38,18.35,2.36,19.13,9.46,13.75,18.42,6.79,19.04,17.60,9.73,3.86,1.42
5.30,7.27,9.75,20.52,8.90,11.20,10.74,16.81,15.38,11.22,10.60,8.42,24.37,23.53,11.90,11.40,9.67
15.38,15.77,19.75,21.04,17.82,17.83,17.68,7.87,16.47,4.48,6.69,18.22,22.51,22.65,10.57,19.18,16.80
10.10,16.79,13.71,13.98,16.91,21.42,2.35,23.24,10.72,18.10,23.03,7.92,19.65,17.80,13.17,1.76,3.31
10.25,5.25,11.06,28.03,7.16,5.39,18.02,20.34,22.87,15.73,8.22,13.51,31.49,30.85,18.67,18.27,16.95
16.84,21.39,22.29,9.00,22.84,25.26,12.50,10.59,5.30,7.88,18.38,17.72,10.74,10.56,2.25,14.54,12.31
14.17,20.83,18.20,10.01,21.17,25.47,5.50,22.86,8.05,18.41,25.29,12.38,15.84,13.82,12.39,6.24,6.50
9.18,11.14,13.97,18.64,12.95,14.46,11.89,12.58,13.54,6.99,9.11,11.88,21.69,21.18,8.84,13.16,10.92
2.02,4.73,4.25,23.14,5.06,9.35,10.70,22.30,18.27,16.65,14.88,4.80,27.76,26.57,16.22,10.32,9.76
9.54,15.73,11.34,18.41,15.30,20.15,5.97,26.76,15.22,21.33,24.42,6.35,24.13,22.25,17.15,3.94,6.35
11.07,7.32,12.88,26.95,9.36,7.89,18.02,17.98,21.81,13.61,5.76,14.44,30.04,29.56,17.17,18.55,16.94
9.17,9.29,13.15,21.48,11.28,12.05,13.81,13.99,16.37,8.83,6.98,12.31,24.52,24.04,11.66,14.79,12.77
21.30,25.77,26.75,8.66,27.26,29.52,16.45,10.83,7.57,10.46,21.53,22.09,7.74,8.46,6.64,18.47,16.40
25.88,31.83,30.87,4.67,32.80,36.20,18.09,21.63,9.74,20.45,31.01,25.23,4.03,2.35,14.51,19.64,18.68
10.53,16.81,12.48,17.79,16.42,21.26,5.99,27.00,14.86,21.65,25.20,7.41,23.56,21.62,17.18,4.06,6.54
15.39,18.56,20.69,13.98,20.29,21.90,13.86,7.21,9.73,2.90,13.53,17.18,15.45,15.51,3.76,15.76,13.28
3.76,3.40,3.32,24.92,3.31,7.86,12.40,23.48,20.04,17.91,15.05,6.05,29.52,28.34,17.86,11.89,11.48
16.74,22.65,21.84,4.52,23.63,27.06,9.50,17.02,1.15,13.74,23.06,16.35,9.50,7.98,7.12,11.33,9.87
6.31,0.39,5.59,26.84,2.09,5.03,14.95,23.18,21.82,17.86,13.13,9.02,31.11,30.10,18.90,14.66,13.97
15.52,18.04,20.66,15.79,19.88,21.10,14.97,6.26,11.51,1.10,11.93,17.61,17.10,17.25,5.52,16.78,14.30
9.28,2.70,7.25,29.86,2.78,2.17,17.96,25.15,24.81,20.07,13.74,11.75,34.04,33.08,21.68,17.58,16.99
19.81,24.90,25.19,5.66,26.21,28.95,13.96,13.38,4.55,11.73,22.42,20.16,6.73,6.54,6.14,15.94,14.07
19.48,23.48,24.92,10.61,25.08,27.06,15.70,8.42,8.07,7.58,18.66,20.64,10.57,11.08,4.80,17.73,15.46
15.86,22.34,18.13,15.98,22.04,26.84,8.95,29.17,14.71,24.34,29.64,12.95,21.80,19.61,18.76,7.92,9.94
10.70,8.76,13.67,24.45,10.86,10.39,16.50,15.29,19.34,10.77,4.83,14.04,27.33,26.93,14.47,17.30,15.44
22.96,25.70,28.22,15.99,27.55,28.59,20.73,4.32,13.80,7.75,17.84,24.72,14.50,15.65,9.54,22.73,20.33
15.47,20.38,20.90,8.45,21.73,24.42,10.70,12.07,3.98,8.65,18.53,16.14,11.19,10.64,2.07,12.74,10.54
17.19,21.10,22.61,11.20,22.71,24.70,13.96,8.28,7.60,5.86,16.74,18.48,12.24,12.39,2.76,15.97,13.61
10.17,16.26,11.70,18.81,15.75,20.63,6.64,27.49,15.76,22.07,25.13,6.92,24.56,22.64,17.84,4.63,7.06
27.92,28.51,32.53,25.49,30.58,30.06,28.18,7.19,22.86,12.49,16.98,30.45,23.81,25.12,17.65,30.02,27.54
17.08,18.79,21.99,18.01,20.73,21.38,17.32,4.56,13.92,1.50,10.78,19.44,18.82,19.18,7.97,19.08,16.61
13.32,18.48,13.05,22.80,17.49,22.42,11.24,32.03,20.16,26.55,28.77,9.94,28.63,26.60,22.44,9.23,11.65
12.44,14.81,17.49,16.76,16.63,17.98,13.10,9.14,11.94,3.43,10.20,14.76,19.02,18.82,6.32,14.73,12.29
19.90,19.37,23.91,24.55,21.47,20.58,22.44,7.55,20.38,7.77,7.47,22.86,25.10,25.62,14.39,23.96,21.57
8.94,15.59,13.17,13.48,15.95,20.24,0.31,21.27,9.63,16.07,21.07,7.37,18.94,17.25,11.36,1.95,1.38
18.97,22.98,24.40,10.56,24.57,26.58,15.23,8.46,7.79,7.27,18.32,20.13,10.81,11.22,4.29,17.27,14.98
14.36,20.44,15.67,18.97,19.85,24.76,9.33,30.34,16.98,25.16,29.12,11.12,24.82,22.70,20.21,7.66,10.09
16.51,15.77,20.36,23.80,17.86,17.11,19.85,9.44,19.21,7.16,4.55,19.58,25.20,25.39,13.33,21.21,18.91
4.09,8.52,3.87,22.89,7.82,12.73,9.41,25.50,18.51,19.78,19.37,2.26,28.08,26.57,17.93,8.21,8.79
10.43,17.09,14.57,12.42,17.43,21.73,1.77,21.69,8.97,16.67,22.28,8.75,18.02,16.23,11.50,2.82,2.81
21.41,25.91,26.86,8.54,27.40,29.68,16.49,11.00,7.56,10.65,21.72,22.18,7.55,8.28,6.77,18.52,16.45
21.59,24.03,26.77,16.59,25.91,26.81,19.98,2.70,13.84,6.04,15.94,23.52,15.72,16.66,8.93,21.94,19.50
24.23,29.30,29.59,6.49,30.63,33.30,18.03,15.18,8.40,15.01,26.03,24.47,3.21,4.51,10.32,19.95,18.24
5.77,12.46,9.74,16.75,12.64,17.09,3.26,22.02,12.53,16.48,19.56,3.95,22.04,20.46,12.98,2.61,2.67
20.55,26.03,25.83,3.41,27.20,30.23,13.89,15.67,4.29,13.90,24.40,20.53,5.41,4.60,7.93,15.77,14.17
7.15,2.98,8.30,25.94,5.08,5.81,15.17,20.49,20.81,15.36,10.13,10.40,29.79,28.97,17.20,15.29,14.12
12.85,6.77,12.50,31.27,8.10,4.20,20.99,22.88,26.11,18.60,9.70,15.93,34.70,34.08,21.87,21.10,19.94
23.47,28.59,28.83,5.88,29.91,32.62,17.23,15.06,7.60,14.60,25.57,23.69,3.45,4.34,9.69,19.15,17.45
11.10,8.49,13.68,25.48,10.58,9.68,17.29,16.09,20.37,11.72,4.64,14.48,28.38,27.97,15.52,18.02,16.23
20.99,27.31,25.66,3.32,28.04,31.85,12.69,21.85,6.60,19.13,28.60,19.89,8.62,6.36,12.54,14.03,13.42
7.68,14.12,10.28,17.66,13.91,18.65,4.43,24.77,14.02,19.28,22.30,4.75,23.24,21.47,15.38,2.48,4.54
15.35,21.11,16.01,20.87,20.35,25.28,11.11,32.15,18.94,26.91,30.43,12.01,26.71,24.58,22.09,9.33,11.79
19.50,21.65,24.59,17.09,23.56,24.34,18.67,2.40,13.66,3.70,13.54,21.62,17.03,17.69,8.11,20.56,18.08
8.96,15.61,12.29,15.40,15.63,20.22,2.68,23.69,11.94,18.39,22.58,6.54,21.02,19.22,13.88,0.83,3.27
11.79,5.18,10.48,31.44,6.00,1.57,20.30,24.61,26.31,19.97,11.99,14.59,35.23,34.45,22.54,20.16,19.28
8.09,9.08,12.40,20.49,10.96,12.29,12.46,14.33,15.35,8.92,8.33,11.13,23.75,23.17,10.94,13.44,11.42
13.58,7.19,12.69,32.46,8.22,3.71,21.90,24.24,27.31,19.97,10.95,16.54,35.98,35.33,23.16,21.90,20.86
13.70,20.00,18.52,7.80,20.73,24.55,5.78,18.85,4.28,14.61,22.43,12.86,13.25,11.55,8.38,7.52,6.31
10.12,15.83,10.90,20.37,15.13,20.06,7.93,28.50,17.23,23.00,25.41,6.75,26.11,24.20,19.06,5.89,8.21
11.50,17.25,12.29,20.27,16.55,21.48,8.50,29.37,17.46,23.93,26.72,8.15,26.07,24.09,19.70,6.50,8.94
25.47,31.54,30.35,4.45,32.44,35.97,17.48,22.35,9.60,20.87,31.25,24.66,5.23,3.28,14.74,18.95,18.12
21.16,27.52,25.77,3.79,28.21,32.07,12.78,22.34,7.03,19.59,28.99,19.98,8.99,6.71,12.99,14.07,13.54
8.82,14.97,10.58,18.73,14.53,19.38,5.93,26.48,15.36,21.00,23.80,5.59,24.40,22.56,17.02,3.89,6.17
18.68,24.16,23.96,4.15,25.33,28.39,12.16,15.10,2.54,12.72,22.93,18.69,7.28,6.34,6.42,14.08,12.39
12.78,17.11,18.22,11.86,18.58,21.00,10.02,11.09,6.94,6.33,15.13,14.04,14.74,14.22,2.05,11.95,9.51
10.49,16.59,12.02,18.74,16.09,20.96,6.75,27.67,15.77,22.27,25.43,7.25,24.51,22.57,17.96,4.76,7.22
21.46,21.90,25.95,22.66,23.97,23.60,22.62,4.26,18.99,6.88,10.89,24.15,22.51,23.27,13.16,24.33,21.87
19.95,25.65,25.13,2.29,26.73,29.95,12.88,16.78,3.54,14.59,24.80,19.70,6.13,4.77,8.30,14.70,13.25
23.73,27.19,29.13,13.55,28.92,30.43,20.30,7.49,12.24,9.76,20.49,25.10,11.43,12.75,9.30,22.33,20.06
0.79,5.90,5.12,21.86,6.34,10.55,9.45,21.61,17.01,15.92,15.04,4.03,26.52,25.30,15.12,9.16,8.50
21.68,23.74,26.76,17.90,25.67,26.31,20.63,1.31,14.96,5.86,15.00,23.78,17.12,18.05,9.78,22.55,20.09
25.82,26.56,30.47,23.83,28.62,28.26,26.08,5.16,20.98,10.36,15.37,28.33,22.51,23.68,15.64,27.91,25.43
23.35,29.40,28.28,2.34,30.32,33.83,15.46,20.88,7.48,19.05,29.26,22.61,5.33,3.04,12.78,16.99,16.06
16.55,22.28,21.76,5.03,23.34,26.61,9.76,15.89,0.15,12.66,22.16,16.39,9.45,8.16,6.05,11.68,10.02
13.17,18.33,12.91,22.76,17.35,22.28,11.15,31.92,20.10,26.43,28.63,9.80,28.59,26.57,22.34,9.13,11.54
24.96,30.42,30.21,5.06,31.62,34.59,18.04,17.81,8.61,17.23,28.12,24.84,0.99,1.94,11.93,19.84,18.41
24.47,25.34,29.16,22.77,27.38,27.15,24.71,3.90,19.77,8.99,14.44,26.97,21.70,22.78,14.34,26.54,24.06
10.57,3.95,9.34,30.39,4.87,1.48,19.11,24.18,25.27,19.38,12.02,13.36,34.28,33.45,21.66,18.94,18.09
2.73,6.14,2.80,23.50,5.67,10.48,10.41,24.20,18.83,18.51,17.14,3.50,28.41,27.06,17.46,9.61,9.60
3.29,3.57,5.32,23.69,4.55,8.19,11.80,21.42,18.69,15.87,13.29,6.43,28.07,26.99,16.11,11.64,10.80
20.09,21.39,24.90,19.74,23.39,23.63,20.33,2.15,16.14,4.53,11.85,22.52,19.69,20.39,10.38,22.13,19.65
6.31,9.68,4.06,24.55,8.52,13.43,10.97,27.78,20.36,22.06,21.31,4.27,29.88,28.29,20.10,9.49,10.51
17.68,18.88,22.43,19.46,20.88,21.19,18.49,4.47,15.38,2.85,9.89,20.21,20.15,20.57,9.41,20.20,17.73
9.61,5.60,11.15,26.66,7.65,6.68,16.99,18.99,21.50,14.29,7.44,12.95,30.04,29.43,17.22,17.37,15.92
5.60,12.26,10.06,16.22,12.62,16.91,3.09,20.93,11.82,15.38,18.68,4.44,21.38,19.88,11.96,3.15,2.21
5.17,8.39,10.15,19.16,9.86,12.49,9.47,16.46,14.03,10.78,11.55,7.95,23.09,22.21,10.78,10.26,8.41
3.47,7.07,8.36,20.14,8.34,11.44,9.32,18.24,15.08,12.57,12.49,6.50,24.35,23.34,12.31,9.76,8.25
22.26,28.68,26.75,4.86,29.32,33.26,13.77,23.66,8.43,20.98,30.37,20.94,9.49,7.20,14.39,14.93,14.58
17.66,24.34,21.37,9.88,24.58,28.99,9.05,25.48,9.83,21.42,28.85,15.60,15.60,13.37,15.09,9.45,10.09
10.30,16.61,15.22,11.02,17.33,21.17,3.13,18.45,6.65,13.51,19.93,9.67,16.17,14.65,8.28,5.16,3.23
5.88,10.15,4.88,23.31,9.21,14.14,9.74,27.07,19.18,21.36,21.23,3.30,28.68,27.06,19.11,8.22,9.31
17.86,22.56,23.29,8.02,23.97,26.47,13.04,11.19,4.94,8.96,19.59,18.59,9.48,9.36,3.47,15.08,12.94
19.18,23.59,24.62,8.91,25.09,27.36,14.69,10.11,6.50,8.75,19.70,20.07,9.30,9.59,4.47,16.73,14.55
25.45,27.44,30.54,19.63,29.39,29.87,24.04,4.20,17.50,9.63,17.99,27.50,17.73,19.07,12.95,26.01,23.57
8.23,14.30,9.86,19.19,13.83,18.69,6.14,26.40,15.69,20.87,23.35,4.96,24.83,23.01,17.10,4.15,6.27
20.47,27.01,24.78,6.07,27.53,31.62,11.86,23.95,8.18,20.75,29.57,18.96,11.39,9.11,14.13,12.86,12.74
24.28,29.22,29.67,7.17,30.59,33.16,18.31,14.52,8.71,14.55,25.61,24.63,3.90,5.30,10.15,20.25,18.48
2.03,8.61,6.17,20.07,8.73,13.22,7.02,22.23,15.46,16.51,17.25,1.69,25.05,23.66,14.55,6.46,6.18
19.75,18.82,23.56,25.48,20.92,19.79,22.78,8.79,21.20,8.63,6.51,22.81,26.20,26.65,15.21,24.22,21.88
10.57,13.42,15.71,16.43,15.14,16.90,11.36,11.04,11.40,5.33,10.75,12.82,19.26,18.82,6.39,12.91,10.50
8.94,14.89,10.27,19.52,14.34,19.23,6.71,27.13,16.16,21.62,24.12,5.62,25.20,23.35,17.76,4.68,6.91
1.59,7.28,4.56,21.70,7.19,11.82,8.65,23.07,17.06,17.36,17.04,2.16,26.64,25.28,15.88,7.97,7.82
15.49,13.41,18.56,26.14,15.50,14.07,20.35,13.01,21.29,10.15,1.00,18.78,28.07,28.06,15.67,21.43,19.33
10.46,3.81,8.35,30.91,3.92,1.02,19.12,25.62,25.84,20.67,13.72,12.94,35.01,34.09,22.55,18.77,18.15
23.76,28.13,29.20,9.66,29.66,31.81,18.80,11.47,9.65,12.19,23.29,24.55,7.07,8.42,9.06,20.82,18.79
14.11,20.67,18.50,8.73,21.17,25.29,5.52,21.27,6.38,16.94,24.28,12.69,14.50,12.56,10.80,6.76,6.38
14.36,19.30,13.75,23.87,18.22,23.12,12.48,33.27,21.34,27.79,29.86,11.01,29.71,27.66,23.68,10.47,12.89
19.99,19.86,24.20,23.59,21.95,21.30,22.06,6.35,19.54,6.96,8.40,22.86,24.00,24.56,13.57,23.64,21.22
9.27,4.44,10.18,27.33,6.43,5.36,17.10,20.31,22.17,15.52,8.72,12.53,30.90,30.21,18.14,17.31,16.04
10.48,6.80,12.31,26.63,8.86,7.63,17.51,18.11,21.49,13.61,6.24,13.86,29.82,29.30,16.95,18.01,16.43
9.08,2.40,7.39,29.49,2.92,2.26,17.73,24.59,24.43,19.53,13.20,11.66,33.62,32.68,21.21,17.42,16.75
4.39,7.73,9.32,19.63,9.13,11.95,9.40,17.28,14.52,11.60,11.92,7.29,23.69,22.75,11.50,10.03,8.33
13.06,13.10,17.20,21.50,15.15,15.23,16.36,10.43,16.64,6.12,5.46,16.05,23.61,23.51,11.06,17.66,15.40
14.42,7.84,13.02,33.71,8.55,3.68,22.88,25.67,28.56,21.40,12.30,17.25,37.31,36.63,24.52,22.79,21.86
5.97,6.26,9.66,22.05,8.09,9.84,12.26,17.22,16.90,11.79,9.57,9.29,25.77,25.00,13.17,12.81,11.18
10.76,17.09,15.63,10.62,17.80,21.66,3.29,18.64,6.37,13.79,20.38,10.04,15.84,14.28,8.38,5.28,3.54
0.85,7.54,5.92,20.52,7.87,12.19,7.85,21.56,15.77,15.84,16.06,2.79,25.33,24.03,14.37,7.51,6.92
9.65,5.41,11.03,26.92,7.44,6.35,17.14,19.31,21.76,14.62,7.66,12.98,30.33,29.71,17.52,17.48,16.07
17.84,23.37,23.11,4.52,24.52,27.62,11.32,15.14,1.71,12.44,22.44,17.84,8.11,7.07,5.98,13.25,11.53
22.83,28.19,28.13,4.34,29.42,32.33,16.21,16.05,6.62,15.08,25.89,22.85,3.25,3.25,9.65,18.08,16.50
7.36,11.63,12.74,16.01,13.01,15.74,8.04,14.62,10.85,8.93,12.90,9.22,19.84,18.98,7.63,9.39,7.08
3.45,10.02,7.15,19.17,10.07,14.63,5.84,22.58,14.72,16.89,18.39,1.54,24.30,22.82,14.36,5.09,5.11
21.11,20.54,25.12,25.19,22.64,21.65,23.54,7.53,21.16,8.57,8.42,24.07,25.49,26.10,15.18,25.08,22.68
27.23,32.96,32.35,6.20,34.04,37.23,19.77,20.94,10.85,20.39,31.22,26.81,2.57,2.55,14.90,21.42,20.27
15.96,15.81,20.09,22.35,17.89,17.54,18.76,8.46,17.78,5.72,5.67,18.91,23.76,23.94,11.88,20.19,17.85
23.61,29.70,28.50,2.71,30.59,34.14,15.65,21.30,7.84,19.46,29.66,22.82,5.55,3.27,13.18,17.14,16.27
9.66,7.96,12.70,23.96,10.05,9.97,15.59,15.71,18.83,10.94,5.88,13.00,27.03,26.55,14.16,16.34,14.53
21.35,26.30,26.75,6.31,27.66,30.27,15.62,13.16,6.17,12.25,23.17,21.78,5.81,6.17,7.29,17.60,15.72
10.01,15.47,15.39,11.78,16.59,19.80,5.96,15.10,6.68,9.99,16.77,10.56,16.03,14.94,5.46,7.90,5.46
15.44,22.04,19.66,8.47,22.48,26.68,6.78,22.43,7.07,18.27,25.79,13.84,14.31,12.25,11.99,7.75,7.71
19.43,24.28,24.85,6.92,25.67,28.23,14.10,12.10,5.11,10.51,21.29,19.99,7.72,7.74,5.25,16.11,14.10
2.63,9.29,6.92,19.32,9.48,13.92,6.26,21.92,14.74,16.22,17.46,1.92,24.33,22.92,13.99,5.76,5.41
19.77,23.24,25.15,12.64,24.95,26.57,16.83,6.39,9.90,6.27,17.34,21.23,12.35,13.01,5.64,18.85,16.49
6.07,4.05,2.10,27.27,2.41,7.28,14.34,26.09,22.48,20.55,16.91,7.39,32.01,30.76,20.52,13.54,13.51
19.24,21.07,24.23,17.98,23.02,23.62,18.90,2.34,14.39,3.38,12.55,21.50,18.07,18.70,8.68,20.74,18.26
18.12,17.71,22.16,23.57,19.80,19.11,20.80,7.81,19.22,6.71,6.35,21.08,24.51,24.88,13.24,22.28,19.91
15.29,13.93,18.77,24.67,16.04,15.06,19.49,11.46,19.88,8.52,2.63,18.49,26.47,26.51,14.18,20.69,18.50
8.62,14.34,13.95,12.83,15.35,18.78,4.83,16.30,7.85,11.00,16.79,9.03,17.34,16.15,6.96,6.64,4.16
7.19,13.28,9.00,19.27,12.87,17.71,5.92,25.69,15.55,20.12,22.34,3.92,24.83,23.08,16.60,4.06,5.87
19.47,25.45,24.50,1.75,26.40,29.86,11.87,18.39,3.57,15.78,25.58,18.91,7.29,5.46,9.26,13.57,12.37
24.14,26.18,29.23,18.86,28.12,28.67,22.80,3.04,16.48,8.33,16.98,26.19,17.31,18.53,11.75,24.75,22.31
7.88,1.22,6.89,28.13,2.67,3.51,16.48,23.47,23.07,18.32,12.56,10.63,32.26,31.32,19.86,16.24,15.49
9.89,15.44,10.41,20.89,14.69,19.62,8.27,28.67,17.67,23.13,25.27,6.50,26.61,24.72,19.34,6.24,8.49
26.45,27.46,31.21,23.32,29.51,29.31,26.28,5.23,20.73,10.76,16.55,28.86,21.71,22.98,15.60,28.16,25.68
11.87,16.65,11.11,23.55,15.57,20.48,11.18,31.48,20.51,25.90,27.40,8.56,29.32,27.38,22.24,9.14,11.40
8.56,14.89,10.77,17.96,14.57,19.37,5.09,25.70,14.54,20.24,23.31,5.48,23.62,21.79,16.19,3.05,5.35
12.83,18.81,13.99,19.35,18.19,23.10,8.58,29.63,16.93,24.32,27.78,9.54,25.19,23.14,19.69,6.72,9.20
16.51,23.14,19.38,13.75,23.04,27.73,8.70,27.88,12.89,23.31,29.43,13.88,19.53,17.33,17.41,8.20,9.76
9.18,14.72,14.56,12.48,15.80,19.09,5.50,15.58,7.42,10.33,16.53,9.74,16.83,15.71,6.20,7.36,4.88
19.91,25.91,24.91,1.34,26.84,30.32,12.24,18.73,4.05,16.21,26.04,19.30,7.04,5.13,9.71,13.90,12.76
4.94,9.51,10.30,17.74,10.74,13.83,7.74,16.80,12.65,11.08,13.15,7.10,21.91,20.91,10.01,8.62,6.68
2.29,6.76,7.32,20.44,7.77,11.29,8.95,19.37,15.44,13.68,13.50,5.39,24.84,23.74,13.08,9.16,7.90
6.16,1.50,6.62,26.04,3.51,5.55,14.60,21.78,20.96,16.50,11.83,9.21,30.14,29.20,17.78,14.50,13.58
21.05,25.48,26.49,8.80,26.98,29.22,16.29,10.58,7.52,10.15,21.22,21.87,8.03,8.71,6.36,18.32,16.22
12.80,9.02,14.64,27.79,11.02,9.02,19.48,17.51,22.69,13.58,4.37,16.18,30.60,30.24,17.76,20.10,18.41
12.17,13.27,16.75,19.48,15.23,15.95,14.58,10.01,14.59,4.90,7.48,14.94,21.75,21.56,9.07,15.99,13.66
15.43,20.90,20.74,6.70,22.06,25.16,9.39,14.48,1.69,10.97,20.39,15.58,10.55,9.53,4.35,11.40,9.46
24.51,26.07,29.46,20.63,28.06,28.28,23.82,2.93,18.02,8.65,16.10,26.76,19.21,20.39,12.98,25.73,23.25
23.48,26.50,28.80,15.14,28.31,29.52,20.76,5.65,13.33,8.68,19.04,25.09,13.33,14.58,9.57,22.78,20.42
17.20,19.65,22.34,15.91,21.50,22.59,16.35,4.72,12.01,1.78,12.75,19.26,16.64,17.01,6.17,18.22,15.74
18.11,21.57,23.48,12.67,23.27,24.94,15.48,6.58,9.31,5.00,16.09,19.64,13.13,13.53,4.31,17.47,15.08
12.79,18.22,12.96,21.73,17.35,22.29,10.22,31.09,19.08,25.64,28.17,9.41,27.55,25.53,21.43,8.23,10.67
19.83,22.22,24.99,16.39,24.10,25.02,18.59,2.74,13.14,4.23,14.42,21.84,16.16,16.88,7.79,20.51,18.05
9.76,7.75,12.62,24.37,9.85,9.61,15.89,16.06,19.24,11.33,5.82,13.12,27.46,26.97,14.59,16.60,14.82
13.83,7.39,12.83,32.78,8.35,3.74,22.18,24.55,27.62,20.29,11.22,16.76,36.30,35.65,23.49,22.16,21.14
18.41,20.29,23.40,17.70,22.22,22.90,18.15,3.17,13.94,2.55,12.08,20.67,18.05,18.58,8.13,19.98,17.50
9.50,12.10,14.53,17.39,13.84,15.59,11.21,12.08,12.30,6.39,10.14,11.94,20.44,19.92,7.59,12.61,10.28
9.38,11.32,14.17,18.58,13.14,14.62,11.99,12.37,13.49,6.79,9.07,12.06,21.59,21.10,8.72,13.28,11.02
23.65,23.96,28.11,24.01,26.04,25.48,24.70,5.04,20.63,8.89,12.49,26.34,23.39,24.32,14.92,26.44,23.97
16.24,22.13,21.36,5.05,23.11,26.53,9.09,16.78,0.94,13.37,22.58,15.89,9.94,8.47,6.75,10.96,9.43
22.03,26.80,27.45,7.29,28.22,30.69,16.55,12.56,7.20,12.11,23.14,22.58,6.00,6.73,7.68,18.54,16.61
22.54,24.05,27.45,19.92,26.04,26.31,22.13,1.08,16.90,6.71,14.32,24.83,19.08,20.06,11.54,24.01,21.53
20.51,26.69,25.36,1.95,27.52,31.17,12.48,20.35,5.35,17.74,27.41,19.65,7.65,5.48,11.19,13.99,13.12
23.17,27.86,28.60,7.96,29.31,31.70,17.72,12.70,8.32,12.75,23.83,23.74,5.70,6.82,8.71,19.71,17.79
16.09,18.40,21.18,16.33,20.27,21.33,15.71,5.59,12.15,0.61,11.72,18.25,17.44,17.67,6.18,17.52,15.04
16.09,18.62,21.25,15.73,20.46,21.65,15.39,5.75,11.58,1.19,12.27,18.16,16.85,17.07,5.62,17.23,14.75
15.17,17.90,20.37,15.28,19.70,21.06,14.41,6.75,10.95,1.68,12.25,17.19,16.74,16.82,4.96,16.24,13.76
15.78,18.54,20.99,15.12,20.34,21.68,14.82,6.27,10.93,1.74,12.67,17.76,16.37,16.53,4.96,16.68,14.20
14.27,9.13,14.99,30.76,10.82,7.50,21.72,20.49,25.63,16.73,6.76,17.57,33.71,33.30,20.85,22.13,20.65
20.45,20.77,24.88,22.58,22.84,22.45,21.90,4.83,18.72,6.33,9.79,23.19,22.73,23.38,12.81,23.57,21.12
14.71,21.40,18.53,10.54,21.65,26.04,6.11,23.89,8.96,19.44,26.22,12.73,16.39,14.31,13.42,6.56,7.16
9.96,3.95,9.79,28.97,5.57,3.43,18.22,22.23,23.83,17.47,10.21,13.02,32.69,31.94,19.98,18.25,17.18
12.08,8.75,14.22,26.83,10.80,9.25,18.57,16.87,21.72,12.77,4.31,15.46,29.66,29.29,16.81,19.24,17.50
15.51,19.05,20.88,12.86,20.72,22.54,13.34,7.86,8.66,4.01,14.58,17.10,14.41,14.42,2.75,15.29,12.84
16.29,21.54,16.09,23.46,20.54,25.46,13.22,34.25,21.43,28.89,31.68,12.91,29.31,27.18,24.35,11.32,13.80
8.65,15.10,13.43,12.82,15.71,19.71,1.73,19.33,8.47,14.12,19.48,7.84,18.00,16.48,9.52,3.70,1.44
6.90,10.42,4.76,24.55,9.24,14.14,10.98,28.27,20.46,22.56,22.01,4.58,29.95,28.31,20.41,9.40,10.59
4.07,8.85,9.44,18.33,10.00,13.26,7.74,17.61,13.29,11.90,13.42,6.35,22.62,21.57,10.84,8.41,6.66
15.22,17.72,20.35,15.89,19.55,20.78,14.78,6.52,11.54,1.12,11.70,17.33,17.30,17.41,5.55,16.58,14.10
19.24,25.49,24.02,3.10,26.27,30.00,11.11,20.36,4.79,17.38,26.70,18.29,8.93,6.83,10.77,12.58,11.77
7.48,13.91,12.35,13.89,14.53,18.52,2.18,19.23,9.38,13.87,18.61,6.87,18.96,17.50,9.77,3.74,1.27
3.07,5.48,2.39,24.07,4.96,9.78,11.06,24.29,19.36,18.62,16.82,4.21,28.93,27.61,17.81,10.30,10.24
11.09,15.75,10.18,23.65,14.65,19.55,10.98,31.00,20.44,25.39,26.61,7.82,29.39,27.48,21.92,8.96,11.11
10.74,7.46,12.86,26.23,9.54,8.42,17.46,17.35,21.09,12.90,5.55,14.12,29.30,28.83,16.43,18.05,16.39
4.36,10.01,5.84,21.08,9.56,14.40,7.53,24.86,16.83,19.16,19.87,1.07,26.37,24.80,16.71,6.24,7.00
18.97,22.02,24.28,14.11,23.79,25.17,16.87,5.01,10.89,4.56,15.55,20.69,14.16,14.73,5.78,18.84,16.41
21.84,27.08,27.18,4.79,28.35,31.17,15.53,14.89,5.90,13.79,24.60,22.01,4.47,4.50,8.40,17.44,15.74
14.63,17.02,19.72,16.24,18.87,20.07,14.51,7.01,11.77,1.34,11.14,16.82,17.84,17.88,5.80,16.27,13.80
15.11,20.82,15.68,21.10,20.03,24.97,11.10,32.16,19.08,26.88,30.25,11.76,26.95,24.82,22.14,9.28,11.76
7.41,13.25,8.66,20.10,12.69,17.58,6.78,26.44,16.41,20.85,22.75,4.04,25.67,23.91,17.43,4.90,6.73
16.38,16.96,20.85,20.79,18.99,19.03,18.24,6.70,16.38,3.97,7.60,19.14,21.96,22.21,10.41,19.81,17.40
12.86,19.55,16.35,12.65,19.66,24.18,4.66,24.37,10.36,19.55,25.37,10.60,18.48,16.46,14.00,4.51,5.73
13.89,20.29,15.99,16.69,19.94,24.76,7.66,28.44,14.74,23.40,28.04,10.88,22.54,20.43,18.19,6.29,8.54
26.51,32.60,31.38,5.50,33.49,37.03,18.49,23.13,10.66,21.81,32.25,25.67,5.52,3.88,15.74,19.92,19.14
17.74,22.13,23.19,9.31,23.63,25.91,13.54,9.92,6.07,7.76,18.53,18.70,10.45,10.50,3.01,15.58,13.34
22.24,26.42,27.69,10.10,28.00,30.03,17.77,9.89,9.08,10.31,21.41,23.20,8.51,9.53,7.49,19.81,17.67
10.42,3.83,9.27,30.21,4.81,1.64,18.95,24.03,25.09,19.21,11.91,13.23,34.10,33.27,21.48,18.79,17.94
18.64,24.97,23.34,3.99,25.69,29.51,10.39,20.73,4.95,17.54,26.60,17.59,9.83,7.72,10.92,11.81,11.09
8.91,11.72,13.99,17.32,13.41,15.33,10.68,12.67,12.20,6.96,10.48,11.32,20.53,19.95,7.74,12.04,9.73
23.93,26.12,29.06,18.24,28.05,28.70,22.39,3.22,15.92,8.19,17.21,25.92,16.68,17.89,11.29,24.35,21.91
10.91,16.71,11.82,20.05,16.04,20.97,8.03,28.83,17.11,23.38,26.12,7.57,25.83,23.87,19.22,6.01,8.43
19.38,25.86,23.81,5.42,26.44,30.46,10.83,22.73,6.91,19.45,28.24,17.99,11.04,8.81,12.83,11.97,11.67
9.96,16.49,12.68,16.20,16.33,21.04,4.24,25.29,13.10,20.00,24.05,7.17,21.93,20.03,15.40,2.43,4.88
6.68,9.71,11.71,18.32,11.29,13.60,9.78,14.92,13.16,9.23,10.99,9.27,21.99,21.21,9.46,10.84,8.75
14.95,18.19,20.26,13.89,19.90,21.57,13.43,7.63,9.53,3.08,13.45,16.72,15.54,15.52,3.54,15.32,12.85
6.49,13.17,10.33,16.32,13.32,17.80,2.75,22.27,12.23,16.77,20.17,4.51,21.68,20.06,13.01,1.89,2.36
10.75,17.14,12.96,17.11,16.82,21.62,5.58,26.63,14.24,21.34,25.19,7.74,22.89,20.94,16.72,3.75,6.22
14.34,20.97,18.44,9.61,21.35,25.62,5.65,22.59,7.68,18.19,25.23,12.62,15.44,13.42,12.12,6.50,6.63
21.25,26.71,26.52,3.42,27.89,30.90,14.56,15.88,4.98,14.34,24.93,21.22,4.71,4.01,8.50,16.43,14.85
17.08,19.25,22.14,16.71,21.14,22.07,16.66,4.58,12.72,1.26,11.96,19.26,17.49,17.84,6.82,18.49,16.01
11.91,5.27,10.45,31.67,5.97,1.34,20.46,24.94,26.54,20.29,12.32,14.66,35.50,34.70,22.82,20.28,19.44
8.52,7.73,11.98,22.77,9.76,10.36,14.22,15.59,17.63,10.51,7.05,11.82,26.01,25.45,13.16,14.98,13.15
4.71,2.15,5.51,25.03,3.50,6.74,13.25,21.90,20.00,16.46,12.81,7.71,29.31,28.29,17.17,13.07,12.25
8.83,10.15,13.35,19.78,12.03,13.33,12.46,13.30,14.66,7.85,8.34,11.74,22.88,22.36,10.03,13.58,11.44
16.33,22.00,21.56,5.37,23.08,26.32,9.69,15.56,0.32,12.29,21.79,16.24,9.64,8.42,5.67,11.63,9.91
1.95,6.32,3.59,22.75,6.11,10.80,9.75,23.48,18.06,17.78,16.76,3.10,27.63,26.30,16.66,9.06,8.92
20.85,27.17,25.53,3.32,27.90,31.71,12.55,21.78,6.50,19.04,28.48,19.76,8.69,6.43,12.45,13.89,13.28
14.28,19.97,14.83,21.01,19.18,24.11,10.54,31.59,18.79,26.27,29.46,10.93,26.85,24.76,21.66,8.67,11.15
10.91,8.44,13.57,25.22,10.54,9.76,17.04,15.96,20.10,11.54,4.77,14.28,28.13,27.72,15.27,17.77,15.97
9.52,6.79,11.92,25.20,8.89,8.45,16.20,17.22,20.06,12.49,6.40,12.90,28.43,27.88,15.57,16.77,15.12
4.87,11.00,7.11,19.88,10.69,15.47,6.30,24.41,15.72,18.74,20.19,1.60,25.22,23.61,15.90,4.95,5.85
18.98,24.30,24.31,4.79,25.53,28.45,12.77,14.30,3.24,12.15,22.56,19.15,7.12,6.47,6.07,14.73,12.94
22.94,22.73,27.15,25.11,24.83,23.97,24.72,6.51,21.43,9.15,10.77,25.78,24.88,25.68,15.56,26.37,23.92
19.88,21.26,24.72,19.44,23.25,23.55,20.04,2.14,15.83,4.26,11.89,22.28,19.43,20.11,10.07,21.84,19.36
25.66,31.82,30.46,4.95,32.67,36.29,17.52,23.23,10.07,21.62,31.89,24.72,6.21,4.26,15.40,18.91,18.21
17.38,20.62,22.71,13.48,22.35,23.91,15.27,6.17,9.81,3.87,14.96,19.06,14.21,14.53,4.32,17.23,14.80
18.61,25.25,22.59,8.30,25.61,29.89,9.93,24.75,8.91,21.00,28.99,16.78,13.94,11.69,14.51,10.61,10.91
25.76,31.52,30.86,4.71,32.59,35.82,18.28,20.23,9.40,19.34,30.06,25.32,2.39,1.14,13.65,19.94,18.78
17.44,18.96,22.30,18.58,20.92,21.43,17.87,4.32,14.52,2.09,10.52,19.87,19.30,19.70,8.57,19.62,17.15
21.15,27.38,25.93,2.38,28.17,31.88,13.00,21.11,6.17,18.56,28.23,20.20,7.72,5.48,12.02,14.44,13.68
12.19,11.56,15.96,22.65,13.63,13.49,16.43,12.19,17.67,7.84,4.51,15.34,25.04,24.83,12.32,17.56,15.42
18.74,24.08,24.06,4.77,25.30,28.25,12.50,14.38,2.97,12.12,22.46,18.89,7.33,6.61,5.96,14.46,12.67
25.23,26.05,29.91,23.29,28.10,27.82,25.45,4.55,20.39,9.74,15.01,27.73,22.06,23.20,15.02,27.29,24.80
17.27,17.54,21.62,21.70,19.60,19.39,19.31,6.63,17.36,4.83,7.39,20.09,22.69,23.02,11.38,20.87,18.46
21.71,26.67,27.10,6.23,28.03,30.65,15.90,13.41,6.40,12.60,23.53,22.10,5.45,5.89,7.67,17.87,16.01
5.36,12.00,9.01,17.56,12.07,16.62,4.04,22.61,13.36,17.03,19.66,3.19,22.87,21.28,13.72,3.08,3.49
15.33,20.84,20.64,6.70,21.98,25.11,9.25,14.61,1.64,11.06,20.42,15.46,10.64,9.59,4.44,11.25,9.32
13.49,18.49,18.92,9.60,19.79,22.60,9.06,12.70,4.59,8.47,17.47,14.19,12.97,12.22,2.26,11.08,8.79
5.25,8.21,10.13,19.41,9.72,12.26,9.76,16.44,14.28,10.78,11.29,8.10,23.31,22.44,10.95,10.53,8.69
12.02,18.55,14.65,15.58,18.37,23.10,5.43,26.32,13.09,21.21,25.86,9.21,21.41,19.40,16.15,4.10,6.31
12.41,15.53,17.66,15.06,17.24,18.99,11.96,9.48,10.23,3.91,11.89,14.40,17.47,17.19,4.67,13.70,11.23
15.93,22.62,19.32,11.77,22.72,27.26,7.60,25.91,10.79,21.47,28.07,13.63,17.58,15.41,15.44,7.58,8.67
16.01,17.05,20.66,19.60,19.05,19.39,17.37,6.28,15.21,2.79,8.54,18.63,20.81,21.04,9.24,18.99,16.55
17.58,19.38,22.53,17.81,21.32,21.99,17.59,4.01,13.84,1.80,11.33,19.89,18.44,18.87,7.93,19.38,16.90
11.55,11.68,15.67,21.31,13.71,14.03,15.26,11.69,16.33,6.92,5.84,14.59,23.79,23.53,11.02,16.46,14.26
11.82,12.69,16.29,19.94,14.67,15.32,14.62,10.58,15.01,5.53,7.05,14.67,22.31,22.09,9.58,15.96,13.67
14.60,15.58,19.20,19.67,17.57,17.98,16.41,7.73,15.06,3.38,7.74,17.30,21.28,21.36,9.18,17.95,15.55
16.54,18.74,21.61,16.64,20.62,21.59,16.22,5.10,12.54,0.75,11.69,18.73,17.59,17.88,6.58,18.03,15.55
17.37,23.33,22.43,3.86,24.28,27.75,9.95,17.52,1.77,14.38,23.78,16.89,9.05,7.43,7.76,11.73,10.38
26.71,32.85,31.52,5.87,33.71,37.31,18.59,23.75,11.01,22.34,32.72,25.78,6.19,4.53,16.21,19.97,19.27
13.26,19.95,16.88,12.00,20.11,24.59,4.87,24.08,9.83,19.35,25.45,11.10,17.83,15.81,13.66,4.96,5.94
11.05,16.87,11.98,19.99,16.20,21.12,8.05,28.89,17.09,23.45,26.24,7.71,25.78,23.82,19.25,6.04,8.47
13.77,19.71,18.89,7.48,20.65,24.14,6.87,16.65,2.79,12.54,20.90,13.47,12.35,10.94,6.20,8.82,7.09
9.98,6.51,11.93,26.20,8.59,7.66,16.99,18.02,21.05,13.40,6.51,13.36,29.44,28.89,16.58,17.48,15.91
13.33,12.40,16.99,23.35,14.49,14.01,17.55,11.81,18.44,7.93,3.62,16.50,25.52,25.40,12.93,18.71,16.55
14.05,10.41,16.03,28.21,12.41,10.22,20.45,16.92,23.15,13.38,3.26,17.44,30.77,30.52,18.00,21.16,19.38
3.13,9.82,7.55,18.69,10.07,14.46,5.65,21.60,14.12,15.91,17.57,2.36,23.71,22.29,13.48,5.25,4.78
9.88,9.80,13.81,21.72,11.82,12.34,14.42,13.51,16.63,8.50,6.35,13.03,24.61,24.19,11.74,15.44,13.38
7.09,12.01,12.54,15.31,13.24,16.28,6.81,15.44,10.19,9.81,14.11,8.54,19.41,18.42,7.66,8.21,5.87
5.71,6.39,9.57,21.74,8.17,10.09,11.89,17.20,16.59,11.73,9.85,9.01,25.50,24.70,12.93,12.45,10.82
21.78,22.24,26.28,22.73,24.30,23.93,22.87,4.18,19.12,7.09,11.20,24.45,22.49,23.28,13.31,24.59,22.12
10.33,3.86,9.49,29.87,5.08,2.21,18.78,23.46,24.74,18.67,11.33,13.23,33.69,32.90,21.04,18.68,17.75
17.88,23.52,23.11,4.10,24.62,27.81,11.13,15.71,1.52,12.96,22.86,17.77,8.08,6.89,6.46,13.04,11.40
20.27,22.86,25.48,15.78,24.72,25.76,18.64,3.24,12.74,4.91,15.31,22.17,15.35,16.13,7.64,20.59,18.14
11.71,16.81,11.41,22.58,15.84,20.77,10.36,30.86,19.61,25.32,27.20,8.34,28.36,26.40,21.49,8.32,10.64
7.82,14.33,10.63,17.17,14.18,18.88,3.96,24.44,13.54,18.98,22.23,5.02,22.75,20.98,14.97,1.99,4.12
14.73,19.03,20.17,10.82,20.53,22.85,11.38,10.19,6.32,6.29,16.21,15.89,13.11,12.79,0.33,13.38,11.00
5.86,11.06,6.23,21.78,10.36,15.28,8.22,26.36,17.75,20.68,21.39,2.65,27.20,25.55,18.00,6.63,7.87
6.87,12.62,8.02,20.43,12.05,16.94,7.00,26.28,16.63,20.66,22.28,3.49,25.96,24.23,17.43,5.20,6.85
4.24,2.71,5.59,24.47,3.99,7.29,12.73,21.53,19.44,16.06,12.78,7.33,28.76,27.73,16.65,12.58,11.72
10.89,4.21,9.34,30.90,4.86,0.84,19.48,24.82,25.79,20.01,12.60,13.59,34.84,33.99,22.25,19.26,18.48
15.37,21.38,20.42,5.85,22.29,25.82,8.04,17.30,1.86,13.59,22.40,14.90,10.97,9.42,7.03,9.88,8.41
17.95,23.36,23.25,4.92,24.55,27.57,11.65,14.56,2.16,11.97,22.10,18.05,8.06,7.18,5.60,13.61,11.82
14.10,17.81,19.49,12.85,19.43,21.42,12.04,9.04,8.28,4.44,14.20,15.67,14.96,14.75,2.35,13.96,11.50
9.98,5.15,10.92,27.71,7.10,5.56,17.71,20.13,22.55,15.48,8.17,13.26,31.18,30.54,18.37,17.98,16.65
16.56,20.43,21.98,11.53,22.04,24.02,13.56,8.28,7.69,5.39,16.16,17.92,12.81,12.88,2.38,15.56,13.18
26.41,32.14,31.53,5.40,33.22,36.42,18.97,20.44,10.03,19.72,30.51,25.99,2.24,1.73,14.15,20.63,19.46
17.04,20.24,22.36,13.65,21.98,23.52,15.08,6.23,9.87,3.55,14.62,18.75,14.50,14.78,4.24,17.02,14.58
6.50,11.42,6.33,22.31,10.60,15.53,8.78,27.10,18.35,21.41,22.01,3.36,27.77,26.09,18.71,7.10,8.48
6.91,7.15,10.73,21.80,9.05,10.46,12.64,16.21,16.65,10.85,8.72,10.18,25.33,24.64,12.61,13.34,11.57
5.93,9.41,11.06,18.25,10.89,13.47,9.15,15.65,13.10,9.94,11.65,8.46,22.10,21.25,9.75,10.13,8.10
3.74,3.54,6.01,23.63,4.83,8.06,12.03,20.84,18.60,15.32,12.57,6.99,27.90,26.88,15.80,11.98,11.01
4.45,8.07,3.03,23.79,7.18,12.11,10.32,26.00,19.38,20.29,19.39,3.15,28.96,27.46,18.66,9.12,9.70
5.24,1.57,5.54,25.60,3.05,6.17,13.81,22.24,20.57,16.85,12.81,8.15,29.87,28.85,17.69,13.60,12.82
4.22,7.34,9.03,20.01,8.75,11.57,9.65,17.54,14.91,11.88,11.85,7.22,24.08,23.14,11.88,10.21,8.57
15.52,20.95,20.84,6.75,22.12,25.18,9.57,14.26,1.83,10.80,20.29,15.71,10.49,9.52,4.18,11.58,9.62
12.80,17.05,18.23,12.04,18.54,20.92,10.17,10.92,7.14,6.12,14.94,14.10,14.86,14.37,2.10,12.10,9.65
4.95,10.70,10.36,16.51,11.63,15.21,5.67,17.87,11.57,12.20,15.21,6.07,21.05,19.87,9.94,6.56,4.61
15.10,21.79,18.55,11.79,21.90,26.42,6.75,25.34,10.44,20.80,27.26,12.83,17.63,15.50,14.87,6.75,7.82
7.44,2.56,8.14,26.54,4.65,5.17,15.62,21.09,21.42,15.99,10.45,10.61,30.42,29.59,17.85,15.67,14.58
13.99,17.89,19.40,12.36,19.47,21.58,11.62,9.50,7.74,4.99,14.65,15.45,14.61,14.34,1.86,13.56,11.11
6.63,13.24,9.95,17.07,13.23,17.84,3.52,23.30,13.12,17.78,20.87,4.16,22.51,20.84,14.06,2.04,3.33
8.45,10.47,13.23,18.84,12.26,13.90,11.52,13.32,13.71,7.73,9.32,11.20,22.06,21.48,9.24,12.70,10.52
11.28,17.63,16.11,10.16,18.33,22.21,3.57,18.82,6.06,14.06,20.85,10.48,15.45,13.85,8.48,5.50,3.94
5.22,8.11,2.61,24.66,7.00,11.93,11.17,26.80,20.27,21.09,19.84,4.03,29.85,28.35,19.55,9.90,10.57
19.32,22.25,24.61,14.54,24.05,25.33,17.34,4.53,11.38,4.60,15.49,21.09,14.44,15.08,6.28,19.31,16.88
20.59,26.30,25.76,1.93,27.38,30.60,13.46,17.09,4.19,15.08,25.37,20.32,5.54,4.12,8.86,15.25,13.84
14.83,19.99,20.22,8.10,21.25,24.14,9.65,13.11,3.24,9.42,18.89,15.31,11.44,10.65,2.81,11.68,9.54
21.00,23.46,26.18,16.40,25.33,26.26,19.46,2.68,13.50,5.47,15.50,22.94,15.74,16.61,8.47,21.41,18.97
15.89,22.47,18.54,14.65,22.30,27.03,8.44,28.19,13.50,23.48,29.20,13.14,20.46,18.28,17.75,7.69,9.47
10.87,13.72,16.02,16.30,15.44,17.17,11.51,10.76,11.30,5.04,10.81,13.09,19.06,18.65,6.19,13.09,10.66
21.42,21.91,25.93,22.50,23.97,23.64,22.52,4.10,18.85,6.76,10.97,24.09,22.35,23.11,13.02,24.24,21.77
27.89,33.92,32.80,6.75,34.85,38.32,19.93,23.58,11.88,22.59,33.19,27.11,5.42,4.36,16.70,21.39,20.57
11.89,18.39,16.46,10.10,18.96,23.01,3.51,20.11,6.58,15.42,22.15,10.70,15.63,13.89,9.72,5.15,4.22
3.34,6.34,2.31,23.93,5.66,10.55,10.73,24.83,19.31,19.14,17.66,3.67,28.90,27.52,18.04,9.83,9.97
17.76,18.44,22.30,20.81,20.48,20.48,19.21,5.37,16.63,4.02,8.68,20.45,21.58,21.99,10.65,20.85,18.41
14.82,13.11,18.09,25.20,15.21,14.08,19.46,12.47,20.34,9.33,1.79,18.08,27.19,27.16,14.74,20.57,18.45
19.33,25.56,24.14,2.88,26.35,30.07,11.24,20.22,4.71,17.29,26.67,18.42,8.72,6.62,10.68,12.74,11.89
9.44,2.85,8.40,29.36,3.99,2.25,17.98,23.68,24.25,18.74,11.99,12.25,33.32,32.46,20.77,17.81,16.98
19.75,26.06,24.45,3.40,26.80,30.60,11.49,21.15,5.60,18.20,27.48,18.69,9.12,6.94,11.58,12.88,12.20
16.28,21.90,21.53,5.53,23.00,26.20,9.75,15.31,0.58,12.04,21.57,16.24,9.68,8.51,5.43,11.71,9.94
4.68,5.23,0.91,25.66,4.11,9.05,12.55,25.64,20.97,20.01,17.48,5.49,30.55,29.21,19.40,11.66,11.76
14.19,19.41,13.99,22.84,18.43,23.36,11.70,32.60,20.40,27.17,29.61,10.81,28.68,26.62,22.90,9.72,12.17
10.76,11.36,15.06,20.54,13.34,14.01,14.26,11.92,15.52,6.83,6.77,13.72,23.19,22.86,10.36,15.47,13.27
20.58,27.05,25.02,5.16,27.65,31.64,12.04,23.24,7.57,20.18,29.21,19.20,10.49,8.21,13.56,13.17,12.88
16.04,21.67,21.29,5.74,22.77,25.97,9.55,15.29,0.68,11.94,21.40,16.01,9.91,8.74,5.32,11.50,9.72
23.78,24.84,28.54,21.83,26.88,26.80,23.83,2.94,18.81,8.16,14.29,26.22,20.84,21.89,13.40,25.67,23.19
10.43,11.31,14.84,20.11,13.26,14.12,13.76,11.98,15.07,6.76,7.27,13.35,22.83,22.47,9.98,14.99,12.78
22.53,27.17,27.97,8.06,28.63,30.98,17.24,12.12,7.97,12.02,23.10,23.17,6.30,7.26,8.02,19.25,17.28
2.59,6.25,2.97,23.32,5.83,10.62,10.22,24.09,18.65,18.40,17.14,3.34,28.23,26.88,17.30,9.43,9.42
10.24,16.49,15.21,11.03,17.25,21.04,3.32,18.16,6.57,13.21,19.65,9.71,16.12,14.63,8.01,5.36,3.34
13.36,19.40,14.62,19.11,18.80,23.71,8.75,29.81,16.84,24.55,28.23,10.10,24.95,22.88,19.79,6.97,9.44
14.64,20.98,19.38,7.11,21.69,25.55,6.51,19.46,4.29,15.39,23.42,13.67,12.72,10.91,9.03,8.12,7.13
14.92,20.76,15.74,20.35,20.04,24.97,10.53,31.57,18.37,26.34,29.93,11.60,26.20,24.08,21.51,8.76,11.22
7.30,13.89,10.46,16.87,13.84,18.48,3.46,23.71,13.08,18.23,21.52,4.71,22.39,20.67,14.31,1.66,3.48
20.40,26.45,25.36,1.08,27.36,30.89,12.61,19.32,4.69,16.85,26.70,19.72,6.93,4.89,10.36,14.23,13.17
4.49,3.74,6.98,23.59,5.36,7.98,12.43,20.04,18.51,14.58,11.57,7.82,27.71,26.76,15.41,12.52,11.38
17.00,22.99,22.04,4.22,23.92,27.43,9.53,17.63,1.78,14.37,23.63,16.49,9.47,7.83,7.74,11.31,9.97
16.08,22.76,19.31,12.40,22.79,27.38,7.90,26.53,11.46,22.04,28.49,13.67,18.20,16.02,16.06,7.71,8.97
9.81,3.15,7.91,30.23,3.44,1.55,18.47,25.09,25.16,20.10,13.41,12.35,34.34,33.41,21.90,18.14,17.49
5.70,11.24,6.67,21.08,10.66,15.55,7.52,25.84,17.05,20.17,21.20,2.35,26.50,24.84,17.37,5.94,7.17
10.55,3.86,8.67,30.84,4.21,0.79,19.19,25.26,25.75,20.36,13.26,13.12,34.88,33.98,22.37,18.89,18.20
14.24,19.47,14.05,22.84,18.49,23.41,11.73,32.64,20.41,27.20,29.66,10.86,28.69,26.62,22.92,9.75,12.20
16.62,22.96,21.33,5.45,23.67,27.51,8.40,20.04,4.22,16.40,24.99,15.59,11.23,9.28,9.85,9.89,9.08
21.02,25.46,26.47,8.77,26.97,29.21,16.25,10.61,7.48,10.15,21.22,21.84,8.02,8.68,6.34,18.28,16.19
7.56,13.80,9.65,18.62,13.45,18.26,5.37,25.47,14.97,19.93,22.52,4.39,24.20,22.43,16.22,3.44,5.41
17.97,17.75,22.10,23.08,19.83,19.27,20.46,7.40,18.74,6.22,6.68,20.90,24.01,24.37,12.76,21.97,19.59
12.45,18.62,17.44,8.80,19.44,23.13,5.15,17.78,4.48,13.30,20.86,11.91,13.94,12.41,7.33,7.09,5.43
15.21,19.32,20.65,11.21,20.86,23.05,12.11,9.44,6.90,5.73,15.95,16.48,13.18,12.99,1.03,14.11,11.71
26.41,32.01,31.59,5.73,33.15,36.23,19.18,19.59,10.00,19.09,29.97,26.12,1.23,1.90,13.72,20.90,19.62
24.51,25.40,29.22,22.72,27.45,27.23,24.72,3.87,19.74,9.01,14.53,27.00,21.63,22.72,14.33,26.55,24.07
23.04,24.81,28.05,19.31,26.78,27.19,22.22,1.54,16.52,7.17,15.38,25.23,18.21,19.27,11.40,24.13,21.66
19.82,23.03,25.16,13.59,24.79,26.24,17.30,5.43,10.73,5.67,16.65,21.43,13.27,13.97,6.11,19.30,16.90
18.52,17.40,22.20,25.36,19.50,18.36,21.92,9.57,20.91,8.52,5.12,21.62,26.40,26.73,14.96,23.29,20.98
0.54,6.19,5.01,21.76,6.52,10.83,9.21,21.85,16.94,16.15,15.42,3.63,26.47,25.22,15.20,8.86,8.28
8.82,15.06,10.79,18.32,14.68,19.51,5.54,26.17,14.95,20.71,23.68,5.66,23.99,22.14,16.66,3.50,5.82
22.38,27.17,27.80,7.24,28.58,31.06,16.82,12.83,7.41,12.47,23.51,22.89,5.67,6.49,8.05,18.81,16.90
16.74,20.62,22.16,11.42,22.23,24.22,13.66,8.29,7.64,5.53,16.34,18.07,12.64,12.73,2.47,15.67,13.29
17.48,18.37,22.10,20.25,20.39,20.52,18.74,5.20,16.06,3.46,8.99,20.12,21.05,21.44,10.08,20.40,17.95
14.29,19.77,14.50,21.87,18.89,23.83,11.11,32.11,19.56,26.74,29.60,10.91,27.72,25.64,22.27,9.18,11.66
4.65,11.29,9.32,16.92,11.70,15.93,4.04,20.66,12.37,15.05,17.85,3.93,21.96,20.52,12.05,4.11,3.09
13.61,16.00,18.69,16.43,17.83,19.10,13.82,7.99,11.78,2.28,10.67,15.85,18.35,18.27,5.93,15.53,13.06
23.54,29.53,28.51,2.36,30.47,33.93,15.74,20.53,7.51,18.83,29.14,22.86,4.78,2.49,12.64,17.30,16.31
5.39,10.70,10.84,16.47,11.78,15.13,6.35,17.02,11.44,11.34,14.45,6.85,20.83,19.74,9.37,7.38,5.30
22.12,26.93,27.53,7.12,28.33,30.83,16.56,12.79,7.16,12.32,23.34,22.63,5.78,6.51,7.81,18.55,16.63
1.85,6.18,6.64,21.07,7.10,10.76,9.33,20.00,16.10,14.32,13.71,5.15,25.52,24.40,13.79,9.39,8.30
14.07,12.24,17.25,25.14,14.34,13.26,18.95,13.06,20.22,9.61,1.88,17.34,27.30,27.20,14.73,20.00,17.93
6.30,12.30,8.02,19.80,11.87,16.71,6.29,25.42,15.90,19.80,21.59,2.97,25.28,23.58,16.59,4.59,6.07
24.25,26.41,29.38,18.54,28.33,28.95,22.74,3.39,16.26,8.50,17.37,26.26,16.90,18.14,11.65,24.71,22.27
13.19,19.15,18.31,8.05,20.08,23.60,6.35,16.72,3.36,12.45,20.56,12.90,12.93,11.52,6.25,8.33,6.53
18.37,19.15,22.96,20.69,21.19,21.20,19.57,4.68,16.64,4.09,9.33,21.01,21.27,21.75,10.67,21.25,18.79
5.12,4.28,1.58,26.29,3.05,7.98,13.34,25.52,21.53,19.93,16.82,6.41,31.08,29.80,19.68,12.55,12.52
23.76,30.13,28.34,4.87,30.82,34.67,15.35,23.89,9.25,21.58,31.31,22.55,8.49,6.25,15.07,16.57,16.13
20.08,25.51,25.37,3.73,26.70,29.71,13.52,15.29,3.90,13.41,23.88,20.10,5.90,5.14,7.40,15.42,13.77
12.18,11.08,15.70,23.44,13.18,12.79,16.86,12.93,18.44,8.69,3.92,15.41,25.89,25.66,13.14,17.92,15.84
21.17,27.47,25.86,3.17,28.22,32.01,12.89,21.81,6.65,19.14,28.67,20.10,8.41,6.14,12.57,14.24,13.61
14.43,7.98,13.39,33.32,8.91,4.21,22.77,24.84,28.16,20.66,11.37,17.36,36.80,36.16,23.97,22.76,21.73
14.72,17.02,19.79,16.48,18.88,20.02,14.73,6.89,12.02,1.18,10.94,16.95,18.04,18.10,6.06,16.48,14.00
4.47,4.64,7.65,22.80,6.27,8.77,11.94,19.19,17.70,13.70,11.20,7.85,26.85,25.93,14.51,12.17,10.88
13.72,20.14,18.37,8.20,20.78,24.73,5.45,19.84,5.17,15.53,23.11,12.63,13.81,12.01,9.37,7.02,6.12
2.84,8.17,4.47,21.87,7.81,12.60,8.53,24.13,17.38,18.42,18.31,1.39,26.96,25.51,16.60,7.56,7.82
11.90,17.99,16.96,9.32,18.85,22.49,4.97,17.35,4.77,12.75,20.16,11.50,14.32,12.87,6.95,6.98,5.12
15.47,21.81,17.35,17.30,21.39,26.24,9.24,29.87,15.78,24.90,29.69,12.40,23.13,20.96,19.55,7.93,10.15
11.50,10.89,15.25,22.55,12.96,12.94,15.93,12.72,17.53,8.17,4.87,14.67,25.10,24.82,12.31,17.02,14.92
11.78,12.97,16.38,19.35,14.92,15.73,14.23,10.33,14.43,5.12,7.64,14.54,21.73,21.50,8.99,15.62,13.30
15.85,20.85,15.30,24.22,19.77,24.67,13.45,34.39,21.98,28.96,31.32,12.48,30.07,27.97,24.64,11.49,13.95
8.61,2.02,7.67,28.65,3.36,2.92,17.17,23.44,23.56,18.39,12.15,11.41,32.68,31.78,20.19,16.98,16.16
25.58,26.18,30.17,24.12,28.25,27.81,26.04,5.29,21.17,10.27,14.85,28.14,22.92,24.06,15.73,27.85,25.37
5.52,11.60,7.53,19.80,11.24,16.05,6.23,24.84,15.76,19.20,20.82,2.22,25.21,23.56,16.18,4.71,5.88
4.63,6.32,1.09,25.20,5.22,10.15,11.91,26.01,20.61,20.33,18.33,4.74,30.20,28.81,19.36,10.89,11.19
14.09,20.77,17.88,10.93,21.01,25.42,5.51,23.73,9.05,19.18,25.75,12.08,16.77,14.72,13.27,5.91,6.56
13.28,10.04,15.53,27.19,12.09,10.32,19.48,16.26,22.13,12.51,3.09,16.66,29.79,29.52,17.01,20.24,18.42
12.73,18.24,18.06,9.09,19.36,22.54,7.28,14.69,3.94,10.29,18.61,13.00,13.25,12.17,4.25,9.32,7.15
13.79,15.57,18.67,17.86,17.48,18.40,14.80,7.88,13.20,2.45,9.30,16.26,19.68,19.65,7.36,16.42,13.98
14.48,14.55,18.67,21.61,16.61,16.53,17.37,9.18,16.90,5.46,5.65,17.42,23.36,23.40,11.11,18.77,16.45
9.36,16.05,13.15,14.09,16.24,20.69,1.60,22.62,10.57,17.42,22.20,7.33,19.69,17.90,12.67,1.20,2.50
11.92,18.60,15.91,11.68,18.89,23.24,3.30,22.47,8.80,17.64,23.69,10.09,17.41,15.51,12.11,3.96,4.35
13.16,18.64,18.49,8.75,19.78,22.92,7.66,14.52,3.59,10.25,18.79,13.43,12.84,11.78,4.05,9.70,7.55
6.13,11.10,6.10,22.20,10.32,15.25,8.64,26.77,18.18,21.08,21.64,3.00,27.63,25.97,18.45,7.02,8.30
13.95,7.79,13.46,32.28,9.02,4.76,22.10,23.44,27.12,19.32,9.97,17.02,35.64,35.06,22.79,22.20,21.04
22.68,22.79,27.04,24.11,24.88,24.24,24.10,5.41,20.51,8.39,11.20,25.44,23.79,24.62,14.68,25.79,23.33
6.91,9.03,11.62,19.43,10.74,12.70,10.90,14.93,14.28,9.33,9.91,9.78,22.98,22.27,10.31,11.87,9.85
11.25,17.61,13.37,17.16,17.27,22.09,5.96,27.02,14.43,21.76,25.69,8.21,22.96,20.98,17.06,4.19,6.64
21.98,22.82,26.64,21.72,24.87,24.73,22.55,2.91,18.29,6.73,12.25,24.53,21.29,22.14,12.60,24.33,21.85
19.09,25.74,23.00,8.62,26.07,30.38,10.41,25.31,9.45,21.58,29.57,17.19,14.18,11.91,15.08,11.02,11.40
9.02,14.60,14.39,12.59,15.66,18.98,5.34,15.75,7.55,10.49,16.57,9.55,16.97,15.84,6.39,7.18,4.71
13.39,8.13,13.99,30.35,9.83,6.60,20.99,20.72,25.20,16.74,7.24,16.67,33.44,32.97,20.57,21.33,19.92
2.41,7.73,7.79,19.51,8.64,12.29,7.95,19.21,14.55,13.50,14.12,5.00,23.99,22.85,12.44,8.22,6.90
17.69,23.26,22.95,4.50,24.39,27.52,11.11,15.29,1.49,12.52,22.45,17.66,8.26,7.17,6.03,13.04,11.34
9.83,16.05,14.84,11.42,16.83,20.60,3.24,18.03,6.87,13.01,19.27,9.38,16.45,15.00,7.99,5.28,3.12
8.87,15.48,13.30,13.16,15.92,20.12,0.50,20.62,9.15,15.42,20.58,7.55,18.54,16.90,10.72,2.54,1.13
0.95,6.87,6.32,20.65,7.50,11.51,8.48,20.63,15.77,14.92,14.82,4.04,25.27,24.07,13.89,8.39,7.48
23.27,28.18,28.67,6.88,29.56,32.12,17.42,13.86,7.86,13.63,24.66,23.67,4.56,5.59,9.11,19.38,17.56
7.71,11.46,13.00,16.53,12.96,15.42,8.95,14.02,11.38,8.31,12.02,9.82,20.17,19.40,7.70,10.29,7.99
25.71,31.43,30.84,4.78,32.51,35.70,18.32,19.88,9.32,19.06,29.82,25.32,2.00,1.02,13.44,20.00,18.80
7.85,10.79,12.92,17.70,12.43,14.54,10.15,13.73,12.55,8.03,10.72,10.32,21.15,20.47,8.47,11.39,9.16
13.55,20.23,16.88,12.86,20.29,24.85,5.48,25.12,10.87,20.34,26.20,11.18,18.70,16.64,14.71,5.18,6.54
18.48,24.32,23.61,2.93,25.33,28.68,11.25,17.07,2.23,14.34,24.14,18.13,7.74,6.22,7.81,13.05,11.64
3.89,10.14,9.17,17.34,10.84,14.74,5.45,19.27,12.52,13.59,15.97,4.65,22.08,20.80,11.29,5.90,4.39
9.70,15.66,14.91,11.56,16.57,20.14,4.29,16.83,6.71,11.76,18.16,9.69,16.29,14.99,6.94,6.28,3.93
19.67,22.69,24.98,14.25,24.48,25.81,17.48,4.78,11.24,5.11,16.01,21.38,14.00,14.69,6.35,19.46,17.04
15.69,22.21,20.11,7.44,22.75,26.83,7.13,21.52,6.00,17.50,25.37,14.30,13.27,11.25,11.12,8.34,7.97
2.50,9.07,7.63,18.76,9.56,13.71,6.26,20.55,14.02,14.84,16.26,3.28,23.59,22.27,12.84,6.22,5.28
23.61,26.07,28.81,17.23,27.96,28.79,21.73,3.73,15.01,8.08,17.62,25.49,15.65,16.85,10.57,23.72,21.30
7.57,14.22,11.95,14.46,14.60,18.86,1.11,20.88,10.31,15.52,19.93,6.21,19.78,18.18,11.31,2.09,0.47
22.97,28.96,27.95,1.79,29.90,33.36,15.20,20.18,6.94,18.36,28.62,22.31,4.99,2.72,12.13,16.78,15.76
10.94,17.28,13.03,17.32,16.93,21.75,5.87,26.92,14.50,21.63,25.44,7.88,23.11,21.15,17.01,4.04,6.51
17.62,22.94,22.95,5.51,24.16,27.12,11.56,14.03,2.31,11.38,21.52,17.82,8.47,7.69,5.02,13.54,11.67
17.02,18.43,21.83,18.82,20.40,20.88,17.69,4.85,14.66,2.08,9.99,19.50,19.68,20.03,8.68,19.41,16.94
2.53,9.07,6.41,19.84,9.14,13.68,6.67,22.44,15.29,16.73,17.70,1.40,24.88,23.45,14.57,6.02,5.87
18.03,21.85,23.45,11.42,23.48,25.38,14.82,7.77,8.15,6.02,17.05,19.36,12.03,12.34,3.64,16.84,14.49
13.89,20.26,15.92,16.89,19.89,24.73,7.78,28.60,14.93,23.53,28.11,10.86,22.74,20.64,18.36,6.37,8.65
13.88,17.16,19.19,14.11,18.86,20.61,12.63,8.46,9.51,3.38,12.97,15.70,16.12,15.97,3.61,14.48,12.00
15.19,17.91,20.39,15.31,19.71,21.06,14.45,6.72,10.98,1.64,12.23,17.22,16.76,16.85,4.99,16.28,13.79
15.75,22.42,19.64,9.74,22.71,27.06,7.10,23.97,8.66,19.71,26.88,13.83,15.58,13.45,13.52,7.66,8.12
11.46,9.94,14.71,23.99,12.03,11.57,16.72,14.13,18.94,9.76,4.16,14.76,26.66,26.35,13.84,17.65,15.67
7.91,1.89,7.75,27.58,3.80,4.01,16.34,22.31,22.48,17.23,11.34,10.90,31.55,30.68,19.03,16.25,15.31
21.16,23.98,26.43,15.21,25.80,26.95,19.06,4.00,12.56,6.11,16.59,22.93,14.40,15.30,7.90,21.04,18.63
8.85,10.30,13.42,19.58,12.16,13.51,12.34,13.20,14.47,7.72,8.48,11.73,22.68,22.16,9.83,13.48,11.33
4.74,8.58,9.90,18.76,9.94,12.82,8.77,16.84,13.66,11.13,12.27,7.35,22.83,21.88,10.70,9.54,7.70
13.10,7.40,13.23,30.82,8.94,5.39,20.99,21.82,25.67,17.68,8.48,16.29,34.09,33.55,21.23,21.22,19.93
10.04,14.52,8.94,23.79,13.41,18.31,10.78,30.34,20.36,24.69,25.55,6.86,29.47,27.62,21.50,8.81,10.79
18.74,24.57,23.86,2.71,25.58,28.92,11.50,17.12,2.46,14.47,24.33,18.38,7.50,5.96,7.96,13.29,11.89
17.88,20.15,22.98,16.49,22.03,22.97,17.16,3.92,12.71,2.15,12.72,20.00,16.99,17.44,6.93,19.03,16.55
16.21,14.48,19.50,25.75,16.57,15.26,20.62,11.93,21.00,9.43,2.11,19.45,27.45,27.53,15.25,21.79,19.62
16.12,20.96,21.55,8.28,22.33,24.97,11.34,11.77,4.14,8.65,18.78,16.81,10.71,10.26,2.27,13.38,11.20
5.56,1.46,5.94,25.74,3.20,5.94,14.08,22.05,20.69,16.69,12.44,8.53,29.95,28.96,17.70,13.92,13.08
5.70,1.34,4.57,26.56,1.70,5.72,14.38,23.66,21.59,18.25,14.02,8.19,30.97,29.89,18.93,13.98,13.43
15.82,14.90,19.55,23.96,16.99,16.21,19.48,10.22,19.27,7.53,3.81,18.93,25.56,25.67,13.46,20.77,18.52
8.00,7.54,11.58,22.41,9.54,10.40,13.68,15.74,17.26,10.55,7.59,11.29,25.74,25.14,12.92,14.43,12.61
14.26,20.65,18.95,7.61,21.32,25.23,6.04,19.72,4.74,15.54,23.36,13.22,13.23,11.42,9.26,7.62,6.70
13.08,19.05,14.21,19.42,18.42,23.34,8.77,29.83,17.05,24.54,28.03,9.79,25.26,23.20,19.87,6.94,9.41
12.89,18.86,14.02,19.44,18.23,23.15,8.68,29.73,17.03,24.42,27.87,9.60,25.28,23.23,19.79,6.82,9.30
2.56,9.25,7.23,19.03,9.56,13.89,6.15,21.37,14.39,15.67,17.03,2.46,23.98,22.60,13.50,5.84,5.25
14.15,13.27,17.86,23.44,15.36,14.80,18.13,11.16,18.60,7.61,3.57,17.30,25.41,25.38,12.97,19.34,17.14
1.29,7.97,6.11,20.24,8.25,12.60,7.46,21.66,15.52,15.94,16.42,2.47,25.10,23.77,14.28,7.09,6.55
12.90,12.52,16.83,22.29,14.59,14.46,16.70,11.22,17.39,7.02,4.67,15.99,24.49,24.35,11.87,17.92,15.71
7.43,2.40,4.59,28.52,0.40,4.78,16.05,25.61,23.58,20.26,15.32,9.44,33.00,31.88,21.02,15.47,15.14
12.37,18.49,17.39,8.87,19.33,23.00,5.20,17.56,4.45,13.06,20.64,11.88,13.95,12.45,7.12,7.16,5.44
12.59,17.32,18.04,10.97,18.69,21.36,9.06,12.18,5.93,7.54,16.14,13.56,14.22,13.54,2.29,11.04,8.63
11.19,16.79,11.71,20.85,16.02,20.95,8.79,29.52,17.92,24.04,26.52,7.81,26.64,24.68,19.98,6.77,9.16
10.64,10.74,14.71,21.38,12.76,13.23,14.69,12.57,16.33,7.63,6.15,13.72,24.07,23.73,11.23,15.81,13.68
11.76,17.53,17.02,9.65,18.54,21.92,5.94,15.80,4.66,11.17,18.82,11.82,14.20,12.96,5.47,7.98,5.83
2.75,8.79,8.18,18.60,9.55,13.39,6.75,19.43,13.72,13.72,15.13,4.44,23.23,22.01,12.06,7.02,5.71
19.70,21.30,24.61,18.77,23.27,23.71,19.60,1.98,15.19,3.92,12.29,22.03,18.76,19.43,9.47,21.42,18.94
8.81,13.58,8.18,22.87,12.60,17.53,9.67,29.03,19.28,23.38,24.33,5.58,28.49,26.69,20.25,7.75,9.61
5.66,2.64,7.09,24.98,4.55,6.59,13.82,20.69,19.89,15.37,11.23,8.89,29.03,28.11,16.62,13.86,12.78
9.91,16.17,14.88,11.36,16.92,20.73,3.11,18.22,6.88,13.22,19.48,9.38,16.44,14.96,8.15,5.15,3.06
6.45,3.61,2.74,27.66,1.81,6.64,14.83,26.05,22.84,20.56,16.57,7.95,32.35,31.13,20.73,14.08,13.99
9.49,2.82,7.68,29.91,3.20,1.86,18.15,24.88,24.84,19.85,13.32,12.04,34.03,33.09,21.60,17.82,17.17
24.54,25.38,29.22,22.87,27.43,27.18,24.80,4.00,19.88,9.07,14.44,27.04,21.80,22.89,14.44,26.63,24.15
17.64,17.65,21.88,22.43,19.73,19.33,19.92,7.00,18.09,5.56,7.00,20.52,23.38,23.73,12.11,21.45,19.06
11.76,18.45,15.49,12.53,18.64,23.09,3.38,23.26,9.73,18.35,24.07,9.69,18.28,16.36,12.95,3.52,4.46
8.04,13.67,8.85,20.65,13.01,17.93,7.46,27.25,17.06,21.65,23.45,4.66,26.26,24.47,18.21,5.52,7.46
19.85,22.70,25.12,14.87,24.51,25.73,17.91,4.15,11.84,4.93,15.67,21.65,14.57,15.29,6.83,19.88,17.44
2.52,7.33,7.75,19.86,8.34,11.86,8.46,19.06,14.87,13.36,13.65,5.36,24.27,23.17,12.57,8.74,7.40
13.81,7.27,12.58,33.01,8.10,3.34,22.23,25.06,27.86,20.73,11.79,16.67,36.61,35.92,23.82,22.16,21.20
4.32,3.32,2.88,25.52,2.84,7.57,12.89,24.10,20.66,18.54,15.44,6.35,30.15,28.95,18.52,12.31,11.99
3.22,8.36,8.61,18.82,9.38,12.87,7.66,18.47,13.83,12.76,13.89,5.55,23.23,22.12,11.62,8.13,6.59
17.20,22.03,22.63,7.77,23.41,26.01,12.24,11.70,4.26,9.10,19.52,17.86,9.74,9.43,3.13,14.28,12.15
18.88,25.42,23.20,6.27,25.94,30.04,10.27,23.17,7.29,19.69,28.22,17.38,11.95,9.72,13.11,11.30,11.15
9.61,3.80,9.66,28.52,5.54,3.81,17.82,21.86,23.38,17.06,9.99,12.72,32.23,31.48,19.52,17.87,16.77
11.42,18.07,15.59,11.55,18.44,22.71,2.74,21.72,8.36,16.86,22.92,9.77,17.20,15.37,11.40,3.78,3.74
13.88,15.74,18.79,17.66,17.64,18.60,14.75,7.76,13.02,2.26,9.52,16.32,19.46,19.44,7.16,16.39,13.95
21.45,22.89,26.33,19.75,24.89,25.15,21.29,0.90,16.47,5.69,13.26,23.80,19.25,20.11,10.93,23.14,20.66
14.32,20.60,19.15,7.19,21.35,25.14,6.39,18.86,3.90,14.76,22.82,13.48,12.68,10.95,8.42,8.10,6.93
22.91,25.09,28.03,17.91,27.01,27.68,21.52,2.36,15.34,7.15,16.31,24.93,16.69,17.78,10.49,23.47,21.02
8.57,14.98,13.42,12.82,15.62,19.58,2.01,19.05,8.39,13.83,19.21,7.88,17.94,16.45,9.28,3.95,1.61
1.75,7.42,7.15,19.93,8.20,12.03,8.04,19.87,15.01,14.16,14.52,4.45,24.50,23.32,13.06,8.14,7.01
13.89,20.44,16.49,15.15,20.25,24.99,6.84,27.28,13.28,22.35,27.52,11.10,21.00,18.90,16.95,5.82,7.82
26.54,32.52,31.50,5.35,33.48,36.91,18.68,22.31,10.45,21.18,31.75,25.83,4.47,3.02,15.26,20.20,19.29
21.74,21.59,25.96,24.38,23.68,22.92,23.59,6.18,20.56,8.14,9.83,24.58,24.39,25.10,14.64,25.22,22.78
18.39,17.58,22.24,24.61,19.68,18.73,21.48,8.78,20.21,7.76,5.66,21.44,25.60,25.95,14.25,22.90,20.57
22.52,26.04,27.92,12.96,27.75,29.32,19.14,7.13,11.29,8.76,19.64,23.89,11.37,12.49,8.11,21.18,18.88
17.89,21.76,23.31,11.23,23.38,25.32,14.60,8.00,7.91,6.11,17.11,19.18,11.93,12.20,3.43,16.62,14.27
11.17,7.09,12.74,27.42,9.10,7.40,18.30,18.53,22.28,14.17,6.13,14.53,30.56,30.06,17.69,18.78,17.23
2.20,5.07,3.49,23.41,5.03,9.59,10.70,23.10,18.61,17.45,15.74,4.34,28.15,26.89,16.80,10.15,9.80
6.41,8.07,10.87,20.29,9.81,11.74,11.24,15.72,15.13,10.17,9.76,9.46,23.91,23.17,11.27,12.06,10.18
11.22,12.93,16.00,18.44,14.82,15.95,13.25,10.56,13.47,5.07,8.61,13.85,20.97,20.67,8.16,14.68,12.33
8.35,10.73,13.25,18.32,12.46,14.27,11.04,13.30,13.19,7.66,9.84,10.98,21.59,20.99,8.81,12.26,10.05
11.61,9.74,14.67,24.55,11.84,11.18,17.11,14.58,19.48,10.29,3.92,14.94,27.23,26.91,14.41,18.00,16.06
10.97,17.66,14.74,12.96,17.86,22.31,2.66,22.96,9.89,17.96,23.41,8.93,18.66,16.79,12.75,2.76,3.73
25.62,31.52,30.64,4.41,32.52,35.87,17.92,21.09,9.40,19.95,30.54,25.03,3.55,1.80,14.06,19.51,18.48
13.05,19.39,15.03,17.16,19.01,23.85,7.29,28.25,14.94,23.10,27.41,9.99,23.01,20.94,18.10,5.74,8.10
6.77,11.42,6.17,22.82,10.51,15.45,9.30,27.54,18.87,21.85,22.25,3.75,28.29,26.61,19.22,7.61,9.01
3.96,3.73,6.46,23.47,5.16,8.15,12.07,20.41,18.42,14.90,12.15,7.27,27.68,26.69,15.50,12.09,11.03
7.71,13.90,9.67,18.79,13.52,18.34,5.58,25.71,15.18,20.18,22.72,4.51,24.39,22.61,16.46,3.63,5.64
6.23,12.90,10.57,15.79,13.23,17.54,2.48,21.13,11.49,15.64,19.24,4.86,21.02,19.47,11.95,2.54,1.69
14.94,8.46,13.80,33.85,9.32,4.54,23.30,25.24,28.69,21.12,11.69,17.85,37.32,36.69,24.49,23.28,22.26
22.85,28.71,27.91,1.73,29.72,33.07,15.29,19.24,6.59,17.58,27.97,22.34,4.26,2.12,11.46,16.96,15.80
13.58,14.38,18.08,20.01,16.39,16.80,15.88,8.92,15.26,4.33,7.07,16.37,21.92,21.88,9.52,17.34,14.98
9.72,16.21,14.39,11.95,16.79,20.83,1.80,19.69,7.85,14.63,20.46,8.70,17.27,15.66,9.61,3.80,2.15
13.37,11.96,16.77,24.22,14.06,13.31,18.04,12.66,19.28,8.89,2.84,16.61,26.46,26.32,13.83,19.12,17.02
22.11,23.07,26.82,21.44,25.10,25.03,22.51,2.54,18.08,6.71,12.63,24.62,20.93,21.81,12.44,24.31,21.83
25.33,30.50,30.67,6.64,31.80,34.53,18.89,16.36,9.28,16.32,27.35,25.47,2.12,3.92,11.60,20.77,19.16
12.76,10.05,15.35,26.16,12.14,10.78,18.65,15.42,21.10,11.52,2.98,16.12,28.75,28.48,15.96,19.47,17.59
9.69,8.07,12.78,23.85,10.16,10.11,15.55,15.58,18.72,10.80,5.84,13.02,26.91,26.43,14.04,16.32,14.49
17.16,19.06,22.15,17.50,20.99,21.74,17.13,4.42,13.47,1.34,11.31,19.46,18.26,18.63,7.53,18.92,16.44
16.53,23.20,19.65,12.75,23.20,27.81,8.43,27.11,11.98,22.63,29.05,14.05,18.53,16.33,16.63,8.17,9.50
10.78,17.45,14.20,14.03,17.52,22.08,3.15,23.93,11.04,18.83,23.85,8.45,19.76,17.86,13.79,2.41,4.12
22.13,24.99,27.41,15.29,26.81,27.96,19.82,4.42,12.96,7.12,17.49,23.85,14.08,15.12,8.62,21.82,19.42
16.80,18.31,21.64,18.51,20.27,20.82,17.37,4.97,14.34,1.75,10.12,19.25,19.43,19.76,8.36,19.10,16.63
24.40,29.82,29.67,4.87,31.03,33.97,17.58,17.23,8.09,16.59,27.47,24.34,1.60,2.25,11.29,19.41,17.92
22.78,26.34,28.19,12.83,28.05,29.65,19.29,7.45,11.30,9.11,20.00,24.11,11.10,12.27,8.30,21.32,19.05
3.54,10.15,8.43,17.85,10.60,14.80,5.18,20.57,13.19,14.90,17.02,3.44,22.78,21.41,12.41,5.18,4.21
20.86,27.01,25.72,1.66,27.86,31.48,12.86,20.32,5.52,17.82,27.58,20.03,7.27,5.09,11.30,14.38,13.49
4.61,10.95,7.39,19.34,10.78,15.48,5.79,23.76,15.12,18.10,19.75,1.62,24.64,23.06,15.24,4.59,5.27
17.22,20.93,22.62,11.92,22.58,24.43,14.36,7.60,8.30,5.21,16.17,18.64,12.85,13.06,3.17,16.35,13.96
11.56,17.24,16.85,9.96,18.29,21.61,6.07,15.49,4.91,10.79,18.40,11.72,14.40,13.21,5.22,8.10,5.88
6.78,11.20,12.17,16.28,12.54,15.37,7.75,15.19,11.14,9.50,13.07,8.64,20.23,19.32,8.14,9.02,6.77
8.69,14.19,9.21,21.02,13.46,18.39,7.98,27.93,17.55,22.34,24.13,5.31,26.67,24.84,18.83,6.00,8.05
2.89,7.34,3.47,22.80,6.85,11.68,9.52,24.45,18.25,18.74,18.02,2.41,27.84,26.42,17.25,8.58,8.78
18.94,22.04,24.25,13.91,23.81,25.21,16.75,5.20,10.70,4.66,15.69,20.63,13.97,14.54,5.64,18.72,16.30
19.71,22.77,25.02,14.12,24.55,25.90,17.46,4.90,11.15,5.22,16.14,21.40,13.86,14.55,6.31,19.44,17.03
7.76,1.09,6.76,28.05,2.55,3.61,16.37,23.48,22.99,18.32,12.65,10.50,32.19,31.24,19.81,16.12,15.38
24.14,29.60,29.40,4.52,30.79,33.77,17.27,17.31,7.80,16.55,27.39,24.05,1.81,2.06,11.15,19.09,17.62
14.15,19.82,19.41,7.44,20.89,24.16,7.90,15.32,2.32,11.35,20.15,14.16,11.80,10.61,4.89,9.91,7.98
15.35,17.42,20.36,17.02,19.31,20.28,15.51,6.23,12.65,0.57,10.70,17.64,18.37,18.51,6.67,17.26,14.78
15.80,21.00,15.53,23.46,19.99,24.90,12.94,33.95,21.31,28.56,31.21,12.41,29.31,27.19,24.11,11.01,13.49
14.32,20.39,15.61,19.01,19.80,24.71,9.33,30.34,17.00,25.15,29.09,11.08,24.85,22.74,20.21,7.65,10.08
19.80,25.55,24.96,2.14,26.61,29.87,12.65,17.00,3.41,14.73,24.86,19.51,6.34,4.89,8.38,14.45,13.03
10.90,16.20,16.30,11.18,17.38,20.47,6.77,14.36,6.04,9.42,16.81,11.52,15.23,14.23,4.53,8.74,6.34
12.12,15.16,17.35,15.37,16.87,18.60,11.91,9.68,10.49,4.05,11.59,14.17,17.84,17.53,5.02,13.62,11.16
14.12,10.92,16.42,27.52,12.96,11.05,20.16,15.94,22.50,12.46,2.34,17.50,29.96,29.76,17.24,20.97,19.10
19.74,22.22,24.92,16.07,24.09,25.07,18.38,3.04,12.84,4.24,14.59,21.71,15.87,16.57,7.53,20.31,17.85
5.57,12.20,9.12,17.54,12.24,16.81,3.98,22.80,13.38,17.22,19.90,3.29,22.87,21.27,13.85,2.92,3.50
11.08,14.28,16.33,15.47,15.95,17.85,11.08,10.72,10.47,5.05,11.61,13.12,18.26,17.83,5.39,12.74,10.28
17.10,23.45,21.78,5.20,24.15,28.01,8.83,20.37,4.50,16.82,25.48,16.03,11.02,9.02,10.24,10.27,9.53
18.72,24.41,23.92,3.19,25.49,28.72,11.76,16.30,2.31,13.76,23.76,18.52,7.30,6.00,7.32,13.62,12.09
10.60,8.18,13.27,25.07,10.28,9.61,16.77,16.08,19.95,11.57,5.07,13.97,28.04,27.61,15.18,17.49,15.71
12.69,19.38,16.49,11.75,19.61,24.02,4.18,23.32,9.28,18.56,24.67,10.68,17.55,15.58,12.92,4.51,5.24
22.88,26.58,28.30,12.33,28.26,29.94,19.16,8.03,10.98,9.52,20.46,24.13,10.51,11.70,8.30,21.20,18.96
22.69,27.92,28.03,5.07,29.19,31.99,16.34,15.21,6.71,14.39,25.27,22.85,3.73,4.08,9.17,18.24,16.57
11.03,16.93,12.12,19.61,16.31,21.22,7.74,28.62,16.73,23.20,26.14,7.71,25.40,23.44,18.94,5.74,8.19
14.64,20.24,15.03,21.49,19.40,24.34,11.06,32.10,19.31,26.77,29.87,11.27,27.34,25.24,22.18,9.18,11.66
4.18,2.74,5.51,24.45,3.97,7.33,12.68,21.58,19.43,16.10,12.86,7.26,28.76,27.72,16.66,12.53,11.68
17.29,23.76,21.78,6.02,24.35,28.35,8.79,21.59,5.74,17.94,26.35,15.98,11.87,9.77,11.40,10.03,9.60
26.01,27.36,30.89,22.03,29.37,29.41,25.44,4.48,19.57,10.18,16.92,28.31,20.33,21.62,14.59,27.34,24.87
8.54,7.66,11.95,22.89,9.70,10.26,14.30,15.67,17.74,10.60,7.01,11.85,26.12,25.56,13.28,15.06,13.23
24.17,25.34,28.97,21.69,27.36,27.34,24.04,3.01,18.79,8.47,14.88,26.56,20.55,21.64,13.48,25.90,23.42
10.77,4.71,10.51,29.63,6.22,3.38,19.00,22.42,24.48,17.78,10.03,13.83,33.27,32.55,20.51,19.04,17.95
9.50,15.04,10.02,20.93,14.29,19.22,8.17,28.44,17.63,22.88,24.90,6.12,26.64,24.76,19.18,6.14,8.34
23.08,27.99,28.48,6.88,29.37,31.92,17.27,13.70,7.73,13.43,24.47,23.50,4.73,5.70,8.91,19.23,17.40
16.95,19.75,22.19,14.89,21.56,22.86,15.64,5.44,11.00,2.40,13.50,18.87,15.72,16.03,5.20,17.54,15.07
27.57,33.43,32.60,6.36,34.45,37.76,19.88,22.11,11.29,21.38,32.12,26.99,3.80,3.19,15.71,21.45,20.44
1.37,6.63,4.25,22.11,6.59,11.19,9.18,22.95,17.41,17.25,16.57,2.80,26.98,25.65,16.02,8.57,8.33
5.60,2.12,6.63,25.31,4.00,6.27,13.94,21.25,20.23,15.91,11.70,8.74,29.42,28.47,17.07,13.89,12.91
7.61,14.17,12.25,14.04,14.67,18.80,1.43,20.05,9.72,14.70,19.35,6.61,19.25,17.71,10.50,2.90,0.42
5.63,5.05,8.74,23.01,6.91,8.72,12.70,18.36,17.88,12.98,9.99,9.01,26.85,26.03,14.31,13.07,11.63
9.65,14.63,15.10,12.89,15.89,18.83,7.08,14.05,7.74,8.74,15.24,10.69,16.79,15.87,5.17,8.89,6.41
9.79,14.69,15.23,12.90,15.97,18.86,7.30,13.83,7.75,8.53,15.12,10.87,16.73,15.84,5.01,9.11,6.63
12.92,10.30,15.57,26.07,12.39,11.05,18.71,15.17,21.03,11.33,2.75,16.28,28.62,28.36,15.85,19.55,17.65
12.68,19.33,16.78,10.78,19.68,23.97,4.00,22.20,8.10,17.52,23.99,10.95,16.53,14.61,11.78,4.86,5.00
16.73,18.88,21.79,16.78,20.77,21.70,16.44,4.89,12.71,0.89,11.68,18.94,17.67,17.99,6.77,18.25,15.77
18.36,23.56,23.73,5.64,24.83,27.67,12.47,13.55,3.21,11.26,21.65,18.66,7.90,7.36,5.17,14.46,12.57
5.65,5.40,0.58,26.60,3.93,8.81,13.42,26.51,21.93,20.89,18.00,6.29,31.50,30.16,20.37,12.46,12.66
2.17,5.32,3.38,23.35,5.20,9.82,10.55,23.27,18.57,17.60,16.01,4.09,28.12,26.84,16.86,9.96,9.67
23.72,24.52,28.38,22.60,26.57,26.32,24.13,3.60,19.45,8.34,13.63,26.24,21.75,22.75,13.91,25.93,23.45
5.96,9.97,4.59,23.68,8.97,13.90,10.10,27.26,19.52,21.54,21.22,3.55,29.03,27.42,19.39,8.60,9.66
20.10,24.51,25.55,8.84,26.02,28.27,15.48,10.27,6.98,9.39,20.42,20.96,8.67,9.15,5.40,17.52,15.38
16.57,22.93,21.25,5.62,23.63,27.50,8.31,20.23,4.43,16.56,25.09,15.50,11.42,9.45,10.02,9.77,9.00
21.65,26.19,27.09,8.33,27.67,29.98,16.61,11.33,7.56,11.01,22.08,22.37,7.20,7.96,7.05,18.63,16.59
2.50,5.96,7.01,21.22,7.06,10.47,9.78,19.56,16.21,13.90,13.04,5.81,25.56,24.50,13.66,9.93,8.74
20.22,26.06,25.32,1.35,27.08,30.42,12.85,17.79,3.94,15.52,25.61,19.80,6.20,4.51,9.15,14.59,13.29
9.73,11.59,14.51,18.59,13.43,14.83,12.26,12.04,13.52,6.48,8.91,12.41,21.51,21.06,8.64,13.57,11.29
9.90,7.64,12.62,24.72,9.74,9.35,16.16,16.31,19.58,11.63,5.75,13.27,27.81,27.32,14.94,16.85,15.09
13.96,15.12,18.61,19.24,17.09,17.66,15.71,8.16,14.56,3.37,7.96,16.62,21.02,21.03,8.74,17.25,14.85
8.76,8.74,12.64,21.74,10.73,11.53,13.72,14.54,16.61,9.37,7.16,11.95,24.88,24.36,12.02,14.63,12.67
4.43,10.98,9.33,16.93,11.49,15.62,4.38,20.15,12.29,14.52,17.27,4.17,21.88,20.49,11.70,4.63,3.37
25.36,31.43,30.25,4.33,32.33,35.86,17.37,22.26,9.49,20.77,31.14,24.55,5.21,3.23,14.63,18.84,18.01
23.40,26.11,28.66,16.28,27.96,28.96,21.18,4.43,14.19,8.14,18.10,25.17,14.66,15.86,9.98,23.18,20.78
20.95,26.48,26.20,3.02,27.63,30.70,14.15,16.14,4.61,14.43,24.94,20.86,5.00,4.08,8.46,16.00,14.46
22.03,28.36,26.67,3.69,29.08,32.90,13.69,22.57,7.56,20.01,29.60,20.89,8.43,6.14,13.46,14.98,14.44
8.45,1.79,6.87,28.93,2.43,2.89,17.11,24.34,23.87,19.21,13.23,11.04,33.10,32.14,20.74,16.79,16.13
5.32,6.02,9.10,21.89,7.76,9.83,11.78,17.65,16.75,12.17,10.22,8.64,25.74,24.90,13.23,12.27,10.71
9.97,12.30,14.93,17.68,14.08,15.66,11.79,11.64,12.62,5.98,9.68,12.47,20.58,20.13,7.71,13.20,10.86
21.58,22.64,26.32,20.94,24.66,24.68,21.92,2.19,17.53,6.12,12.43,24.06,20.54,21.37,11.86,23.72,21.24
25.83,26.58,30.49,23.81,28.64,28.29,26.08,5.16,20.97,10.37,15.40,28.34,22.48,23.66,15.63,27.91,25.43
13.73,18.89,19.13,8.97,20.14,23.06,8.83,13.25,3.91,9.14,18.15,14.27,12.52,11.68,2.78,10.86,8.64
7.56,13.90,12.54,13.72,14.59,18.49,2.61,18.73,9.11,13.37,18.25,7.16,18.70,17.28,9.31,4.23,1.75
16.03,21.43,16.07,22.73,20.49,25.42,12.63,33.67,20.74,28.35,31.34,12.64,28.58,26.45,23.73,10.75,13.24
24.28,27.10,29.57,16.20,28.94,29.99,21.78,5.40,14.44,9.16,19.15,25.97,14.21,15.53,10.58,23.80,21.42
18.33,24.54,23.17,3.45,25.35,29.05,10.32,19.64,3.90,16.51,25.73,17.48,9.27,7.28,9.89,11.87,10.93
3.49,6.60,8.14,20.64,7.91,10.94,9.79,18.41,15.56,12.76,12.24,6.66,24.81,23.82,12.72,10.18,8.72
19.82,19.83,24.10,23.14,21.92,21.37,21.73,5.95,19.11,6.54,8.60,22.65,23.55,24.11,13.14,23.34,20.91
16.96,16.38,20.90,23.58,18.48,17.79,20.04,8.81,19.06,6.82,5.20,19.99,24.83,25.08,13.13,21.44,19.12
15.24,21.79,19.62,7.94,22.30,26.41,6.65,21.61,6.26,17.48,25.16,13.80,13.76,11.75,11.18,7.82,7.51
4.22,8.47,3.71,23.11,7.72,12.64,9.62,25.67,18.73,19.95,19.44,2.48,28.30,26.79,18.14,8.41,9.01
21.23,26.72,26.49,3.21,27.89,30.93,14.47,16.07,4.91,14.48,25.05,21.16,4.72,3.92,8.59,16.33,14.78
12.50,11.53,16.10,23.26,13.62,13.25,16.97,12.47,18.29,8.31,3.90,15.69,25.63,25.43,12.92,18.07,15.95
8.65,15.06,13.49,12.75,15.70,19.67,1.97,19.09,8.35,13.88,19.30,7.94,17.89,16.39,9.29,3.93,1.63
17.84,20.92,23.15,13.96,22.69,24.13,15.89,5.55,10.39,3.76,14.86,19.58,14.47,14.88,4.95,17.84,15.40
19.12,19.14,23.38,22.88,21.22,20.72,21.14,6.21,18.75,6.14,8.06,21.96,23.45,23.95,12.76,22.72,20.30
5.56,5.75,0.19,26.40,4.33,9.21,13.16,26.59,21.76,20.96,18.27,6.00,31.34,29.98,20.31,12.16,12.42
8.31,14.98,11.82,15.48,15.05,19.60,2.31,23.17,11.82,17.82,21.87,6.02,21.04,19.28,13.47,0.28,2.71
13.90,9.29,15.11,29.65,11.14,8.32,21.00,19.13,24.53,15.40,5.47,17.24,32.48,32.12,19.64,21.52,19.93
10.56,4.33,10.08,29.71,5.74,2.88,18.89,22.84,24.57,18.13,10.56,13.56,33.43,32.68,20.71,18.88,17.85
22.67,27.06,28.11,9.27,28.58,30.75,17.80,11.00,8.78,11.31,22.41,23.48,7.39,8.47,7.97,19.82,17.76
6.22,12.63,11.20,15.07,13.27,17.24,3.12,19.22,10.44,13.72,17.72,5.89,20.03,18.63,10.22,4.16,2.05
13.42,18.54,18.83,9.33,19.80,22.70,8.71,13.15,4.26,8.93,17.82,14.02,12.88,12.05,2.70,10.75,8.48
14.10,8.95,14.81,30.65,10.65,7.36,21.56,20.48,25.52,16.69,6.79,17.40,33.62,33.20,20.76,21.96,20.49
3.87,8.21,9.10,19.00,9.41,12.58,8.39,17.72,13.94,12.01,12.94,6.47,23.23,22.21,11.31,8.99,7.31
13.07,19.72,17.18,10.47,20.08,24.36,4.39,22.26,7.94,17.65,24.27,11.35,16.24,14.30,11.81,5.26,5.38
6.46,10.87,5.56,23.18,9.92,14.86,9.62,27.46,19.15,21.75,21.87,3.63,28.60,26.95,19.31,8.00,9.27
22.52,28.72,27.31,2.60,29.53,33.21,14.39,21.62,7.25,19.38,29.28,21.58,6.93,4.64,12.93,15.81,15.06
12.79,16.28,18.12,13.98,17.93,19.86,11.56,9.58,9.18,4.31,12.98,14.55,16.41,16.10,3.58,13.38,10.90
15.83,15.74,19.98,22.19,17.82,17.51,18.59,8.42,17.61,5.58,5.76,18.77,23.62,23.79,11.72,20.02,17.68
11.56,17.73,16.56,9.69,18.54,22.25,4.46,17.75,5.24,13.07,20.24,11.06,14.77,13.28,7.39,6.46,4.64
8.66,7.64,12.00,23.05,9.69,10.16,14.47,15.72,17.91,10.69,6.88,11.98,26.28,25.72,13.43,15.22,13.40
23.30,28.39,28.67,6.00,29.71,32.40,17.14,14.78,7.52,14.32,25.30,23.56,3.74,4.60,9.45,19.07,17.34
10.35,16.64,15.27,10.97,17.37,21.20,3.21,18.38,6.58,13.45,19.90,9.73,16.10,14.59,8.21,5.23,3.30
23.01,27.66,28.45,8.13,29.12,31.48,17.66,12.40,8.32,12.46,23.55,23.63,6.00,7.09,8.51,19.66,17.71
11.94,9.62,14.75,25.30,11.72,10.76,17.71,15.13,20.23,10.97,3.62,15.29,27.98,27.67,15.16,18.55,16.65
4.69,11.16,7.80,18.85,11.07,15.72,5.31,23.36,14.62,17.72,19.62,1.98,24.14,22.56,14.76,4.19,4.77
6.33,12.11,7.62,20.42,11.58,16.46,6.91,25.88,16.51,20.23,21.74,2.94,25.90,24.20,17.14,5.21,6.68
19.08,25.49,23.65,4.61,26.15,30.07,10.66,21.78,5.98,18.55,27.49,17.86,10.36,8.17,11.93,11.94,11.44
1.95,8.63,6.85,19.47,8.99,13.28,6.74,21.26,14.77,15.54,16.54,2.62,24.35,23.01,13.64,6.46,5.81
17.65,23.05,22.97,5.20,24.24,27.25,11.44,14.39,2.05,11.71,21.79,17.79,8.37,7.51,5.31,13.41,11.59
6.14,8.81,3.07,25.20,7.55,12.44,11.65,27.71,20.90,22.00,20.74,4.66,30.46,28.91,20.35,10.27,11.11
5.55,10.10,5.01,22.87,9.25,14.18,9.29,26.64,18.71,20.93,20.97,2.85,28.22,26.61,18.64,7.80,8.85
5.21,5.59,0.32,26.09,4.28,9.19,12.89,26.25,21.44,20.61,18.01,5.76,31.02,29.66,19.96,11.92,12.13
26.19,26.75,30.77,24.62,28.81,28.32,26.67,5.87,21.73,10.90,15.30,28.77,23.32,24.50,16.33,28.48,26.00
6.07,8.80,10.95,19.13,10.39,12.70,10.07,15.62,13.98,9.96,10.79,8.87,22.88,22.08,10.37,10.98,9.02
9.48,14.21,8.75,23.08,13.19,18.12,10.02,29.61,19.61,23.97,25.00,6.24,28.74,26.91,20.74,8.06,10.03
17.43,15.60,20.68,26.45,17.69,16.19,21.73,11.78,21.78,9.88,2.82,20.66,27.92,28.10,15.96,22.94,20.75
3.71,10.40,8.21,18.03,10.70,15.04,5.01,21.30,13.48,15.64,17.72,2.88,23.07,21.63,12.98,4.72,4.12
1.46,5.25,5.01,22.37,5.79,9.90,10.09,21.58,17.47,15.91,14.58,4.64,26.95,25.77,15.39,9.82,9.12
14.08,8.87,14.73,30.74,10.55,7.21,21.59,20.64,25.60,16.83,6.97,17.37,33.73,33.30,20.86,21.97,20.51
4.05,10.67,8.84,17.41,11.11,15.31,4.66,20.59,12.80,14.94,17.38,3.64,22.39,20.99,12.22,4.69,3.70
5.61,9.88,4.67,23.26,8.97,13.90,9.68,26.83,19.08,21.12,20.94,3.10,28.60,27.00,18.93,8.21,9.22
12.07,18.51,14.39,16.42,18.23,23.02,6.04,27.02,13.94,21.86,26.23,9.12,22.24,20.23,16.91,4.51,6.85
22.43,25.74,27.80,13.73,27.49,28.93,19.39,6.27,11.84,8.23,18.98,23.92,12.25,13.36,8.25,21.42,19.09
10.11,11.84,14.86,18.70,13.70,14.99,12.61,11.70,13.65,6.18,8.66,12.81,21.51,21.11,8.65,13.94,11.66
18.28,23.71,23.59,4.66,24.89,27.91,11.93,14.68,2.37,12.21,22.39,18.37,7.71,6.85,5.89,13.88,12.12
20.07,24.08,25.51,10.57,25.68,27.65,16.18,8.53,8.32,8.05,19.15,21.21,10.22,10.83,5.37,18.22,15.97
8.04,10.52,12.96,18.32,12.23,14.12,10.81,13.60,13.18,7.94,10.03,10.67,21.67,21.03,8.92,12.00,9.81
21.91,27.21,27.23,4.41,28.46,31.33,15.46,15.29,5.83,14.13,24.91,22.01,4.25,4.13,8.64,17.36,15.71
7.26,2.62,4.24,28.40,0.52,5.13,15.85,25.74,23.48,20.36,15.59,9.19,32.92,31.79,21.01,15.24,14.96
7.78,14.25,12.59,13.65,14.84,18.86,1.87,19.39,9.21,14.07,18.95,7.05,18.77,17.28,9.83,3.55,1.07
12.34,16.80,17.78,11.81,18.24,20.76,9.47,11.62,6.80,6.78,15.26,13.53,14.89,14.29,2.42,11.41,8.96
16.78,18.82,21.80,17.08,20.73,21.59,16.63,4.81,13.00,0.91,11.44,19.03,17.96,18.28,7.05,18.42,15.94
13.52,20.17,16.59,13.71,20.13,24.77,5.80,25.84,11.72,20.99,26.56,10.98,19.56,17.48,15.46,5.19,6.84
18.28,23.46,23.65,5.76,24.74,27.57,12.44,13.44,3.23,11.13,21.52,18.60,8.01,7.48,5.04,14.43,12.52
13.54,10.72,16.08,26.64,12.79,11.22,19.37,15.32,21.61,11.68,2.29,16.90,29.11,28.89,16.37,20.22,18.32
4.04,5.87,1.44,24.82,4.96,9.89,11.64,25.34,20.18,19.68,17.69,4.55,29.76,28.40,18.79,10.72,10.87
11.09,7.72,13.16,26.48,9.78,8.50,17.80,17.34,21.35,12.99,5.30,14.47,29.50,29.05,16.63,18.39,16.72
13.51,18.30,18.95,10.14,19.66,22.34,9.52,12.04,5.20,7.77,16.87,14.38,13.26,12.61,1.69,11.53,9.19
6.91,13.60,10.69,16.07,13.74,18.23,2.49,22.42,12.06,16.96,20.54,4.87,21.48,19.82,13.05,1.46,2.27
26.61,26.98,31.12,25.39,29.06,28.44,27.27,6.59,22.46,11.47,15.31,29.23,24.09,25.27,17.02,29.07,26.59
12.06,6.94,12.79,29.27,8.73,6.03,19.69,20.38,24.12,16.13,7.38,15.34,32.50,31.96,19.63,20.01,18.62
23.60,26.45,28.89,15.80,28.28,29.38,21.12,5.09,13.89,8.54,18.68,25.29,14.03,15.28,9.92,23.13,20.76
16.44,14.74,19.75,25.77,16.83,15.52,20.77,11.76,21.04,9.39,2.33,19.67,27.41,27.52,15.27,21.96,19.78
21.05,22.36,25.88,20.02,24.37,24.56,21.14,1.50,16.61,5.41,12.61,23.46,19.69,20.49,10.97,22.96,20.48
7.49,10.34,12.51,18.07,11.98,14.10,10.19,14.10,12.91,8.41,10.61,10.05,21.57,20.87,8.92,11.35,9.18
9.71,4.30,10.14,28.17,6.15,4.52,17.74,21.15,23.02,16.40,9.25,12.90,31.78,31.08,19.03,17.88,16.68
22.29,25.35,27.62,14.65,27.14,28.41,19.67,5.21,12.50,7.60,18.15,23.91,13.31,14.39,8.47,21.68,19.31
4.81,7.86,9.68,19.62,9.33,11.99,9.66,16.90,14.50,11.24,11.54,7.71,23.60,22.70,11.31,10.35,8.59
5.13,6.57,0.92,25.59,5.33,10.24,12.25,26.51,21.03,20.84,18.75,5.05,30.62,29.21,19.84,11.17,11.55
9.06,15.75,12.84,14.35,15.93,20.39,1.56,22.61,10.76,17.37,22.01,7.02,19.92,18.15,12.72,0.90,2.35
7.77,11.51,5.84,24.50,10.31,15.20,10.99,28.95,20.57,23.24,23.01,5.13,29.98,28.29,20.82,9.28,10.70
13.30,14.41,17.92,19.37,16.39,16.99,15.32,8.86,14.60,3.94,7.67,16.01,21.34,21.27,8.88,16.81,14.43
8.14,12.90,7.54,22.80,11.94,16.87,9.47,28.53,19.10,22.86,23.66,4.95,28.38,26.62,19.88,7.61,9.34
4.51,8.45,3.46,23.49,7.60,12.53,9.99,26.00,19.11,20.29,19.62,2.86,28.69,27.17,18.52,8.74,9.39
8.05,12.69,7.30,23.01,11.71,16.64,9.65,28.56,19.28,22.89,23.55,4.91,28.58,26.82,19.98,7.81,9.49
19.58,25.14,24.83,3.25,26.28,29.39,12.82,15.82,3.25,13.66,23.95,19.49,6.37,5.32,7.44,14.70,13.11
11.94,13.98,16.86,17.60,15.84,17.06,13.24,9.69,12.71,4.07,9.36,14.41,19.96,19.72,7.22,14.78,12.38
25.76,26.75,30.51,23.07,28.79,28.59,25.72,4.68,20.35,10.13,15.85,28.20,21.63,22.85,15.12,27.58,25.10
15.01,13.55,18.43,24.79,15.65,14.64,19.37,11.83,19.97,8.77,2.34,18.23,26.68,26.68,14.31,20.54,18.38
17.61,22.25,23.06,8.37,23.68,26.14,12.96,10.91,5.11,8.59,19.21,18.40,9.86,9.75,3.13,15.00,12.83
4.99,10.42,5.92,21.41,9.85,14.73,7.83,25.52,17.25,19.82,20.51,1.75,26.75,25.15,17.29,6.40,7.38
17.07,18.53,21.90,18.67,20.50,21.01,17.65,4.74,14.54,1.98,10.16,19.53,19.51,19.87,8.56,19.38,16.91
12.16,16.72,17.61,11.69,18.13,20.72,9.16,11.94,6.65,7.08,15.43,13.29,14.90,14.25,2.60,11.10,8.66
4.30,5.55,1.16,25.19,4.56,9.49,12.04,25.45,20.52,19.80,17.56,4.97,30.10,28.75,19.04,11.14,11.26
17.42,24.00,21.64,7.39,24.46,28.63,8.76,23.10,7.31,19.29,27.34,15.81,13.20,11.03,12.81,9.71,9.68
19.66,21.13,24.53,19.14,23.11,23.47,19.74,2.19,15.51,3.98,11.94,22.04,19.18,19.83,9.75,21.55,19.07
4.86,10.17,10.31,17.00,11.23,14.62,6.56,17.36,11.98,11.67,14.32,6.47,21.38,20.28,9.89,7.45,5.50
23.14,29.15,28.11,1.99,30.08,33.55,15.34,20.39,7.15,18.59,28.85,22.46,5.02,2.74,12.35,16.91,15.91
23.07,26.69,28.48,12.68,28.39,30.02,19.45,7.82,11.32,9.51,20.41,24.36,10.79,12.01,8.53,21.48,19.23
19.94,21.63,24.89,18.58,23.59,24.07,19.69,1.66,15.09,4.11,12.69,22.24,18.48,19.18,9.43,21.53,19.05
9.11,15.80,13.13,13.80,16.07,20.44,0.94,21.97,10.11,16.76,21.64,7.30,19.33,17.59,12.04,1.45,1.91
11.10,17.79,14.65,13.50,17.91,22.42,3.14,23.68,10.57,18.65,23.91,8.87,19.24,17.33,13.47,2.75,4.17
13.47,9.13,14.90,28.98,11.04,8.51,20.44,18.56,23.87,14.75,5.04,16.83,31.81,31.45,18.97,20.99,19.37
7.22,2.05,4.67,28.26,0.20,4.74,15.87,25.25,23.32,19.90,14.99,9.35,32.72,31.62,20.71,15.33,14.95
14.77,20.17,14.84,22.32,19.26,24.19,11.66,32.67,20.08,27.30,30.11,11.39,28.17,26.08,22.83,9.74,12.22
11.97,15.13,17.22,15.15,16.82,18.63,11.63,9.90,10.25,4.30,11.82,13.97,17.69,17.35,4.85,13.35,10.88
7.26,10.28,12.33,17.96,11.89,14.10,9.92,14.32,12.81,8.62,10.87,9.78,21.53,20.80,8.93,11.07,8.90
4.88,3.76,7.33,23.73,5.49,7.84,12.72,19.82,18.64,14.40,11.17,8.23,27.78,26.86,15.41,12.87,11.67
10.64,15.87,16.05,11.54,17.07,20.13,6.82,14.26,6.39,9.24,16.47,11.34,15.55,14.57,4.60,8.76,6.33
12.66,17.68,18.08,10.21,18.96,21.81,8.45,12.99,5.11,8.47,17.02,13.39,13.76,12.95,2.75,10.47,8.12
13.63,19.84,15.26,18.08,19.35,24.23,8.29,29.28,15.97,24.11,28.22,10.47,23.93,21.84,19.14,6.66,9.06
5.50,3.40,2.48,26.72,2.12,7.06,13.94,25.25,21.88,19.73,16.14,7.16,31.39,30.17,19.79,13.25,13.08
25.76,26.37,30.36,24.21,28.43,27.99,26.20,5.42,21.28,10.43,15.03,28.32,22.97,24.12,15.87,28.02,25.53
14.22,20.86,17.24,13.67,20.81,25.46,6.47,26.31,11.95,21.53,27.24,11.66,19.52,17.41,15.90,5.90,7.52
12.98,13.23,17.21,21.11,15.27,15.46,16.09,10.21,16.25,5.77,5.85,15.93,23.22,23.11,10.66,17.42,15.14
8.45,11.50,13.58,17.18,13.14,15.21,10.19,13.14,12.04,7.43,10.87,10.81,20.52,19.88,7.80,11.53,9.23
22.63,24.66,27.71,18.32,26.59,27.18,21.49,1.71,15.58,6.80,15.69,24.72,17.24,18.28,10.56,23.42,20.96
6.16,6.63,9.99,21.78,8.46,10.18,12.18,16.85,16.63,11.42,9.43,9.44,25.46,24.70,12.83,12.79,11.11
15.69,21.55,16.52,20.49,20.82,25.76,11.11,32.13,18.69,26.93,30.67,12.38,26.33,24.18,22.00,9.40,11.84
22.00,28.39,26.56,4.30,29.06,32.95,13.57,23.09,7.92,20.44,29.90,20.76,9.06,6.77,13.86,14.79,14.35
17.93,21.98,23.37,10.60,23.56,25.61,14.34,8.60,7.35,6.69,17.64,19.12,11.37,11.59,3.29,16.37,14.05
15.62,17.13,20.45,18.44,19.09,19.72,16.48,6.16,14.05,1.68,9.46,18.11,19.72,19.91,8.07,18.16,15.70
23.95,29.45,29.19,4.16,30.63,33.64,17.01,17.47,7.58,16.60,27.40,23.81,2.01,1.83,11.10,18.81,17.37
7.76,1.17,6.23,28.34,1.87,3.60,16.43,24.17,23.31,18.96,13.40,10.32,32.57,31.58,20.29,16.09,15.46
8.17,7.06,11.41,23.17,9.10,9.72,14.25,16.26,18.02,11.17,7.35,11.51,26.51,25.91,13.69,14.93,13.18
11.64,17.74,13.10,18.71,17.21,22.10,7.40,28.42,16.03,23.09,26.52,8.40,24.53,22.53,18.56,5.49,7.98
19.97,22.30,25.11,16.57,24.19,25.08,18.77,2.54,13.34,4.31,14.39,21.99,16.31,17.04,7.98,20.69,18.23
13.90,16.41,19.02,16.07,18.23,19.55,13.83,7.76,11.47,2.07,11.09,16.07,17.91,17.86,5.57,15.58,13.10
12.31,7.96,13.71,28.36,9.90,7.66,19.44,18.76,23.22,14.66,5.72,15.66,31.37,30.93,18.50,19.93,18.37
10.36,17.03,14.43,12.63,17.34,21.67,1.74,21.89,9.20,16.85,22.36,8.61,18.24,16.44,11.72,2.62,2.81
17.13,23.13,22.16,4.09,24.05,27.57,9.63,17.73,1.89,14.49,23.78,16.60,9.38,7.72,7.87,11.39,10.07
27.67,28.27,32.28,25.31,30.34,29.83,27.94,6.96,22.66,12.25,16.77,30.21,23.67,24.97,17.42,29.78,27.30
23.78,26.67,29.08,15.72,28.50,29.62,21.22,5.35,13.88,8.78,18.94,25.44,13.86,15.14,10.02,23.23,20.86
16.47,15.17,20.02,24.97,17.27,16.20,20.40,10.78,20.29,8.46,3.25,19.64,26.50,26.65,14.47,21.66,19.43
21.39,21.32,25.65,24.00,23.41,22.73,23.18,5.91,20.16,7.73,9.71,24.21,24.05,24.75,14.23,24.81,22.38
8.62,7.60,11.96,23.06,9.65,10.13,14.45,15.76,17.92,10.72,6.91,11.94,26.29,25.73,13.45,15.20,13.39
13.96,17.92,19.37,12.19,19.49,21.64,11.48,9.66,7.56,5.18,14.80,15.38,14.49,14.20,1.70,13.42,10.98
7.25,11.53,12.63,16.08,12.91,15.65,8.01,14.71,10.93,9.02,12.90,9.13,19.93,19.06,7.73,9.35,7.05
20.26,25.47,25.61,4.95,26.74,29.56,14.13,14.12,4.56,12.53,23.19,20.48,6.04,5.75,6.86,16.08,14.29
19.92,25.61,25.11,2.35,26.70,29.91,12.87,16.72,3.51,14.53,24.74,19.68,6.14,4.80,8.24,14.69,13.23
24.28,29.00,29.70,8.25,30.44,32.83,18.69,13.40,9.20,13.76,24.86,24.81,5.11,6.57,9.85,20.67,18.79
13.60,19.90,15.44,17.47,19.47,24.33,7.89,28.83,15.39,23.70,28.02,10.50,23.32,21.23,18.65,6.35,8.71
18.21,23.64,23.52,4.70,24.82,27.84,11.87,14.67,2.32,12.17,22.34,18.30,7.78,6.91,5.84,13.82,12.05
17.33,16.64,21.22,23.96,18.74,17.95,20.47,8.90,19.46,7.17,5.17,20.38,25.15,25.42,13.52,21.87,19.55
8.83,15.40,11.78,16.29,15.30,19.97,3.54,24.45,12.86,19.09,22.90,6.14,21.93,20.11,14.73,1.53,3.99
18.32,23.00,23.76,7.94,24.43,26.90,13.46,11.16,5.16,9.17,19.89,19.04,9.14,9.10,3.89,15.49,13.37
16.74,21.76,22.15,7.27,23.08,25.82,11.47,12.50,3.41,9.62,19.80,17.26,9.79,9.26,3.29,13.50,11.42
5.40,10.86,10.85,16.32,11.89,15.30,6.07,17.18,11.31,11.52,14.73,6.73,20.73,19.61,9.39,7.10,5.02
5.52,9.46,4.16,23.66,8.49,13.43,10.10,26.89,19.43,21.18,20.72,3.31,28.97,27.39,19.15,8.67,9.60
14.90,19.55,20.34,9.63,20.96,23.50,10.80,11.23,5.08,7.52,17.34,15.80,12.22,11.76,0.91,12.83,10.52
13.23,12.06,16.76,23.77,14.16,13.56,17.71,12.31,18.84,8.45,3.26,16.44,26.00,25.86,13.37,18.82,16.70
13.54,18.63,18.96,9.33,19.90,22.77,8.88,13.00,4.28,8.81,17.78,14.16,12.80,12.00,2.54,10.92,8.65
10.01,16.06,11.47,19.01,15.54,20.43,6.73,27.52,15.92,22.09,25.04,6.74,24.76,22.84,17.92,4.71,7.11
1.91,4.94,4.09,23.09,5.16,9.55,10.56,22.48,18.24,16.83,15.17,4.54,27.75,26.54,16.29,10.13,9.63
3.24,7.18,3.02,23.27,6.56,11.44,9.97,24.82,18.72,19.11,18.16,2.82,28.32,26.89,17.70,8.99,9.25
7.29,8.04,11.41,21.07,9.91,11.35,12.36,15.38,15.92,9.97,8.64,10.45,24.51,23.85,11.75,13.19,11.30
21.10,27.63,25.40,6.12,28.16,32.24,12.49,24.30,8.61,21.20,30.12,19.57,11.24,8.95,14.58,13.47,13.37
7.04,13.66,10.37,16.74,13.65,18.26,3.24,23.33,12.87,17.85,21.15,4.58,22.22,20.52,13.97,1.63,3.17
21.03,25.76,26.46,7.39,27.18,29.63,15.73,11.97,6.57,11.18,22.17,21.64,6.86,7.36,6.63,17.74,15.75
5.64,11.39,11.03,15.81,12.34,15.89,5.31,17.54,10.86,11.91,15.47,6.56,20.35,19.17,9.34,6.40,4.27
6.99,13.50,11.78,14.47,14.06,18.13,2.16,19.68,10.00,14.26,18.64,6.25,19.57,18.09,10.34,3.39,1.10
14.11,7.54,12.75,33.40,8.28,3.44,22.56,25.44,28.25,21.14,12.13,16.94,37.01,36.32,24.22,22.47,21.54
18.45,24.76,23.16,4.04,25.49,29.30,10.22,20.57,4.77,17.35,26.39,17.41,9.89,7.80,10.73,11.65,10.91
2.69,7.56,7.96,19.63,8.57,12.07,8.30,18.89,14.63,13.19,13.66,5.43,24.03,22.93,12.34,8.63,7.24
10.60,16.71,12.15,18.67,16.21,21.09,6.75,27.68,15.73,22.29,25.51,7.36,24.44,22.49,17.95,4.77,7.23
5.63,7.49,10.08,20.46,9.16,11.34,10.89,16.49,15.31,10.92,10.34,8.73,24.24,23.43,11.72,11.59,9.81
14.00,14.75,18.48,20.12,16.76,17.11,16.23,8.58,15.42,4.17,7.06,16.78,21.92,21.93,9.62,17.71,15.34
8.74,13.06,14.15,14.81,14.47,17.10,8.20,13.59,9.65,7.99,13.33,10.38,18.46,17.67,6.17,9.79,7.35
11.14,5.66,11.52,29.14,7.40,4.83,19.05,21.15,23.98,16.67,8.56,14.34,32.57,31.95,19.75,19.25,17.99
17.71,21.70,23.14,10.84,23.29,25.31,14.25,8.43,7.48,6.38,17.32,18.94,11.68,11.89,3.13,16.27,13.94
23.62,23.61,27.93,24.89,25.70,24.95,25.07,6.03,21.38,9.35,11.79,26.40,24.42,25.31,15.59,26.76,24.30
10.54,15.29,15.99,12.56,16.63,19.39,7.95,13.13,7.41,7.92,15.07,11.68,16.18,15.37,4.22,9.81,7.33
8.34,5.14,10.33,25.43,7.24,7.19,15.62,18.59,20.27,13.65,8.01,11.71,28.94,28.27,16.16,16.01,14.55
10.87,11.61,15.24,20.30,13.58,14.30,14.18,11.67,15.28,6.55,6.95,13.80,22.91,22.60,10.09,15.43,13.20
17.49,24.14,21.49,8.54,24.49,28.78,8.81,24.20,8.47,20.27,28.03,15.67,14.30,12.10,13.86,9.51,9.79
3.82,8.15,9.05,19.05,9.35,12.53,8.41,17.77,13.99,12.06,12.95,6.44,23.29,22.26,11.37,9.00,7.34
14.14,14.93,18.65,20.05,16.94,17.29,16.29,8.40,15.36,4.02,7.18,16.91,21.81,21.83,9.55,17.78,15.41
15.48,21.64,20.40,5.86,22.47,26.14,7.75,18.32,2.76,14.55,23.17,14.79,11.29,9.58,8.03,9.49,8.24
10.81,17.45,15.05,11.87,17.84,22.09,2.13,21.40,8.45,16.46,22.34,9.23,17.47,15.68,11.15,3.36,3.11
3.80,5.58,7.77,21.72,7.03,9.85,10.83,18.81,16.63,13.23,11.73,7.15,25.84,24.88,13.62,11.13,9.77
12.17,15.68,17.50,14.24,17.32,19.30,11.17,10.07,9.35,4.65,12.73,13.98,16.84,16.47,3.98,12.96,10.48
15.99,22.67,19.36,11.81,22.76,27.31,7.66,25.98,10.86,21.54,28.14,13.67,17.62,15.45,15.51,7.63,8.73
23.42,26.70,28.79,14.14,28.46,29.85,20.30,6.61,12.55,9.10,19.71,24.89,12.24,13.50,9.19,22.33,20.02
14.17,20.08,15.15,19.87,19.41,24.33,9.76,30.81,17.75,25.56,29.15,10.87,25.72,23.62,20.78,7.98,10.44
17.74,17.53,21.87,22.97,19.61,19.08,20.25,7.48,18.61,6.11,6.56,20.66,23.95,24.29,12.63,21.75,19.37
8.75,12.12,13.98,16.44,13.72,15.91,9.80,12.93,11.30,7.21,11.47,10.92,19.79,19.14,7.10,11.23,8.88
6.54,1.82,4.31,27.58,0.56,5.26,15.19,24.78,22.63,19.39,14.83,8.72,32.05,30.93,20.07,14.67,14.27
5.15,10.43,5.80,21.66,9.80,14.70,8.09,25.77,17.52,20.08,20.67,1.98,27.02,25.40,17.56,6.62,7.65
10.96,16.93,12.18,19.35,16.34,21.24,7.50,28.41,16.47,23.00,26.02,7.66,25.14,23.18,18.70,5.51,7.96
18.91,25.54,22.95,7.97,25.93,30.18,10.23,24.66,8.79,20.98,29.11,17.13,13.56,11.31,14.46,10.97,11.20
10.79,9.62,14.20,23.35,11.71,11.57,15.94,14.10,18.27,9.49,4.91,14.06,26.12,25.76,13.27,16.88,14.90
13.61,20.21,17.88,9.54,20.65,24.84,4.95,21.72,7.10,17.26,24.26,12.05,15.31,13.37,11.25,6.04,5.87
3.17,9.86,7.69,18.55,10.15,14.50,5.56,21.43,13.97,15.75,17.47,2.53,23.56,22.15,13.31,5.22,4.68
6.49,3.19,3.12,27.70,1.39,6.25,14.97,25.79,22.84,20.32,16.18,8.17,32.34,31.14,20.62,14.27,14.10
11.46,8.15,13.59,26.55,10.21,8.84,18.06,17.09,21.43,12.82,4.88,14.85,29.50,29.08,16.63,18.69,16.99
19.63,20.31,24.19,21.33,22.35,22.23,20.75,4.11,17.45,5.09,9.99,22.27,21.59,22.19,11.54,22.45,19.99
20.85,20.62,25.03,24.22,22.71,21.95,22.92,6.50,20.25,7.71,8.89,23.73,24.46,25.08,14.29,24.52,22.09
13.06,6.44,11.59,32.63,7.12,2.30,21.57,25.31,27.49,20.82,12.31,15.84,36.35,35.61,23.62,21.43,20.55
23.39,25.09,28.37,19.67,27.07,27.42,22.62,1.83,16.92,7.52,15.50,25.60,18.50,19.59,11.80,24.53,22.06
12.80,10.56,15.68,25.45,12.65,11.55,18.32,14.53,20.42,10.64,2.73,16.14,27.95,27.71,15.19,19.22,17.27
24.74,30.89,29.57,4.00,31.74,35.34,16.66,22.45,9.11,20.73,30.95,23.85,5.93,3.80,14.47,18.09,17.32
21.90,26.73,27.32,6.98,28.13,30.64,16.33,12.79,6.93,12.22,23.22,22.40,5.85,6.49,7.63,18.31,16.40
18.45,23.42,23.86,6.66,24.76,27.43,13.02,12.45,4.14,10.35,20.92,18.95,8.28,8.02,4.59,15.03,13.03
8.43,15.07,12.76,13.77,15.45,19.72,0.26,20.99,9.76,15.73,20.56,6.98,19.16,17.51,11.20,2.02,0.84
1.25,6.86,6.55,20.55,7.59,11.49,8.52,20.33,15.65,14.63,14.54,4.32,25.13,23.95,13.67,8.51,7.51
8.89,14.36,14.28,12.85,15.46,18.72,5.61,15.53,7.77,10.22,16.21,9.55,17.16,16.06,6.33,7.41,4.93
21.38,25.71,26.83,9.29,27.24,29.40,16.76,10.24,8.05,10.08,21.17,22.27,8.26,9.05,6.65,18.79,16.67
7.67,14.32,11.09,16.12,14.35,18.93,2.73,23.25,12.35,17.83,21.51,5.30,21.63,19.91,13.72,0.92,2.87
11.49,10.44,15.01,23.25,12.53,12.30,16.33,13.37,18.22,8.92,4.44,14.73,25.86,25.56,13.05,17.34,15.29
25.10,30.69,30.29,4.63,31.83,34.91,17.94,18.70,8.69,17.96,28.77,24.85,1.28,1.04,12.46,19.69,18.36
4.24,8.10,3.23,23.52,7.28,12.21,10.05,25.77,19.10,20.06,19.28,2.88,28.68,27.19,18.39,8.87,9.42
17.77,24.00,22.59,4.03,24.79,28.52,9.72,19.62,3.78,16.34,25.39,16.89,9.82,7.86,9.72,11.27,10.34
4.60,2.97,3.10,25.77,2.51,7.21,13.21,24.10,20.89,18.56,15.24,6.71,30.37,29.19,18.67,12.65,12.30
20.11,26.33,24.91,2.50,27.13,30.84,12.00,20.56,5.29,17.80,27.32,19.18,8.24,6.07,11.22,13.47,12.66
25.35,25.80,29.88,24.47,27.88,27.35,26.04,5.52,21.40,10.23,14.32,27.97,23.40,24.49,15.88,27.83,25.35
17.28,22.43,22.66,6.43,23.71,26.54,11.64,13.14,2.93,10.45,20.65,17.66,9.03,8.44,4.14,13.65,11.67
12.32,10.27,15.30,25.01,12.37,11.46,17.79,14.45,19.97,10.40,3.21,15.65,27.57,27.30,14.79,18.70,16.75
15.58,14.85,19.41,23.49,16.95,16.30,19.08,9.93,18.80,7.08,4.17,18.66,25.10,25.20,12.99,20.40,18.13
4.34,3.55,2.60,25.56,2.93,7.73,12.86,24.33,20.72,18.76,15.72,6.23,30.23,29.01,18.66,12.23,11.97
18.01,22.53,23.46,8.71,24.00,26.37,13.52,10.45,5.67,8.39,19.14,18.87,9.85,9.87,3.38,15.56,13.37
20.31,26.55,25.08,2.63,27.33,31.06,12.15,20.84,5.57,18.09,27.60,19.34,8.30,6.10,11.51,13.59,12.82
19.06,24.14,24.45,5.92,25.45,28.19,13.32,13.11,4.08,11.18,21.78,19.44,7.46,7.16,5.42,15.32,13.40
6.80,10.62,12.07,17.11,12.08,14.67,8.71,14.87,11.96,9.15,12.08,9.01,20.90,20.06,8.55,9.90,7.70
13.11,16.64,18.46,13.77,18.28,20.21,11.72,9.38,9.02,4.22,13.20,14.85,16.11,15.83,3.32,13.57,11.08
17.16,17.80,21.67,20.78,19.84,19.86,18.78,5.93,16.50,3.92,8.21,19.88,21.72,22.06,10.51,20.39,17.95
21.71,21.35,25.83,24.93,23.44,22.55,23.82,6.86,21.03,8.54,9.37,24.61,25.02,25.70,15.09,25.41,22.99
8.07,4.56,9.82,25.65,6.66,6.72,15.57,19.14,20.49,14.16,8.55,11.41,29.24,28.54,16.51,15.89,14.50
4.24,10.26,6.42,20.34,9.95,14.73,6.80,24.26,16.08,18.58,19.65,0.88,25.61,24.05,16.00,5.58,6.26
10.64,11.35,14.99,20.36,13.32,14.07,14.06,11.93,15.33,6.78,6.97,13.58,23.03,22.69,10.19,15.28,13.08
10.08,8.89,13.44,23.33,10.97,10.98,15.49,14.71,18.22,9.95,5.52,13.37,26.26,25.83,13.39,16.36,14.44
17.09,16.64,21.09,23.33,18.73,18.10,20.00,8.43,18.85,6.54,5.57,20.09,24.52,24.79,12.91,21.43,19.09
23.41,29.45,28.35,2.35,30.37,33.87,15.53,20.82,7.51,19.02,29.25,22.68,5.21,2.92,12.77,17.07,16.13
22.21,24.89,27.45,15.96,26.74,27.77,20.16,3.76,13.52,6.93,17.06,24.01,14.78,15.82,9.00,22.15,19.73
23.73,27.29,29.13,13.12,29.00,30.58,20.12,7.92,11.93,9.99,20.79,25.03,10.95,12.28,9.21,22.16,19.91
14.56,14.75,18.81,21.37,16.80,16.78,17.30,8.92,16.68,5.17,5.94,17.47,23.08,23.14,10.87,18.72,16.38
4.75,3.55,2.40,25.97,2.68,7.56,13.21,24.72,21.14,19.16,15.96,6.50,30.65,29.43,19.09,12.55,12.34
18.47,22.95,23.92,8.76,24.43,26.76,13.97,10.31,5.97,8.52,19.37,19.34,9.61,9.73,3.81,16.01,13.83
8.04,14.60,11.01,16.74,14.50,19.17,3.60,24.22,13.14,18.80,22.27,5.34,22.33,20.55,14.68,1.59,3.84
21.10,26.57,26.37,3.34,27.75,30.77,14.39,15.89,4.81,14.29,24.86,21.06,4.86,4.11,8.41,16.26,14.68
25.61,31.00,30.89,5.89,32.22,35.12,18.80,17.73,9.31,17.43,28.39,25.56,0.66,2.63,12.35,20.61,19.15
10.22,16.05,11.22,19.91,15.41,20.33,7.59,28.28,16.83,22.80,25.43,6.87,25.66,23.74,18.75,5.56,7.92
23.15,27.21,28.60,10.90,28.81,30.74,18.81,9.71,10.11,10.72,21.77,24.18,8.80,10.04,8.41,20.84,18.69
11.52,9.35,14.39,24.96,11.45,10.66,17.27,15.12,19.88,10.84,4.03,14.86,27.71,27.37,14.87,18.10,16.22
17.24,23.88,21.26,8.50,24.25,28.52,8.56,23.99,8.28,20.03,27.76,15.44,14.28,12.09,13.63,9.28,9.54
17.12,21.34,22.57,10.13,22.88,25.07,13.36,9.33,6.56,6.83,17.58,18.23,11.41,11.44,2.39,15.39,13.09
25.33,26.74,30.23,21.51,28.75,28.84,24.76,3.80,18.96,9.50,16.45,27.62,19.95,21.19,13.94,26.66,24.19
9.74,15.78,14.90,11.49,16.65,20.27,4.00,17.15,6.72,12.09,18.47,9.61,16.30,14.96,7.20,6.01,3.70
13.85,18.80,13.26,23.65,17.73,22.64,12.09,32.83,21.03,27.33,29.34,10.49,29.48,27.45,23.28,10.07,12.47
6.57,9.23,11.46,18.89,10.86,13.06,10.21,15.10,13.74,9.44,10.58,9.31,22.54,21.78,9.97,11.20,9.17
15.53,19.92,20.97,10.13,21.40,23.76,11.79,10.24,5.87,6.80,17.00,16.58,12.22,11.96,0.78,13.81,11.48
12.09,13.72,16.87,18.41,15.63,16.63,13.87,9.70,13.54,4.28,8.54,14.69,20.71,20.51,8.01,15.36,12.98
20.81,23.46,26.04,15.70,25.31,26.36,19.01,3.37,12.85,5.52,15.87,22.67,15.06,15.91,7.94,20.97,18.54
14.82,8.44,13.90,33.50,9.42,4.76,23.11,24.69,28.34,20.61,11.11,17.79,36.91,36.31,24.06,23.13,22.06
10.75,4.75,10.58,29.53,6.30,3.53,18.95,22.27,24.38,17.64,9.87,13.83,33.15,32.44,20.39,19.01,17.90
4.82,10.65,10.21,16.59,11.55,15.18,5.58,18.07,11.67,12.41,15.35,5.87,21.16,19.97,10.12,6.42,4.51
2.85,4.85,2.85,24.04,4.56,9.27,11.23,23.71,19.26,18.06,16.05,4.64,28.80,27.53,17.48,10.60,10.36
3.23,8.61,8.66,18.59,9.57,13.13,7.33,18.57,13.62,12.86,14.19,5.37,23.06,21.92,11.54,7.80,6.26
25.05,26.27,29.88,21.96,28.29,28.27,24.75,3.70,19.25,9.29,15.76,27.41,20.57,21.76,14.07,26.63,24.16
15.46,21.42,16.48,19.89,20.75,25.67,10.62,31.61,18.10,26.44,30.34,12.18,25.73,23.58,21.45,8.94,11.37
12.75,19.42,15.99,13.49,19.44,24.03,4.92,25.06,11.20,20.17,25.68,10.32,19.32,17.29,14.72,4.39,5.96
15.07,18.93,20.49,12.02,20.53,22.57,12.46,8.85,7.69,4.93,15.18,16.50,13.88,13.75,1.73,14.42,12.00
15.32,21.35,20.36,5.90,22.25,25.80,7.94,17.40,1.99,13.67,22.44,14.83,11.06,9.49,7.12,9.78,8.33
24.46,27.52,29.79,15.37,29.32,30.54,21.57,6.38,13.88,9.70,19.97,26.03,13.17,14.56,10.42,23.60,21.26
11.37,6.03,11.89,29.12,7.79,5.20,19.19,20.87,23.96,16.45,8.18,14.60,32.50,31.90,19.66,19.43,18.12
23.00,25.11,28.10,18.20,27.04,27.66,21.71,2.21,15.60,7.21,16.20,25.05,16.97,18.06,10.71,23.65,21.20
9.86,16.46,14.27,12.31,16.91,21.09,1.29,20.70,8.50,15.64,21.27,8.49,17.77,16.07,10.59,3.05,2.12
12.83,19.08,17.72,8.53,19.84,23.62,5.17,18.37,4.54,13.95,21.53,12.11,13.83,12.22,7.90,7.03,5.58
4.74,4.29,1.66,25.91,3.23,8.16,12.98,25.20,21.14,19.61,16.67,6.09,30.69,29.42,19.31,12.22,12.15
10.80,11.45,15.13,20.46,13.43,14.11,14.24,11.83,15.44,6.73,6.82,13.76,23.10,22.77,10.27,15.47,13.26
20.01,22.26,25.13,16.84,24.16,24.99,18.93,2.30,13.59,4.28,14.20,22.07,16.58,17.32,8.19,20.84,18.37
25.09,30.42,30.38,5.72,31.67,34.53,18.38,17.15,8.84,16.79,27.75,25.09,1.27,2.81,11.73,20.21,18.70
16.89,17.10,21.21,21.77,19.16,18.94,19.09,7.04,17.37,4.92,7.00,19.74,22.87,23.15,11.40,20.62,18.22
15.24,20.54,20.60,7.35,21.76,24.74,9.64,13.69,2.48,10.15,19.65,15.57,10.87,9.99,3.53,11.67,9.62
17.44,18.75,22.22,19.14,20.74,21.12,18.15,4.55,15.04,2.50,10.00,19.94,19.88,20.28,9.07,19.87,17.41
13.90,19.71,19.10,7.47,20.72,24.10,7.34,15.97,2.51,11.92,20.48,13.77,12.10,10.79,5.52,9.33,7.48
14.59,19.54,20.01,8.90,20.86,23.61,9.93,12.35,4.12,8.55,18.06,15.26,11.96,11.31,1.95,11.97,9.73
26.54,27.31,31.21,24.14,29.37,29.01,26.70,5.70,21.42,11.03,16.09,29.04,22.65,23.89,16.16,28.54,26.06
8.05,9.17,12.42,20.33,11.04,12.42,12.32,14.27,15.18,8.84,8.46,11.07,23.59,23.01,10.78,13.32,11.28
12.60,17.27,18.05,11.13,18.65,21.28,9.22,11.98,6.12,7.32,15.95,13.63,14.32,13.67,2.21,11.20,8.78
6.77,12.84,8.58,19.46,12.43,17.27,6.03,25.53,15.65,19.93,21.98,3.48,24.98,23.26,16.54,4.23,5.89
22.84,26.90,28.29,10.81,28.50,30.43,18.53,9.57,9.89,10.44,21.51,23.87,8.89,10.06,8.10,20.57,18.41
16.63,23.14,21.07,6.71,23.70,27.74,8.09,21.69,5.94,17.87,26.03,15.26,12.56,10.48,11.39,9.29,8.92
8.27,1.86,6.24,29.00,1.76,3.24,16.95,24.89,23.97,19.70,13.96,10.68,33.27,32.26,21.01,16.54,16.00
14.88,21.25,19.57,7.03,21.93,25.82,6.66,19.77,4.49,15.73,23.77,13.84,12.70,10.85,9.36,8.21,7.32
5.44,1.42,4.62,26.26,2.01,5.94,14.12,23.38,21.28,17.95,13.86,8.01,30.65,29.58,18.62,13.75,13.16
12.84,7.40,13.26,30.23,9.06,5.84,20.58,21.11,25.08,16.98,7.83,16.08,33.45,32.92,20.58,20.87,19.52
8.30,14.94,11.61,15.90,14.94,19.55,2.79,23.61,12.29,18.24,22.11,5.85,21.48,19.71,13.95,0.76,3.16
12.77,11.91,16.44,23.13,14.00,13.64,17.07,12.10,18.19,8.00,3.92,15.94,25.42,25.25,12.76,18.20,16.06
14.74,10.90,16.59,28.90,12.86,10.42,21.19,17.27,23.86,13.91,3.38,18.13,31.40,31.18,18.66,21.91,20.13
9.42,14.51,9.22,22.19,13.60,18.54,9.23,29.10,18.78,23.49,24.93,6.08,27.87,26.02,20.07,7.24,9.30
8.20,1.70,6.33,28.86,1.86,3.24,16.87,24.67,23.83,19.48,13.74,10.66,33.11,32.11,20.83,16.49,15.91
7.37,4.34,9.33,25.08,6.43,7.01,14.87,19.08,19.93,13.98,8.99,10.73,28.76,28.01,16.07,15.18,13.80
24.15,29.45,29.45,5.27,30.70,33.55,17.54,16.43,7.96,15.89,26.82,24.19,2.16,3.06,10.75,19.41,17.84
18.22,23.61,23.53,4.84,24.81,27.80,11.94,14.50,2.42,12.02,22.23,18.34,7.80,6.98,5.72,13.90,12.11
4.92,2.35,3.67,26.00,2.15,6.67,13.59,23.85,21.08,18.36,14.72,7.23,30.52,29.38,18.68,13.10,12.66
10.15,16.68,14.72,11.71,17.22,21.31,1.88,20.06,7.79,15.07,21.01,8.99,17.11,15.45,9.90,3.77,2.47
15.43,16.98,20.26,18.33,18.93,19.59,16.28,6.33,13.92,1.65,9.46,17.91,19.67,19.84,7.95,17.95,15.50
25.66,27.58,30.73,19.97,29.54,29.96,24.33,4.32,17.83,9.82,18.00,27.74,18.04,19.40,13.25,26.29,23.85
7.73,13.18,8.25,21.16,12.46,17.39,7.87,27.35,17.49,21.72,23.21,4.36,26.75,24.97,18.45,5.98,7.79
9.90,5.21,10.95,27.50,7.19,5.77,17.56,19.92,22.35,15.25,8.02,13.19,30.96,30.32,18.15,17.85,16.50
7.10,10.62,12.31,17.33,12.14,14.57,9.20,14.51,12.17,8.79,11.61,9.42,21.01,20.22,8.53,10.40,8.20
17.09,22.58,22.39,5.27,23.74,26.82,10.77,14.73,1.40,11.81,21.68,17.17,8.88,7.88,5.28,12.73,10.93
6.30,12.94,10.83,15.45,13.35,17.58,2.39,20.62,11.08,15.14,18.92,5.20,20.63,19.12,11.44,2.86,1.45
15.20,21.32,20.17,6.07,22.17,25.81,7.59,17.99,2.59,14.18,22.77,14.58,11.40,9.75,7.67,9.38,8.04
24.45,28.91,29.89,9.54,30.42,32.62,19.29,12.24,9.99,13.05,24.15,25.17,6.46,7.98,9.80,21.30,19.32
21.44,24.78,26.81,13.38,26.52,28.00,18.48,6.07,11.17,7.39,18.27,22.94,12.33,13.27,7.31,20.50,18.16
13.08,14.84,17.94,17.98,16.75,17.72,14.35,8.61,13.23,3.16,9.03,15.60,20.01,19.91,7.49,15.92,13.50
15.32,22.01,18.71,11.95,22.10,26.64,7.02,25.64,10.70,21.12,27.56,13.01,17.79,15.64,15.17,6.97,8.10
13.22,16.33,18.48,14.77,18.05,19.75,12.47,8.79,10.06,3.36,12.23,15.16,16.94,16.74,4.28,14.26,11.78
11.65,8.00,13.56,27.06,10.04,8.44,18.42,17.59,21.94,13.37,5.11,15.03,30.04,29.61,17.17,19.01,17.35
8.42,2.50,8.36,27.84,4.35,3.88,16.77,22.11,22.72,17.11,10.87,11.46,31.72,30.89,19.13,16.74,15.74
21.17,27.50,25.83,3.47,28.22,32.05,12.85,22.07,6.84,19.36,28.83,20.05,8.68,6.41,12.78,14.17,13.59
19.58,26.21,23.58,8.01,26.59,30.85,10.89,25.09,9.21,21.50,29.73,17.77,13.49,11.22,14.95,11.60,11.86
14.64,18.32,20.03,12.73,19.95,21.90,12.47,8.65,8.29,4.33,14.43,16.20,14.65,14.51,2.30,14.41,11.95
10.85,16.72,11.90,19.74,16.09,21.00,7.75,28.59,16.81,23.15,26.00,7.52,25.52,23.57,18.95,5.74,8.17
15.77,16.67,20.36,19.94,18.68,18.95,17.38,6.71,15.49,3.19,8.06,18.46,21.23,21.43,9.53,18.97,16.55
20.88,27.44,25.12,6.53,27.94,32.06,12.24,24.54,8.78,21.35,30.14,19.30,11.71,9.42,14.73,13.17,13.14
15.85,13.33,18.65,27.11,15.40,13.65,21.04,13.92,22.24,11.16,0.33,19.18,29.08,29.06,16.65,22.06,20.02
11.13,7.98,13.36,26.21,10.05,8.87,17.69,16.96,21.09,12.62,5.04,14.52,29.19,28.76,16.33,18.33,16.62
22.08,23.42,26.93,20.28,25.43,25.60,21.98,1.27,17.08,6.35,13.53,24.45,19.63,20.55,11.58,23.82,21.34
12.74,16.87,18.17,12.42,18.38,20.68,10.40,10.66,7.54,5.77,14.55,14.14,15.16,14.71,2.34,12.32,9.85
12.35,19.04,16.00,12.42,19.21,23.68,4.01,23.70,9.88,18.85,24.68,10.21,18.21,16.24,13.34,4.06,5.08
19.46,18.59,23.29,25.19,20.69,19.62,22.45,8.66,20.89,8.33,6.39,22.50,25.95,26.39,14.91,23.90,21.55
11.91,5.53,11.12,31.04,6.68,2.71,20.27,23.63,25.89,19.10,10.85,14.87,34.69,33.97,21.93,20.24,19.23
12.27,12.26,16.35,21.57,14.30,14.45,15.88,11.22,16.64,6.68,5.44,15.31,23.88,23.70,11.20,17.12,14.90
6.69,6.73,10.37,22.09,8.63,10.07,12.70,16.62,16.93,11.27,8.87,9.99,25.67,24.96,12.97,13.34,11.63
3.33,9.41,5.90,20.54,9.19,13.92,7.11,23.72,16.14,18.01,18.79,0.12,25.71,24.21,15.72,6.10,6.45
24.96,25.97,29.71,22.55,28.01,27.86,24.95,3.95,19.72,9.33,15.21,27.39,21.29,22.44,14.41,26.80,24.32
24.02,28.06,29.47,11.25,29.67,31.57,19.61,10.08,10.79,11.44,22.46,25.03,8.69,10.10,9.27,21.64,19.51
13.24,11.04,16.17,25.51,13.14,11.98,18.62,14.22,20.51,10.47,2.29,16.57,27.91,27.71,15.20,19.56,17.58
6.35,13.01,9.98,16.78,13.09,17.63,3.20,22.70,12.72,17.18,20.34,4.15,22.17,20.53,13.50,2.07,2.87
17.65,24.33,21.44,9.51,24.60,28.97,9.01,25.16,9.48,21.14,28.66,15.66,15.24,13.01,14.78,9.49,10.04
6.80,1.11,5.06,27.65,0.99,4.70,15.48,24.31,22.66,18.98,14.11,9.20,32.02,30.96,19.91,15.05,14.53
15.47,19.43,20.89,11.54,21.01,23.10,12.55,8.97,7.32,5.35,15.73,16.81,13.32,13.21,1.50,14.54,12.13
9.68,3.00,8.29,29.79,3.83,1.78,18.27,24.26,24.69,19.31,12.52,12.39,33.80,32.91,21.28,18.04,17.27
7.21,6.09,10.32,23.25,8.09,9.07,13.73,17.19,18.09,11.98,8.35,10.57,26.79,26.10,14.05,14.29,12.66
10.96,5.75,11.60,28.70,7.57,5.28,18.75,20.63,23.54,16.14,8.13,14.21,32.10,31.49,19.26,19.00,17.69
16.66,23.32,20.62,9.04,23.65,27.96,7.99,24.04,8.47,19.95,27.45,14.80,14.85,12.68,13.63,8.64,8.98
4.82,9.92,10.26,17.26,11.03,14.33,6.95,17.20,12.22,11.49,13.94,6.63,21.58,20.51,9.95,7.83,5.89
14.07,8.69,14.54,31.01,10.31,6.82,21.69,21.10,25.87,17.24,7.44,17.33,34.06,33.61,21.19,22.03,20.62
13.49,8.57,14.41,29.88,10.35,7.39,20.85,19.89,24.75,15.99,6.36,16.80,32.86,32.44,20.00,21.28,19.77
7.83,13.93,9.59,19.09,13.50,18.35,5.92,26.03,15.51,20.49,22.93,4.57,24.70,22.91,16.79,3.96,5.98
16.08,15.99,20.24,22.25,18.07,17.74,18.78,8.25,17.70,5.57,5.87,19.02,23.61,23.81,11.79,20.23,17.88
8.66,13.27,7.81,23.19,12.25,17.17,9.92,29.08,19.55,23.41,24.16,5.49,28.79,27.00,20.40,8.03,9.83
13.25,15.69,18.33,16.39,17.51,18.83,13.51,8.36,11.69,2.64,10.64,15.49,18.43,18.31,5.90,15.20,12.74
26.93,27.50,31.52,24.98,29.57,29.07,27.31,6.41,22.20,11.57,16.02,29.49,23.51,24.75,16.88,29.14,26.66
14.68,18.12,20.02,13.40,19.80,21.60,12.91,8.16,8.97,3.65,13.82,16.37,15.20,15.12,2.99,14.81,12.34
10.23,13.69,15.52,15.39,15.30,17.39,10.25,11.64,10.31,5.97,11.93,12.21,18.45,17.91,5.65,11.86,9.42
5.50,7.62,1.91,25.37,6.37,11.28,11.91,27.05,20.93,21.35,19.67,4.73,30.51,29.03,20.04,10.68,11.28
12.11,18.04,17.28,9.15,18.98,22.49,5.66,16.52,4.34,11.98,19.66,11.93,13.93,12.58,6.11,7.69,5.70
6.11,12.10,7.84,19.89,11.67,16.51,6.36,25.35,15.95,19.72,21.43,2.78,25.35,23.67,16.57,4.70,6.11
23.17,23.69,27.71,23.18,25.75,25.35,24.01,4.22,19.81,8.19,12.51,25.80,22.58,23.50,14.13,25.77,23.29
17.03,23.72,20.73,10.12,23.94,28.36,8.44,25.26,9.73,21.11,28.36,14.96,15.89,13.69,14.84,8.81,9.49
13.14,8.78,14.55,28.82,10.69,8.23,20.16,18.64,23.71,14.75,5.25,16.50,31.71,31.32,18.85,20.70,19.09
8.24,14.93,12.05,14.93,15.10,19.57,1.58,22.44,11.15,17.11,21.38,6.22,20.44,18.72,12.72,0.50,1.99
20.05,26.55,24.45,5.50,27.12,31.15,11.49,23.23,7.47,20.04,28.91,18.63,10.96,8.70,13.42,12.58,12.34
27.73,33.82,32.59,6.70,34.71,38.24,19.68,23.97,11.86,22.83,33.35,26.87,5.96,4.69,16.85,21.10,20.34
21.12,24.59,26.51,12.79,26.31,27.89,17.98,6.54,10.57,7.42,18.40,22.54,11.87,12.76,6.84,20.01,17.68
13.64,20.30,17.66,10.37,20.63,24.94,4.97,22.73,8.16,18.18,24.89,11.84,16.18,14.19,12.27,5.70,5.98
12.55,7.93,13.73,28.86,9.82,7.34,19.81,19.26,23.72,15.19,6.09,15.88,31.89,31.44,19.02,20.26,18.74
7.81,8.15,11.79,21.44,10.08,11.26,12.94,15.17,16.29,9.85,8.05,11.00,24.77,24.17,11.97,13.78,11.88
7.65,1.05,6.21,28.22,1.89,3.69,16.32,24.06,23.18,18.84,13.33,10.24,32.45,31.46,20.16,15.99,15.34
14.26,19.19,19.69,9.22,20.52,23.26,9.76,12.30,4.37,8.36,17.75,14.98,12.32,11.66,1.84,11.79,9.52
25.93,27.01,30.72,22.86,29.05,28.90,25.74,4.68,20.22,10.23,16.22,28.33,21.33,22.57,15.06,27.61,25.13
23.39,29.58,28.18,3.12,30.40,34.06,15.25,22.04,8.01,19.99,30.00,22.45,6.60,4.32,13.59,16.67,15.93
14.31,9.55,15.39,30.16,11.35,8.33,21.49,19.51,25.04,15.85,5.74,17.65,32.98,32.62,20.14,21.98,20.41
9.13,13.16,14.50,15.02,14.64,17.10,8.84,13.01,9.88,7.38,12.83,10.90,18.50,17.78,6.00,10.43,8.00
5.09,7.42,9.68,20.26,8.99,11.42,10.40,16.87,15.12,11.25,10.91,8.16,24.15,23.29,11.74,11.06,9.33
26.57,27.06,31.13,25.04,29.13,28.58,27.10,6.31,22.17,11.32,15.50,29.16,23.70,24.89,16.77,28.91,26.43
15.08,19.03,20.50,11.76,20.61,22.70,12.31,9.07,7.42,5.19,15.42,16.46,13.67,13.52,1.48,14.28,11.87
15.00,21.59,17.70,14.59,21.43,26.15,7.60,27.58,13.13,22.79,28.36,12.28,20.43,18.28,17.17,6.81,8.62
6.46,13.09,9.94,16.93,13.13,17.70,3.36,22.98,12.92,17.46,20.58,4.12,22.34,20.69,13.77,2.05,3.09
13.72,16.52,18.91,15.41,18.29,19.78,13.30,8.08,10.79,2.53,11.69,15.78,17.35,17.25,4.91,15.07,12.59
4.58,10.65,9.91,16.69,11.45,15.22,5.24,18.62,11.83,12.96,15.82,5.38,21.37,20.12,10.53,5.96,4.17
9.06,15.63,13.60,12.80,16.12,20.26,0.94,20.24,8.73,15.08,20.43,7.87,18.15,16.52,10.30,2.98,1.35
11.20,17.88,14.64,13.70,17.96,22.50,3.38,23.97,10.84,18.93,24.13,8.89,19.46,17.54,13.77,2.83,4.39
18.66,17.46,22.30,25.59,19.56,18.36,22.12,9.75,21.14,8.75,5.08,21.77,26.63,26.97,15.19,23.48,21.18
9.58,14.67,9.36,22.24,13.75,18.69,9.33,29.25,18.86,23.64,25.10,6.25,27.93,26.07,20.19,7.33,9.41
4.50,8.11,9.55,19.23,9.48,12.35,9.08,17.11,14.13,11.41,12.11,7.27,23.30,22.36,11.15,9.77,8.01
5.68,1.07,4.99,26.38,2.07,5.66,14.35,23.21,21.38,17.82,13.54,8.33,30.73,29.68,18.62,14.02,13.38
15.40,13.18,18.37,26.36,15.26,13.75,20.40,13.36,21.49,10.45,0.66,18.70,28.34,28.31,15.90,21.44,19.37
13.81,10.73,16.18,27.19,12.78,10.99,19.81,15.78,22.16,12.22,2.40,17.19,29.67,29.44,16.93,20.62,18.75
17.22,17.10,21.39,22.62,19.18,18.74,19.74,7.57,18.21,5.78,6.43,20.14,23.70,24.00,12.24,21.23,18.85
4.88,1.85,5.19,25.39,3.04,6.48,13.49,22.36,20.38,16.92,13.14,7.75,29.72,28.67,17.61,13.25,12.50
18.43,19.55,23.16,19.81,21.56,21.78,19.19,3.92,15.84,3.45,10.21,20.96,20.29,20.79,9.91,20.91,18.44
7.10,4.96,9.58,24.26,7.01,7.87,14.26,18.35,19.10,13.19,8.80,10.48,27.90,27.17,15.21,14.66,13.19
23.67,28.32,29.10,8.35,29.77,32.12,18.25,12.72,8.85,13.00,24.10,24.26,5.71,6.99,9.16,20.24,18.32
3.86,10.28,9.00,17.38,10.89,14.91,5.15,19.75,12.63,14.08,16.47,4.24,22.21,20.89,11.63,5.46,4.11
19.63,26.10,24.09,5.17,26.70,30.69,11.11,22.68,6.90,19.47,28.35,18.28,10.75,8.51,12.85,12.27,11.94
12.69,6.06,11.21,32.33,6.74,1.94,21.21,25.20,27.19,20.66,12.32,15.46,36.09,35.32,23.37,21.06,20.20
22.60,25.08,27.80,16.77,26.96,27.85,20.80,3.20,14.31,7.09,16.85,24.49,15.53,16.61,9.68,22.78,20.35
19.21,23.68,24.65,8.67,25.16,27.47,14.61,10.35,6.32,8.96,19.89,20.06,9.10,9.36,4.54,16.65,14.50
3.23,9.44,8.58,18.02,10.15,14.04,6.09,19.43,13.18,13.73,15.60,4.40,22.72,21.46,11.75,6.41,5.04
19.70,24.06,25.15,9.07,25.58,27.80,15.22,9.98,6.93,8.94,19.95,20.61,9.12,9.53,4.97,17.26,15.09
3.84,4.84,1.85,24.95,4.10,8.98,11.99,24.70,20.21,19.06,16.70,5.12,29.77,28.47,18.51,11.23,11.16
22.67,23.55,27.35,21.91,25.59,25.44,23.11,2.93,18.62,7.31,12.90,25.19,21.29,22.21,13.00,24.91,22.43
8.12,14.74,11.35,16.17,14.72,19.34,3.00,23.73,12.54,18.33,22.06,5.61,21.74,19.98,14.12,0.99,3.29
6.05,7.43,10.33,20.80,9.18,11.12,11.41,16.30,15.65,10.78,9.81,9.21,24.49,23.73,11.89,12.13,10.34
13.85,16.58,19.02,15.54,18.36,19.80,13.48,7.92,10.94,2.35,11.58,15.93,17.44,17.36,5.05,15.25,12.77
13.27,17.24,18.68,12.53,18.79,20.97,11.02,10.05,7.76,5.26,14.43,14.73,15.04,14.68,2.17,12.94,10.48
6.77,2.71,7.91,25.77,4.80,5.89,14.86,20.64,20.65,15.46,10.49,10.00,29.68,28.83,17.14,14.95,13.82
25.79,31.28,31.02,5.56,32.46,35.46,18.77,18.53,9.41,18.08,28.99,25.62,0.33,1.97,12.82,20.54,19.16
17.79,24.33,22.14,6.56,24.85,28.95,9.19,22.60,6.74,18.94,27.26,16.32,12.36,10.19,12.41,10.26,10.06
2.54,4.88,3.19,23.75,4.74,9.37,11.00,23.37,18.95,17.72,15.83,4.54,28.49,27.23,17.13,10.42,10.11
8.56,15.25,12.43,14.55,15.45,19.89,1.32,22.31,10.82,17.02,21.51,6.60,20.07,18.34,12.51,0.74,1.93
8.45,6.99,11.52,23.58,9.05,9.46,14.65,16.41,18.43,11.40,7.10,11.80,26.88,26.30,14.05,15.31,13.58
5.81,11.05,11.26,16.14,12.16,15.44,6.37,16.65,11.09,10.99,14.40,7.25,20.45,19.38,8.94,7.50,5.34
6.49,1.55,4.50,27.48,0.74,5.17,15.16,24.54,22.52,19.16,14.56,8.77,31.91,30.82,19.90,14.68,14.23
7.70,13.67,9.17,19.63,13.16,18.04,6.41,26.33,16.01,20.76,22.94,4.38,25.23,23.45,17.19,4.47,6.42
21.09,22.20,25.84,20.59,24.22,24.29,21.42,2.11,17.12,5.62,12.17,23.56,20.31,21.10,11.41,23.22,20.74
11.04,10.74,14.93,22.02,12.79,13.00,15.33,12.69,16.98,7.95,5.48,14.18,24.65,24.34,11.83,16.43,14.32
15.31,18.00,20.50,15.36,19.81,21.14,14.57,6.59,11.05,1.56,12.24,17.34,16.76,16.87,5.06,16.40,13.92
9.55,15.03,9.96,21.13,14.25,19.19,8.36,28.59,17.83,23.03,24.98,6.17,26.84,24.96,19.35,6.34,8.52
12.10,17.34,17.50,10.22,18.55,21.56,7.60,13.81,5.06,9.17,17.32,12.69,14.08,13.14,3.60,9.62,7.29
5.81,12.10,8.24,19.04,11.83,16.60,5.48,24.46,15.03,18.85,20.89,2.70,24.46,22.80,15.61,3.93,5.17
2.83,9.45,6.86,19.39,9.57,14.06,6.22,22.23,14.86,16.53,17.79,1.64,24.45,23.01,14.23,5.62,5.41
10.34,9.66,13.99,22.60,11.72,11.90,15.23,13.81,17.51,9.02,5.57,13.56,25.42,25.03,12.56,16.20,14.19
13.64,8.04,13.88,31.07,9.59,6.00,21.44,21.64,25.91,17.63,8.13,16.86,34.24,33.74,21.37,21.70,20.37
5.70,10.53,5.53,22.45,9.73,14.67,8.87,26.58,18.35,20.88,21.19,2.75,27.83,26.20,18.42,7.33,8.47
0.96,6.79,4.70,21.70,6.88,11.39,8.85,22.53,16.98,16.82,16.35,2.76,26.55,25.23,15.56,8.31,7.97
12.81,10.89,15.89,24.93,12.99,12.06,18.06,13.94,19.93,10.03,2.77,16.12,27.38,27.16,14.65,19.02,17.02
6.06,12.23,11.27,15.17,13.00,16.79,4.01,18.36,10.37,12.81,16.77,6.28,19.94,18.64,9.61,5.15,2.97
5.55,7.05,1.25,25.79,5.73,10.61,12.39,27.00,21.29,21.32,19.29,5.18,30.88,29.44,20.22,11.23,11.72
8.53,12.66,13.92,15.29,14.11,16.67,8.49,13.57,10.13,7.92,12.89,10.32,18.90,18.13,6.51,10.02,7.61
14.14,17.98,19.54,12.45,19.58,21.64,11.83,9.30,7.88,4.82,14.59,15.62,14.62,14.39,1.95,13.76,11.31
10.98,17.67,14.85,12.71,17.91,22.32,2.55,22.69,9.59,17.70,23.25,9.03,18.40,16.54,12.46,2.87,3.62
22.39,27.59,27.73,5.11,28.87,31.65,16.10,14.93,6.47,14.05,24.92,22.57,4.08,4.37,8.82,18.01,16.31
15.27,21.57,20.07,6.36,22.31,26.11,7.24,19.21,3.74,15.31,23.64,14.38,11.97,10.16,8.85,8.87,7.84
9.98,16.47,14.65,11.69,17.05,21.09,2.00,19.67,7.63,14.66,20.63,8.96,17.03,15.41,9.54,3.97,2.41
8.74,2.79,8.65,28.07,4.58,3.74,17.07,22.13,22.95,17.18,10.72,11.79,31.92,31.11,19.30,17.05,16.04
11.36,10.77,15.12,22.50,12.84,12.86,15.82,12.81,17.48,8.22,4.97,14.54,25.09,24.80,12.29,16.90,14.80
13.45,11.91,16.77,24.46,14.01,13.18,18.21,12.85,19.52,9.13,2.62,16.70,26.70,26.57,14.08,19.28,17.19
10.35,16.30,15.55,10.91,17.22,20.77,4.58,16.71,6.07,11.77,18.54,10.29,15.65,14.34,6.63,6.60,4.35
15.14,21.74,17.88,14.41,21.60,26.31,7.65,27.53,13.01,22.77,28.42,12.44,20.24,18.09,17.11,6.91,8.69
9.69,11.50,14.45,18.70,13.34,14.72,12.31,12.10,13.63,6.56,8.82,12.40,21.62,21.17,8.75,13.61,11.34
8.30,2.53,8.38,27.64,4.44,4.10,16.62,21.90,22.51,16.90,10.73,11.37,31.51,30.69,18.92,16.61,15.59
6.20,7.89,10.65,20.36,9.61,11.60,11.17,15.94,15.20,10.38,9.90,9.27,24.02,23.26,11.42,11.95,10.10
24.79,26.56,29.81,20.08,28.53,28.88,23.78,3.29,17.66,8.92,16.85,26.95,18.48,19.72,12.81,25.71,23.25
26.50,32.13,31.67,5.75,33.25,36.36,19.23,19.80,10.09,19.28,30.14,26.19,1.44,1.92,13.88,20.94,19.68
9.99,6.80,12.12,25.87,8.89,8.08,16.82,17.59,20.72,12.97,6.24,13.37,29.06,28.53,16.20,17.36,15.75
7.28,10.36,12.37,17.86,11.96,14.19,9.84,14.30,12.70,8.60,10.96,9.77,21.43,20.70,8.84,11.01,8.83
15.58,21.58,16.69,19.63,20.94,25.86,10.55,31.51,17.90,26.37,30.38,12.31,25.47,23.31,21.32,8.92,11.33
25.96,32.09,30.80,5.08,32.96,36.53,17.88,23.08,10.23,21.60,31.94,25.08,5.81,3.96,15.44,19.30,18.55
7.33,12.53,7.49,21.76,11.75,16.68,8.36,27.41,17.99,21.76,22.85,4.02,27.31,25.57,18.72,6.54,8.20
7.10,10.53,12.28,17.45,12.07,14.46,9.31,14.50,12.30,8.79,11.49,9.45,21.12,20.34,8.62,10.50,8.31
5.32,4.45,1.42,26.46,3.11,8.04,13.47,25.76,21.71,20.18,17.05,6.49,31.27,29.98,19.91,12.65,12.65
24.97,27.44,30.18,17.76,29.33,30.13,22.92,4.81,15.88,9.45,18.80,26.82,15.73,17.09,11.73,24.92,22.51
24.39,27.35,29.71,15.74,29.17,30.32,21.67,5.96,14.13,9.47,19.63,26.02,13.62,14.98,10.50,23.69,21.34
12.19,16.21,17.60,13.00,17.74,20.01,10.26,10.81,8.05,5.68,14.01,13.69,15.83,15.35,3.01,12.13,9.65
10.44,16.98,13.14,16.03,16.81,21.53,4.46,25.52,13.07,20.27,24.47,7.65,21.79,19.86,15.55,2.77,5.18
13.66,19.69,14.88,19.19,19.08,23.99,9.00,30.05,17.00,24.81,28.53,10.40,25.04,22.96,20.01,7.24,9.70
8.74,14.90,13.84,12.48,15.70,19.44,3.27,17.79,7.78,12.58,18.29,8.52,17.37,15.99,8.09,5.18,2.76
5.91,8.95,10.89,18.84,10.49,12.93,9.70,15.71,13.69,10.04,11.16,8.62,22.64,21.81,10.21,10.61,8.64
21.68,26.37,27.11,7.66,27.81,30.21,16.39,12.01,7.17,11.52,22.56,22.30,6.59,7.28,7.22,18.39,16.41
12.64,19.32,15.99,13.18,19.38,23.94,4.65,24.69,10.83,19.81,25.41,10.28,19.00,16.99,14.34,4.27,5.71
19.67,18.79,23.50,25.32,20.89,19.79,22.65,8.66,21.04,8.47,6.54,22.72,26.04,26.50,15.06,24.11,21.75
19.81,22.44,25.03,15.60,24.28,25.36,18.21,3.45,12.46,4.51,15.04,21.71,15.35,16.06,7.26,20.16,17.71
17.09,23.61,21.49,6.61,24.16,28.22,8.52,22.04,6.23,18.28,26.51,15.68,12.45,10.34,11.78,9.67,9.37
3.46,3.44,5.40,23.79,4.49,8.05,11.94,21.39,18.79,15.85,13.16,6.60,28.15,27.08,16.15,11.79,10.94
23.23,28.41,28.58,5.50,29.70,32.46,16.91,15.23,7.28,14.63,25.56,23.41,3.42,4.10,9.58,18.82,17.14
14.35,20.96,17.22,14.14,20.86,25.55,6.79,26.78,12.46,21.97,27.56,11.70,19.99,17.87,16.39,6.08,7.82
20.18,26.38,25.00,2.26,27.20,30.88,12.11,20.39,5.20,17.68,27.25,19.29,8.02,5.86,11.11,13.61,12.76
8.05,7.50,11.59,22.51,9.51,10.33,13.77,15.78,17.36,10.61,7.53,11.34,25.83,25.23,13.01,14.51,12.70
14.85,19.34,20.29,10.14,20.79,23.24,11.07,10.75,5.63,6.98,16.86,15.86,12.58,12.19,0.36,13.09,10.75
19.41,24.93,24.67,3.54,26.08,29.16,12.74,15.54,3.13,13.36,23.66,19.36,6.54,5.56,7.15,14.63,13.01
16.35,22.73,21.02,5.86,23.41,27.29,8.07,20.26,4.50,16.53,24.97,15.27,11.65,9.69,10.01,9.53,8.77
22.44,28.71,27.17,3.11,29.48,33.22,14.21,22.12,7.48,19.77,29.54,21.41,7.55,5.25,13.27,15.58,14.92
16.75,18.72,21.75,17.26,20.64,21.46,16.70,4.83,13.16,0.91,11.25,19.02,18.16,18.48,7.21,18.48,16.00
19.49,23.12,24.89,12.03,24.79,26.53,16.33,6.99,9.27,6.49,17.59,20.87,11.89,12.48,5.17,18.35,16.01
8.44,2.01,6.38,29.16,1.90,3.08,17.12,24.97,24.13,19.80,13.97,10.85,33.42,32.41,21.15,16.71,16.16
9.38,16.03,12.67,15.21,16.04,20.64,2.82,23.88,11.86,18.61,22.94,6.94,20.87,19.04,13.99,1.17,3.51
13.85,17.79,19.26,12.33,19.36,21.49,11.47,9.65,7.68,5.09,14.66,15.30,14.64,14.35,1.85,13.41,10.95
11.08,17.72,14.24,14.55,17.70,22.32,3.84,24.68,11.71,19.58,24.44,8.57,20.31,18.38,14.54,2.79,4.77
16.56,22.95,21.18,5.87,23.62,27.53,8.21,20.56,4.76,16.85,25.28,15.42,11.68,9.69,10.32,9.62,8.94
14.88,21.55,18.84,9.90,21.86,26.19,6.22,23.40,8.34,19.03,26.04,13.02,15.74,13.67,12.93,6.86,7.24
16.90,19.52,22.09,15.42,21.35,22.55,15.86,5.20,11.48,1.91,13.01,18.89,16.25,16.57,5.63,17.74,15.26
13.72,19.99,15.48,17.69,19.54,24.40,8.12,29.06,15.63,23.93,28.19,10.60,23.54,21.45,18.89,6.55,8.92
15.91,22.28,20.59,6.17,22.96,26.85,7.65,20.06,4.39,16.24,24.58,14.85,11.92,10.00,9.75,9.14,8.34
18.03,21.84,23.44,11.43,23.47,25.37,14.81,7.77,8.15,6.01,17.04,19.35,12.04,12.35,3.63,16.83,14.48
13.62,7.13,12.52,32.72,8.04,3.38,22.01,24.71,27.57,20.39,11.46,16.52,36.29,35.61,23.49,21.96,20.97
24.91,25.42,29.46,24.08,27.49,27.01,25.58,5.10,20.97,9.76,14.03,27.52,23.08,24.15,15.44,27.37,24.89
21.09,21.94,25.74,21.35,23.98,23.89,21.77,2.96,17.77,5.95,11.54,23.65,21.16,21.92,12.00,23.53,21.05
11.02,7.19,12.77,27.03,9.22,7.73,18.02,18.14,21.89,13.75,5.91,14.39,30.15,29.66,17.28,18.54,16.95
7.31,13.99,11.48,15.05,14.28,18.64,1.51,21.48,10.97,16.08,20.18,5.69,20.41,18.79,11.98,1.62,1.15
14.85,20.09,14.66,23.00,19.10,24.03,12.14,33.11,20.69,27.69,30.26,11.47,28.84,26.76,23.33,10.19,12.65
24.69,27.01,29.86,18.17,28.92,29.63,22.90,4.17,16.10,9.04,18.17,26.62,16.30,17.61,11.74,24.88,22.46
25.45,30.95,30.69,5.29,32.13,35.13,18.45,18.33,9.07,17.81,28.70,25.29,0.56,1.81,12.51,20.22,18.83
12.99,19.48,17.56,9.11,20.06,24.09,4.59,20.23,5.96,15.74,22.92,11.79,14.72,12.92,9.76,6.12,5.33
20.65,26.59,25.68,0.59,27.56,30.98,13.06,18.64,4.57,16.37,26.40,20.10,6.20,4.29,9.97,14.74,13.56
14.18,13.97,18.23,22.13,16.04,15.84,17.45,9.91,17.36,6.16,4.99,17.19,23.99,23.99,11.64,18.78,16.50
24.51,26.73,29.65,18.41,28.65,29.30,22.87,3.78,16.23,8.79,17.76,26.47,16.65,17.93,11.74,24.84,22.41
15.37,22.06,19.14,10.39,22.30,26.70,6.78,24.29,9.14,19.91,26.84,13.35,16.23,14.11,13.81,7.19,7.82
13.20,19.27,18.24,8.03,20.15,23.76,6.01,17.36,3.62,13.07,21.04,12.74,13.09,11.60,6.88,7.94,6.29
25.32,31.34,30.25,4.18,32.27,35.75,17.42,21.84,9.33,20.43,30.86,24.58,4.71,2.73,14.35,18.93,18.03
12.88,16.05,18.15,14.75,17.76,19.50,12.16,9.13,9.98,3.66,12.22,14.81,17.04,16.80,4.30,13.94,11.46
15.43,17.99,20.58,15.70,19.81,21.06,14.85,6.37,11.41,1.20,11.97,17.51,17.05,17.18,5.42,16.67,14.19
14.95,15.12,19.21,21.46,17.18,17.11,17.61,8.61,16.81,5.09,6.02,17.85,23.07,23.16,10.96,19.05,16.70
13.26,10.96,16.13,25.69,13.06,11.83,18.73,14.41,20.68,10.67,2.27,16.60,28.11,27.90,15.39,19.65,17.68
14.61,15.98,19.36,18.75,17.94,18.58,15.91,7.30,14.18,2.49,8.68,17.18,20.33,20.41,8.27,17.51,15.08
17.73,22.42,23.17,8.12,23.84,26.33,12.96,11.13,4.94,8.85,19.46,18.47,9.62,9.49,3.33,14.99,12.84
15.92,19.36,21.27,13.07,21.05,22.79,13.81,7.41,8.98,3.80,14.56,17.55,14.42,14.50,3.13,15.76,13.31
6.80,3.37,8.37,25.31,5.45,6.45,14.66,19.97,20.18,14.79,9.96,10.09,29.15,28.34,16.56,14.83,13.60
20.76,23.13,25.92,16.63,25.01,25.89,19.39,2.39,13.62,5.13,15.08,22.75,16.08,16.92,8.47,21.33,18.87
26.11,27.16,30.89,23.07,29.19,29.02,25.95,4.90,20.44,10.43,16.30,28.52,21.52,22.77,15.28,27.83,25.35
8.21,12.16,13.56,15.84,13.64,16.14,8.73,13.69,10.68,8.01,12.46,10.14,19.44,18.68,7.00,10.17,7.81
12.45,18.72,17.33,8.93,19.47,23.27,4.78,18.47,4.90,13.96,21.36,11.72,14.22,12.61,8.02,6.65,5.18
18.90,23.04,24.34,10.09,24.60,26.69,14.96,8.94,7.35,7.62,18.64,19.99,10.43,10.79,4.17,17.00,14.74
4.59,11.28,8.71,17.62,11.48,15.91,4.31,21.83,13.23,16.21,18.67,3.03,22.79,21.28,13.18,3.78,3.55
14.76,14.67,18.89,22.01,16.73,16.53,17.78,9.25,17.31,5.76,5.35,17.74,23.71,23.77,11.51,19.16,16.84
10.61,16.70,15.70,10.61,17.56,21.21,4.17,17.34,5.94,12.47,19.26,10.31,15.53,14.13,7.16,6.20,4.10
23.86,23.86,28.18,24.97,25.95,25.19,25.26,6.07,21.50,9.52,12.03,26.63,24.44,25.35,15.72,26.96,24.50
4.52,10.73,9.79,16.71,11.46,15.32,5.00,18.94,11.89,13.29,16.14,5.11,21.45,20.17,10.76,5.64,3.93
18.85,24.46,24.08,3.42,25.58,28.74,12.04,15.89,2.47,13.46,23.57,18.72,7.12,5.95,7.08,13.92,12.33
6.77,13.42,11.19,15.15,13.80,18.06,1.92,20.84,10.88,15.40,19.38,5.49,20.40,18.84,11.50,2.41,1.06
5.25,10.04,5.12,22.49,9.27,14.20,8.91,26.26,18.31,20.55,20.71,2.44,27.83,26.23,18.23,7.46,8.45
4.32,3.60,6.70,23.67,5.15,7.92,12.38,20.29,18.60,14.82,11.83,7.64,27.82,26.85,15.57,12.43,11.34
15.42,13.37,18.50,26.04,15.46,14.06,20.26,12.95,21.19,10.06,1.06,18.70,27.98,27.97,15.57,21.34,19.24
14.86,13.71,18.45,24.14,15.81,15.01,18.95,11.25,19.34,8.08,3.02,18.04,25.99,26.01,13.65,20.16,17.96
21.69,22.83,26.46,20.76,24.85,24.91,21.92,1.92,17.40,6.15,12.71,24.15,20.30,21.15,11.77,23.73,21.25
9.42,12.10,14.47,17.30,13.82,15.62,11.07,12.16,12.20,6.46,10.27,11.84,20.37,19.84,7.53,12.47,10.14
11.65,10.10,14.90,24.07,12.20,11.69,16.88,14.03,19.02,9.72,3.98,14.94,26.70,26.40,13.89,17.82,15.83
24.06,29.94,29.10,2.87,30.94,34.29,16.44,20.02,7.82,18.60,29.08,23.51,3.71,1.42,12.58,18.06,16.97
6.42,3.56,2.76,27.64,1.78,6.61,14.82,26.00,22.81,20.51,16.52,7.95,32.32,31.10,20.69,14.07,13.97
14.01,13.07,17.68,23.53,15.16,14.58,18.08,11.37,18.67,7.78,3.45,17.17,25.54,25.49,13.07,19.28,17.09
23.61,29.24,28.80,3.33,30.36,33.48,16.46,18.06,7.20,16.92,27.61,23.36,2.57,1.33,11.20,18.22,16.88
4.14,9.37,9.58,17.80,10.42,13.84,7.04,17.79,12.79,12.08,14.06,6.06,22.19,21.09,10.62,7.74,5.96
8.47,13.21,13.91,14.33,14.51,17.38,7.30,14.31,9.18,8.77,14.17,9.84,18.22,17.32,6.29,8.92,6.47
12.11,17.50,17.48,9.89,18.66,21.78,7.20,14.34,4.74,9.75,17.82,12.54,13.94,12.92,4.05,9.23,6.94
9.82,13.89,15.21,14.45,15.38,17.81,9.02,12.51,9.32,6.96,13.13,11.50,17.82,17.14,5.26,10.70,8.23
9.27,13.64,8.05,23.84,12.52,17.42,10.63,29.81,20.25,24.14,24.75,6.17,29.46,27.66,21.15,8.72,10.56
8.11,12.29,13.49,15.53,13.72,16.33,8.30,13.95,10.38,8.29,12.89,9.91,19.23,18.43,6.91,9.77,7.39
20.11,26.69,24.27,7.02,27.15,31.32,11.44,24.55,8.70,21.17,29.72,18.45,12.41,10.13,14.58,12.30,12.37
11.37,15.53,16.79,13.19,17.02,19.41,9.56,11.56,8.15,6.29,13.97,12.85,16.29,15.71,3.63,11.39,8.91
23.56,23.88,28.02,23.95,25.95,25.41,24.62,4.99,20.56,8.81,12.42,26.25,23.35,24.27,14.84,26.35,23.88
4.20,6.77,8.74,20.62,8.23,10.96,10.18,17.80,15.52,12.18,11.57,7.36,24.67,23.74,12.42,10.67,9.11
27.42,28.02,32.03,25.16,30.09,29.59,27.71,6.75,22.47,12.01,16.54,29.96,23.57,24.85,17.21,29.55,27.07
19.43,25.92,23.84,5.54,26.50,30.52,10.87,22.88,7.05,19.59,28.36,18.02,11.15,8.91,12.97,11.98,11.72
6.29,2.99,7.81,25.16,5.03,6.47,14.28,20.28,20.05,15.04,10.52,9.56,29.09,28.24,16.58,14.40,13.23
17.46,18.35,22.08,20.23,20.37,20.50,18.71,5.21,16.05,3.44,8.98,20.10,21.05,21.43,10.06,20.37,17.92
8.19,2.14,8.00,27.80,3.98,3.83,16.60,22.33,22.68,17.29,11.21,11.19,31.74,30.88,19.19,16.53,15.58
14.71,21.25,17.24,15.20,21.04,25.79,7.59,27.85,13.59,22.99,28.30,11.89,21.04,18.90,17.48,6.63,8.58
23.34,25.80,28.54,17.09,27.69,28.54,21.47,3.57,14.81,7.81,17.41,25.22,15.59,16.77,10.32,23.46,21.03
7.88,11.49,13.14,16.64,13.02,15.40,9.21,13.80,11.48,8.09,11.78,10.05,20.20,19.46,7.67,10.55,8.25
25.38,31.59,30.13,4.93,32.40,36.07,17.17,23.46,9.97,21.71,31.88,24.37,6.69,4.67,15.42,18.52,17.88
4.11,10.38,9.36,17.11,11.08,14.98,5.22,19.24,12.31,13.57,16.13,4.74,21.87,20.58,11.16,5.71,4.15
5.56,1.78,6.28,25.52,3.60,6.10,14.00,21.65,20.45,16.30,12.07,8.63,29.68,28.71,17.38,13.90,12.98
11.65,15.40,17.02,13.94,16.98,19.13,10.45,10.77,8.97,5.37,13.10,13.35,16.78,16.31,3.93,12.24,9.76
9.60,16.10,14.25,12.10,16.66,20.72,1.65,19.77,8.00,14.70,20.45,8.56,17.42,15.81,9.72,3.66,2.01
22.27,23.19,26.97,21.61,25.23,25.13,22.70,2.68,18.26,6.90,12.68,24.79,21.07,21.96,12.62,24.49,22.01
18.02,24.41,22.65,4.83,25.08,28.97,9.67,21.03,5.15,17.63,26.43,16.88,10.68,8.58,11.03,11.03,10.41
26.48,32.41,31.47,5.26,33.39,36.78,18.70,21.91,10.30,20.86,31.47,25.83,4.01,2.64,14.99,20.25,19.28
3.86,5.60,7.83,21.71,7.06,9.86,10.85,18.76,16.62,13.18,11.67,7.20,25.82,24.86,13.59,11.16,9.79
23.82,26.55,29.09,16.34,28.40,29.41,21.51,4.78,14.38,8.59,18.52,25.57,14.56,15.82,10.31,23.51,21.13
12.14,16.89,17.58,11.26,18.25,20.95,8.74,12.42,6.18,7.63,15.94,13.13,14.62,13.90,2.71,10.70,8.28
15.34,22.03,19.11,10.43,22.27,26.67,6.75,24.30,9.17,19.92,26.83,13.32,16.28,14.16,13.83,7.15,7.80
23.79,29.21,29.06,4.47,30.41,33.36,17.00,16.90,7.48,16.11,26.95,23.73,2.20,2.41,10.72,18.83,17.33
5.60,1.11,5.41,26.10,2.56,5.75,14.22,22.69,21.07,17.32,13.04,8.41,30.38,29.36,18.21,13.97,13.24
19.47,24.97,24.73,3.60,26.13,29.20,12.83,15.46,3.21,13.32,23.64,19.44,6.49,5.54,7.13,14.73,13.09
18.91,23.35,24.36,8.82,24.85,27.14,14.41,10.21,6.27,8.68,19.59,19.79,9.39,9.61,4.22,16.44,14.27
8.05,14.07,13.26,13.20,14.94,18.59,3.79,17.40,8.37,12.07,17.41,8.13,17.94,16.64,8.02,5.54,3.06
20.48,26.39,25.54,0.84,27.37,30.77,12.96,18.36,4.33,16.08,26.13,19.98,6.21,4.37,9.69,14.66,13.45
15.87,22.54,19.07,12.55,22.57,27.16,7.73,26.52,11.52,21.99,28.35,13.44,18.36,16.19,16.04,7.50,8.80
8.15,14.80,11.57,15.76,14.84,19.41,2.55,23.32,12.09,17.94,21.85,5.79,21.32,19.57,13.67,0.54,2.87
3.22,4.35,2.81,24.44,4.06,8.75,11.70,23.75,19.63,18.12,15.79,5.15,29.16,27.91,17.72,11.10,10.82
11.02,5.30,11.16,29.37,6.96,4.26,19.07,21.67,24.21,17.13,9.13,14.18,32.88,32.22,20.08,19.21,18.01
21.68,22.65,26.39,21.25,24.68,24.63,22.13,2.49,17.82,6.32,12.29,24.19,20.85,21.69,12.13,23.92,21.44
14.20,17.10,19.42,15.03,18.86,20.37,13.46,7.75,10.50,2.42,12.17,16.19,16.84,16.78,4.55,15.27,12.79
15.28,16.87,20.13,18.22,18.82,19.52,16.11,6.45,13.79,1.61,9.50,17.76,19.60,19.75,7.82,17.79,15.33
22.81,27.82,28.19,6.27,29.16,31.79,16.83,14.10,7.25,13.60,24.59,23.14,4.46,5.22,8.82,18.78,16.99
9.94,15.08,9.78,22.16,14.16,19.10,9.37,29.45,18.86,23.85,25.45,6.59,27.87,25.99,20.31,7.35,9.50
12.49,19.00,17.01,9.67,19.55,23.62,4.04,20.36,6.41,15.77,22.69,11.24,15.27,13.48,9.92,5.56,4.79
12.49,18.00,12.81,21.37,17.17,22.10,9.81,30.68,18.69,25.24,27.83,9.11,27.19,25.18,21.02,7.82,10.26
10.76,14.53,16.12,14.44,16.09,18.30,9.97,11.46,9.38,5.93,12.78,12.53,17.49,16.94,4.71,11.69,9.22
25.23,30.63,30.50,5.53,31.84,34.76,18.40,17.60,8.92,17.18,28.11,25.16,0.87,2.41,12.02,20.22,18.75
17.39,18.57,22.12,19.47,20.57,20.88,18.28,4.78,15.33,2.75,9.65,19.94,20.25,20.64,9.35,19.98,17.52
11.15,17.79,15.35,11.68,18.17,22.44,2.47,21.56,8.38,16.67,22.65,9.53,17.31,15.49,11.27,3.59,3.46
11.14,15.88,10.34,23.47,14.80,19.71,10.85,30.95,20.29,25.34,26.67,7.86,29.21,27.30,21.83,8.83,11.00
17.42,15.79,20.79,26.02,17.89,16.52,21.52,11.25,21.38,9.40,3.20,20.62,27.44,27.63,15.53,22.76,20.54
24.61,26.63,29.70,19.15,28.57,29.09,23.25,3.44,16.85,8.79,17.33,26.66,17.47,18.73,12.18,25.21,22.76
10.69,14.32,16.02,14.76,15.91,18.06,10.17,11.39,9.71,5.80,12.45,12.54,17.78,17.25,4.98,11.86,9.40
7.74,14.43,11.87,14.74,14.71,19.07,1.17,21.59,10.74,16.23,20.53,6.07,20.14,18.49,11.97,1.37,1.14
12.00,15.86,17.38,13.50,17.42,19.61,10.45,10.67,8.55,5.41,13.51,13.61,16.29,15.83,3.45,12.28,9.80
19.31,24.80,24.58,3.74,25.96,29.02,12.71,15.35,3.08,13.16,23.47,19.29,6.65,5.72,6.96,14.61,12.96
3.22,3.87,3.39,24.39,3.86,8.38,11.85,23.23,19.52,17.63,15.13,5.54,29.02,27.82,17.43,11.35,10.93
19.47,22.86,24.84,12.94,24.58,26.15,16.73,6.08,10.04,5.81,16.88,20.99,12.78,13.40,5.52,18.73,16.35
6.42,1.55,4.46,27.40,0.79,5.23,15.09,24.49,22.45,19.11,14.55,8.70,31.84,30.75,19.84,14.61,14.16
10.11,16.77,14.26,12.67,17.11,21.42,1.46,21.63,9.13,16.58,22.05,8.44,18.24,16.47,11.50,2.56,2.52
25.19,31.01,30.27,4.06,32.05,35.34,17.63,20.29,8.88,19.19,29.82,24.69,2.93,1.00,13.36,19.27,18.15
5.90,4.24,1.82,27.08,2.67,7.55,14.11,26.08,22.31,20.53,17.05,7.13,31.85,30.58,20.41,13.29,13.29
7.71,3.49,8.92,26.14,5.58,5.82,15.60,20.20,21.00,15.15,9.55,10.98,29.90,29.12,17.24,15.78,14.54
21.78,25.65,27.21,11.33,27.29,29.12,17.89,8.36,9.73,9.02,20.09,22.95,10.03,11.01,7.11,19.93,17.70
14.30,20.98,17.74,12.14,21.09,25.62,6.01,25.05,10.44,20.40,26.62,12.01,17.99,15.90,14.60,5.94,7.09
6.25,12.93,9.98,16.70,13.04,17.55,3.13,22.50,12.61,16.98,20.16,4.15,22.06,20.44,13.32,2.13,2.73
16.07,22.37,20.84,5.70,23.11,26.91,7.97,19.52,3.79,15.80,24.33,15.13,11.40,9.53,9.27,9.54,8.60
18.53,19.66,23.26,19.80,21.67,21.89,19.25,3.81,15.86,3.50,10.30,21.05,20.25,20.76,9.93,20.98,18.51
5.24,1.55,5.50,25.63,3.00,6.16,13.82,22.29,20.60,16.89,12.86,8.14,29.90,28.88,17.73,13.60,12.83
5.79,12.41,9.24,17.51,12.42,17.01,3.94,22.98,13.40,17.42,20.15,3.42,22.87,21.25,13.97,2.76,3.52
7.89,14.59,11.85,14.94,14.81,19.23,1.41,22.05,11.04,16.70,20.93,6.02,20.39,18.70,12.41,0.91,1.60
7.35,7.31,11.08,22.02,9.26,10.45,13.05,15.99,16.87,10.69,8.26,10.63,25.47,24.81,12.70,13.77,11.98
11.34,12.93,16.09,18.64,14.83,15.90,13.47,10.50,13.69,5.06,8.39,14.01,21.14,20.86,8.34,14.89,12.55
14.01,20.45,16.23,16.31,20.14,24.95,7.55,28.24,14.42,23.24,28.04,11.05,22.16,20.05,17.96,6.27,8.47
16.20,20.13,21.63,11.44,21.72,23.75,13.19,8.57,7.47,5.43,16.08,17.54,12.91,12.91,2.01,15.19,12.80
11.51,13.15,16.28,18.51,15.05,16.12,13.50,10.30,13.57,4.84,8.50,14.14,20.96,20.69,8.18,14.95,12.59
21.52,27.99,25.94,5.31,28.59,32.58,12.97,23.79,8.28,20.89,30.05,20.12,10.28,7.99,14.27,14.07,13.81
10.48,16.42,15.67,10.79,17.35,20.89,4.64,16.68,5.95,11.77,18.61,10.40,15.53,14.21,6.58,6.67,4.44
13.43,19.37,14.49,19.61,18.72,23.64,9.12,30.18,17.31,24.89,28.40,10.13,25.45,23.38,20.20,7.29,9.77
6.70,8.88,11.42,19.46,10.58,12.60,10.78,15.13,14.31,9.52,10.05,9.58,23.05,22.32,10.41,11.72,9.73
20.63,22.01,25.48,19.67,24.01,24.27,20.68,1.54,16.21,4.95,12.46,23.02,19.44,20.20,10.53,22.50,20.02
12.54,8.06,13.84,28.68,9.97,7.57,19.73,18.99,23.54,14.94,5.84,15.89,31.68,31.24,18.81,20.21,18.65
4.54,2.57,3.68,25.60,2.54,6.99,13.21,23.57,20.68,18.06,14.65,6.91,30.13,28.99,18.31,12.74,12.28
9.43,14.85,14.82,12.38,15.98,19.19,5.86,15.21,7.29,9.99,16.36,10.07,16.63,15.56,5.84,7.73,5.26
23.58,28.56,28.97,6.69,29.92,32.52,17.60,14.33,8.01,14.11,25.14,23.93,4.08,5.18,9.52,19.55,17.77
5.60,12.09,8.61,18.32,11.98,16.65,4.74,23.64,14.24,18.05,20.38,2.84,23.70,22.07,14.76,3.38,4.36
21.58,27.74,26.42,1.82,28.58,32.21,13.54,20.77,6.21,18.41,28.25,20.71,6.98,4.73,11.93,15.02,14.18
0.97,7.59,5.70,20.67,7.83,12.22,7.88,21.88,15.95,16.16,16.35,2.51,25.52,24.19,14.63,7.46,6.97
18.24,21.46,23.57,13.49,23.21,24.72,15.99,5.78,10.10,4.42,15.52,19.89,13.86,14.31,4.90,17.96,15.54
17.10,21.20,22.54,10.59,22.76,24.87,13.58,8.89,6.99,6.40,17.19,18.29,11.78,11.86,2.46,15.60,13.27
16.21,14.71,19.63,25.29,16.81,15.64,20.39,11.38,20.56,8.90,2.64,19.42,26.93,27.03,14.79,21.60,19.40
24.01,29.90,29.05,2.82,30.90,34.25,16.38,20.04,7.78,18.60,29.07,23.46,3.78,1.49,12.57,18.00,16.91
17.77,18.04,22.13,21.84,20.10,19.85,19.72,6.30,17.58,4.99,7.70,20.58,22.70,23.08,11.59,21.30,18.88
9.21,15.67,11.76,16.95,15.45,20.20,4.44,25.36,13.67,19.98,23.59,6.31,22.64,20.78,15.64,2.44,4.90
1.66,5.04,4.90,22.57,5.57,9.69,10.30,21.66,17.67,16.01,14.52,4.79,27.15,25.97,15.56,10.03,9.33
17.36,24.05,20.99,10.37,24.25,28.69,8.80,25.69,10.13,21.55,28.79,15.23,16.11,13.89,15.27,9.10,9.85
8.24,11.27,13.35,17.32,12.91,15.00,10.14,13.35,12.18,7.64,10.85,10.62,20.71,20.05,8.01,11.44,9.17
12.16,17.72,17.48,9.54,18.82,22.05,6.77,14.96,4.42,10.41,18.40,12.41,13.81,12.69,4.60,8.81,6.60
25.50,26.98,30.42,21.37,28.98,29.11,24.81,3.93,18.89,9.65,16.77,27.76,19.73,21.00,13.94,26.72,24.26
20.45,23.17,25.69,15.39,25.00,26.12,18.60,3.64,12.47,5.27,15.78,22.28,14.88,15.68,7.52,20.56,18.13
12.07,18.53,14.42,16.36,18.25,23.04,6.01,26.98,13.88,21.82,26.21,9.14,22.19,20.17,16.86,4.49,6.82
24.67,25.40,29.31,23.26,27.46,27.14,25.06,4.34,20.23,9.29,14.32,27.20,22.20,23.29,14.76,26.87,24.39
18.61,23.96,23.94,4.82,25.18,28.13,12.39,14.36,2.86,12.06,22.37,18.77,7.45,6.72,5.87,14.34,12.55
1.91,5.87,6.46,21.37,6.80,10.46,9.62,20.14,16.40,14.47,13.61,5.27,25.81,24.70,14.05,9.66,8.60
16.82,21.31,22.27,9.22,22.78,25.16,12.59,10.38,5.51,7.66,18.19,17.74,10.90,10.75,2.16,14.63,12.38
15.76,18.68,21.01,14.65,20.45,21.89,14.54,6.52,10.47,2.21,13.08,17.66,15.93,16.07,4.52,16.42,13.94
16.15,22.81,20.08,9.37,23.13,27.45,7.48,23.95,8.51,19.76,27.10,14.27,15.20,13.06,13.51,8.10,8.49
23.83,30.07,28.56,3.86,30.86,34.57,15.60,22.79,8.66,20.71,30.68,22.80,7.09,4.85,14.30,16.94,16.31
15.50,22.03,17.95,15.38,21.79,26.56,8.38,28.49,14.03,23.68,29.10,12.66,21.20,19.03,18.09,7.44,9.38
12.32,18.82,14.82,15.83,18.60,23.36,5.86,26.73,13.44,21.63,26.26,9.46,21.66,19.64,16.56,4.49,6.73
25.45,30.97,30.68,5.20,32.14,35.16,18.41,18.46,9.06,17.91,28.78,25.27,0.66,1.67,12.57,20.18,18.80
20.68,26.87,25.50,2.05,27.69,31.36,12.61,20.56,5.57,17.97,27.63,19.79,7.67,5.48,11.42,14.10,13.26
12.33,18.20,13.29,19.87,17.53,22.45,8.65,29.65,17.28,24.28,27.43,9.01,25.70,23.67,19.82,6.71,9.19
23.68,25.21,28.61,20.35,27.20,27.43,23.12,2.12,17.56,7.83,15.32,25.95,19.17,20.27,12.38,25.01,22.54
19.89,23.64,25.31,11.59,25.30,27.10,16.47,7.47,9.07,7.14,18.24,21.19,11.27,11.91,5.40,18.50,16.19
16.22,22.89,19.35,12.78,22.89,27.50,8.14,26.93,11.88,22.42,28.78,13.74,18.58,16.38,16.46,7.86,9.21
19.43,25.97,23.74,6.22,26.49,30.59,10.82,23.48,7.62,20.09,28.71,17.92,11.79,9.54,13.50,11.83,11.70
4.61,7.23,9.25,20.26,8.73,11.35,10.11,17.29,15.14,11.66,11.36,7.68,24.24,23.34,11.93,10.70,9.03
6.12,12.29,11.32,15.10,13.07,16.86,3.96,18.36,10.31,12.82,16.82,6.31,19.89,18.58,9.58,5.11,2.91
18.52,23.63,23.90,5.98,24.92,27.70,12.78,13.15,3.63,10.98,21.46,18.89,7.91,7.49,5.03,14.78,12.85
20.54,26.97,25.05,4.59,27.60,31.54,12.07,22.72,7.13,19.73,28.88,19.25,9.96,7.70,13.11,13.26,12.87
5.04,8.33,2.97,24.26,7.30,12.23,10.75,26.61,19.89,20.89,19.88,3.64,29.46,27.95,19.25,9.47,10.16
18.26,24.89,22.31,8.02,25.28,29.53,9.58,24.28,8.45,20.51,28.52,16.49,13.71,11.48,14.02,10.33,10.54
15.10,20.56,20.42,7.02,21.72,24.82,9.17,14.39,1.96,10.77,20.10,15.29,10.89,9.87,4.16,11.18,9.21
7.83,7.03,11.20,22.84,9.04,9.86,13.84,16.26,17.68,11.09,7.70,11.15,26.22,25.60,13.42,14.52,12.77
15.67,20.47,21.10,8.66,21.85,24.47,11.06,11.67,4.33,8.34,18.35,16.41,11.20,10.73,1.84,13.10,10.88
3.50,6.15,2.07,24.18,5.42,10.32,11.00,24.94,19.55,19.25,17.62,3.93,29.13,27.76,18.23,10.10,10.23
3.93,3.77,6.47,23.43,5.19,8.19,12.03,20.39,18.38,14.88,12.16,7.24,27.64,26.64,15.46,12.06,10.99
15.37,21.78,17.46,16.59,21.43,26.25,8.81,29.31,15.11,24.38,29.38,12.38,22.42,20.26,18.95,7.62,9.76
7.79,14.23,12.66,13.58,14.85,18.83,2.05,19.19,9.10,13.87,18.80,7.15,18.67,17.20,9.64,3.75,1.27
5.68,3.54,7.78,24.33,5.46,7.29,13.50,19.79,19.22,14.46,10.59,9.01,28.28,27.41,15.81,13.67,12.45
9.00,15.12,14.12,12.22,15.95,19.65,3.45,17.61,7.50,12.44,18.32,8.81,17.09,15.72,7.84,5.40,3.01
11.16,6.64,12.39,27.96,8.59,6.65,18.55,19.31,22.81,14.92,6.80,14.49,31.18,30.65,18.32,18.94,17.47
24.31,25.53,29.13,21.57,27.56,27.57,24.08,3.03,18.74,8.57,15.13,26.68,20.37,21.49,13.47,25.95,23.47
17.61,24.21,21.79,7.56,24.65,28.84,8.94,23.40,7.60,19.60,27.63,15.96,13.34,11.15,13.12,9.83,9.87
27.69,28.19,32.26,25.64,30.26,29.69,28.09,7.17,22.92,12.35,16.57,30.26,24.05,25.33,17.64,29.92,27.44
16.18,14.08,19.24,26.45,16.16,14.64,20.93,12.81,21.65,10.26,1.30,19.46,28.24,28.29,15.96,22.04,19.92
9.86,16.29,12.25,17.02,16.02,20.80,4.90,25.90,13.91,20.56,24.27,6.90,22.75,20.85,16.10,2.97,5.45
17.80,18.04,22.15,21.91,20.11,19.84,19.78,6.34,17.64,5.06,7.65,20.61,22.76,23.15,11.66,21.35,18.93
14.92,15.79,19.48,19.91,17.80,18.12,16.76,7.55,15.34,3.48,7.63,17.64,21.45,21.56,9.44,18.31,15.91
10.70,4.07,9.42,30.52,4.95,1.38,19.24,24.29,25.41,19.49,12.08,13.48,34.41,33.59,21.79,19.07,18.23
13.48,19.79,15.37,17.35,19.38,24.23,7.73,28.66,15.24,23.53,27.87,10.39,23.19,21.11,18.49,6.19,8.54
6.56,4.88,9.22,23.85,6.88,8.10,13.72,18.39,18.70,13.14,9.24,9.94,27.57,26.80,14.92,14.10,12.65
9.91,15.53,15.25,11.66,16.59,19.91,5.46,15.62,6.61,10.53,17.20,10.29,16.06,14.91,5.88,7.41,4.99
3.60,10.29,8.00,18.24,10.55,14.93,5.16,21.51,13.71,15.84,17.81,2.64,23.30,21.86,13.22,4.79,4.30
5.44,10.44,5.59,22.14,9.72,14.64,8.56,26.23,18.01,20.53,20.94,2.41,27.51,25.89,18.06,7.06,8.14
3.21,8.59,8.64,18.62,9.55,13.11,7.35,18.59,13.64,12.88,14.19,5.36,23.08,21.95,11.57,7.81,6.28
5.45,7.58,1.88,25.34,6.34,11.25,11.88,26.99,20.89,21.30,19.61,4.70,30.48,29.00,19.99,10.66,11.25
21.03,25.31,26.48,9.47,26.86,28.99,16.54,9.91,7.98,9.64,20.74,21.96,8.64,9.38,6.29,18.57,16.43
6.82,10.03,11.92,17.97,11.59,13.94,9.58,14.77,12.82,9.06,11.19,9.31,21.65,20.87,9.13,10.68,8.55
25.41,26.21,30.09,23.45,28.26,27.96,25.64,4.74,20.57,9.93,15.12,27.92,22.19,23.35,15.21,27.48,25.00
16.17,16.25,20.41,21.90,18.32,18.08,18.67,7.84,17.39,5.18,6.31,19.07,23.21,23.42,11.46,20.15,17.78
15.97,21.87,21.09,5.30,22.85,26.28,8.84,16.77,1.05,13.28,22.41,15.62,10.21,8.74,6.67,10.71,9.17
2.01,8.50,7.29,19.21,9.04,13.14,6.84,20.48,14.42,14.77,15.82,3.42,23.98,22.70,13.03,6.80,5.85
12.42,17.11,17.87,11.19,18.49,21.14,9.04,12.14,6.15,7.43,15.93,13.44,14.45,13.77,2.40,11.01,8.59
17.52,19.29,22.46,17.89,21.23,21.89,17.59,4.08,13.91,1.78,11.21,19.85,18.55,18.97,7.99,19.37,16.89
9.82,16.49,13.22,14.67,16.54,21.11,2.70,23.73,11.41,18.52,23.14,7.47,20.35,18.50,13.74,1.48,3.53
8.59,1.90,7.22,28.92,2.80,2.75,17.22,24.07,23.85,18.98,12.85,11.26,33.04,32.10,20.62,16.95,16.23
7.78,11.96,13.16,15.80,13.38,16.02,8.25,14.21,10.64,8.53,12.81,9.64,19.55,18.72,7.25,9.67,7.32
22.29,27.12,27.70,7.02,28.52,31.03,16.66,12.99,7.23,12.54,23.56,22.77,5.56,6.31,8.02,18.65,16.75
20.81,20.50,24.95,24.37,22.60,21.80,22.96,6.71,20.37,7.82,8.71,23.70,24.64,25.26,14.41,24.54,22.12
2.71,4.53,3.29,23.93,4.45,9.03,11.26,23.25,19.10,17.62,15.53,4.89,28.62,27.39,17.17,10.72,10.36
22.41,26.96,27.85,8.44,28.44,30.73,17.28,11.65,8.11,11.63,22.72,23.11,6.76,7.72,7.81,19.29,17.28
5.36,4.67,8.32,23.19,6.50,8.47,12.66,18.79,18.07,13.39,10.34,8.74,27.10,26.25,14.61,12.97,11.60
22.17,23.51,27.02,20.32,25.52,25.68,22.05,1.30,17.14,6.44,13.59,24.54,19.65,20.57,11.65,23.90,21.42
12.24,18.92,16.20,11.54,19.21,23.57,3.63,22.64,8.80,17.86,24.00,10.38,17.30,15.37,12.27,4.24,4.68
21.84,27.48,27.04,2.38,28.59,31.74,14.78,17.19,5.43,15.60,26.12,21.62,4.22,2.97,9.63,16.57,15.16
5.73,7.55,1.74,25.69,6.23,11.11,12.23,27.25,21.24,21.56,19.72,5.05,30.83,29.35,20.32,11.01,11.60
9.58,16.26,13.59,13.43,16.53,20.90,1.19,22.02,9.85,16.87,21.96,7.76,18.99,17.23,11.99,1.80,2.24
20.38,26.32,25.41,0.86,27.28,30.71,12.80,18.52,4.31,16.18,26.17,19.84,6.42,4.54,9.76,14.49,13.30
13.04,13.98,17.58,19.74,15.96,16.50,15.35,9.30,14.94,4.45,7.25,15.81,21.79,21.70,9.27,16.79,14.44
13.14,15.15,18.08,17.43,17.02,18.12,14.06,8.47,12.69,2.87,9.60,15.56,19.45,19.34,6.94,15.68,13.24
13.59,20.26,17.52,10.72,20.55,24.91,4.95,23.07,8.55,18.49,25.07,11.70,16.54,14.54,12.62,5.54,5.98
20.19,21.61,25.05,19.44,23.60,23.90,20.26,1.80,15.90,4.52,12.21,22.58,19.32,20.04,10.18,22.07,19.59
22.37,22.90,26.90,22.78,24.96,24.60,23.29,3.99,19.30,7.48,11.85,25.01,22.38,23.23,13.55,25.04,22.56
9.85,14.53,15.29,13.26,15.87,18.63,7.81,13.38,8.10,8.02,14.59,11.10,16.94,16.11,4.91,9.59,7.11
5.78,12.05,8.17,19.11,11.78,16.55,5.55,24.50,15.10,18.88,20.89,2.65,24.54,22.88,15.67,4.01,5.24
14.29,19.53,14.13,22.78,18.56,23.49,11.70,32.63,20.36,27.20,29.70,10.90,28.62,26.55,22.90,9.73,12.19
19.54,25.96,24.09,4.57,26.61,30.54,11.10,22.08,6.34,18.94,27.94,18.30,10.23,8.00,12.31,12.35,11.89
24.84,30.73,29.88,3.64,31.73,35.08,17.18,20.53,8.61,19.26,29.80,24.27,3.53,1.41,13.31,18.79,17.73
5.34,8.41,10.28,19.21,9.91,12.47,9.64,16.31,14.07,10.64,11.36,8.14,23.10,22.24,10.75,10.44,8.57
23.54,28.63,28.90,6.11,29.95,32.63,17.37,14.89,7.74,14.50,25.49,23.79,3.58,4.55,9.68,19.29,17.57
22.04,24.89,27.32,15.31,26.71,27.86,19.76,4.34,12.94,7.01,17.39,23.77,14.14,15.17,8.57,21.76,19.36
10.41,9.52,13.95,22.90,11.59,11.66,15.45,14.02,17.82,9.28,5.38,13.65,25.73,25.34,12.87,16.40,14.41
13.06,18.93,18.24,8.24,19.91,23.35,6.51,16.26,3.38,11.96,20.12,12.89,12.97,11.63,5.79,8.52,6.62
19.64,21.77,24.72,17.14,23.69,24.46,18.79,2.28,13.74,3.83,13.62,21.76,17.03,17.72,8.22,20.68,18.21
7.48,14.07,10.63,16.75,14.02,18.66,3.38,23.74,13.00,18.29,21.66,4.90,22.28,20.55,14.30,1.53,3.46
19.45,25.85,24.03,4.36,26.51,30.42,11.04,21.83,6.09,18.69,27.73,18.24,10.06,7.85,12.07,12.33,11.81
21.76,25.08,27.13,13.49,26.83,28.29,18.78,6.11,11.38,7.65,18.48,23.25,12.30,13.30,7.61,20.80,18.46
7.67,4.52,9.60,25.23,6.62,6.99,15.13,18.99,20.08,13.94,8.72,11.03,28.87,28.14,16.15,15.45,14.06
24.52,26.19,29.50,20.25,28.17,28.47,23.66,2.96,17.71,8.64,16.39,26.72,18.77,19.97,12.75,25.58,23.11
13.59,19.54,18.71,7.66,20.48,23.98,6.68,16.71,2.98,12.54,20.82,13.28,12.54,11.13,6.24,8.65,6.90
7.81,13.37,13.20,13.81,14.42,17.77,5.29,16.15,8.78,10.71,15.90,8.54,18.21,17.08,7.31,6.92,4.46
5.81,11.65,11.17,15.58,12.56,16.16,5.03,17.63,10.65,12.02,15.74,6.58,20.16,18.95,9.28,6.16,3.99
13.33,18.74,13.44,21.94,17.84,22.78,10.65,31.56,19.40,26.12,28.70,9.95,27.78,25.74,21.85,8.67,11.12
22.47,26.87,27.92,9.17,28.39,30.58,17.60,10.97,8.60,11.18,22.29,23.28,7.42,8.45,7.78,19.63,17.57
12.09,18.55,14.46,16.28,18.29,23.07,5.97,26.93,13.81,21.78,26.20,9.17,22.11,20.09,16.81,4.47,6.79
22.12,23.55,27.00,20.01,25.55,25.78,21.88,1.00,16.87,6.34,13.78,24.46,19.32,20.25,11.41,23.74,21.26
21.90,28.19,26.59,3.20,28.94,32.71,13.62,22.10,7.19,19.59,29.24,20.83,8.03,5.74,13.05,14.97,14.35
21.60,21.72,25.95,23.59,23.80,23.22,23.14,5.30,19.84,7.53,10.29,24.37,23.53,24.26,13.95,24.80,22.35
4.28,10.24,6.33,20.47,9.90,14.70,6.93,24.39,16.22,18.71,19.72,0.90,25.75,24.19,16.14,5.68,6.39
13.01,10.57,15.78,25.82,12.66,11.41,18.64,14.79,20.79,10.97,2.56,16.35,28.31,28.08,15.56,19.52,17.58
12.96,9.36,14.95,27.61,11.38,9.45,19.49,17.10,22.52,13.24,3.94,16.35,30.35,30.02,17.52,20.16,18.42
2.18,8.78,7.29,19.10,9.24,13.42,6.55,20.75,14.35,15.04,16.23,3.10,23.93,22.61,13.13,6.43,5.58
19.73,26.28,24.00,6.38,26.79,30.90,11.10,23.80,7.95,20.44,29.07,18.18,11.87,9.61,13.84,12.07,11.99
17.07,23.32,21.88,4.67,24.10,27.85,9.02,19.50,3.62,16.04,24.91,16.18,10.42,8.50,9.44,10.59,9.64
21.36,22.55,26.14,20.47,24.56,24.67,21.56,1.79,17.08,5.79,12.56,23.80,20.09,20.91,11.43,23.37,20.89
7.29,11.96,12.72,15.47,13.25,16.17,7.30,15.03,10.34,9.39,13.67,8.89,19.45,18.52,7.51,8.70,6.35
12.59,11.25,15.99,23.91,13.35,12.77,17.38,13.04,18.93,8.98,3.40,15.83,26.31,26.11,13.59,18.42,16.35
3.89,10.58,8.29,17.96,10.85,15.22,4.86,21.43,13.44,15.78,17.94,2.86,23.03,21.58,13.04,4.52,4.00
20.41,25.96,25.65,2.96,27.10,30.19,13.60,16.07,4.05,14.17,24.59,20.30,5.55,4.53,8.09,15.46,13.91
5.05,10.16,10.49,17.02,11.28,14.56,6.84,17.05,11.98,11.35,14.00,6.78,21.33,20.26,9.71,7.78,5.78
6.26,9.08,11.19,18.88,10.67,12.98,9.98,15.39,13.73,9.72,10.84,8.99,22.60,21.81,10.09,10.93,8.93
14.91,20.71,15.66,20.56,19.97,24.91,10.64,31.69,18.55,26.44,29.96,11.58,26.40,24.28,21.65,8.86,11.33
18.78,23.89,24.16,5.87,25.19,27.96,13.01,13.20,3.78,11.14,21.67,19.14,7.66,7.28,5.26,15.01,13.09
9.49,15.85,11.70,17.56,15.53,20.33,5.17,26.07,14.36,20.68,24.10,6.44,23.27,21.39,16.37,3.16,5.62
22.64,23.97,27.49,20.54,25.98,26.12,22.48,1.56,17.44,6.90,13.96,25.01,19.74,20.71,12.01,24.33,21.85
20.98,22.92,26.02,18.10,24.86,25.45,20.22,0.94,14.94,5.12,14.12,23.15,17.59,18.43,9.55,22.11,19.64
11.22,17.76,15.73,10.84,18.28,22.38,2.77,20.32,7.22,15.49,21.87,9.97,16.35,14.62,9.99,4.43,3.51
13.22,11.65,16.52,24.46,13.75,12.94,18.06,13.05,19.50,9.24,2.73,16.48,26.75,26.59,14.09,19.11,17.04
24.70,25.49,29.36,23.10,27.54,27.26,25.01,4.23,20.10,9.26,14.47,27.21,22.01,23.11,14.67,26.83,24.35
15.05,13.30,18.30,25.35,15.40,14.22,19.68,12.44,20.50,9.40,1.70,18.31,27.29,27.28,14.88,20.80,18.67
23.59,25.90,28.76,17.74,27.81,28.55,21.94,3.26,15.41,7.93,17.21,25.54,16.23,17.41,10.82,23.91,21.47
25.66,31.04,30.93,5.90,32.27,35.17,18.83,17.79,9.35,17.49,28.45,25.60,0.60,2.60,12.40,20.64,19.18
12.91,9.68,15.15,27.04,11.72,10.03,19.18,16.39,21.96,12.53,3.42,16.29,29.70,29.40,16.90,19.92,18.12
23.62,29.26,28.81,3.28,30.38,33.51,16.45,18.14,7.21,16.99,27.66,23.35,2.60,1.28,11.25,18.21,16.87
6.14,1.32,4.56,27.06,1.19,5.37,14.82,24.10,22.09,18.71,14.26,8.53,31.48,30.39,19.44,14.38,13.88
5.64,10.39,11.06,16.87,11.62,14.70,7.29,16.32,11.77,10.62,13.48,7.51,21.03,20.03,9.18,8.35,6.25
14.61,21.25,18.70,9.50,21.62,25.89,5.93,22.74,7.72,18.37,25.48,12.88,15.34,13.30,12.26,6.75,6.90
23.43,28.61,28.78,5.60,29.90,32.66,17.11,15.32,7.48,14.77,25.72,23.61,3.27,4.05,9.76,19.01,17.34
18.95,19.76,23.56,20.78,21.80,21.80,20.02,4.18,16.82,4.38,9.81,21.57,21.18,21.72,10.88,21.72,19.26
14.24,20.79,16.82,15.13,20.59,25.34,7.14,27.50,13.38,22.60,27.84,11.44,20.98,18.86,17.14,6.16,8.13
13.32,19.94,16.25,14.23,19.86,24.53,5.85,26.13,12.17,21.23,26.59,10.70,20.07,18.01,15.79,5.05,6.86
8.36,8.10,12.08,22.11,10.10,10.93,13.70,15.17,16.96,10.00,7.35,11.60,25.34,24.78,12.51,14.53,12.64
8.82,12.54,14.13,15.78,14.08,16.42,9.27,13.03,10.64,7.34,12.14,10.80,19.22,18.53,6.62,10.77,8.38
15.46,19.73,20.91,10.58,21.24,23.52,11.99,9.84,6.33,6.34,16.58,16.61,12.58,12.37,0.80,14.00,11.64
10.50,16.29,11.42,20.05,15.63,20.55,7.83,28.56,17.02,23.09,25.72,7.15,25.81,23.88,19.01,5.80,8.19
13.09,17.99,18.53,10.16,19.32,22.08,9.00,12.50,5.13,8.10,16.93,13.90,13.49,12.76,2.20,11.01,8.67
20.39,25.79,25.69,3.85,27.00,29.97,13.88,15.21,4.25,13.47,24.01,20.44,5.62,4.96,7.56,15.78,14.12
6.23,9.57,11.34,18.22,11.08,13.57,9.35,15.35,13.06,9.65,11.43,8.77,22.00,21.18,9.58,10.37,8.31
4.91,2.06,4.09,25.88,2.26,6.53,13.60,23.47,20.93,17.99,14.28,7.39,30.34,29.23,18.43,13.18,12.65
4.88,11.56,8.81,17.60,11.70,16.18,4.18,22.14,13.28,16.54,19.06,3.05,22.82,21.28,13.40,3.49,3.50
15.44,17.34,20.39,17.44,19.25,20.12,15.80,6.16,13.07,0.79,10.33,17.79,18.76,18.92,7.09,17.53,15.06
18.01,17.29,21.89,24.26,19.38,18.52,21.06,8.69,19.83,7.42,5.57,21.05,25.31,25.64,13.88,22.48,20.15
27.03,32.84,32.10,5.87,33.88,37.14,19.43,21.38,10.70,20.64,31.40,26.51,3.11,2.50,15.01,21.04,19.97
11.90,12.83,16.40,19.83,14.81,15.48,14.60,10.44,14.90,5.38,7.16,14.73,22.17,21.96,9.45,15.96,13.66
18.31,19.54,23.08,19.49,21.54,21.83,18.95,3.84,15.54,3.18,10.39,20.81,19.99,20.49,9.61,20.69,18.22
23.02,28.17,28.37,5.54,29.47,32.21,16.76,14.99,7.13,14.36,25.29,23.22,3.69,4.32,9.32,18.67,16.97
7.68,14.27,10.79,16.71,14.20,18.85,3.41,23.88,13.01,18.44,21.86,5.07,22.26,20.51,14.40,1.49,3.55
17.38,20.28,22.64,14.56,22.07,23.42,15.81,5.36,10.81,2.95,14.05,19.23,15.24,15.60,5.14,17.74,15.27
22.75,27.83,28.13,5.89,29.15,31.84,16.66,14.43,7.05,13.83,24.78,23.03,4.22,4.87,8.89,18.60,16.84
13.79,19.73,14.84,19.63,19.08,24.00,9.36,30.42,17.43,25.15,28.74,10.49,25.48,23.39,20.40,7.56,10.04
11.16,16.88,16.43,10.29,17.91,21.28,5.69,15.74,5.28,10.95,18.31,11.30,14.80,13.59,5.55,7.72,5.47
5.80,12.46,10.26,16.03,12.83,17.11,2.88,20.89,11.64,15.36,18.79,4.63,21.20,19.69,11.86,3.01,2.00
25.24,27.38,30.37,19.01,29.31,29.90,23.64,4.27,16.94,9.48,18.19,27.23,17.08,18.42,12.50,25.61,23.18
6.18,9.24,3.57,24.84,8.04,12.94,11.27,27.71,20.59,22.00,21.00,4.40,30.13,28.56,20.19,9.84,10.77
10.30,15.15,9.70,22.97,14.13,19.06,10.16,30.12,19.67,24.51,25.82,7.00,28.68,26.80,21.06,8.15,10.27
14.25,19.07,19.69,9.55,20.42,23.09,9.98,11.93,4.75,7.97,17.42,15.05,12.51,11.91,1.46,12.01,9.71
8.91,12.09,14.09,16.68,13.72,15.80,10.14,12.72,11.55,7.00,11.14,11.15,19.96,19.34,7.22,11.57,9.22
9.61,14.26,15.06,13.51,15.61,18.37,7.80,13.46,8.35,8.05,14.41,10.92,17.20,16.38,5.14,9.55,7.07
19.49,22.50,24.79,14.26,24.29,25.62,17.35,4.77,11.19,4.93,15.84,21.21,14.10,14.75,6.23,19.32,16.90
23.56,28.65,28.92,6.09,29.98,32.66,17.37,14.93,7.75,14.54,25.53,23.81,3.54,4.51,9.71,19.30,17.58
14.82,8.27,13.51,33.94,9.04,4.19,23.24,25.59,28.78,21.40,12.11,17.68,37.47,36.81,24.65,23.17,22.20
15.73,18.96,21.04,13.74,20.68,22.31,14.01,7.08,9.58,3.13,13.88,17.47,15.10,15.19,3.66,15.93,13.47
6.75,13.13,9.29,18.30,12.90,17.65,4.84,24.58,14.46,19.03,21.59,3.75,23.80,22.09,15.44,3.08,4.72
17.56,17.85,21.92,21.74,19.91,19.68,19.53,6.40,17.45,4.89,7.60,20.37,22.65,23.01,11.47,21.10,18.69
20.77,25.97,26.13,4.97,27.25,30.05,14.62,14.24,5.04,12.84,23.57,21.00,5.58,5.42,7.30,16.57,14.80
3.90,4.74,7.26,22.55,6.22,9.03,11.47,19.44,17.47,13.90,11.73,7.29,26.68,25.72,14.45,11.65,10.42
14.42,20.29,19.57,6.88,21.27,24.70,7.58,16.36,2.08,12.44,21.12,14.17,11.66,10.28,5.97,9.53,7.80
8.54,4.25,9.80,26.51,6.32,5.90,16.28,19.85,21.35,14.94,8.76,11.84,30.12,29.41,17.38,16.52,15.21
20.64,26.87,25.42,2.44,27.67,31.38,12.50,20.89,5.77,18.23,27.81,19.69,8.01,5.80,11.67,13.95,13.17
11.08,16.44,11.21,21.66,15.58,20.51,9.38,29.93,18.64,24.40,26.51,7.70,27.43,25.48,20.51,7.34,9.67
15.42,21.28,20.57,5.90,22.27,25.67,8.47,16.41,1.17,12.78,21.80,15.15,10.67,9.27,6.19,10.38,8.74
15.03,12.90,18.05,26.04,14.99,13.59,20.01,13.28,21.15,10.22,0.92,18.33,28.07,28.02,15.59,21.06,18.99
20.31,24.22,25.74,10.97,25.85,27.74,16.55,8.17,8.76,7.94,19.05,21.50,10.46,11.15,5.66,18.59,16.32
7.92,5.93,10.62,24.14,8.00,8.47,14.67,17.47,18.99,12.42,7.80,11.30,27.61,26.95,14.82,15.19,13.60
10.69,16.10,10.92,21.46,15.26,20.20,9.07,29.56,18.37,24.03,26.12,7.31,27.22,25.29,20.18,7.03,9.33
7.16,12.29,12.61,14.96,13.47,16.62,6.35,15.70,9.86,10.11,14.61,8.41,19.15,18.12,7.61,7.79,5.42
12.37,8.65,14.25,27.50,10.66,8.81,19.07,17.50,22.39,13.47,4.60,15.75,30.37,29.98,17.51,19.69,18.00
18.84,18.02,22.69,24.81,20.12,19.14,21.87,8.66,20.45,7.94,6.00,21.89,25.69,26.08,14.48,23.30,20.96
18.91,25.40,23.35,5.51,25.98,29.99,10.38,22.49,6.63,19.12,27.83,17.54,11.22,9.01,12.52,11.53,11.21
12.98,19.55,17.36,9.66,20.04,24.18,4.38,21.10,6.81,16.55,23.48,11.56,15.36,13.49,10.64,5.67,5.24
10.56,17.21,13.80,14.64,17.22,21.82,3.40,24.34,11.63,19.19,23.94,8.10,20.37,18.47,14.26,2.27,4.29
8.28,11.78,13.53,16.53,13.34,15.64,9.47,13.40,11.38,7.69,11.65,10.45,20.00,19.30,7.39,10.85,8.53
13.95,7.49,12.90,32.94,8.42,3.76,22.32,24.71,27.78,20.45,11.36,16.87,36.47,35.81,23.65,22.29,21.28
19.27,18.68,23.24,24.44,20.77,19.89,21.98,7.90,20.19,7.60,6.82,22.26,25.16,25.62,14.20,23.46,21.09
8.75,14.18,14.15,13.04,15.29,18.53,5.71,15.47,7.96,10.13,16.01,9.48,17.32,16.23,6.38,7.49,5.00
12.42,8.21,13.93,28.22,10.16,7.98,19.45,18.46,23.10,14.40,5.40,15.78,31.19,30.76,18.32,19.97,18.37
15.12,21.77,18.15,13.38,21.73,26.37,7.24,26.69,12.01,22.02,27.98,12.57,19.21,17.07,16.24,6.78,8.30
17.82,23.84,22.83,3.41,24.75,28.27,10.23,18.06,2.39,14.99,24.40,17.24,8.83,7.10,8.37,11.96,10.71
7.25,13.85,10.45,16.83,13.81,18.44,3.40,23.62,13.02,18.15,21.44,4.69,22.34,20.62,14.23,1.64,3.40
8.41,13.53,13.85,13.80,14.73,17.80,6.45,14.97,8.68,9.50,15.05,9.48,17.90,16.90,6.41,8.12,5.65
4.58,6.89,1.64,24.83,5.84,10.78,11.47,26.09,20.30,20.40,18.72,4.27,29.89,28.46,19.22,10.38,10.78
7.53,6.23,10.59,23.41,8.26,9.07,14.02,17.06,18.26,11.91,8.03,10.90,26.90,26.23,14.13,14.59,12.95
28.05,34.03,33.00,6.86,34.99,38.41,20.16,23.32,11.94,22.45,33.11,27.32,5.08,4.20,16.64,21.65,20.78
13.23,19.81,15.98,14.84,19.66,24.38,6.08,26.58,12.75,21.62,26.76,10.51,20.69,18.62,16.27,5.08,7.05
14.41,13.90,18.32,22.77,15.99,15.60,17.94,10.27,17.99,6.75,4.37,17.48,24.62,24.62,12.28,19.23,16.98
7.49,13.98,10.26,17.44,13.81,18.53,4.13,24.41,13.74,18.93,22.01,4.65,23.00,21.25,15.04,2.22,4.20
12.11,7.46,13.26,28.64,9.36,6.99,19.44,19.38,23.50,15.20,6.40,15.44,31.75,31.27,18.88,19.87,18.37
22.57,22.78,26.97,23.77,24.86,24.29,23.87,5.06,20.19,8.13,11.32,25.30,23.44,24.27,14.38,25.57,23.11
3.40,4.33,2.64,24.61,3.95,8.68,11.84,23.93,19.80,18.31,15.91,5.23,29.34,28.09,17.91,11.21,10.97
14.14,10.35,16.02,28.49,12.33,10.03,20.63,17.23,23.43,13.70,3.52,17.52,31.07,30.81,18.30,21.33,19.56
26.00,26.47,30.54,24.77,28.54,28.00,26.60,5.92,21.80,10.80,14.94,28.60,23.55,24.70,16.35,28.40,25.92
13.82,20.50,17.68,10.86,20.77,25.15,5.22,23.43,8.83,18.86,25.42,11.87,16.69,14.66,12.97,5.70,6.26
12.61,12.69,16.75,21.41,14.74,14.89,16.01,10.78,16.51,6.30,5.55,15.61,23.63,23.48,11.00,17.29,15.04
17.12,15.73,20.63,25.40,17.83,16.64,21.03,10.74,20.76,8.78,3.47,20.30,26.81,27.01,14.91,22.30,20.06
23.63,26.40,28.91,16.12,28.25,29.29,21.28,4.81,14.15,8.46,18.48,25.37,14.38,15.62,10.08,23.29,20.90
24.44,29.91,29.69,4.63,31.10,34.08,17.52,17.57,8.08,16.86,27.71,24.32,1.51,1.88,11.47,19.33,17.88
20.27,24.62,25.72,9.12,26.15,28.34,15.75,10.02,7.30,9.30,20.35,21.18,8.81,9.35,5.55,17.79,15.64
25.71,31.70,30.66,4.53,32.65,36.10,17.85,21.87,9.65,20.58,31.07,25.00,4.46,2.64,14.57,19.37,18.45
20.75,22.87,25.84,17.45,24.79,25.50,19.76,1.58,14.32,4.95,14.41,22.85,16.97,17.79,9.00,21.67,19.20
16.00,21.87,21.13,5.31,22.86,26.26,8.93,16.61,0.89,13.15,22.32,15.68,10.14,8.70,6.53,10.81,9.24
14.41,15.56,19.07,19.26,17.54,18.07,16.05,7.72,14.65,3.10,8.08,17.06,20.92,20.97,8.77,17.61,15.20
14.08,17.09,19.33,14.76,18.84,20.42,13.21,7.97,10.21,2.70,12.39,16.02,16.64,16.56,4.28,15.03,12.55
13.90,18.54,19.35,10.29,19.95,22.51,10.11,11.47,5.48,7.30,16.67,14.86,13.15,12.60,1.10,12.12,9.76
7.29,9.25,11.96,19.47,11.00,12.82,11.19,14.59,14.32,9.01,9.59,10.18,22.93,22.26,10.21,12.19,10.15
8.58,15.26,12.59,14.25,15.52,19.91,0.92,21.93,10.45,16.66,21.28,6.76,19.74,18.03,12.12,1.13,1.61
2.74,4.37,5.74,22.86,5.37,8.96,11.06,20.85,17.87,15.26,13.24,6.04,27.24,26.16,15.32,10.98,10.05
13.79,19.29,19.11,8.12,20.42,23.57,8.05,14.57,2.96,10.50,19.30,14.00,12.20,11.13,4.11,10.08,8.01
11.09,17.36,12.99,17.75,16.95,21.80,6.31,27.36,14.97,22.05,25.72,7.96,23.55,21.58,17.47,4.45,6.93
19.75,25.81,24.71,1.63,26.71,30.25,11.98,19.07,4.13,16.44,26.18,19.08,7.43,5.46,9.91,13.61,12.53
25.93,31.58,31.09,5.16,32.69,35.82,18.64,19.58,9.52,18.91,29.73,25.60,1.47,1.32,13.42,20.35,19.09
21.53,26.77,26.87,4.70,28.04,30.87,15.22,14.80,5.59,13.59,24.37,21.69,4.75,4.67,8.12,17.14,15.43
21.47,26.97,26.73,3.18,28.14,31.18,14.69,16.21,5.15,14.69,25.27,21.40,4.48,3.68,8.83,16.54,15.00
4.50,9.00,9.83,18.23,10.22,13.34,7.98,17.15,13.15,11.43,13.05,6.83,22.43,21.42,10.52,8.74,6.91
18.24,24.80,22.51,6.76,25.29,29.42,9.60,23.14,7.27,19.52,27.84,16.69,12.50,10.30,12.97,10.59,10.50
12.47,19.13,16.54,11.03,19.47,23.78,3.80,22.29,8.30,17.57,23.92,10.71,16.78,14.87,11.88,4.61,4.82
14.02,19.27,13.88,22.68,18.31,23.24,11.51,32.41,20.22,26.97,29.44,10.64,28.52,26.47,22.71,9.53,11.98
21.21,27.51,25.92,3.06,28.26,32.03,12.95,21.73,6.62,19.10,28.65,20.15,8.29,6.03,12.53,14.31,13.67
2.06,8.67,6.29,19.95,8.82,13.29,6.93,22.12,15.34,16.41,17.21,1.77,24.93,23.54,14.42,6.39,6.07
18.74,25.37,22.75,8.10,25.74,30.01,10.05,24.66,8.81,20.95,29.01,16.93,13.73,11.48,14.44,10.77,11.02
4.43,7.53,9.27,19.86,8.96,11.73,9.64,17.31,14.75,11.65,11.74,7.39,23.90,22.97,11.67,10.25,8.57
12.38,17.82,17.73,9.54,18.97,22.11,7.22,14.49,4.39,9.98,18.17,12.74,13.64,12.59,4.13,9.26,7.02
9.12,14.08,14.56,13.39,15.34,18.30,6.94,14.31,8.24,8.91,14.98,10.23,17.33,16.40,5.68,8.69,6.21
25.62,27.59,30.70,19.78,29.54,30.00,24.22,4.34,17.66,9.79,18.09,27.67,17.84,19.19,13.12,26.18,23.74
15.77,20.64,21.20,8.39,22.00,24.66,11.02,11.89,4.08,8.61,18.61,16.46,10.98,10.48,2.11,13.06,10.86
20.80,20.32,24.86,24.81,22.42,21.51,23.16,7.26,20.77,8.18,8.34,23.74,25.15,25.74,14.80,24.72,22.31
18.57,22.80,24.02,9.77,24.34,26.49,14.52,9.28,6.91,7.70,18.66,19.61,10.35,10.61,3.82,16.56,14.31
24.08,28.10,29.52,11.36,29.71,31.60,19.70,10.02,10.89,11.43,22.44,25.10,8.78,10.20,9.33,21.73,19.60
23.33,28.11,28.74,7.59,29.53,31.98,17.71,13.19,8.24,13.18,24.25,23.83,5.20,6.33,8.97,19.69,17.81
17.62,20.44,22.86,14.78,22.25,23.54,16.11,5.06,11.08,2.95,14.02,19.49,15.36,15.76,5.44,18.03,15.57
15.70,22.18,20.21,7.03,22.77,26.78,7.23,21.02,5.47,17.06,25.07,14.42,12.85,10.86,10.64,8.54,8.02
15.46,20.61,15.13,23.55,19.58,24.50,12.82,33.79,21.31,28.38,30.90,12.08,29.39,27.29,24.00,10.87,13.34
10.76,16.77,12.08,19.17,16.20,21.10,7.25,28.14,16.25,22.74,25.79,7.47,24.95,22.99,18.45,5.25,7.70
23.48,29.11,28.67,3.25,30.23,33.35,16.35,17.97,7.08,16.81,27.49,23.23,2.68,1.45,11.07,18.11,16.75
17.67,24.13,22.19,5.67,24.74,28.72,9.20,21.59,5.71,18.03,26.58,16.39,11.51,9.39,11.46,10.45,10.00
7.86,10.19,12.72,18.65,11.91,13.77,10.94,13.83,13.50,8.20,9.86,10.56,22.01,21.37,9.27,12.08,9.93
4.75,2.92,6.51,24.36,4.56,7.23,12.98,20.77,19.29,15.35,11.86,7.99,28.51,27.55,16.24,12.98,11.96
7.96,14.34,10.38,17.83,14.08,18.85,4.71,25.13,14.26,19.65,22.65,4.95,23.44,21.65,15.71,2.71,4.86
3.60,3.15,5.02,24.16,4.06,7.79,12.18,21.83,19.17,16.30,13.44,6.61,28.55,27.47,16.59,11.97,11.20
24.45,30.03,29.65,4.16,31.17,34.25,17.34,18.24,8.05,17.37,28.15,24.23,1.70,1.11,11.81,19.11,17.75
2.11,8.62,7.36,19.11,9.15,13.27,6.71,20.49,14.33,14.78,15.92,3.38,23.89,22.60,12.98,6.67,5.72
20.41,23.65,25.76,13.54,25.40,26.85,17.74,5.55,10.90,6.26,17.19,21.98,12.97,13.75,6.54,19.75,17.37
10.68,16.00,10.77,21.71,15.13,20.07,9.26,29.69,18.60,24.15,26.13,7.30,27.46,25.54,20.35,7.22,9.50
17.27,20.47,22.60,13.61,22.22,23.75,15.25,6.13,9.90,3.70,14.79,18.97,14.37,14.68,4.35,17.20,14.76
15.14,21.83,18.64,11.59,21.96,26.47,6.75,25.19,10.26,20.68,27.20,12.91,17.43,15.30,14.72,6.81,7.82
10.51,15.98,10.86,21.20,15.18,20.12,8.78,29.28,18.10,23.76,25.91,7.13,26.96,25.03,19.89,6.74,9.05
20.65,21.30,25.21,21.75,23.35,23.15,21.65,3.74,18.03,5.89,10.71,23.28,21.74,22.44,12.18,23.37,20.90
25.02,30.13,30.37,6.73,31.45,34.14,18.70,15.85,9.07,15.82,26.86,25.22,2.60,4.26,11.17,20.60,18.94
9.03,15.71,12.70,14.60,15.85,20.35,1.82,22.87,11.04,17.62,22.14,6.89,20.18,18.41,13.00,0.72,2.55
7.79,2.46,8.20,27.01,4.50,4.70,16.04,21.45,21.89,16.39,10.58,10.91,30.90,30.06,18.31,16.06,15.00
11.46,17.22,16.72,9.95,18.24,21.62,5.76,15.84,4.96,11.12,18.62,11.54,14.50,13.26,5.56,7.80,5.61
8.99,14.48,14.38,12.73,15.58,18.84,5.59,15.53,7.66,10.24,16.30,9.62,17.04,15.94,6.27,7.41,4.93
10.38,16.22,15.62,10.96,17.19,20.66,4.95,16.29,6.03,11.34,18.20,10.45,15.59,14.32,6.26,6.96,4.66
5.12,7.64,2.11,24.92,6.50,11.43,11.46,26.69,20.48,20.99,19.50,4.28,30.06,28.58,19.61,10.26,10.83
23.61,26.58,28.92,15.38,28.39,29.57,20.95,5.53,13.56,8.73,19.01,25.24,13.55,14.81,9.76,22.97,20.61
21.51,26.36,26.92,6.81,27.75,30.29,15.93,12.75,6.56,12.00,22.98,22.00,6.04,6.55,7.28,17.92,16.01
5.09,9.45,10.41,17.84,10.73,13.73,8.01,16.59,12.74,10.87,12.86,7.34,21.96,20.98,9.96,8.90,6.95
14.59,20.76,16.10,18.38,20.24,25.13,9.15,30.08,16.51,24.96,29.18,11.40,24.23,22.10,19.89,7.58,9.96
11.94,18.52,14.72,15.20,18.38,23.08,5.12,25.95,12.69,20.86,25.64,9.22,21.02,19.02,15.76,3.89,6.02
18.64,23.80,24.02,5.72,25.08,27.89,12.80,13.39,3.54,11.24,21.71,18.97,7.70,7.25,5.27,14.79,12.89
19.53,24.04,24.97,8.44,25.52,27.84,14.81,10.59,6.34,9.33,20.28,20.34,8.72,9.02,4.89,16.84,14.72
19.89,26.21,24.58,3.45,26.94,30.75,11.61,21.30,5.77,18.37,27.66,18.82,9.13,6.93,11.75,12.98,12.33
11.32,17.90,14.14,15.35,17.77,22.47,4.66,25.60,12.63,20.46,25.07,8.61,21.14,19.17,15.49,3.31,5.52
4.09,10.62,9.08,17.21,11.16,15.26,4.74,20.08,12.53,14.43,16.96,4.07,22.12,20.75,11.77,4.98,3.73
15.87,14.30,19.25,25.28,16.40,15.23,20.16,11.66,20.51,9.01,2.33,19.08,27.00,27.07,14.78,21.35,19.17
4.89,10.61,6.34,20.85,10.14,14.99,7.27,25.10,16.69,19.42,20.38,1.52,26.19,24.59,16.77,5.87,6.82
18.54,24.13,23.78,3.76,25.25,28.40,11.82,15.64,2.21,13.13,23.21,18.45,7.42,6.30,6.74,13.71,12.09
18.68,24.79,23.61,2.74,25.66,29.25,10.86,19.00,3.50,16.06,25.52,17.97,8.48,6.56,9.46,12.49,11.42
13.92,8.65,14.51,30.71,10.33,6.97,21.47,20.77,25.57,16.90,7.14,17.20,33.74,33.30,20.87,21.84,20.40
23.26,28.21,28.66,6.70,29.58,32.16,17.35,14.03,7.78,13.75,24.78,23.63,4.40,5.40,9.16,19.30,17.50
9.29,14.37,9.09,22.20,13.47,18.40,9.21,29.02,18.77,23.41,24.81,5.96,27.87,26.03,20.02,7.22,9.26
26.79,27.20,31.31,25.38,29.27,28.67,27.39,6.64,22.50,11.60,15.55,29.40,24.03,25.23,17.09,29.19,26.71
19.42,23.08,24.83,11.95,24.75,26.50,16.24,7.07,9.18,6.50,17.60,20.80,11.85,12.43,5.08,18.27,15.93
9.81,12.39,14.85,17.29,14.14,15.85,11.37,11.77,12.21,6.08,10.12,12.23,20.26,19.77,7.40,12.80,10.45
10.70,16.27,16.05,10.95,17.35,20.62,5.96,15.23,5.87,10.30,17.49,11.08,15.28,14.15,5.26,7.96,5.60
16.27,18.41,21.32,16.80,20.30,21.25,16.10,5.33,12.63,0.42,11.38,18.50,17.85,18.11,6.66,17.89,15.41
22.23,22.08,26.46,24.60,24.17,23.39,24.02,6.20,20.85,8.50,10.26,25.07,24.50,25.25,14.95,25.66,23.22
5.13,2.34,6.35,24.94,4.05,6.67,13.49,21.22,19.87,15.83,11.97,8.28,29.10,28.13,16.81,13.43,12.46
3.90,8.20,3.61,23.02,7.50,12.40,9.57,25.37,18.60,19.66,19.10,2.38,28.18,26.69,17.91,8.42,8.93
20.76,21.98,25.55,20.19,23.99,24.14,21.01,1.92,16.69,5.22,12.16,23.21,19.96,20.73,10.98,22.81,20.33
16.08,21.52,21.40,6.25,22.69,25.75,10.01,14.37,1.54,11.10,20.75,16.24,9.92,8.95,4.49,12.00,10.10
12.53,17.62,12.19,22.82,16.63,21.55,10.90,31.54,20.01,26.02,28.02,9.17,28.63,26.64,22.07,8.87,11.23
26.72,32.86,31.54,5.86,33.72,37.31,18.61,23.70,11.01,22.31,32.70,25.80,6.12,4.47,16.19,20.00,19.29
7.52,12.92,7.99,21.28,12.20,17.12,7.94,27.27,17.57,21.64,23.01,4.16,26.85,25.09,18.44,6.08,7.83
9.36,14.21,14.81,13.37,15.50,18.38,7.27,13.97,8.21,8.57,14.80,10.53,17.21,16.32,5.41,9.03,6.55
10.13,12.98,15.26,16.63,14.70,16.50,11.14,11.47,11.57,5.76,10.67,12.41,19.57,19.09,6.71,12.65,10.25
21.45,22.28,26.10,21.56,24.32,24.19,22.11,2.98,18.03,6.29,11.78,24.01,21.27,22.07,12.28,23.88,21.40
17.17,23.64,21.67,6.05,24.24,28.23,8.68,21.50,5.66,17.83,26.23,15.87,11.90,9.81,11.29,9.94,9.48
8.45,13.11,7.68,23.06,12.10,17.03,9.77,28.87,19.39,23.21,23.96,5.28,28.66,26.88,20.21,7.89,9.66
17.33,23.82,21.79,6.19,24.40,28.43,8.81,21.82,5.97,18.15,26.52,15.98,12.03,9.91,11.61,10.01,9.63
2.65,9.24,6.63,19.62,9.34,13.85,6.46,22.31,15.07,16.61,17.71,1.52,24.66,23.23,14.38,5.84,5.65
22.20,25.80,27.61,12.53,27.49,29.13,18.72,7.37,10.82,8.68,19.63,23.52,11.07,12.14,7.72,20.75,18.47
4.73,11.26,8.04,18.56,11.22,15.85,5.03,23.11,14.31,17.47,19.52,2.21,23.84,22.27,14.47,3.98,4.47
17.64,20.80,22.96,13.72,22.55,24.04,15.60,5.85,10.11,3.82,14.92,19.35,14.33,14.70,4.66,17.56,15.12
5.78,3.42,2.53,27.00,1.98,6.91,14.21,25.48,22.16,19.96,16.25,7.40,31.68,30.46,20.06,13.50,13.35
17.76,21.73,23.19,10.87,23.33,25.34,14.31,8.38,7.53,6.37,17.32,18.99,11.69,11.91,3.19,16.33,14.00
7.48,10.84,12.66,17.29,12.40,14.73,9.48,14.12,12.14,8.41,11.38,9.81,20.88,20.14,8.32,10.72,8.49
19.49,23.28,24.91,11.43,24.92,26.76,16.07,7.60,8.76,6.95,18.05,20.78,11.32,11.88,4.98,18.09,15.78
11.44,16.11,10.53,23.74,15.00,19.90,11.17,31.28,20.59,25.68,26.97,8.17,29.49,27.57,22.16,9.14,11.33
15.52,20.70,20.91,7.52,21.96,24.84,10.15,13.16,2.87,9.74,19.44,15.95,10.73,9.97,3.13,12.18,10.09
17.91,22.36,23.36,9.03,23.84,26.16,13.57,10.15,5.91,8.07,18.84,18.83,10.15,10.19,3.22,15.61,13.40
17.67,21.68,23.11,10.77,23.27,25.30,14.19,8.50,7.40,6.42,17.35,18.89,11.65,11.84,3.08,16.21,13.88
7.66,13.24,8.41,20.81,12.57,17.49,7.52,27.08,17.15,21.47,23.10,4.27,26.40,24.63,18.14,5.63,7.46
11.26,17.92,15.35,11.87,18.25,22.56,2.60,21.96,8.69,17.06,22.97,9.53,17.54,15.70,11.66,3.49,3.63
8.85,14.45,9.52,20.73,13.74,18.67,7.78,27.87,17.31,22.30,24.25,5.47,26.40,24.56,18.69,5.78,7.88
13.05,19.58,17.50,9.38,20.11,24.21,4.51,20.76,6.44,16.26,23.30,11.71,15.06,13.21,10.30,5.90,5.33
14.88,18.90,20.30,11.63,20.46,22.60,12.03,9.34,7.22,5.39,15.50,16.22,13.65,13.45,1.24,14.01,11.59
12.80,11.98,16.50,23.06,14.07,13.73,17.05,12.01,18.12,7.91,3.98,15.96,25.33,25.17,12.68,18.19,16.04
14.68,16.01,19.42,18.84,17.98,18.58,16.01,7.27,14.28,2.54,8.61,17.26,20.41,20.49,8.37,17.62,15.18
5.79,1.04,4.92,26.54,1.88,5.56,14.47,23.40,21.55,18.01,13.67,8.39,30.90,29.84,18.80,14.11,13.50
14.04,18.90,13.32,24.03,17.80,22.69,12.44,33.15,21.40,27.64,29.55,10.70,29.86,27.82,23.63,10.42,12.81
10.80,17.46,14.09,14.36,17.48,22.08,3.43,24.28,11.41,19.16,24.05,8.38,20.11,18.19,14.15,2.46,4.36
12.10,18.79,16.00,11.82,19.05,23.43,3.54,22.82,9.07,18.00,24.02,10.18,17.58,15.65,12.46,4.02,4.60
5.44,6.38,9.39,21.58,8.12,10.18,11.63,17.32,16.44,11.82,10.14,8.73,25.40,24.58,12.87,12.18,10.56
16.59,21.99,21.91,5.96,23.18,26.21,10.52,14.25,1.66,11.18,21.00,16.76,9.43,8.51,4.62,12.51,10.62
21.78,28.23,26.25,5.01,28.85,32.81,13.27,23.63,8.24,20.83,30.10,20.43,9.87,7.58,14.22,14.40,14.09
19.03,17.90,22.72,25.62,20.00,18.80,22.37,9.50,21.22,8.76,5.52,22.13,26.55,26.93,15.25,23.76,21.45
15.07,21.69,19.20,9.06,22.09,26.33,6.38,22.70,7.50,18.44,25.73,13.37,14.90,12.85,12.24,7.25,7.35
16.02,14.75,19.57,24.75,16.85,15.84,20.00,10.91,20.03,8.35,3.08,19.20,26.37,26.48,14.25,21.25,19.03
6.45,13.12,10.13,16.62,13.22,17.75,3.04,22.61,12.57,17.11,20.36,4.30,22.01,20.37,13.38,1.94,2.72
22.56,24.56,27.63,18.41,26.50,27.07,21.49,1.56,15.64,6.73,15.55,24.67,17.36,18.40,10.58,23.42,20.95
13.38,7.03,12.57,32.22,8.11,3.69,21.68,24.02,27.06,19.72,10.76,16.36,35.73,35.08,22.91,21.70,20.64
9.02,14.95,10.31,19.58,14.40,19.29,6.79,27.23,16.24,21.72,24.21,5.70,25.27,23.41,17.85,4.76,7.00
3.62,8.83,4.66,21.93,8.33,13.18,8.47,24.76,17.54,19.05,19.10,1.30,27.12,25.61,17.03,7.33,7.84
12.04,5.94,11.70,30.65,7.33,3.72,20.22,22.73,25.49,18.30,9.83,15.11,34.16,33.51,21.36,20.30,19.17
10.00,16.57,12.87,15.84,16.45,21.14,3.94,25.00,12.73,19.74,23.93,7.29,21.56,19.67,15.08,2.22,4.64
25.27,30.93,30.43,4.54,32.04,35.18,17.99,19.25,8.87,18.43,29.20,24.95,1.65,0.72,12.84,19.70,18.44
21.49,25.83,26.94,9.28,27.36,29.52,16.85,10.30,8.11,10.18,21.28,22.37,8.18,9.00,6.77,18.88,16.76
21.67,22.21,26.20,22.46,24.27,23.95,22.67,3.92,18.87,6.88,11.29,24.32,22.22,23.01,13.06,24.40,21.93
4.88,10.05,10.32,17.13,11.14,14.47,6.81,17.21,12.10,11.51,14.07,6.62,21.46,20.38,9.88,7.70,5.75
11.73,6.50,12.36,29.20,8.28,5.63,19.45,20.62,24.04,16.28,7.77,14.98,32.50,31.93,19.64,19.73,18.38
23.97,29.10,29.33,6.09,30.42,33.13,17.70,15.35,8.07,15.02,26.02,24.18,3.08,4.20,10.19,19.60,17.92
10.97,17.50,13.62,15.92,17.31,22.05,4.79,25.82,13.11,20.61,24.95,8.16,21.70,19.74,15.78,3.21,5.57
22.42,24.27,27.44,18.82,26.23,26.71,21.57,1.07,15.94,6.55,15.06,24.59,17.88,18.88,10.76,23.48,21.01
15.04,20.47,15.15,22.28,19.56,24.50,11.78,32.81,20.10,27.45,30.36,11.66,28.13,26.02,22.93,9.88,12.36
11.23,11.63,15.46,20.83,13.64,14.15,14.75,11.66,15.83,6.72,6.36,14.22,23.37,23.09,10.57,15.97,13.76
15.10,17.63,20.25,15.83,19.46,20.71,14.66,6.64,11.47,1.22,11.71,17.22,17.29,17.38,5.48,16.46,13.98
21.03,27.32,25.74,3.00,28.07,31.84,12.77,21.59,6.43,18.93,28.46,19.98,8.33,6.07,12.35,14.15,13.49
17.45,24.07,21.57,7.93,24.48,28.71,8.77,23.63,7.86,19.76,27.67,15.75,13.71,11.52,13.31,9.60,9.73
11.83,18.52,15.37,13.05,18.64,23.15,3.71,23.88,10.37,18.94,24.47,9.61,18.83,16.88,13.59,3.49,4.77
2.25,7.12,7.46,20.09,8.08,11.67,8.56,19.34,15.11,13.64,13.77,5.18,24.53,23.41,12.86,8.78,7.51
26.32,32.16,31.37,5.14,33.19,36.49,18.69,21.14,10.02,20.23,30.91,25.78,3.15,1.98,14.47,20.30,19.23
15.11,21.80,18.54,11.87,21.91,26.44,6.79,25.42,10.53,20.88,27.31,12.83,17.72,15.58,14.95,6.76,7.86
13.53,6.95,12.19,32.89,7.71,2.92,21.99,25.19,27.74,20.80,12.03,16.36,36.54,35.83,23.77,21.89,20.97
12.94,8.98,14.66,28.13,10.96,8.80,19.73,17.84,23.03,13.94,4.59,16.32,30.96,30.59,18.11,20.33,18.65
15.92,22.34,20.52,6.48,22.98,26.93,7.55,20.54,4.90,16.68,24.90,14.75,12.27,10.31,10.21,8.96,8.29
14.72,21.33,17.58,14.08,21.23,25.92,7.12,26.98,12.53,22.21,27.88,12.07,19.92,17.78,16.56,6.44,8.16
8.99,14.43,9.37,21.22,13.66,18.59,8.25,28.26,17.80,22.68,24.45,5.61,26.89,25.05,19.14,6.26,8.34
23.47,23.74,27.91,24.02,25.82,25.25,24.58,5.08,20.59,8.78,12.25,26.17,23.45,24.37,14.86,26.31,23.84
7.01,12.88,8.38,20.05,12.36,17.24,6.66,26.13,16.29,20.52,22.35,3.65,25.60,23.86,17.19,4.83,6.54
8.48,14.56,10.12,19.08,14.09,18.95,6.12,26.49,15.63,20.98,23.56,5.21,24.73,22.90,17.14,4.11,6.29
3.53,8.04,8.79,19.14,9.19,12.46,8.31,18.05,14.10,12.34,13.17,6.15,23.43,22.38,11.58,8.84,7.24
9.20,8.65,12.84,22.42,10.68,11.18,14.42,14.68,17.30,9.67,6.53,12.45,25.49,25.00,12.63,15.30,13.36
21.20,24.35,26.54,14.01,26.12,27.49,18.57,5.29,11.59,6.77,17.55,22.80,13.11,14.02,7.36,20.58,18.20
10.37,11.14,14.74,20.31,13.11,13.92,13.86,12.14,15.26,6.95,7.12,13.32,23.04,22.68,10.19,15.06,12.86
25.20,25.42,29.63,25.07,27.50,26.83,26.20,6.05,21.86,10.37,13.69,27.89,24.14,25.19,16.25,27.95,25.48
8.37,15.02,12.68,13.85,15.39,19.66,0.32,21.05,9.85,15.78,20.56,6.90,19.24,17.59,11.27,1.95,0.83
21.46,26.26,26.88,7.06,27.67,30.17,15.98,12.49,6.66,11.78,22.77,21.99,6.27,6.81,7.15,17.97,16.03
14.86,20.25,14.92,22.37,19.33,24.27,11.74,32.75,20.14,27.38,30.20,11.47,28.22,26.12,22.90,9.82,12.30
3.50,6.14,7.89,21.10,7.49,10.47,10.19,18.66,16.03,13.03,12.09,6.76,25.27,24.29,13.14,10.52,9.13
20.11,24.88,25.53,7.17,26.29,28.80,14.82,11.93,5.77,10.70,21.59,20.70,7.38,7.61,5.79,16.83,14.83
5.04,11.65,9.76,16.48,12.10,16.30,3.68,20.44,11.95,14.85,17.93,4.34,21.53,20.09,11.71,3.91,2.70
15.24,17.23,20.22,17.23,19.13,20.06,15.54,6.34,12.84,0.79,10.44,17.57,18.62,18.75,6.86,17.27,14.80
14.65,21.34,18.40,10.82,21.57,25.98,6.09,24.10,9.22,19.62,26.30,12.61,16.66,14.58,13.63,6.45,7.14
21.66,27.13,26.93,3.41,28.31,31.32,14.92,16.10,5.36,14.67,25.30,21.61,4.30,3.64,8.89,16.78,15.23
15.26,21.54,16.99,17.76,21.07,25.94,9.31,30.07,16.14,25.04,29.63,12.15,23.60,21.44,19.78,7.91,10.19
3.69,5.95,7.92,21.33,7.36,10.24,10.47,18.63,16.24,13.02,11.86,6.99,25.46,24.49,13.27,10.81,9.41
6.00,8.55,10.80,19.40,10.16,12.44,10.26,15.75,14.25,10.11,10.65,8.87,23.14,22.34,10.63,11.13,9.20
15.37,21.97,19.61,8.44,22.41,26.60,6.71,22.33,6.98,18.16,25.68,13.78,14.28,12.23,11.88,7.71,7.63
15.29,15.89,19.75,20.57,17.92,18.06,17.37,7.61,16.01,4.01,7.14,18.08,22.03,22.17,10.10,18.90,16.50
12.76,17.92,18.17,9.81,19.16,22.10,8.19,13.41,4.68,8.96,17.50,13.37,13.49,12.62,3.06,10.22,7.92
17.28,17.99,21.82,20.63,20.03,20.07,18.79,5.69,16.38,3.79,8.45,19.97,21.53,21.88,10.39,20.41,17.98
8.19,7.64,11.75,22.50,9.65,10.43,13.85,15.64,17.35,10.49,7.40,11.48,25.79,25.21,12.96,14.62,12.79
27.64,28.31,32.28,25.10,30.37,29.91,27.83,6.83,22.48,12.17,16.87,30.16,23.43,24.74,17.27,29.68,27.20
6.37,10.58,5.21,23.47,9.59,14.52,9.91,27.51,19.40,21.80,21.73,3.70,28.88,27.24,19.46,8.32,9.53
12.91,17.96,12.49,23.05,16.94,21.86,11.23,31.90,20.29,26.39,28.40,9.54,28.86,26.86,22.41,9.20,11.58
9.07,15.06,14.27,12.18,15.95,19.56,3.98,17.08,7.35,11.90,17.90,9.07,16.93,15.62,7.37,5.91,3.49
11.12,8.90,13.94,24.93,11.00,10.28,17.01,15.45,19.83,11.06,4.45,14.47,27.77,27.39,14.91,17.80,15.95
22.02,23.20,26.81,20.73,25.22,25.29,22.13,1.77,17.45,6.41,13.09,24.45,20.16,21.05,11.88,23.96,21.47
5.26,11.65,10.34,15.98,12.29,16.26,3.98,19.27,11.27,13.68,17.06,5.24,20.86,19.51,10.64,4.71,2.91
20.87,26.36,26.13,3.21,27.53,30.57,14.13,15.94,4.56,14.24,24.76,20.81,5.09,4.24,8.29,16.00,14.43
17.73,23.09,23.06,5.31,24.30,27.27,11.59,14.21,2.25,11.58,21.71,17.90,8.32,7.52,5.21,13.57,11.72
10.94,16.48,11.39,21.00,15.70,20.64,8.80,29.44,18.00,23.94,26.30,7.56,26.77,24.82,19.95,6.76,9.12
21.67,27.45,26.80,1.34,28.50,31.78,14.33,18.06,5.32,16.24,26.59,21.29,4.76,3.03,10.08,16.07,14.78
5.81,9.46,4.00,24.09,8.40,13.33,10.52,27.25,19.87,21.54,20.91,3.74,29.40,27.82,19.57,9.08,10.03
4.58,11.17,9.41,16.84,11.65,15.81,4.17,20.30,12.23,14.68,17.50,4.15,21.82,20.42,11.76,4.39,3.18
19.59,23.43,25.01,11.21,25.07,26.94,16.05,7.82,8.62,7.19,18.29,20.84,11.07,11.64,5.02,18.08,15.78
8.82,11.09,13.71,18.26,12.86,14.55,11.34,12.84,13.14,7.20,9.64,11.44,21.42,20.87,8.60,12.61,10.37
8.37,14.78,10.82,17.56,14.53,19.29,4.60,25.22,14.08,19.77,22.97,5.39,23.20,21.38,15.70,2.57,4.86
13.96,20.60,17.00,13.64,20.56,25.20,6.20,26.10,11.83,21.30,26.97,11.41,19.49,17.40,15.70,5.63,7.25
6.75,4.89,9.34,24.00,6.91,8.00,13.92,18.39,18.85,13.17,9.09,10.13,27.69,26.94,15.03,14.30,12.85
18.29,18.61,22.68,21.85,20.67,20.42,20.08,5.83,17.67,5.06,8.17,21.07,22.56,22.99,11.68,21.68,19.25
4.85,8.69,10.02,18.68,10.05,12.91,8.76,16.73,13.57,11.02,12.24,7.44,22.73,21.79,10.58,9.55,7.69
20.78,23.19,25.95,16.48,25.07,25.98,19.33,2.55,13.50,5.20,15.22,22.74,15.91,16.75,8.38,21.28,18.82
10.30,4.54,10.40,28.92,6.23,3.97,18.42,21.74,23.77,17.06,9.54,13.43,32.53,31.83,19.77,18.52,17.37
18.65,24.58,23.71,2.59,25.55,28.98,11.19,17.77,2.67,15.00,24.70,18.17,7.84,6.15,8.44,12.94,11.64
6.10,12.30,8.29,19.21,11.98,16.77,5.68,24.83,15.27,19.22,21.24,2.90,24.67,22.99,15.95,4.05,5.43
24.17,30.50,28.78,4.84,31.22,35.03,15.80,23.82,9.42,21.64,31.48,22.99,8.08,5.88,15.18,17.04,16.56
22.68,27.12,28.12,9.01,28.63,30.85,17.71,11.27,8.63,11.50,22.60,23.45,7.13,8.20,8.01,19.73,17.69
20.24,25.63,25.54,3.91,26.84,29.81,13.74,15.13,4.12,13.34,23.86,20.29,5.78,5.11,7.40,15.65,13.98
7.05,12.52,12.47,14.66,13.59,16.92,5.58,16.32,9.63,10.77,15.34,8.00,19.03,17.92,7.88,7.03,4.65
5.21,4.98,0.88,26.26,3.67,8.59,13.16,25.96,21.55,20.35,17.48,6.11,31.12,29.80,19.90,12.27,12.37
3.64,8.60,4.33,22.26,8.05,12.91,8.80,24.92,17.86,19.20,19.06,1.62,27.43,25.93,17.28,7.67,8.17
10.21,4.99,10.83,28.25,6.85,4.98,18.09,20.74,23.10,16.10,8.61,13.44,31.76,31.10,18.96,18.30,17.03
6.71,1.51,7.01,26.46,3.61,5.11,15.12,21.84,21.37,16.62,11.56,9.75,30.51,29.60,18.08,15.04,14.09
15.54,18.42,20.78,14.78,20.20,21.63,14.43,6.64,10.54,2.09,12.87,17.47,16.13,16.25,4.57,16.30,13.82
11.26,10.06,14.68,23.47,12.15,11.88,16.30,13.78,18.41,9.31,4.50,14.52,26.14,25.82,13.32,17.27,15.26
22.65,28.46,27.75,1.77,29.50,32.79,15.22,18.73,6.33,17.11,27.54,22.22,4.08,2.11,11.04,16.92,15.69
10.03,3.34,8.46,30.20,3.98,1.37,18.65,24.63,25.11,19.70,12.77,12.69,34.22,33.33,21.70,18.39,17.65
20.45,22.15,25.40,18.66,24.11,24.58,20.09,1.14,15.29,4.60,13.11,22.72,18.39,19.16,9.70,21.94,19.46
11.50,10.90,15.26,22.54,12.97,12.95,15.93,12.71,17.52,8.16,4.88,14.67,25.09,24.81,12.30,17.01,14.91
11.37,7.29,12.95,27.51,9.29,7.53,18.47,18.46,22.37,14.15,5.96,14.73,30.62,30.13,17.75,18.96,17.40
13.49,7.69,13.50,31.28,9.16,5.40,21.42,22.17,26.13,18.09,8.74,16.66,34.54,34.00,21.68,21.63,20.36
13.51,19.22,18.77,8.00,20.27,23.57,7.33,15.46,2.93,11.30,19.81,13.52,12.44,11.23,4.99,9.34,7.37
18.76,24.91,23.65,2.83,25.75,29.39,10.85,19.33,3.79,16.37,25.78,17.98,8.63,6.66,9.76,12.44,11.43
7.56,13.87,9.83,18.31,13.57,18.36,5.05,25.22,14.66,19.70,22.42,4.47,23.89,22.12,15.93,3.12,5.11
19.32,20.07,23.91,21.04,22.11,22.05,20.40,4.09,17.13,4.74,9.93,21.95,21.36,21.94,11.21,22.10,19.64
13.01,17.89,18.45,10.28,19.22,21.97,9.00,12.46,5.25,8.02,16.82,13.84,13.60,12.88,2.20,11.01,8.65
11.21,17.14,12.35,19.50,16.52,21.43,7.75,28.67,16.67,23.27,26.29,7.90,25.30,23.33,18.95,5.77,8.22
17.26,23.89,21.33,8.26,24.28,28.53,8.58,23.79,8.07,19.86,27.66,15.51,14.05,11.87,13.44,9.35,9.55
12.06,13.10,16.60,19.60,15.06,15.77,14.57,10.18,14.69,5.08,7.37,14.84,21.90,21.70,9.20,15.96,13.64
20.14,20.85,24.72,21.41,22.89,22.76,21.14,3.76,17.63,5.40,10.45,22.76,21.52,22.18,11.75,22.86,20.39
22.22,23.27,26.96,21.22,25.30,25.27,22.49,2.26,17.92,6.72,12.93,24.69,20.64,21.54,12.31,24.30,21.82
25.96,32.08,30.80,5.06,32.95,36.53,17.89,23.04,10.21,21.56,31.92,25.08,5.76,3.92,15.41,19.31,18.55
17.68,23.77,22.63,3.63,24.64,28.23,9.95,18.49,2.71,15.32,24.60,17.02,9.20,7.39,8.70,11.63,10.47
15.93,19.99,21.36,11.08,21.55,23.68,12.73,9.07,7.01,5.79,16.29,17.19,12.74,12.66,1.53,14.73,12.35
2.82,9.38,7.90,18.45,9.88,14.02,5.95,20.46,13.72,14.76,16.41,3.38,23.30,21.97,12.63,5.95,4.97
14.47,20.73,16.19,17.78,20.26,25.14,8.72,29.59,15.92,24.51,28.91,11.34,23.63,21.50,19.37,7.23,9.56
2.43,8.75,5.82,20.44,8.71,13.32,7.21,22.92,15.90,17.21,17.84,1.03,25.49,24.06,15.16,6.45,6.43
14.24,13.41,17.98,23.36,15.50,14.95,18.14,11.00,18.54,7.49,3.67,17.37,25.31,25.28,12.89,19.37,17.16
15.08,15.52,19.46,20.91,17.56,17.62,17.41,8.06,16.31,4.45,6.67,17.92,22.45,22.56,10.43,18.89,16.52
5.65,12.34,9.70,16.73,12.55,16.98,3.29,21.85,12.47,16.30,19.36,3.93,21.99,20.43,12.84,2.75,2.63
13.48,19.97,18.02,8.76,20.54,24.58,5.04,20.42,5.86,16.02,23.34,12.24,14.42,12.58,9.95,6.50,5.80
5.62,4.50,1.45,26.76,3.04,7.94,13.75,26.03,22.01,20.45,17.20,6.74,31.57,30.28,20.21,12.90,12.94
8.49,12.80,13.90,15.02,14.21,16.86,8.16,13.77,9.86,8.15,13.24,10.17,18.71,17.90,6.43,9.70,7.29
22.94,27.83,28.34,6.89,29.22,31.76,17.15,13.58,7.63,13.28,24.31,23.36,4.87,5.80,8.75,19.12,17.28
5.54,3.73,2.17,26.75,2.36,7.30,13.90,25.50,21.94,19.96,16.46,7.04,31.47,30.23,19.93,13.16,13.05
5.83,10.84,11.27,16.38,12.01,15.19,6.80,16.40,11.31,10.72,13.97,7.46,20.61,19.57,8.93,7.92,5.77
21.24,21.28,25.54,23.64,23.36,22.75,22.92,5.57,19.81,7.41,9.81,24.04,23.69,24.39,13.90,24.56,22.12
15.82,14.02,19.06,25.74,16.11,14.80,20.36,12.24,20.94,9.55,1.76,19.07,27.53,27.58,15.25,21.50,19.36
16.17,21.34,15.86,23.71,20.32,25.23,13.30,34.31,21.61,28.93,31.59,12.79,29.55,27.43,24.45,11.38,13.85
22.59,23.70,27.36,21.20,25.72,25.72,22.74,2.19,17.99,7.02,13.37,25.04,20.51,21.45,12.46,24.57,22.08
20.10,25.02,25.51,6.47,26.39,29.00,14.55,12.62,5.30,11.25,22.07,20.58,6.93,7.02,6.04,16.55,14.60
5.42,12.10,9.32,17.15,12.25,16.73,3.67,22.17,12.90,16.59,19.42,3.53,22.43,20.86,13.24,2.95,3.06
12.39,12.33,16.46,21.67,14.38,14.48,16.02,11.18,16.74,6.70,5.32,15.44,23.96,23.78,11.29,17.25,15.03
14.35,20.90,16.95,15.05,20.71,25.45,7.20,27.50,13.33,22.62,27.91,11.56,20.89,18.77,17.14,6.24,8.19
14.78,21.36,17.47,14.67,21.20,25.92,7.42,27.49,13.12,22.67,28.17,12.04,20.51,18.37,17.09,6.59,8.44
17.07,21.27,22.52,10.23,22.81,24.98,13.36,9.25,6.63,6.73,17.47,18.19,11.52,11.55,2.35,15.39,13.08
15.48,22.13,19.48,9.38,22.47,26.77,6.80,23.41,8.13,19.15,26.39,13.66,15.23,13.13,12.95,7.50,7.80
6.36,12.08,11.74,15.11,13.05,16.55,5.11,17.13,10.15,11.56,15.67,7.16,19.63,18.45,8.70,6.40,4.11
12.84,19.10,14.63,17.71,18.66,23.52,7.49,28.51,15.40,23.31,27.38,9.71,23.56,21.50,18.42,5.82,8.24
12.94,19.20,14.72,17.73,18.76,23.62,7.57,28.59,15.45,23.40,27.48,9.81,23.57,21.51,18.49,5.92,8.33
20.13,19.50,24.09,24.90,21.60,20.63,22.76,7.82,20.74,8.13,7.45,23.11,25.44,25.96,14.75,24.27,21.89
14.79,20.32,20.09,7.14,21.45,24.60,8.76,14.68,2.00,10.94,20.10,14.92,11.18,10.10,4.37,10.77,8.81
12.35,6.32,12.09,30.78,7.73,4.07,20.48,22.60,25.62,18.24,9.57,15.44,34.24,33.61,21.42,20.59,19.43
17.96,23.93,23.00,3.26,24.87,28.35,10.47,17.78,2.25,14.79,24.31,17.45,8.56,6.88,8.19,12.22,10.92
13.51,9.36,15.09,28.72,11.30,8.89,20.35,18.13,23.62,14.37,4.61,16.88,31.49,31.15,18.66,20.94,19.27
9.78,16.22,12.22,16.95,15.97,20.74,4.80,25.79,13.82,20.45,24.17,6.84,22.68,20.79,16.00,2.86,5.34
4.74,2.07,4.34,25.61,2.56,6.63,13.42,23.11,20.65,17.64,14.00,7.34,30.05,28.95,18.10,13.05,12.46
20.17,23.50,25.53,13.17,25.24,26.76,17.39,5.89,10.50,6.27,17.27,21.69,12.70,13.44,6.19,19.40,17.03
25.16,31.36,29.92,4.67,32.17,35.84,16.97,23.22,9.72,21.46,31.62,24.17,6.55,4.49,15.16,18.34,17.67
4.24,8.72,4.01,22.85,8.00,12.91,9.35,25.61,18.49,19.89,19.55,2.25,28.06,26.54,17.98,8.11,8.75
16.16,15.35,19.96,23.83,17.44,16.69,19.63,9.78,19.19,7.28,4.22,19.25,25.33,25.48,13.34,20.96,18.68
12.01,17.30,17.41,10.19,18.49,21.54,7.42,13.99,5.04,9.34,17.42,12.56,14.12,13.16,3.78,9.44,7.12
6.03,7.88,10.53,20.24,9.58,11.65,10.97,16.04,15.09,10.47,10.11,9.08,23.95,23.17,11.37,11.74,9.90
21.90,23.39,26.80,19.76,25.38,25.66,21.62,0.74,16.60,6.10,13.74,24.22,19.11,20.02,11.14,23.48,21.00
2.53,7.25,3.70,22.54,6.87,11.66,9.31,24.08,17.96,18.37,17.73,2.31,27.55,26.14,16.90,8.44,8.55
22.44,22.33,26.69,24.59,24.42,23.65,24.15,6.08,20.87,8.58,10.53,25.26,24.42,25.20,14.99,25.80,23.35
8.85,15.24,11.20,17.55,14.96,19.74,4.82,25.58,14.19,20.16,23.46,5.84,23.22,21.37,15.98,2.78,5.16
9.46,16.14,13.04,14.49,16.25,20.77,2.14,23.19,11.08,17.97,22.60,7.24,20.12,18.31,13.24,1.10,2.97
9.60,5.05,10.74,27.22,7.05,5.87,17.25,19.80,22.06,15.08,8.09,12.90,30.69,30.05,17.89,17.54,16.18
19.92,23.66,25.34,11.66,25.31,27.10,16.53,7.39,9.15,7.11,18.21,21.24,11.33,11.98,5.45,18.56,16.25
20.48,25.90,25.77,3.70,27.10,30.08,13.91,15.37,4.29,13.63,24.16,20.50,5.51,4.81,7.70,15.81,14.17
7.53,1.32,7.18,27.47,3.25,4.10,16.04,22.61,22.38,17.47,11.85,10.45,31.52,30.61,19.07,15.89,15.02
6.86,5.18,9.58,23.84,7.20,8.25,13.89,18.10,18.68,12.89,8.88,10.25,27.49,26.75,14.81,14.31,12.82
14.51,7.91,13.05,33.84,8.58,3.69,22.98,25.82,28.69,21.55,12.45,17.31,37.45,36.76,24.66,22.87,21.95
15.12,21.61,17.45,15.83,21.33,26.12,8.24,28.59,14.32,23.71,28.90,12.22,21.66,19.50,18.22,7.18,9.22
20.42,26.66,25.20,2.56,27.45,31.17,12.27,20.86,5.64,18.14,27.67,19.46,8.20,6.00,11.56,13.72,12.94
3.40,4.35,6.49,22.82,5.65,8.82,11.39,20.18,17.78,14.62,12.42,6.76,27.08,26.06,14.97,11.44,10.35
21.99,28.37,26.55,4.29,29.05,32.93,13.56,23.08,7.90,20.43,29.88,20.75,9.05,6.76,13.84,14.78,14.35
11.98,18.46,16.58,9.93,19.05,23.07,3.66,19.95,6.38,15.29,22.10,10.84,15.45,13.71,9.55,5.33,4.34
7.38,11.92,6.55,23.09,10.95,15.88,9.62,28.11,19.22,22.42,22.85,4.34,28.60,26.88,19.70,7.86,9.38
16.89,15.04,20.13,26.26,17.14,15.68,21.29,11.98,21.54,9.80,2.35,20.14,27.84,27.97,15.76,22.48,20.30
18.68,23.58,24.10,6.91,24.94,27.56,13.36,12.15,4.53,10.20,20.86,19.23,8.25,8.10,4.63,15.38,13.36
21.56,26.09,27.00,8.40,27.57,29.87,16.57,11.21,7.56,10.88,21.94,22.30,7.33,8.08,6.94,18.59,16.54
1.39,5.73,5.82,21.67,6.47,10.37,9.62,20.80,16.74,15.13,14.19,4.77,26.20,25.04,14.58,9.51,8.62
2.46,8.12,7.90,19.17,8.96,12.69,7.50,19.31,14.24,13.59,14.51,4.74,23.72,22.54,12.30,7.77,6.45
11.22,12.81,15.96,18.67,14.71,15.79,13.39,10.63,13.70,5.18,8.39,13.89,21.20,20.90,8.39,14.81,12.47
7.92,1.52,7.36,27.88,3.27,3.69,16.44,22.87,22.79,17.76,11.91,10.80,31.92,31.02,19.45,16.28,15.43
25.27,31.50,30.00,4.93,32.30,35.99,17.04,23.54,9.93,21.74,31.87,24.24,6.87,4.83,15.43,18.38,17.75
13.17,19.76,17.51,9.67,20.23,24.39,4.54,21.35,6.95,16.83,23.76,11.69,15.39,13.50,10.89,5.75,5.43
15.61,12.76,18.18,27.60,14.81,12.89,21.13,14.76,22.68,11.86,0.78,18.96,29.70,29.63,17.18,22.07,20.09
10.12,12.78,15.19,17.00,14.52,16.23,11.41,11.46,11.94,5.75,10.30,12.48,19.91,19.45,7.04,12.89,10.51
9.04,14.64,9.71,20.71,13.94,18.86,7.81,27.98,17.32,22.42,24.43,5.66,26.39,24.54,18.77,5.80,7.94
11.70,16.20,17.15,12.20,17.62,20.18,9.07,11.99,7.14,6.97,14.99,12.93,15.44,14.78,3.06,10.97,8.51
6.33,11.68,6.85,21.47,10.99,15.90,7.95,26.53,17.53,20.86,21.85,3.02,26.94,25.25,18.00,6.26,7.67
18.82,22.52,24.22,11.76,24.18,25.98,15.65,7.29,8.77,6.20,17.30,20.18,11.96,12.42,4.47,17.67,15.32
24.66,30.02,29.95,5.34,31.25,34.14,17.94,17.01,8.40,16.53,27.45,24.65,1.53,2.66,11.37,19.77,18.26
11.03,4.54,10.07,30.52,5.62,2.00,19.48,23.79,25.39,19.09,11.38,13.92,34.30,33.53,21.61,19.39,18.46
20.87,26.83,25.90,0.34,27.79,31.23,13.24,18.87,4.83,16.63,26.67,20.30,6.12,4.14,10.24,14.90,13.76
22.93,23.35,27.42,23.32,25.42,24.98,23.91,4.43,19.88,8.10,12.11,25.58,22.82,23.71,14.15,25.65,23.18
10.29,15.41,15.73,12.07,16.64,19.63,6.98,14.08,6.91,8.94,15.94,11.15,16.00,15.06,4.71,8.88,6.42
24.10,29.92,29.19,3.03,30.96,34.24,16.59,19.59,7.78,18.28,28.84,23.63,3.23,0.94,12.35,18.25,17.10
8.99,2.34,7.23,29.46,2.75,2.36,17.65,24.68,24.41,19.60,13.35,11.54,33.62,32.67,21.23,17.32,16.67
8.50,11.89,13.73,16.58,13.47,15.69,9.72,13.15,11.44,7.44,11.45,10.70,19.99,19.31,7.32,11.11,8.78
11.31,4.90,10.51,30.58,6.07,2.41,19.70,23.53,25.44,18.91,10.99,14.24,34.29,33.55,21.57,19.65,18.67
9.17,15.69,11.93,16.51,15.54,20.25,3.98,24.94,13.20,19.58,23.36,6.38,22.19,20.34,15.19,2.00,4.48
14.96,12.98,18.07,25.74,15.07,13.77,19.82,12.99,20.87,9.90,1.23,18.24,27.75,27.71,15.29,20.89,18.80
14.52,10.03,15.83,29.86,11.88,9.01,21.49,18.86,24.77,15.31,5.03,17.88,32.57,32.26,19.76,22.05,20.42
10.58,7.54,12.85,25.88,9.63,8.68,17.18,17.05,20.74,12.57,5.50,13.96,28.94,28.47,16.07,17.80,16.11
21.15,21.10,25.41,23.83,23.19,22.53,22.95,5.86,19.97,7.52,9.55,23.97,23.94,24.61,14.04,24.58,22.14
15.14,12.23,17.67,27.49,14.28,12.39,20.78,15.01,22.53,11.92,1.07,18.50,29.68,29.57,17.10,21.69,19.73
22.33,28.63,27.00,3.53,29.37,33.16,14.02,22.48,7.65,20.03,29.71,21.22,8.07,5.78,13.50,15.33,14.76
10.48,6.56,12.14,26.91,8.60,7.26,17.64,18.50,21.76,13.98,6.52,13.84,30.14,29.60,17.28,18.10,16.57
14.41,20.13,15.03,20.82,19.37,24.30,10.50,31.55,18.66,26.25,29.54,11.06,26.67,24.57,21.58,8.65,11.13
7.06,2.54,7.95,26.15,4.64,5.51,15.21,20.91,21.03,15.76,10.53,10.25,30.06,29.22,17.51,15.27,14.17
13.88,9.28,15.09,29.63,11.13,8.31,20.99,19.13,24.52,15.39,5.47,17.23,32.47,32.11,19.63,21.50,19.91
21.82,26.37,27.26,8.36,27.85,30.15,16.77,11.39,7.69,11.14,22.22,22.54,7.10,7.91,7.22,18.78,16.75
16.16,16.59,20.56,21.08,18.64,18.61,18.24,7.15,16.62,4.31,7.15,18.96,22.33,22.56,10.67,19.78,17.38
23.69,24.59,28.39,22.31,26.63,26.45,23.98,3.32,19.19,8.23,13.82,26.19,21.42,22.43,13.70,25.80,23.32
4.50,4.19,7.34,23.22,5.83,8.35,12.21,19.59,18.12,14.12,11.33,7.87,27.29,26.36,14.96,12.38,11.16
24.96,25.66,29.59,23.51,27.72,27.36,25.36,4.63,20.51,9.59,14.50,27.50,22.40,23.51,15.06,27.18,24.69
19.64,23.28,25.04,11.99,24.96,26.70,16.44,7.04,9.30,6.64,17.74,21.01,11.78,12.39,5.29,18.46,16.13
0.98,7.14,6.42,20.43,7.75,11.78,8.20,20.64,15.56,14.93,15.02,3.85,25.08,23.86,13.78,8.10,7.20
19.65,21.21,24.55,18.90,23.18,23.59,19.63,2.08,15.30,3.91,12.14,22.00,18.91,19.58,9.56,21.44,18.96
15.01,17.05,20.00,17.12,18.94,19.91,15.30,6.57,12.69,0.95,10.45,17.33,18.57,18.68,6.71,17.03,14.56
11.97,10.62,15.34,23.82,12.71,12.24,16.94,13.49,18.79,9.24,3.83,15.23,26.35,26.09,13.58,17.94,15.91
12.19,18.86,16.20,11.42,19.17,23.51,3.55,22.44,8.62,17.66,23.84,10.38,17.16,15.25,12.06,4.25,4.59
13.51,8.12,13.98,30.63,9.76,6.39,21.18,21.06,25.49,17.08,7.56,16.76,33.75,33.27,20.88,21.50,20.11
23.58,24.34,28.22,22.63,26.40,26.14,24.04,3.61,19.44,8.25,13.44,26.12,21.82,22.81,13.88,25.84,23.36
12.84,13.40,17.21,20.51,15.41,15.78,15.65,9.93,15.66,5.28,6.45,15.73,22.63,22.51,10.06,17.02,14.72
19.65,26.23,23.84,6.90,26.70,30.86,10.99,24.20,8.33,20.76,29.26,18.02,12.40,10.13,14.17,11.88,11.91
9.91,15.94,11.32,19.13,15.40,20.29,6.78,27.54,16.01,22.09,24.97,6.63,24.87,22.96,17.96,4.75,7.14
9.70,7.14,12.22,25.05,9.24,8.80,16.23,16.87,19.91,12.17,6.10,13.09,28.22,27.70,15.35,16.84,15.15
19.41,23.36,24.84,10.79,24.97,26.92,15.71,8.23,8.19,7.38,18.47,20.60,10.78,11.28,4.76,17.75,15.47
11.20,10.63,14.96,22.46,12.70,12.75,15.69,12.91,17.42,8.28,5.09,14.37,25.07,24.77,12.26,16.76,14.67
18.05,24.02,23.10,3.17,24.96,28.43,10.57,17.77,2.30,14.81,24.35,17.54,8.46,6.78,8.22,12.32,11.02
12.34,17.80,12.58,21.52,16.95,21.89,9.85,30.67,18.79,25.21,27.71,8.96,27.33,25.33,21.05,7.84,10.27
15.66,22.21,20.01,7.74,22.72,26.83,7.05,21.83,6.35,17.77,25.55,14.20,13.57,11.54,11.42,8.19,7.92
20.10,23.25,25.43,13.81,25.02,26.42,17.62,5.22,11.02,5.79,16.71,21.72,13.38,14.12,6.43,19.62,17.22
23.35,23.71,27.83,23.72,25.78,25.28,24.38,4.78,20.32,8.57,12.33,26.03,23.15,24.07,14.60,26.12,23.64
18.34,18.83,22.81,21.43,20.89,20.73,19.91,5.38,17.30,4.70,8.62,21.07,22.08,22.54,11.32,21.54,19.10
19.45,26.07,23.49,7.82,26.47,30.71,10.76,24.85,8.97,21.27,29.52,17.67,13.32,11.05,14.72,11.51,11.73
14.02,17.65,19.39,13.09,19.29,21.24,12.12,8.95,8.51,4.25,13.96,15.63,15.19,15.00,2.59,14.02,11.55
2.89,3.93,5.21,23.38,4.80,8.57,11.41,21.43,18.40,15.84,13.55,6.04,27.80,26.70,15.92,11.24,10.42
19.30,23.63,24.74,9.25,25.15,27.36,14.94,9.77,6.85,8.54,19.53,20.24,9.50,9.85,4.56,16.98,14.79
9.68,16.08,14.52,11.74,16.74,20.67,2.37,18.96,7.43,13.91,19.90,8.92,16.93,15.39,8.91,4.41,2.45
14.13,20.80,17.31,13.14,20.80,25.41,6.18,25.80,11.39,21.05,26.92,11.67,18.99,16.89,15.38,5.77,7.24
4.18,10.85,8.15,18.18,10.99,15.47,4.85,22.13,13.78,16.49,18.60,2.47,23.35,21.84,13.63,4.20,4.11
11.48,16.70,16.89,10.80,17.91,20.93,7.28,13.94,5.65,9.13,16.90,12.12,14.72,13.77,3.96,9.27,6.89
5.44,3.39,7.49,24.31,5.25,7.28,13.35,19.99,19.20,14.64,10.88,8.76,28.31,27.41,15.87,13.48,12.30
12.90,8.95,14.62,28.10,10.92,8.79,19.68,17.83,22.99,13.92,4.60,16.28,30.93,30.56,18.08,20.28,18.61
0.84,6.58,4.68,21.79,6.71,11.18,9.00,22.42,17.04,16.71,16.13,3.00,26.60,25.30,15.54,8.50,8.11
21.64,27.83,26.45,2.14,28.65,32.32,13.54,21.07,6.42,18.68,28.47,20.73,7.21,4.95,12.18,15.00,14.20
8.20,14.23,13.40,13.04,15.10,18.75,3.74,17.41,8.23,12.10,17.53,8.24,17.80,16.50,7.97,5.52,3.04
11.41,17.83,16.14,10.20,18.47,22.42,3.41,19.31,6.29,14.56,21.29,10.46,15.58,13.93,8.96,5.26,3.91
19.95,26.42,24.39,5.20,27.02,31.02,11.42,22.91,7.16,19.74,28.67,18.58,10.71,8.45,13.12,12.55,12.25
7.36,2.54,4.41,28.48,0.46,4.97,15.96,25.70,23.55,20.34,15.49,9.32,32.98,31.85,21.04,15.36,15.06
25.08,25.47,29.58,24.50,27.54,26.99,25.87,5.51,21.37,10.05,13.94,27.72,23.52,24.59,15.80,27.65,25.17
21.00,25.13,26.45,10.14,26.70,28.73,16.78,9.23,8.46,9.13,20.23,22.03,9.29,10.06,6.25,18.82,16.62
8.38,3.19,8.95,27.20,5.19,4.77,16.49,21.09,22.06,16.12,9.92,11.55,30.97,30.19,18.31,16.58,15.44
9.16,14.87,14.48,12.30,15.88,19.29,4.97,16.09,7.31,10.88,17.04,9.52,16.80,15.61,6.56,6.86,4.40
23.28,23.51,27.70,24.04,25.59,25.01,24.47,5.15,20.58,8.69,12.00,25.99,23.54,24.44,14.82,26.19,23.72
23.16,28.04,28.56,7.00,29.43,31.96,17.37,13.64,7.84,13.42,24.46,23.58,4.78,5.79,8.95,19.34,17.50
12.59,16.47,17.98,13.10,18.04,20.21,10.75,10.32,8.23,5.23,13.86,14.14,15.76,15.35,2.89,12.62,10.14
12.61,18.87,14.40,17.71,18.43,23.29,7.32,28.35,15.34,23.14,27.15,9.47,23.55,21.50,18.29,5.63,8.06
11.66,13.94,16.66,17.19,15.76,17.13,12.77,9.92,12.28,4.25,9.79,14.07,19.65,19.37,6.86,14.32,11.91
24.03,28.29,29.48,10.30,29.85,31.90,19.26,11.06,10.19,12.06,23.14,24.90,7.61,9.03,9.29,21.28,19.22
25.72,26.36,30.33,24.08,28.43,28.01,26.12,5.31,21.17,10.36,15.06,28.27,22.83,23.99,15.77,27.94,25.46
24.38,28.81,29.82,9.68,30.33,32.50,19.29,12.03,10.02,12.88,23.98,25.12,6.67,8.16,9.71,21.30,19.30
6.71,12.59,12.03,14.63,13.50,17.09,4.54,17.37,9.72,11.85,16.27,7.22,19.25,18.02,8.63,5.93,3.58
11.41,15.83,16.85,12.56,17.27,19.80,9.04,12.02,7.48,6.89,14.67,12.70,15.82,15.16,3.38,10.92,8.44
7.38,11.91,12.80,15.59,13.24,16.09,7.56,14.83,10.45,9.17,13.42,9.06,19.51,18.61,7.46,8.96,6.62
7.69,13.36,13.06,13.81,14.37,17.80,4.97,16.47,8.82,11.03,16.15,8.31,18.29,17.12,7.55,6.60,4.14
13.86,12.32,17.20,24.57,14.43,13.54,18.53,12.60,19.66,9.04,2.41,17.11,26.72,26.62,14.15,19.62,17.51
20.83,26.40,26.06,2.72,27.54,30.64,13.94,16.38,4.45,14.58,25.03,20.69,5.14,4.08,8.54,15.78,14.27
15.35,19.74,20.79,10.22,21.22,23.58,11.65,10.28,5.90,6.74,16.87,16.41,12.38,12.09,0.60,13.67,11.33
4.06,4.02,2.32,25.27,3.38,8.21,12.48,24.39,20.46,18.79,16.03,5.78,29.99,28.75,18.53,11.82,11.61
20.28,23.08,25.55,15.11,24.91,26.07,18.35,3.92,12.18,5.24,15.86,22.09,14.64,15.42,7.25,20.32,17.89
17.72,17.56,21.88,22.86,19.64,19.14,20.19,7.37,18.50,6.00,6.65,20.64,23.83,24.17,12.52,21.69,19.31
8.14,3.54,9.14,26.62,5.61,5.45,16.09,20.43,21.47,15.45,9.48,11.39,30.34,29.58,17.66,16.25,15.03
19.15,25.53,23.77,4.25,26.21,30.09,10.79,21.48,5.72,18.31,27.35,17.99,10.01,7.83,11.69,12.11,11.54
14.95,16.43,19.75,18.48,18.38,19.05,16.01,6.87,13.98,2.04,9.08,17.47,19.97,20.08,8.04,17.65,15.20
25.20,31.44,29.94,4.89,32.23,35.93,16.97,23.53,9.89,21.72,31.84,24.18,6.91,4.85,15.39,18.31,17.69
14.27,20.91,17.29,13.65,20.86,25.51,6.52,26.33,11.95,21.55,27.28,11.71,19.50,17.39,15.92,5.94,7.56
10.35,11.24,14.76,20.10,13.19,14.07,13.70,12.05,15.05,6.81,7.31,13.27,22.84,22.47,9.98,14.92,12.71
14.12,20.58,18.70,8.08,21.19,25.18,5.73,20.32,5.41,16.07,23.67,12.93,13.77,11.90,9.85,7.19,6.47
3.92,7.12,2.40,23.99,6.30,11.22,10.63,25.49,19.46,19.78,18.53,3.44,29.05,27.62,18.45,9.58,9.94
5.77,11.45,11.18,15.74,12.42,15.93,5.44,17.33,10.77,11.70,15.33,6.76,20.24,19.07,9.16,6.57,4.40
15.05,17.01,20.02,17.32,18.91,19.83,15.44,6.54,12.88,1.01,10.27,17.40,18.76,18.87,6.91,17.16,14.69
17.26,23.19,22.34,3.98,24.16,27.60,9.92,17.28,1.53,14.13,23.55,16.83,9.07,7.49,7.52,11.73,10.33
12.87,7.70,13.56,29.85,9.44,6.45,20.44,20.46,24.70,16.38,7.16,16.15,32.98,32.49,20.11,20.79,19.37
25.01,25.82,29.69,23.20,27.88,27.59,25.26,4.40,20.26,9.54,14.80,27.52,22.02,23.14,14.86,27.09,24.61
14.55,20.19,19.82,7.12,21.27,24.51,8.30,15.18,1.97,11.35,20.32,14.58,11.40,10.23,4.81,10.30,8.39
10.76,4.44,10.14,30.00,5.76,2.63,19.13,23.12,24.86,18.43,10.77,13.73,33.73,32.97,21.01,19.09,18.09
9.98,9.45,13.69,22.37,11.50,11.82,14.87,13.94,17.28,9.05,5.93,13.20,25.27,24.85,12.40,15.84,13.83
23.02,27.16,28.47,10.47,28.75,30.74,18.54,10.04,9.76,10.85,21.93,23.99,8.43,9.63,8.27,20.57,18.45
10.01,11.32,14.59,19.47,13.23,14.34,13.06,12.07,14.41,6.67,8.00,12.85,22.29,21.88,9.42,14.31,12.08
5.75,2.50,3.39,26.91,1.40,6.26,14.35,24.79,22.01,19.32,15.34,7.76,31.48,30.31,19.67,13.77,13.45
6.44,13.01,11.14,15.11,13.51,17.65,2.41,20.10,10.66,14.63,18.60,5.59,20.23,18.75,10.91,3.22,1.35
21.36,24.75,26.74,13.16,26.48,28.00,18.32,6.26,10.96,7.44,18.35,22.82,12.13,13.07,7.17,20.35,18.01
10.50,12.27,15.28,18.52,14.13,15.38,12.78,11.28,13.50,5.75,8.69,13.16,21.24,20.87,8.39,14.15,11.84
22.44,27.19,27.86,7.47,28.62,31.06,16.95,12.64,7.58,12.36,23.41,22.99,5.83,6.70,8.06,18.95,17.02
16.36,19.87,21.73,12.74,21.55,23.32,14.02,7.37,8.79,4.19,15.04,17.93,13.95,14.07,3.10,15.98,13.55
9.48,9.24,13.31,21.98,11.26,11.81,14.32,14.07,16.87,9.03,6.49,12.68,24.96,24.50,12.09,15.28,13.28
25.76,31.95,30.54,5.15,32.78,36.43,17.59,23.49,10.25,21.85,32.10,24.79,6.46,4.53,15.61,18.96,18.29
2.02,8.70,6.59,19.67,8.94,13.33,6.77,21.71,15.02,16.00,16.93,2.16,24.61,23.24,14.03,6.35,5.88
12.91,17.33,18.36,11.55,18.78,21.25,9.92,11.23,6.63,6.57,15.44,14.10,14.46,13.92,1.86,11.88,9.45
11.90,17.27,12.01,21.76,16.39,21.32,9.82,30.53,18.92,25.04,27.31,8.52,27.57,25.58,21.00,7.80,10.18
14.96,19.91,20.38,8.63,21.24,23.98,10.20,12.31,3.95,8.67,18.33,15.61,11.60,10.97,2.05,12.24,10.02
9.46,13.96,14.90,13.91,15.34,18.03,8.06,13.33,8.75,7.85,13.99,10.89,17.54,16.75,5.34,9.76,7.29
17.51,24.18,21.38,9.16,24.48,28.82,8.85,24.77,9.08,20.77,28.36,15.58,14.91,12.69,14.39,9.41,9.86
24.68,26.19,29.61,20.84,28.19,28.37,24.02,3.10,18.23,8.82,16.14,26.93,19.39,20.59,13.19,25.93,23.45
13.24,18.36,18.65,9.49,19.62,22.52,8.59,13.18,4.40,8.89,17.69,13.85,13.06,12.22,2.75,10.62,8.35
10.97,17.34,15.77,10.51,18.02,21.93,3.22,18.98,6.41,14.15,20.76,10.13,15.81,14.21,8.68,5.17,3.59
7.80,14.26,10.45,17.48,14.06,18.79,4.28,24.70,13.86,19.23,22.35,4.91,23.07,21.30,15.27,2.31,4.43
0.76,6.84,4.90,21.53,6.98,11.45,8.73,22.32,16.79,16.61,16.21,2.82,26.36,25.05,15.34,8.24,7.84
19.52,26.11,23.70,6.99,26.57,30.74,10.86,24.20,8.32,20.73,29.18,17.88,12.51,10.25,14.15,11.74,11.78
9.49,5.75,11.21,26.32,7.82,7.01,16.75,18.65,21.16,13.93,7.27,12.85,29.69,29.08,16.86,17.16,15.68
6.55,12.05,7.30,21.10,11.40,16.31,7.61,26.47,17.21,20.81,22.04,3.18,26.59,24.89,17.81,5.88,7.38
4.51,11.21,8.80,17.49,11.46,15.85,4.27,21.53,13.05,15.91,18.42,3.20,22.62,21.14,12.91,3.89,3.46
12.29,7.32,13.16,29.20,9.14,6.48,19.81,20.04,24.06,15.86,6.96,15.59,32.36,31.86,19.49,20.17,18.73
5.63,1.39,4.54,26.51,1.74,5.78,14.32,23.63,21.53,18.22,14.03,8.13,30.91,29.83,18.89,13.92,13.36
4.76,6.25,0.92,25.37,5.11,10.04,12.08,26.10,20.77,20.43,18.34,4.91,30.36,28.97,19.50,11.06,11.36
23.04,23.46,27.54,23.39,25.53,25.08,24.02,4.48,19.96,8.20,12.19,25.70,22.86,23.76,14.24,25.76,23.29
15.54,21.24,16.09,21.22,20.44,25.38,11.43,32.49,19.30,27.23,30.66,12.19,27.07,24.93,22.44,9.64,12.11
14.10,20.69,16.83,14.67,20.54,25.25,6.80,27.04,12.89,22.17,27.54,11.38,20.52,18.41,16.68,5.92,7.81
24.85,30.85,29.80,3.68,31.79,35.25,17.00,21.38,8.82,19.92,30.34,24.14,4.53,2.42,13.83,18.53,17.60
23.95,25.45,28.87,20.55,27.44,27.64,23.39,2.40,17.80,8.10,15.47,26.22,19.32,20.44,12.64,25.29,22.81
4.28,5.56,8.11,21.88,7.12,9.70,11.20,18.53,16.77,12.98,11.25,7.62,25.91,24.99,13.59,11.54,10.13
17.51,16.42,21.19,24.90,18.52,17.48,21.04,9.84,20.35,8.16,4.40,20.63,26.16,26.41,14.45,22.38,20.10
11.67,16.32,17.12,11.87,17.70,20.35,8.73,12.34,6.78,7.37,15.38,12.79,15.23,14.53,3.09,10.65,8.20
12.06,9.67,14.82,25.44,11.77,10.74,17.86,15.19,20.38,11.07,3.52,15.42,28.12,27.81,15.30,18.69,16.80
23.19,28.19,28.58,6.47,29.54,32.15,17.22,14.21,7.63,13.85,24.86,23.53,4.26,5.19,9.17,19.16,17.38
11.86,18.33,16.49,9.98,18.92,22.93,3.60,19.80,6.35,15.12,21.92,10.76,15.47,13.75,9.41,5.31,4.24
14.51,21.10,17.24,14.58,20.95,25.67,7.14,27.25,12.94,22.41,27.89,11.80,20.42,18.29,16.86,6.32,8.16
21.79,23.53,26.77,18.97,25.49,25.92,21.18,0.27,15.89,5.92,14.26,24.02,18.26,19.18,10.54,23.07,20.59
12.11,16.53,17.55,12.08,17.97,20.47,9.44,11.63,7.06,6.69,15.01,13.35,15.18,14.58,2.67,11.35,8.90
12.78,19.17,14.90,16.80,18.82,23.64,6.85,27.80,14.52,22.66,27.04,9.76,22.64,20.59,17.65,5.33,7.67
23.72,27.71,29.16,11.35,29.33,31.20,19.42,9.71,10.70,11.04,22.05,24.77,8.98,10.32,8.98,21.45,19.30
16.89,23.57,20.61,10.05,23.81,28.22,8.29,25.11,9.59,20.94,28.19,14.84,15.83,13.64,14.68,8.68,9.33
14.75,12.77,17.86,25.65,14.87,13.60,19.64,13.06,20.76,9.89,1.30,18.04,27.71,27.65,15.21,20.70,18.62
7.70,1.10,6.21,28.27,1.87,3.66,16.36,24.11,23.24,18.90,13.38,10.27,32.50,31.51,20.22,16.02,15.39
23.19,24.88,28.17,19.60,26.86,27.21,22.45,1.62,16.81,7.31,15.31,25.40,18.49,19.56,11.66,24.36,21.88
12.59,18.47,17.76,8.71,19.44,22.90,6.13,16.31,3.85,11.89,19.83,12.43,13.44,12.11,5.86,8.14,6.19
10.33,16.60,15.28,10.96,17.35,21.16,3.29,18.27,6.54,13.34,19.80,9.75,16.07,14.57,8.10,5.32,3.35
19.39,25.73,24.06,3.76,26.44,30.27,11.09,21.20,5.54,18.14,27.31,18.30,9.52,7.35,11.52,12.46,11.82
13.39,18.29,18.82,9.93,19.62,22.37,9.20,12.42,4.94,8.13,17.12,14.18,13.20,12.49,2.04,11.22,8.89
18.84,22.13,24.19,13.27,23.87,25.39,16.37,5.82,10.11,5.05,16.13,20.44,13.39,13.92,5.21,18.36,15.96
21.25,27.51,25.99,2.73,28.28,32.02,13.04,21.46,6.44,18.88,28.50,20.24,7.98,5.72,12.32,14.43,13.73
12.90,19.51,15.80,14.47,19.42,24.09,5.57,26.03,12.27,21.08,26.28,10.26,20.31,18.27,15.73,4.67,6.56
8.96,15.33,13.84,12.39,16.00,19.91,2.27,18.81,7.96,13.65,19.29,8.31,17.51,16.02,8.95,4.26,2.01
6.72,13.35,10.12,16.87,13.36,17.95,3.32,23.16,12.92,17.66,20.85,4.32,22.31,20.63,13.89,1.86,3.14
24.66,30.54,29.71,3.48,31.55,34.88,17.04,20.31,8.41,19.03,29.57,24.12,3.43,1.24,13.08,18.66,17.57
23.82,24.38,28.38,23.37,26.44,26.04,24.53,4.35,20.12,8.71,13.18,26.42,22.60,23.58,14.50,26.31,23.83
23.80,30.11,28.46,4.38,30.85,34.64,15.47,23.38,8.97,21.18,31.03,22.67,7.83,5.60,14.72,16.75,16.22
11.43,8.16,13.59,26.48,10.22,8.88,18.01,17.03,21.36,12.76,4.86,14.82,29.43,29.01,16.56,18.64,16.93
20.58,22.13,25.49,19.15,24.11,24.48,20.41,1.19,15.75,4.79,12.84,22.91,18.89,19.65,10.12,22.25,19.77
12.75,19.41,15.92,13.70,19.41,24.02,5.03,25.26,11.43,20.35,25.79,10.27,19.54,17.51,14.93,4.41,6.06
11.28,16.19,10.71,23.06,15.16,20.08,10.58,30.84,19.95,25.26,26.80,7.96,28.82,26.89,21.62,8.54,10.78
12.10,11.07,15.66,23.32,13.16,12.82,16.75,12.88,18.32,8.61,4.04,15.32,25.78,25.54,13.03,17.81,15.72
12.06,17.92,17.26,9.26,18.90,22.34,5.84,16.20,4.35,11.64,19.37,11.97,13.94,12.63,5.80,7.88,5.83
13.49,20.04,17.90,9.15,20.55,24.66,4.92,21.04,6.47,16.60,23.75,12.10,14.87,12.98,10.57,6.21,5.76
8.99,8.74,12.77,22.03,10.75,11.42,14.04,14.55,16.90,9.45,6.85,12.20,25.12,24.62,12.26,14.94,12.99
13.21,19.38,18.17,8.06,20.20,23.90,5.73,17.92,3.94,13.61,21.46,12.61,13.28,11.71,7.45,7.62,6.10
15.66,22.34,19.50,10.00,22.61,26.99,7.03,24.15,8.89,19.85,26.93,13.70,15.84,13.71,13.69,7.53,8.06
7.99,1.32,6.59,28.46,2.23,3.34,16.64,24.03,23.41,18.87,13.13,10.61,32.65,31.68,20.31,16.34,15.66
22.50,27.75,27.84,4.90,29.02,31.83,16.12,15.22,6.49,14.32,25.18,22.64,3.84,4.07,9.03,18.03,16.36
9.32,15.77,14.09,12.18,16.39,20.38,1.89,19.32,7.92,14.21,19.93,8.46,17.42,15.86,9.34,3.93,1.96
19.00,24.92,24.07,2.25,25.89,29.31,11.55,17.82,2.95,15.15,24.94,18.52,7.50,5.80,8.62,13.29,12.00
3.69,4.88,1.96,24.81,4.20,9.06,11.85,24.59,20.07,18.95,16.66,5.00,29.63,28.33,18.38,11.10,11.02
18.66,22.81,24.10,10.07,24.37,26.47,14.74,8.98,7.22,7.50,18.49,19.75,10.54,10.85,3.93,16.78,14.51
16.35,22.99,19.30,13.45,22.93,27.59,8.45,27.54,12.55,22.98,29.17,13.77,19.23,17.03,17.07,8.02,9.52
22.87,22.64,27.07,25.11,24.74,23.88,24.67,6.53,21.42,9.12,10.68,25.71,24.90,25.70,15.54,26.31,23.87
9.88,16.50,13.00,15.30,16.46,21.10,3.34,24.39,12.11,19.15,23.53,7.33,21.00,19.13,14.44,1.77,4.08
14.02,16.87,19.23,15.18,18.64,20.14,13.40,7.87,10.62,2.44,11.97,16.03,17.04,16.97,4.70,15.20,12.72
2.31,5.84,6.77,21.35,6.89,10.38,9.80,19.79,16.35,14.14,13.22,5.65,25.72,24.64,13.86,9.90,8.76
18.99,21.24,24.10,16.66,23.13,24.01,18.08,2.98,13.15,3.25,13.45,21.08,16.77,17.37,7.55,19.97,17.50
18.93,24.75,24.06,2.55,25.77,29.11,11.69,17.14,2.64,14.55,24.45,18.58,7.30,5.77,8.07,13.49,12.09
14.45,20.44,15.56,19.54,19.80,24.72,9.74,30.77,17.52,25.56,29.33,11.18,25.38,23.27,20.68,8.01,10.46
26.84,32.83,31.79,5.66,33.78,37.22,18.96,22.56,10.76,21.48,32.06,26.12,4.63,3.29,15.56,20.47,19.57
16.22,18.50,21.31,16.41,20.37,21.41,15.85,5.44,12.26,0.62,11.71,18.39,17.48,17.72,6.29,17.66,15.18
21.69,27.86,26.54,1.87,28.70,32.33,13.65,20.85,6.32,18.51,28.36,20.83,6.93,4.68,12.03,15.13,14.29
16.04,21.01,21.46,7.88,22.34,25.06,11.02,12.27,3.64,9.10,19.12,16.64,10.54,9.99,2.63,13.06,10.92
13.87,19.87,18.95,7.36,20.78,24.32,6.78,17.00,2.85,12.90,21.22,13.48,12.34,10.87,6.55,8.71,7.05
21.65,27.23,26.87,2.67,28.36,31.47,14.69,16.79,5.26,15.21,25.75,21.48,4.34,3.28,9.27,16.51,15.04
25.37,30.60,30.69,6.37,31.88,34.66,18.82,16.74,9.23,16.61,27.62,25.45,1.70,3.52,11.77,20.68,19.11
2.85,5.70,2.60,23.80,5.23,10.03,10.78,24.17,19.10,18.49,16.86,3.94,28.67,27.35,17.60,10.02,9.96
16.78,21.94,22.17,6.72,23.21,26.06,11.21,13.11,2.81,10.21,20.29,17.18,9.51,8.87,3.79,13.23,11.22
4.12,10.78,8.12,18.20,10.93,15.41,4.89,22.09,13.79,16.44,18.53,2.46,23.36,21.86,13.60,4.27,4.14
12.85,6.25,11.47,32.36,6.99,2.25,21.34,25.04,27.22,20.55,12.09,15.65,36.08,35.34,23.34,21.21,20.32
22.07,22.73,26.66,22.26,24.79,24.53,22.85,3.50,18.78,7.03,11.91,24.67,21.88,22.71,13.04,24.61,22.13
9.27,10.05,13.57,20.49,11.99,13.00,13.24,13.26,15.39,7.96,7.54,12.28,23.49,23.02,10.62,14.33,12.22
19.29,24.80,24.56,3.67,25.96,29.03,12.66,15.43,3.04,13.22,23.51,19.26,6.66,5.70,7.00,14.56,12.92
14.98,21.57,17.69,14.54,21.42,26.14,7.56,27.53,13.07,22.74,28.32,12.26,20.38,18.23,17.11,6.77,8.58
23.74,30.08,28.36,4.59,30.80,34.62,15.37,23.60,9.07,21.35,31.13,22.57,8.16,5.92,14.86,16.62,16.14
20.86,25.04,26.31,9.91,26.60,28.66,16.57,9.40,8.21,9.17,20.27,21.86,9.16,9.89,6.11,18.61,16.42
13.28,7.64,13.48,30.86,9.20,5.67,21.12,21.68,25.70,17.59,8.28,16.49,34.08,33.56,21.22,21.37,20.06
10.35,9.42,13.87,22.97,11.49,11.56,15.45,14.13,17.88,9.38,5.40,13.60,25.81,25.42,12.95,16.38,14.40
5.17,11.54,10.27,16.07,12.19,16.15,4.10,19.24,11.35,13.64,16.95,5.21,20.93,19.59,10.66,4.81,3.03
9.75,8.32,12.95,23.63,10.40,10.40,15.46,15.29,18.50,10.50,5.78,13.07,26.65,26.18,13.78,16.26,14.40
22.83,28.77,27.85,1.61,29.74,33.15,15.15,19.73,6.70,17.96,28.27,22.24,4.71,2.48,11.76,16.77,15.69
15.20,21.14,20.30,6.05,22.09,25.56,8.07,16.84,1.62,13.11,21.96,14.84,10.99,9.52,6.56,9.96,8.39
13.96,20.64,17.24,12.84,20.68,25.26,5.89,25.41,11.01,20.68,26.61,11.57,18.69,16.60,14.99,5.59,6.96
8.05,3.10,8.78,26.85,5.15,5.06,16.13,20.89,21.71,15.89,9.93,11.25,30.64,29.85,17.99,16.23,15.08
5.28,6.63,0.90,25.72,5.35,10.26,12.37,26.66,21.17,20.99,18.86,5.17,30.76,29.34,19.99,11.27,11.68
9.02,15.66,12.30,15.45,15.67,20.27,2.78,23.80,12.01,18.49,22.67,6.56,21.09,19.27,13.98,0.93,3.37
11.56,14.83,16.83,15.08,16.50,18.39,11.22,10.34,10.13,4.73,11.93,13.53,17.77,17.37,4.90,12.93,10.46
15.36,21.41,16.57,19.33,20.79,25.71,10.23,31.18,17.57,26.05,30.12,12.11,25.16,23.02,20.99,8.61,11.02
18.94,23.58,24.38,8.01,25.02,27.44,14.09,11.02,5.62,9.37,20.21,19.69,8.77,8.88,4.44,16.12,14.01
25.81,31.90,30.67,4.84,32.79,36.34,17.78,22.75,10.00,21.29,31.66,24.96,5.49,3.63,15.16,19.22,18.43
21.82,24.82,27.13,14.71,26.62,27.87,19.34,4.85,12.38,7.05,17.62,23.48,13.58,14.59,8.13,21.34,18.96
12.79,9.26,14.82,27.41,11.29,9.45,19.29,17.00,22.32,13.09,3.96,16.17,30.17,29.83,17.34,19.96,18.22
10.22,16.89,13.69,14.24,16.98,21.52,2.71,23.63,11.06,18.48,23.33,7.92,19.93,18.07,13.57,1.85,3.63
20.72,21.32,25.26,21.92,23.37,23.14,21.78,3.88,18.20,6.03,10.65,23.37,21.91,22.61,12.34,23.49,21.03
11.14,17.66,15.70,10.82,18.21,22.28,2.77,20.13,7.12,15.30,21.69,9.95,16.30,14.59,9.81,4.48,3.46
11.43,17.46,16.54,9.80,18.35,21.94,4.87,17.03,5.10,12.32,19.58,11.15,14.69,13.29,6.70,6.90,4.89
23.31,26.81,28.71,13.28,28.53,30.07,19.87,7.41,11.86,9.44,20.23,24.67,11.33,12.59,8.88,21.91,19.63
3.13,5.74,7.36,21.45,7.01,10.15,10.28,19.18,16.40,13.56,12.40,6.47,25.69,24.67,13.62,10.51,9.23
20.33,26.80,24.78,5.11,27.40,31.39,11.80,23.05,7.36,19.96,28.96,18.96,10.52,8.25,13.34,12.94,12.63
26.99,27.75,31.66,24.42,29.81,29.43,27.11,6.09,21.76,11.46,16.48,29.48,22.83,24.10,16.54,28.96,26.48
22.85,29.25,27.36,4.88,29.91,33.82,14.38,23.82,8.78,21.27,30.78,21.56,9.17,6.89,14.70,15.55,15.18
11.58,14.66,16.81,15.48,16.36,18.16,11.53,10.20,10.55,4.54,11.52,13.64,18.11,17.75,5.25,13.21,10.75
6.37,10.39,4.95,23.75,9.35,14.28,10.18,27.61,19.66,21.90,21.66,3.84,29.14,27.51,19.64,8.61,9.78
13.52,19.82,18.35,7.97,20.56,24.37,5.62,18.82,4.38,14.54,22.29,12.69,13.40,11.71,8.35,7.38,6.14
6.53,0.78,6.35,26.69,2.87,4.95,15.08,22.50,21.63,17.24,12.30,9.43,30.85,29.89,18.51,14.90,14.08
14.02,20.26,15.71,17.90,19.79,24.66,8.46,29.40,15.91,24.27,28.53,10.88,23.74,21.64,19.22,6.90,9.27
15.35,20.98,15.78,21.52,20.15,25.09,11.50,32.55,19.51,27.26,30.54,11.99,27.36,25.24,22.55,9.66,12.14
22.91,27.73,28.33,7.26,29.14,31.63,17.26,13.20,7.79,12.99,24.04,23.40,5.23,6.21,8.62,19.24,17.36
12.09,18.73,15.19,14.21,18.70,23.33,4.63,25.19,11.71,20.19,25.34,9.55,20.02,18.03,14.94,3.79,5.62
19.22,20.94,24.17,18.30,22.90,23.43,19.03,2.38,14.67,3.39,12.25,21.52,18.42,19.04,8.92,20.86,18.38
10.99,15.08,16.40,13.60,16.58,18.95,9.49,11.71,8.53,6.33,13.63,12.54,16.75,16.15,4.08,11.28,8.80
23.64,26.13,28.85,17.10,28.02,28.88,21.69,3.88,14.91,8.14,17.74,25.50,15.49,16.70,10.52,23.68,21.26
18.63,23.40,24.06,7.50,24.80,27.32,13.57,11.56,4.99,9.67,20.39,19.28,8.64,8.60,4.33,15.60,13.52
14.25,15.96,19.11,17.98,17.88,18.72,15.21,7.44,13.39,2.13,9.32,16.72,19.66,19.69,7.49,16.85,14.41
9.96,16.64,13.46,14.34,16.73,21.26,2.52,23.50,11.09,18.33,23.09,7.68,20.02,18.17,13.48,1.59,3.42
25.28,30.40,30.63,6.83,31.72,34.41,18.92,16.07,9.30,16.09,27.13,25.46,2.44,4.21,11.45,20.81,19.17
3.27,3.67,3.64,24.39,3.80,8.22,11.93,23.03,19.50,17.44,14.85,5.74,28.98,27.80,17.32,11.48,11.00
23.22,26.00,28.50,15.94,27.84,28.90,20.91,4.60,13.86,8.07,18.16,24.96,14.35,15.54,9.71,22.91,20.52
25.71,31.82,30.57,4.79,32.70,36.26,17.67,22.78,9.94,21.29,31.64,24.85,5.60,3.70,15.13,19.10,18.32
4.49,9.14,9.85,18.07,10.33,13.50,7.76,17.21,13.00,11.49,13.25,6.72,22.30,21.27,10.45,8.53,6.69
3.36,8.33,8.73,18.85,9.39,12.80,7.82,18.29,13.84,12.57,13.67,5.77,23.22,22.13,11.53,8.32,6.74
7.04,8.00,11.24,20.90,9.84,11.41,12.09,15.49,15.74,10.04,8.92,10.18,24.38,23.70,11.65,12.91,11.03
19.55,19.92,23.98,22.11,21.99,21.68,21.06,5.00,18.13,5.62,9.21,22.28,22.47,23.04,12.18,22.71,20.27
25.43,26.00,30.01,24.15,28.07,27.62,25.95,5.27,21.15,10.17,14.65,28.01,23.00,24.12,15.69,27.76,25.28
24.82,30.20,30.10,5.36,31.42,34.33,18.06,17.22,8.54,16.74,27.67,24.79,1.31,2.53,11.57,19.89,18.39
13.47,12.25,16.98,23.90,14.35,13.69,17.93,12.24,18.98,8.48,3.09,16.68,26.08,25.96,13.49,19.05,16.92
10.50,15.55,10.18,22.47,14.59,19.53,9.82,29.99,19.26,24.41,26.01,7.15,28.21,26.31,20.81,7.79,9.98
25.80,31.18,31.07,6.04,32.41,35.30,18.98,17.84,9.49,17.58,28.54,25.74,0.59,2.70,12.52,20.79,19.33
17.52,24.19,21.41,9.06,24.50,28.83,8.86,24.69,8.99,20.70,28.32,15.61,14.81,12.60,14.32,9.44,9.86
5.91,5.03,8.91,23.22,6.93,8.57,12.98,18.32,18.08,12.97,9.74,9.29,27.02,26.22,14.44,13.37,11.91
8.71,5.46,10.70,25.56,7.56,7.31,15.91,18.41,20.40,13.54,7.64,12.08,29.01,28.37,16.21,16.32,14.83
8.03,14.11,13.22,13.20,14.95,18.63,3.61,17.58,8.40,12.25,17.56,8.04,17.98,16.67,8.17,5.36,2.88
22.90,28.05,28.25,5.51,29.35,32.09,16.65,14.92,7.02,14.26,25.18,23.11,3.79,4.38,9.20,18.57,16.86
10.07,16.45,14.90,11.36,17.12,21.04,2.62,18.92,7.09,13.93,20.12,9.29,16.58,15.02,8.78,4.64,2.80
14.26,19.56,14.19,22.55,18.62,23.55,11.54,32.48,20.15,27.07,29.65,10.87,28.39,26.32,22.73,9.57,12.04
15.63,13.21,18.49,26.83,15.29,13.63,20.77,13.74,21.95,10.91,0.26,18.95,28.81,28.79,16.37,21.80,19.74
3.58,8.86,9.01,18.32,9.87,13.36,7.26,18.25,13.33,12.53,14.08,5.66,22.74,21.63,11.19,7.82,6.19
12.35,6.88,12.74,29.94,8.55,5.46,20.16,21.16,24.79,16.92,8.06,15.58,33.23,32.67,20.37,20.41,19.09
26.81,27.39,31.40,24.89,29.46,28.96,27.19,6.30,22.10,11.45,15.92,29.37,23.44,24.67,16.77,29.02,26.54
1.63,8.11,5.71,20.55,8.21,12.72,7.54,22.35,15.91,16.63,17.03,1.83,25.49,24.12,14.86,6.97,6.69
23.44,24.34,28.14,22.18,26.38,26.22,23.75,3.17,19.03,7.99,13.62,25.94,21.35,22.34,13.50,25.57,23.09
4.78,3.54,7.07,23.87,5.24,7.70,12.75,20.09,18.78,14.66,11.39,8.11,27.96,27.02,15.62,12.85,11.70
17.19,22.66,22.48,5.25,23.82,26.89,10.88,14.68,1.50,11.79,21.70,17.27,8.79,7.81,5.28,12.84,11.04
2.85,4.14,3.57,24.03,4.22,8.69,11.49,23.00,19.16,17.38,15.11,5.27,28.66,27.46,17.10,11.02,10.57
23.99,29.70,29.14,3.29,30.79,33.97,16.69,18.76,7.60,17.60,28.25,23.65,2.59,0.72,11.81,18.41,17.14
10.72,5.98,11.76,27.99,7.91,6.04,18.29,19.79,22.83,15.29,7.47,14.02,31.32,30.74,18.48,18.62,17.22
4.71,5.47,8.37,22.13,7.13,9.49,11.61,18.36,17.01,12.85,10.82,8.07,26.09,25.21,13.69,11.98,10.54
21.18,23.76,26.40,16.04,25.62,26.62,19.44,3.12,13.26,5.79,15.96,23.07,15.28,16.18,8.37,21.41,18.97
13.79,18.65,19.23,9.76,19.99,22.70,9.58,12.16,4.85,8.02,17.23,14.59,12.89,12.23,1.71,11.60,9.29
18.37,19.57,23.12,19.57,21.58,21.85,19.03,3.82,15.62,3.26,10.37,20.87,20.06,20.55,9.69,20.76,18.29
18.64,20.56,23.65,17.63,22.49,23.17,18.29,2.95,13.93,2.77,12.33,20.88,17.90,18.46,8.16,20.13,17.65
25.11,25.86,29.76,23.42,27.92,27.60,25.43,4.61,20.47,9.69,14.76,27.63,22.26,23.38,15.06,27.25,24.77
12.29,17.99,17.55,9.20,19.04,22.37,6.45,15.52,4.16,11.02,18.98,12.37,13.67,12.46,5.12,8.48,6.36
23.91,28.98,29.28,6.34,30.31,32.98,17.73,15.02,8.11,14.75,25.76,24.16,3.40,4.55,10.02,19.65,17.94
13.60,19.37,18.82,7.82,20.39,23.75,7.21,15.77,2.81,11.64,20.12,13.53,12.38,11.11,5.31,9.22,7.30
17.09,19.58,22.25,15.80,21.43,22.55,16.21,4.86,11.88,1.77,12.79,19.14,16.56,16.91,6.03,18.08,15.60
9.07,7.00,11.84,24.34,9.09,9.07,15.46,16.65,19.19,11.79,6.57,12.44,27.57,27.02,14.72,16.09,14.38
26.40,27.37,31.15,23.43,29.41,29.19,26.30,5.24,20.80,10.74,16.40,28.82,21.85,23.11,15.64,28.17,25.68
7.98,14.23,13.04,13.25,14.98,18.80,2.89,18.28,8.59,12.96,18.16,7.70,18.18,16.79,8.77,4.66,2.18
20.88,25.83,26.28,6.27,27.19,29.81,15.18,13.02,5.78,11.92,22.80,21.31,6.18,6.41,6.84,17.17,15.27
13.71,19.78,18.75,7.51,20.66,24.26,6.46,17.36,3.18,13.20,21.38,13.24,12.60,11.08,6.90,8.37,6.77
12.04,17.61,17.37,9.66,18.70,21.94,6.70,14.97,4.54,10.39,18.32,12.31,13.93,12.81,4.64,8.74,6.52
12.88,18.55,18.15,8.67,19.61,22.91,6.94,15.35,3.59,11.01,19.27,12.96,13.08,11.89,4.89,8.97,6.90
10.04,8.96,13.46,23.17,11.03,11.10,15.38,14.59,18.06,9.81,5.59,13.32,26.10,25.67,13.23,16.26,14.33
21.70,27.19,26.95,3.23,28.36,31.39,14.90,16.29,5.37,14.83,25.45,21.62,4.25,3.50,9.02,16.75,15.22
11.93,15.90,17.34,13.28,17.44,19.69,10.22,10.88,8.32,5.65,13.75,13.49,16.15,15.66,3.33,12.07,9.58
14.14,14.37,18.40,21.24,16.41,16.46,16.94,9.21,16.50,5.23,5.93,17.05,23.05,23.06,10.74,18.34,16.02
2.47,9.04,7.59,18.79,9.53,13.68,6.29,20.57,14.05,14.87,16.27,3.26,23.62,22.31,12.87,6.24,5.31
7.47,2.87,8.38,26.35,4.96,5.42,15.55,20.76,21.22,15.67,10.16,10.68,30.19,29.38,17.59,15.65,14.50
20.96,23.71,26.21,15.39,25.54,26.66,18.98,3.75,12.63,5.81,16.26,22.76,14.67,15.54,7.86,20.96,18.53
18.27,24.14,23.37,3.05,25.14,28.53,10.96,17.28,2.14,14.45,24.15,17.86,8.04,6.46,7.89,12.75,11.36
13.18,8.67,14.46,29.07,10.56,7.98,20.30,18.96,23.94,15.06,5.54,16.53,31.98,31.58,19.12,20.80,19.22
21.58,25.78,27.03,9.90,27.34,29.41,17.16,9.72,8.59,9.82,20.93,22.55,8.71,9.59,6.83,19.20,17.04
12.36,18.97,16.62,10.53,19.39,23.61,3.69,21.50,7.57,16.81,23.35,10.80,16.22,14.35,11.08,4.84,4.63
6.71,13.27,9.82,17.36,13.20,17.85,3.84,23.67,13.46,18.15,21.12,4.07,22.83,21.14,14.44,2.23,3.70
14.81,20.81,19.89,6.41,21.73,25.25,7.59,17.10,2.11,13.25,21.91,14.39,11.45,9.95,6.75,9.47,7.92
11.58,5.67,11.49,30.01,7.20,4.03,19.68,22.14,24.85,17.67,9.39,14.70,33.51,32.86,20.71,19.80,18.63
13.46,9.85,15.45,27.85,11.86,9.82,19.91,16.98,22.78,13.26,3.58,16.84,30.51,30.22,17.71,20.61,18.84
16.55,22.39,21.70,4.81,23.40,26.76,9.50,16.52,0.64,13.24,22.60,16.26,9.56,8.14,6.61,11.38,9.82
8.60,15.00,11.01,17.54,14.74,19.51,4.69,25.38,14.12,19.94,23.20,5.61,23.19,21.37,15.82,2.65,4.99
23.28,26.73,28.67,13.41,28.46,29.97,19.90,7.24,11.94,9.33,20.10,24.66,11.49,12.74,8.88,21.93,19.65
9.22,14.42,14.65,12.92,15.61,18.70,6.40,14.75,7.79,9.42,15.63,10.11,17.01,16.01,5.73,8.20,5.72
24.72,27.08,29.90,18.01,28.99,29.73,22.85,4.32,15.99,9.11,18.31,26.62,16.11,17.43,11.68,24.84,22.42
6.97,13.16,12.12,14.25,13.93,17.72,3.46,18.21,9.50,12.76,17.34,6.96,19.08,17.74,9.10,4.90,2.51
16.03,22.72,19.47,11.51,22.84,27.36,7.64,25.76,10.59,21.35,28.05,13.76,17.33,15.15,15.29,7.69,8.71
17.99,22.88,23.41,7.18,24.25,26.87,12.78,12.02,4.25,9.77,20.31,18.57,8.89,8.63,3.98,14.81,12.75
13.23,19.50,15.02,17.66,19.06,23.92,7.74,28.73,15.47,23.56,27.73,10.11,23.51,21.44,18.60,6.13,8.52
3.76,4.36,6.84,22.86,5.78,8.73,11.60,19.89,17.80,14.36,12.02,7.12,27.05,26.06,14.87,11.70,10.55
26.20,31.85,31.37,5.41,32.97,36.09,18.91,19.76,9.80,19.14,29.98,25.88,1.52,1.58,13.68,20.61,19.36
20.34,25.94,25.57,2.70,27.07,30.20,13.45,16.32,3.96,14.35,24.72,20.19,5.63,4.50,8.21,15.29,13.78
19.90,20.14,24.28,22.60,22.21,21.80,21.54,5.27,18.64,6.13,9.16,22.67,22.92,23.51,12.69,23.18,20.73
22.12,26.23,27.56,10.39,27.81,29.80,17.79,9.51,9.22,9.99,21.08,23.13,8.88,9.89,7.37,19.83,17.66
7.71,12.74,7.56,22.17,11.88,16.82,8.81,27.90,18.44,22.24,23.24,4.44,27.73,25.98,19.21,6.96,8.67
6.29,12.74,11.20,15.05,13.34,17.36,2.93,19.42,10.46,13.93,17.94,5.83,20.05,18.63,10.36,3.93,1.85
1.50,6.15,6.32,21.17,6.97,10.76,9.27,20.34,16.23,14.66,14.04,4.83,25.68,24.53,14.04,9.25,8.25
17.65,24.35,21.17,10.84,24.50,28.99,9.16,26.27,10.71,22.11,29.28,15.45,16.55,14.32,15.85,9.35,10.22
2.19,8.22,5.18,21.07,8.10,12.76,7.86,23.21,16.52,17.49,17.72,1.24,26.11,24.69,15.65,7.08,7.08
4.72,3.48,2.48,25.93,2.65,7.52,13.20,24.64,21.10,19.08,15.87,6.51,30.61,29.39,19.03,12.55,12.33
21.35,27.86,25.70,5.81,28.41,32.46,12.76,24.15,8.53,21.14,30.17,19.87,10.85,8.56,14.52,13.79,13.62
18.41,20.29,23.40,17.70,22.23,22.90,18.15,3.17,13.94,2.55,12.08,20.67,18.05,18.58,8.13,19.98,17.50
15.89,21.42,16.14,22.14,20.54,25.48,12.19,33.25,20.19,27.95,31.14,12.52,27.98,25.85,23.25,10.35,12.83
23.82,29.75,28.83,2.60,30.72,34.12,16.12,20.23,7.66,18.68,29.09,23.22,4.18,1.89,12.58,17.72,16.67
26.40,27.12,31.05,24.23,29.18,28.79,26.64,5.69,21.46,10.94,15.84,28.92,22.79,24.01,16.16,28.48,25.99
13.20,9.82,15.35,27.39,11.85,10.00,19.53,16.59,22.32,12.81,3.39,16.58,30.03,29.74,17.23,20.25,18.46
15.83,16.00,20.10,21.62,18.06,17.91,18.29,7.91,17.08,4.96,6.36,18.71,23.00,23.18,11.16,19.77,17.40
20.95,27.24,25.65,3.04,27.99,31.77,12.69,21.59,6.39,18.90,28.41,19.89,8.40,6.14,12.32,14.06,13.40
4.03,10.66,7.84,18.52,10.74,15.27,5.16,22.39,14.13,16.74,18.66,2.13,23.69,22.19,13.95,4.42,4.44
8.57,11.14,13.56,17.90,12.86,14.72,10.88,13.03,12.77,7.35,10.11,11.11,21.14,20.55,8.36,12.16,9.90
7.09,8.49,11.50,20.31,10.29,11.98,11.69,15.13,15.15,9.62,9.20,10.13,23.79,23.11,11.06,12.58,10.63
26.37,27.84,31.29,21.84,29.84,29.94,25.60,4.79,19.52,10.51,17.52,28.62,19.99,21.33,14.67,27.53,25.06
15.61,22.25,18.56,13.58,22.18,26.85,7.79,27.17,12.39,22.53,28.53,13.02,19.39,17.22,16.72,7.29,8.85
13.44,17.47,18.86,12.27,19.02,21.23,11.02,10.08,7.52,5.41,14.69,14.85,14.76,14.40,1.90,12.95,10.49
20.86,26.19,26.18,4.21,27.42,30.33,14.45,14.98,4.82,13.47,24.12,20.96,5.24,4.82,7.74,16.36,14.67
17.37,23.11,22.56,4.24,24.16,27.44,10.46,16.14,0.97,13.16,22.85,17.17,8.65,7.33,6.58,12.35,10.76
23.05,29.40,27.66,4.29,30.11,33.94,14.67,23.29,8.52,20.90,30.58,21.87,8.37,6.09,14.37,15.92,15.44
23.60,27.55,29.04,11.49,29.18,31.03,19.38,9.48,10.73,10.82,21.83,24.68,9.19,10.52,8.88,21.42,19.25
16.15,20.82,21.59,8.87,22.23,24.75,11.71,11.11,4.80,8.02,18.27,16.97,11.04,10.71,1.83,13.75,11.51
11.02,15.38,16.46,12.99,16.82,19.34,8.98,12.12,7.89,6.87,14.31,12.39,16.28,15.61,3.81,10.82,8.34
15.74,13.15,18.48,27.19,15.21,13.44,21.01,14.11,22.30,11.30,0.25,19.07,29.19,29.16,16.74,22.01,19.98
22.32,28.57,27.07,2.91,29.35,33.07,14.12,21.91,7.29,19.56,29.35,21.32,7.43,5.14,13.07,15.50,14.82
21.35,20.87,25.41,25.06,22.97,22.02,23.64,7.23,21.09,8.53,8.81,24.28,25.28,25.92,15.13,25.21,22.80
12.16,6.45,12.29,30.15,8.03,4.79,20.12,21.72,25.00,17.40,8.72,15.33,33.53,32.94,20.69,20.30,19.05
10.86,8.53,13.60,25.02,10.63,9.93,16.90,15.78,19.91,11.34,4.76,14.22,27.92,27.52,15.06,17.66,15.84
10.75,12.46,15.51,18.57,14.33,15.52,12.99,11.05,13.56,5.55,8.58,13.41,21.22,20.88,8.38,14.38,12.06
22.33,27.48,27.68,5.32,28.78,31.54,16.11,14.68,6.49,13.84,24.72,22.54,4.26,4.61,8.66,18.04,16.31
16.21,14.52,19.52,25.66,16.62,15.33,20.57,11.82,20.91,9.33,2.21,19.44,27.35,27.44,15.16,21.75,19.58
4.27,10.35,9.61,17.01,11.14,14.92,5.46,18.77,12.15,13.10,15.71,5.16,21.69,20.44,10.79,6.08,4.39
18.93,24.41,24.21,4.02,25.58,28.63,12.40,15.14,2.77,12.85,23.11,18.95,7.03,6.11,6.60,14.32,12.63
12.91,19.37,15.23,16.21,19.08,23.87,6.58,27.44,13.99,22.35,26.96,9.97,22.05,19.99,17.24,5.20,7.46
12.16,13.59,16.87,18.82,15.52,16.41,14.18,9.76,13.95,4.45,8.13,14.83,21.10,20.91,8.41,15.64,13.28
14.53,16.42,19.47,17.52,18.33,19.25,15.17,7.08,12.99,1.60,9.87,16.93,19.13,19.18,7.06,16.85,14.39
25.13,27.02,30.18,19.82,28.98,29.40,23.90,3.75,17.54,9.28,17.46,27.23,18.05,19.35,12.85,25.85,23.40
2.41,7.32,3.87,22.37,6.98,11.75,9.15,23.95,17.79,18.23,17.68,2.18,27.38,25.97,16.73,8.30,8.39
10.13,6.83,12.20,26.04,8.92,8.01,17.00,17.68,20.89,13.09,6.19,13.51,29.23,28.70,16.36,17.53,15.92
5.63,6.06,0.24,26.35,4.64,9.51,13.07,26.77,21.75,21.13,18.55,5.89,31.34,29.95,20.38,12.03,12.35
5.72,10.87,6.04,21.87,10.16,15.08,8.31,26.31,17.81,20.61,21.24,2.55,27.28,25.63,18.00,6.74,7.93
11.76,16.45,10.88,23.75,15.35,20.25,11.30,31.51,20.67,25.91,27.29,8.47,29.52,27.58,22.32,9.26,11.49
21.96,25.26,27.33,13.67,27.01,28.44,19.01,6.03,11.61,7.76,18.55,23.47,12.40,13.43,7.84,21.03,18.69
1.41,5.51,4.25,22.63,5.70,10.12,10.01,22.43,17.81,16.75,15.48,4.00,27.34,26.09,16.00,9.57,9.09
14.40,20.20,15.15,20.51,19.46,24.39,10.30,31.36,18.38,26.08,29.49,11.07,26.36,24.25,21.36,8.48,10.95
22.14,26.19,27.59,10.66,27.79,29.74,17.92,9.25,9.43,9.83,20.92,23.20,9.15,10.17,7.40,19.96,17.78
16.55,21.78,21.92,6.62,23.03,25.92,10.88,13.40,2.50,10.38,20.35,16.90,9.65,8.92,3.89,12.90,10.90
15.23,13.16,18.30,26.01,15.25,13.86,20.12,13.08,21.15,10.11,1.00,18.52,27.99,27.97,15.55,21.19,19.10
11.87,9.87,14.86,24.79,11.97,11.19,17.40,14.62,19.73,10.42,3.66,15.19,27.44,27.14,14.63,18.28,16.35
13.21,7.16,12.90,31.50,8.50,4.53,21.32,22.87,26.34,18.66,9.57,16.31,34.88,34.29,22.04,21.44,20.26
8.77,7.03,11.71,23.92,9.11,9.31,15.04,16.47,18.77,11.53,6.81,12.13,27.18,26.62,14.34,15.69,13.97
19.45,23.54,24.89,10.23,25.12,27.16,15.50,8.80,7.74,7.85,18.92,20.55,10.25,10.72,4.72,17.54,15.29
17.33,17.66,21.71,21.57,19.72,19.54,19.29,6.46,17.26,4.71,7.56,20.13,22.53,22.87,11.27,20.86,18.44
10.64,16.77,12.23,18.59,16.28,21.15,6.71,27.66,15.66,22.27,25.53,7.41,24.36,22.41,17.91,4.73,7.20
22.93,26.42,28.33,13.17,28.14,29.68,19.54,7.21,11.62,9.08,19.90,24.30,11.40,12.60,8.52,21.58,19.29
15.01,14.74,19.06,22.41,16.82,16.50,18.15,9.38,17.71,6.09,5.03,18.02,24.07,24.15,11.91,19.52,17.21
11.39,7.92,13.41,26.73,9.97,8.54,18.10,17.38,21.60,13.10,5.12,14.77,29.71,29.28,16.85,18.70,17.03
22.89,25.06,28.01,17.95,26.98,27.65,21.53,2.32,15.36,7.14,16.27,24.92,16.73,17.82,10.50,23.47,21.02
8.11,1.42,6.94,28.41,2.63,3.25,16.73,23.73,23.35,18.59,12.72,10.81,32.55,31.60,20.15,16.47,15.73
24.25,25.01,28.90,22.97,27.06,26.78,24.65,4.00,19.88,8.87,14.01,26.78,22.00,23.05,14.39,26.46,23.98
12.13,18.81,15.44,13.58,18.84,23.42,4.32,24.65,11.07,19.70,25.08,9.74,19.39,17.40,14.36,3.77,5.35
27.62,28.11,32.18,25.63,30.18,29.60,28.04,7.13,22.90,12.30,16.48,30.19,24.06,25.33,17.60,29.87,27.38
16.59,20.52,22.02,11.31,22.12,24.14,13.48,8.46,7.48,5.61,16.36,17.91,12.62,12.67,2.28,15.48,13.11
5.64,11.67,7.54,19.88,11.29,16.11,6.31,24.99,15.85,19.34,20.95,2.31,25.30,23.64,16.31,4.76,5.98
4.56,11.11,9.48,16.79,11.63,15.75,4.26,20.08,12.15,14.45,17.30,4.30,21.74,20.35,11.58,4.56,3.24
9.02,6.92,11.77,24.38,9.01,8.99,15.45,16.73,19.23,11.86,6.63,12.40,27.62,27.07,14.78,16.08,14.38
16.90,17.09,21.21,21.81,19.16,18.93,19.12,7.07,17.41,4.96,6.97,19.75,22.91,23.20,11.44,20.64,18.25
10.80,10.81,14.83,21.52,12.84,13.24,14.89,12.53,16.48,7.65,5.96,13.89,24.18,23.85,11.35,16.01,13.87
16.98,23.28,21.73,4.99,24.02,27.83,8.82,19.89,4.02,16.36,25.10,16.00,10.78,8.83,9.78,10.33,9.48
10.79,12.09,15.40,19.30,14.01,15.01,13.49,11.27,14.29,5.91,7.88,13.57,21.93,21.60,9.09,14.82,12.54
11.40,18.08,14.83,13.63,18.16,22.71,3.56,24.08,10.83,19.06,24.31,9.08,19.40,17.46,13.85,3.03,4.58
18.30,20.07,23.26,17.99,22.02,22.64,18.21,3.29,14.17,2.49,11.73,20.61,18.39,18.90,8.33,20.02,17.54
12.11,18.76,16.26,11.08,19.13,23.40,3.43,21.94,8.15,17.18,23.48,10.43,16.79,14.91,11.55,4.38,4.43
9.36,2.69,8.04,29.50,3.59,2.07,17.96,24.12,24.41,19.13,12.52,12.08,33.53,32.64,21.03,17.73,16.96
2.74,4.43,3.35,23.95,4.39,8.95,11.32,23.20,19.12,17.57,15.44,4.98,28.64,27.41,17.16,10.79,10.41
10.84,17.51,14.86,12.39,17.81,22.16,2.24,22.14,9.14,17.16,22.82,9.03,18.04,16.21,11.91,2.97,3.30
22.00,22.47,26.51,22.80,24.54,24.16,23.05,4.16,19.23,7.26,11.41,24.67,22.51,23.32,13.44,24.78,22.31
16.86,22.09,22.23,6.39,23.34,26.24,11.13,13.45,2.50,10.55,20.60,17.19,9.33,8.62,4.11,13.14,11.17
13.58,14.12,17.96,20.56,16.14,16.42,16.19,9.26,15.79,4.85,6.50,16.44,22.49,22.45,10.07,17.61,15.27
15.28,12.15,17.65,27.96,14.18,12.12,21.09,15.51,22.99,12.44,1.53,18.65,30.18,30.07,17.58,21.96,20.04
10.31,16.85,14.85,11.61,17.37,21.48,1.96,20.17,7.75,15.20,21.19,9.11,17.04,15.37,9.98,3.80,2.61
16.60,22.27,21.82,5.12,23.35,26.58,9.92,15.61,0.35,12.42,21.99,16.49,9.37,8.15,5.81,11.85,10.15
6.17,12.86,10.07,16.49,13.02,17.49,2.95,22.14,12.34,16.62,19.88,4.26,21.82,20.22,12.98,2.21,2.46
8.26,13.01,7.64,22.83,12.04,16.97,9.52,28.63,19.15,22.96,23.77,5.06,28.42,26.65,19.96,7.65,9.41
16.76,16.82,21.01,22.09,18.89,18.59,19.16,7.47,17.65,5.27,6.57,19.65,23.25,23.52,11.69,20.66,18.28
18.29,23.98,23.50,3.56,25.06,28.29,11.39,16.13,1.89,13.47,23.40,18.11,7.72,6.43,6.99,13.26,11.70
16.01,19.40,21.36,13.21,21.10,22.80,13.97,7.24,9.14,3.67,14.47,17.67,14.51,14.62,3.31,15.92,13.47
22.78,23.30,27.32,23.01,25.36,24.98,23.67,4.11,19.58,7.85,12.18,25.42,22.50,23.39,13.86,25.42,22.95
5.91,11.09,6.23,21.83,10.37,15.29,8.27,26.43,17.80,20.74,21.44,2.71,27.25,25.60,18.07,6.67,7.92
13.16,19.01,14.05,20.04,18.31,23.24,9.24,30.28,17.64,24.96,28.24,9.83,25.88,23.82,20.38,7.36,9.84
19.43,20.84,24.28,19.26,22.83,23.17,19.64,2.50,15.56,3.84,11.62,21.84,19.38,20.00,9.76,21.43,18.95
11.93,6.87,12.72,29.11,8.68,6.07,19.54,20.26,23.96,15.99,7.32,15.22,32.34,31.81,19.48,19.87,18.47
11.20,17.45,16.15,10.09,18.22,22.00,3.93,18.16,5.74,13.40,20.31,10.60,15.24,13.72,7.84,5.93,4.14
21.61,26.46,27.03,6.83,27.86,30.39,16.03,12.78,6.65,12.08,23.05,22.11,5.97,6.51,7.38,18.02,16.11
19.05,23.84,24.48,7.28,25.24,27.77,13.88,11.74,5.10,10.03,20.80,19.67,8.22,8.22,4.78,15.90,13.86
20.74,23.46,25.99,15.45,25.30,26.40,18.84,3.63,12.61,5.56,16.01,22.57,14.82,15.66,7.74,20.81,18.38
12.20,18.87,15.53,13.46,18.92,23.49,4.32,24.59,10.96,19.65,25.09,9.82,19.27,17.28,14.29,3.83,5.36
8.63,15.28,12.93,13.62,15.65,19.92,0.06,21.06,9.67,15.82,20.73,7.15,19.04,17.38,11.21,2.02,1.03
19.76,19.54,23.92,23.72,21.63,20.94,21.96,6.67,19.61,7.01,8.02,22.65,24.21,24.74,13.63,23.52,21.11
16.96,18.48,21.81,18.51,20.45,20.99,17.49,4.80,14.37,1.81,10.23,19.40,19.38,19.72,8.39,19.23,16.76
20.59,25.67,25.96,5.58,26.99,29.71,14.67,13.59,5.17,12.24,23.02,20.91,6.04,6.02,6.84,16.64,14.79
10.97,16.43,11.27,21.30,15.61,20.54,9.05,29.64,18.29,24.13,26.36,7.58,27.07,25.13,20.20,7.01,9.35
2.15,4.96,3.65,23.37,5.00,9.51,10.71,22.93,18.55,17.27,15.53,4.45,28.08,26.83,16.68,10.20,9.81
16.17,22.86,19.72,11.03,23.02,27.50,7.69,25.45,10.18,21.10,27.96,13.98,16.84,14.66,14.98,7.87,8.76
8.06,6.03,10.75,24.20,8.11,8.50,14.79,17.40,19.04,12.38,7.66,11.45,27.64,27.00,14.84,15.32,13.72
7.76,12.14,13.16,15.50,13.52,16.26,7.88,14.40,10.35,8.74,13.21,9.49,19.32,18.46,7.14,9.32,6.96
13.17,11.67,16.51,24.32,13.77,13.01,17.96,12.94,19.36,9.11,2.85,16.42,26.61,26.45,13.95,19.01,16.94
17.20,17.23,21.44,22.27,19.30,18.95,19.55,7.24,17.88,5.42,6.76,20.08,23.33,23.64,11.91,21.06,18.67
10.78,16.20,11.03,21.40,15.37,20.31,9.05,29.58,18.34,24.05,26.19,7.39,27.17,25.23,20.18,7.02,9.33
16.80,22.90,21.77,4.48,23.77,27.37,9.12,18.24,2.36,14.85,23.92,16.16,9.94,8.21,8.24,10.84,9.62
5.21,2.05,3.90,26.24,1.89,6.35,13.88,23.87,21.31,18.41,14.57,7.55,30.73,29.61,18.84,13.41,12.95
2.04,8.66,7.15,19.24,9.11,13.31,6.67,20.84,14.50,15.13,16.23,3.03,24.07,22.75,13.27,6.52,5.71
17.11,23.80,20.36,12.11,23.84,28.42,8.85,26.96,11.62,22.61,29.33,14.72,17.85,15.63,16.49,8.75,9.92
24.42,27.70,29.79,14.55,29.46,30.82,21.21,7.15,13.26,10.03,20.53,25.88,12.25,13.65,10.15,23.25,20.95
15.49,21.70,20.38,5.93,22.50,26.21,7.65,18.64,3.08,14.85,23.39,14.73,11.44,9.69,8.34,9.35,8.18
8.59,14.91,10.78,17.98,14.59,19.39,5.12,25.74,14.57,20.28,23.35,5.51,23.64,21.81,16.23,3.09,5.39
11.65,5.10,10.53,31.15,6.06,1.89,20.11,24.21,26.01,19.58,11.60,14.50,34.91,34.14,22.20,20.01,19.09
7.11,11.43,5.99,23.44,10.41,15.34,9.93,28.06,19.50,22.36,22.52,4.24,28.92,27.23,19.81,8.23,9.63
20.86,23.75,26.15,14.88,25.57,26.77,18.68,4.26,12.18,5.96,16.57,22.60,14.17,15.03,7.52,20.67,18.26
13.82,7.50,13.06,32.51,8.59,4.14,22.09,24.04,27.36,19.83,10.65,16.82,35.97,35.35,23.14,22.13,21.04
19.93,23.08,25.26,13.83,24.84,26.25,17.49,5.20,10.97,5.62,16.55,21.56,13.47,14.18,6.31,19.49,17.09
18.47,23.75,23.82,5.24,24.99,27.89,12.41,13.95,3.00,11.65,22.00,18.69,7.68,7.04,5.50,14.38,12.54
0.81,6.68,4.76,21.70,6.81,11.28,8.90,22.39,16.95,16.68,16.17,2.92,26.52,25.21,15.47,8.40,8.01
14.09,20.77,17.43,12.57,20.84,25.40,5.93,25.27,10.79,20.57,26.61,11.74,18.41,16.33,14.83,5.72,7.00
14.32,20.96,17.33,13.67,20.91,25.56,6.57,26.38,11.99,21.61,27.34,11.75,19.52,17.41,15.97,6.00,7.62
17.36,21.27,22.78,11.16,22.88,24.87,14.09,8.25,7.63,5.95,16.86,18.64,12.13,12.30,2.91,16.11,13.75
14.55,20.97,16.68,16.52,20.63,25.45,8.11,28.75,14.79,23.76,28.61,11.56,22.37,20.23,18.44,6.84,9.03
12.77,19.43,16.83,10.86,19.77,24.08,4.10,22.40,8.25,17.73,24.17,11.00,16.63,14.69,11.98,4.89,5.12
12.67,19.28,15.61,14.44,19.20,23.87,5.33,25.83,12.16,20.86,26.04,10.04,20.28,18.24,15.55,4.42,6.32
4.15,3.06,3.36,25.29,2.92,7.47,12.80,23.62,20.40,18.08,14.96,6.43,29.87,28.70,18.15,12.29,11.88
26.48,27.37,31.20,23.74,29.42,29.14,26.49,5.45,21.08,10.88,16.30,28.94,22.19,23.44,15.88,28.35,25.86
21.15,25.35,26.59,9.84,26.91,28.98,16.78,9.58,8.32,9.47,20.57,22.13,8.92,9.71,6.40,18.82,16.65
15.22,20.71,20.53,6.84,21.86,24.98,9.19,14.54,1.77,10.95,20.29,15.37,10.76,9.72,4.34,11.19,9.25
9.92,16.38,14.64,11.66,16.99,20.99,2.12,19.44,7.53,14.43,20.42,8.98,16.96,15.36,9.33,4.13,2.44
14.86,13.37,18.26,24.79,15.47,14.47,19.28,11.97,19.96,8.84,2.27,18.09,26.72,26.71,14.32,20.43,18.28
13.04,19.45,15.19,16.68,19.11,23.93,6.99,27.89,14.48,22.78,27.25,10.04,22.53,20.46,17.71,5.52,7.83
10.82,12.19,15.45,19.16,14.11,15.13,13.43,11.18,14.16,5.81,8.00,13.58,21.79,21.46,8.95,14.77,12.48
17.84,23.03,23.21,5.94,24.30,27.15,12.04,13.41,2.97,10.92,21.22,18.17,8.42,7.83,4.71,14.04,12.11
16.06,21.10,15.56,24.16,20.03,24.93,13.52,34.49,21.98,29.07,31.52,12.69,30.01,27.90,24.70,11.57,14.04
16.10,22.78,19.36,12.27,22.82,27.40,7.88,26.44,11.34,21.96,28.45,13.70,18.07,15.89,15.97,7.73,8.96
21.01,23.57,26.22,16.07,25.44,26.42,19.33,3.04,13.22,5.60,15.78,22.91,15.37,16.25,8.28,21.29,18.84
18.34,23.34,23.74,6.53,24.67,27.37,12.84,12.61,3.94,10.44,20.96,18.80,8.30,7.98,4.58,14.85,12.86
13.58,20.11,18.04,8.91,20.65,24.73,5.05,20.83,6.20,16.42,23.67,12.25,14.62,12.74,10.35,6.41,5.87
11.84,13.69,16.69,18.02,15.57,16.71,13.44,9.85,13.12,4.32,8.95,14.39,20.40,20.16,7.65,14.94,12.56
15.99,16.79,20.55,20.21,18.81,19.00,17.68,6.67,15.78,3.42,7.93,18.70,21.45,21.67,9.81,19.26,16.84
20.75,24.68,26.19,10.96,26.30,28.19,16.91,8.30,8.96,8.33,19.43,21.92,10.22,10.98,6.08,18.95,16.70
3.86,8.08,3.49,23.11,7.37,12.28,9.67,25.37,18.67,19.65,19.03,2.47,28.25,26.77,17.95,8.53,9.02
6.48,10.44,4.95,23.86,9.38,14.30,10.30,27.73,19.78,22.02,21.75,3.97,29.26,27.62,19.77,8.72,9.90
12.84,18.79,13.95,19.48,18.16,23.08,8.67,29.72,17.05,24.41,27.82,9.55,25.32,23.27,19.80,6.81,9.29
20.92,20.51,25.01,24.70,22.60,21.73,23.19,7.05,20.69,8.12,8.58,23.84,24.99,25.60,14.72,24.76,22.35
16.54,19.54,21.81,14.30,21.31,22.76,14.99,6.11,10.33,2.73,13.78,18.37,15.31,15.54,4.51,16.91,14.44
15.09,18.16,20.37,14.34,19.91,21.47,13.81,7.25,10.01,2.60,13.09,16.95,15.89,15.92,4.02,15.69,13.21
23.83,26.57,29.10,16.30,28.42,29.44,21.50,4.84,14.35,8.61,18.57,25.57,14.50,15.76,10.29,23.50,21.12
9.17,13.90,14.62,13.73,15.22,18.05,7.48,13.87,8.58,8.41,14.43,10.46,17.53,16.67,5.58,9.20,6.72
23.51,29.73,28.26,3.46,30.53,34.23,15.31,22.41,8.27,20.32,30.28,22.51,6.92,4.66,13.90,16.69,16.01
8.00,1.74,7.60,27.82,3.55,3.76,16.47,22.64,22.72,17.56,11.63,10.93,31.82,30.93,19.32,16.35,15.46
18.48,25.14,22.38,8.76,25.46,29.78,9.81,25.06,9.25,21.23,29.09,16.58,14.41,12.16,14.77,10.41,10.81
16.51,14.73,19.78,25.97,16.82,15.45,20.91,11.93,21.23,9.58,2.20,19.75,27.61,27.72,15.46,22.09,19.92
4.91,2.04,4.14,25.86,2.29,6.52,13.59,23.42,20.91,17.95,14.24,7.40,30.32,29.21,18.39,13.18,12.64
14.04,7.88,13.54,32.35,9.10,4.82,22.18,23.47,27.20,19.37,9.98,17.10,35.71,35.13,22.85,22.29,21.13
12.30,12.44,16.46,21.28,14.48,14.71,15.73,10.98,16.36,6.38,5.71,15.30,23.57,23.40,10.90,17.00,14.76
24.23,29.39,29.58,6.08,30.69,33.42,17.89,15.64,8.26,15.34,26.34,24.41,2.77,4.00,10.50,19.79,18.13
24.98,30.27,30.28,5.83,31.53,34.36,18.34,16.85,8.77,16.53,27.50,25.01,1.55,3.07,11.53,20.19,18.65
10.99,8.79,13.82,24.87,10.89,10.22,16.91,15.50,19.77,11.08,4.58,14.35,27.73,27.34,14.88,17.69,15.84
20.43,25.78,25.74,4.13,27.01,29.94,14.01,14.95,4.38,13.27,23.85,20.52,5.63,5.09,7.43,15.93,14.24
21.25,24.77,26.64,12.63,26.48,28.09,18.01,6.76,10.50,7.65,18.64,22.64,11.64,12.55,6.90,20.04,17.72
21.74,27.99,26.49,2.68,28.77,32.49,13.55,21.59,6.78,19.13,28.84,20.75,7.64,5.36,12.60,14.95,14.24
2.49,7.13,3.63,22.61,6.75,11.53,9.41,24.06,18.02,18.35,17.64,2.42,27.61,26.21,16.92,8.55,8.64
15.40,21.31,16.34,20.13,20.62,25.55,10.71,31.73,18.30,26.54,30.34,12.10,25.97,23.83,21.60,9.01,11.45
16.23,22.74,20.69,6.91,23.30,27.34,7.70,21.49,5.82,17.60,25.68,14.88,12.75,10.70,11.15,8.93,8.53
25.87,31.77,30.89,4.66,32.77,36.12,18.17,21.24,9.64,20.15,30.76,25.27,3.57,1.96,14.28,19.75,18.73
14.97,21.13,16.44,18.51,20.59,25.49,9.49,30.40,16.73,25.30,29.56,11.77,24.35,22.21,20.18,7.94,10.31
14.40,14.18,18.46,22.19,16.26,16.03,17.63,9.75,17.44,6.12,5.00,17.41,24.00,24.02,11.69,18.97,16.68
22.46,23.95,27.36,19.98,25.94,26.19,22.11,1.08,16.93,6.65,14.19,24.77,19.17,20.14,11.55,23.98,21.50
11.47,14.95,16.78,14.65,16.58,18.60,10.82,10.61,9.67,5.07,12.39,13.33,17.43,16.99,4.56,12.55,10.07
5.68,12.27,9.04,17.73,12.26,16.86,4.16,23.11,13.61,17.53,20.15,3.22,23.09,21.47,14.15,2.95,3.74
3.39,7.49,3.21,23.15,6.86,11.75,9.80,24.95,18.64,19.24,18.43,2.62,28.23,26.79,17.72,8.78,9.10
23.70,29.27,28.91,3.66,30.41,33.49,16.65,17.75,7.30,16.72,27.45,23.50,2.35,1.55,11.08,18.43,17.04
10.63,17.33,14.31,13.43,17.49,21.96,2.55,23.17,10.31,18.10,23.32,8.51,19.13,17.26,13.01,2.35,3.59
10.36,17.02,13.67,14.55,17.05,21.63,3.12,24.08,11.46,18.92,23.67,7.95,20.27,18.38,14.02,2.03,4.01
23.87,28.42,29.31,8.94,29.90,32.17,18.63,12.30,9.31,12.81,23.92,24.55,6.20,7.56,9.28,20.63,18.67
24.40,30.59,29.19,3.93,31.42,35.07,16.26,22.62,8.95,20.76,30.88,23.45,6.41,4.23,14.43,17.65,16.94
17.02,22.33,22.37,6.00,23.55,26.50,11.10,13.83,2.19,10.96,20.98,17.27,9.08,8.30,4.50,13.10,11.18
4.30,8.41,3.56,23.28,7.62,12.54,9.79,25.78,18.89,20.06,19.46,2.64,28.46,26.96,18.28,8.57,9.18
16.30,21.81,21.60,5.87,22.95,26.06,10.06,14.69,1.19,11.48,21.14,16.39,9.66,8.63,4.88,12.03,10.19
13.65,7.89,13.70,31.32,9.37,5.62,21.54,22.08,26.17,18.03,8.59,16.83,34.55,34.03,21.68,21.77,20.48
7.63,11.36,5.70,24.47,10.18,15.07,10.95,28.83,20.52,23.12,22.87,5.02,29.94,28.25,20.74,9.25,10.64
11.98,5.64,11.27,31.00,6.83,2.91,20.30,23.48,25.86,18.97,10.66,14.95,34.63,33.93,21.86,20.30,19.27
17.09,20.37,22.43,13.37,22.10,23.70,14.98,6.42,9.62,3.83,14.89,18.76,14.22,14.49,4.06,16.94,14.50
4.15,9.85,5.76,21.05,9.43,14.25,7.52,24.68,16.77,18.98,19.67,0.88,26.32,24.76,16.58,6.27,6.96
13.99,19.19,19.39,8.67,20.43,23.36,8.95,13.32,3.64,9.32,18.43,14.49,12.22,11.38,2.86,10.99,8.79
23.15,23.19,27.48,24.53,25.28,24.57,24.60,5.75,20.97,8.89,11.47,25.92,24.14,25.00,15.16,26.29,23.83
22.86,27.00,28.31,10.46,28.58,30.57,18.41,9.94,9.66,10.70,21.78,23.84,8.51,9.67,8.11,20.44,18.31
14.20,20.89,17.89,11.26,21.09,25.53,5.69,24.15,9.47,19.58,26.06,12.11,17.10,15.04,13.69,5.95,6.75
3.82,4.74,7.20,22.53,6.19,9.05,11.41,19.49,17.45,13.95,11.82,7.20,26.68,25.71,14.46,11.59,10.36
10.95,8.30,13.50,25.48,10.40,9.52,17.20,16.23,20.36,11.83,4.82,14.33,28.41,27.99,15.55,17.91,16.13
3.94,6.45,1.82,24.44,5.58,10.50,11.17,25.42,19.85,19.73,18.08,4.03,29.44,28.04,18.64,10.19,10.44
8.73,14.67,13.97,12.55,15.58,19.15,4.13,16.94,7.68,11.70,17.51,8.85,17.24,15.97,7.38,6.00,3.54
1.10,6.76,6.39,20.69,7.45,11.39,8.60,20.49,15.79,14.79,14.62,4.24,25.28,24.09,13.84,8.55,7.60
7.69,13.93,9.77,18.58,13.58,18.39,5.37,25.53,14.96,20.01,22.64,4.53,24.17,22.39,16.25,3.42,5.43
3.39,10.02,8.25,18.02,10.45,14.67,5.31,20.69,13.36,15.01,17.02,3.29,22.95,21.58,12.57,5.25,4.35
27.61,28.43,32.31,24.61,30.49,30.12,27.61,6.55,22.07,12.02,17.17,30.08,22.85,24.18,16.95,29.47,26.99
19.59,25.85,24.35,3.03,26.62,30.37,11.42,20.64,5.13,17.72,27.07,18.61,8.83,6.68,11.11,12.87,12.09
4.46,7.26,2.10,24.47,6.27,11.21,11.07,26.03,19.97,20.33,18.91,3.87,29.56,28.11,19.00,9.95,10.40
20.76,21.48,25.36,21.60,23.53,23.37,21.66,3.48,17.92,5.86,10.97,23.37,21.54,22.25,12.09,23.39,20.92
24.00,24.31,28.46,24.20,26.38,25.81,25.02,5.20,20.87,9.20,12.79,26.68,23.50,24.47,15.19,26.77,24.29
11.20,13.03,16.03,18.21,14.90,16.10,13.09,10.52,13.25,4.99,8.83,13.79,20.76,20.45,7.94,14.53,12.18
9.42,10.50,13.86,19.99,12.41,13.51,13.00,12.86,14.90,7.50,7.84,12.35,22.95,22.49,10.09,14.16,12.00
11.21,7.16,12.81,27.40,9.17,7.49,18.32,18.45,22.25,14.11,6.04,14.57,30.52,30.03,17.65,18.80,17.24
5.07,11.21,7.30,19.75,10.91,15.69,6.18,24.46,15.63,18.81,20.35,1.81,25.11,23.50,15.89,4.78,5.75
26.55,32.55,31.49,5.38,33.49,36.94,18.66,22.47,10.50,21.32,31.86,25.82,4.68,3.19,15.36,20.16,19.27
15.96,22.48,20.38,7.25,23.02,27.09,7.40,21.60,6.01,17.63,25.58,14.57,13.09,11.05,11.22,8.60,8.24
22.88,27.29,28.33,9.22,28.81,31.00,17.95,11.20,8.87,11.55,22.66,23.67,7.20,8.33,8.20,19.97,17.93
4.27,3.10,6.15,24.09,4.55,7.55,12.57,20.92,19.04,15.45,12.28,7.49,28.32,27.32,16.13,12.53,11.55
7.28,13.94,10.79,16.24,13.99,18.55,2.74,23.01,12.37,17.56,21.12,4.98,21.72,20.02,13.57,1.19,2.73
9.36,13.74,14.78,14.19,15.15,17.78,8.25,13.24,9.04,7.72,13.69,10.88,17.79,17.01,5.49,9.92,7.46
17.44,21.96,22.89,8.91,23.42,25.80,13.06,10.43,5.53,8.05,18.71,18.33,10.33,10.26,2.81,15.10,12.88
8.95,14.31,9.21,21.43,13.51,18.45,8.42,28.36,17.98,22.76,24.42,5.58,27.09,25.25,19.27,6.44,8.49
23.94,24.32,28.42,23.93,26.39,25.87,24.86,4.93,20.63,9.04,12.90,26.59,23.21,24.18,14.96,26.61,24.14
11.70,6.14,12.00,29.63,7.81,4.90,19.61,21.34,24.47,16.95,8.50,14.90,33.02,32.41,20.18,19.82,18.55
1.38,7.94,6.70,19.84,8.43,12.58,7.39,20.83,15.04,15.11,15.73,3.26,24.59,23.32,13.57,7.25,6.42
6.79,11.56,6.35,22.62,10.67,15.61,9.11,27.46,18.69,21.77,22.29,3.70,28.10,26.40,19.08,7.40,8.83
16.24,22.51,21.04,5.44,23.27,27.04,8.20,19.33,3.55,15.67,24.31,15.35,11.12,9.26,9.12,9.79,8.81
23.17,26.72,28.58,13.00,28.43,30.01,19.66,7.57,11.60,9.44,20.28,24.50,11.10,12.33,8.69,21.69,19.42
12.50,19.18,15.83,13.34,19.23,23.80,4.58,24.72,10.95,19.82,25.35,10.12,19.16,17.15,14.40,4.13,5.63
3.05,9.71,7.87,18.40,10.10,14.35,5.64,20.92,13.75,15.24,16.99,2.97,23.34,21.96,12.91,5.48,4.69
6.71,11.75,6.69,22.09,10.95,15.88,8.59,27.14,18.19,21.47,22.24,3.50,27.58,25.88,18.66,6.87,8.33
10.61,17.27,14.73,12.33,17.61,21.92,1.96,21.79,8.95,16.80,22.46,8.90,17.95,16.15,11.59,2.93,3.01
25.69,27.05,30.58,21.85,29.06,29.11,25.15,4.18,19.34,9.87,16.65,28.00,20.23,21.50,14.33,27.05,24.58
10.40,11.80,15.03,19.21,13.70,14.80,13.16,11.60,14.17,6.19,8.09,13.18,21.94,21.57,9.08,14.46,12.20
14.19,18.92,19.64,9.86,20.30,22.91,10.15,11.63,5.10,7.62,17.09,15.08,12.73,12.17,1.16,12.17,9.85
22.27,25.98,27.69,12.13,27.65,29.36,18.61,7.82,10.56,9.00,19.99,23.54,10.61,11.69,7.70,20.65,18.39
20.77,20.73,25.04,23.66,22.82,22.19,22.61,5.89,19.74,7.25,9.25,23.60,23.85,24.49,13.80,24.23,21.80
12.93,19.05,17.95,8.30,19.89,23.54,5.67,17.56,3.96,13.19,21.01,12.43,13.41,11.90,7.09,7.61,5.96
12.90,16.15,18.19,14.56,17.84,19.63,12.05,9.19,9.79,3.77,12.41,14.80,16.86,16.61,4.11,13.85,11.37
25.36,31.48,30.20,4.50,32.35,35.93,17.29,22.69,9.64,21.10,31.40,24.48,5.74,3.74,14.91,18.72,17.96
6.85,12.94,8.68,19.39,12.53,17.36,5.97,25.53,15.60,19.94,22.04,3.57,24.92,23.19,16.52,4.16,5.86
10.63,17.23,13.60,15.26,17.15,21.82,3.97,24.98,12.31,19.79,24.32,7.99,21.01,19.09,14.93,2.55,4.79
10.00,5.67,11.33,27.17,7.69,6.37,17.47,19.32,22.01,14.69,7.46,13.33,30.54,29.94,17.71,17.83,16.40
22.79,27.37,28.22,8.36,28.85,31.16,17.56,12.00,8.30,12.07,23.16,23.45,6.40,7.45,8.23,19.56,17.58
2.01,8.09,5.17,21.07,8.00,12.64,7.90,23.07,16.49,17.35,17.54,1.41,26.08,24.67,15.56,7.16,7.11
15.54,21.91,20.25,6.42,22.60,26.47,7.32,19.87,4.32,15.99,24.24,14.51,12.14,10.25,9.52,8.84,7.99
20.24,24.04,25.66,11.41,25.68,27.51,16.68,7.71,9.08,7.56,18.66,21.50,10.92,11.62,5.67,18.71,16.42
14.62,18.80,20.06,11.24,20.32,22.58,11.53,9.89,6.74,5.88,15.80,15.86,13.47,13.18,0.75,13.52,11.12
4.57,11.26,8.75,17.55,11.48,15.90,4.28,21.71,13.15,16.09,18.57,3.11,22.71,21.21,13.07,3.81,3.50
23.99,27.33,29.37,14.13,29.08,30.50,20.72,7.14,12.78,9.75,20.35,25.42,11.97,13.31,9.67,22.76,20.46
11.63,17.93,16.51,9.75,18.66,22.49,4.03,18.53,5.60,13.85,20.87,10.90,15.00,13.42,8.15,5.97,4.38
11.84,5.16,10.18,31.77,5.71,0.92,20.43,25.29,26.66,20.59,12.74,14.53,35.66,34.84,23.02,20.21,19.42
20.00,22.84,25.27,14.91,24.66,25.86,18.04,4.11,11.92,5.06,15.76,21.79,14.55,15.29,6.95,20.01,17.58
6.00,12.24,11.15,15.22,12.98,16.82,3.83,18.61,10.46,13.07,16.98,6.09,20.04,18.72,9.82,4.91,2.77
12.97,19.55,15.74,14.86,19.41,24.12,5.85,26.40,12.68,21.42,26.51,10.25,20.70,18.64,16.12,4.82,6.81
19.09,18.46,23.04,24.46,20.56,19.67,21.87,8.05,20.17,7.61,6.60,22.09,25.23,25.66,14.19,23.34,20.98
16.60,22.76,21.52,4.78,23.60,27.26,8.79,18.63,2.76,15.14,24.06,15.88,10.34,8.56,8.54,10.47,9.33
24.42,29.75,29.72,5.35,30.99,33.85,17.77,16.69,8.21,16.19,27.12,24.45,1.85,2.89,11.06,19.62,18.08
17.76,16.19,21.18,26.05,18.29,16.92,21.75,11.02,21.45,9.36,3.59,20.95,27.38,27.61,15.57,23.02,20.79
13.35,9.46,15.13,28.22,11.44,9.24,20.02,17.59,23.13,13.81,4.18,16.73,30.96,30.64,18.14,20.65,18.95
9.91,6.65,12.00,25.93,8.74,7.93,16.81,17.74,20.78,13.10,6.38,13.29,29.15,28.61,16.29,17.33,15.73
9.34,15.84,14.03,12.29,16.41,20.45,1.60,19.65,8.12,14.54,20.19,8.36,17.57,15.98,9.66,3.64,1.81
21.60,25.63,27.04,10.64,27.23,29.17,17.47,8.97,9.14,9.32,20.41,22.68,9.44,10.35,6.87,19.51,17.31
17.68,21.02,23.04,13.12,22.74,24.35,15.35,6.33,9.57,4.36,15.45,19.30,13.74,14.09,4.27,17.32,14.90
13.66,20.30,16.68,13.83,20.25,24.90,5.99,26.04,11.90,21.20,26.76,11.10,19.68,17.60,15.67,5.34,7.03
14.90,21.54,18.97,9.41,21.90,26.18,6.21,22.92,7.80,18.59,25.76,13.14,15.26,13.20,12.45,7.00,7.20
26.48,27.85,31.37,22.20,29.87,29.90,25.83,4.93,19.83,10.64,17.40,28.76,20.38,21.71,14.94,27.74,25.27
15.79,17.46,20.67,18.03,19.40,20.11,16.39,5.88,13.70,1.21,9.95,18.22,19.25,19.46,7.71,18.10,15.63
16.12,22.76,19.10,13.37,22.71,27.36,8.21,27.33,12.38,22.76,28.92,13.55,19.17,16.98,16.87,7.78,9.27
9.92,16.61,13.77,13.53,16.82,21.25,1.74,22.54,10.13,17.42,22.50,7.94,19.16,17.35,12.48,1.82,2.77
8.48,14.01,9.07,20.93,13.29,18.22,7.84,27.73,17.42,22.14,23.91,5.10,26.57,24.75,18.65,5.87,7.88
5.16,10.31,5.60,21.90,9.64,14.55,8.33,25.91,17.75,20.21,20.68,2.09,27.25,25.65,17.76,6.87,7.88
10.91,17.49,13.74,15.51,17.35,22.05,4.43,25.43,12.68,20.25,24.73,8.19,21.29,19.34,15.37,2.96,5.24
4.92,8.78,10.09,18.60,10.14,12.99,8.72,16.67,13.48,10.96,12.26,7.48,22.64,21.70,10.50,9.53,7.66
5.61,1.89,3.97,26.65,1.49,6.01,14.28,24.15,21.71,18.70,14.64,7.90,31.13,30.01,19.21,13.79,13.35
23.88,24.08,28.29,24.43,26.16,25.53,25.04,5.47,21.04,9.24,12.46,26.59,23.81,24.75,15.32,26.77,24.30
18.63,24.25,23.87,3.60,25.36,28.52,11.86,15.80,2.27,13.30,23.37,18.52,7.33,6.17,6.90,13.74,12.14
20.26,23.27,25.57,14.37,25.06,26.37,18.00,4.67,11.54,5.62,16.42,21.96,13.88,14.65,6.83,19.99,17.58
23.50,26.04,28.72,16.90,27.92,28.81,21.51,3.92,14.71,8.05,17.74,25.35,15.32,16.52,10.34,23.50,21.09
13.04,19.68,17.18,10.39,20.05,24.32,4.35,22.12,7.82,17.51,24.16,11.35,16.15,14.22,11.67,5.28,5.33
11.74,14.42,16.86,16.30,16.19,17.76,12.23,9.88,11.39,4.16,10.68,13.97,18.80,18.49,5.98,13.85,11.41
9.98,13.09,15.18,16.21,14.76,16.70,10.68,11.69,11.13,5.97,11.16,12.15,19.24,18.72,6.40,12.22,9.81
9.06,15.37,14.02,12.23,16.09,19.94,2.61,18.47,7.72,13.32,19.09,8.54,17.29,15.82,8.60,4.61,2.33
25.55,27.18,30.53,20.90,29.17,29.40,24.65,3.98,18.53,9.68,17.18,27.75,19.16,20.46,13.69,26.58,24.12
14.06,8.28,14.09,31.67,9.74,5.88,21.95,22.21,26.51,18.24,8.62,17.24,34.85,34.35,21.99,22.18,20.88
2.19,6.63,7.18,20.57,7.62,11.17,9.04,19.50,15.58,13.81,13.53,5.34,24.98,23.88,13.23,9.21,7.99
23.71,25.20,28.63,20.50,27.19,27.39,23.21,2.18,17.69,7.88,15.24,26.00,19.33,20.43,12.49,25.10,22.62
16.79,19.80,22.07,14.26,21.57,23.01,15.18,5.95,10.37,2.88,13.96,18.61,15.17,15.44,4.60,17.10,14.64
3.87,10.55,8.37,17.88,10.86,15.20,4.85,21.26,13.34,15.61,17.80,2.99,22.93,21.49,12.89,4.58,3.96
18.19,23.39,23.56,5.72,24.66,27.51,12.32,13.52,3.11,11.16,21.52,18.50,8.06,7.50,5.03,14.31,12.41
21.54,21.69,25.90,23.49,23.77,23.21,23.05,5.21,19.74,7.44,10.30,24.31,23.43,24.16,13.86,24.72,22.27
4.35,3.80,2.34,25.57,3.07,7.92,12.80,24.52,20.75,18.94,15.98,6.09,30.28,29.04,18.76,12.14,11.93
15.28,21.19,16.22,20.08,20.50,25.43,10.60,31.62,18.22,26.43,30.21,11.98,25.92,23.79,21.50,8.89,11.34
15.35,22.03,19.08,10.56,22.26,26.68,6.77,24.42,9.31,20.03,26.90,13.30,16.40,14.28,13.95,7.13,7.82
15.50,13.85,18.82,25.31,15.95,14.77,19.95,12.02,20.51,9.18,2.00,18.73,27.14,27.17,14.83,21.10,18.95
18.45,19.41,23.11,20.23,21.44,21.56,19.41,4.22,16.24,3.76,9.83,21.03,20.75,21.24,10.29,21.11,18.65
12.89,15.29,17.95,16.58,17.11,18.44,13.33,8.70,11.81,2.99,10.41,15.16,18.71,18.55,6.10,15.00,12.54
11.38,8.74,13.96,25.59,10.84,9.85,17.52,15.97,20.48,11.67,4.36,14.75,28.43,28.05,15.58,18.26,16.45
1.38,5.35,4.57,22.53,5.70,9.98,10.06,22.05,17.67,16.38,15.06,4.30,27.18,25.97,15.74,9.70,9.12
5.02,10.83,6.61,20.61,10.39,15.23,7.04,25.05,16.48,19.37,20.48,1.64,25.97,24.36,16.64,5.60,6.60
12.18,16.84,17.63,11.45,18.22,20.87,8.97,12.16,6.39,7.35,15.71,13.24,14.73,14.04,2.61,10.92,8.49
14.40,21.09,18.08,11.21,21.29,25.73,5.89,24.28,9.52,19.73,26.25,12.30,17.06,14.98,13.81,6.15,6.96
4.97,6.27,0.75,25.57,5.06,9.98,12.28,26.29,20.99,20.62,18.45,5.10,30.57,29.18,19.71,11.24,11.56
24.81,27.41,30.05,17.26,29.28,30.17,22.60,5.05,15.44,9.41,18.99,26.61,15.20,16.57,11.40,24.61,22.22
9.65,3.95,9.81,28.42,5.72,4.02,17.80,21.64,23.27,16.86,9.77,12.78,32.10,31.37,19.38,17.88,16.75
23.60,29.31,28.75,2.95,30.40,33.59,16.31,18.59,7.21,17.33,27.94,23.26,2.91,1.10,11.49,18.03,16.75
14.24,20.89,17.30,13.52,20.85,25.49,6.43,26.20,11.81,21.43,27.19,11.71,19.36,17.26,15.78,5.90,7.48
25.97,32.07,30.82,5.02,32.95,36.51,17.92,22.93,10.18,21.48,31.85,25.11,5.61,3.79,15.35,19.35,18.58
5.07,4.47,1.40,26.22,3.24,8.17,13.23,25.58,21.47,19.99,16.97,6.27,31.02,29.74,19.67,12.42,12.41
25.26,27.34,30.37,19.26,29.28,29.81,23.76,4.16,17.15,9.48,18.03,27.28,17.36,18.70,12.64,25.73,23.29
7.99,14.03,13.19,13.25,14.89,18.55,3.72,17.49,8.44,12.15,17.44,8.05,18.01,16.71,8.11,5.46,2.98
7.50,14.17,11.08,15.94,14.25,18.79,2.46,22.88,12.09,17.46,21.18,5.27,21.42,19.72,13.37,0.91,2.52
11.62,18.27,14.78,14.29,18.25,22.88,4.21,24.89,11.63,19.85,24.90,9.12,20.08,18.11,14.68,3.32,5.18
19.48,22.31,24.75,14.89,24.13,25.34,17.63,4.18,11.73,4.55,15.34,21.30,14.74,15.40,6.60,19.59,17.15
10.27,15.25,15.71,12.34,16.52,19.43,7.29,13.77,7.18,8.58,15.56,11.24,16.17,15.27,4.61,9.17,6.70
18.43,24.67,23.24,3.51,25.45,29.18,10.36,19.88,4.14,16.75,25.94,17.53,9.35,7.33,10.12,11.89,11.00
12.55,18.66,17.58,8.68,19.51,23.16,5.39,17.48,4.25,13.03,20.70,12.08,13.75,12.26,7.03,7.35,5.64
3.86,7.94,3.32,23.24,7.21,12.12,9.81,25.39,18.79,19.67,18.95,2.61,28.38,26.90,18.03,8.69,9.16
15.22,21.67,17.43,16.21,21.35,26.16,8.51,28.93,14.71,24.03,29.12,12.27,22.04,19.88,18.57,7.37,9.46
10.25,16.74,12.80,16.49,16.52,21.27,4.71,25.76,13.48,20.47,24.46,7.37,22.24,20.32,15.86,2.89,5.36
7.55,1.30,7.16,27.51,3.22,4.06,16.06,22.66,22.42,17.51,11.89,10.46,31.57,30.65,19.12,15.91,15.05
2.53,8.88,5.94,20.33,8.84,13.45,7.08,22.90,15.80,17.19,17.91,0.99,25.39,23.95,15.10,6.32,6.31
19.66,25.35,24.85,2.50,26.44,29.65,12.62,16.63,3.25,14.37,24.54,19.43,6.40,5.06,8.05,14.45,12.98
24.41,29.26,29.82,7.71,30.66,33.14,18.60,14.10,9.03,14.31,25.40,24.84,4.38,5.85,10.14,20.55,18.74
7.65,13.17,13.05,14.01,14.23,17.57,5.39,16.14,8.98,10.66,15.73,8.44,18.39,17.27,7.40,6.99,4.54
6.09,5.07,9.04,23.31,6.99,8.53,13.14,18.25,18.17,12.93,9.57,9.47,27.08,26.29,14.48,13.53,12.07
24.10,28.14,29.54,11.26,29.75,31.66,19.67,10.15,10.83,11.52,22.54,25.10,8.65,10.08,9.35,21.70,19.58
1.20,5.54,4.61,22.38,5.86,10.17,9.88,22.06,17.54,16.38,15.19,4.12,27.06,25.83,15.66,9.51,8.94
15.13,19.33,20.57,10.94,20.86,23.10,11.87,9.75,6.59,6.03,16.18,16.34,13.01,12.77,0.72,13.87,11.49
2.61,4.95,3.06,23.81,4.74,9.41,11.02,23.51,19.02,17.86,15.97,4.49,28.56,27.30,17.24,10.41,10.14
19.93,22.07,25.02,17.20,23.98,24.74,19.04,2.07,13.87,4.13,13.84,22.05,16.99,17.71,8.40,20.93,18.46
12.52,11.80,16.26,22.85,13.88,13.64,16.76,12.06,17.90,7.85,4.23,15.68,25.18,24.99,12.49,17.90,15.75
12.70,7.81,13.65,29.33,9.63,6.91,20.12,19.83,24.19,15.76,6.59,16.01,32.41,31.95,19.54,20.52,19.04
11.80,18.12,13.76,17.43,17.73,22.56,6.56,27.61,14.85,22.36,26.31,8.71,23.25,21.24,17.61,4.81,7.26
14.83,13.89,18.53,23.72,15.99,15.30,18.71,10.84,18.94,7.62,3.48,17.97,25.54,25.57,13.23,19.96,17.74
1.84,5.40,3.73,23.04,5.41,9.96,10.31,22.93,18.25,17.26,15.81,4.01,27.79,26.52,16.50,9.77,9.41
10.01,4.11,9.96,28.89,5.77,3.64,18.22,22.03,23.75,17.28,9.97,13.11,32.58,31.84,19.85,18.28,17.18
24.49,26.95,29.70,17.60,28.84,29.65,22.52,4.39,15.60,8.96,18.35,26.36,15.73,17.03,11.34,24.51,22.10
18.78,23.80,24.18,6.29,25.13,27.83,13.19,12.77,4.11,10.77,21.36,19.22,7.85,7.58,5.02,15.19,13.23
22.32,26.93,27.75,8.15,28.39,30.73,17.10,11.89,7.88,11.76,22.83,22.98,6.54,7.46,7.77,19.11,17.12
2.74,7.68,3.96,22.32,7.27,12.08,9.03,24.21,17.79,18.50,18.07,1.93,27.38,25.95,16.87,8.09,8.30
23.84,28.71,29.25,7.34,30.11,32.62,18.03,13.92,8.47,13.93,25.00,24.27,4.48,5.75,9.61,19.99,18.17
10.00,13.01,15.17,16.40,14.69,16.58,10.86,11.63,11.33,5.91,10.94,12.23,19.40,18.90,6.56,12.38,9.98
18.17,16.90,21.76,25.54,19.00,17.80,21.77,10.07,21.03,8.75,4.54,21.30,26.70,26.99,15.10,23.11,20.83
12.78,6.77,12.53,31.08,8.16,4.37,20.88,22.64,25.92,18.36,9.46,15.88,34.49,33.89,21.66,21.00,19.82
5.50,7.37,1.62,25.54,6.09,10.99,12.10,27.01,21.07,21.33,19.50,4.91,30.66,29.20,20.11,10.91,11.46
13.88,9.18,15.01,29.80,11.00,8.11,21.07,19.38,24.69,15.63,5.72,17.22,32.67,32.30,19.82,21.56,19.99
14.81,20.45,20.07,6.86,21.54,24.77,8.50,15.22,1.71,11.47,20.52,14.82,11.14,9.97,4.90,10.49,8.61
12.58,9.14,14.67,27.19,11.18,9.44,19.05,16.89,22.09,12.93,4.00,15.96,29.96,29.61,17.12,19.73,17.98
10.06,4.97,10.79,28.02,6.88,5.17,17.89,20.53,22.86,15.87,8.49,13.30,31.52,30.86,18.72,18.12,16.83
7.14,12.58,12.57,14.61,13.66,16.97,5.65,16.21,9.56,10.67,15.30,8.11,18.95,17.85,7.77,7.12,4.73
18.52,25.18,22.37,9.01,25.48,29.83,9.85,25.29,9.49,21.44,29.24,16.58,14.64,12.39,14.99,10.41,10.86
16.63,21.51,22.05,7.84,22.87,25.52,11.66,11.92,3.96,9.04,19.28,17.26,10.15,9.73,2.79,13.70,11.56
7.39,0.84,5.97,28.00,1.73,3.96,16.06,24.00,22.97,18.76,13.41,9.96,32.25,31.25,19.99,15.72,15.09
12.87,19.55,16.68,11.57,19.79,24.20,4.32,23.29,9.15,18.56,24.76,10.88,17.37,15.39,12.87,4.71,5.39
5.34,4.62,8.27,23.23,6.44,8.43,12.68,18.84,18.10,13.44,10.38,8.72,27.14,26.28,14.66,12.97,11.61
16.91,22.32,22.23,5.68,23.51,26.54,10.76,14.34,1.66,11.38,21.28,17.06,9.10,8.19,4.86,12.75,10.88
19.66,24.15,25.10,8.51,25.63,27.94,14.95,10.53,6.47,9.35,20.32,20.48,8.69,9.03,5.01,16.99,14.86
26.02,31.54,31.24,5.65,32.71,35.73,18.94,18.85,9.63,18.40,29.31,25.82,0.51,1.94,13.12,20.70,19.35
16.74,23.17,21.33,5.91,23.81,27.75,8.35,20.85,5.04,17.16,25.58,15.56,11.74,9.72,10.62,9.71,9.11
17.72,20.74,23.01,14.16,22.52,23.93,15.89,5.46,10.54,3.52,14.61,19.50,14.71,15.11,5.02,17.83,15.39
17.50,21.29,22.92,11.61,22.92,24.82,14.44,7.77,8.11,5.60,16.58,18.87,12.44,12.68,3.24,16.45,14.08
4.63,10.83,7.09,19.74,10.58,15.33,6.19,24.11,15.54,18.45,19.91,1.43,25.06,23.47,15.65,4.91,5.68
8.98,15.64,13.22,13.44,15.99,20.28,0.34,21.27,9.59,16.07,21.10,7.42,18.90,17.21,11.35,1.98,1.42
12.11,18.66,14.79,15.42,18.49,23.21,5.40,26.24,12.96,21.15,25.89,9.33,21.24,19.23,16.06,4.12,6.30
3.86,7.69,3.04,23.47,6.93,11.85,10.07,25.42,19.00,19.71,18.83,2.86,28.59,27.13,18.16,8.96,9.40
3.24,8.63,8.67,18.58,9.59,13.15,7.32,18.57,13.61,12.85,14.20,5.37,23.04,21.91,11.53,7.79,6.25
3.00,9.69,7.67,18.58,10.02,14.33,5.69,21.22,13.96,15.53,17.20,2.68,23.55,22.16,13.18,5.43,4.78
20.62,22.49,25.63,18.19,24.43,25.00,19.99,1.07,14.92,4.74,13.68,22.82,17.82,18.61,9.44,21.87,19.39
10.03,16.56,14.60,11.82,17.09,21.19,1.77,20.07,7.88,15.05,20.94,8.87,17.22,15.56,9.93,3.68,2.35
4.40,7.32,9.15,20.09,8.77,11.50,9.83,17.41,14.98,11.75,11.63,7.43,24.12,23.20,11.87,10.42,8.76
3.64,5.88,7.84,21.39,7.28,10.18,10.50,18.71,16.31,13.11,11.90,6.95,25.53,24.56,13.35,10.81,9.43
22.66,29.03,27.24,4.35,29.72,33.58,14.25,23.29,8.34,20.79,30.37,21.44,8.71,6.42,14.23,15.48,15.03
21.65,22.63,26.36,21.19,24.67,24.63,22.09,2.45,17.77,6.28,12.30,24.16,20.80,21.63,12.08,23.88,21.40
19.92,26.11,24.75,2.30,26.93,30.60,11.88,20.18,4.93,17.43,26.97,19.05,8.11,5.99,10.85,13.39,12.51
13.31,18.40,12.94,23.02,17.39,22.31,11.39,32.14,20.36,26.65,28.78,9.94,28.85,26.83,22.59,9.38,11.78
21.37,27.23,26.45,0.71,28.24,31.59,13.90,18.45,5.12,16.45,26.68,20.90,5.31,3.43,10.18,15.60,14.37
12.33,18.87,16.81,9.93,19.40,23.49,3.83,20.57,6.69,15.93,22.73,11.03,15.54,13.74,10.14,5.30,4.62
8.24,14.79,12.88,13.43,15.31,19.42,1.15,19.97,9.17,14.70,19.70,7.22,18.67,17.11,10.24,2.99,0.71
10.09,15.20,15.52,12.25,16.43,19.43,6.89,14.17,7.10,8.98,15.84,10.96,16.21,15.26,4.89,8.78,6.31
6.43,5.86,9.73,22.80,7.79,9.21,13.01,17.46,17.65,12.13,9.11,9.79,26.47,25.72,13.81,13.52,11.94
11.83,7.53,13.25,28.02,9.49,7.45,18.99,18.74,22.88,14.52,5.95,15.18,31.09,30.62,18.22,19.46,17.91
14.83,19.77,20.25,8.76,21.10,23.84,10.13,12.28,4.04,8.58,18.20,15.49,11.75,11.11,1.97,12.16,9.94
15.42,22.09,18.68,12.40,22.14,26.72,7.23,26.09,11.18,21.53,27.85,13.02,18.23,16.08,15.62,7.05,8.31
4.11,6.28,8.42,21.11,7.76,10.47,10.53,18.14,16.00,12.54,11.50,7.36,25.16,24.23,12.90,10.95,9.45
6.01,10.58,11.41,16.75,11.86,14.84,7.53,15.91,11.64,10.21,13.23,7.92,20.83,19.86,8.87,8.66,6.51
14.78,16.93,19.80,16.86,18.80,19.85,14.98,6.80,12.39,1.10,10.61,17.07,18.39,18.47,6.43,16.71,14.24
4.98,3.18,6.95,24.23,4.92,7.34,13.05,20.37,19.15,14.96,11.43,8.26,28.32,27.39,15.98,13.11,12.01
13.79,14.42,18.22,20.38,16.44,16.74,16.23,8.94,15.64,4.55,6.73,16.61,22.24,22.23,9.88,17.67,15.32
21.93,27.01,27.30,5.67,28.33,31.03,15.89,14.09,6.31,13.21,24.11,22.22,4.86,5.22,8.11,17.84,16.06
15.49,21.62,20.45,5.79,22.47,26.11,7.85,18.08,2.53,14.34,23.02,14.85,11.16,9.49,7.81,9.62,8.32
12.57,15.40,17.75,15.66,17.16,18.75,12.49,9.16,10.85,3.49,11.30,14.68,17.96,17.72,5.22,14.20,11.73
15.40,18.42,20.67,14.42,20.18,21.70,14.12,6.94,10.16,2.46,13.13,17.27,15.85,15.93,4.19,16.00,13.52
11.84,18.15,13.81,17.40,17.77,22.60,6.56,27.61,14.83,22.37,26.33,8.75,23.22,21.21,17.60,4.82,7.26
20.74,27.23,25.14,5.39,27.81,31.82,12.18,23.51,7.84,20.45,29.46,19.32,10.65,8.37,13.83,13.27,13.03
24.95,30.92,29.93,3.75,31.88,35.31,17.15,21.21,8.86,19.82,30.29,24.28,4.24,2.16,13.78,18.70,17.73
14.26,18.05,19.65,12.55,19.66,21.69,12.00,9.12,8.01,4.67,14.51,15.77,14.65,14.44,2.05,13.93,11.48
13.66,11.41,16.57,25.75,13.51,12.24,19.01,14.12,20.77,10.53,1.87,16.99,28.08,27.91,15.41,19.96,17.97
10.65,6.37,12.05,27.42,8.37,6.77,17.99,19.03,22.27,14.55,6.84,14.00,30.68,30.13,17.83,18.40,16.92
24.40,29.60,29.73,5.94,30.89,33.65,17.96,15.98,8.35,15.66,26.65,24.53,2.43,3.69,10.75,19.85,18.22
5.00,9.44,4.45,22.97,8.62,13.55,9.41,26.26,18.72,20.54,20.36,2.60,28.26,26.69,18.44,8.03,8.89
8.19,2.90,8.67,27.19,4.91,4.67,16.37,21.28,22.06,16.28,10.20,11.34,31.01,30.21,18.37,16.43,15.32
7.63,12.62,7.42,22.25,11.75,16.69,8.87,27.89,18.50,22.22,23.16,4.38,27.81,26.06,19.23,7.04,8.72
18.12,24.75,22.13,8.27,25.12,29.40,9.43,24.40,8.59,20.58,28.50,16.31,13.97,11.74,14.12,10.15,10.41
20.04,25.35,25.37,4.49,26.59,29.48,13.75,14.55,4.15,12.79,23.36,20.19,6.08,5.59,6.94,15.69,13.95
9.33,3.32,9.17,28.53,5.01,3.49,17.63,22.22,23.39,17.35,10.50,12.38,32.32,31.53,19.66,17.63,16.60
14.95,14.10,18.70,23.56,16.20,15.56,18.71,10.57,18.80,7.40,3.71,18.07,25.34,25.38,13.07,19.97,17.74
9.59,16.22,13.90,12.75,16.62,20.87,0.92,21.04,8.97,15.94,21.33,8.11,18.23,16.53,11.00,2.58,1.89
5.01,11.23,10.23,16.22,11.96,15.82,4.59,18.82,11.42,13.20,16.41,5.41,20.98,19.69,10.44,5.36,3.52
16.15,18.47,21.24,16.30,20.33,21.40,15.74,5.54,12.13,0.67,11.77,18.30,17.39,17.63,6.17,17.55,15.07
16.71,19.22,21.87,15.76,21.06,22.21,15.89,5.20,11.75,1.50,12.59,18.77,16.66,16.96,5.85,17.75,15.27
25.72,31.85,30.56,4.86,32.72,36.30,17.65,22.94,10.00,21.41,31.74,24.84,5.79,3.88,15.24,19.07,18.31
5.16,1.62,5.45,25.56,3.03,6.24,13.74,22.28,20.54,16.87,12.90,8.06,29.84,28.82,17.68,13.52,12.75
19.01,25.39,23.64,4.26,26.07,29.95,10.66,21.37,5.60,18.19,27.21,17.86,10.04,7.87,11.57,11.99,11.41
9.22,15.91,13.22,13.73,16.17,20.55,1.01,22.01,10.08,16.81,21.73,7.40,19.27,17.53,12.05,1.50,2.00
12.31,17.95,17.60,9.28,19.02,22.30,6.65,15.25,4.19,10.74,18.76,12.47,13.65,12.48,4.85,8.69,6.54
14.89,20.25,20.24,7.47,21.44,24.47,9.22,13.96,2.46,10.28,19.61,15.18,11.17,10.23,3.68,11.25,9.20
10.72,17.10,15.52,10.75,17.77,21.68,3.03,18.98,6.61,14.11,20.60,9.89,16.03,14.44,8.72,4.99,3.36
22.69,28.81,27.56,2.11,29.67,33.26,14.69,21.05,7.07,18.98,29.02,21.86,6.17,3.88,12.60,16.18,15.32
24.65,27.30,29.90,16.98,29.16,30.09,22.37,5.09,15.17,9.31,19.00,26.42,14.95,16.30,11.17,24.38,21.99
5.54,6.37,9.45,21.65,8.12,10.13,11.74,17.29,16.51,11.80,10.03,8.83,25.45,24.64,12.91,12.28,10.66
5.79,11.16,6.46,21.43,10.52,15.43,7.87,26.11,17.40,20.43,21.31,2.49,26.85,25.20,17.70,6.28,7.52
19.77,25.46,24.96,2.46,26.54,29.75,12.73,16.64,3.36,14.41,24.60,19.54,6.29,4.96,8.11,14.56,13.09
7.30,13.37,9.04,19.34,12.94,17.78,6.01,25.83,15.64,20.25,22.47,4.02,24.90,23.15,16.72,4.13,5.98
11.13,11.97,15.56,20.07,13.94,14.68,14.22,11.30,15.08,6.17,7.07,14.02,22.62,22.33,9.81,15.50,13.25
21.84,22.27,26.33,22.84,24.34,23.95,22.96,4.28,19.23,7.19,11.19,24.52,22.60,23.39,13.42,24.68,22.21
13.70,20.08,18.43,8.03,20.76,24.65,5.56,19.44,4.81,15.16,22.83,12.72,13.58,11.82,8.97,7.21,6.18
9.85,15.06,9.81,21.94,14.18,19.11,9.15,29.26,18.64,23.68,25.34,6.49,27.65,25.77,20.11,7.14,9.29
12.02,18.67,15.16,14.12,18.65,23.27,4.50,25.05,11.59,20.05,25.22,9.51,19.93,17.94,14.80,3.70,5.50
20.07,20.88,24.70,21.13,22.92,22.85,20.97,3.51,17.36,5.19,10.63,22.67,21.23,21.88,11.50,22.69,20.22
11.44,17.14,16.72,10.04,18.18,21.53,5.91,15.62,5.01,10.90,18.42,11.58,14.52,13.32,5.37,7.95,5.72
10.47,14.97,15.91,13.11,16.37,19.00,8.44,12.70,7.97,7.38,14.41,11.80,16.58,15.84,4.30,10.26,7.78
4.46,3.89,2.18,25.68,3.07,7.94,12.87,24.69,20.87,19.11,16.14,6.11,30.40,29.15,18.91,12.18,12.00
8.48,13.76,8.65,21.61,12.95,17.89,8.46,28.14,18.06,22.52,23.98,5.12,27.24,25.43,19.18,6.51,8.46
16.51,22.67,21.42,4.88,23.51,27.17,8.70,18.63,2.77,15.11,24.00,15.78,10.43,8.65,8.52,10.38,9.23
5.11,10.63,6.16,21.22,10.08,14.95,7.64,25.49,17.08,19.80,20.63,1.81,26.58,24.96,17.19,6.18,7.21
8.91,13.84,14.36,13.63,15.11,18.05,6.99,14.35,8.48,8.91,14.79,10.08,17.57,16.64,5.86,8.70,6.22
7.13,7.66,11.13,21.40,9.54,10.96,12.49,15.73,16.24,10.34,8.65,10.34,24.87,24.20,12.12,13.26,11.42
10.39,7.35,12.65,25.81,9.44,8.56,17.04,17.15,20.67,12.62,5.69,13.78,28.91,28.42,16.04,17.64,15.96
20.16,26.69,24.47,6.08,27.22,31.31,11.55,23.79,7.99,20.54,29.30,18.64,11.49,9.21,13.93,12.55,12.43
12.20,13.14,16.71,19.78,15.12,15.76,14.78,10.14,14.88,5.11,7.18,15.01,22.05,21.86,9.37,16.17,13.85
19.42,24.92,24.68,3.63,26.08,29.15,12.79,15.44,3.17,13.28,23.60,19.39,6.54,5.59,7.09,14.68,13.04
13.97,19.27,19.34,8.42,20.48,23.49,8.68,13.74,3.33,9.73,18.76,14.37,12.14,11.22,3.28,10.72,8.57
20.51,26.21,25.68,2.00,27.29,30.51,13.39,17.02,4.10,14.99,25.27,20.24,5.60,4.20,8.77,15.20,13.78
8.45,5.37,10.52,25.33,7.47,7.40,15.63,18.37,20.17,13.44,7.80,11.82,28.80,28.15,16.01,16.05,14.56
12.28,9.63,14.89,25.90,11.72,10.50,18.23,15.54,20.83,11.49,3.43,15.64,28.57,28.26,15.76,19.03,17.17
11.46,18.14,14.91,13.53,18.23,22.77,3.56,24.03,10.74,19.02,24.32,9.16,19.30,17.36,13.79,3.09,4.59
10.05,5.06,10.86,27.91,6.98,5.32,17.84,20.37,22.76,15.72,8.35,13.31,31.40,30.75,18.59,18.08,16.78
19.23,23.21,24.66,10.67,24.82,26.79,15.51,8.35,8.00,7.36,18.43,20.41,10.76,11.23,4.56,17.54,15.26
17.21,18.67,22.04,18.70,20.64,21.13,17.76,4.61,14.59,2.05,10.23,19.66,19.49,19.87,8.62,19.50,17.03
5.49,7.22,1.45,25.62,5.93,10.83,12.20,26.98,21.14,21.29,19.39,5.00,30.73,29.27,20.13,11.02,11.55
10.27,8.96,13.58,23.50,11.05,10.96,15.71,14.70,18.40,10.01,5.31,13.57,26.40,25.99,13.54,16.58,14.66
16.83,20.09,22.16,13.48,21.82,23.41,14.81,6.49,9.64,3.62,14.65,18.52,14.43,14.67,3.98,16.76,14.32
20.72,21.15,25.19,22.38,23.21,22.88,21.99,4.41,18.60,6.32,10.26,23.41,22.43,23.11,12.72,23.68,21.22
2.29,4.72,5.61,22.57,5.60,9.34,10.66,20.94,17.60,15.32,13.60,5.60,27.01,25.90,15.19,10.54,9.65
13.59,15.98,18.66,16.45,17.81,19.08,13.82,8.01,11.80,2.29,10.65,15.84,18.37,18.29,5.95,15.52,13.06
26.09,31.69,31.27,5.46,32.83,35.91,18.88,19.36,9.68,18.80,29.66,25.81,1.09,1.64,13.41,20.61,19.32
10.99,17.61,15.31,11.51,18.03,22.24,2.34,21.10,8.05,16.20,22.25,9.51,17.09,15.31,10.81,3.72,3.26
8.91,11.79,14.01,17.19,13.47,15.42,10.58,12.67,12.07,6.96,10.61,11.29,20.41,19.82,7.63,11.95,9.63
17.61,20.29,22.82,15.26,22.11,23.31,16.35,4.75,11.51,2.59,13.61,19.56,15.83,16.24,5.81,18.25,15.78
5.25,10.59,10.70,16.59,11.65,15.02,6.36,17.14,11.57,11.46,14.46,6.73,20.96,19.86,9.51,7.35,5.30
21.98,26.38,27.43,9.08,27.90,30.09,17.18,10.76,8.26,10.78,21.87,22.81,7.67,8.58,7.29,19.20,17.12
23.97,25.60,28.93,20.15,27.58,27.86,23.23,2.39,17.47,8.10,15.81,26.19,18.85,19.99,12.40,25.14,22.67
21.37,21.62,25.77,23.14,23.69,23.21,22.78,4.89,19.40,7.13,10.38,24.11,23.08,23.81,13.52,24.46,22.00
10.06,3.47,8.95,29.89,4.50,1.84,18.59,23.88,24.78,19.02,11.92,12.87,33.80,32.96,21.21,18.43,17.58
13.95,19.24,19.33,8.48,20.45,23.44,8.71,13.67,3.39,9.66,18.69,14.37,12.17,11.27,3.21,10.75,8.59
21.77,22.53,26.40,21.88,24.58,24.40,22.48,3.18,18.38,6.66,11.88,24.35,21.53,22.35,12.65,24.24,21.77
22.14,23.21,26.89,21.12,25.24,25.24,22.39,2.17,17.82,6.63,12.92,24.61,20.56,21.46,12.22,24.21,21.72
14.12,7.64,13.01,33.15,8.53,3.81,22.50,24.91,28.00,20.66,11.53,17.03,36.68,36.03,23.87,22.47,21.47
9.31,15.40,14.44,11.91,16.24,19.92,3.66,17.42,7.17,12.30,18.39,9.14,16.76,15.40,7.58,5.64,3.28
14.21,17.18,19.45,14.83,18.93,20.48,13.35,7.82,10.30,2.57,12.35,16.16,16.65,16.59,4.36,15.17,12.69
19.43,25.18,24.59,2.39,26.24,29.50,12.30,16.88,3.04,14.50,24.57,19.14,6.70,5.26,8.11,14.11,12.67
6.95,12.22,12.39,14.99,13.35,16.58,6.07,16.02,9.92,10.44,14.83,8.11,19.26,18.20,7.86,7.48,5.12
15.34,18.36,20.61,14.43,20.12,21.64,14.07,6.99,10.16,2.46,13.10,17.21,15.88,15.95,4.18,15.95,13.47
22.58,23.70,27.35,21.14,25.73,25.74,22.70,2.12,17.94,6.99,13.41,25.02,20.44,21.38,12.41,24.53,22.05
24.04,30.13,28.93,3.12,31.02,34.57,16.06,21.58,8.26,19.82,30.05,23.23,5.48,3.23,13.57,17.55,16.69
16.28,22.64,20.96,5.86,23.33,27.21,8.02,20.15,4.39,16.41,24.86,15.21,11.64,9.69,9.89,9.49,8.71
14.72,8.30,13.72,33.50,9.24,4.55,23.03,24.83,28.34,20.72,11.29,17.67,36.94,36.33,24.11,23.04,21.99
4.05,10.65,8.91,17.35,11.12,15.29,4.68,20.42,12.71,14.77,17.24,3.78,22.30,20.91,12.07,4.78,3.70
5.86,11.57,11.26,15.62,12.53,16.05,5.32,17.34,10.66,11.73,15.44,6.79,20.14,18.96,9.11,6.48,4.29
20.96,25.89,26.36,6.36,27.25,29.86,15.29,12.95,5.90,11.90,22.80,21.40,6.18,6.45,6.88,17.27,15.37
22.34,24.58,27.48,17.53,26.49,27.22,20.95,2.20,14.85,6.62,15.99,24.35,16.47,17.50,9.94,22.90,20.45
6.39,12.84,11.32,14.93,13.45,17.45,2.89,19.34,10.34,13.86,17.95,5.96,19.92,18.51,10.25,3.96,1.82
8.82,14.39,9.45,20.80,13.68,18.61,7.83,27.89,17.37,22.31,24.23,5.44,26.47,24.63,18.73,5.83,7.92
23.91,28.11,29.36,10.54,29.68,31.70,19.26,10.71,10.28,11.78,22.84,24.82,7.95,9.34,9.17,21.28,19.20
1.88,5.52,3.63,23.05,5.47,10.06,10.26,23.07,18.27,17.39,15.98,3.88,27.82,26.54,16.58,9.69,9.38
4.42,2.82,3.43,25.54,2.65,7.20,13.07,23.71,20.64,18.19,14.89,6.70,30.10,28.94,18.34,12.57,12.15
15.17,12.73,18.00,26.67,14.81,13.20,20.40,13.93,21.76,10.91,0.37,18.50,28.74,28.68,16.23,21.40,19.37
12.23,11.85,16.13,22.21,13.92,13.89,16.21,11.77,17.25,7.35,4.86,15.33,24.57,24.37,11.86,17.39,15.21
23.97,26.45,29.18,17.31,28.34,29.17,22.03,4.05,15.19,8.46,17.97,25.84,15.59,16.84,10.85,24.01,21.60
9.92,12.14,14.84,17.89,13.94,15.47,11.90,11.72,12.82,6.07,9.50,12.46,20.79,20.33,7.92,13.28,10.96
24.21,28.58,29.66,9.87,30.12,32.25,19.23,11.67,10.04,12.56,23.65,25.00,7.00,8.46,9.52,21.25,19.23
2.32,6.49,3.33,22.94,6.15,10.91,9.85,23.87,18.29,18.17,17.13,3.01,27.87,26.51,16.98,9.08,9.05
18.48,25.08,22.62,7.46,25.51,29.72,9.80,23.94,8.07,20.26,28.44,16.79,13.14,10.91,13.74,10.65,10.74
8.67,12.90,7.30,23.95,11.77,16.67,10.61,29.43,20.24,23.74,24.11,5.68,29.53,27.76,20.93,8.76,10.46
6.20,11.57,11.64,15.61,12.65,15.97,5.98,16.61,10.58,10.98,14.80,7.41,19.96,18.87,8.61,7.22,4.97
6.16,12.43,8.50,18.95,12.15,16.93,5.42,24.67,15.02,19.07,21.22,3.03,24.42,22.73,15.74,3.79,5.19
21.48,27.25,26.61,1.37,28.30,31.57,14.17,17.91,5.12,16.05,26.38,21.11,4.89,3.22,9.88,15.91,14.60
14.04,20.11,19.08,7.18,20.99,24.59,6.74,17.41,2.93,13.33,21.63,13.56,12.30,10.77,6.97,8.63,7.07
11.23,13.99,16.37,16.32,15.74,17.40,11.83,10.39,11.36,4.67,10.71,13.46,18.97,18.61,6.11,13.43,10.99
22.03,26.76,27.46,7.54,28.19,30.62,16.64,12.32,7.34,11.93,22.97,22.62,6.21,6.98,7.62,18.64,16.69
9.10,8.73,12.83,22.18,10.75,11.34,14.20,14.58,17.05,9.51,6.70,12.32,25.26,24.76,12.40,15.10,13.15
17.11,23.16,22.10,4.14,24.06,27.61,9.50,18.06,2.20,14.77,23.98,16.51,9.55,7.83,8.15,11.23,9.97
11.28,9.79,14.54,23.89,11.89,11.49,16.55,14.19,18.83,9.76,4.34,14.57,26.60,26.27,13.77,17.47,15.50
20.07,19.43,24.03,24.87,21.53,20.57,22.70,7.84,20.70,8.10,7.39,23.05,25.43,25.94,14.71,24.21,21.83
16.51,23.18,19.69,12.49,23.20,27.80,8.34,26.89,11.73,22.43,28.93,14.07,18.27,16.07,16.41,8.14,9.42
18.96,19.05,23.26,22.64,21.13,20.69,20.92,6.08,18.51,5.90,8.11,21.79,23.24,23.72,12.52,22.51,20.09
23.01,23.92,27.70,21.95,25.96,25.82,23.36,2.93,18.73,7.58,13.27,25.51,21.23,22.18,13.16,25.16,22.68
20.62,23.12,25.81,16.17,24.99,25.95,19.08,2.86,13.19,5.14,15.32,22.55,15.63,16.46,8.09,21.02,18.58
0.87,6.02,5.56,21.57,6.59,10.66,9.31,21.16,16.68,15.47,14.71,4.24,26.18,24.98,14.71,9.12,8.34
14.73,21.05,16.58,17.37,20.62,25.48,8.70,29.47,15.62,24.43,29.03,11.64,23.21,21.08,19.20,7.29,9.57
15.39,16.79,20.17,18.69,18.76,19.34,16.44,6.49,14.25,2.02,9.09,17.92,20.05,20.21,8.28,18.09,15.65
2.51,7.45,7.78,19.75,8.44,11.98,8.32,19.07,14.76,13.37,13.76,5.29,24.18,23.06,12.51,8.61,7.27
16.08,20.23,21.52,10.69,21.78,23.96,12.66,9.33,6.68,6.17,16.67,17.27,12.37,12.27,1.47,14.67,12.32
23.34,26.26,28.65,15.47,28.08,29.23,20.80,5.19,13.54,8.39,18.64,25.01,13.77,14.99,9.60,22.81,20.44
13.73,19.76,14.95,19.18,19.15,24.06,9.04,30.09,17.00,24.85,28.58,10.47,25.03,22.94,20.04,7.28,9.74
12.76,19.32,17.19,9.70,19.82,23.94,4.21,20.84,6.68,16.27,23.18,11.40,15.36,13.52,10.39,5.58,5.04
8.44,15.13,12.21,14.85,15.29,19.76,1.61,22.56,11.13,17.25,21.58,6.39,20.38,18.64,12.80,0.43,2.13
13.35,19.79,18.00,8.56,20.42,24.38,5.07,19.85,5.39,15.46,22.89,12.26,14.15,12.36,9.38,6.66,5.75
5.77,10.96,6.14,21.80,10.26,15.17,8.24,26.30,17.75,20.61,21.29,2.57,27.21,25.56,17.97,6.66,7.87
23.33,23.62,27.77,23.91,25.70,25.14,24.44,4.99,20.47,8.64,12.16,26.03,23.37,24.27,14.73,26.17,23.70
17.29,17.77,21.73,21.19,19.82,19.73,19.07,6.15,16.90,4.33,7.91,20.04,22.13,22.47,10.91,20.66,18.24
8.45,14.95,11.19,16.95,14.78,19.50,4.02,24.75,13.47,19.34,22.80,5.62,22.58,20.78,15.16,1.98,4.34
5.08,5.90,8.88,21.88,7.60,9.80,11.64,17.85,16.75,12.35,10.45,8.41,25.77,24.92,13.30,12.10,10.57
3.56,5.61,1.88,24.48,4.88,9.77,11.38,24.81,19.79,19.15,17.22,4.40,29.37,28.03,18.32,10.54,10.58
11.92,5.62,11.27,30.91,6.84,2.99,20.24,23.36,25.76,18.86,10.56,14.91,34.52,33.82,21.75,20.24,19.20
1.86,4.88,4.35,22.97,5.22,9.51,10.54,22.21,18.10,16.56,14.90,4.68,27.60,26.40,16.08,10.17,9.60
24.65,26.30,29.62,20.40,28.28,28.55,23.82,3.08,17.87,8.78,16.44,26.86,18.90,20.11,12.92,25.74,23.27
10.22,11.36,14.74,19.71,13.29,14.29,13.37,11.97,14.66,6.65,7.70,13.09,22.48,22.09,9.62,14.61,12.38
13.65,18.81,19.06,9.05,20.07,22.98,8.79,13.24,3.98,9.11,18.09,14.20,12.60,11.76,2.77,10.83,8.59
14.77,19.85,20.18,8.40,21.14,23.96,9.80,12.77,3.59,9.06,18.57,15.34,11.60,10.88,2.45,11.84,9.66
22.37,22.82,26.87,23.00,24.88,24.48,23.39,4.25,19.49,7.59,11.68,25.03,22.63,23.47,13.72,25.12,22.65
12.90,15.22,17.94,16.75,17.05,18.34,13.46,8.68,11.99,2.98,10.24,15.21,18.87,18.72,6.28,15.11,12.66
15.98,22.64,19.10,12.82,22.64,27.25,7.91,26.81,11.82,22.27,28.57,13.50,18.63,16.45,16.34,7.61,8.98
4.68,4.59,1.41,25.81,3.52,8.45,12.82,25.32,21.06,19.71,16.91,5.87,30.62,29.33,19.31,12.02,12.00
6.16,10.90,11.59,16.40,12.15,15.18,7.23,15.91,11.29,10.22,13.54,7.92,20.51,19.53,8.65,8.41,6.21
4.34,8.85,9.66,18.36,10.07,13.21,8.01,17.30,13.29,11.58,13.08,6.71,22.58,21.56,10.68,8.73,6.93
11.03,17.47,15.74,10.62,18.09,22.07,3.00,19.45,6.68,14.62,21.14,10.05,15.99,14.35,9.14,4.87,3.50
11.64,4.96,9.99,31.60,5.52,0.80,20.23,25.20,26.48,20.48,12.72,14.32,35.49,34.67,22.86,20.00,19.22
13.17,15.90,18.34,15.72,17.68,19.17,13.03,8.54,11.01,2.88,11.29,15.29,17.82,17.66,5.23,14.77,12.29
9.72,5.55,11.16,26.87,7.59,6.49,17.16,19.17,21.71,14.49,7.51,13.06,30.26,29.65,17.44,17.52,16.09
17.61,24.30,21.33,9.90,24.53,28.94,9.01,25.47,9.82,21.40,28.81,15.56,15.62,13.40,15.07,9.40,10.04
5.16,7.76,9.89,19.89,9.31,11.79,10.13,16.66,14.76,11.02,11.05,8.14,23.78,22.92,11.39,10.84,9.06
14.74,20.43,19.99,6.84,21.49,24.76,8.34,15.42,1.71,11.64,20.63,14.71,11.22,10.00,5.09,10.32,8.46
22.98,24.98,28.05,18.52,26.92,27.49,21.83,1.92,15.86,7.15,15.91,25.07,17.35,18.43,10.88,23.77,21.31
3.36,3.63,3.56,24.49,3.71,8.16,12.01,23.13,19.61,17.54,14.91,5.78,29.09,27.91,17.43,11.55,11.09
2.44,7.75,4.31,21.95,7.45,12.20,8.70,23.85,17.40,18.13,17.86,1.71,26.99,25.57,16.47,7.82,7.95
21.41,25.34,26.84,11.00,26.97,28.85,17.46,8.52,9.31,8.89,19.98,22.55,9.90,10.79,6.71,19.50,17.27
2.00,4.70,4.59,22.99,5.17,9.34,10.67,21.95,18.09,16.31,14.56,4.97,27.56,26.39,15.95,10.36,9.71
16.28,22.61,20.99,5.72,23.32,27.17,8.07,19.92,4.16,16.21,24.71,15.26,11.48,9.55,9.68,9.58,8.74
14.03,7.43,12.58,33.43,8.11,3.24,22.51,25.61,28.28,21.27,12.35,16.83,37.07,36.36,24.29,22.40,21.49
9.77,3.21,8.78,29.57,4.37,2.13,18.29,23.64,24.46,18.75,11.79,12.61,33.49,32.65,20.90,18.14,17.27
22.59,23.92,27.44,20.54,25.93,26.06,22.45,1.55,17.43,6.86,13.90,24.96,19.75,20.72,11.99,24.30,21.82
7.63,11.95,13.02,15.71,13.33,16.05,7.99,14.44,10.56,8.77,13.04,9.42,19.52,18.67,7.32,9.40,7.05
14.63,10.89,16.55,28.67,12.86,10.51,21.02,17.05,23.63,13.67,3.19,18.01,31.17,30.94,18.43,21.75,19.95
6.67,13.20,11.42,14.82,13.73,17.84,2.31,19.86,10.35,14.41,18.57,5.90,19.93,18.45,10.62,3.34,1.24
10.41,16.21,11.33,20.06,15.54,20.46,7.80,28.50,17.01,23.03,25.64,7.06,25.82,23.89,18.97,5.77,8.14
12.92,6.81,12.54,31.35,8.14,4.20,21.07,22.95,26.19,18.68,9.75,15.99,34.78,34.16,21.95,21.17,20.01
27.49,33.38,32.51,6.28,34.39,37.73,19.76,22.27,11.26,21.47,32.18,26.88,4.01,3.25,15.75,21.32,20.33
6.16,2.20,7.16,25.61,4.23,5.97,14.42,21.07,20.51,15.80,11.21,9.33,29.63,28.73,17.20,14.42,13.38
9.23,14.99,10.17,20.18,14.35,19.26,7.41,27.78,16.86,22.24,24.53,5.86,25.88,24.01,18.45,5.38,7.60
8.96,10.22,13.46,19.85,12.10,13.35,12.60,13.21,14.73,7.78,8.21,11.88,22.91,22.41,10.06,13.72,11.58
7.80,14.27,10.48,17.44,14.08,18.81,4.24,24.66,13.81,19.19,22.33,4.92,23.02,21.25,15.23,2.26,4.38
4.18,9.47,5.13,21.75,8.93,13.80,8.22,25.10,17.45,19.39,19.70,1.32,27.00,25.45,17.16,6.96,7.66
15.89,22.49,18.67,14.15,22.37,27.07,8.25,27.80,13.03,23.13,29.01,13.21,19.96,17.78,17.35,7.62,9.30
7.11,2.48,7.93,26.25,4.58,5.41,15.29,21.00,21.13,15.85,10.58,10.29,30.16,29.31,17.61,15.34,14.24
20.89,27.41,25.22,5.90,27.95,32.01,12.28,24.01,8.32,20.91,29.84,19.39,11.10,8.81,14.29,13.30,13.16
25.88,31.28,31.14,6.00,32.50,35.41,19.01,18.03,9.55,17.75,28.71,25.80,0.40,2.58,12.66,20.81,19.37
10.27,11.93,15.00,18.80,13.80,15.03,12.80,11.58,13.76,6.08,8.51,12.99,21.57,21.18,8.70,14.13,11.84
9.62,6.30,11.64,25.90,8.39,7.68,16.62,17.98,20.75,13.28,6.74,12.99,29.18,28.62,16.34,17.11,15.54
14.24,14.05,18.31,22.10,16.12,15.93,17.48,9.82,17.34,6.10,5.04,17.25,23.94,23.95,11.61,18.81,16.53
7.06,11.95,12.50,15.38,13.18,16.22,6.87,15.44,10.26,9.80,14.05,8.53,19.47,18.49,7.70,8.25,5.92
14.24,17.88,19.61,13.00,19.51,21.45,12.27,8.81,8.47,4.22,14.09,15.84,15.03,14.86,2.51,14.18,11.72
8.92,11.08,13.78,18.41,12.86,14.50,11.53,12.77,13.29,7.15,9.45,11.57,21.53,20.99,8.69,12.79,10.55
20.09,22.19,25.17,17.35,24.11,24.84,19.22,1.88,14.05,4.27,13.87,22.22,17.09,17.83,8.59,21.12,18.65
5.10,2.95,2.93,26.29,2.11,6.95,13.66,24.58,21.42,19.06,15.52,7.05,30.91,29.72,19.21,13.06,12.77
20.69,25.21,26.13,8.36,26.69,29.00,15.80,10.90,6.99,10.19,21.22,21.45,7.89,8.44,6.06,17.83,15.75
17.94,24.63,21.66,9.85,24.86,29.27,9.34,25.63,9.94,21.62,29.10,15.89,15.54,13.30,15.26,9.73,10.37
12.22,18.91,15.76,12.82,19.03,23.54,4.03,23.99,10.27,19.10,24.76,10.00,18.62,16.65,13.66,3.88,5.10
9.12,8.00,12.45,23.18,10.07,10.37,14.82,15.42,18.04,10.48,6.43,12.43,26.31,25.79,13.44,15.61,13.76
1.83,8.30,5.78,20.47,8.37,12.90,7.41,22.45,15.85,16.73,17.22,1.64,25.44,24.05,14.88,6.80,6.57
12.45,17.89,17.80,9.48,19.04,22.18,7.28,14.47,4.33,9.98,18.20,12.81,13.57,12.52,4.09,9.31,7.08
13.49,19.64,14.99,18.45,19.12,24.01,8.42,29.44,16.27,24.24,28.19,10.29,24.29,22.21,19.35,6.72,9.16
24.19,28.02,29.62,12.23,29.67,31.42,20.12,9.25,11.52,11.03,21.95,25.33,9.70,11.13,9.50,22.15,19.97
10.07,16.72,14.26,12.61,17.08,21.37,1.40,21.49,9.03,16.43,21.93,8.44,18.16,16.41,11.36,2.62,2.44
24.01,29.52,29.24,4.15,30.69,33.71,17.04,17.57,7.63,16.70,27.49,23.86,1.96,1.73,11.19,18.84,17.41
16.09,18.85,21.30,15.06,20.66,21.99,15.03,6.04,10.94,1.86,12.87,18.05,16.20,16.39,5.00,16.90,14.42
23.46,23.82,27.94,23.76,25.90,25.39,24.46,4.80,20.37,8.65,12.43,26.13,23.16,24.08,14.66,26.21,23.73
20.74,27.16,25.26,4.51,27.80,31.73,12.27,22.76,7.21,19.82,29.01,19.46,9.82,7.54,13.20,13.48,13.07
10.87,14.55,16.21,14.55,16.14,18.30,10.17,11.29,9.51,5.74,12.63,12.68,17.55,17.02,4.74,11.89,9.42
3.63,6.62,2.22,24.04,5.85,10.76,10.77,25.15,19.45,19.46,18.03,3.64,29.04,27.64,18.28,9.81,10.03
23.55,27.74,29.00,10.43,29.32,31.33,18.94,10.51,10.01,11.45,22.53,24.48,8.05,9.37,8.80,20.97,18.87
14.91,17.62,20.10,15.36,19.42,20.79,14.24,6.97,10.97,1.72,12.08,16.95,16.90,16.96,4.98,16.06,13.57
19.05,23.06,24.48,10.55,24.66,26.66,15.30,8.47,7.82,7.33,18.39,20.21,10.75,11.18,4.37,17.33,15.05
14.77,15.07,19.08,21.18,17.11,17.13,17.34,8.56,16.52,4.87,6.24,17.66,22.82,22.90,10.68,18.79,16.44
21.43,24.48,26.75,14.43,26.27,27.57,18.93,4.94,12.01,6.78,17.45,23.08,13.45,14.40,7.72,20.93,18.54
13.60,13.10,17.49,22.63,15.18,14.89,17.34,10.87,17.77,6.99,4.35,16.70,24.67,24.60,12.17,18.58,16.36
13.92,15.88,18.87,17.43,17.77,18.77,14.65,7.68,12.81,2.12,9.76,16.32,19.22,19.20,6.93,16.31,13.86
21.24,25.51,26.69,9.53,27.06,29.18,16.73,9.94,8.14,9.78,20.88,22.17,8.57,9.35,6.50,18.77,16.63
25.76,27.03,30.61,22.14,29.05,29.04,25.32,4.30,19.59,9.96,16.51,28.09,20.55,21.81,14.53,27.21,24.74
13.57,18.69,13.25,22.98,17.69,22.62,11.49,32.29,20.38,26.81,29.03,10.19,28.81,26.78,22.69,9.48,11.90
20.03,21.24,24.80,19.98,23.25,23.43,20.39,2.42,16.33,4.58,11.58,22.49,19.97,20.65,10.55,22.18,19.70
13.71,20.39,17.54,11.02,20.64,25.04,5.12,23.50,8.96,18.90,25.39,11.73,16.85,14.83,13.04,5.56,6.18
14.13,20.15,19.20,7.08,21.06,24.61,6.95,17.13,2.69,13.09,21.49,13.71,12.12,10.63,6.70,8.86,7.26
12.09,8.17,13.81,27.64,10.17,8.28,18.97,17.95,22.51,13.83,5.13,15.46,30.59,30.17,17.72,19.53,17.89
10.73,17.18,13.12,16.67,16.91,21.69,5.20,26.26,13.80,21.00,25.01,7.79,22.44,20.49,16.32,3.44,5.89
9.84,10.44,14.09,20.67,12.40,13.23,13.73,12.84,15.59,7.65,7.09,12.86,23.54,23.12,10.67,14.85,12.72
14.15,10.39,16.04,28.45,12.37,10.09,20.62,17.17,23.39,13.64,3.46,17.53,31.03,30.77,18.25,21.32,19.55
16.07,20.68,21.52,9.15,22.11,24.59,11.79,10.86,5.07,7.74,18.00,16.95,11.27,10.96,1.61,13.83,11.57
18.86,19.46,23.38,21.33,21.51,21.37,20.23,4.79,17.31,4.77,9.22,21.55,21.82,22.33,11.35,21.89,19.44
15.26,21.95,18.84,11.21,22.12,26.59,6.79,24.94,9.93,20.48,27.14,13.09,17.05,14.92,14.47,6.96,7.86
13.88,12.69,17.42,23.95,14.79,14.09,18.22,11.92,19.06,8.32,3.01,17.08,26.03,25.95,13.50,19.37,17.22
6.09,8.07,10.66,20.06,9.76,11.85,10.86,15.90,14.90,10.32,10.16,9.10,23.75,22.98,11.18,11.66,9.79
20.23,24.78,25.67,8.24,26.25,28.59,15.36,10.90,6.61,9.95,20.94,20.99,8.10,8.52,5.63,17.38,15.30
7.75,12.23,13.17,15.36,13.58,16.37,7.70,14.50,10.21,8.85,13.40,9.41,19.22,18.34,7.11,9.16,6.79
5.20,10.69,10.65,16.49,11.71,15.15,6.09,17.34,11.49,11.67,14.73,6.55,20.92,19.79,9.58,7.07,5.03
11.20,13.71,16.26,16.86,15.50,17.03,12.18,10.38,11.89,4.67,10.18,13.54,19.47,19.13,6.62,13.73,11.32
22.53,26.05,27.93,12.96,27.76,29.33,19.15,7.14,11.29,8.78,19.65,23.90,11.36,12.49,8.12,21.18,18.89
7.22,13.69,12.07,14.17,14.28,18.30,2.19,19.41,9.68,14.01,18.58,6.57,19.25,17.79,10.02,3.60,1.19
17.69,21.88,23.14,10.10,23.43,25.58,13.88,9.16,6.78,7.04,17.90,18.80,11.08,11.21,2.96,15.91,13.62
21.34,20.90,25.42,24.94,23.00,22.09,23.57,7.09,20.98,8.43,8.89,24.26,25.14,25.79,15.02,25.15,22.73
4.53,6.12,8.62,21.41,7.70,10.20,10.99,17.98,16.29,12.42,11.04,7.82,25.39,24.50,13.03,11.43,9.92
8.90,2.25,7.15,29.39,2.68,2.45,17.56,24.65,24.33,19.56,13.35,11.45,33.55,32.59,21.17,17.23,16.59
5.97,12.05,7.92,19.64,11.68,16.50,6.10,25.06,15.67,19.43,21.23,2.68,25.09,23.41,16.27,4.47,5.82
5.29,3.08,7.14,24.46,4.91,7.11,13.35,20.35,19.36,14.98,11.21,8.57,28.51,27.59,16.12,13.42,12.30
17.93,24.20,22.71,4.08,24.96,28.73,9.81,19.96,4.12,16.68,25.70,16.99,9.90,7.90,10.06,11.32,10.46
16.74,16.88,21.02,21.90,18.95,18.69,19.06,7.31,17.47,5.08,6.75,19.61,23.05,23.32,11.51,20.57,18.18
10.89,6.48,12.20,27.69,8.45,6.68,18.26,19.19,22.54,14.75,6.84,14.23,30.94,30.39,18.08,18.66,17.19
11.94,11.55,15.82,22.22,13.61,13.62,16.03,12.04,17.24,7.55,4.94,15.06,24.64,24.42,11.91,17.18,15.03
12.79,7.23,13.08,30.39,8.84,5.52,20.62,21.42,25.23,17.25,8.17,16.01,33.64,33.10,20.78,20.87,19.55
12.89,6.34,11.66,32.27,7.17,2.52,21.35,24.78,27.12,20.32,11.77,15.74,35.95,35.22,23.19,21.25,20.32
13.83,18.33,19.28,10.74,19.77,22.25,10.36,11.07,5.97,6.82,16.21,14.90,13.48,12.99,0.94,12.35,9.97
9.92,15.92,11.29,19.21,15.38,20.27,6.86,27.60,16.09,22.15,24.99,6.63,24.95,23.04,18.03,4.83,7.21
15.59,21.86,20.41,6.01,22.62,26.40,7.59,19.13,3.54,15.33,23.79,14.72,11.62,9.81,8.82,9.22,8.18
23.26,27.13,28.69,11.73,28.77,30.57,19.21,8.95,10.73,10.30,21.29,24.40,9.65,10.90,8.56,21.25,19.05
14.73,15.78,19.36,19.49,17.77,18.22,16.40,7.51,14.91,3.14,7.98,17.40,21.06,21.15,9.01,17.96,15.55
8.94,14.97,10.44,19.20,14.47,19.34,6.42,26.91,15.86,21.41,24.05,5.65,24.89,23.03,17.50,4.39,6.65
3.55,5.61,1.90,24.47,4.89,9.77,11.37,24.80,19.78,19.14,17.22,4.39,29.36,28.02,18.30,10.54,10.58
21.44,26.13,26.87,7.58,27.57,29.99,16.15,11.96,6.96,11.37,22.39,22.05,6.71,7.33,6.99,18.16,16.17
17.41,24.09,21.11,10.00,24.32,28.74,8.81,25.42,9.81,21.32,28.67,15.34,15.74,13.52,15.01,9.19,9.85
22.51,26.54,27.96,10.83,28.15,30.07,18.28,9.32,9.73,10.09,21.17,23.57,9.10,10.20,7.77,20.31,18.14
9.41,11.37,14.21,18.55,13.18,14.66,12.00,12.34,13.46,6.76,9.08,12.09,21.55,21.06,8.69,13.28,11.02
14.09,9.95,15.69,29.02,11.87,9.35,20.84,18.04,23.94,14.43,4.32,17.46,31.70,31.40,18.90,21.46,19.77
12.01,18.70,15.83,12.11,18.93,23.35,3.52,23.05,9.36,18.20,24.10,10.02,17.87,15.94,12.71,3.85,4.59
4.48,8.52,9.68,18.76,9.83,12.81,8.57,17.10,13.67,11.40,12.53,7.06,22.89,21.91,10.83,9.30,7.50
13.95,16.24,19.00,16.61,18.09,19.28,14.19,7.64,12.01,1.93,10.58,16.21,18.41,18.38,6.11,15.90,13.43
11.70,16.86,11.49,22.40,15.91,20.84,10.22,30.75,19.45,25.22,27.18,8.33,28.18,26.22,21.36,8.18,10.51
14.86,13.35,18.25,24.83,15.45,14.44,19.30,12.01,20.00,8.88,2.23,18.09,26.76,26.75,14.36,20.45,18.30
10.11,15.99,11.21,19.73,15.37,20.28,7.39,28.09,16.63,22.61,25.29,6.77,25.48,23.57,18.55,5.36,7.73
10.43,4.35,10.16,29.40,5.87,3.28,18.69,22.43,24.26,17.74,10.19,13.48,33.09,32.35,20.35,18.72,17.65
23.27,25.34,28.37,18.42,27.28,27.87,22.00,2.33,15.86,7.47,16.33,25.33,17.12,18.24,10.99,23.94,21.49
18.11,24.59,22.57,5.73,25.18,29.18,9.59,22.06,6.18,18.55,27.11,16.76,11.54,9.38,11.97,10.78,10.41
24.00,29.02,29.38,6.66,30.37,32.99,17.91,14.77,8.30,14.61,25.65,24.30,3.62,4.86,10.00,19.84,18.10
11.23,16.29,16.66,11.34,17.55,20.48,7.54,13.57,6.18,8.64,16.30,12.04,15.12,14.23,3.86,9.50,7.07
7.65,14.30,11.06,16.15,14.33,18.91,2.76,23.27,12.38,17.85,21.50,5.27,21.67,19.94,13.74,0.96,2.89
15.18,12.28,17.71,27.51,14.33,12.43,20.82,15.00,22.56,11.93,1.05,18.54,29.69,29.59,17.12,21.73,19.77
27.41,33.28,32.44,6.21,34.30,37.62,19.71,22.07,11.15,21.29,32.02,26.83,3.80,3.08,15.60,21.28,20.28
4.75,11.43,9.15,17.12,11.74,16.08,3.97,21.24,12.67,15.63,18.36,3.58,22.24,20.76,12.55,3.75,3.12
14.05,20.39,15.99,17.15,19.99,24.84,8.05,28.89,15.22,23.82,28.34,10.99,23.00,20.89,18.65,6.61,8.91
15.49,22.13,18.46,13.54,22.07,26.73,7.67,27.07,12.31,22.42,28.41,12.91,19.37,17.20,16.62,7.17,8.72
17.84,20.15,22.96,16.37,22.03,23.00,17.07,4.00,12.59,2.17,12.81,19.95,16.87,17.32,6.81,18.94,16.46
6.31,11.94,11.72,15.24,12.94,16.40,5.35,16.98,10.25,11.39,15.43,7.23,19.71,18.55,8.66,6.62,4.35
23.45,25.44,28.52,18.74,27.39,27.92,22.26,2.31,16.18,7.62,16.28,25.54,17.42,18.55,11.28,24.20,21.75
26.48,27.59,31.28,23.02,29.63,29.50,26.18,5.13,20.49,10.74,16.80,28.85,21.35,22.64,15.43,28.06,25.59
7.06,12.19,12.51,15.06,13.36,16.51,6.37,15.74,9.97,10.14,14.55,8.34,19.25,18.22,7.71,7.79,5.43
20.66,26.61,25.69,0.56,27.57,31.01,13.05,18.74,4.61,16.46,26.47,20.10,6.26,4.32,10.04,14.72,13.56
15.50,21.41,16.42,20.17,20.71,25.64,10.80,31.81,18.36,26.63,30.43,12.20,26.01,23.87,21.68,9.10,11.54
17.36,20.91,22.74,12.42,22.59,24.35,14.72,7.09,8.81,4.81,15.84,18.86,13.23,13.50,3.58,16.71,14.30
24.64,29.55,30.04,7.53,30.94,33.46,18.71,14.54,9.11,14.72,25.80,25.02,3.96,5.50,10.45,20.65,18.87
20.48,21.87,25.33,19.62,23.86,24.13,20.55,1.64,16.13,4.82,12.35,22.88,19.43,20.17,10.43,22.37,19.89
11.08,17.01,12.23,19.49,16.40,21.31,7.67,28.58,16.63,23.17,26.16,7.77,25.29,23.32,18.88,5.68,8.14
23.05,29.01,28.05,1.84,29.97,33.40,15.33,20.01,6.96,18.26,28.56,22.43,4.74,2.48,12.06,16.93,15.88
25.10,26.11,29.86,22.66,28.15,27.99,25.09,4.09,19.84,9.48,15.31,27.54,21.37,22.53,14.55,26.95,24.47
15.17,21.84,19.08,9.90,22.14,26.48,6.51,23.65,8.51,19.31,26.35,13.27,15.75,13.65,13.18,7.10,7.53
11.74,13.38,16.51,18.46,15.28,16.33,13.64,10.06,13.54,4.61,8.52,14.36,20.85,20.61,8.10,15.10,12.74
8.18,2.04,5.87,29.03,1.41,3.53,16.86,25.22,24.03,19.99,14.40,10.48,33.36,32.32,21.17,16.40,15.92
24.30,24.46,28.70,24.78,26.54,25.86,25.47,5.78,21.42,9.67,12.75,27.02,24.08,25.05,15.72,27.20,24.74
4.90,9.89,10.33,17.30,11.03,14.28,7.10,17.06,12.24,11.35,13.78,6.78,21.58,20.52,9.88,7.99,6.04
14.25,20.65,18.92,7.68,21.31,25.23,6.00,19.82,4.85,15.64,23.42,13.18,13.32,11.49,9.37,7.55,6.67
22.31,23.27,27.02,21.51,25.31,25.23,22.69,2.56,18.19,6.89,12.80,24.81,20.95,21.85,12.57,24.49,22.01
9.25,15.55,14.22,12.03,16.27,20.12,2.73,18.39,7.52,13.27,19.16,8.74,17.08,15.62,8.47,4.74,2.51
5.63,8.80,10.63,18.87,10.31,12.84,9.53,15.98,13.73,10.30,11.37,8.34,22.73,21.88,10.35,10.40,8.47
15.18,21.87,18.70,11.48,22.01,26.51,6.76,25.12,10.16,20.63,27.19,12.96,17.32,15.19,14.65,6.86,7.84
25.43,31.29,30.47,4.23,32.31,35.64,17.78,20.76,9.16,19.63,30.24,24.87,3.30,1.48,13.76,19.39,18.32
12.31,6.99,12.85,29.69,8.71,5.78,20.02,20.80,24.54,16.57,7.71,15.56,32.94,32.40,20.08,20.31,18.95
11.31,17.97,15.45,11.72,18.32,22.61,2.64,21.82,8.52,16.94,22.92,9.63,17.38,15.54,11.52,3.62,3.66
11.09,17.70,15.39,11.47,18.13,22.34,2.43,21.16,8.05,16.28,22.35,9.58,17.06,15.27,10.87,3.77,3.36
7.14,12.15,7.02,22.17,11.32,16.25,8.72,27.50,18.33,21.82,22.67,3.91,27.69,25.97,18.93,6.94,8.51
10.63,14.73,16.04,13.83,16.22,18.62,9.31,11.96,8.74,6.53,13.49,12.21,17.05,16.43,4.43,11.08,8.60
10.89,8.72,13.73,24.81,10.82,10.18,16.81,15.52,19.71,11.07,4.68,14.24,27.69,27.29,14.83,17.59,15.75
9.44,15.57,11.11,18.72,15.11,19.97,6.20,26.92,15.50,21.47,24.41,6.21,24.44,22.55,17.36,4.16,6.54
15.84,21.43,21.11,6.02,22.54,25.72,9.46,15.08,0.96,11.68,21.11,15.85,10.11,8.98,5.05,11.43,9.61
24.24,25.07,28.92,22.78,27.12,26.87,24.56,3.84,19.72,8.81,14.14,26.75,21.78,22.84,14.25,26.38,23.90
21.31,27.73,25.82,4.56,28.37,32.30,12.84,23.07,7.64,20.23,29.51,20.02,9.64,7.36,13.62,14.03,13.64
20.93,21.83,25.60,21.15,23.86,23.81,21.57,2.85,17.57,5.74,11.53,23.47,20.99,21.74,11.79,23.33,20.85
15.70,21.66,20.79,5.53,22.60,26.08,8.47,17.03,1.43,13.44,22.42,15.30,10.55,9.04,6.85,10.33,8.82
8.98,6.34,11.39,24.98,8.44,8.25,15.76,17.45,19.83,12.61,6.93,12.37,28.30,27.71,15.46,16.30,14.69
13.34,9.92,15.46,27.49,11.95,10.06,19.66,16.61,22.42,12.87,3.33,16.72,30.12,29.84,17.33,20.39,18.60
3.87,10.56,8.34,17.90,10.86,15.20,4.85,21.32,13.38,15.67,17.85,2.95,22.96,21.52,12.94,4.56,3.98
13.13,8.25,14.09,29.59,10.06,7.22,20.50,19.79,24.45,15.82,6.38,16.45,32.61,32.17,19.74,20.92,19.43
14.74,14.33,18.71,22.64,16.41,16.04,18.10,9.85,17.91,6.46,4.64,17.78,24.40,24.44,12.14,19.42,17.15
17.36,21.69,22.81,9.63,23.20,25.46,13.33,9.73,6.18,7.36,18.09,18.38,10.90,10.91,2.61,15.37,13.10
4.38,3.25,6.43,23.98,4.78,7.63,12.58,20.64,18.92,15.18,12.02,7.64,28.16,27.18,15.93,12.58,11.55
9.55,15.52,10.88,19.39,14.97,19.86,6.84,27.47,16.17,21.99,24.68,6.25,25.11,23.22,17.98,4.80,7.14
14.27,10.58,16.22,28.39,12.57,10.31,20.67,16.99,23.34,13.51,3.24,17.65,30.93,30.69,18.18,21.39,19.60
8.18,5.02,10.18,25.35,7.12,7.18,15.49,18.65,20.19,13.68,8.15,11.55,28.89,28.21,16.12,15.87,14.42
3.46,9.33,8.89,17.96,10.17,13.90,6.43,18.85,13.05,13.14,15.02,4.98,22.55,21.35,11.35,6.90,5.37
14.18,10.13,15.85,28.94,12.07,9.58,20.87,17.84,23.87,14.27,4.09,17.56,31.59,31.30,18.79,21.51,19.80
6.20,12.63,8.95,18.29,12.46,17.17,4.75,24.13,14.34,18.55,21.01,3.30,23.74,22.06,15.10,3.17,4.51
19.85,25.78,24.91,1.40,26.75,30.17,12.33,18.20,3.77,15.74,25.67,19.34,6.79,4.99,9.28,14.04,12.81
6.17,10.61,11.55,16.78,11.93,14.83,7.73,15.70,11.65,9.99,13.04,8.13,20.80,19.86,8.77,8.88,6.71
19.15,21.82,24.37,15.35,23.66,24.79,17.59,3.85,12.04,3.96,14.68,21.05,15.35,15.97,6.70,19.53,17.07
5.15,1.95,4.06,26.13,2.01,6.34,13.83,23.67,21.18,18.21,14.37,7.57,30.60,29.49,18.68,13.39,12.89
12.27,6.65,12.50,30.11,8.26,5.06,20.17,21.52,24.95,17.24,8.47,15.47,33.45,32.87,20.60,20.39,19.11
13.98,18.88,13.32,23.87,17.79,22.69,12.31,33.03,21.26,27.53,29.49,10.63,29.70,27.67,23.50,10.29,12.69
24.06,30.23,28.88,3.53,31.07,34.70,15.95,22.25,8.55,20.36,30.47,23.15,6.24,4.02,14.03,17.37,16.63
19.56,23.08,24.95,12.46,24.78,26.44,16.59,6.56,9.67,6.23,17.32,21.01,12.27,12.89,5.39,18.60,16.24
10.19,3.53,8.16,30.63,3.71,1.23,18.85,25.40,25.56,20.43,13.59,12.69,34.73,33.80,22.28,18.51,17.87
8.96,15.24,11.01,18.10,14.88,19.70,5.40,26.10,14.77,20.66,23.75,5.83,23.78,21.93,16.55,3.36,5.72
2.44,9.13,7.11,19.16,9.43,13.77,6.28,21.42,14.51,15.72,16.99,2.41,24.10,22.72,13.59,5.95,5.38
17.04,23.61,21.29,7.41,24.09,28.24,8.39,22.80,7.05,18.94,26.94,15.46,13.24,11.09,12.49,9.37,9.30
10.68,14.37,16.02,14.63,15.95,18.13,10.05,11.46,9.57,5.90,12.60,12.49,17.68,17.13,4.89,11.75,9.28
2.17,7.71,7.58,19.58,8.56,12.29,7.86,19.48,14.64,13.77,14.36,4.72,24.11,22.94,12.64,8.07,6.82
25.14,26.31,29.95,22.16,28.34,28.28,24.91,3.85,19.44,9.41,15.73,27.52,20.78,21.96,14.24,26.78,24.30
12.59,7.57,13.42,29.46,9.36,6.57,20.10,20.13,24.31,16.02,6.93,15.89,32.59,32.10,19.72,20.47,19.03
7.30,7.17,10.98,22.14,9.12,10.30,13.09,16.13,16.99,10.84,8.29,10.59,25.60,24.94,12.84,13.80,12.02
20.50,20.87,24.95,22.46,22.94,22.58,21.88,4.66,18.63,6.27,9.95,23.22,22.58,23.24,12.72,23.55,21.10
11.60,17.38,12.43,20.18,16.68,21.61,8.48,29.37,17.40,23.95,26.80,8.25,25.99,24.00,19.68,6.49,8.93
8.23,12.48,6.93,23.78,11.38,16.30,10.39,29.03,20.01,23.34,23.66,5.26,29.34,27.59,20.60,8.57,10.20
21.75,27.50,26.89,1.59,28.56,31.80,14.46,17.88,5.37,16.12,26.51,21.40,4.58,2.95,10.00,16.21,14.90
1.19,7.27,4.93,21.37,7.32,11.86,8.43,22.60,16.69,16.89,16.70,2.31,26.27,24.93,15.43,7.85,7.57
17.52,18.39,22.13,20.26,20.42,20.54,18.77,5.18,16.09,3.48,8.99,20.15,21.06,21.45,10.10,20.43,17.98
25.99,26.76,30.66,23.85,28.82,28.47,26.20,5.25,21.04,10.50,15.58,28.49,22.47,23.67,15.72,28.04,25.56
13.78,20.33,18.21,8.87,20.85,24.95,5.22,21.04,6.31,16.66,23.93,12.41,14.61,12.70,10.57,6.52,6.06
22.86,26.67,28.29,11.84,28.33,30.09,18.95,8.53,10.62,9.80,20.80,24.04,9.99,11.17,8.20,20.99,18.77
13.34,12.14,16.85,23.84,14.24,13.62,17.82,12.29,18.91,8.47,3.17,16.55,26.04,25.92,13.43,18.93,16.81
8.97,13.87,14.41,13.63,15.14,18.07,7.06,14.27,8.48,8.83,14.75,10.15,17.55,16.63,5.80,8.77,6.30
25.64,31.51,30.68,4.45,32.53,35.85,17.99,20.91,9.38,19.82,30.44,25.08,3.31,1.62,13.96,19.59,18.54
12.91,12.21,16.68,22.86,14.30,14.01,17.01,11.72,17.93,7.63,4.14,16.05,25.09,24.94,12.46,18.18,16.01
5.71,2.31,3.56,26.84,1.38,6.17,14.33,24.60,21.93,19.14,15.13,7.80,31.38,30.23,19.54,13.78,13.42
14.98,21.66,18.74,10.60,21.90,26.31,6.39,24.17,9.16,19.74,26.53,12.95,16.45,14.35,13.70,6.78,7.44
19.80,18.86,23.60,25.51,20.96,19.82,22.82,8.80,21.23,8.66,6.54,22.85,26.22,26.68,15.25,24.27,21.92
7.58,14.27,11.58,15.11,14.50,18.91,1.53,21.91,11.13,16.53,20.63,5.77,20.52,18.86,12.34,1.15,1.49
24.08,26.12,29.17,18.85,28.06,28.60,22.75,2.98,16.45,8.27,16.93,26.14,17.32,18.52,11.71,24.71,22.26
26.99,27.81,31.69,24.25,29.87,29.52,27.04,6.01,21.62,11.43,16.60,29.47,22.63,23.91,16.44,28.90,26.42
15.77,21.46,21.00,5.85,22.53,25.79,9.17,15.57,0.69,12.11,21.43,15.68,10.20,8.96,5.49,11.13,9.37
23.87,28.43,29.31,8.89,29.91,32.18,18.61,12.36,9.28,12.85,23.95,24.54,6.14,7.50,9.29,20.61,18.65
19.86,25.43,25.10,3.09,26.56,29.67,13.07,15.94,3.51,13.86,24.19,19.76,6.10,5.04,7.68,14.94,13.37
13.63,20.25,17.81,9.82,20.66,24.89,4.95,22.09,7.48,17.60,24.50,11.99,15.61,13.65,11.62,5.92,5.91
14.68,14.72,18.87,21.71,16.78,16.66,17.56,9.07,17.01,5.47,5.64,17.63,23.41,23.46,11.21,18.96,16.63
17.01,17.96,21.65,19.98,19.98,20.18,18.27,5.49,15.73,3.13,8.87,19.64,20.91,21.25,9.74,19.92,17.47
15.10,17.78,20.28,15.44,19.58,20.91,14.44,6.76,11.09,1.56,12.07,17.15,16.91,16.99,5.10,16.26,13.78
5.96,1.03,6.00,26.20,2.91,5.49,14.52,22.35,21.15,17.02,12.48,8.88,30.40,29.41,18.12,14.33,13.52
21.63,23.83,26.75,17.40,25.75,26.49,20.37,1.83,14.53,5.88,15.34,23.67,16.59,17.53,9.44,22.31,19.85
8.28,12.96,7.56,22.97,11.97,16.91,9.65,28.70,19.28,23.03,23.79,5.10,28.55,26.78,20.06,7.78,9.52
9.55,15.41,14.81,11.78,16.37,19.86,4.61,16.47,6.86,11.36,17.72,9.70,16.40,15.15,6.69,6.56,4.16
9.52,4.32,10.14,27.84,6.24,4.84,17.48,20.82,22.68,16.06,9.04,12.74,31.44,30.74,18.68,17.65,16.42
10.53,15.67,10.34,22.25,14.74,19.67,9.65,29.89,19.06,24.32,26.03,7.17,27.99,26.08,20.67,7.62,9.83
21.09,24.42,26.46,13.34,26.16,27.64,18.19,5.96,11.00,7.05,17.96,22.60,12.45,13.34,7.01,20.21,17.86
14.89,17.24,19.98,16.34,19.09,20.24,14.78,6.74,11.92,1.06,11.14,17.09,17.85,17.93,5.94,16.55,14.07
10.90,17.54,15.11,11.84,17.92,22.18,2.21,21.47,8.46,16.54,22.43,9.30,17.45,15.65,11.21,3.40,3.21
22.04,27.24,27.39,5.02,28.52,31.31,15.77,14.78,6.15,13.79,24.64,22.23,4.39,4.55,8.49,17.69,15.98
14.56,10.60,16.31,28.99,12.55,10.06,21.12,17.56,23.93,14.12,3.71,17.94,31.55,31.30,18.78,21.80,20.05
13.87,10.40,15.98,27.84,12.42,10.38,20.16,16.59,22.79,13.01,3.03,17.26,30.39,30.14,17.63,20.90,19.10
5.68,2.86,7.28,24.84,4.78,6.74,13.77,20.47,19.74,15.14,11.04,8.94,28.86,27.96,16.43,13.84,12.72
10.83,16.89,15.94,10.39,17.76,21.38,4.41,17.18,5.70,12.34,19.28,10.56,15.29,13.89,6.95,6.45,4.36
22.73,22.48,26.92,25.12,24.57,23.70,24.58,6.60,21.40,9.07,10.50,25.58,24.95,25.73,15.51,26.22,23.78
20.77,22.72,25.81,17.98,24.65,25.26,20.01,1.11,14.78,4.90,13.99,22.93,17.54,18.36,9.37,21.90,19.42
5.62,9.94,10.96,17.42,11.26,14.17,7.99,16.10,12.30,10.39,12.80,7.77,21.47,20.52,9.42,9.00,6.94
1.77,6.32,6.67,20.94,7.22,10.91,9.18,20.00,15.98,14.32,13.82,5.04,25.40,24.28,13.72,9.24,8.15
12.73,19.37,15.80,14.03,19.33,23.97,5.17,25.53,11.76,20.59,25.92,10.19,19.86,17.83,15.21,4.42,6.18
13.37,19.26,18.53,7.91,20.23,23.68,6.70,16.36,3.09,12.15,20.41,13.16,12.68,11.32,5.89,8.68,6.85
16.17,21.21,21.58,7.56,22.52,25.28,10.98,12.54,3.35,9.42,19.43,16.70,10.30,9.72,2.94,13.01,10.91
11.94,17.20,17.34,10.30,18.41,21.44,7.44,13.94,5.15,9.27,17.31,12.51,14.21,13.26,3.77,9.45,7.11
15.76,19.85,21.20,11.06,21.40,23.55,12.56,9.20,6.93,5.81,16.25,17.02,12.80,12.69,1.37,14.56,12.18
25.74,31.76,30.67,4.60,32.69,36.17,17.83,22.11,9.74,20.78,31.24,24.99,4.74,2.91,14.73,19.33,18.45
20.60,26.64,25.57,0.88,27.55,31.07,12.83,19.33,4.83,16.92,26.81,19.93,6.72,4.68,10.45,14.44,13.38
15.87,22.53,18.98,12.92,22.52,27.15,7.83,26.82,11.87,22.26,28.51,13.38,18.73,16.56,16.35,7.51,8.91
1.12,7.74,6.39,20.12,8.18,12.39,7.60,21.08,15.33,15.37,15.81,3.10,24.89,23.61,13.87,7.38,6.64
18.47,25.15,22.24,9.50,25.41,29.80,9.84,25.67,9.90,21.76,29.42,16.46,15.13,12.88,15.34,10.30,10.86
25.61,27.59,30.69,19.72,29.55,30.01,24.19,4.35,17.61,9.79,18.12,27.66,17.77,19.13,13.09,26.15,23.71
13.43,16.04,18.57,15.95,17.84,19.24,13.39,8.24,11.28,2.56,11.10,15.59,17.95,17.84,5.45,15.12,12.64
21.35,21.76,25.83,22.69,23.83,23.45,22.56,4.36,19.00,6.83,10.73,24.04,22.58,23.32,13.15,24.26,21.80
1.21,7.72,6.59,20.01,8.23,12.36,7.61,20.80,15.20,15.08,15.55,3.38,24.74,23.48,13.64,7.48,6.64
4.84,10.11,10.29,17.07,11.18,14.54,6.66,17.33,12.04,11.63,14.23,6.51,21.43,20.34,9.91,7.54,5.59
12.22,5.58,10.75,31.93,6.27,1.55,20.75,25.04,26.80,20.43,12.31,14.98,35.73,34.95,23.04,20.59,19.74
9.86,14.63,9.16,23.08,13.60,18.53,10.13,29.87,19.68,24.25,25.39,6.60,28.77,26.91,20.93,8.14,10.18
13.34,7.29,13.03,31.57,8.63,4.65,21.43,22.87,26.41,18.68,9.53,16.44,34.94,34.35,22.09,21.56,20.37
11.64,10.16,14.92,23.96,12.25,11.78,16.81,13.93,18.91,9.60,4.02,14.92,26.58,26.28,13.77,17.76,15.77
7.06,12.41,12.49,14.78,13.52,16.79,5.85,16.11,9.72,10.55,15.08,8.12,19.09,18.01,7.80,7.29,4.91
13.51,7.93,13.78,30.92,9.51,5.98,21.29,21.53,25.77,17.51,8.06,16.73,34.09,33.59,21.22,21.56,20.22
8.56,14.90,13.51,12.73,15.60,19.48,2.43,18.63,8.21,13.40,18.87,8.04,17.78,16.32,8.89,4.35,1.97
11.79,5.81,11.61,30.29,7.28,3.91,19.93,22.38,25.13,17.93,9.55,14.89,33.79,33.14,20.99,20.03,18.87
0.60,6.24,4.89,21.81,6.51,10.87,9.21,22.00,17.01,16.31,15.58,3.50,26.55,25.29,15.31,8.81,8.28
16.10,21.67,21.37,5.84,22.79,25.96,9.72,15.02,0.90,11.71,21.24,16.12,9.85,8.74,5.10,11.69,9.87
20.30,20.29,24.57,23.39,22.38,21.79,22.17,5.88,19.41,6.88,8.93,23.13,23.68,24.28,13.45,23.78,21.35
14.55,20.43,19.70,6.74,21.41,24.84,7.67,16.41,1.97,12.53,21.24,14.29,11.53,10.14,6.04,9.61,7.91
14.33,19.77,14.46,22.06,18.87,23.80,11.25,32.25,19.74,26.86,29.66,10.95,27.91,25.83,22.43,9.32,11.79
14.94,17.02,19.95,17.01,18.91,19.91,15.19,6.64,12.57,0.97,10.53,17.25,18.49,18.59,6.60,16.92,14.45
18.27,22.74,23.72,8.88,24.22,26.54,13.84,10.23,5.96,8.34,19.16,19.16,9.82,9.92,3.59,15.88,13.68
19.13,22.05,24.41,14.52,23.85,25.14,17.18,4.59,11.30,4.43,15.34,20.90,14.51,15.11,6.14,19.15,16.71
18.47,23.81,23.80,4.93,25.03,27.98,12.27,14.29,2.78,11.94,22.24,18.63,7.60,6.87,5.73,14.23,12.43
13.61,15.04,18.36,18.67,16.98,17.73,15.13,8.28,13.96,3.15,8.45,16.21,20.54,20.50,8.17,16.69,14.28
5.34,4.95,0.92,26.40,3.58,8.50,13.31,26.05,21.69,20.45,17.51,6.25,31.26,29.94,20.02,12.42,12.52
23.54,25.26,28.53,19.67,27.23,27.59,22.73,1.99,16.97,7.67,15.67,25.74,18.45,19.56,11.89,24.64,22.17
24.60,24.70,28.97,25.08,26.79,26.06,25.80,6.08,21.75,10.01,12.90,27.33,24.35,25.33,16.05,27.53,25.06
10.50,10.99,14.74,20.76,12.97,13.64,14.22,12.29,15.72,7.21,6.69,13.51,23.47,23.12,10.63,15.39,13.22
9.85,8.23,12.95,23.88,10.32,10.22,15.67,15.46,18.76,10.71,5.68,13.19,26.90,26.44,14.03,16.45,14.60
21.19,23.33,26.29,17.48,25.25,25.96,20.08,1.57,14.47,5.40,14.82,23.26,16.84,17.72,9.25,22.01,19.54
13.69,20.36,17.57,10.84,20.64,25.01,5.07,23.29,8.74,18.70,25.25,11.76,16.67,14.65,12.83,5.59,6.11
12.44,18.50,17.51,8.78,19.38,22.98,5.49,17.18,4.21,12.71,20.40,12.06,13.76,12.31,6.73,7.47,5.67
22.93,26.51,28.33,12.81,28.21,29.81,19.39,7.58,11.35,9.28,20.16,24.24,11.01,12.20,8.43,21.43,19.16
18.22,24.89,22.07,9.08,25.19,29.53,9.56,25.17,9.39,21.27,29.00,16.28,14.75,12.51,14.84,10.11,10.57
8.47,14.81,10.71,17.93,14.50,19.29,5.01,25.60,14.48,20.14,23.21,5.40,23.57,21.75,16.11,2.98,5.26
20.47,22.79,25.61,16.73,24.68,25.54,19.22,2.30,13.62,4.80,14.73,22.49,16.29,17.09,8.36,21.14,18.68
18.00,24.09,22.96,3.31,24.97,28.55,10.26,18.58,2.90,15.50,24.86,17.34,8.92,7.09,8.88,11.94,10.79
20.46,25.07,25.90,7.93,26.53,28.91,15.44,11.25,6.54,10.34,21.33,21.17,7.70,8.14,5.92,17.46,15.40
20.33,23.60,25.69,13.44,25.35,26.82,17.64,5.64,10.79,6.25,17.21,21.89,12.89,13.67,6.44,19.65,17.27
26.92,32.65,32.04,5.91,33.73,36.92,19.48,20.71,10.54,20.11,30.93,26.51,2.37,2.24,14.60,21.14,19.98
9.31,14.43,9.17,22.09,13.54,18.48,9.11,28.97,18.67,23.36,24.82,5.97,27.76,25.92,19.94,7.13,9.17
14.50,19.26,19.94,9.54,20.64,23.26,10.29,11.68,4.84,7.82,17.41,15.34,12.37,11.82,1.24,12.32,10.02
23.27,28.85,28.48,3.34,29.99,33.07,16.22,17.57,6.87,16.42,27.12,23.07,2.77,1.83,10.72,18.01,16.61
21.27,26.62,26.58,4.07,27.85,30.76,14.78,15.28,5.15,13.86,24.54,21.34,4.80,4.40,8.18,16.68,15.03
5.01,7.37,9.60,20.27,8.94,11.40,10.36,16.94,15.14,11.33,10.98,8.08,24.17,23.31,11.78,11.00,9.28
20.94,22.16,25.73,20.26,24.17,24.31,21.17,1.85,16.79,5.39,12.29,23.38,19.98,20.76,11.10,22.97,20.49
13.17,19.63,15.50,16.12,19.35,24.14,6.75,27.55,13.98,22.49,27.18,10.24,21.97,19.90,17.32,5.41,7.64
22.33,28.72,26.89,4.43,29.40,33.28,13.90,23.29,8.20,20.70,30.20,21.09,8.99,6.70,14.13,15.11,14.69
22.20,22.76,26.75,22.65,24.82,24.48,23.12,3.89,19.14,7.31,11.77,24.84,22.27,23.11,13.39,24.86,22.39
6.87,9.93,11.93,18.15,11.52,13.81,9.78,14.72,12.99,9.02,10.99,9.42,21.79,21.03,9.24,10.87,8.75
19.46,19.30,23.65,23.47,21.38,20.75,21.65,6.61,19.34,6.74,7.90,22.35,24.02,24.53,13.36,23.21,20.80
9.03,13.75,8.31,23.02,12.74,17.67,9.86,29.27,19.47,23.61,24.55,5.81,28.66,26.85,20.47,7.93,9.82
8.22,14.11,13.50,13.10,15.04,18.58,4.29,16.89,8.19,11.56,17.05,8.49,17.73,16.49,7.56,6.06,3.57
3.52,10.18,8.24,18.01,10.56,14.83,5.17,20.94,13.40,15.27,17.32,3.11,22.99,21.59,12.73,5.02,4.24
18.97,21.75,24.22,14.98,23.57,24.78,17.27,4.23,11.65,3.99,14.84,20.82,15.04,15.63,6.34,19.22,16.77
12.85,14.96,17.83,17.25,16.82,18.00,13.73,8.74,12.47,3.09,9.74,15.25,19.36,19.22,6.77,15.34,12.91
18.54,18.13,22.59,23.73,20.22,19.50,21.15,7.64,19.42,6.87,6.65,21.50,24.56,24.97,13.44,22.65,20.27
6.18,5.96,9.63,22.51,7.85,9.44,12.68,17.41,17.36,12.04,9.35,9.53,26.21,25.44,13.58,13.20,11.61
24.40,30.22,29.48,3.30,31.26,34.54,16.88,19.78,8.08,18.53,29.11,23.92,3.11,0.83,12.63,18.53,17.38
5.53,1.88,4.00,26.55,1.58,6.06,14.20,24.05,21.61,18.60,14.57,7.85,31.03,29.91,19.11,13.72,13.27
24.43,30.28,29.50,3.29,31.30,34.61,16.87,19.97,8.14,18.69,29.24,23.93,3.28,1.01,12.76,18.51,17.38
12.71,18.18,18.06,9.20,19.32,22.46,7.40,14.50,4.04,10.10,18.44,13.03,13.29,12.24,4.08,9.44,7.24
26.17,26.59,30.70,25.04,28.66,28.08,26.83,6.19,22.07,11.03,14.98,28.79,23.81,24.96,16.60,28.63,26.15
21.43,22.52,26.18,20.77,24.55,24.59,21.74,2.09,17.35,5.95,12.39,23.90,20.40,21.22,11.68,23.54,21.06
16.59,19.77,21.90,13.75,21.51,23.06,14.75,6.44,9.83,3.27,14.28,18.33,14.78,14.99,4.07,16.69,14.23
13.05,19.51,17.67,8.92,20.12,24.11,4.73,19.98,5.70,15.53,22.79,11.92,14.51,12.72,9.52,6.30,5.42
14.29,15.38,18.92,19.42,17.36,17.86,16.05,7.91,14.78,3.32,7.88,16.97,21.11,21.15,8.92,17.60,15.19
16.22,21.53,21.57,6.56,22.75,25.71,10.42,13.76,2.13,10.59,20.39,16.50,9.88,9.05,4.02,12.43,10.46
11.41,9.16,14.23,25.05,11.26,10.46,17.26,15.32,19.97,11.01,4.15,14.77,27.83,27.48,14.99,18.07,16.20
11.62,13.21,16.37,18.60,15.11,16.14,13.65,10.21,13.67,4.79,8.39,14.27,21.03,20.77,8.26,15.09,12.74
24.96,26.18,29.79,21.94,28.20,28.18,24.69,3.63,19.21,9.21,15.67,27.33,20.57,21.75,14.02,26.57,24.09
14.47,20.18,19.70,7.06,21.23,24.53,8.05,15.53,1.96,11.66,20.53,14.42,11.50,10.26,5.15,10.04,8.17
8.99,15.65,13.21,13.46,16.00,20.29,0.37,21.32,9.63,16.12,21.14,7.41,18.93,17.23,11.40,1.94,1.44
11.79,8.06,13.64,27.25,10.08,8.39,18.60,17.71,22.13,13.51,5.10,15.17,30.22,29.79,17.35,19.18,17.53
22.02,26.22,27.47,9.95,27.79,29.84,17.54,9.90,8.86,10.19,21.30,22.97,8.50,9.47,7.27,19.57,17.43
17.25,22.35,22.64,6.65,23.65,26.44,11.73,12.90,3.14,10.22,20.45,17.68,9.15,8.60,3.95,13.74,11.73
4.51,10.66,9.81,16.73,11.42,15.24,5.14,18.80,11.90,13.15,15.97,5.21,21.45,20.18,10.68,5.80,4.07
27.02,27.71,31.66,24.68,29.77,29.34,27.24,6.26,21.98,11.56,16.34,29.54,23.13,24.39,16.72,29.09,26.60
15.54,13.42,18.58,26.24,15.51,14.04,20.43,13.08,21.38,10.24,0.91,18.84,28.16,28.16,15.77,21.50,19.41
21.07,26.00,26.48,6.39,27.37,29.97,15.40,12.97,6.00,11.97,22.88,21.52,6.10,6.41,6.98,17.38,15.49
25.72,31.04,31.01,6.21,32.29,35.14,18.99,17.47,9.46,17.27,28.26,25.71,0.99,3.02,12.31,20.82,19.32
15.97,17.68,20.87,17.93,19.62,20.34,16.46,5.68,13.63,1.07,10.15,18.37,19.09,19.32,7.64,18.18,15.71
11.54,17.69,16.57,9.69,18.52,22.21,4.52,17.64,5.21,12.96,20.14,11.08,14.74,13.27,7.28,6.53,4.68
22.68,25.66,27.99,15.04,27.46,28.67,20.13,5.07,12.96,7.84,18.25,24.33,13.58,14.71,8.93,22.14,19.76
21.13,27.28,25.98,1.68,28.13,31.75,13.11,20.48,5.77,18.03,27.82,20.28,7.15,4.94,11.53,14.62,13.75
14.16,16.47,19.22,16.52,18.32,19.51,14.31,7.44,11.96,1.72,10.72,16.40,18.26,18.26,6.04,16.03,13.56
23.71,28.03,29.15,9.91,29.57,31.68,18.86,11.17,9.77,11.97,23.06,24.54,7.38,8.72,8.99,20.88,18.83
27.02,32.94,32.02,5.80,33.93,37.30,19.25,22.18,10.83,21.24,31.90,26.38,4.07,2.99,15.44,20.80,19.83
1.33,7.17,4.69,21.61,7.16,11.74,8.63,22.82,16.93,17.11,16.80,2.32,26.51,25.16,15.68,8.00,7.78
13.48,20.17,17.19,11.56,20.38,24.82,4.99,23.84,9.45,19.17,25.45,11.41,17.39,15.37,13.41,5.24,6.06
13.44,20.10,16.57,13.56,20.08,24.71,5.66,25.65,11.54,20.81,26.42,10.94,19.40,17.34,15.28,5.10,6.70
25.16,30.88,30.29,4.26,31.96,35.16,17.78,19.56,8.77,18.63,29.35,24.78,2.11,0.47,12.94,19.47,18.26
26.04,32.15,30.90,5.10,33.03,36.59,17.99,22.98,10.25,21.54,31.92,25.18,5.62,3.82,15.42,19.42,18.65
14.52,19.48,19.95,8.95,20.80,23.55,9.88,12.36,4.15,8.53,18.02,15.20,12.03,11.37,1.95,11.92,9.68
11.65,13.68,16.56,17.70,15.53,16.78,13.09,9.99,12.78,4.38,9.28,14.14,20.14,19.87,7.35,14.60,12.21
14.07,18.63,19.52,10.41,20.06,22.57,10.39,11.17,5.67,7.05,16.54,15.08,13.15,12.65,0.81,12.40,10.04
16.59,22.62,21.62,4.63,23.53,27.07,9.09,17.71,1.83,14.32,23.44,16.06,9.91,8.26,7.70,10.87,9.53
4.61,10.67,9.94,16.67,11.48,15.24,5.24,18.59,11.81,12.94,15.81,5.41,21.34,20.10,10.50,5.96,4.16
22.69,27.49,28.10,7.29,28.90,31.38,17.09,12.99,7.65,12.73,23.78,23.19,5.46,6.37,8.37,19.07,17.18
18.03,24.52,22.47,5.89,25.10,29.12,9.50,22.15,6.27,18.61,27.12,16.66,11.70,9.53,12.04,10.66,10.33
18.36,22.77,23.81,9.05,24.27,26.56,14.00,10.03,6.17,8.22,19.08,19.28,9.90,10.04,3.65,16.04,13.83
11.89,16.80,11.30,23.21,15.76,20.67,10.93,31.32,20.22,25.76,27.41,8.56,28.99,27.04,22.02,8.89,11.17
15.36,22.02,19.27,9.81,22.33,26.67,6.70,23.72,8.52,19.41,26.50,13.46,15.66,13.55,13.26,7.29,7.72
7.91,5.63,10.43,24.43,7.72,8.12,14.83,17.81,19.27,12.76,7.93,11.29,27.93,27.26,15.15,15.31,13.75
8.51,15.09,13.06,13.30,15.57,19.72,0.81,20.25,9.15,15.01,20.08,7.35,18.61,17.01,10.44,2.77,0.81
4.89,7.87,9.74,19.65,9.36,11.98,9.74,16.83,14.52,11.17,11.45,7.81,23.61,22.71,11.29,10.44,8.67
4.99,8.04,2.65,24.45,6.99,11.92,10.96,26.57,20.05,20.86,19.68,3.81,29.62,28.13,19.31,9.72,10.35
4.69,9.90,10.13,17.27,10.98,14.34,6.81,17.39,12.25,11.68,14.11,6.44,21.63,20.54,10.07,7.66,5.74
11.83,5.34,10.83,31.19,6.36,2.21,20.27,24.05,26.05,19.47,11.34,14.73,34.91,34.17,22.18,20.19,19.24
22.78,23.29,27.31,23.02,25.35,24.96,23.67,4.13,19.59,7.86,12.16,25.41,22.52,23.41,13.87,25.42,22.95
5.45,12.06,8.96,17.69,12.09,16.67,4.14,22.85,13.52,17.27,19.85,3.13,23.02,21.42,13.95,3.07,3.65
15.43,21.08,20.68,6.26,22.16,25.40,8.98,15.31,1.10,11.76,21.01,15.40,10.53,9.34,5.15,10.96,9.14
5.86,12.33,10.77,15.48,12.92,16.96,3.22,19.58,10.88,14.05,17.77,5.44,20.47,19.06,10.66,4.02,2.15
26.26,31.90,31.43,5.49,33.02,36.14,18.98,19.73,9.86,19.15,29.99,25.95,1.45,1.66,13.70,20.69,19.44
21.24,20.86,25.34,24.74,22.95,22.08,23.42,6.91,20.79,8.24,8.92,24.14,24.95,25.59,14.83,25.00,22.58
9.20,2.67,7.05,29.85,2.59,2.35,17.88,25.29,24.81,20.19,13.95,11.61,34.06,33.08,21.72,17.48,16.92
16.53,23.22,19.96,11.43,23.33,27.85,8.13,26.03,10.73,21.68,28.48,14.25,17.22,15.02,15.56,8.19,9.20
12.58,15.22,17.71,16.12,17.00,18.48,12.80,9.05,11.32,3.35,10.84,14.78,18.38,18.17,5.68,14.48,12.02
19.54,26.02,23.97,5.36,26.60,30.61,11.00,22.79,6.98,19.53,28.36,18.16,10.96,8.71,12.92,12.13,11.83
12.79,16.07,18.08,14.53,17.75,19.56,11.94,9.31,9.74,3.89,12.43,14.68,16.87,16.61,4.10,13.73,11.25
8.32,13.19,13.77,14.26,14.46,17.40,7.00,14.60,9.11,9.07,14.42,9.61,18.22,17.29,6.43,8.61,6.16
15.37,21.07,20.59,6.21,22.13,25.41,8.80,15.58,1.07,11.99,21.17,15.28,10.60,9.36,5.38,10.76,8.98
6.05,1.40,6.44,26.02,3.38,5.59,14.51,21.90,20.95,16.60,12.01,9.07,30.15,29.20,17.81,14.39,13.50
19.98,26.48,24.37,5.56,27.05,31.08,11.41,23.24,7.46,20.03,28.88,18.55,11.03,8.77,13.41,12.50,12.26
1.65,8.07,5.59,20.66,8.14,12.67,7.63,22.47,16.03,16.75,17.10,1.76,25.62,24.24,14.99,7.03,6.78
27.61,33.60,32.55,6.43,34.55,37.99,19.71,23.13,11.53,22.16,32.78,26.87,4.99,3.92,16.30,21.20,20.33
24.81,30.01,30.14,6.15,31.30,34.06,18.34,16.24,8.73,16.02,27.02,24.93,2.15,3.65,11.16,20.22,18.61
22.03,24.92,27.32,15.18,26.74,27.91,19.70,4.47,12.83,7.06,17.48,23.74,14.00,15.03,8.50,21.70,19.30
18.68,20.57,23.68,17.71,22.50,23.17,18.35,2.91,14.01,2.81,12.30,20.93,17.97,18.53,8.23,20.19,17.71
10.02,14.99,9.61,22.60,14.02,18.95,9.77,29.74,19.28,24.13,25.54,6.70,28.31,26.44,20.67,7.76,9.87
5.03,7.03,9.45,20.66,8.64,11.02,10.69,17.11,15.52,11.52,10.79,8.18,24.55,23.69,12.12,11.30,9.62
11.62,16.03,17.06,12.45,17.47,19.99,9.18,11.88,7.39,6.79,14.73,12.90,15.65,15.01,3.17,11.07,8.60
24.33,26.62,29.49,18.09,28.53,29.24,22.61,3.80,15.92,8.66,17.80,26.27,16.35,17.61,11.46,24.58,22.15
2.73,9.28,6.56,19.69,9.34,13.88,6.49,22.47,15.17,16.77,17.85,1.37,24.76,23.32,14.52,5.82,5.70
8.17,1.72,7.53,28.12,3.36,3.45,16.69,22.99,23.02,17.91,11.90,11.04,32.14,31.25,19.66,16.53,15.68
24.17,24.18,28.49,25.10,26.27,25.51,25.53,6.15,21.67,9.77,12.33,26.93,24.50,25.44,15.92,27.23,24.77
7.68,8.11,11.69,21.36,10.03,11.27,12.81,15.22,16.21,9.88,8.19,10.87,24.72,24.10,11.92,13.65,11.75
12.77,9.62,15.07,26.83,11.68,10.07,19.00,16.26,21.76,12.36,3.43,16.15,29.51,29.20,16.70,19.74,17.93
17.13,20.01,22.39,14.65,21.80,23.14,15.66,5.46,10.83,2.71,13.82,19.00,15.42,15.75,5.09,17.58,15.11
10.33,3.89,9.54,29.82,5.14,2.30,18.76,23.36,24.69,18.58,11.23,13.24,33.64,32.84,20.97,18.68,17.74
20.87,26.46,26.10,2.64,27.59,30.71,13.96,16.48,4.49,14.68,25.12,20.72,5.10,4.01,8.62,15.80,14.30
21.87,26.74,27.28,6.74,28.13,30.67,16.21,13.01,6.78,12.37,23.35,22.33,5.68,6.28,7.67,18.20,16.30
22.10,27.60,27.36,3.29,28.77,31.80,15.27,16.50,5.76,15.16,25.81,22.01,3.85,3.13,9.40,17.11,15.60
12.53,8.59,14.25,27.89,10.58,8.55,19.36,17.89,22.78,13.88,4.84,15.91,30.78,30.39,17.92,19.94,18.29
7.10,2.49,4.19,28.23,0.40,5.18,15.71,25.58,23.32,20.19,15.49,9.06,32.75,31.62,20.84,15.10,14.81
19.08,24.13,24.47,6.06,25.45,28.17,13.40,12.97,4.19,11.08,21.69,19.48,7.51,7.25,5.37,15.39,13.46
24.62,30.86,29.35,4.44,31.65,35.36,16.39,23.22,9.37,21.30,31.35,23.59,6.97,4.82,14.93,17.73,17.10
16.82,15.17,20.17,25.82,17.26,15.94,21.04,11.50,21.12,9.33,2.70,20.03,27.37,27.51,15.32,22.25,20.05
26.20,32.24,31.12,5.08,33.16,36.64,18.26,22.50,10.22,21.22,31.71,25.43,4.92,3.24,15.20,19.75,18.89
24.11,28.53,29.55,9.59,30.05,32.22,19.05,11.86,9.82,12.63,23.73,24.86,6.76,8.19,9.44,21.06,19.06
13.18,9.04,14.76,28.52,10.98,8.66,20.05,18.17,23.41,14.31,4.78,16.55,31.35,30.98,18.50,20.63,18.98
13.08,17.45,18.53,11.59,18.91,21.34,10.15,11.02,6.71,6.39,15.38,14.30,14.41,13.91,1.71,12.10,9.67
5.47,2.48,3.38,26.62,1.64,6.43,14.08,24.54,21.72,19.06,15.21,7.54,31.18,30.02,19.38,13.52,13.18
1.95,8.22,7.36,19.32,8.86,12.84,7.17,20.13,14.48,14.42,15.33,3.85,24.01,22.77,12.88,7.22,6.15
21.43,27.82,25.98,4.29,28.49,32.39,12.99,22.88,7.54,20.11,29.46,20.18,9.33,7.04,13.51,14.21,13.78
14.78,8.34,13.75,33.58,9.27,4.55,23.10,24.92,28.43,20.81,11.38,17.72,37.03,36.41,24.20,23.10,22.06
25.94,27.18,30.78,22.35,29.20,29.16,25.53,4.50,19.81,10.15,16.59,28.28,20.74,22.00,14.75,27.42,24.95
9.30,14.30,8.97,22.42,13.36,18.30,9.40,29.15,18.97,23.52,24.82,5.99,28.09,26.25,20.18,7.42,9.43
1.87,6.48,3.73,22.59,6.29,10.97,9.58,23.43,17.90,17.73,16.82,2.93,27.48,26.14,16.54,8.88,8.75
3.43,5.46,2.02,24.41,4.80,9.67,11.36,24.63,19.71,18.97,17.02,4.43,29.28,27.95,18.18,10.55,10.55
17.86,17.13,21.74,24.22,19.23,18.37,20.94,8.76,19.78,7.39,5.45,20.90,25.31,25.62,13.82,22.36,20.03
11.12,15.70,10.11,23.84,14.58,19.48,11.14,31.11,20.61,25.49,26.64,7.87,29.57,27.67,22.06,9.12,11.26
19.77,26.09,24.45,3.49,26.81,30.63,11.49,21.24,5.68,18.28,27.55,18.69,9.19,7.00,11.66,12.86,12.21
19.99,22.71,25.23,15.33,24.54,25.67,18.23,3.69,12.28,4.83,15.41,21.84,15.00,15.74,7.20,20.18,17.74
12.03,11.18,15.68,22.99,13.27,13.04,16.52,12.64,18.00,8.30,4.30,15.22,25.45,25.21,12.70,17.61,15.50
25.70,27.36,30.69,20.86,29.35,29.60,24.73,4.14,18.54,9.83,17.39,27.88,19.07,20.38,13.75,26.67,24.21
23.89,29.19,29.20,5.18,30.44,33.28,17.32,16.23,7.72,15.64,26.56,23.95,2.42,3.17,10.48,19.18,17.60
8.89,4.76,10.29,26.49,6.83,6.22,16.48,19.48,21.34,14.64,8.26,12.21,30.02,29.35,17.25,16.78,15.41
21.93,25.51,27.33,12.56,27.20,28.83,18.52,7.17,10.73,8.38,19.34,23.28,11.24,12.26,7.49,20.55,18.26
20.82,22.40,25.74,19.14,24.38,24.76,20.57,0.91,15.79,5.01,13.10,23.14,18.79,19.58,10.22,22.42,19.94
17.23,23.91,20.95,9.95,24.15,28.56,8.62,25.25,9.67,21.13,28.47,15.18,15.70,13.49,14.83,9.02,9.66
11.16,6.71,12.44,27.87,8.67,6.77,18.51,19.18,22.72,14.80,6.69,14.49,31.08,30.55,18.22,18.91,17.43
7.60,14.29,11.72,14.88,14.56,18.93,1.31,21.61,10.86,16.24,20.45,5.92,20.27,18.63,12.03,1.40,1.18
20.15,21.74,25.07,18.90,23.72,24.13,19.98,1.54,15.42,4.36,12.62,22.47,18.76,19.48,9.76,21.82,19.34
12.80,6.14,11.21,32.51,6.75,1.88,21.34,25.46,27.38,20.91,12.57,15.53,36.30,35.52,23.59,21.17,20.33
16.59,23.28,20.07,11.21,23.42,27.92,8.15,25.89,10.55,21.57,28.44,14.35,17.00,14.80,15.42,8.26,9.21
9.91,6.94,12.19,25.57,9.04,8.36,16.62,17.30,20.43,12.66,6.14,13.29,28.75,28.23,15.89,17.20,15.55
14.16,20.50,18.92,7.52,21.21,25.06,6.07,19.30,4.40,15.14,23.02,13.21,13.08,11.30,8.85,7.72,6.67
19.87,25.38,25.13,3.38,26.54,29.60,13.18,15.64,3.58,13.62,23.99,19.82,6.08,5.14,7.49,15.07,13.46
6.69,2.72,3.67,27.87,0.83,5.72,15.25,25.56,22.97,20.14,15.73,8.55,32.44,31.28,20.61,14.62,14.37
13.24,13.16,17.32,21.76,15.21,15.20,16.62,10.47,16.91,6.27,5.20,16.25,23.84,23.75,11.31,17.92,15.66
21.67,23.76,26.76,17.79,25.69,26.35,20.58,1.42,14.87,5.86,15.07,23.76,17.00,17.94,9.71,22.50,20.04
10.40,4.50,10.34,29.16,6.12,3.69,18.58,22.03,24.01,17.36,9.80,13.50,32.80,32.08,20.05,18.65,17.53
5.87,12.46,9.18,17.66,12.43,17.05,4.08,23.22,13.59,17.65,20.33,3.37,23.04,21.41,14.20,2.80,3.71
20.65,26.74,25.57,1.22,27.62,31.19,12.77,19.75,5.07,17.28,27.10,19.90,7.01,4.90,10.79,14.34,13.36
11.26,9.45,14.34,24.37,11.55,11.00,16.80,14.70,19.29,10.31,4.27,14.58,27.12,26.77,14.28,17.67,15.74
7.14,12.48,7.54,21.45,11.75,16.68,8.03,27.10,17.66,21.45,22.65,3.80,26.99,25.25,18.38,6.22,7.86
5.64,11.54,7.28,20.23,11.10,15.94,6.67,25.24,16.21,19.59,21.03,2.27,25.65,24.00,16.62,5.11,6.33
12.26,18.24,13.45,19.30,17.63,22.54,8.20,29.23,16.74,23.89,27.24,8.97,25.13,23.11,19.35,6.30,8.78
17.24,15.65,20.64,25.86,17.75,16.43,21.33,11.20,21.21,9.26,3.15,20.44,27.30,27.48,15.37,22.57,20.35
20.77,26.45,25.96,2.11,27.54,30.73,13.70,16.95,4.37,15.02,25.37,20.53,5.30,3.97,8.87,15.51,14.07
15.64,18.37,20.84,15.20,20.17,21.51,14.74,6.37,10.97,1.67,12.53,17.63,16.49,16.63,4.99,16.59,14.11
15.19,20.76,20.47,6.68,21.87,25.05,8.99,14.88,1.55,11.27,20.53,15.26,10.76,9.66,4.67,10.98,9.08
25.25,26.40,30.06,22.24,28.43,28.37,25.01,3.96,19.54,9.52,15.80,27.63,20.84,22.03,14.35,26.89,24.41
5.07,2.64,6.57,24.68,4.37,6.90,13.33,20.90,19.61,15.51,11.76,8.27,28.82,27.86,16.51,13.31,12.30
19.89,26.01,24.79,1.83,26.87,30.47,11.99,19.61,4.53,16.94,26.59,19.12,7.68,5.62,10.38,13.56,12.58
19.80,23.42,25.20,12.07,25.10,26.82,16.61,6.97,9.44,6.71,17.81,21.18,11.78,12.43,5.46,18.63,16.30
2.15,8.75,6.35,19.90,8.90,13.37,6.85,22.14,15.29,16.43,17.28,1.73,24.88,23.48,14.41,6.31,6.00
2.38,5.72,3.07,23.40,5.42,10.15,10.45,23.71,18.67,18.03,16.57,3.76,28.24,26.93,17.13,9.75,9.60
27.04,32.91,32.08,5.84,33.93,37.25,19.36,21.81,10.78,20.97,31.68,26.46,3.62,2.74,15.25,20.93,19.91
16.81,22.55,22.01,4.75,23.60,26.89,9.95,16.04,0.42,12.88,22.43,16.62,9.21,7.89,6.27,11.85,10.23
7.89,14.09,12.99,13.33,14.87,18.65,3.13,18.08,8.62,12.75,17.92,7.71,18.21,16.85,8.63,4.86,2.38
9.46,15.63,14.52,11.77,16.43,20.17,3.34,17.79,7.13,12.70,18.81,9.13,16.72,15.31,7.87,5.35,3.06
17.03,19.28,22.12,16.51,21.16,22.13,16.53,4.66,12.53,1.29,12.11,19.19,17.30,17.65,6.63,18.36,15.88
17.36,22.03,22.80,8.30,23.45,25.95,12.67,11.08,4.89,8.61,19.16,18.12,9.97,9.79,2.95,14.71,12.53
23.73,27.06,29.11,14.04,28.82,30.24,20.49,6.99,12.60,9.50,20.13,25.17,11.99,13.30,9.43,22.53,20.23
19.66,22.73,24.98,14.07,24.51,25.87,17.40,4.95,11.09,5.21,16.14,21.35,13.83,14.51,6.24,19.38,16.97
2.24,7.72,7.64,19.55,8.59,12.29,7.89,19.40,14.61,13.68,14.29,4.80,24.07,22.91,12.57,8.11,6.84
8.61,15.02,13.45,12.80,15.66,19.63,1.96,19.10,8.39,13.88,19.28,7.89,17.93,16.43,9.31,3.91,1.59
6.52,5.52,9.58,23.22,7.48,8.79,13.33,17.77,18.07,12.49,9.08,9.90,26.90,26.15,14.23,13.79,12.25
11.47,12.15,15.84,20.32,14.14,14.75,14.60,11.12,15.35,6.11,6.76,14.38,22.79,22.53,10.02,15.89,13.64
19.99,26.59,24.13,7.19,27.03,31.22,11.32,24.63,8.77,21.21,29.70,18.31,12.60,10.32,14.62,12.16,12.25
15.37,20.79,15.46,22.42,19.87,24.81,12.06,33.10,20.31,27.75,30.69,11.99,28.27,26.16,23.19,10.17,12.65
17.79,24.43,21.82,8.28,24.80,29.07,9.11,24.19,8.41,20.32,28.19,16.00,14.02,11.80,13.88,9.84,10.08
4.15,10.08,9.55,17.21,10.93,14.64,5.83,18.55,12.31,12.87,15.33,5.32,21.82,20.61,10.76,6.47,4.76
3.18,9.87,7.68,18.56,10.15,14.52,5.56,21.46,13.98,15.78,17.50,2.51,23.57,22.16,13.33,5.21,4.68
16.91,19.49,22.08,15.55,21.32,22.50,15.94,5.13,11.60,1.81,12.90,18.92,16.38,16.70,5.74,17.81,15.33
24.23,30.24,29.18,3.08,31.17,34.64,16.38,21.07,8.23,19.48,29.83,23.52,4.72,2.48,13.32,17.92,16.97
22.31,22.49,26.70,23.73,24.57,24.00,23.68,5.12,20.10,7.97,11.04,25.05,23.47,24.28,14.27,25.37,22.91
4.61,6.53,8.90,21.02,8.09,10.60,10.73,17.67,15.90,12.08,11.06,7.83,24.99,24.09,12.62,11.24,9.66
9.50,5.39,10.97,26.71,7.44,6.49,16.95,19.17,21.55,14.45,7.65,12.83,30.13,29.51,17.32,17.30,15.88
10.50,15.92,10.76,21.37,15.10,20.04,8.91,29.37,18.25,23.84,25.92,7.12,27.12,25.20,20.01,6.87,9.16
9.69,15.01,15.10,12.28,16.17,19.32,6.22,14.85,7.16,9.65,16.21,10.40,16.44,15.40,5.48,8.09,5.63
5.94,7.47,10.28,20.67,9.20,11.22,11.24,16.33,15.52,10.79,9.97,9.07,24.39,23.61,11.81,11.96,10.17
5.91,11.65,11.30,15.55,12.61,16.14,5.23,17.38,10.59,11.77,15.54,6.79,20.08,18.89,9.09,6.39,4.20
17.67,23.28,22.90,4.34,24.39,27.57,10.97,15.57,1.35,12.75,22.63,17.58,8.30,7.13,6.24,12.89,11.23
25.84,31.81,30.81,4.64,32.77,36.19,18.01,21.76,9.73,20.54,31.07,25.16,4.23,2.50,14.57,19.55,18.61
22.68,27.77,28.05,5.82,29.09,31.78,16.58,14.45,6.97,13.81,24.76,22.96,4.24,4.85,8.84,18.51,16.76
14.58,19.76,14.31,23.13,18.76,23.68,12.09,33.01,20.74,27.58,30.02,11.20,28.97,26.90,23.29,10.12,12.57
12.27,8.61,14.19,27.37,10.64,8.85,18.95,17.41,22.26,13.35,4.59,15.65,30.23,29.85,17.38,19.57,17.88
13.38,15.08,18.22,18.08,16.99,17.90,14.63,8.34,13.36,2.95,8.98,15.90,20.02,19.96,7.59,16.21,13.79
24.26,29.85,29.47,3.99,30.99,34.08,17.15,18.18,7.86,17.25,28.01,24.04,1.88,1.13,11.66,18.92,17.56
15.29,15.24,19.45,22.00,17.31,17.08,18.12,8.76,17.37,5.55,5.62,18.24,23.56,23.68,11.51,19.54,17.21
19.62,24.76,24.99,5.44,26.05,28.83,13.68,13.58,4.25,11.81,22.44,19.92,6.80,6.50,6.10,15.66,13.80
9.31,13.57,7.95,24.05,12.42,17.31,10.83,29.93,20.45,24.26,24.76,6.25,29.67,27.87,21.31,8.92,10.74
8.79,15.03,10.76,18.33,14.65,19.48,5.54,26.16,14.96,20.69,23.66,5.63,24.00,22.15,16.65,3.50,5.81
4.84,10.39,6.01,21.19,9.87,14.74,7.62,25.28,17.01,19.59,20.36,1.55,26.52,24.93,17.04,6.22,7.15
15.28,17.14,20.22,17.56,19.05,19.90,15.75,6.33,13.16,1.00,10.14,17.65,18.93,19.08,7.18,17.46,15.00
12.13,6.13,11.91,30.57,7.57,4.03,20.26,22.48,25.41,18.09,9.53,15.23,34.04,33.41,21.23,20.36,19.20
14.84,16.50,19.70,18.05,18.44,19.21,15.69,6.86,13.55,1.73,9.46,17.30,19.56,19.66,7.61,17.36,14.90
5.11,9.17,4.01,23.46,8.26,13.20,9.91,26.51,19.19,20.79,20.33,3.00,28.73,27.18,18.82,8.54,9.38
8.57,15.27,12.45,14.53,15.47,19.91,1.31,22.31,10.80,17.02,21.52,6.62,20.05,18.32,12.51,0.75,1.93
15.97,21.64,21.20,5.69,22.72,25.97,9.37,15.54,0.54,12.15,21.53,15.88,10.00,8.78,5.52,11.31,9.57
11.83,6.94,12.77,28.82,8.79,6.35,19.35,19.92,23.67,15.65,7.04,15.14,32.03,31.50,19.16,19.71,18.28
6.65,10.42,4.87,24.14,9.31,14.23,10.57,27.95,20.05,22.24,21.85,4.21,29.54,27.90,20.03,8.99,10.18
7.49,14.13,10.84,16.38,14.14,18.73,2.96,23.36,12.59,17.92,21.46,5.06,21.89,20.17,13.89,1.19,3.04
9.00,3.76,9.56,27.58,5.70,4.71,17.04,20.99,22.43,16.13,9.49,12.19,31.26,30.52,18.55,17.17,15.99
14.51,21.13,17.41,13.98,21.04,25.72,6.88,26.76,12.36,21.98,27.65,11.88,19.82,17.70,16.35,6.22,7.92
4.87,10.40,10.31,16.78,11.40,14.88,6.15,17.60,11.80,11.92,14.74,6.26,21.24,20.10,9.92,7.04,5.08
9.12,5.61,10.98,25.95,7.70,7.16,16.35,18.51,20.79,13.72,7.42,12.49,29.35,28.73,16.53,16.77,15.27
11.20,17.67,15.86,10.54,18.26,22.27,3.04,19.66,6.71,14.86,21.40,10.15,15.97,14.29,9.34,4.85,3.61
9.12,14.08,14.56,13.39,15.34,18.29,6.96,14.30,8.24,8.90,14.96,10.23,17.33,16.40,5.67,8.70,6.22
17.26,21.09,22.68,11.50,22.71,24.64,14.18,7.97,7.92,5.61,16.53,18.61,12.47,12.65,2.97,16.19,13.81
10.49,6.01,11.73,27.57,7.99,6.37,17.96,19.41,22.41,14.87,7.25,13.81,30.89,30.31,18.04,18.32,16.89
25.58,31.56,30.55,4.39,32.52,35.95,17.75,21.67,9.49,20.38,30.88,24.89,4.30,2.44,14.38,19.28,18.34
12.88,18.05,18.29,9.68,19.29,22.24,8.25,13.42,4.55,9.01,17.61,13.47,13.36,12.48,3.04,10.27,7.98
14.89,21.18,16.68,17.57,20.74,25.60,8.92,29.70,15.85,24.66,29.23,11.78,23.41,21.26,19.43,7.51,9.80
14.47,17.13,19.64,15.58,18.93,20.30,14.00,7.31,11.09,1.83,11.72,16.55,17.26,17.26,5.13,15.80,13.31
9.53,14.06,8.51,23.55,12.97,17.88,10.45,29.87,20.05,24.21,25.03,6.35,29.21,27.38,21.09,8.50,10.42
24.13,30.41,28.81,4.36,31.17,34.92,15.84,23.29,9.11,21.21,31.14,23.04,7.46,5.25,14.78,17.14,16.57
9.16,13.91,14.61,13.72,15.22,18.06,7.44,13.90,8.56,8.45,14.46,10.44,17.52,16.65,5.59,9.16,6.68
23.53,24.78,28.36,21.15,26.80,26.85,23.36,2.36,18.18,7.80,14.52,25.91,20.14,21.19,12.83,25.22,22.74
9.13,10.54,13.70,19.56,12.41,13.70,12.51,12.93,14.45,7.47,8.35,12.00,22.59,22.10,9.73,13.68,11.51
17.38,23.29,22.47,3.88,24.26,27.69,10.07,17.21,1.53,14.11,23.57,16.96,8.93,7.36,7.49,11.87,10.46
14.16,20.83,18.04,10.58,21.11,25.48,5.53,23.45,8.70,18.93,25.63,12.23,16.42,14.37,12.98,6.06,6.57
18.26,24.64,22.88,4.70,25.32,29.20,9.90,21.12,5.26,17.77,26.62,17.10,10.53,8.42,11.16,11.25,10.64
10.99,6.71,12.41,27.58,8.70,6.97,18.27,18.93,22.43,14.52,6.56,14.34,30.78,30.26,17.92,18.70,17.20
11.33,17.57,16.29,9.95,18.34,22.11,4.08,18.09,5.59,13.36,20.35,10.75,15.09,13.57,7.75,6.06,4.29
24.23,24.41,28.63,24.67,26.49,25.83,25.38,5.68,21.32,9.58,12.73,26.94,23.98,24.94,15.62,27.11,24.64
12.53,16.26,17.90,13.51,17.86,19.95,10.99,10.11,8.65,4.92,13.45,14.18,16.11,15.73,3.24,12.83,10.35
6.00,12.33,8.50,18.81,12.08,16.84,5.26,24.42,14.84,18.83,21.01,2.94,24.26,22.58,15.51,3.69,4.99
4.23,9.96,9.66,17.27,10.87,14.48,6.15,18.22,12.33,12.53,14.94,5.62,21.81,20.63,10.58,6.85,5.08
11.64,17.87,16.59,9.64,18.65,22.41,4.32,18.08,5.33,13.41,20.54,11.04,14.80,13.27,7.70,6.29,4.57
10.64,15.13,16.08,13.01,16.53,19.14,8.55,12.57,7.88,7.28,14.45,11.96,16.44,15.72,4.14,10.38,7.89
1.24,7.37,4.99,21.30,7.41,11.95,8.35,22.61,16.63,16.89,16.76,2.23,26.21,24.86,15.40,7.76,7.49
21.61,22.42,26.25,21.67,24.46,24.32,22.27,3.02,18.16,6.45,11.87,24.17,21.35,22.16,12.43,24.04,21.56
15.64,21.88,20.48,5.88,22.66,26.41,7.70,18.94,3.33,15.17,23.69,14.81,11.46,9.67,8.65,9.36,8.26
18.08,16.98,21.77,25.16,19.08,17.97,21.54,9.68,20.67,8.36,4.79,21.20,26.30,26.60,14.74,22.90,20.60
22.86,27.34,28.30,8.90,28.84,31.07,17.81,11.51,8.66,11.76,22.86,23.60,6.89,7.99,8.21,19.83,17.81
10.32,16.86,14.89,11.56,17.39,21.48,2.02,20.08,7.67,15.11,21.14,9.16,16.97,15.31,9.89,3.88,2.64
2.74,3.97,4.28,23.73,4.41,8.60,11.42,22.31,18.82,16.71,14.43,5.55,28.28,27.12,16.57,11.08,10.47
12.73,12.55,16.75,21.90,14.61,14.61,16.37,11.06,17.00,6.72,5.06,15.78,24.12,23.97,11.49,17.61,15.39
26.65,32.35,31.79,5.72,33.45,36.60,19.27,20.33,10.26,19.73,30.56,26.28,2.01,1.97,14.24,20.95,19.75
13.31,16.20,18.52,15.28,17.96,19.52,12.87,8.52,10.59,2.96,11.74,15.35,17.38,17.22,4.79,14.64,12.16
24.55,30.78,29.31,4.27,31.58,35.27,16.35,23.02,9.23,21.11,31.19,23.55,6.77,4.61,14.76,17.71,17.05
8.60,15.26,12.83,13.79,15.60,19.90,0.26,21.29,9.88,16.04,20.87,7.03,19.23,17.55,11.46,1.78,1.14
8.05,14.74,12.11,14.59,15.01,19.38,1.05,21.77,10.67,16.44,20.84,6.30,20.03,18.36,12.08,1.17,1.32
13.80,19.26,13.99,21.83,18.39,23.32,10.81,31.78,19.41,26.38,29.13,10.42,27.67,25.61,22.00,8.86,11.33
18.22,22.12,23.65,11.07,23.73,25.68,14.81,8.07,7.91,6.41,17.44,19.48,11.63,11.95,3.69,16.84,14.51
21.06,23.37,26.20,16.89,25.26,26.09,19.72,2.17,13.93,5.38,15.16,23.06,16.25,17.12,8.80,21.66,19.20
15.70,22.30,18.45,14.28,22.16,26.87,8.12,27.78,13.08,23.08,28.88,13.00,20.10,17.92,17.34,7.45,9.16
18.82,24.29,24.10,4.11,25.46,28.51,12.31,15.08,2.68,12.76,23.00,18.84,7.15,6.23,6.49,14.23,12.54
16.87,15.95,20.63,24.30,18.05,17.17,20.33,9.67,19.71,7.62,4.36,19.97,25.65,25.86,13.82,21.68,19.39
21.15,22.20,25.88,20.81,24.22,24.25,21.56,2.31,17.32,5.75,12.05,23.64,20.54,21.32,11.60,23.35,20.87
13.23,6.59,11.68,32.85,7.22,2.35,21.76,25.53,27.71,21.05,12.51,15.99,36.58,35.83,23.85,21.60,20.74
14.58,16.27,19.44,17.99,18.20,19.01,15.46,7.11,13.45,1.87,9.42,17.04,19.58,19.64,7.52,17.12,14.67
8.89,11.61,13.94,17.48,13.32,15.20,10.79,12.69,12.35,7.00,10.34,11.34,20.68,20.10,7.88,12.13,9.83
18.88,24.37,24.16,3.99,25.54,28.60,12.33,15.19,2.70,12.87,23.11,18.89,7.08,6.13,6.60,14.25,12.57
